Project Name,Street Name,Postal District,Property Type,No of Bedroom,Monthly Rent ($),Floor Area (SQM),Floor Area (SQFT),Lease Commencement Date
THE QUARTZ,COMPASSVALE BOW,19,Non-Landed Properties,3,"4,700",120 to 130,"1,300 to 1,400",Jun-24
KENSINGTON SQUARE,JALAN LOKAM,19,Non-Landed Properties,2,"3,100",50 to 60,600 to 700,Jun-24
SPAZIO @ KOVAN,UPPER SERANGOON ROAD,19,Non-Landed Properties,1,"2,500",40 to 50,400 to 500,Jun-24
AMARANDA GARDENS,SERANGOON AVENUE 3,19,Non-Landed Properties,3,"5,100",100 to 110,"1,100 to 1,200",Jun-24
THE LILIUM,HOW SUN ROAD,19,Non-Landed Properties,2,"3,900",60 to 70,700 to 800,Jun-24
KINGSFORD WATERBAY,UPPER SERANGOON VIEW,19,Non-Landed Properties,1,"2,400",60 to 70,600 to 700,Jun-24
THE FLORENCE RESIDENCES,HOUGANG AVENUE 2,19,Non-Landed Properties,2,"3,300",60 to 70,600 to 700,Jun-24
WATERTOWN,PUNGGOL CENTRAL,19,Non-Landed Properties,1,"3,300",50 to 60,500 to 600,Jun-24
RIVER ISLES,EDGEDALE PLAINS,19,Non-Landed Properties,NA,"2,500",40 to 50,400 to 500,Jun-24
AFFINITY AT SERANGOON,SERANGOON NORTH AVENUE 1,19,Non-Landed Properties,2,"3,200",50 to 60,600 to 700,Jun-24
RESIDENCES BOTANIQUE,YIO CHU KANG ROAD,19,Non-Landed Properties,NA,"2,700",50 to 60,500 to 600,Jun-24
SENGKANG GRAND RESIDENCES,COMPASSVALE BOW,19,Non-Landed Properties,1,"3,000",40 to 50,400 to 500,Jun-24
RIVERFRONT RESIDENCES,HOUGANG AVENUE 7,19,Non-Landed Properties,1,"2,700",40 to 50,500 to 600,Jun-24
WATERTOWN,PUNGGOL CENTRAL,19,Non-Landed Properties,1,"2,500",40 to 50,500 to 600,Jun-24
THE GARDEN RESIDENCES,SERANGOON NORTH VIEW,19,Non-Landed Properties,1,"3,000",40 to 50,500 to 600,Jun-24
SENGKANG GRAND RESIDENCES,COMPASSVALE BOW,19,Non-Landed Properties,1,"3,200",40 to 50,400 to 500,Jun-24
BOATHOUSE RESIDENCES,UPPER SERANGOON VIEW,19,Non-Landed Properties,3,"3,400",80 to 90,800 to 900,Jun-24
PARK RESIDENCES KOVAN,UPPER SERANGOON ROAD,19,Non-Landed Properties,1,"2,700",30 to 40,300 to 400,Jun-24
SENGKANG GRAND RESIDENCES,COMPASSVALE BOW,19,Non-Landed Properties,2,"3,600",50 to 60,600 to 700,Jun-24
THE LUXURIE,COMPASSVALE ROAD,19,Non-Landed Properties,2,"3,700",80 to 90,800 to 900,Jun-24
FLO RESIDENCE,PUNGGOL FIELD WALK,19,Non-Landed Properties,3,"4,350",90 to 100,"900 to 1,000",Jun-24
THE GARDEN RESIDENCES,SERANGOON NORTH VIEW,19,Non-Landed Properties,2,"3,600",60 to 70,600 to 700,Jun-24
JEWEL @ BUANGKOK,COMPASSVALE BOW,19,Non-Landed Properties,4,"4,000",130 to 140,"1,400 to 1,500",Jun-24
RIVER ISLES,EDGEDALE PLAINS,19,Non-Landed Properties,4,"4,600",110 to 120,"1,200 to 1,300",Jun-24
SUNGLADE,SERANGOON AVENUE 2,19,Non-Landed Properties,2,"3,800",80 to 90,800 to 900,Jun-24
FONTAINE PARRY,POH HUAT ROAD,19,Non-Landed Properties,2,"3,500",80 to 90,"900 to 1,000",Jun-24
TRILIVE,TAMPINES ROAD,19,Non-Landed Properties,2,"2,800",50 to 60,500 to 600,Jun-24
KOVAN MELODY,KOVAN ROAD,19,Non-Landed Properties,4,"5,400",130 to 140,"1,400 to 1,500",Jun-24
THE FLORENCE RESIDENCES,HOUGANG AVENUE 2,19,Non-Landed Properties,2,"3,200",50 to 60,600 to 700,Jun-24
THE TEMBUSU,TAMPINES ROAD,19,Non-Landed Properties,3,"4,500",100 to 110,"1,100 to 1,200",Jun-24
THE SPRINGBLOOM,SERANGOON AVENUE 3,19,Non-Landed Properties,3,"5,300",120 to 130,"1,300 to 1,400",Jun-24
LA FIESTA,SENGKANG SQUARE,19,Non-Landed Properties,1,"2,800",40 to 50,400 to 500,Jun-24
WATERTOWN,PUNGGOL CENTRAL,19,Non-Landed Properties,2,"3,700",70 to 80,800 to 900,Jun-24
WATERTOWN,PUNGGOL CENTRAL,19,Non-Landed Properties,1,"3,000",40 to 50,500 to 600,Jun-24
KINGSFORD WATERBAY,UPPER SERANGOON VIEW,19,Non-Landed Properties,2,"3,700",80 to 90,800 to 900,Jun-24
RIVERFRONT RESIDENCES,HOUGANG AVENUE 7,19,Non-Landed Properties,2,"3,500",50 to 60,600 to 700,Jun-24
BARTLEY RESIDENCES,LORONG HOW SUN,19,Non-Landed Properties,3,"4,300",90 to 100,"1,000 to 1,100",Jun-24
FONTAINE PARRY,POH HUAT ROAD,19,Non-Landed Properties,2,"3,600",80 to 90,"900 to 1,000",Jun-24
SENGKANG GRAND RESIDENCES,COMPASSVALE BOW,19,Non-Landed Properties,2,"3,200",70 to 80,700 to 800,Jun-24
WATERTOWN,PUNGGOL CENTRAL,19,Non-Landed Properties,2,"3,500",70 to 80,800 to 900,Jun-24
REGENTVILLE,HOUGANG STREET 92,19,Non-Landed Properties,2,"3,400",90 to 100,"900 to 1,000",Jun-24
THE GARDEN RESIDENCES,SERANGOON NORTH VIEW,19,Non-Landed Properties,2,"3,600",50 to 60,600 to 700,Jun-24
RIVERVALE CREST,RIVERVALE CRESCENT,19,Non-Landed Properties,3,"4,400",120 to 130,"1,300 to 1,400",Jun-24
AFFINITY AT SERANGOON,SERANGOON NORTH AVENUE 1,19,Non-Landed Properties,1,"3,300",50 to 60,600 to 700,Jun-24
MIDTOWN RESIDENCES,UPPER SERANGOON ROAD,19,Non-Landed Properties,2,"3,300",60 to 70,600 to 700,Jun-24
RIVERFRONT RESIDENCES,HOUGANG AVENUE 7,19,Non-Landed Properties,1,"2,850",40 to 50,500 to 600,Jun-24
THE SPRINGBLOOM,SERANGOON AVENUE 3,19,Non-Landed Properties,4,"6,500",150 to 160,"1,600 to 1,700",Jun-24
KINGSFORD WATERBAY,UPPER SERANGOON VIEW,19,Non-Landed Properties,3,"4,300",90 to 100,"1,000 to 1,100",Jun-24
SENGKANG GRAND RESIDENCES,COMPASSVALE BOW,19,Non-Landed Properties,2,"3,700",70 to 80,700 to 800,Jun-24
THE SCALA,SERANGOON AVENUE 3,19,Non-Landed Properties,2,"4,200",70 to 80,800 to 900,Jun-24
PARC CENTROS,PUNGGOL CENTRAL,19,Non-Landed Properties,1,"2,900",40 to 50,400 to 500,Jun-24
BOTANIQUE AT BARTLEY,UPPER PAYA LEBAR ROAD,19,Non-Landed Properties,2,"4,550",60 to 70,700 to 800,Jun-24
KOVAN MELODY,KOVAN ROAD,19,Non-Landed Properties,3,"4,500",110 to 120,"1,200 to 1,300",Jun-24
CARDIFF RESIDENCE,CARDIFF GROVE,19,Non-Landed Properties,2,"3,200",50 to 60,600 to 700,Jun-24
NOUVELLE PARK,POH HUAT ROAD WEST,19,Non-Landed Properties,3,"4,300",140 to 150,"1,500 to 1,600",Jun-24
KOVAN RESIDENCES,KOVAN ROAD,19,Non-Landed Properties,3,"5,050",110 to 120,"1,200 to 1,300",Jun-24
HOUGANG GREEN,BUANGKOK GREEN,19,Non-Landed Properties,3,"3,800",100 to 110,"1,100 to 1,200",Jun-24
PARC CENTROS,PUNGGOL CENTRAL,19,Non-Landed Properties,3,"3,850",90 to 100,"900 to 1,000",Jun-24
BLISS@KOVAN,SIMON LANE,19,Non-Landed Properties,1,"2,800",40 to 50,500 to 600,Jun-24
THE MINTON,HOUGANG STREET 11,19,Non-Landed Properties,3,"4,800",110 to 120,"1,200 to 1,300",Jun-24
BARTLEY RESIDENCES,LORONG HOW SUN,19,Non-Landed Properties,3,"5,000",100 to 110,"1,100 to 1,200",Jun-24
SENGKANG GRAND RESIDENCES,COMPASSVALE BOW,19,Non-Landed Properties,2,"3,800",60 to 70,700 to 800,Jun-24
YIKAI COURT,UPPER PAYA LEBAR ROAD,19,Non-Landed Properties,NA,"4,900",120 to 130,"1,300 to 1,400",Jun-24
STARS OF KOVAN,UPPER SERANGOON ROAD,19,Non-Landed Properties,2,"3,500",60 to 70,700 to 800,Jun-24
KOVAN REGENCY,KOVAN RISE,19,Non-Landed Properties,2,"3,200",50 to 60,500 to 600,Jun-24
BARTLEY RESIDENCES,LORONG HOW SUN,19,Non-Landed Properties,1,"2,900",40 to 50,400 to 500,Jun-24
BARTLEY RESIDENCES,LORONG HOW SUN,19,Non-Landed Properties,2,"4,250",80 to 90,"900 to 1,000",Jun-24
THE PROMENADE@PELIKAT,JALAN PELIKAT,19,Non-Landed Properties,1,"2,350",40 to 50,400 to 500,Jun-24
COMPASS HEIGHTS,SENGKANG SQUARE,19,Non-Landed Properties,2,"3,900",90 to 100,"1,000 to 1,100",Jun-24
FLO RESIDENCE,PUNGGOL FIELD WALK,19,Non-Landed Properties,2,"3,700",70 to 80,700 to 800,Jun-24
PARK RESIDENCES KOVAN,UPPER SERANGOON ROAD,19,Non-Landed Properties,1,"2,700",30 to 40,300 to 400,Jun-24
AFFINITY AT SERANGOON,SERANGOON NORTH AVENUE 1,19,Non-Landed Properties,2,"3,400",50 to 60,600 to 700,Jun-24
BARTLEY RESIDENCES,LORONG HOW SUN,19,Non-Landed Properties,3,"5,300",90 to 100,"1,000 to 1,100",Jun-24
THE LUXURIE,COMPASSVALE ROAD,19,Non-Landed Properties,2,"3,600",80 to 90,800 to 900,Jun-24
RIO VISTA,UPPER SERANGOON VIEW,19,Non-Landed Properties,3,"3,415",140 to 150,"1,500 to 1,600",Jun-24
THE FLORENCE RESIDENCES,HOUGANG AVENUE 2,19,Non-Landed Properties,2,"3,400",60 to 70,600 to 700,Jun-24
PARC CENTROS,PUNGGOL CENTRAL,19,Non-Landed Properties,2,"3,650",70 to 80,700 to 800,Jun-24
A TREASURE TROVE,PUNGGOL WALK,19,Non-Landed Properties,2,"4,000",70 to 80,700 to 800,Jun-24
FONTAINE PARRY,POH HUAT ROAD,19,Non-Landed Properties,2,"3,450",80 to 90,"900 to 1,000",Jun-24
SENGKANG GRAND RESIDENCES,COMPASSVALE BOW,19,Non-Landed Properties,2,"3,400",50 to 60,600 to 700,Jun-24
PRESTO@UPPER SERANGOON,UPPER SERANGOON ROAD,19,Non-Landed Properties,2,"3,000",80 to 90,800 to 900,Jun-24
THE TEMBUSU,TAMPINES ROAD,19,Non-Landed Properties,2,"3,800",70 to 80,700 to 800,Jun-24
STARS OF KOVAN,UPPER SERANGOON ROAD,19,Non-Landed Properties,2,"3,900",60 to 70,700 to 800,Jun-24
KOVAN RESIDENCES,KOVAN ROAD,19,Non-Landed Properties,2,"3,800",80 to 90,800 to 900,Jun-24
AFFINITY AT SERANGOON,SERANGOON NORTH AVENUE 1,19,Non-Landed Properties,3,"4,500",80 to 90,"900 to 1,000",Jun-24
EVERGREEN PARK,HOUGANG AVENUE 7,19,Non-Landed Properties,3,"3,900",100 to 110,"1,000 to 1,100",Jun-24
STARS OF KOVAN,UPPER SERANGOON ROAD,19,Non-Landed Properties,2,"4,000",60 to 70,700 to 800,Jun-24
EVERGREEN PARK,HOUGANG AVENUE 7,19,Non-Landed Properties,3,"2,500",90 to 100,"1,000 to 1,100",Jun-24
RIVERSAILS,UPPER SERANGOON CRESCENT,19,Non-Landed Properties,2,"3,200",80 to 90,800 to 900,Jun-24
WATERTOWN,PUNGGOL CENTRAL,19,Non-Landed Properties,NA,"3,500",50 to 60,600 to 700,Jun-24
RIVERFRONT RESIDENCES,HOUGANG AVENUE 7,19,Non-Landed Properties,1,"2,700",40 to 50,500 to 600,Jun-24
WATERTOWN,PUNGGOL CENTRAL,19,Non-Landed Properties,2,"3,800",80 to 90,"900 to 1,000",Jun-24
A TREASURE TROVE,PUNGGOL WALK,19,Non-Landed Properties,3,"4,000",90 to 100,"1,000 to 1,100",Jun-24
COMPASS HEIGHTS,SENGKANG SQUARE,19,Non-Landed Properties,3,"4,450",120 to 130,"1,300 to 1,400",Jun-24
PRESTO@UPPER SERANGOON,UPPER SERANGOON ROAD,19,Non-Landed Properties,1,"3,000",40 to 50,400 to 500,Jun-24
PARC CENTROS,PUNGGOL CENTRAL,19,Non-Landed Properties,1,"2,450",40 to 50,400 to 500,Jun-24
SENGKANG GRAND RESIDENCES,COMPASSVALE BOW,19,Non-Landed Properties,1,"2,900",40 to 50,400 to 500,Jun-24
A TREASURE TROVE,PUNGGOL WALK,19,Non-Landed Properties,3,"4,350",100 to 110,"1,100 to 1,200",Jun-24
CHERRYHILL,LORONG LEW LIAN,19,Non-Landed Properties,3,"5,200",160 to 170,"1,700 to 1,800",Jun-24
SPACE @ KOVAN,YIO CHU KANG ROAD,19,Non-Landed Properties,2,"2,700",50 to 60,600 to 700,Jun-24
BOTANIQUE AT BARTLEY,UPPER PAYA LEBAR ROAD,19,Non-Landed Properties,2,"3,200",60 to 70,700 to 800,Jun-24
THE MINTON,HOUGANG STREET 11,19,Non-Landed Properties,3,"5,400",130 to 140,"1,400 to 1,500",Jun-24
LA FIESTA,SENGKANG SQUARE,19,Non-Landed Properties,2,"3,600",70 to 80,700 to 800,Jun-24
ISUITES @ PALM,GLASGOW ROAD,19,Non-Landed Properties,1,"2,500",40 to 50,400 to 500,Jun-24
SENGKANG GRAND RESIDENCES,COMPASSVALE BOW,19,Non-Landed Properties,3,"4,900",90 to 100,"1,000 to 1,100",Jun-24
THE SCALA,SERANGOON AVENUE 3,19,Non-Landed Properties,1,"3,300",40 to 50,400 to 500,Jun-24
CHERRYHILL,LORONG LEW LIAN,19,Non-Landed Properties,2,"3,400",90 to 100,"1,000 to 1,100",Jun-24
WATERTOWN,PUNGGOL CENTRAL,19,Non-Landed Properties,1,"2,950",50 to 60,500 to 600,Jun-24
KINGSFORD WATERBAY,UPPER SERANGOON VIEW,19,Non-Landed Properties,2,"3,400",50 to 60,600 to 700,Jun-24
SENGKANG GRAND RESIDENCES,COMPASSVALE BOW,19,Non-Landed Properties,NA,"6,300",120 to 130,"1,300 to 1,400",Jun-24
VIBES@UPPER SERANGOON,UPPER SERANGOON ROAD,19,Non-Landed Properties,1,"2,800",40 to 50,400 to 500,Jun-24
RIVER ISLES,EDGEDALE PLAINS,19,Non-Landed Properties,3,"3,700",80 to 90,"900 to 1,000",Jun-24
BARTLEY RESIDENCES,LORONG HOW SUN,19,Non-Landed Properties,2,"4,500",70 to 80,700 to 800,Jun-24
CHERRYHILL,LORONG LEW LIAN,19,Non-Landed Properties,3,"4,900",140 to 150,"1,500 to 1,600",Jun-24
KOVAN REGENCY,KOVAN RISE,19,Non-Landed Properties,3,"4,500",90 to 100,"1,000 to 1,100",Jun-24
THE LUXURIE,COMPASSVALE ROAD,19,Non-Landed Properties,2,"3,400",100 to 110,"1,100 to 1,200",Jun-24
BOTANIQUE AT BARTLEY,UPPER PAYA LEBAR ROAD,19,Non-Landed Properties,1,"2,900",40 to 50,400 to 500,Jun-24
WATERTOWN,PUNGGOL CENTRAL,19,Non-Landed Properties,NA,"3,000",50 to 60,500 to 600,Jun-24
RIVERVALE CREST,RIVERVALE CRESCENT,19,Non-Landed Properties,2,"3,600",90 to 100,"900 to 1,000",Jun-24
FOREST WOODS,LORONG LEW LIAN,19,Non-Landed Properties,2,"3,700",50 to 60,600 to 700,Jun-24
KOVAN RESIDENCES,KOVAN ROAD,19,Non-Landed Properties,2,"4,200",80 to 90,"900 to 1,000",Jun-24
PARC VERA,HOUGANG STREET 32,19,Non-Landed Properties,2,"3,300",70 to 80,700 to 800,Jun-24
SENGKANG GRAND RESIDENCES,COMPASSVALE BOW,19,Non-Landed Properties,2,"3,600",70 to 80,700 to 800,Jun-24
AMARANDA GARDENS,SERANGOON AVENUE 3,19,Non-Landed Properties,3,"5,000",110 to 120,"1,200 to 1,300",Jun-24
RESIDENCES BOTANIQUE,YIO CHU KANG ROAD,19,Non-Landed Properties,2,"4,000",80 to 90,800 to 900,Jun-24
CENTRAL VIEW,HOUGANG STREET 11,19,Non-Landed Properties,3,"4,100",110 to 120,"1,200 to 1,300",Jun-24
8 EDEN GROVE,EDEN GROVE,19,Non-Landed Properties,3,"3,100",90 to 100,"900 to 1,000",Jun-24
TANGERINE GROVE,PAYA LEBAR CRESCENT,19,Non-Landed Properties,2,"3,500",80 to 90,"900 to 1,000",Jun-24
KOVAN MELODY,KOVAN ROAD,19,Non-Landed Properties,3,"5,000",110 to 120,"1,200 to 1,300",Jun-24
KINGSFORD WATERBAY,UPPER SERANGOON VIEW,19,Non-Landed Properties,3,"4,000",70 to 80,800 to 900,Jun-24
SENGKANG GRAND RESIDENCES,COMPASSVALE BOW,19,Non-Landed Properties,NA,"3,300",50 to 60,600 to 700,Jun-24
FOREST WOODS,LORONG LEW LIAN,19,Non-Landed Properties,2,"3,800",50 to 60,600 to 700,Jun-24
THE FLORENCE RESIDENCES,HOUGANG AVENUE 2,19,Non-Landed Properties,2,"3,350",60 to 70,600 to 700,Jun-24
BOTANIQUE AT BARTLEY,UPPER PAYA LEBAR ROAD,19,Non-Landed Properties,1,"3,100",40 to 50,400 to 500,Jun-24
THE PROMENADE@PELIKAT,JALAN PELIKAT,19,Non-Landed Properties,2,"3,450",110 to 120,"1,200 to 1,300",Jun-24
AFFINITY AT SERANGOON,SERANGOON NORTH AVENUE 1,19,Non-Landed Properties,1,"2,800",50 to 60,500 to 600,Jun-24
CASA CAMBIO,LIM TUA TOW ROAD,19,Non-Landed Properties,2,"3,500",60 to 70,700 to 800,Jun-24
PARC CENTROS,PUNGGOL CENTRAL,19,Non-Landed Properties,2,"3,600",70 to 80,700 to 800,Jun-24
THE FLORENCE RESIDENCES,HOUGANG AVENUE 2,19,Non-Landed Properties,1,"2,700",40 to 50,400 to 500,Jun-24
EDEN VIEW,EDEN GROVE,19,Non-Landed Properties,3,"3,600",90 to 100,"1,000 to 1,100",Jun-24
THE GARDEN RESIDENCES,SERANGOON NORTH VIEW,19,Non-Landed Properties,3,"4,300",70 to 80,700 to 800,Jun-24
THE SCALA,SERANGOON AVENUE 3,19,Non-Landed Properties,3,"5,700",90 to 100,"1,000 to 1,100",Jun-24
PALM GROVE CONDOMINIUM,PALM GROVE AVENUE,19,Non-Landed Properties,3,"4,000",150 to 160,"1,600 to 1,700",Jun-24
MIDTOWN RESIDENCES,UPPER SERANGOON ROAD,19,Non-Landed Properties,2,"3,600",60 to 70,700 to 800,Jun-24
KOVAN MELODY,KOVAN ROAD,19,Non-Landed Properties,4,"6,200",130 to 140,"1,400 to 1,500",Jun-24
STARS OF KOVAN,UPPER SERANGOON ROAD,19,Non-Landed Properties,1,"3,500",40 to 50,500 to 600,Jun-24
FOREST WOODS,LORONG LEW LIAN,19,Non-Landed Properties,3,"5,000",80 to 90,"900 to 1,000",Jun-24
AMARANDA GARDENS,SERANGOON AVENUE 3,19,Non-Landed Properties,3,"5,000",100 to 110,"1,100 to 1,200",Jun-24
FOREST WOODS,LORONG LEW LIAN,19,Non-Landed Properties,2,"3,900",50 to 60,600 to 700,Jun-24
WATERTOWN,PUNGGOL CENTRAL,19,Non-Landed Properties,1,"3,100",50 to 60,500 to 600,Jun-24
STARS OF KOVAN,UPPER SERANGOON ROAD,19,Non-Landed Properties,2,"3,900",60 to 70,700 to 800,Jun-24
FOREST WOODS,LORONG LEW LIAN,19,Non-Landed Properties,2,"3,800",50 to 60,600 to 700,Jun-24
THE GAZANIA,HOW SUN DRIVE,19,Non-Landed Properties,2,"4,000",60 to 70,600 to 700,Jun-24
CARDIFF RESIDENCE,CARDIFF GROVE,19,Non-Landed Properties,1,"2,650",30 to 40,400 to 500,Jun-24
RIVERSOUND RESIDENCE,SENGKANG EAST AVENUE,19,Non-Landed Properties,3,"3,600",80 to 90,"900 to 1,000",Jun-24
RIVERFRONT RESIDENCES,HOUGANG AVENUE 7,19,Non-Landed Properties,1,"2,700",40 to 50,400 to 500,Jun-24
WATERTOWN,PUNGGOL CENTRAL,19,Non-Landed Properties,1,"3,000",50 to 60,500 to 600,Jun-24
TRILIVE,TAMPINES ROAD,19,Non-Landed Properties,2,"2,700",50 to 60,600 to 700,Jun-24
WATERTOWN,PUNGGOL CENTRAL,19,Non-Landed Properties,2,"3,700",80 to 90,"900 to 1,000",Jun-24
SENGKANG GRAND RESIDENCES,COMPASSVALE BOW,19,Non-Landed Properties,NA,"4,750",90 to 100,"1,000 to 1,100",Jun-24
BARTLEY RESIDENCES,LORONG HOW SUN,19,Non-Landed Properties,2,"3,700",70 to 80,700 to 800,Jun-24
BARTLEY RESIDENCES,LORONG HOW SUN,19,Non-Landed Properties,3,"4,600",100 to 110,"1,000 to 1,100",Jun-24
STARS OF KOVAN,UPPER SERANGOON ROAD,19,Non-Landed Properties,2,"3,700",60 to 70,700 to 800,Jun-24
SENGKANG GRAND RESIDENCES,COMPASSVALE BOW,19,Non-Landed Properties,NA,"6,900",120 to 130,"1,300 to 1,400",Jun-24
SENGKANG GRAND RESIDENCES,COMPASSVALE BOW,19,Non-Landed Properties,3,"4,200",80 to 90,"900 to 1,000",Jun-24
BARTLEY RESIDENCES,LORONG HOW SUN,19,Non-Landed Properties,3,"4,600",100 to 110,"1,000 to 1,100",Jun-24
BOTANIQUE AT BARTLEY,UPPER PAYA LEBAR ROAD,19,Non-Landed Properties,2,"3,650",60 to 70,700 to 800,Jun-24
SENGKANG GRAND RESIDENCES,COMPASSVALE BOW,19,Non-Landed Properties,1,"3,300",40 to 50,500 to 600,Jun-24
AFFINITY AT SERANGOON,SERANGOON NORTH AVENUE 1,19,Non-Landed Properties,1,"3,200",50 to 60,600 to 700,Jun-24
THE TEMBUSU,TAMPINES ROAD,19,Non-Landed Properties,1,"3,100",50 to 60,600 to 700,Jun-24
SENGKANG GRAND RESIDENCES,COMPASSVALE BOW,19,Non-Landed Properties,2,"3,800",70 to 80,700 to 800,Jun-24
RIVER ISLES,EDGEDALE PLAINS,19,Non-Landed Properties,3,"3,550",100 to 110,"1,100 to 1,200",Jun-24
COMPASS HEIGHTS,SENGKANG SQUARE,19,Non-Landed Properties,4,"6,200",140 to 150,"1,500 to 1,600",Jun-24
JEWEL @ BUANGKOK,COMPASSVALE BOW,19,Non-Landed Properties,1,"2,670",40 to 50,400 to 500,Jun-24
A TREASURE TROVE,PUNGGOL WALK,19,Non-Landed Properties,2,"3,300",70 to 80,700 to 800,Jun-24
FONTAINE PARRY,POH HUAT ROAD,19,Non-Landed Properties,2,"3,400",80 to 90,"900 to 1,000",Jun-24
SENGKANG GRAND RESIDENCES,COMPASSVALE BOW,19,Non-Landed Properties,2,"3,650",70 to 80,700 to 800,Jun-24
NOUVELLE PARK,POH HUAT ROAD WEST,19,Non-Landed Properties,3,"4,500",160 to 170,"1,800 to 1,900",Jun-24
THE SCALA,SERANGOON AVENUE 3,19,Non-Landed Properties,2,"4,150",80 to 90,800 to 900,Jun-24
BOTANIQUE AT BARTLEY,UPPER PAYA LEBAR ROAD,19,Non-Landed Properties,3,"4,200",100 to 110,"1,100 to 1,200",Jun-24
THE FLORENCE RESIDENCES,HOUGANG AVENUE 2,19,Non-Landed Properties,2,"3,350",60 to 70,600 to 700,Jun-24
KOVAN MELODY,KOVAN ROAD,19,Non-Landed Properties,3,"4,800",120 to 130,"1,200 to 1,300",Jun-24
THE VUE,UPPER PAYA LEBAR ROAD,19,Non-Landed Properties,1,"2,600",40 to 50,400 to 500,Jun-24
SPACE @ KOVAN,YIO CHU KANG ROAD,19,Non-Landed Properties,2,"3,000",50 to 60,600 to 700,Jun-24
RIVERFRONT RESIDENCES,HOUGANG AVENUE 7,19,Non-Landed Properties,1,"2,700",40 to 50,400 to 500,Jun-24
FORTUNE PARK,TAMPINES ROAD,19,Non-Landed Properties,3,"4,200",90 to 100,"900 to 1,000",Jun-24
SUITES @ KOVAN,UPPER SERANGOON ROAD,19,Non-Landed Properties,1,"2,300",30 to 40,300 to 400,Jun-24
JEWEL @ BUANGKOK,COMPASSVALE BOW,19,Non-Landed Properties,2,"3,200",60 to 70,700 to 800,Jun-24
BARTLEY RESIDENCES,LORONG HOW SUN,19,Non-Landed Properties,3,"5,600",150 to 160,"1,600 to 1,700",Jun-24
CHILTERN PARK,SERANGOON AVENUE 3,19,Non-Landed Properties,2,"4,000",80 to 90,"900 to 1,000",Jun-24
RIVERFRONT RESIDENCES,HOUGANG AVENUE 7,19,Non-Landed Properties,1,"2,900",40 to 50,400 to 500,Jun-24
SENGKANG GRAND RESIDENCES,COMPASSVALE BOW,19,Non-Landed Properties,1,"2,950",40 to 50,400 to 500,Jun-24
RIVERFRONT RESIDENCES,HOUGANG AVENUE 7,19,Non-Landed Properties,2,"3,000",50 to 60,600 to 700,Jun-24
THE SPRINGBLOOM,SERANGOON AVENUE 3,19,Non-Landed Properties,3,"5,000",130 to 140,"1,400 to 1,500",Jun-24
CHILTERN PARK,SERANGOON AVENUE 3,19,Non-Landed Properties,2,"4,000",80 to 90,"900 to 1,000",Jun-24
HOUGANG GREEN,BUANGKOK GREEN,19,Non-Landed Properties,3,"4,200",100 to 110,"1,100 to 1,200",Jun-24
WATERTOWN,PUNGGOL CENTRAL,19,Non-Landed Properties,1,"3,400",50 to 60,500 to 600,Jun-24
LA FIESTA,SENGKANG SQUARE,19,Non-Landed Properties,1,"2,830",40 to 50,400 to 500,Jun-24
CARDIFF RESIDENCE,CARDIFF GROVE,19,Non-Landed Properties,2,"3,500",60 to 70,600 to 700,Jun-24
RIVER ISLES,EDGEDALE PLAINS,19,Non-Landed Properties,NA,"2,300",40 to 50,400 to 500,Jun-24
RIVERFRONT RESIDENCES,HOUGANG AVENUE 7,19,Non-Landed Properties,1,"2,650",40 to 50,500 to 600,Jun-24
ONEROBEY,ROBEY CRESCENT,19,Non-Landed Properties,2,"2,300",30 to 40,300 to 400,Jun-24
FLO RESIDENCE,PUNGGOL FIELD WALK,19,Non-Landed Properties,3,"4,200",80 to 90,"900 to 1,000",Jun-24
PARC CENTROS,PUNGGOL CENTRAL,19,Non-Landed Properties,3,"4,500",100 to 110,"1,100 to 1,200",Jun-24
RIVER ISLES,EDGEDALE PLAINS,19,Non-Landed Properties,3,"3,500",80 to 90,800 to 900,Jun-24
THE FLORENCE RESIDENCES,HOUGANG AVENUE 2,19,Non-Landed Properties,2,"3,400",60 to 70,600 to 700,Jun-24
KINGSFORD WATERBAY,UPPER SERANGOON VIEW,19,Non-Landed Properties,3,"3,500",80 to 90,800 to 900,Jun-24
KOVAN RESIDENCES,KOVAN ROAD,19,Non-Landed Properties,4,"7,300",160 to 170,"1,700 to 1,800",Jun-24
BOTANIQUE AT BARTLEY,UPPER PAYA LEBAR ROAD,19,Non-Landed Properties,1,"3,150",40 to 50,500 to 600,Jun-24
LA FIESTA,SENGKANG SQUARE,19,Non-Landed Properties,2,"3,300",70 to 80,700 to 800,Jun-24
KOVAN REGENCY,KOVAN RISE,19,Non-Landed Properties,2,"3,950",70 to 80,700 to 800,Jun-24
PALM GROVE CONDOMINIUM,PALM GROVE AVENUE,19,Non-Landed Properties,3,"4,200",130 to 140,"1,400 to 1,500",Jun-24
PARC CENTROS,PUNGGOL CENTRAL,19,Non-Landed Properties,1,"2,600",40 to 50,400 to 500,Jun-24
JADE RESIDENCES,LEW LIAN VALE,19,Non-Landed Properties,2,"3,300",50 to 60,600 to 700,Jun-24
A TREASURE TROVE,PUNGGOL WALK,19,Non-Landed Properties,4,"4,800",120 to 130,"1,300 to 1,400",Jun-24
LA DOLCE VITA,UPPER PAYA LEBAR ROAD,19,Non-Landed Properties,3,"7,000",200 to 210,"2,100 to 2,200",Jun-24
TAI PENG GARDENS,UPPER SERANGOON ROAD,19,Non-Landed Properties,NA,"3,500",100 to 110,"1,000 to 1,100",Jun-24
ROSALIA PARK,LORONG ONG LYE,19,Non-Landed Properties,3,"4,000",130 to 140,"1,400 to 1,500",Jun-24
A TREASURE TROVE,PUNGGOL WALK,19,Non-Landed Properties,3,"4,000",110 to 120,"1,200 to 1,300",Jun-24
KOVAN RESIDENCES,KOVAN ROAD,19,Non-Landed Properties,2,"3,800",80 to 90,800 to 900,Jun-24
EVERGREEN PARK,HOUGANG AVENUE 7,19,Non-Landed Properties,3,"3,750",90 to 100,"1,000 to 1,100",Jun-24
SUNGLADE,SERANGOON AVENUE 2,19,Non-Landed Properties,4,"5,900",160 to 170,"1,700 to 1,800",Jun-24
NON-LANDED HOUSING DEVELOPMENT,UPPER SERANGOON ROAD,19,Non-Landed Properties,NA,"2,700",110 to 120,"1,200 to 1,300",Jun-24
EVERGREEN PARK,HOUGANG AVENUE 7,19,Non-Landed Properties,3,"3,500",100 to 110,"1,000 to 1,100",Jun-24
BOTANIQUE AT BARTLEY,UPPER PAYA LEBAR ROAD,19,Non-Landed Properties,1,"3,100",40 to 50,400 to 500,Jun-24
FLO RESIDENCE,PUNGGOL FIELD WALK,19,Non-Landed Properties,2,"3,600",70 to 80,700 to 800,Jun-24
MIDTOWN RESIDENCES,UPPER SERANGOON ROAD,19,Non-Landed Properties,1,"2,600",40 to 50,400 to 500,Jun-24
THE FLORENCE RESIDENCES,HOUGANG AVENUE 2,19,Non-Landed Properties,2,"3,300",60 to 70,600 to 700,Jun-24
STARS OF KOVAN,UPPER SERANGOON ROAD,19,Non-Landed Properties,1,"3,200",40 to 50,500 to 600,Jun-24
THE LUXURIE,COMPASSVALE ROAD,19,Non-Landed Properties,2,"3,200",70 to 80,700 to 800,Jun-24
KINGSFORD WATERBAY,UPPER SERANGOON VIEW,19,Non-Landed Properties,2,"3,100",60 to 70,600 to 700,Jun-24
RIVERFRONT RESIDENCES,HOUGANG AVENUE 7,19,Non-Landed Properties,2,"3,650",60 to 70,700 to 800,Jun-24
FLO RESIDENCE,PUNGGOL FIELD WALK,19,Non-Landed Properties,3,"4,100",90 to 100,"1,000 to 1,100",Jun-24
A TREASURE TROVE,PUNGGOL WALK,19,Non-Landed Properties,2,"4,100",110 to 120,"1,100 to 1,200",Jun-24
BARTLEY RESIDENCES,LORONG HOW SUN,19,Non-Landed Properties,1,"2,900",40 to 50,400 to 500,Jun-24
THE FLORENCE RESIDENCES,HOUGANG AVENUE 2,19,Non-Landed Properties,3,"5,100",110 to 120,"1,100 to 1,200",Jun-24
MIDTOWN RESIDENCES,UPPER SERANGOON ROAD,19,Non-Landed Properties,1,"2,600",40 to 50,400 to 500,Jun-24
CHERRYHILL,LORONG LEW LIAN,19,Non-Landed Properties,3,"4,800",140 to 150,"1,500 to 1,600",Jun-24
SUNGLADE,SERANGOON AVENUE 2,19,Non-Landed Properties,2,"3,700",80 to 90,800 to 900,Jun-24
MIDTOWN RESIDENCES,UPPER SERANGOON ROAD,19,Non-Landed Properties,1,"2,600",40 to 50,400 to 500,Jun-24
WATERTOWN,PUNGGOL CENTRAL,19,Non-Landed Properties,3,"5,200",100 to 110,"1,100 to 1,200",Jun-24
GAMBIR RIDGE,GAMBIR WALK,19,Non-Landed Properties,1,"2,500",50 to 60,500 to 600,Jun-24
STARS OF KOVAN,UPPER SERANGOON ROAD,19,Non-Landed Properties,1,"3,000",40 to 50,500 to 600,Jun-24
AFFINITY AT SERANGOON,SERANGOON NORTH AVENUE 1,19,Non-Landed Properties,1,"3,000",40 to 50,400 to 500,Jun-24
FLO RESIDENCE,PUNGGOL FIELD WALK,19,Non-Landed Properties,3,"4,600",90 to 100,"1,000 to 1,100",Jun-24
KOVAN MELODY,KOVAN ROAD,19,Non-Landed Properties,3,"5,100",120 to 130,"1,200 to 1,300",Jun-24
THE PROMENADE@PELIKAT,JALAN PELIKAT,19,Non-Landed Properties,2,"3,500",90 to 100,"900 to 1,000",Jun-24
KENSINGTON SQUARE,JALAN LOKAM,19,Non-Landed Properties,2,"3,500",50 to 60,600 to 700,Jun-24
THE FLORENCE RESIDENCES,HOUGANG AVENUE 2,19,Non-Landed Properties,2,"3,400",60 to 70,600 to 700,Jun-24
WATERTOWN,PUNGGOL CENTRAL,19,Non-Landed Properties,1,"3,000",40 to 50,500 to 600,Jun-24
THE FLORENCE RESIDENCES,HOUGANG AVENUE 2,19,Non-Landed Properties,2,"3,500",50 to 60,600 to 700,Jun-24
KOVAN GRANDEUR,TAMPINES ROAD,19,Non-Landed Properties,NA,"2,000",30 to 40,300 to 400,Jun-24
BARTLEY RESIDENCES,LORONG HOW SUN,19,Non-Landed Properties,3,"4,750",100 to 110,"1,000 to 1,100",Jun-24
FOREST WOODS,LORONG LEW LIAN,19,Non-Landed Properties,3,"4,300",80 to 90,"900 to 1,000",Jun-24
KINGSFORD WATERBAY,UPPER SERANGOON VIEW,19,Non-Landed Properties,1,"2,550",40 to 50,400 to 500,Jun-24
RIVERFRONT RESIDENCES,HOUGANG AVENUE 7,19,Non-Landed Properties,1,"3,000",40 to 50,500 to 600,Jun-24
BOATHOUSE RESIDENCES,UPPER SERANGOON VIEW,19,Non-Landed Properties,1,"3,000",50 to 60,600 to 700,Jun-24
LA FIESTA,SENGKANG SQUARE,19,Non-Landed Properties,2,"3,450",60 to 70,700 to 800,Jun-24
A TREASURE TROVE,PUNGGOL WALK,19,Non-Landed Properties,3,"4,400",90 to 100,"1,000 to 1,100",Jun-24
WEMBLY RESIDENCES,YIO CHU KANG ROAD,19,Non-Landed Properties,2,"3,100",100 to 110,"1,100 to 1,200",Jun-24
THE MINTON,HOUGANG STREET 11,19,Non-Landed Properties,4,"7,000",150 to 160,"1,600 to 1,700",Jun-24
KENSINGTON PARK CONDOMINIUM,KENSINGTON PARK DRIVE,19,Non-Landed Properties,3,"4,200",160 to 170,"1,700 to 1,800",Jun-24
STARS OF KOVAN,UPPER SERANGOON ROAD,19,Non-Landed Properties,2,"3,900",70 to 80,700 to 800,Jun-24
THE TEMBUSU,TAMPINES ROAD,19,Non-Landed Properties,3,"4,800",110 to 120,"1,200 to 1,300",Jun-24
BARTLEY RESIDENCES,LORONG HOW SUN,19,Non-Landed Properties,2,"4,300",80 to 90,"900 to 1,000",Jun-24
KENSINGTON SQUARE,JALAN LOKAM,19,Non-Landed Properties,1,"2,650",40 to 50,400 to 500,Jun-24
SUITES @ PAYA LEBAR,UPPER PAYA LEBAR ROAD,19,Non-Landed Properties,NA,"3,200",30 to 40,300 to 400,Jun-24
SENGKANG GRAND RESIDENCES,COMPASSVALE BOW,19,Non-Landed Properties,1,"2,800",40 to 50,400 to 500,Jun-24
THE SCALA,SERANGOON AVENUE 3,19,Non-Landed Properties,2,"4,550",80 to 90,"900 to 1,000",Jun-24
THE SCALA,SERANGOON AVENUE 3,19,Non-Landed Properties,1,"3,100",40 to 50,400 to 500,Jun-24
LA FIESTA,SENGKANG SQUARE,19,Non-Landed Properties,2,"3,600",70 to 80,700 to 800,Jun-24
BARTLEY RESIDENCES,LORONG HOW SUN,19,Non-Landed Properties,1,"2,900",40 to 50,400 to 500,Jun-24
KOVAN MELODY,KOVAN ROAD,19,Non-Landed Properties,2,"3,800",80 to 90,"900 to 1,000",Jun-24
A TREASURE TROVE,PUNGGOL WALK,19,Non-Landed Properties,2,"3,300",70 to 80,700 to 800,Jun-24
AMARANDA GARDENS,SERANGOON AVENUE 3,19,Non-Landed Properties,3,"4,500",100 to 110,"1,100 to 1,200",Jun-24
WATERTOWN,PUNGGOL CENTRAL,19,Non-Landed Properties,NA,"3,100",50 to 60,600 to 700,Jun-24
THE FLORENCE RESIDENCES,HOUGANG AVENUE 2,19,Non-Landed Properties,2,"3,700",60 to 70,600 to 700,Jun-24
KOVAN RESIDENCES,KOVAN ROAD,19,Non-Landed Properties,3,"5,300",110 to 120,"1,200 to 1,300",Jun-24
HILLSIDE MANSIONS,HILLSIDE DRIVE,19,Non-Landed Properties,3,"3,200",110 to 120,"1,100 to 1,200",Jun-24
FLO RESIDENCE,PUNGGOL FIELD WALK,19,Non-Landed Properties,3,"4,400",90 to 100,"1,000 to 1,100",Jun-24
URBAN RESIDENCES,LORONG AH SOO,19,Non-Landed Properties,1,"2,700",40 to 50,400 to 500,Jun-24
THE TEMBUSU,TAMPINES ROAD,19,Non-Landed Properties,2,"3,200",70 to 80,700 to 800,Jun-24
AFFINITY AT SERANGOON,SERANGOON NORTH AVENUE 1,19,Non-Landed Properties,1,"2,800",40 to 50,400 to 500,Jun-24
VIBES @ KOVAN,KOVAN ROAD,19,Non-Landed Properties,1,"2,200",30 to 40,400 to 500,Jun-24
FOREST WOODS,LORONG LEW LIAN,19,Non-Landed Properties,3,"5,000",90 to 100,"900 to 1,000",Jun-24
SENGKANG GRAND RESIDENCES,COMPASSVALE BOW,19,Non-Landed Properties,NA,"4,800",90 to 100,"1,000 to 1,100",Jun-24
KOVAN REGENCY,KOVAN RISE,19,Non-Landed Properties,3,"5,000",100 to 110,"1,100 to 1,200",Jun-24
EVERGREEN PARK,HOUGANG AVENUE 7,19,Non-Landed Properties,3,"4,000",100 to 110,"1,100 to 1,200",Jun-24
KOVAN RESIDENCES,KOVAN ROAD,19,Non-Landed Properties,2,"4,000",80 to 90,800 to 900,Jun-24
RIVERSOUND RESIDENCE,SENGKANG EAST AVENUE,19,Non-Landed Properties,3,"3,600",110 to 120,"1,100 to 1,200",Jun-24
KOVAN MELODY,KOVAN ROAD,19,Non-Landed Properties,3,"4,600",110 to 120,"1,200 to 1,300",Jun-24
KOVAN REGENCY,KOVAN RISE,19,Non-Landed Properties,3,"4,200",90 to 100,"1,000 to 1,100",Jun-24
THE GARDEN RESIDENCES,SERANGOON NORTH VIEW,19,Non-Landed Properties,3,"4,400",70 to 80,800 to 900,Jun-24
CHILTERN PARK,SERANGOON AVENUE 3,19,Non-Landed Properties,2,"4,000",80 to 90,"900 to 1,000",Jun-24
A TREASURE TROVE,PUNGGOL WALK,19,Non-Landed Properties,2,"3,600",80 to 90,"900 to 1,000",Jun-24
BOTANIQUE AT BARTLEY,UPPER PAYA LEBAR ROAD,19,Non-Landed Properties,2,"3,800",60 to 70,700 to 800,Jun-24
KOVAN RESIDENCES,KOVAN ROAD,19,Non-Landed Properties,2,"4,200",80 to 90,800 to 900,Jun-24
JADE RESIDENCES,LEW LIAN VALE,19,Non-Landed Properties,2,"3,600",100 to 110,"1,100 to 1,200",Jun-24
FLO RESIDENCE,PUNGGOL FIELD WALK,19,Non-Landed Properties,2,"3,650",70 to 80,700 to 800,Jun-24
THE GARDEN RESIDENCES,SERANGOON NORTH VIEW,19,Non-Landed Properties,2,"3,600",60 to 70,600 to 700,Jun-24
FOREST WOODS,LORONG LEW LIAN,19,Non-Landed Properties,1,"3,330",40 to 50,500 to 600,Jun-24
KOVAN MELODY,KOVAN ROAD,19,Non-Landed Properties,3,"5,050",120 to 130,"1,200 to 1,300",Jun-24
RIVERSAILS,UPPER SERANGOON CRESCENT,19,Non-Landed Properties,2,"3,500",80 to 90,800 to 900,Jun-24
URBAN RESIDENCES,LORONG AH SOO,19,Non-Landed Properties,2,"3,600",110 to 120,"1,200 to 1,300",Jun-24
BOATHOUSE RESIDENCES,UPPER SERANGOON VIEW,19,Non-Landed Properties,1,"3,000",50 to 60,600 to 700,Jun-24
THE FLORENCE RESIDENCES,HOUGANG AVENUE 2,19,Non-Landed Properties,2,"3,100",50 to 60,600 to 700,Jun-24
COMPASS HEIGHTS,SENGKANG SQUARE,19,Non-Landed Properties,2,"3,900",100 to 110,"1,100 to 1,200",Jun-24
SUITES @ PAYA LEBAR,UPPER PAYA LEBAR ROAD,19,Non-Landed Properties,1,"2,400",30 to 40,300 to 400,Jun-24
CARDIFF RESIDENCE,CARDIFF GROVE,19,Non-Landed Properties,2,"3,000",70 to 80,700 to 800,Jun-24
ISUITES @ PALM,GLASGOW ROAD,19,Non-Landed Properties,2,"2,900",50 to 60,600 to 700,Jun-24
SENGKANG GRAND RESIDENCES,COMPASSVALE BOW,19,Non-Landed Properties,NA,"3,700",70 to 80,700 to 800,Jun-24
KOVAN MELODY,KOVAN ROAD,19,Non-Landed Properties,3,"4,300",120 to 130,"1,200 to 1,300",Jun-24
KOVAN RESIDENCES,KOVAN ROAD,19,Non-Landed Properties,3,"5,400",110 to 120,"1,200 to 1,300",Jun-24
KOVAN MELODY,KOVAN ROAD,19,Non-Landed Properties,3,"4,800",110 to 120,"1,200 to 1,300",Jun-24
WATERTOWN,PUNGGOL CENTRAL,19,Non-Landed Properties,1,"3,200",50 to 60,500 to 600,Jun-24
MIDTOWN RESIDENCES,UPPER SERANGOON ROAD,19,Non-Landed Properties,2,"3,200",60 to 70,600 to 700,Jun-24
RIVERSAILS,UPPER SERANGOON CRESCENT,19,Non-Landed Properties,2,"3,500",70 to 80,800 to 900,Jun-24
THE MINTON,HOUGANG STREET 11,19,Non-Landed Properties,3,"5,500",110 to 120,"1,200 to 1,300",Jun-24
PRIMO RESIDENCES,JALAN PELIKAT,19,Non-Landed Properties,1,"2,800",40 to 50,500 to 600,Jun-24
JEWEL @ BUANGKOK,COMPASSVALE BOW,19,Non-Landed Properties,2,"3,600",70 to 80,800 to 900,Jun-24
THE BENTLY RESIDENCES@KOVAN,KOVAN ROAD,19,Non-Landed Properties,1,"2,800",40 to 50,400 to 500,Jun-24
BOTANIQUE AT BARTLEY,UPPER PAYA LEBAR ROAD,19,Non-Landed Properties,1,"3,100",40 to 50,400 to 500,Jun-24
KINGSFORD WATERBAY,UPPER SERANGOON VIEW,19,Non-Landed Properties,3,"3,600",80 to 90,800 to 900,Jun-24
THE FLORENCE RESIDENCES,HOUGANG AVENUE 2,19,Non-Landed Properties,2,"3,200",50 to 60,600 to 700,Jun-24
THE LUXURIE,COMPASSVALE ROAD,19,Non-Landed Properties,2,"3,350",60 to 70,700 to 800,Jun-24
KOVAN MELODY,KOVAN ROAD,19,Non-Landed Properties,4,"5,400",130 to 140,"1,400 to 1,500",Jun-24
THE SCALA,SERANGOON AVENUE 3,19,Non-Landed Properties,1,"3,000",40 to 50,400 to 500,Jun-24
SUITES @ PAYA LEBAR,UPPER PAYA LEBAR ROAD,19,Non-Landed Properties,1,"2,500",30 to 40,300 to 400,Jun-24
TANGERINE GROVE,PAYA LEBAR CRESCENT,19,Non-Landed Properties,2,"4,100",100 to 110,"1,100 to 1,200",Jun-24
KOVAN RESIDENCES,KOVAN ROAD,19,Non-Landed Properties,3,"5,000",110 to 120,"1,200 to 1,300",Jun-24
AFFINITY AT SERANGOON,SERANGOON NORTH AVENUE 1,19,Non-Landed Properties,3,"4,300",70 to 80,800 to 900,Jun-24
STADIA,YIO CHU KANG ROAD,19,Non-Landed Properties,2,"3,500",80 to 90,"900 to 1,000",Jun-24
PARC VERA,HOUGANG STREET 32,19,Non-Landed Properties,2,"3,250",70 to 80,700 to 800,Jun-24
WATERTOWN,PUNGGOL CENTRAL,19,Non-Landed Properties,1,"3,200",50 to 60,500 to 600,Jun-24
BOTANIQUE AT BARTLEY,UPPER PAYA LEBAR ROAD,19,Non-Landed Properties,2,"4,100",60 to 70,600 to 700,Jun-24
NAUNG RESIDENCE,JALAN NAUNG,19,Non-Landed Properties,2,"3,200",60 to 70,700 to 800,Jun-24
A TREASURE TROVE,PUNGGOL WALK,19,Non-Landed Properties,2,"3,700",70 to 80,700 to 800,Jun-24
THE GARDEN RESIDENCES,SERANGOON NORTH VIEW,19,Non-Landed Properties,2,"3,900",60 to 70,600 to 700,Jun-24
CHERRYHILL,LORONG LEW LIAN,19,Non-Landed Properties,2,"3,200",90 to 100,"1,000 to 1,100",Jun-24
THE QUARTZ,COMPASSVALE BOW,19,Non-Landed Properties,NA,"4,300",110 to 120,"1,200 to 1,300",Jun-24
THE TEMBUSU,TAMPINES ROAD,19,Non-Landed Properties,2,"3,500",70 to 80,800 to 900,Jun-24
PARC VERA,HOUGANG STREET 32,19,Non-Landed Properties,3,"4,200",100 to 110,"1,100 to 1,200",Jun-24
THE TEMBUSU,TAMPINES ROAD,19,Non-Landed Properties,2,"3,600",70 to 80,700 to 800,Jun-24
KOVAN REGENCY,KOVAN RISE,19,Non-Landed Properties,2,"3,400",80 to 90,800 to 900,Jun-24
THE FLORENCE RESIDENCES,HOUGANG AVENUE 2,19,Non-Landed Properties,1,"2,800",40 to 50,400 to 500,Jun-24
BRIGHTON VIEW,BRIGHTON AVENUE,19,Non-Landed Properties,3,"3,500",100 to 110,"1,100 to 1,200",Jun-24
KINGSFORD WATERBAY,UPPER SERANGOON VIEW,19,Non-Landed Properties,1,"2,700",40 to 50,400 to 500,Jun-24
BOTANIQUE AT BARTLEY,UPPER PAYA LEBAR ROAD,19,Non-Landed Properties,2,"3,600",60 to 70,600 to 700,Jun-24
CASA CAMBIO,LIM TUA TOW ROAD,19,Non-Landed Properties,2,"3,300",80 to 90,800 to 900,Jun-24
WATERTOWN,PUNGGOL CENTRAL,19,Non-Landed Properties,4,"6,000",130 to 140,"1,400 to 1,500",Jun-24
THE FLORENCE RESIDENCES,HOUGANG AVENUE 2,19,Non-Landed Properties,2,"3,250",60 to 70,600 to 700,Jun-24
THE QUINN,BARTLEY ROAD,19,Non-Landed Properties,1,"3,000",50 to 60,500 to 600,Jun-24
WATERTOWN,PUNGGOL CENTRAL,19,Non-Landed Properties,1,"3,000",50 to 60,500 to 600,Jun-24
RIVERSAILS,UPPER SERANGOON CRESCENT,19,Non-Landed Properties,3,"3,900",100 to 110,"1,100 to 1,200",Jun-24
RIVER ISLES,EDGEDALE PLAINS,19,Non-Landed Properties,3,"3,900",80 to 90,800 to 900,Jun-24
KENSINGTON SQUARE,JALAN LOKAM,19,Non-Landed Properties,1,"2,700",40 to 50,400 to 500,Jun-24
GAMBIR RIDGE,GAMBIR WALK,19,Non-Landed Properties,2,"3,400",60 to 70,700 to 800,Jun-24
SENGKANG GRAND RESIDENCES,COMPASSVALE BOW,19,Non-Landed Properties,2,"3,600",70 to 80,700 to 800,Jun-24
FOREST WOODS,LORONG LEW LIAN,19,Non-Landed Properties,2,"3,850",60 to 70,600 to 700,Jun-24
KOVAN MELODY,KOVAN ROAD,19,Non-Landed Properties,4,"5,500",120 to 130,"1,300 to 1,400",Jun-24
FLO RESIDENCE,PUNGGOL FIELD WALK,19,Non-Landed Properties,3,"4,000",90 to 100,"1,000 to 1,100",Jun-24
THE FLORENCE RESIDENCES,HOUGANG AVENUE 2,19,Non-Landed Properties,2,"3,700",50 to 60,600 to 700,Jun-24
GOLDEN HEIGHTS,SERANGOON AVENUE 3,19,Non-Landed Properties,3,"4,250",110 to 120,"1,200 to 1,300",Jun-24
THE TEMBUSU,TAMPINES ROAD,19,Non-Landed Properties,2,"3,800",70 to 80,700 to 800,Jun-24
STADIA,YIO CHU KANG ROAD,19,Non-Landed Properties,2,"2,900",80 to 90,800 to 900,Jun-24
RIVERSOUND RESIDENCE,SENGKANG EAST AVENUE,19,Non-Landed Properties,2,"3,300",70 to 80,700 to 800,Jun-24
SENGKANG GRAND RESIDENCES,COMPASSVALE BOW,19,Non-Landed Properties,3,"4,700",90 to 100,"1,000 to 1,100",Jun-24
FOREST WOODS,LORONG LEW LIAN,19,Non-Landed Properties,3,"4,500",90 to 100,"900 to 1,000",Jun-24
WATERTOWN,PUNGGOL CENTRAL,19,Non-Landed Properties,1,"2,250",50 to 60,500 to 600,Jun-24
THE FLORENCE RESIDENCES,HOUGANG AVENUE 2,19,Non-Landed Properties,2,"3,500",50 to 60,600 to 700,Jun-24
AFFINITY AT SERANGOON,SERANGOON NORTH AVENUE 1,19,Non-Landed Properties,3,"4,000",80 to 90,"900 to 1,000",Jun-24
AMARANDA GARDENS,SERANGOON AVENUE 3,19,Non-Landed Properties,3,"5,100",100 to 110,"1,100 to 1,200",Jun-24
WATERTOWN,PUNGGOL CENTRAL,19,Non-Landed Properties,2,"3,900",70 to 80,800 to 900,Jun-24
RESIDENCES BOTANIQUE,YIO CHU KANG ROAD,19,Non-Landed Properties,2,"3,600",80 to 90,800 to 900,Jun-24
SENGKANG GRAND RESIDENCES,COMPASSVALE BOW,19,Non-Landed Properties,1,"3,000",40 to 50,500 to 600,Jun-24
THE MINTON,HOUGANG STREET 11,19,Non-Landed Properties,3,"4,000",130 to 140,"1,400 to 1,500",Jun-24
TRILIVE,TAMPINES ROAD,19,Non-Landed Properties,2,"3,300",50 to 60,600 to 700,Jun-24
KOVAN REGENCY,KOVAN RISE,19,Non-Landed Properties,2,"3,450",50 to 60,500 to 600,Jun-24
PARC CENTROS,PUNGGOL CENTRAL,19,Non-Landed Properties,1,"2,800",40 to 50,400 to 500,Jun-24
KINGSFORD WATERBAY,UPPER SERANGOON VIEW,19,Non-Landed Properties,2,"3,400",60 to 70,600 to 700,Jun-24
THE FLORENCE RESIDENCES,HOUGANG AVENUE 2,19,Non-Landed Properties,1,"2,650",40 to 50,400 to 500,Jun-24
SPACE @ KOVAN,YIO CHU KANG ROAD,19,Non-Landed Properties,2,"2,900",50 to 60,600 to 700,Jun-24
THE QUARTZ,COMPASSVALE BOW,19,Non-Landed Properties,3,"4,800",120 to 130,"1,300 to 1,400",Jun-24
RIVER ISLES,EDGEDALE PLAINS,19,Non-Landed Properties,3,"3,700",80 to 90,"900 to 1,000",Jun-24
THE PROMENADE@PELIKAT,JALAN PELIKAT,19,Non-Landed Properties,1,"2,150",40 to 50,400 to 500,Jun-24
CASA CAMBIO,LIM TUA TOW ROAD,19,Non-Landed Properties,2,"2,900",40 to 50,400 to 500,Jun-24
SENGKANG GRAND RESIDENCES,COMPASSVALE BOW,19,Non-Landed Properties,1,"3,200",40 to 50,500 to 600,Jun-24
THE FLORENCE RESIDENCES,HOUGANG AVENUE 2,19,Non-Landed Properties,2,"3,600",60 to 70,600 to 700,Jun-24
REGENTVILLE,HOUGANG STREET 92,19,Non-Landed Properties,3,"3,200",100 to 110,"1,000 to 1,100",Jun-24
EVERGREEN PARK,HOUGANG AVENUE 7,19,Non-Landed Properties,3,"4,500",90 to 100,"1,000 to 1,100",Jun-24
LA FIESTA,SENGKANG SQUARE,19,Non-Landed Properties,2,"4,200",80 to 90,"900 to 1,000",Jun-24
TRILIVE,TAMPINES ROAD,19,Non-Landed Properties,2,"3,000",50 to 60,500 to 600,Jun-24
PARC CENTROS,PUNGGOL CENTRAL,19,Non-Landed Properties,3,"3,500",90 to 100,"900 to 1,000",Jun-24
THE GARDEN RESIDENCES,SERANGOON NORTH VIEW,19,Non-Landed Properties,2,"3,500",50 to 60,600 to 700,Jun-24
THE PROMENADE@PELIKAT,JALAN PELIKAT,19,Non-Landed Properties,2,"3,200",80 to 90,"900 to 1,000",Jun-24
WATERTOWN,PUNGGOL CENTRAL,19,Non-Landed Properties,1,"3,000",40 to 50,500 to 600,Jun-24
TANGERINE GROVE,PAYA LEBAR CRESCENT,19,Non-Landed Properties,3,"4,400",150 to 160,"1,600 to 1,700",Jun-24
BARTLEY RESIDENCES,LORONG HOW SUN,19,Non-Landed Properties,1,"2,600",40 to 50,400 to 500,Jun-24
THE VUE,UPPER PAYA LEBAR ROAD,19,Non-Landed Properties,3,"3,300",80 to 90,800 to 900,Jun-24
THE FLORENCE RESIDENCES,HOUGANG AVENUE 2,19,Non-Landed Properties,2,"3,450",60 to 70,600 to 700,Jun-24
BLISS@KOVAN,SIMON LANE,19,Non-Landed Properties,2,"3,800",70 to 80,800 to 900,Jun-24
KOVAN REGENCY,KOVAN RISE,19,Non-Landed Properties,1,"3,200",50 to 60,600 to 700,Jun-24
THE VUE,UPPER PAYA LEBAR ROAD,19,Non-Landed Properties,2,"3,500",90 to 100,"1,000 to 1,100",Jun-24
HILBRE28,HILLSIDE DRIVE,19,Non-Landed Properties,2,"2,600",40 to 50,400 to 500,Jun-24
BOTANIQUE AT BARTLEY,UPPER PAYA LEBAR ROAD,19,Non-Landed Properties,3,"4,500",80 to 90,"900 to 1,000",Jun-24
RIVER ISLES,EDGEDALE PLAINS,19,Non-Landed Properties,3,"3,850",100 to 110,"1,100 to 1,200",Jun-24
A TREASURE TROVE,PUNGGOL WALK,19,Non-Landed Properties,2,"4,000",110 to 120,"1,100 to 1,200",Jun-24
KOVAN GRANDEUR,TAMPINES ROAD,19,Non-Landed Properties,NA,"2,400",30 to 40,300 to 400,Jun-24
FLO RESIDENCE,PUNGGOL FIELD WALK,19,Non-Landed Properties,2,"3,500",70 to 80,700 to 800,Jun-24
THE SCALA,SERANGOON AVENUE 3,19,Non-Landed Properties,1,"3,300",40 to 50,400 to 500,Jun-24
KENSINGTON PARK CONDOMINIUM,KENSINGTON PARK DRIVE,19,Non-Landed Properties,3,"4,800",150 to 160,"1,600 to 1,700",Jun-24
THE MINTON,HOUGANG STREET 11,19,Non-Landed Properties,2,"4,500",90 to 100,"900 to 1,000",Jun-24
WATERTOWN,PUNGGOL CENTRAL,19,Non-Landed Properties,1,"3,100",50 to 60,500 to 600,Jun-24
SENGKANG GRAND RESIDENCES,COMPASSVALE BOW,19,Non-Landed Properties,3,"4,500",80 to 90,"900 to 1,000",Jun-24
PARC CENTROS,PUNGGOL CENTRAL,19,Non-Landed Properties,1,"2,550",40 to 50,400 to 500,Jun-24
THE FLORENCE RESIDENCES,HOUGANG AVENUE 2,19,Non-Landed Properties,1,"3,000",40 to 50,500 to 600,Jun-24
RIVERVALE CREST,RIVERVALE CRESCENT,19,Non-Landed Properties,3,"3,800",110 to 120,"1,200 to 1,300",Jun-24
THE CHUAN,LORONG CHUAN,19,Non-Landed Properties,3,"7,000",110 to 120,"1,200 to 1,300",Jun-24
LA FIESTA,SENGKANG SQUARE,19,Non-Landed Properties,2,"3,500",60 to 70,700 to 800,Jun-24
STARS OF KOVAN,UPPER SERANGOON ROAD,19,Non-Landed Properties,1,"2,800",40 to 50,500 to 600,Jun-24
VIBES @ KOVAN,KOVAN ROAD,19,Non-Landed Properties,1,"2,350",30 to 40,400 to 500,Jun-24
A TREASURE TROVE,PUNGGOL WALK,19,Non-Landed Properties,2,"3,300",70 to 80,700 to 800,Jun-24
SENGKANG GRAND RESIDENCES,COMPASSVALE BOW,19,Non-Landed Properties,2,"3,750",60 to 70,600 to 700,Jun-24
THE SCALA,SERANGOON AVENUE 3,19,Non-Landed Properties,2,"4,450",80 to 90,800 to 900,Jun-24
WATERTOWN,PUNGGOL CENTRAL,19,Non-Landed Properties,1,"2,800",50 to 60,500 to 600,Jun-24
RIVERFRONT RESIDENCES,HOUGANG AVENUE 7,19,Non-Landed Properties,1,"2,600",40 to 50,400 to 500,Jun-24
FORTUNE PARK,TAMPINES ROAD,19,Non-Landed Properties,3,"4,200",120 to 130,"1,200 to 1,300",Jun-24
THE GARDEN RESIDENCES,SERANGOON NORTH VIEW,19,Non-Landed Properties,3,"4,100",90 to 100,"1,000 to 1,100",Jun-24
THE SPRINGBLOOM,SERANGOON AVENUE 3,19,Non-Landed Properties,2,"3,500",100 to 110,"1,100 to 1,200",Jun-24
SENGKANG GRAND RESIDENCES,COMPASSVALE BOW,19,Non-Landed Properties,3,"4,400",90 to 100,"1,000 to 1,100",Jun-24
KOVAN REGENCY,KOVAN RISE,19,Non-Landed Properties,3,"4,300",90 to 100,"900 to 1,000",Jun-24
BARTLEY RESIDENCES,LORONG HOW SUN,19,Non-Landed Properties,2,"4,200",80 to 90,"900 to 1,000",Jun-24
NON-LANDED HOUSING DEVELOPMENT,UPPER PAYA LEBAR ROAD,19,Non-Landed Properties,NA,"4,700",60 to 70,700 to 800,Jun-24
THE FLORENCE RESIDENCES,HOUGANG AVENUE 2,19,Non-Landed Properties,NA,"3,000",50 to 60,600 to 700,Jun-24
MIDTOWN RESIDENCES,UPPER SERANGOON ROAD,19,Non-Landed Properties,2,"3,300",60 to 70,600 to 700,Jun-24
RIVERSOUND RESIDENCE,SENGKANG EAST AVENUE,19,Non-Landed Properties,3,"4,000",80 to 90,"900 to 1,000",Jun-24
THE FLORENCE RESIDENCES,HOUGANG AVENUE 2,19,Non-Landed Properties,2,"3,500",60 to 70,700 to 800,Jun-24
SPAZIO @ KOVAN,UPPER SERANGOON ROAD,19,Non-Landed Properties,2,"3,700",100 to 110,"1,000 to 1,100",Jun-24
JADE RESIDENCES,LEW LIAN VALE,19,Non-Landed Properties,2,"3,000",50 to 60,500 to 600,Jun-24
HILBRE28,HILLSIDE DRIVE,19,Non-Landed Properties,3,"2,600",70 to 80,800 to 900,Jun-24
THE FLORENCE RESIDENCES,HOUGANG AVENUE 2,19,Non-Landed Properties,2,"3,450",50 to 60,600 to 700,Jun-24
KOVAN REGENCY,KOVAN RISE,19,Non-Landed Properties,3,"4,000",90 to 100,"900 to 1,000",Jun-24
AMARANDA GARDENS,SERANGOON AVENUE 3,19,Non-Landed Properties,2,"4,300",90 to 100,"900 to 1,000",Jun-24
THE FLORENCE RESIDENCES,HOUGANG AVENUE 2,19,Non-Landed Properties,1,"2,800",40 to 50,400 to 500,Jun-24
SANCTUARY @ 813,UPPER SERANGOON ROAD,19,Non-Landed Properties,1,"2,800",40 to 50,500 to 600,Jun-24
THE FLORENCE RESIDENCES,HOUGANG AVENUE 2,19,Non-Landed Properties,2,"3,300",60 to 70,600 to 700,Jun-24
WATERTOWN,PUNGGOL CENTRAL,19,Non-Landed Properties,1,"2,700",40 to 50,500 to 600,Jun-24
BARTLEY RESIDENCES,LORONG HOW SUN,19,Non-Landed Properties,3,"4,300",90 to 100,"1,000 to 1,100",Jun-24
WATERTOWN,PUNGGOL CENTRAL,19,Non-Landed Properties,1,"3,100",50 to 60,500 to 600,Jun-24
KINGSFORD WATERBAY,UPPER SERANGOON VIEW,19,Non-Landed Properties,3,"4,000",80 to 90,800 to 900,Jun-24
THE SCALA,SERANGOON AVENUE 3,19,Non-Landed Properties,3,"5,100",90 to 100,"1,000 to 1,100",Jun-24
KINGSFORD WATERBAY,UPPER SERANGOON VIEW,19,Non-Landed Properties,2,"3,300",60 to 70,600 to 700,Jun-24
STARS OF KOVAN,UPPER SERANGOON ROAD,19,Non-Landed Properties,1,"3,500",40 to 50,500 to 600,Jun-24
THE MINTON,HOUGANG STREET 11,19,Non-Landed Properties,NA,"3,500",60 to 70,600 to 700,Jun-24
THE FLORENCE RESIDENCES,HOUGANG AVENUE 2,19,Non-Landed Properties,1,"2,900",40 to 50,400 to 500,Jun-24
A TREASURE TROVE,PUNGGOL WALK,19,Non-Landed Properties,3,"4,100",110 to 120,"1,200 to 1,300",Jun-24
THE TEMBUSU,TAMPINES ROAD,19,Non-Landed Properties,3,"4,000",90 to 100,"1,000 to 1,100",Jun-24
RIVERSOUND RESIDENCE,SENGKANG EAST AVENUE,19,Non-Landed Properties,2,"2,950",70 to 80,700 to 800,Jun-24
KOVAN PRIMERA,KOVAN ROAD,19,Non-Landed Properties,2,"3,100",100 to 110,"1,100 to 1,200",Jun-24
VIBES@UPPER SERANGOON,UPPER SERANGOON ROAD,19,Non-Landed Properties,2,"3,100",70 to 80,800 to 900,Jun-24
EDEN VIEW,EDEN GROVE,19,Non-Landed Properties,1,"2,500",60 to 70,700 to 800,Jun-24
RIVERFRONT RESIDENCES,HOUGANG AVENUE 7,19,Non-Landed Properties,1,"2,700",40 to 50,400 to 500,Jun-24
SENGKANG GRAND RESIDENCES,COMPASSVALE BOW,19,Non-Landed Properties,NA,"4,200",80 to 90,"900 to 1,000",Jun-24
BARTLEY RESIDENCES,LORONG HOW SUN,19,Non-Landed Properties,3,"4,700",100 to 110,"1,000 to 1,100",Jun-24
WATERTOWN,PUNGGOL CENTRAL,19,Non-Landed Properties,2,"4,200",80 to 90,"900 to 1,000",Jun-24
EVERGREEN PARK,HOUGANG AVENUE 7,19,Non-Landed Properties,3,"3,800",110 to 120,"1,200 to 1,300",Jun-24
JEWEL @ BUANGKOK,COMPASSVALE BOW,19,Non-Landed Properties,5,"5,900",150 to 160,"1,600 to 1,700",Jun-24
NON-LANDED HOUSING DEVELOPMENT,UPPER PAYA LEBAR ROAD,19,Non-Landed Properties,NA,"4,000",80 to 90,800 to 900,Jun-24
KOVAN REGENCY,KOVAN RISE,19,Non-Landed Properties,4,"7,200",190 to 200,"2,100 to 2,200",Jun-24
THE TEMBUSU,TAMPINES ROAD,19,Non-Landed Properties,1,"3,000",40 to 50,400 to 500,Jun-24
A TREASURE TROVE,PUNGGOL WALK,19,Non-Landed Properties,3,"4,500",90 to 100,"1,000 to 1,100",Jun-24
SENGKANG GRAND RESIDENCES,COMPASSVALE BOW,19,Non-Landed Properties,NA,"3,800",70 to 80,700 to 800,Jun-24
THE LUXURIE,COMPASSVALE ROAD,19,Non-Landed Properties,2,"3,450",70 to 80,700 to 800,Jun-24
TERRASSE,TERRASSE LANE,19,Non-Landed Properties,2,"3,500",70 to 80,800 to 900,Jun-24
AFFINITY AT SERANGOON,SERANGOON NORTH AVENUE 1,19,Non-Landed Properties,3,"4,400",80 to 90,"900 to 1,000",Jun-24
CASA CAMBIO,LIM TUA TOW ROAD,19,Non-Landed Properties,1,"2,900",40 to 50,400 to 500,Jun-24
THE LUXURIE,COMPASSVALE ROAD,19,Non-Landed Properties,1,"2,700",40 to 50,400 to 500,Jun-24
MIDTOWN RESIDENCES,UPPER SERANGOON ROAD,19,Non-Landed Properties,3,"4,200",60 to 70,700 to 800,Jun-24
LA FIESTA,SENGKANG SQUARE,19,Non-Landed Properties,3,"3,800",80 to 90,800 to 900,Jun-24
THE MINTON,HOUGANG STREET 11,19,Non-Landed Properties,2,"3,600",90 to 100,"900 to 1,000",Jun-24
PARC CENTROS,PUNGGOL CENTRAL,19,Non-Landed Properties,3,"4,200",90 to 100,"900 to 1,000",Jun-24
SENGKANG GRAND RESIDENCES,COMPASSVALE BOW,19,Non-Landed Properties,NA,"4,200",80 to 90,"900 to 1,000",Jun-24
THE LUXURIE,COMPASSVALE ROAD,19,Non-Landed Properties,2,"3,800",90 to 100,"1,000 to 1,100",Jun-24
RIVERFRONT RESIDENCES,HOUGANG AVENUE 7,19,Non-Landed Properties,2,"3,500",50 to 60,600 to 700,Jun-24
GAMBIR RIDGE,GAMBIR WALK,19,Non-Landed Properties,2,"3,400",80 to 90,800 to 900,Jun-24
RIVERVALE CREST,RIVERVALE CRESCENT,19,Non-Landed Properties,3,"4,000",110 to 120,"1,100 to 1,200",Jun-24
FOREST WOODS,LORONG LEW LIAN,19,Non-Landed Properties,3,"5,300",90 to 100,"900 to 1,000",Jun-24
RIVERFRONT RESIDENCES,HOUGANG AVENUE 7,19,Non-Landed Properties,1,"3,200",50 to 60,600 to 700,Jun-24
PARC VERA,HOUGANG STREET 32,19,Non-Landed Properties,2,"2,800",70 to 80,700 to 800,Jun-24
REGENTVILLE,HOUGANG STREET 92,19,Non-Landed Properties,2,"3,400",160 to 170,"1,700 to 1,800",Jun-24
SUNGLADE,SERANGOON AVENUE 2,19,Non-Landed Properties,2,"3,900",80 to 90,800 to 900,Jun-24
PARC CENTROS,PUNGGOL CENTRAL,19,Non-Landed Properties,4,"5,100",120 to 130,"1,300 to 1,400",Jun-24
ISUITES @ TANI,JALAN TANI,19,Non-Landed Properties,2,"2,800",50 to 60,600 to 700,Jun-24
LA FIESTA,SENGKANG SQUARE,19,Non-Landed Properties,1,"3,300",40 to 50,500 to 600,Jun-24
THE TEMBUSU,TAMPINES ROAD,19,Non-Landed Properties,2,"3,200",70 to 80,700 to 800,Jun-24
BARTLEY RESIDENCES,LORONG HOW SUN,19,Non-Landed Properties,2,"3,800",70 to 80,700 to 800,Jun-24
PARC VERA,HOUGANG STREET 32,19,Non-Landed Properties,4,"6,500",270 to 280,"2,900 to 3,000",Jun-24
KINGSFORD WATERBAY,UPPER SERANGOON VIEW,19,Non-Landed Properties,2,"3,250",60 to 70,600 to 700,Jun-24
THE MINTON,HOUGANG STREET 11,19,Non-Landed Properties,2,"3,500",90 to 100,"900 to 1,000",Jun-24
A TREASURE TROVE,PUNGGOL WALK,19,Non-Landed Properties,2,"3,400",70 to 80,700 to 800,Jun-24
AFFINITY AT SERANGOON,SERANGOON NORTH AVENUE 1,19,Non-Landed Properties,2,"3,700",60 to 70,700 to 800,Jun-24
KINGSFORD WATERBAY,UPPER SERANGOON VIEW,19,Non-Landed Properties,2,"3,100",60 to 70,600 to 700,May-24
BLISS@KOVAN,SIMON LANE,19,Non-Landed Properties,3,"4,400",110 to 120,"1,200 to 1,300",May-24
FLO RESIDENCE,PUNGGOL FIELD WALK,19,Non-Landed Properties,3,"4,500",110 to 120,"1,100 to 1,200",May-24
WATERTOWN,PUNGGOL CENTRAL,19,Non-Landed Properties,1,"2,800",40 to 50,500 to 600,May-24
BARTLEY RESIDENCES,LORONG HOW SUN,19,Non-Landed Properties,4,"5,500",120 to 130,"1,300 to 1,400",May-24
STADIA,YIO CHU KANG ROAD,19,Non-Landed Properties,1,"2,950",50 to 60,500 to 600,May-24
REGENTVILLE,HOUGANG STREET 92,19,Non-Landed Properties,3,"3,500",100 to 110,"1,100 to 1,200",May-24
RIVERSAILS,UPPER SERANGOON CRESCENT,19,Non-Landed Properties,1,"2,400",40 to 50,500 to 600,May-24
THE LUXURIE,COMPASSVALE ROAD,19,Non-Landed Properties,3,"4,200",90 to 100,"1,000 to 1,100",May-24
KINGSFORD WATERBAY,UPPER SERANGOON VIEW,19,Non-Landed Properties,3,"4,200",90 to 100,"1,000 to 1,100",May-24
A TREASURE TROVE,PUNGGOL WALK,19,Non-Landed Properties,2,"3,100",70 to 80,700 to 800,May-24
SENGKANG GRAND RESIDENCES,COMPASSVALE BOW,19,Non-Landed Properties,NA,"4,250",80 to 90,"900 to 1,000",May-24
AFFINITY AT SERANGOON,SERANGOON NORTH AVENUE 1,19,Non-Landed Properties,1,"3,000",50 to 60,600 to 700,May-24
KENSINGTON SQUARE,JALAN LOKAM,19,Non-Landed Properties,2,"3,200",50 to 60,600 to 700,May-24
AFFINITY AT SERANGOON,SERANGOON NORTH AVENUE 1,19,Non-Landed Properties,1,"3,000",40 to 50,400 to 500,May-24
WATERTOWN,PUNGGOL CENTRAL,19,Non-Landed Properties,1,"2,850",40 to 50,500 to 600,May-24
KOVAN REGENCY,KOVAN RISE,19,Non-Landed Properties,3,"4,500",90 to 100,"1,000 to 1,100",May-24
THE FLORENCE RESIDENCES,HOUGANG AVENUE 2,19,Non-Landed Properties,2,"3,300",60 to 70,600 to 700,May-24
THE GARDEN RESIDENCES,SERANGOON NORTH VIEW,19,Non-Landed Properties,1,"2,850",40 to 50,400 to 500,May-24
KOVAN MELODY,KOVAN ROAD,19,Non-Landed Properties,2,"3,950",80 to 90,"900 to 1,000",May-24
REGENTVILLE,HOUGANG STREET 92,19,Non-Landed Properties,3,"3,300",100 to 110,"1,000 to 1,100",May-24
NAUNG RESIDENCE,JALAN NAUNG,19,Non-Landed Properties,2,"3,250",70 to 80,700 to 800,May-24
WATERTOWN,PUNGGOL CENTRAL,19,Non-Landed Properties,4,"6,500",120 to 130,"1,300 to 1,400",May-24
AFFINITY AT SERANGOON,SERANGOON NORTH AVENUE 1,19,Non-Landed Properties,2,"3,300",70 to 80,700 to 800,May-24
SPACE @ KOVAN,YIO CHU KANG ROAD,19,Non-Landed Properties,1,"2,500",40 to 50,400 to 500,May-24
PARC CENTROS,PUNGGOL CENTRAL,19,Non-Landed Properties,3,"4,400",100 to 110,"1,100 to 1,200",May-24
KOVAN RESIDENCES,KOVAN ROAD,19,Non-Landed Properties,3,"5,300",110 to 120,"1,200 to 1,300",May-24
FOREST WOODS,LORONG LEW LIAN,19,Non-Landed Properties,2,"4,400",60 to 70,700 to 800,May-24
PARC CENTROS,PUNGGOL CENTRAL,19,Non-Landed Properties,1,"2,800",40 to 50,400 to 500,May-24
SPACE @ KOVAN,YIO CHU KANG ROAD,19,Non-Landed Properties,1,"2,700",30 to 40,400 to 500,May-24
KINGSFORD WATERBAY,UPPER SERANGOON VIEW,19,Non-Landed Properties,2,"3,300",50 to 60,600 to 700,May-24
COMPASS HEIGHTS,SENGKANG SQUARE,19,Non-Landed Properties,3,"4,700",120 to 130,"1,200 to 1,300",May-24
BARTLEY RESIDENCES,LORONG HOW SUN,19,Non-Landed Properties,4,"5,200",120 to 130,"1,300 to 1,400",May-24
THE SCALA,SERANGOON AVENUE 3,19,Non-Landed Properties,2,"4,000",70 to 80,800 to 900,May-24
THE SCALA,SERANGOON AVENUE 3,19,Non-Landed Properties,1,"3,200",40 to 50,400 to 500,May-24
KINGSFORD WATERBAY,UPPER SERANGOON VIEW,19,Non-Landed Properties,3,"3,550",80 to 90,"900 to 1,000",May-24
PARKWOOD RESIDENCES,YIO CHU KANG ROAD,19,Non-Landed Properties,3,"4,300",100 to 110,"1,000 to 1,100",May-24
STADIA,YIO CHU KANG ROAD,19,Non-Landed Properties,2,"3,200",80 to 90,800 to 900,May-24
BARTLEY RESIDENCES,LORONG HOW SUN,19,Non-Landed Properties,1,"2,800",40 to 50,400 to 500,May-24
AFFINITY AT SERANGOON,SERANGOON NORTH AVENUE 1,19,Non-Landed Properties,1,"2,800",40 to 50,400 to 500,May-24
THE FLORENCE RESIDENCES,HOUGANG AVENUE 2,19,Non-Landed Properties,2,"3,500",50 to 60,600 to 700,May-24
THE LILIUM,HOW SUN ROAD,19,Non-Landed Properties,2,"3,700",60 to 70,700 to 800,May-24
WATERTOWN,PUNGGOL CENTRAL,19,Non-Landed Properties,3,"5,450",110 to 120,"1,200 to 1,300",May-24
THE GARDEN RESIDENCES,SERANGOON NORTH VIEW,19,Non-Landed Properties,2,"3,500",50 to 60,600 to 700,May-24
RIVERFRONT RESIDENCES,HOUGANG AVENUE 7,19,Non-Landed Properties,1,"2,700",40 to 50,400 to 500,May-24
KENSINGTON PARK CONDOMINIUM,KENSINGTON PARK DRIVE,19,Non-Landed Properties,3,"3,950",110 to 120,"1,200 to 1,300",May-24
THE SCALA,SERANGOON AVENUE 3,19,Non-Landed Properties,3,"5,800",90 to 100,"1,000 to 1,100",May-24
PARC CENTROS,PUNGGOL CENTRAL,19,Non-Landed Properties,1,"2,600",40 to 50,400 to 500,May-24
SENGKANG GRAND RESIDENCES,COMPASSVALE BOW,19,Non-Landed Properties,3,"4,600",80 to 90,"900 to 1,000",May-24
CAMBIO SUITES,LIM TUA TOW ROAD,19,Non-Landed Properties,3,"3,700",70 to 80,800 to 900,May-24
SENGKANG GRAND RESIDENCES,COMPASSVALE BOW,19,Non-Landed Properties,1,"2,900",40 to 50,400 to 500,May-24
WATERTOWN,PUNGGOL CENTRAL,19,Non-Landed Properties,1,"3,200",50 to 60,500 to 600,May-24
KINGSFORD WATERBAY,UPPER SERANGOON VIEW,19,Non-Landed Properties,1,"2,500",40 to 50,400 to 500,May-24
A TREASURE TROVE,PUNGGOL WALK,19,Non-Landed Properties,2,"3,880",80 to 90,"900 to 1,000",May-24
NAUNG RESIDENCE,JALAN NAUNG,19,Non-Landed Properties,1,"2,800",50 to 60,500 to 600,May-24
SUNGLADE,SERANGOON AVENUE 2,19,Non-Landed Properties,2,"4,000",80 to 90,800 to 900,May-24
WATERTOWN,PUNGGOL CENTRAL,19,Non-Landed Properties,2,"4,500",80 to 90,"900 to 1,000",May-24
AFFINITY AT SERANGOON,SERANGOON NORTH AVENUE 1,19,Non-Landed Properties,2,"3,400",50 to 60,600 to 700,May-24
FLO RESIDENCE,PUNGGOL FIELD WALK,19,Non-Landed Properties,3,"4,200",80 to 90,"900 to 1,000",May-24
BOTANIQUE AT BARTLEY,UPPER PAYA LEBAR ROAD,19,Non-Landed Properties,1,"3,200",40 to 50,400 to 500,May-24
THE FLORENCE RESIDENCES,HOUGANG AVENUE 2,19,Non-Landed Properties,3,"4,300",80 to 90,"900 to 1,000",May-24
STARS OF KOVAN,UPPER SERANGOON ROAD,19,Non-Landed Properties,2,"3,800",60 to 70,700 to 800,May-24
KINGSFORD WATERBAY,UPPER SERANGOON VIEW,19,Non-Landed Properties,3,"3,700",80 to 90,800 to 900,May-24
THE FLORENCE RESIDENCES,HOUGANG AVENUE 2,19,Non-Landed Properties,2,"3,200",50 to 60,600 to 700,May-24
NON-LANDED HOUSING DEVELOPMENT,UPPER SERANGOON ROAD,19,Non-Landed Properties,NA,"3,900",110 to 120,"1,100 to 1,200",May-24
SENGKANG GRAND RESIDENCES,COMPASSVALE BOW,19,Non-Landed Properties,NA,"3,600",60 to 70,700 to 800,May-24
THE FLORENCE RESIDENCES,HOUGANG AVENUE 2,19,Non-Landed Properties,1,"2,800",40 to 50,500 to 600,May-24
RIVERFRONT RESIDENCES,HOUGANG AVENUE 7,19,Non-Landed Properties,2,"3,000",50 to 60,600 to 700,May-24
KINGSFORD WATERBAY,UPPER SERANGOON VIEW,19,Non-Landed Properties,3,"3,300",70 to 80,800 to 900,May-24
CASA CAMBIO,LIM TUA TOW ROAD,19,Non-Landed Properties,2,"2,700",40 to 50,400 to 500,May-24
JEWEL @ BUANGKOK,COMPASSVALE BOW,19,Non-Landed Properties,1,"2,800",40 to 50,400 to 500,May-24
SENGKANG GRAND RESIDENCES,COMPASSVALE BOW,19,Non-Landed Properties,NA,"4,100",80 to 90,"900 to 1,000",May-24
WATERTOWN,PUNGGOL CENTRAL,19,Non-Landed Properties,NA,"2,900",50 to 60,600 to 700,May-24
WATERTOWN,PUNGGOL CENTRAL,19,Non-Landed Properties,2,"4,000",80 to 90,"900 to 1,000",May-24
BARTLEY RESIDENCES,LORONG HOW SUN,19,Non-Landed Properties,3,"4,500",100 to 110,"1,000 to 1,100",May-24
FOREST WOODS,LORONG LEW LIAN,19,Non-Landed Properties,2,"3,900",60 to 70,600 to 700,May-24
RIVERFRONT RESIDENCES,HOUGANG AVENUE 7,19,Non-Landed Properties,1,"2,850",40 to 50,500 to 600,May-24
FOREST WOODS,LORONG LEW LIAN,19,Non-Landed Properties,2,"3,900",60 to 70,600 to 700,May-24
KENSINGTON PARK CONDOMINIUM,KENSINGTON PARK DRIVE,19,Non-Landed Properties,3,"5,200",150 to 160,"1,600 to 1,700",May-24
JADE RESIDENCES,LEW LIAN VALE,19,Non-Landed Properties,3,"3,900",70 to 80,700 to 800,May-24
NON-LANDED HOUSING DEVELOPMENT,UPPER PAYA LEBAR ROAD,19,Non-Landed Properties,NA,"4,400",60 to 70,700 to 800,May-24
THE FLORENCE RESIDENCES,HOUGANG AVENUE 2,19,Non-Landed Properties,NA,"3,200",40 to 50,400 to 500,May-24
A TREASURE TROVE,PUNGGOL WALK,19,Non-Landed Properties,2,"3,800",70 to 80,700 to 800,May-24
FOREST WOODS,LORONG LEW LIAN,19,Non-Landed Properties,1,"3,150",40 to 50,500 to 600,May-24
ROSALIA PARK,LORONG ONG LYE,19,Non-Landed Properties,2,"3,650",100 to 110,"1,100 to 1,200",May-24
MIDTOWN RESIDENCES,UPPER SERANGOON ROAD,19,Non-Landed Properties,3,"4,000",60 to 70,600 to 700,May-24
A TREASURE TROVE,PUNGGOL WALK,19,Non-Landed Properties,3,"4,400",90 to 100,"1,000 to 1,100",May-24
FLO RESIDENCE,PUNGGOL FIELD WALK,19,Non-Landed Properties,2,"3,450",70 to 80,700 to 800,May-24
A TREASURE TROVE,PUNGGOL WALK,19,Non-Landed Properties,3,"4,800",110 to 120,"1,200 to 1,300",May-24
SUNGLADE,SERANGOON AVENUE 2,19,Non-Landed Properties,3,"5,500",120 to 130,"1,300 to 1,400",May-24
LA FIESTA,SENGKANG SQUARE,19,Non-Landed Properties,2,"3,400",70 to 80,700 to 800,May-24
TRILIVE,TAMPINES ROAD,19,Non-Landed Properties,2,"3,300",50 to 60,500 to 600,May-24
BOTANIQUE AT BARTLEY,UPPER PAYA LEBAR ROAD,19,Non-Landed Properties,2,"3,900",60 to 70,700 to 800,May-24
TERRASSE,TERRASSE LANE,19,Non-Landed Properties,2,"3,000",70 to 80,800 to 900,May-24
RIVER ISLES,EDGEDALE PLAINS,19,Non-Landed Properties,4,"4,050",110 to 120,"1,200 to 1,300",May-24
A TREASURE TROVE,PUNGGOL WALK,19,Non-Landed Properties,2,"3,400",70 to 80,700 to 800,May-24
THE SCALA,SERANGOON AVENUE 3,19,Non-Landed Properties,2,"4,800",80 to 90,800 to 900,May-24
EDEN VIEW,EDEN GROVE,19,Non-Landed Properties,3,"4,150",100 to 110,"1,000 to 1,100",May-24
AFFINITY AT SERANGOON,SERANGOON NORTH AVENUE 1,19,Non-Landed Properties,3,"4,950",100 to 110,"1,000 to 1,100",May-24
VIBES @ KOVAN,KOVAN ROAD,19,Non-Landed Properties,2,"2,800",50 to 60,500 to 600,May-24
A TREASURE TROVE,PUNGGOL WALK,19,Non-Landed Properties,2,"3,900",80 to 90,"900 to 1,000",May-24
KOVAN MELODY,KOVAN ROAD,19,Non-Landed Properties,3,"4,375",100 to 110,"1,100 to 1,200",May-24
NON-LANDED HOUSING DEVELOPMENT,UPPER PAYA LEBAR ROAD,19,Non-Landed Properties,NA,"5,000",60 to 70,700 to 800,May-24
A TREASURE TROVE,PUNGGOL WALK,19,Non-Landed Properties,3,"4,400",110 to 120,"1,200 to 1,300",May-24
AFFINITY AT SERANGOON,SERANGOON NORTH AVENUE 1,19,Non-Landed Properties,1,"2,800",40 to 50,400 to 500,May-24
FLO RESIDENCE,PUNGGOL FIELD WALK,19,Non-Landed Properties,3,"4,200",80 to 90,"900 to 1,000",May-24
RIVERVALE CREST,RIVERVALE CRESCENT,19,Non-Landed Properties,2,"2,800",90 to 100,"900 to 1,000",May-24
PARC CENTROS,PUNGGOL CENTRAL,19,Non-Landed Properties,1,"2,600",40 to 50,400 to 500,May-24
AFFINITY AT SERANGOON,SERANGOON NORTH AVENUE 1,19,Non-Landed Properties,3,"4,200",80 to 90,"900 to 1,000",May-24
SUNGLADE,SERANGOON AVENUE 2,19,Non-Landed Properties,2,"3,881",90 to 100,"1,000 to 1,100",May-24
KOVAN RESIDENCES,KOVAN ROAD,19,Non-Landed Properties,3,"4,800",110 to 120,"1,200 to 1,300",May-24
SENGKANG GRAND RESIDENCES,COMPASSVALE BOW,19,Non-Landed Properties,2,"3,800",70 to 80,700 to 800,May-24
THE FLORENCE RESIDENCES,HOUGANG AVENUE 2,19,Non-Landed Properties,2,"3,300",50 to 60,600 to 700,May-24
A TREASURE TROVE,PUNGGOL WALK,19,Non-Landed Properties,3,"4,800",100 to 110,"1,100 to 1,200",May-24
AFFINITY AT SERANGOON,SERANGOON NORTH AVENUE 1,19,Non-Landed Properties,1,"3,200",50 to 60,600 to 700,May-24
TERRASSE,TERRASSE LANE,19,Non-Landed Properties,2,"3,250",70 to 80,700 to 800,May-24
RESIDENCES BOTANIQUE,YIO CHU KANG ROAD,19,Non-Landed Properties,NA,"2,700",40 to 50,500 to 600,May-24
THE VUE,UPPER PAYA LEBAR ROAD,19,Non-Landed Properties,1,"2,200",30 to 40,400 to 500,May-24
WATERTOWN,PUNGGOL CENTRAL,19,Non-Landed Properties,2,"3,800",70 to 80,800 to 900,May-24
THE TEMBUSU,TAMPINES ROAD,19,Non-Landed Properties,1,"2,650",40 to 50,400 to 500,May-24
A TREASURE TROVE,PUNGGOL WALK,19,Non-Landed Properties,3,"4,500",110 to 120,"1,200 to 1,300",May-24
21 RICHARDS,RICHARDS AVENUE,19,Non-Landed Properties,1,"2,800",30 to 40,400 to 500,May-24
ISUITES @ PALM,GLASGOW ROAD,19,Non-Landed Properties,1,"2,500",40 to 50,400 to 500,May-24
LA FIESTA,SENGKANG SQUARE,19,Non-Landed Properties,1,"2,600",40 to 50,400 to 500,May-24
LA FIESTA,SENGKANG SQUARE,19,Non-Landed Properties,2,"3,300",70 to 80,700 to 800,May-24
THE CHUAN,LORONG CHUAN,19,Non-Landed Properties,4,"8,400",150 to 160,"1,600 to 1,700",May-24
MIDTOWN RESIDENCES,UPPER SERANGOON ROAD,19,Non-Landed Properties,2,"3,300",60 to 70,600 to 700,May-24
RIVERSAILS,UPPER SERANGOON CRESCENT,19,Non-Landed Properties,1,"2,500",40 to 50,500 to 600,May-24
AFFINITY AT SERANGOON,SERANGOON NORTH AVENUE 1,19,Non-Landed Properties,1,"2,800",40 to 50,400 to 500,May-24
THE MINTON,HOUGANG STREET 11,19,Non-Landed Properties,2,"3,800",90 to 100,"900 to 1,000",May-24
A TREASURE TROVE,PUNGGOL WALK,19,Non-Landed Properties,2,"3,600",70 to 80,700 to 800,May-24
REGENTVILLE,HOUGANG STREET 92,19,Non-Landed Properties,3,"3,900",100 to 110,"1,100 to 1,200",May-24
VIBES@UPPER SERANGOON,UPPER SERANGOON ROAD,19,Non-Landed Properties,1,"2,500",40 to 50,400 to 500,May-24
JEWEL @ BUANGKOK,COMPASSVALE BOW,19,Non-Landed Properties,3,"4,800",100 to 110,"1,100 to 1,200",May-24
BARTLEY RESIDENCES,LORONG HOW SUN,19,Non-Landed Properties,2,"4,300",80 to 90,800 to 900,May-24
57 @ KOVAN,KOVAN ROAD,19,Non-Landed Properties,2,"3,500",90 to 100,"1,000 to 1,100",May-24
RIVERSOUND RESIDENCE,SENGKANG EAST AVENUE,19,Non-Landed Properties,3,"3,900",90 to 100,"1,000 to 1,100",May-24
THE LUXURIE,COMPASSVALE ROAD,19,Non-Landed Properties,2,"3,200",60 to 70,700 to 800,May-24
PARC CENTROS,PUNGGOL CENTRAL,19,Non-Landed Properties,3,"4,000",90 to 100,"900 to 1,000",May-24
KINGSFORD WATERBAY,UPPER SERANGOON VIEW,19,Non-Landed Properties,2,"3,000",60 to 70,600 to 700,May-24
TERRASSE,TERRASSE LANE,19,Non-Landed Properties,2,"3,200",70 to 80,700 to 800,May-24
RESIDENCES BOTANIQUE,YIO CHU KANG ROAD,19,Non-Landed Properties,2,"3,800",90 to 100,"1,000 to 1,100",May-24
EVERGREEN PARK,HOUGANG AVENUE 7,19,Non-Landed Properties,3,"4,350",100 to 110,"1,100 to 1,200",May-24
A TREASURE TROVE,PUNGGOL WALK,19,Non-Landed Properties,2,"3,600",80 to 90,"900 to 1,000",May-24
THE GAZANIA,HOW SUN DRIVE,19,Non-Landed Properties,2,"3,700",50 to 60,600 to 700,May-24
KOVAN MELODY,KOVAN ROAD,19,Non-Landed Properties,2,"4,200",80 to 90,"900 to 1,000",May-24
KINGSFORD WATERBAY,UPPER SERANGOON VIEW,19,Non-Landed Properties,3,"3,500",80 to 90,800 to 900,May-24
WATERTOWN,PUNGGOL CENTRAL,19,Non-Landed Properties,NA,"2,800",50 to 60,500 to 600,May-24
KENSINGTON SQUARE,JALAN LOKAM,19,Non-Landed Properties,1,"2,500",40 to 50,400 to 500,May-24
CARDIFF RESIDENCE,CARDIFF GROVE,19,Non-Landed Properties,1,"2,700",40 to 50,400 to 500,May-24
THE FLORENCE RESIDENCES,HOUGANG AVENUE 2,19,Non-Landed Properties,2,"3,250",60 to 70,600 to 700,May-24
PARC CENTROS,PUNGGOL CENTRAL,19,Non-Landed Properties,2,"3,600",70 to 80,700 to 800,May-24
RIVERSOUND RESIDENCE,SENGKANG EAST AVENUE,19,Non-Landed Properties,3,"4,000",90 to 100,"1,000 to 1,100",May-24
RIVER ISLES,EDGEDALE PLAINS,19,Non-Landed Properties,3,"4,700",110 to 120,"1,100 to 1,200",May-24
PARC VERA,HOUGANG STREET 32,19,Non-Landed Properties,3,"4,800",100 to 110,"1,100 to 1,200",May-24
PRIMO RESIDENCES,JALAN PELIKAT,19,Non-Landed Properties,2,"3,900",80 to 90,"900 to 1,000",May-24
RIVERFRONT RESIDENCES,HOUGANG AVENUE 7,19,Non-Landed Properties,2,"3,300",50 to 60,600 to 700,May-24
KOVAN MELODY,KOVAN ROAD,19,Non-Landed Properties,4,"5,800",130 to 140,"1,400 to 1,500",May-24
RIVERFRONT RESIDENCES,HOUGANG AVENUE 7,19,Non-Landed Properties,3,"4,900",90 to 100,"1,000 to 1,100",May-24
SENGKANG GRAND RESIDENCES,COMPASSVALE BOW,19,Non-Landed Properties,NA,"2,950",40 to 50,400 to 500,May-24
A TREASURE TROVE,PUNGGOL WALK,19,Non-Landed Properties,3,"4,300",90 to 100,"1,000 to 1,100",May-24
LA FIESTA,SENGKANG SQUARE,19,Non-Landed Properties,4,"4,100",120 to 130,"1,300 to 1,400",May-24
SENGKANG GRAND RESIDENCES,COMPASSVALE BOW,19,Non-Landed Properties,NA,"4,800",80 to 90,"900 to 1,000",May-24
GAMBIR RIDGE,GAMBIR WALK,19,Non-Landed Properties,1,"2,550",50 to 60,600 to 700,May-24
WATERTOWN,PUNGGOL CENTRAL,19,Non-Landed Properties,1,"2,800",40 to 50,500 to 600,May-24
KOVAN REGENCY,KOVAN RISE,19,Non-Landed Properties,1,"2,700",50 to 60,600 to 700,May-24
PARC CENTROS,PUNGGOL CENTRAL,19,Non-Landed Properties,3,"4,200",120 to 130,"1,300 to 1,400",May-24
FOREST WOODS,LORONG LEW LIAN,19,Non-Landed Properties,2,"3,800",60 to 70,700 to 800,May-24
THE GAZANIA,HOW SUN DRIVE,19,Non-Landed Properties,1,"3,200",40 to 50,400 to 500,May-24
RIVERSAILS,UPPER SERANGOON CRESCENT,19,Non-Landed Properties,1,"2,500",40 to 50,500 to 600,May-24
WATERTOWN,PUNGGOL CENTRAL,19,Non-Landed Properties,1,"3,400",50 to 60,500 to 600,May-24
FONTAINE PARRY,POH HUAT ROAD,19,Non-Landed Properties,2,"3,700",90 to 100,"1,000 to 1,100",May-24
SENGKANG GRAND RESIDENCES,COMPASSVALE BOW,19,Non-Landed Properties,NA,"3,700",70 to 80,700 to 800,May-24
KINGSFORD WATERBAY,UPPER SERANGOON VIEW,19,Non-Landed Properties,2,"3,450",60 to 70,600 to 700,May-24
FOREST WOODS,LORONG LEW LIAN,19,Non-Landed Properties,2,"3,850",60 to 70,700 to 800,May-24
GLASGOW RESIDENCE,GLASGOW ROAD,19,Non-Landed Properties,2,"2,550",60 to 70,600 to 700,May-24
MIDTOWN RESIDENCES,UPPER SERANGOON ROAD,19,Non-Landed Properties,2,"3,300",60 to 70,600 to 700,May-24
RIVERVALE CREST,RIVERVALE CRESCENT,19,Non-Landed Properties,3,"4,000",110 to 120,"1,200 to 1,300",May-24
WATERTOWN,PUNGGOL CENTRAL,19,Non-Landed Properties,1,"3,000",50 to 60,500 to 600,May-24
RIVERFRONT RESIDENCES,HOUGANG AVENUE 7,19,Non-Landed Properties,2,"3,500",50 to 60,600 to 700,May-24
THE FLORENCE RESIDENCES,HOUGANG AVENUE 2,19,Non-Landed Properties,NA,"3,000",40 to 50,400 to 500,May-24
KINGSFORD WATERBAY,UPPER SERANGOON VIEW,19,Non-Landed Properties,3,"3,600",80 to 90,800 to 900,May-24
THE FLORENCE RESIDENCES,HOUGANG AVENUE 2,19,Non-Landed Properties,1,"3,100",40 to 50,500 to 600,May-24
AFFINITY AT SERANGOON,SERANGOON NORTH AVENUE 1,19,Non-Landed Properties,1,"2,850",40 to 50,400 to 500,May-24
RESIDENCES @ JANSEN,JANSEN ROAD,19,Non-Landed Properties,2,"3,000",50 to 60,600 to 700,May-24
LA FIESTA,SENGKANG SQUARE,19,Non-Landed Properties,1,"3,150",40 to 50,400 to 500,May-24
THE LILIUM,HOW SUN ROAD,19,Non-Landed Properties,2,"4,000",60 to 70,600 to 700,May-24
SPAZIO @ KOVAN,UPPER SERANGOON ROAD,19,Non-Landed Properties,2,"2,700",50 to 60,600 to 700,May-24
WATERTOWN,PUNGGOL CENTRAL,19,Non-Landed Properties,1,"3,100",50 to 60,500 to 600,May-24
AFFINITY AT SERANGOON,SERANGOON NORTH AVENUE 1,19,Non-Landed Properties,1,"3,000",50 to 60,500 to 600,May-24
SENGKANG GRAND RESIDENCES,COMPASSVALE BOW,19,Non-Landed Properties,NA,"4,500",80 to 90,"900 to 1,000",May-24
KINGSFORD WATERBAY,UPPER SERANGOON VIEW,19,Non-Landed Properties,1,"2,600",40 to 50,400 to 500,May-24
TERRASSE,TERRASSE LANE,19,Non-Landed Properties,2,"2,850",70 to 80,800 to 900,May-24
RIO VISTA,UPPER SERANGOON VIEW,19,Non-Landed Properties,3,"4,400",110 to 120,"1,200 to 1,300",May-24
A TREASURE TROVE,PUNGGOL WALK,19,Non-Landed Properties,2,"3,600",80 to 90,"900 to 1,000",May-24
TRILIVE,TAMPINES ROAD,19,Non-Landed Properties,2,"2,900",50 to 60,500 to 600,May-24
AFFINITY AT SERANGOON,SERANGOON NORTH AVENUE 1,19,Non-Landed Properties,1,"3,000",50 to 60,500 to 600,May-24
JEWEL @ BUANGKOK,COMPASSVALE BOW,19,Non-Landed Properties,2,"3,200",60 to 70,700 to 800,May-24
AFFINITY AT SERANGOON,SERANGOON NORTH AVENUE 1,19,Non-Landed Properties,3,"5,400",100 to 110,"1,100 to 1,200",May-24
WATERTOWN,PUNGGOL CENTRAL,19,Non-Landed Properties,2,"4,300",70 to 80,800 to 900,May-24
JANSEN SPRING,JANSEN ROAD,19,Non-Landed Properties,2,"4,200",110 to 120,"1,200 to 1,300",May-24
LA FIESTA,SENGKANG SQUARE,19,Non-Landed Properties,3,"4,100",70 to 80,800 to 900,May-24
AFFINITY AT SERANGOON,SERANGOON NORTH AVENUE 1,19,Non-Landed Properties,1,"2,700",40 to 50,400 to 500,May-24
THE FLORENCE RESIDENCES,HOUGANG AVENUE 2,19,Non-Landed Properties,2,"3,200",60 to 70,600 to 700,May-24
TERRASSE,TERRASSE LANE,19,Non-Landed Properties,2,"3,600",70 to 80,800 to 900,May-24
WATERTOWN,PUNGGOL CENTRAL,19,Non-Landed Properties,3,"5,200",110 to 120,"1,200 to 1,300",May-24
FLO RESIDENCE,PUNGGOL FIELD WALK,19,Non-Landed Properties,2,"3,600",70 to 80,700 to 800,May-24
WATERTOWN,PUNGGOL CENTRAL,19,Non-Landed Properties,1,"2,800",40 to 50,500 to 600,May-24
EVERGREEN PARK,HOUGANG AVENUE 7,19,Non-Landed Properties,3,"3,800",100 to 110,"1,100 to 1,200",May-24
SENGKANG GRAND RESIDENCES,COMPASSVALE BOW,19,Non-Landed Properties,NA,"2,800",40 to 50,400 to 500,May-24
THE FLORENCE RESIDENCES,HOUGANG AVENUE 2,19,Non-Landed Properties,2,"3,300",50 to 60,600 to 700,May-24
BARTLEY RESIDENCES,LORONG HOW SUN,19,Non-Landed Properties,1,"2,500",40 to 50,400 to 500,May-24
RIVER ISLES,EDGEDALE PLAINS,19,Non-Landed Properties,4,"5,000",130 to 140,"1,400 to 1,500",May-24
SENGKANG GRAND RESIDENCES,COMPASSVALE BOW,19,Non-Landed Properties,NA,"4,250",80 to 90,"900 to 1,000",May-24
THE FLORENCE RESIDENCES,HOUGANG AVENUE 2,19,Non-Landed Properties,1,"2,700",40 to 50,400 to 500,May-24
THE FLORENCE RESIDENCES,HOUGANG AVENUE 2,19,Non-Landed Properties,NA,"2,700",40 to 50,400 to 500,May-24
WATERTOWN,PUNGGOL CENTRAL,19,Non-Landed Properties,1,"3,000",50 to 60,500 to 600,May-24
SUNGLADE,SERANGOON AVENUE 2,19,Non-Landed Properties,3,"5,000",100 to 110,"1,100 to 1,200",May-24
SENGKANG GRAND RESIDENCES,COMPASSVALE BOW,19,Non-Landed Properties,NA,"4,000",70 to 80,700 to 800,May-24
RIVERFRONT RESIDENCES,HOUGANG AVENUE 7,19,Non-Landed Properties,2,"3,500",50 to 60,600 to 700,May-24
LA FIESTA,SENGKANG SQUARE,19,Non-Landed Properties,3,"4,200",90 to 100,"900 to 1,000",May-24
CAMBIO SUITES,LIM TUA TOW ROAD,19,Non-Landed Properties,3,"4,000",80 to 90,"900 to 1,000",May-24
EDEN CREST,EDEN GROVE,19,Non-Landed Properties,3,"3,000",150 to 160,"1,700 to 1,800",May-24
THE SCALA,SERANGOON AVENUE 3,19,Non-Landed Properties,1,"2,800",50 to 60,500 to 600,May-24
STARS OF KOVAN,UPPER SERANGOON ROAD,19,Non-Landed Properties,1,"3,200",40 to 50,500 to 600,May-24
RIVERFRONT RESIDENCES,HOUGANG AVENUE 7,19,Non-Landed Properties,1,"2,900",40 to 50,500 to 600,May-24
THE FLORENCE RESIDENCES,HOUGANG AVENUE 2,19,Non-Landed Properties,1,"2,900",40 to 50,500 to 600,May-24
THE SCALA,SERANGOON AVENUE 3,19,Non-Landed Properties,1,"3,050",40 to 50,400 to 500,May-24
CASA CAMBIO,LIM TUA TOW ROAD,19,Non-Landed Properties,2,"3,600",80 to 90,800 to 900,May-24
PARC CENTROS,PUNGGOL CENTRAL,19,Non-Landed Properties,1,"3,000",40 to 50,400 to 500,May-24
SENGKANG GRAND RESIDENCES,COMPASSVALE BOW,19,Non-Landed Properties,NA,"3,350",60 to 70,600 to 700,May-24
SENGKANG GRAND RESIDENCES,COMPASSVALE BOW,19,Non-Landed Properties,NA,"3,600",70 to 80,700 to 800,May-24
THE LUXURIE,COMPASSVALE ROAD,19,Non-Landed Properties,2,"3,500",70 to 80,700 to 800,May-24
PARC CENTROS,PUNGGOL CENTRAL,19,Non-Landed Properties,4,"5,300",120 to 130,"1,300 to 1,400",May-24
PARC VERA,HOUGANG STREET 32,19,Non-Landed Properties,2,"3,200",70 to 80,700 to 800,May-24
SENGKANG GRAND RESIDENCES,COMPASSVALE BOW,19,Non-Landed Properties,NA,"2,900",40 to 50,400 to 500,May-24
RIVERSAILS,UPPER SERANGOON CRESCENT,19,Non-Landed Properties,2,"4,000",80 to 90,800 to 900,May-24
LA FIESTA,SENGKANG SQUARE,19,Non-Landed Properties,1,"2,700",40 to 50,500 to 600,May-24
LA FIESTA,SENGKANG SQUARE,19,Non-Landed Properties,3,"4,000",70 to 80,800 to 900,May-24
FOREST WOODS,LORONG LEW LIAN,19,Non-Landed Properties,3,"4,200",80 to 90,"900 to 1,000",May-24
PARC CENTROS,PUNGGOL CENTRAL,19,Non-Landed Properties,1,"2,800",40 to 50,400 to 500,May-24
RIVERSAILS,UPPER SERANGOON CRESCENT,19,Non-Landed Properties,2,"3,400",80 to 90,800 to 900,May-24
LA FIESTA,SENGKANG SQUARE,19,Non-Landed Properties,1,"2,750",40 to 50,400 to 500,May-24
THE CHUAN,LORONG CHUAN,19,Non-Landed Properties,3,"5,900",110 to 120,"1,200 to 1,300",May-24
CARDIFF RESIDENCE,CARDIFF GROVE,19,Non-Landed Properties,1,"2,900",30 to 40,400 to 500,May-24
EVERGREEN PARK,HOUGANG AVENUE 7,19,Non-Landed Properties,3,"3,800",110 to 120,"1,200 to 1,300",May-24
WATERTOWN,PUNGGOL CENTRAL,19,Non-Landed Properties,1,"3,000",40 to 50,500 to 600,May-24
WATERTOWN,PUNGGOL CENTRAL,19,Non-Landed Properties,1,"3,000",40 to 50,500 to 600,May-24
SENGKANG GRAND RESIDENCES,COMPASSVALE BOW,19,Non-Landed Properties,NA,"3,700",70 to 80,700 to 800,May-24
THE FLORENCE RESIDENCES,HOUGANG AVENUE 2,19,Non-Landed Properties,2,"3,600",60 to 70,600 to 700,May-24
BOTANIQUE AT BARTLEY,UPPER PAYA LEBAR ROAD,19,Non-Landed Properties,2,"4,100",60 to 70,600 to 700,May-24
KOVAN MELODY,KOVAN ROAD,19,Non-Landed Properties,3,"5,000",110 to 120,"1,200 to 1,300",May-24
FOREST WOODS,LORONG LEW LIAN,19,Non-Landed Properties,2,"4,100",60 to 70,700 to 800,May-24
KOVANA,KOVAN ROAD,19,Non-Landed Properties,3,"4,500",100 to 110,"1,100 to 1,200",May-24
SENGKANG GRAND RESIDENCES,COMPASSVALE BOW,19,Non-Landed Properties,NA,"3,600",50 to 60,600 to 700,May-24
LA FIESTA,SENGKANG SQUARE,19,Non-Landed Properties,2,"3,400",70 to 80,700 to 800,May-24
SERANGOON GARDEN ESTATE,LICHFIELD ROAD,19,Non-Landed Properties,NA,"4,500",130 to 140,"1,300 to 1,400",May-24
CHILTERN PARK,SERANGOON AVENUE 3,19,Non-Landed Properties,3,"5,300",140 to 150,"1,500 to 1,600",May-24
SUNGLADE,SERANGOON AVENUE 2,19,Non-Landed Properties,2,"4,000",80 to 90,800 to 900,May-24
LA FIESTA,SENGKANG SQUARE,19,Non-Landed Properties,3,"3,850",70 to 80,800 to 900,May-24
JEWEL @ BUANGKOK,COMPASSVALE BOW,19,Non-Landed Properties,3,"4,600",90 to 100,"900 to 1,000",May-24
AFFINITY AT SERANGOON,SERANGOON NORTH AVENUE 1,19,Non-Landed Properties,3,"4,300",80 to 90,"900 to 1,000",May-24
WATERTOWN,PUNGGOL CENTRAL,19,Non-Landed Properties,1,"3,100",40 to 50,500 to 600,May-24
WATERTOWN,PUNGGOL CENTRAL,19,Non-Landed Properties,1,"3,000",50 to 60,500 to 600,May-24
KOVAN REGENCY,KOVAN RISE,19,Non-Landed Properties,3,"4,200",90 to 100,"1,000 to 1,100",May-24
WATERTOWN,PUNGGOL CENTRAL,19,Non-Landed Properties,1,"3,350",50 to 60,500 to 600,May-24
KINGSFORD WATERBAY,UPPER SERANGOON VIEW,19,Non-Landed Properties,3,"3,800",80 to 90,800 to 900,May-24
RIVERFRONT RESIDENCES,HOUGANG AVENUE 7,19,Non-Landed Properties,1,"2,900",40 to 50,500 to 600,May-24
RIVERSAILS,UPPER SERANGOON CRESCENT,19,Non-Landed Properties,2,"3,800",80 to 90,800 to 900,May-24
VIBES @ KOVAN,KOVAN ROAD,19,Non-Landed Properties,1,"2,300",30 to 40,400 to 500,May-24
CARDIFF RESIDENCE,CARDIFF GROVE,19,Non-Landed Properties,1,"2,800",30 to 40,400 to 500,May-24
RIVER ISLES,EDGEDALE PLAINS,19,Non-Landed Properties,3,"3,900",100 to 110,"1,100 to 1,200",May-24
SENGKANG GRAND RESIDENCES,COMPASSVALE BOW,19,Non-Landed Properties,NA,"2,900",40 to 50,400 to 500,May-24
AFFINITY AT SERANGOON,SERANGOON NORTH AVENUE 1,19,Non-Landed Properties,1,"3,000",50 to 60,600 to 700,May-24
AFFINITY AT SERANGOON,SERANGOON NORTH AVENUE 1,19,Non-Landed Properties,3,"4,200",70 to 80,800 to 900,May-24
PARK RESIDENCES KOVAN,UPPER SERANGOON ROAD,19,Non-Landed Properties,1,"2,400",30 to 40,300 to 400,May-24
RIVERFRONT RESIDENCES,HOUGANG AVENUE 7,19,Non-Landed Properties,3,"4,150",80 to 90,800 to 900,May-24
SENGKANG GRAND RESIDENCES,COMPASSVALE BOW,19,Non-Landed Properties,NA,"5,500",90 to 100,"1,000 to 1,100",May-24
THE BENTLY RESIDENCES@KOVAN,KOVAN ROAD,19,Non-Landed Properties,1,"2,650",40 to 50,400 to 500,May-24
KENSINGTON SQUARE,JALAN LOKAM,19,Non-Landed Properties,2,"3,200",50 to 60,600 to 700,May-24
FOREST WOODS,LORONG LEW LIAN,19,Non-Landed Properties,3,"4,700",100 to 110,"1,000 to 1,100",May-24
WATERTOWN,PUNGGOL CENTRAL,19,Non-Landed Properties,1,"3,500",50 to 60,500 to 600,May-24
RIVERSAILS,UPPER SERANGOON CRESCENT,19,Non-Landed Properties,1,"2,650",40 to 50,500 to 600,May-24
KOVAN REGENCY,KOVAN RISE,19,Non-Landed Properties,3,"4,650",90 to 100,"900 to 1,000",May-24
BARTLEY RESIDENCES,LORONG HOW SUN,19,Non-Landed Properties,2,"4,200",130 to 140,"1,300 to 1,400",May-24
NON-LANDED HOUSING DEVELOPMENT,BRIGHTON CRESCENT,19,Non-Landed Properties,NA,"2,000",60 to 70,700 to 800,May-24
KINGSFORD WATERBAY,UPPER SERANGOON VIEW,19,Non-Landed Properties,1,"3,000",40 to 50,400 to 500,May-24
BARTLEY RESIDENCES,LORONG HOW SUN,19,Non-Landed Properties,1,"2,950",40 to 50,400 to 500,May-24
THE QUARTZ,COMPASSVALE BOW,19,Non-Landed Properties,NA,"4,450",100 to 110,"1,100 to 1,200",May-24
THE TEMBUSU,TAMPINES ROAD,19,Non-Landed Properties,2,"3,800",90 to 100,"1,000 to 1,100",May-24
FLO RESIDENCE,PUNGGOL FIELD WALK,19,Non-Landed Properties,3,"4,100",90 to 100,"1,000 to 1,100",May-24
RIVERSAILS,UPPER SERANGOON CRESCENT,19,Non-Landed Properties,3,"4,000",100 to 110,"1,100 to 1,200",May-24
KOVAN RESIDENCES,KOVAN ROAD,19,Non-Landed Properties,3,"5,000",110 to 120,"1,200 to 1,300",May-24
WATERTOWN,PUNGGOL CENTRAL,19,Non-Landed Properties,2,"4,150",80 to 90,"900 to 1,000",May-24
PARC CENTROS,PUNGGOL CENTRAL,19,Non-Landed Properties,1,"2,800",50 to 60,500 to 600,May-24
AFFINITY AT SERANGOON,SERANGOON NORTH AVENUE 1,19,Non-Landed Properties,3,"4,000",80 to 90,800 to 900,May-24
FLO RESIDENCE,PUNGGOL FIELD WALK,19,Non-Landed Properties,2,"3,600",70 to 80,700 to 800,May-24
CHERRY GARDENS,LORONG LEW LIAN,19,Non-Landed Properties,3,"4,500",90 to 100,"1,000 to 1,100",May-24
THE MINTON,HOUGANG STREET 11,19,Non-Landed Properties,2,"3,150",90 to 100,"900 to 1,000",May-24
FLO RESIDENCE,PUNGGOL FIELD WALK,19,Non-Landed Properties,3,"3,900",90 to 100,"1,000 to 1,100",May-24
TERRASSE,TERRASSE LANE,19,Non-Landed Properties,1,"2,250",40 to 50,500 to 600,May-24
STARS OF KOVAN,UPPER SERANGOON ROAD,19,Non-Landed Properties,2,"3,900",60 to 70,700 to 800,May-24
THE FLORENCE RESIDENCES,HOUGANG AVENUE 2,19,Non-Landed Properties,NA,"4,200",80 to 90,"900 to 1,000",May-24
THE FLORENCE RESIDENCES,HOUGANG AVENUE 2,19,Non-Landed Properties,NA,"4,800",80 to 90,"900 to 1,000",May-24
PALM GROVE CONDOMINIUM,PALM GROVE AVENUE,19,Non-Landed Properties,3,"5,300",150 to 160,"1,700 to 1,800",May-24
THE QUARTZ,COMPASSVALE BOW,19,Non-Landed Properties,NA,"4,200",90 to 100,"1,000 to 1,100",May-24
THE LUXURIE,COMPASSVALE ROAD,19,Non-Landed Properties,2,"3,650",60 to 70,700 to 800,May-24
CHILTERN PARK,SERANGOON AVENUE 3,19,Non-Landed Properties,3,"4,700",110 to 120,"1,200 to 1,300",May-24
KINGSFORD WATERBAY,UPPER SERANGOON VIEW,19,Non-Landed Properties,2,"3,000",60 to 70,600 to 700,May-24
THE FLORENCE RESIDENCES,HOUGANG AVENUE 2,19,Non-Landed Properties,1,"2,900",40 to 50,400 to 500,May-24
VIBES@UPPER SERANGOON,UPPER SERANGOON ROAD,19,Non-Landed Properties,1,"2,914",40 to 50,400 to 500,May-24
FIORENZA,FLORENCE ROAD,19,Non-Landed Properties,2,"3,400",70 to 80,800 to 900,May-24
CHILTERN PARK,SERANGOON AVENUE 3,19,Non-Landed Properties,3,"6,100",140 to 150,"1,500 to 1,600",May-24
THE PROMENADE@PELIKAT,JALAN PELIKAT,19,Non-Landed Properties,1,"2,400",40 to 50,400 to 500,May-24
CHILTERN PARK,SERANGOON AVENUE 3,19,Non-Landed Properties,2,"4,000",80 to 90,"900 to 1,000",May-24
THE WATERLINE,POH HUAT ROAD WEST,19,Non-Landed Properties,1,"2,800",70 to 80,700 to 800,May-24
MIDTOWN RESIDENCES,UPPER SERANGOON ROAD,19,Non-Landed Properties,2,"3,200",60 to 70,600 to 700,May-24
AMARANDA GARDENS,SERANGOON AVENUE 3,19,Non-Landed Properties,4,"6,400",130 to 140,"1,400 to 1,500",May-24
KINGSFORD WATERBAY,UPPER SERANGOON VIEW,19,Non-Landed Properties,2,"3,650",60 to 70,600 to 700,May-24
NON-LANDED HOUSING DEVELOPMENT,UPPER SERANGOON ROAD,19,Non-Landed Properties,NA,"2,800",110 to 120,"1,100 to 1,200",May-24
NON-LANDED HOUSING DEVELOPMENT,UPPER PAYA LEBAR ROAD,19,Non-Landed Properties,NA,"9,500",160 to 170,"1,700 to 1,800",May-24
NON-LANDED HOUSING DEVELOPMENT,JALAN LIMBOK,19,Non-Landed Properties,NA,"4,300",120 to 130,"1,200 to 1,300",May-24
NON-LANDED HOUSING DEVELOPMENT,UPPER PAYA LEBAR ROAD,19,Non-Landed Properties,NA,"4,000",70 to 80,700 to 800,May-24
THE FLORENCE RESIDENCES,HOUGANG AVENUE 2,19,Non-Landed Properties,NA,"4,500",80 to 90,"900 to 1,000",May-24
KINGSFORD WATERBAY,UPPER SERANGOON VIEW,19,Non-Landed Properties,1,"2,800",40 to 50,400 to 500,May-24
RIVERFRONT RESIDENCES,HOUGANG AVENUE 7,19,Non-Landed Properties,1,"2,800",40 to 50,400 to 500,May-24
EVERGREEN PARK,HOUGANG AVENUE 7,19,Non-Landed Properties,3,"4,200",90 to 100,"1,000 to 1,100",May-24
THE FLORENCE RESIDENCES,HOUGANG AVENUE 2,19,Non-Landed Properties,2,"3,500",50 to 60,600 to 700,May-24
NON-LANDED HOUSING DEVELOPMENT,UPPER SERANGOON ROAD,19,Non-Landed Properties,NA,"3,200",90 to 100,"1,000 to 1,100",May-24
SENGKANG GRAND RESIDENCES,COMPASSVALE BOW,19,Non-Landed Properties,NA,"4,300",80 to 90,"900 to 1,000",May-24
OASIS GARDEN,JALAN BUNGA RAMPAI,19,Non-Landed Properties,2,"4,150",140 to 150,"1,500 to 1,600",May-24
THE TEMBUSU,TAMPINES ROAD,19,Non-Landed Properties,1,"2,600",40 to 50,400 to 500,May-24
SENGKANG GRAND RESIDENCES,COMPASSVALE BOW,19,Non-Landed Properties,NA,"3,000",40 to 50,500 to 600,May-24
RIVERFRONT RESIDENCES,HOUGANG AVENUE 7,19,Non-Landed Properties,3,"4,700",100 to 110,"1,100 to 1,200",May-24
KINGSFORD WATERBAY,UPPER SERANGOON VIEW,19,Non-Landed Properties,2,"2,900",50 to 60,600 to 700,May-24
KINGSFORD WATERBAY,UPPER SERANGOON VIEW,19,Non-Landed Properties,1,"2,200",40 to 50,400 to 500,May-24
THE VUE,UPPER PAYA LEBAR ROAD,19,Non-Landed Properties,1,"2,400",30 to 40,400 to 500,May-24
SENGKANG GRAND RESIDENCES,COMPASSVALE BOW,19,Non-Landed Properties,NA,"3,400",40 to 50,500 to 600,May-24
BARTLEY RESIDENCES,LORONG HOW SUN,19,Non-Landed Properties,1,"3,000",40 to 50,400 to 500,May-24
JEWEL @ BUANGKOK,COMPASSVALE BOW,19,Non-Landed Properties,1,"2,700",40 to 50,400 to 500,May-24
THE LUXURIE,COMPASSVALE ROAD,19,Non-Landed Properties,2,"3,450",70 to 80,700 to 800,May-24
KENSINGTON SQUARE,JALAN LOKAM,19,Non-Landed Properties,2,"3,300",50 to 60,600 to 700,May-24
WATERTOWN,PUNGGOL CENTRAL,19,Non-Landed Properties,1,"2,900",40 to 50,500 to 600,May-24
STADIA,YIO CHU KANG ROAD,19,Non-Landed Properties,2,"3,600",80 to 90,"900 to 1,000",May-24
CHILTERN PARK,SERANGOON AVENUE 3,19,Non-Landed Properties,3,"6,000",140 to 150,"1,500 to 1,600",May-24
CASA ROSA,LORONG ONG LYE,19,Non-Landed Properties,3,"3,800",100 to 110,"1,100 to 1,200",May-24
THE YARDLEY,UPPER SERANGOON ROAD,19,Non-Landed Properties,3,"5,700",110 to 120,"1,200 to 1,300",May-24
THE MINTON,HOUGANG STREET 11,19,Non-Landed Properties,2,"4,000",100 to 110,"1,000 to 1,100",May-24
SUNGLADE,SERANGOON AVENUE 2,19,Non-Landed Properties,4,"6,600",160 to 170,"1,700 to 1,800",May-24
THE MINTON,HOUGANG STREET 11,19,Non-Landed Properties,NA,"2,950",50 to 60,500 to 600,May-24
SENGKANG GRAND RESIDENCES,COMPASSVALE BOW,19,Non-Landed Properties,NA,"3,900",70 to 80,700 to 800,May-24
SENGKANG GRAND RESIDENCES,COMPASSVALE BOW,19,Non-Landed Properties,NA,"3,800",70 to 80,700 to 800,May-24
WATERTOWN,PUNGGOL CENTRAL,19,Non-Landed Properties,1,"3,200",50 to 60,600 to 700,May-24
COMPASS HEIGHTS,SENGKANG SQUARE,19,Non-Landed Properties,2,"3,550",90 to 100,"1,000 to 1,100",May-24
THE TEMBUSU,TAMPINES ROAD,19,Non-Landed Properties,2,"3,600",70 to 80,700 to 800,May-24
THE FLORENCE RESIDENCES,HOUGANG AVENUE 2,19,Non-Landed Properties,2,"3,400",60 to 70,600 to 700,May-24
KINGSFORD WATERBAY,UPPER SERANGOON VIEW,19,Non-Landed Properties,2,"3,000",60 to 70,600 to 700,May-24
THE MINTON,HOUGANG STREET 11,19,Non-Landed Properties,2,"4,200",100 to 110,"1,100 to 1,200",May-24
PARC CENTROS,PUNGGOL CENTRAL,19,Non-Landed Properties,2,"3,700",70 to 80,700 to 800,May-24
THE GARDEN RESIDENCES,SERANGOON NORTH VIEW,19,Non-Landed Properties,2,"3,600",50 to 60,600 to 700,May-24
THE SUNSHINE,SUNSHINE TERRACE,19,Non-Landed Properties,3,"6,000",110 to 120,"1,200 to 1,300",May-24
LA DOLCE VITA,UPPER PAYA LEBAR ROAD,19,Non-Landed Properties,2,"4,200",110 to 120,"1,200 to 1,300",May-24
RIO VISTA,UPPER SERANGOON VIEW,19,Non-Landed Properties,3,"3,900",110 to 120,"1,200 to 1,300",May-24
AFFINITY AT SERANGOON,SERANGOON NORTH AVENUE 1,19,Non-Landed Properties,2,"3,600",60 to 70,700 to 800,May-24
SENGKANG GRAND RESIDENCES,COMPASSVALE BOW,19,Non-Landed Properties,NA,"3,600",60 to 70,600 to 700,May-24
THE MINTON,HOUGANG STREET 11,19,Non-Landed Properties,2,"4,800",120 to 130,"1,300 to 1,400",May-24
BARTLEY RESIDENCES,LORONG HOW SUN,19,Non-Landed Properties,3,"4,600",90 to 100,"1,000 to 1,100",May-24
STARS OF KOVAN,UPPER SERANGOON ROAD,19,Non-Landed Properties,2,"3,600",60 to 70,700 to 800,May-24
THE LUXURIE,COMPASSVALE ROAD,19,Non-Landed Properties,2,"3,400",80 to 90,800 to 900,May-24
RIVERSAILS,UPPER SERANGOON CRESCENT,19,Non-Landed Properties,2,"3,650",80 to 90,800 to 900,May-24
BOTANIQUE AT BARTLEY,UPPER PAYA LEBAR ROAD,19,Non-Landed Properties,2,"3,800",60 to 70,700 to 800,May-24
WATERTOWN,PUNGGOL CENTRAL,19,Non-Landed Properties,2,"3,400",80 to 90,"900 to 1,000",May-24
BRIGHTON VIEW,BRIGHTON AVENUE,19,Non-Landed Properties,3,"3,000",110 to 120,"1,200 to 1,300",May-24
RIO VISTA,UPPER SERANGOON VIEW,19,Non-Landed Properties,2,"3,700",90 to 100,"1,000 to 1,100",May-24
THE SCALA,SERANGOON AVENUE 3,19,Non-Landed Properties,1,"3,200",40 to 50,400 to 500,May-24
ISUITES @ PALM,GLASGOW ROAD,19,Non-Landed Properties,1,"2,400",40 to 50,400 to 500,May-24
BARTLEY RESIDENCES,LORONG HOW SUN,19,Non-Landed Properties,2,"3,500",70 to 80,700 to 800,May-24
PARC CENTROS,PUNGGOL CENTRAL,19,Non-Landed Properties,3,"4,100",90 to 100,"900 to 1,000",May-24
A TREASURE TROVE,PUNGGOL WALK,19,Non-Landed Properties,2,"3,800",80 to 90,"900 to 1,000",May-24
RIO VISTA,UPPER SERANGOON VIEW,19,Non-Landed Properties,3,"4,000",110 to 120,"1,200 to 1,300",May-24
THE FLORENCE RESIDENCES,HOUGANG AVENUE 2,19,Non-Landed Properties,NA,"3,000",40 to 50,500 to 600,May-24
BOTANIQUE AT BARTLEY,UPPER PAYA LEBAR ROAD,19,Non-Landed Properties,1,"3,300",40 to 50,500 to 600,May-24
BARTLEY RESIDENCES,LORONG HOW SUN,19,Non-Landed Properties,1,"2,800",40 to 50,400 to 500,May-24
COMPASS HEIGHTS,SENGKANG SQUARE,19,Non-Landed Properties,1,"2,700",60 to 70,600 to 700,May-24
PARC CENTROS,PUNGGOL CENTRAL,19,Non-Landed Properties,3,"4,000",90 to 100,"900 to 1,000",May-24
KENSINGTON PARK CONDOMINIUM,KENSINGTON PARK DRIVE,19,Non-Landed Properties,NA,"5,700",190 to 200,"2,100 to 2,200",May-24
TERRASSE,TERRASSE LANE,19,Non-Landed Properties,2,"3,400",70 to 80,800 to 900,May-24
PRIMO RESIDENCES,JALAN PELIKAT,19,Non-Landed Properties,3,"3,500",130 to 140,"1,400 to 1,500",May-24
SAI HO BUILDING,UPPER SERANGOON ROAD,19,Non-Landed Properties,NA,"3,300",160 to 170,"1,700 to 1,800",May-24
BOTANIQUE AT BARTLEY,UPPER PAYA LEBAR ROAD,19,Non-Landed Properties,1,"2,900",40 to 50,400 to 500,May-24
WATERTOWN,PUNGGOL CENTRAL,19,Non-Landed Properties,NA,"3,000",50 to 60,600 to 700,May-24
STADIA,YIO CHU KANG ROAD,19,Non-Landed Properties,1,"3,000",60 to 70,700 to 800,May-24
SENGKANG GRAND RESIDENCES,COMPASSVALE BOW,19,Non-Landed Properties,NA,"2,800",40 to 50,400 to 500,May-24
LA FIESTA,SENGKANG SQUARE,19,Non-Landed Properties,1,"2,800",40 to 50,400 to 500,May-24
VIBES@UPPER SERANGOON,UPPER SERANGOON ROAD,19,Non-Landed Properties,2,"3,500",80 to 90,800 to 900,May-24
RIVER ISLES,EDGEDALE PLAINS,19,Non-Landed Properties,3,"3,200",80 to 90,800 to 900,May-24
FOREST WOODS,LORONG LEW LIAN,19,Non-Landed Properties,3,"5,100",80 to 90,"900 to 1,000",May-24
BOTANIQUE AT BARTLEY,UPPER PAYA LEBAR ROAD,19,Non-Landed Properties,2,"3,500",60 to 70,600 to 700,May-24
FORTUNE PARK,TAMPINES ROAD,19,Non-Landed Properties,3,"4,000",80 to 90,"900 to 1,000",May-24
SENGKANG GRAND RESIDENCES,COMPASSVALE BOW,19,Non-Landed Properties,NA,"3,050",40 to 50,500 to 600,May-24
TERRASSE,TERRASSE LANE,19,Non-Landed Properties,2,"3,400",70 to 80,800 to 900,May-24
EVERGREEN PARK,HOUGANG AVENUE 7,19,Non-Landed Properties,3,"3,800",100 to 110,"1,000 to 1,100",May-24
A TREASURE TROVE,PUNGGOL WALK,19,Non-Landed Properties,2,"3,600",70 to 80,700 to 800,May-24
THE SPRINGBLOOM,SERANGOON AVENUE 3,19,Non-Landed Properties,1,"3,500",80 to 90,800 to 900,May-24
WATERTOWN,PUNGGOL CENTRAL,19,Non-Landed Properties,NA,"3,000",50 to 60,600 to 700,May-24
LA FIESTA,SENGKANG SQUARE,19,Non-Landed Properties,3,"3,300",90 to 100,"1,000 to 1,100",May-24
PALM HAVEN,PALM GROVE AVENUE,19,Non-Landed Properties,2,"3,600",100 to 110,"1,000 to 1,100",May-24
THE LUXURIE,COMPASSVALE ROAD,19,Non-Landed Properties,3,"4,250",90 to 100,"1,000 to 1,100",May-24
CASA RIVIERA,LIM TUA TOW ROAD,19,Non-Landed Properties,NA,"4,000",110 to 120,"1,200 to 1,300",May-24
THE LUXURIE,COMPASSVALE ROAD,19,Non-Landed Properties,2,"3,800",70 to 80,700 to 800,May-24
WATERTOWN,PUNGGOL CENTRAL,19,Non-Landed Properties,1,"2,950",50 to 60,500 to 600,May-24
HOUGANG GREEN,BUANGKOK GREEN,19,Non-Landed Properties,3,"4,300",100 to 110,"1,100 to 1,200",May-24
EVERGREEN PARK,HOUGANG AVENUE 7,19,Non-Landed Properties,3,"3,000",100 to 110,"1,100 to 1,200",May-24
TRILIVE,TAMPINES ROAD,19,Non-Landed Properties,2,"3,400",60 to 70,600 to 700,May-24
RIO VISTA,UPPER SERANGOON VIEW,19,Non-Landed Properties,3,"4,300",110 to 120,"1,200 to 1,300",May-24
BAYOU RESIDENCE,UPPER PAYA LEBAR ROAD,19,Non-Landed Properties,3,"3,600",130 to 140,"1,400 to 1,500",May-24
WATERTOWN,PUNGGOL CENTRAL,19,Non-Landed Properties,1,"3,100",50 to 60,500 to 600,May-24
JADE RESIDENCES,LEW LIAN VALE,19,Non-Landed Properties,2,"3,500",100 to 110,"1,100 to 1,200",May-24
PIN MANSIONS,LIM AH PIN ROAD,19,Non-Landed Properties,3,"4,500",110 to 120,"1,200 to 1,300",May-24
RIVERFRONT RESIDENCES,HOUGANG AVENUE 7,19,Non-Landed Properties,3,"3,800",80 to 90,800 to 900,May-24
CENTRAL VIEW,HOUGANG STREET 11,19,Non-Landed Properties,2,"3,500",90 to 100,"900 to 1,000",May-24
THE CHUAN,LORONG CHUAN,19,Non-Landed Properties,2,"4,800",80 to 90,"900 to 1,000",May-24
JEWEL @ BUANGKOK,COMPASSVALE BOW,19,Non-Landed Properties,2,"3,800",70 to 80,700 to 800,May-24
A TREASURE TROVE,PUNGGOL WALK,19,Non-Landed Properties,2,"3,500",70 to 80,700 to 800,May-24
RIVERVALE CREST,RIVERVALE CRESCENT,19,Non-Landed Properties,3,"4,300",110 to 120,"1,200 to 1,300",May-24
THE FLORENCE RESIDENCES,HOUGANG AVENUE 2,19,Non-Landed Properties,2,"3,400",60 to 70,600 to 700,May-24
RIVERFRONT RESIDENCES,HOUGANG AVENUE 7,19,Non-Landed Properties,1,"3,150",40 to 50,500 to 600,May-24
PARC VERA,HOUGANG STREET 32,19,Non-Landed Properties,2,"3,400",70 to 80,700 to 800,May-24
THE FLORENCE RESIDENCES,HOUGANG AVENUE 2,19,Non-Landed Properties,2,"3,500",50 to 60,600 to 700,May-24
WATERTOWN,PUNGGOL CENTRAL,19,Non-Landed Properties,NA,"3,100",50 to 60,500 to 600,May-24
BOTANIQUE AT BARTLEY,UPPER PAYA LEBAR ROAD,19,Non-Landed Properties,2,"3,800",60 to 70,600 to 700,May-24
THE FLORENCE RESIDENCES,HOUGANG AVENUE 2,19,Non-Landed Properties,1,"2,700",40 to 50,400 to 500,May-24
STARS OF KOVAN,UPPER SERANGOON ROAD,19,Non-Landed Properties,1,"3,100",40 to 50,500 to 600,Apr-24
THE FLORENCE RESIDENCES,HOUGANG AVENUE 2,19,Non-Landed Properties,2,"3,400",60 to 70,700 to 800,Apr-24
RIVERFRONT RESIDENCES,HOUGANG AVENUE 7,19,Non-Landed Properties,2,"3,000",50 to 60,600 to 700,Apr-24
EVERGREEN PARK,HOUGANG AVENUE 7,19,Non-Landed Properties,3,"4,000",100 to 110,"1,100 to 1,200",Apr-24
TANGERINE GROVE,PAYA LEBAR CRESCENT,19,Non-Landed Properties,4,"6,500",190 to 200,"2,000 to 2,100",Apr-24
RESIDENCES BOTANIQUE,YIO CHU KANG ROAD,19,Non-Landed Properties,3,"4,800",110 to 120,"1,200 to 1,300",Apr-24
THE LUXURIE,COMPASSVALE ROAD,19,Non-Landed Properties,3,"4,350",90 to 100,"1,000 to 1,100",Apr-24
WATERTOWN,PUNGGOL CENTRAL,19,Non-Landed Properties,2,"3,450",80 to 90,"900 to 1,000",Apr-24
CASA CAMBIO,LIM TUA TOW ROAD,19,Non-Landed Properties,1,"2,600",50 to 60,500 to 600,Apr-24
TERRASSE,TERRASSE LANE,19,Non-Landed Properties,2,"3,300",70 to 80,700 to 800,Apr-24
JEWEL @ BUANGKOK,COMPASSVALE BOW,19,Non-Landed Properties,1,"2,700",40 to 50,400 to 500,Apr-24
THE FLORENCE RESIDENCES,HOUGANG AVENUE 2,19,Non-Landed Properties,2,"3,200",60 to 70,600 to 700,Apr-24
JEWEL @ BUANGKOK,COMPASSVALE BOW,19,Non-Landed Properties,2,"3,500",60 to 70,700 to 800,Apr-24
RIVERSAILS,UPPER SERANGOON CRESCENT,19,Non-Landed Properties,1,"2,900",40 to 50,500 to 600,Apr-24
AFFINITY AT SERANGOON,SERANGOON NORTH AVENUE 1,19,Non-Landed Properties,1,"3,200",40 to 50,400 to 500,Apr-24
RIVERFRONT RESIDENCES,HOUGANG AVENUE 7,19,Non-Landed Properties,1,"2,800",40 to 50,500 to 600,Apr-24
THE FLORENCE RESIDENCES,HOUGANG AVENUE 2,19,Non-Landed Properties,NA,"3,680",70 to 80,700 to 800,Apr-24
THE COURTYARD,LIM AH PIN ROAD,19,Non-Landed Properties,3,"4,000",110 to 120,"1,200 to 1,300",Apr-24
GAMBIR RIDGE,GAMBIR WALK,19,Non-Landed Properties,2,"4,600",120 to 130,"1,300 to 1,400",Apr-24
PARC CENTROS,PUNGGOL CENTRAL,19,Non-Landed Properties,1,"2,850",40 to 50,400 to 500,Apr-24
THE FLORENCE RESIDENCES,HOUGANG AVENUE 2,19,Non-Landed Properties,2,"3,200",60 to 70,600 to 700,Apr-24
PARC VERA,HOUGANG STREET 32,19,Non-Landed Properties,2,"3,300",70 to 80,700 to 800,Apr-24
SENGKANG GRAND RESIDENCES,COMPASSVALE BOW,19,Non-Landed Properties,NA,"3,000",40 to 50,400 to 500,Apr-24
THE SCALA,SERANGOON AVENUE 3,19,Non-Landed Properties,2,"4,850",80 to 90,"900 to 1,000",Apr-24
RIVERFRONT RESIDENCES,HOUGANG AVENUE 7,19,Non-Landed Properties,1,"2,850",40 to 50,400 to 500,Apr-24
KENSINGTON SQUARE,JALAN LOKAM,19,Non-Landed Properties,2,"3,000",50 to 60,600 to 700,Apr-24
BOTANIQUE AT BARTLEY,UPPER PAYA LEBAR ROAD,19,Non-Landed Properties,2,"3,300",60 to 70,600 to 700,Apr-24
THE FLORENCE RESIDENCES,HOUGANG AVENUE 2,19,Non-Landed Properties,2,"3,500",60 to 70,700 to 800,Apr-24
RIVER ISLES,EDGEDALE PLAINS,19,Non-Landed Properties,3,"3,900",100 to 110,"1,100 to 1,200",Apr-24
RIVERSAILS,UPPER SERANGOON CRESCENT,19,Non-Landed Properties,2,"3,300",70 to 80,800 to 900,Apr-24
THE QUARTZ,COMPASSVALE BOW,19,Non-Landed Properties,NA,"4,500",110 to 120,"1,100 to 1,200",Apr-24
RIVER ISLES,EDGEDALE PLAINS,19,Non-Landed Properties,3,"5,300",180 to 190,"1,900 to 2,000",Apr-24
KINGSFORD WATERBAY,UPPER SERANGOON VIEW,19,Non-Landed Properties,3,"3,800",80 to 90,800 to 900,Apr-24
MIDTOWN RESIDENCES,UPPER SERANGOON ROAD,19,Non-Landed Properties,1,"2,500",40 to 50,400 to 500,Apr-24
KOVAN REGENCY,KOVAN RISE,19,Non-Landed Properties,3,"5,200",90 to 100,"1,000 to 1,100",Apr-24
REGENTVILLE,HOUGANG STREET 92,19,Non-Landed Properties,2,"3,600",90 to 100,"900 to 1,000",Apr-24
PRESTO@UPPER SERANGOON,UPPER SERANGOON ROAD,19,Non-Landed Properties,2,"3,800",70 to 80,800 to 900,Apr-24
AFFINITY AT SERANGOON,SERANGOON NORTH AVENUE 1,19,Non-Landed Properties,1,"2,850",50 to 60,500 to 600,Apr-24
SENGKANG GRAND RESIDENCES,COMPASSVALE BOW,19,Non-Landed Properties,NA,"3,000",40 to 50,500 to 600,Apr-24
THE SCALA,SERANGOON AVENUE 3,19,Non-Landed Properties,2,"4,200",80 to 90,"900 to 1,000",Apr-24
SENGKANG GRAND RESIDENCES,COMPASSVALE BOW,19,Non-Landed Properties,NA,"3,000",40 to 50,400 to 500,Apr-24
WATERTOWN,PUNGGOL CENTRAL,19,Non-Landed Properties,1,"3,380",50 to 60,500 to 600,Apr-24
THE SPRINGBLOOM,SERANGOON AVENUE 3,19,Non-Landed Properties,3,"5,200",120 to 130,"1,300 to 1,400",Apr-24
AFFINITY AT SERANGOON,SERANGOON NORTH AVENUE 1,19,Non-Landed Properties,1,"3,000",50 to 60,500 to 600,Apr-24
CARDIFF RESIDENCE,CARDIFF GROVE,19,Non-Landed Properties,2,"3,300",50 to 60,500 to 600,Apr-24
WATERTOWN,PUNGGOL CENTRAL,19,Non-Landed Properties,1,"2,800",50 to 60,500 to 600,Apr-24
KINGSFORD WATERBAY,UPPER SERANGOON VIEW,19,Non-Landed Properties,1,"2,700",40 to 50,400 to 500,Apr-24
KINGSFORD WATERBAY,UPPER SERANGOON VIEW,19,Non-Landed Properties,1,"2,700",40 to 50,400 to 500,Apr-24
A TREASURE TROVE,PUNGGOL WALK,19,Non-Landed Properties,2,"3,400",70 to 80,700 to 800,Apr-24
THE WATERLINE,POH HUAT ROAD WEST,19,Non-Landed Properties,3,"3,850",100 to 110,"1,100 to 1,200",Apr-24
CASA CAMBIO,LIM TUA TOW ROAD,19,Non-Landed Properties,2,"3,300",60 to 70,600 to 700,Apr-24
THE SCALA,SERANGOON AVENUE 3,19,Non-Landed Properties,3,"5,600",90 to 100,"1,000 to 1,100",Apr-24
KENSINGTON SQUARE,JALAN LOKAM,19,Non-Landed Properties,2,"3,500",50 to 60,600 to 700,Apr-24
WATERTOWN,PUNGGOL CENTRAL,19,Non-Landed Properties,1,"3,200",40 to 50,500 to 600,Apr-24
WATERTOWN,PUNGGOL CENTRAL,19,Non-Landed Properties,1,"2,950",50 to 60,500 to 600,Apr-24
BARTLEY RESIDENCES,LORONG HOW SUN,19,Non-Landed Properties,3,"5,000",150 to 160,"1,600 to 1,700",Apr-24
PARC CENTROS,PUNGGOL CENTRAL,19,Non-Landed Properties,2,"3,700",90 to 100,"1,000 to 1,100",Apr-24
A TREASURE TROVE,PUNGGOL WALK,19,Non-Landed Properties,2,"3,500",70 to 80,700 to 800,Apr-24
D'PAVILION,UPPER SERANGOON ROAD,19,Non-Landed Properties,3,"4,200",110 to 120,"1,200 to 1,300",Apr-24
RIVERSAILS,UPPER SERANGOON CRESCENT,19,Non-Landed Properties,3,"4,600",100 to 110,"1,100 to 1,200",Apr-24
FOREST WOODS,LORONG LEW LIAN,19,Non-Landed Properties,2,"3,800",60 to 70,600 to 700,Apr-24
D'ZIRE,ROBEY CRESCENT,19,Non-Landed Properties,1,"2,600",40 to 50,400 to 500,Apr-24
RIVERSAILS,UPPER SERANGOON CRESCENT,19,Non-Landed Properties,3,"4,300",160 to 170,"1,800 to 1,900",Apr-24
REGENTVILLE,HOUGANG STREET 92,19,Non-Landed Properties,3,"3,800",100 to 110,"1,100 to 1,200",Apr-24
CHARLTON CORNER,CHARLTON LANE,19,Non-Landed Properties,NA,"3,100",70 to 80,800 to 900,Apr-24
RIVERSAILS,UPPER SERANGOON CRESCENT,19,Non-Landed Properties,3,"4,300",90 to 100,"1,000 to 1,100",Apr-24
AFFINITY AT SERANGOON,SERANGOON NORTH AVENUE 1,19,Non-Landed Properties,1,"3,000",50 to 60,500 to 600,Apr-24
RIVERSOUND RESIDENCE,SENGKANG EAST AVENUE,19,Non-Landed Properties,4,"4,200",130 to 140,"1,400 to 1,500",Apr-24
MIDTOWN RESIDENCES,UPPER SERANGOON ROAD,19,Non-Landed Properties,2,"3,250",60 to 70,600 to 700,Apr-24
FLO RESIDENCE,PUNGGOL FIELD WALK,19,Non-Landed Properties,3,"5,000",90 to 100,"1,000 to 1,100",Apr-24
THE FLORENCE RESIDENCES,HOUGANG AVENUE 2,19,Non-Landed Properties,NA,"3,700",50 to 60,600 to 700,Apr-24
KOVAN MELODY,KOVAN ROAD,19,Non-Landed Properties,2,"3,700",80 to 90,"900 to 1,000",Apr-24
BARTLEY RESIDENCES,LORONG HOW SUN,19,Non-Landed Properties,1,"2,900",40 to 50,400 to 500,Apr-24
BARTLEY RESIDENCES,LORONG HOW SUN,19,Non-Landed Properties,1,"3,100",40 to 50,400 to 500,Apr-24
THE QUARTZ,COMPASSVALE BOW,19,Non-Landed Properties,3,"4,400",100 to 110,"1,100 to 1,200",Apr-24
MIDTOWN RESIDENCES,UPPER SERANGOON ROAD,19,Non-Landed Properties,1,"3,000",40 to 50,400 to 500,Apr-24
KOVAN GRANDEUR,TAMPINES ROAD,19,Non-Landed Properties,2,"3,200",80 to 90,"900 to 1,000",Apr-24
LA FIESTA,SENGKANG SQUARE,19,Non-Landed Properties,3,"4,500",90 to 100,"1,000 to 1,100",Apr-24
THE TEMBUSU,TAMPINES ROAD,19,Non-Landed Properties,3,"4,550",90 to 100,"1,000 to 1,100",Apr-24
PARK RESIDENCES KOVAN,UPPER SERANGOON ROAD,19,Non-Landed Properties,1,"2,100",30 to 40,300 to 400,Apr-24
THE FLORENCE RESIDENCES,HOUGANG AVENUE 2,19,Non-Landed Properties,2,"3,000",50 to 60,600 to 700,Apr-24
THE GARDEN RESIDENCES,SERANGOON NORTH VIEW,19,Non-Landed Properties,2,"3,350",60 to 70,600 to 700,Apr-24
THE FLORENCE RESIDENCES,HOUGANG AVENUE 2,19,Non-Landed Properties,1,"2,850",40 to 50,400 to 500,Apr-24
FIORENZA,FLORENCE ROAD,19,Non-Landed Properties,2,"3,750",130 to 140,"1,400 to 1,500",Apr-24
AFFINITY AT SERANGOON,SERANGOON NORTH AVENUE 1,19,Non-Landed Properties,1,"3,300",50 to 60,500 to 600,Apr-24
A TREASURE TROVE,PUNGGOL WALK,19,Non-Landed Properties,3,"4,200",90 to 100,"1,000 to 1,100",Apr-24
BARTLEY RESIDENCES,LORONG HOW SUN,19,Non-Landed Properties,2,"4,500",80 to 90,"900 to 1,000",Apr-24
THE MINTON,HOUGANG STREET 11,19,Non-Landed Properties,3,"3,600",130 to 140,"1,400 to 1,500",Apr-24
RIVER ISLES,EDGEDALE PLAINS,19,Non-Landed Properties,2,"3,650",70 to 80,700 to 800,Apr-24
PARC CENTROS,PUNGGOL CENTRAL,19,Non-Landed Properties,3,"4,500",100 to 110,"1,100 to 1,200",Apr-24
AFFINITY AT SERANGOON,SERANGOON NORTH AVENUE 1,19,Non-Landed Properties,2,"3,600",70 to 80,700 to 800,Apr-24
REGENTVILLE,HOUGANG STREET 92,19,Non-Landed Properties,2,"5,250",160 to 170,"1,700 to 1,800",Apr-24
STARS OF KOVAN,UPPER SERANGOON ROAD,19,Non-Landed Properties,2,"4,000",70 to 80,700 to 800,Apr-24
FOREST WOODS,LORONG LEW LIAN,19,Non-Landed Properties,2,"3,600",50 to 60,600 to 700,Apr-24
THE FLORENCE RESIDENCES,HOUGANG AVENUE 2,19,Non-Landed Properties,NA,"3,350",50 to 60,600 to 700,Apr-24
PARK RESIDENCES KOVAN,UPPER SERANGOON ROAD,19,Non-Landed Properties,1,"2,300",30 to 40,300 to 400,Apr-24
THE GARDEN RESIDENCES,SERANGOON NORTH VIEW,19,Non-Landed Properties,3,"3,800",70 to 80,700 to 800,Apr-24
STADIA,YIO CHU KANG ROAD,19,Non-Landed Properties,2,"3,650",80 to 90,"900 to 1,000",Apr-24
RIVERSAILS,UPPER SERANGOON CRESCENT,19,Non-Landed Properties,1,"2,800",40 to 50,500 to 600,Apr-24
TREASURE MANSIONS,ROSYTH AVENUE,19,Non-Landed Properties,2,"3,300",80 to 90,800 to 900,Apr-24
A TREASURE TROVE,PUNGGOL WALK,19,Non-Landed Properties,3,"4,200",90 to 100,"1,000 to 1,100",Apr-24
SENGKANG GRAND RESIDENCES,COMPASSVALE BOW,19,Non-Landed Properties,NA,"2,900",40 to 50,400 to 500,Apr-24
WATERTOWN,PUNGGOL CENTRAL,19,Non-Landed Properties,1,"3,000",50 to 60,500 to 600,Apr-24
KINGSFORD WATERBAY,UPPER SERANGOON VIEW,19,Non-Landed Properties,2,"3,800",60 to 70,600 to 700,Apr-24
A TREASURE TROVE,PUNGGOL WALK,19,Non-Landed Properties,3,"4,100",90 to 100,"1,000 to 1,100",Apr-24
THE FLORENCE RESIDENCES,HOUGANG AVENUE 2,19,Non-Landed Properties,1,"2,800",40 to 50,400 to 500,Apr-24
THE LUXURIE,COMPASSVALE ROAD,19,Non-Landed Properties,2,"3,700",80 to 90,800 to 900,Apr-24
SENGKANG GRAND RESIDENCES,COMPASSVALE BOW,19,Non-Landed Properties,NA,"3,300",60 to 70,600 to 700,Apr-24
STADIA,YIO CHU KANG ROAD,19,Non-Landed Properties,2,"3,800",100 to 110,"1,100 to 1,200",Apr-24
THE GARDEN RESIDENCES,SERANGOON NORTH VIEW,19,Non-Landed Properties,2,"3,500",60 to 70,600 to 700,Apr-24
PARK RESIDENCES KOVAN,UPPER SERANGOON ROAD,19,Non-Landed Properties,1,"2,900",60 to 70,600 to 700,Apr-24
PARC CENTROS,PUNGGOL CENTRAL,19,Non-Landed Properties,3,"4,150",90 to 100,"900 to 1,000",Apr-24
GAMBIR RIDGE,GAMBIR WALK,19,Non-Landed Properties,2,"3,200",60 to 70,700 to 800,Apr-24
SENGKANG GRAND RESIDENCES,COMPASSVALE BOW,19,Non-Landed Properties,NA,"4,400",80 to 90,"900 to 1,000",Apr-24
JEWEL @ BUANGKOK,COMPASSVALE BOW,19,Non-Landed Properties,3,"4,000",80 to 90,800 to 900,Apr-24
RIVERSAILS,UPPER SERANGOON CRESCENT,19,Non-Landed Properties,3,"4,500",110 to 120,"1,100 to 1,200",Apr-24
RIVERFRONT RESIDENCES,HOUGANG AVENUE 7,19,Non-Landed Properties,1,"2,750",40 to 50,400 to 500,Apr-24
RIO VISTA,UPPER SERANGOON VIEW,19,Non-Landed Properties,2,"3,450",90 to 100,"1,000 to 1,100",Apr-24
THE GAZANIA,HOW SUN DRIVE,19,Non-Landed Properties,4,"7,000",160 to 170,"1,700 to 1,800",Apr-24
FOREST WOODS,LORONG LEW LIAN,19,Non-Landed Properties,2,"4,200",50 to 60,600 to 700,Apr-24
REGENTVILLE,HOUGANG STREET 92,19,Non-Landed Properties,3,"4,000",100 to 110,"1,100 to 1,200",Apr-24
AFFINITY AT SERANGOON,SERANGOON NORTH AVENUE 1,19,Non-Landed Properties,1,"2,700",40 to 50,400 to 500,Apr-24
CARDIFF RESIDENCE,CARDIFF GROVE,19,Non-Landed Properties,1,"2,500",30 to 40,400 to 500,Apr-24
WATERTOWN,PUNGGOL CENTRAL,19,Non-Landed Properties,NA,"2,800",50 to 60,600 to 700,Apr-24
KINGSFORD WATERBAY,UPPER SERANGOON VIEW,19,Non-Landed Properties,2,"3,300",60 to 70,600 to 700,Apr-24
KINGSFORD WATERBAY,UPPER SERANGOON VIEW,19,Non-Landed Properties,1,"2,630",40 to 50,400 to 500,Apr-24
BARTLEY RESIDENCES,LORONG HOW SUN,19,Non-Landed Properties,1,"3,000",40 to 50,400 to 500,Apr-24
THE MINTON,HOUGANG STREET 11,19,Non-Landed Properties,2,"4,000",90 to 100,"900 to 1,000",Apr-24
THE GARDEN RESIDENCES,SERANGOON NORTH VIEW,19,Non-Landed Properties,1,"2,800",40 to 50,400 to 500,Apr-24
AFFINITY AT SERANGOON,SERANGOON NORTH AVENUE 1,19,Non-Landed Properties,2,"3,400",70 to 80,700 to 800,Apr-24
SENGKANG GRAND RESIDENCES,COMPASSVALE BOW,19,Non-Landed Properties,NA,"4,250",80 to 90,"900 to 1,000",Apr-24
SENGKANG GRAND RESIDENCES,COMPASSVALE BOW,19,Non-Landed Properties,NA,"3,400",60 to 70,600 to 700,Apr-24
KOVAN REGENCY,KOVAN RISE,19,Non-Landed Properties,1,"3,000",40 to 50,500 to 600,Apr-24
LA FIESTA,SENGKANG SQUARE,19,Non-Landed Properties,1,"2,750",40 to 50,400 to 500,Apr-24
RIVERFRONT RESIDENCES,HOUGANG AVENUE 7,19,Non-Landed Properties,1,"2,700",40 to 50,400 to 500,Apr-24
STARS OF KOVAN,UPPER SERANGOON ROAD,19,Non-Landed Properties,2,"3,600",60 to 70,700 to 800,Apr-24
AFFINITY AT SERANGOON,SERANGOON NORTH AVENUE 1,19,Non-Landed Properties,2,"3,200",50 to 60,600 to 700,Apr-24
THE BENTLY RESIDENCES@KOVAN,KOVAN ROAD,19,Non-Landed Properties,2,"2,800",50 to 60,500 to 600,Apr-24
SENGKANG GRAND RESIDENCES,COMPASSVALE BOW,19,Non-Landed Properties,NA,"3,000",40 to 50,400 to 500,Apr-24
LA FIESTA,SENGKANG SQUARE,19,Non-Landed Properties,2,"2,800",80 to 90,"900 to 1,000",Apr-24
RIVERFRONT RESIDENCES,HOUGANG AVENUE 7,19,Non-Landed Properties,1,"2,700",40 to 50,400 to 500,Apr-24
CRYSTAL DE AZURE,HOW SUN CLOSE,19,Non-Landed Properties,3,"4,400",120 to 130,"1,300 to 1,400",Apr-24
RIVERFRONT RESIDENCES,HOUGANG AVENUE 7,19,Non-Landed Properties,3,"4,100",80 to 90,"900 to 1,000",Apr-24
THE TEMBUSU,TAMPINES ROAD,19,Non-Landed Properties,3,"4,700",90 to 100,"1,000 to 1,100",Apr-24
RIVERFRONT RESIDENCES,HOUGANG AVENUE 7,19,Non-Landed Properties,1,"2,900",50 to 60,600 to 700,Apr-24
KINGSFORD WATERBAY,UPPER SERANGOON VIEW,19,Non-Landed Properties,2,"3,300",60 to 70,600 to 700,Apr-24
CARDIFF RESIDENCE,CARDIFF GROVE,19,Non-Landed Properties,2,"3,400",50 to 60,600 to 700,Apr-24
PARC CENTROS,PUNGGOL CENTRAL,19,Non-Landed Properties,2,"3,700",70 to 80,700 to 800,Apr-24
KENSINGTON PARK CONDOMINIUM,KENSINGTON PARK DRIVE,19,Non-Landed Properties,3,"5,000",160 to 170,"1,700 to 1,800",Apr-24
RIVER ISLES,EDGEDALE PLAINS,19,Non-Landed Properties,NA,"2,300",40 to 50,400 to 500,Apr-24
THE GAZANIA,HOW SUN DRIVE,19,Non-Landed Properties,1,"3,300",40 to 50,400 to 500,Apr-24
SENGKANG GRAND RESIDENCES,COMPASSVALE BOW,19,Non-Landed Properties,NA,"4,400",80 to 90,"900 to 1,000",Apr-24
STARS OF KOVAN,UPPER SERANGOON ROAD,19,Non-Landed Properties,1,"3,100",40 to 50,500 to 600,Apr-24
KINGSFORD WATERBAY,UPPER SERANGOON VIEW,19,Non-Landed Properties,3,"3,800",80 to 90,800 to 900,Apr-24
KOVAN RESIDENCES,KOVAN ROAD,19,Non-Landed Properties,2,"4,100",80 to 90,800 to 900,Apr-24
CARDIFF RESIDENCE,CARDIFF GROVE,19,Non-Landed Properties,2,"3,500",40 to 50,500 to 600,Apr-24
CHILTERN PARK,SERANGOON AVENUE 3,19,Non-Landed Properties,2,"3,550",80 to 90,"900 to 1,000",Apr-24
THE LUXURIE,COMPASSVALE ROAD,19,Non-Landed Properties,2,"3,300",80 to 90,"900 to 1,000",Apr-24
SPAZIO @ KOVAN,UPPER SERANGOON ROAD,19,Non-Landed Properties,2,"3,500",50 to 60,600 to 700,Apr-24
THE SCALA,SERANGOON AVENUE 3,19,Non-Landed Properties,2,"4,700",70 to 80,800 to 900,Apr-24
ROSALIA PARK,LORONG ONG LYE,19,Non-Landed Properties,2,"3,300",120 to 130,"1,300 to 1,400",Apr-24
PALM HAVEN,PALM GROVE AVENUE,19,Non-Landed Properties,3,"4,600",180 to 190,"1,900 to 2,000",Apr-24
THE MINTON,HOUGANG STREET 11,19,Non-Landed Properties,4,"6,400",150 to 160,"1,600 to 1,700",Apr-24
THE MINTON,HOUGANG STREET 11,19,Non-Landed Properties,2,"4,650",100 to 110,"1,100 to 1,200",Apr-24
PARC CENTROS,PUNGGOL CENTRAL,19,Non-Landed Properties,3,"4,400",100 to 110,"1,100 to 1,200",Apr-24
THE PROMENADE@PELIKAT,JALAN PELIKAT,19,Non-Landed Properties,2,"3,000",70 to 80,800 to 900,Apr-24
SENGKANG GRAND RESIDENCES,COMPASSVALE BOW,19,Non-Landed Properties,NA,"3,000",40 to 50,500 to 600,Apr-24
THE LUXURIE,COMPASSVALE ROAD,19,Non-Landed Properties,2,"3,450",70 to 80,700 to 800,Apr-24
RIVERSAILS,UPPER SERANGOON CRESCENT,19,Non-Landed Properties,3,"3,900",100 to 110,"1,100 to 1,200",Apr-24
SENGKANG GRAND RESIDENCES,COMPASSVALE BOW,19,Non-Landed Properties,NA,"3,800",70 to 80,700 to 800,Apr-24
WATERTOWN,PUNGGOL CENTRAL,19,Non-Landed Properties,NA,"2,900",50 to 60,500 to 600,Apr-24
WEMBLY RESIDENCES,YIO CHU KANG ROAD,19,Non-Landed Properties,2,"3,800",90 to 100,"1,000 to 1,100",Apr-24
THE SCALA,SERANGOON AVENUE 3,19,Non-Landed Properties,3,"5,500",90 to 100,"1,000 to 1,100",Apr-24
LA FIESTA,SENGKANG SQUARE,19,Non-Landed Properties,2,"3,500",70 to 80,700 to 800,Apr-24
JEWEL @ BUANGKOK,COMPASSVALE BOW,19,Non-Landed Properties,2,"3,800",60 to 70,600 to 700,Apr-24
PALM GROVE CONDOMINIUM,PALM GROVE AVENUE,19,Non-Landed Properties,3,"4,400",170 to 180,"1,800 to 1,900",Apr-24
WATERTOWN,PUNGGOL CENTRAL,19,Non-Landed Properties,1,"3,000",50 to 60,500 to 600,Apr-24
THE FLORENCE RESIDENCES,HOUGANG AVENUE 2,19,Non-Landed Properties,NA,"3,000",40 to 50,400 to 500,Apr-24
PARK RESIDENCES KOVAN,UPPER SERANGOON ROAD,19,Non-Landed Properties,1,"2,600",30 to 40,300 to 400,Apr-24
WATERTOWN,PUNGGOL CENTRAL,19,Non-Landed Properties,1,"3,100",50 to 60,500 to 600,Apr-24
SENGKANG GRAND RESIDENCES,COMPASSVALE BOW,19,Non-Landed Properties,NA,"3,700",50 to 60,600 to 700,Apr-24
KOVAN REGENCY,KOVAN RISE,19,Non-Landed Properties,3,"4,100",90 to 100,"1,000 to 1,100",Apr-24
PARK RESIDENCES KOVAN,UPPER SERANGOON ROAD,19,Non-Landed Properties,1,"2,200",30 to 40,300 to 400,Apr-24
SIMON PLAZA,KOVAN ROAD,19,Non-Landed Properties,3,"4,800",170 to 180,"1,800 to 1,900",Apr-24
RIVERSAILS,UPPER SERANGOON CRESCENT,19,Non-Landed Properties,2,"3,300",80 to 90,800 to 900,Apr-24
A TREASURE TROVE,PUNGGOL WALK,19,Non-Landed Properties,2,"3,600",70 to 80,700 to 800,Apr-24
RIVERSOUND RESIDENCE,SENGKANG EAST AVENUE,19,Non-Landed Properties,1,"2,550",40 to 50,400 to 500,Apr-24
ROSYTH VILLE,ROSYTH ROAD,19,Non-Landed Properties,3,"4,000",100 to 110,"1,000 to 1,100",Apr-24
GOLDEN HEIGHTS,SERANGOON AVENUE 3,19,Non-Landed Properties,3,"4,000",110 to 120,"1,200 to 1,300",Apr-24
THE SUNSHINE,SUNSHINE TERRACE,19,Non-Landed Properties,3,"4,000",110 to 120,"1,200 to 1,300",Apr-24
RIO VISTA,UPPER SERANGOON VIEW,19,Non-Landed Properties,2,"3,800",90 to 100,"1,000 to 1,100",Apr-24
KINGSFORD WATERBAY,UPPER SERANGOON VIEW,19,Non-Landed Properties,2,"3,200",60 to 70,600 to 700,Apr-24
THE FLORENCE RESIDENCES,HOUGANG AVENUE 2,19,Non-Landed Properties,2,"3,400",60 to 70,700 to 800,Apr-24
57 @ KOVAN,KOVAN ROAD,19,Non-Landed Properties,3,"4,250",110 to 120,"1,200 to 1,300",Apr-24
FOREST WOODS,LORONG LEW LIAN,19,Non-Landed Properties,2,"4,000",50 to 60,600 to 700,Apr-24
KOVAN REGENCY,KOVAN RISE,19,Non-Landed Properties,2,"3,300",90 to 100,"900 to 1,000",Apr-24
FONTAINE PARRY,POH HUAT ROAD,19,Non-Landed Properties,2,"4,200",110 to 120,"1,200 to 1,300",Apr-24
RIVERFRONT RESIDENCES,HOUGANG AVENUE 7,19,Non-Landed Properties,1,"2,600",40 to 50,400 to 500,Apr-24
WATERTOWN,PUNGGOL CENTRAL,19,Non-Landed Properties,1,"2,800",50 to 60,500 to 600,Apr-24
THE LUXURIE,COMPASSVALE ROAD,19,Non-Landed Properties,3,"4,100",90 to 100,"1,000 to 1,100",Apr-24
SENGKANG GRAND RESIDENCES,COMPASSVALE BOW,19,Non-Landed Properties,NA,"4,000",70 to 80,700 to 800,Apr-24
WATERTOWN,PUNGGOL CENTRAL,19,Non-Landed Properties,1,"3,100",50 to 60,500 to 600,Apr-24
WATERTOWN,PUNGGOL CENTRAL,19,Non-Landed Properties,2,"3,200",70 to 80,800 to 900,Apr-24
KOVAN MELODY,KOVAN ROAD,19,Non-Landed Properties,3,"5,200",110 to 120,"1,200 to 1,300",Apr-24
LA FIESTA,SENGKANG SQUARE,19,Non-Landed Properties,2,"3,200",90 to 100,"900 to 1,000",Apr-24
RIVERSOUND RESIDENCE,SENGKANG EAST AVENUE,19,Non-Landed Properties,3,"3,700",90 to 100,"1,000 to 1,100",Apr-24
SUITES @ PAYA LEBAR,UPPER PAYA LEBAR ROAD,19,Non-Landed Properties,NA,"2,400",30 to 40,300 to 400,Apr-24
JEWEL @ BUANGKOK,COMPASSVALE BOW,19,Non-Landed Properties,1,"2,750",40 to 50,400 to 500,Apr-24
THE WATERLINE,POH HUAT ROAD WEST,19,Non-Landed Properties,2,"3,400",130 to 140,"1,400 to 1,500",Apr-24
SENGKANG GRAND RESIDENCES,COMPASSVALE BOW,19,Non-Landed Properties,NA,"3,500",60 to 70,600 to 700,Apr-24
SENGKANG GRAND RESIDENCES,COMPASSVALE BOW,19,Non-Landed Properties,NA,"3,700",70 to 80,700 to 800,Apr-24
AFFINITY AT SERANGOON,SERANGOON NORTH AVENUE 1,19,Non-Landed Properties,3,"3,800",70 to 80,800 to 900,Apr-24
SENGKANG GRAND RESIDENCES,COMPASSVALE BOW,19,Non-Landed Properties,NA,"3,188",40 to 50,400 to 500,Apr-24
NON-LANDED HOUSING DEVELOPMENT,UPPER PAYA LEBAR ROAD,19,Non-Landed Properties,NA,"4,200",70 to 80,700 to 800,Apr-24
RIVERSAILS,UPPER SERANGOON CRESCENT,19,Non-Landed Properties,3,"4,400",90 to 100,"1,000 to 1,100",Apr-24
THE TEMBUSU,TAMPINES ROAD,19,Non-Landed Properties,4,"6,000",120 to 130,"1,300 to 1,400",Apr-24
THE TEMBUSU,TAMPINES ROAD,19,Non-Landed Properties,3,"4,000",110 to 120,"1,200 to 1,300",Apr-24
THE FLORENCE RESIDENCES,HOUGANG AVENUE 2,19,Non-Landed Properties,2,"3,400",60 to 70,600 to 700,Apr-24
BARTLEY RESIDENCES,LORONG HOW SUN,19,Non-Landed Properties,2,"4,200",80 to 90,800 to 900,Apr-24
PARC CENTROS,PUNGGOL CENTRAL,19,Non-Landed Properties,2,"3,650",70 to 80,700 to 800,Apr-24
SUITES @ PAYA LEBAR,UPPER PAYA LEBAR ROAD,19,Non-Landed Properties,1,"2,600",30 to 40,400 to 500,Apr-24
WATERTOWN,PUNGGOL CENTRAL,19,Non-Landed Properties,NA,"3,200",50 to 60,600 to 700,Apr-24
AFFINITY AT SERANGOON,SERANGOON NORTH AVENUE 1,19,Non-Landed Properties,2,"3,600",70 to 80,700 to 800,Apr-24
LA FIESTA,SENGKANG SQUARE,19,Non-Landed Properties,2,"3,400",70 to 80,700 to 800,Apr-24
A TREASURE TROVE,PUNGGOL WALK,19,Non-Landed Properties,2,"3,300",70 to 80,700 to 800,Apr-24
AFFINITY AT SERANGOON,SERANGOON NORTH AVENUE 1,19,Non-Landed Properties,2,"3,525",60 to 70,700 to 800,Apr-24
KOVAN REGENCY,KOVAN RISE,19,Non-Landed Properties,1,"3,100",50 to 60,600 to 700,Apr-24
LA FIESTA,SENGKANG SQUARE,19,Non-Landed Properties,1,"2,700",40 to 50,400 to 500,Apr-24
RIVERVALE CREST,RIVERVALE CRESCENT,19,Non-Landed Properties,2,"3,300",110 to 120,"1,100 to 1,200",Apr-24
8 EDEN GROVE,EDEN GROVE,19,Non-Landed Properties,2,"3,700",90 to 100,"1,000 to 1,100",Apr-24
AFFINITY AT SERANGOON,SERANGOON NORTH AVENUE 1,19,Non-Landed Properties,3,"4,300",80 to 90,"900 to 1,000",Apr-24
JEWEL @ BUANGKOK,COMPASSVALE BOW,19,Non-Landed Properties,2,"3,600",60 to 70,700 to 800,Apr-24
AFFINITY AT SERANGOON,SERANGOON NORTH AVENUE 1,19,Non-Landed Properties,3,"4,200",70 to 80,800 to 900,Apr-24
SENGKANG GRAND RESIDENCES,COMPASSVALE BOW,19,Non-Landed Properties,NA,"4,200",80 to 90,"900 to 1,000",Apr-24
RIVERFRONT RESIDENCES,HOUGANG AVENUE 7,19,Non-Landed Properties,1,"2,800",40 to 50,400 to 500,Apr-24
BOATHOUSE RESIDENCES,UPPER SERANGOON VIEW,19,Non-Landed Properties,2,"3,500",80 to 90,"900 to 1,000",Apr-24
A TREASURE TROVE,PUNGGOL WALK,19,Non-Landed Properties,2,"3,700",80 to 90,"900 to 1,000",Apr-24
THE SCALA,SERANGOON AVENUE 3,19,Non-Landed Properties,2,"4,300",80 to 90,"900 to 1,000",Apr-24
OASIS GARDEN,JALAN BUNGA RAMPAI,19,Non-Landed Properties,2,"3,500",80 to 90,"900 to 1,000",Apr-24
THE FLORENCE RESIDENCES,HOUGANG AVENUE 2,19,Non-Landed Properties,2,"3,300",60 to 70,700 to 800,Apr-24
THE SPRINGBLOOM,SERANGOON AVENUE 3,19,Non-Landed Properties,3,"3,200",120 to 130,"1,300 to 1,400",Apr-24
RIVERFRONT RESIDENCES,HOUGANG AVENUE 7,19,Non-Landed Properties,2,"3,200",50 to 60,600 to 700,Apr-24
PRESTIGE POINT,UPPER PAYA LEBAR ROAD,19,Non-Landed Properties,2,"2,850",40 to 50,400 to 500,Apr-24
CASA CAMBIO,LIM TUA TOW ROAD,19,Non-Landed Properties,3,"4,300",110 to 120,"1,200 to 1,300",Apr-24
JEWEL @ BUANGKOK,COMPASSVALE BOW,19,Non-Landed Properties,1,"2,750",40 to 50,400 to 500,Apr-24
STARS OF KOVAN,UPPER SERANGOON ROAD,19,Non-Landed Properties,1,"3,600",40 to 50,500 to 600,Apr-24
THE FLORENCE RESIDENCES,HOUGANG AVENUE 2,19,Non-Landed Properties,NA,"4,300",90 to 100,"900 to 1,000",Apr-24
SENGKANG GRAND RESIDENCES,COMPASSVALE BOW,19,Non-Landed Properties,NA,"2,900",40 to 50,400 to 500,Apr-24
THE QUARTZ,COMPASSVALE BOW,19,Non-Landed Properties,NA,"4,200",110 to 120,"1,100 to 1,200",Apr-24
RIVERVALE CREST,RIVERVALE CRESCENT,19,Non-Landed Properties,3,"4,200",130 to 140,"1,400 to 1,500",Apr-24
KINGSFORD WATERBAY,UPPER SERANGOON VIEW,19,Non-Landed Properties,2,"3,200",60 to 70,600 to 700,Apr-24
THE SCALA,SERANGOON AVENUE 3,19,Non-Landed Properties,2,"4,500",70 to 80,800 to 900,Apr-24
KENSINGTON SQUARE,JALAN LOKAM,19,Non-Landed Properties,2,"3,200",50 to 60,600 to 700,Apr-24
FOREST WOODS,LORONG LEW LIAN,19,Non-Landed Properties,3,"5,400",90 to 100,"900 to 1,000",Apr-24
THE MINTON,HOUGANG STREET 11,19,Non-Landed Properties,2,"4,250",90 to 100,"900 to 1,000",Apr-24
BOATHOUSE RESIDENCES,UPPER SERANGOON VIEW,19,Non-Landed Properties,2,"3,750",80 to 90,"900 to 1,000",Apr-24
WATERTOWN,PUNGGOL CENTRAL,19,Non-Landed Properties,2,"4,300",70 to 80,800 to 900,Apr-24
CHILTERN PARK,SERANGOON AVENUE 3,19,Non-Landed Properties,2,"4,000",80 to 90,"900 to 1,000",Apr-24
SENGKANG GRAND RESIDENCES,COMPASSVALE BOW,19,Non-Landed Properties,NA,"3,000",40 to 50,400 to 500,Apr-24
LA FIESTA,SENGKANG SQUARE,19,Non-Landed Properties,3,"4,300",90 to 100,"1,000 to 1,100",Apr-24
AFFINITY AT SERANGOON,SERANGOON NORTH AVENUE 1,19,Non-Landed Properties,1,"2,800",40 to 50,400 to 500,Apr-24
BARTLEY RESIDENCES,LORONG HOW SUN,19,Non-Landed Properties,3,"5,000",100 to 110,"1,100 to 1,200",Apr-24
JADE RESIDENCES,LEW LIAN VALE,19,Non-Landed Properties,2,"3,100",40 to 50,500 to 600,Apr-24
A TREASURE TROVE,PUNGGOL WALK,19,Non-Landed Properties,3,"4,250",100 to 110,"1,100 to 1,200",Apr-24
SENGKANG GRAND RESIDENCES,COMPASSVALE BOW,19,Non-Landed Properties,NA,"4,800",80 to 90,"900 to 1,000",Apr-24
THE PROMENADE@PELIKAT,JALAN PELIKAT,19,Non-Landed Properties,1,"2,400",40 to 50,400 to 500,Apr-24
BOTANIQUE AT BARTLEY,UPPER PAYA LEBAR ROAD,19,Non-Landed Properties,1,"3,200",40 to 50,400 to 500,Apr-24
CHILTERN PARK,SERANGOON AVENUE 3,19,Non-Landed Properties,3,"4,800",110 to 120,"1,200 to 1,300",Apr-24
PARC CENTROS,PUNGGOL CENTRAL,19,Non-Landed Properties,1,"2,650",40 to 50,400 to 500,Apr-24
PARC CENTROS,PUNGGOL CENTRAL,19,Non-Landed Properties,1,"2,900",40 to 50,400 to 500,Apr-24
KOVAN ESQUIRE,KOVAN ROAD,19,Non-Landed Properties,3,"3,000",100 to 110,"1,000 to 1,100",Apr-24
THE GAZANIA,HOW SUN DRIVE,19,Non-Landed Properties,1,"3,400",40 to 50,400 to 500,Apr-24
FLO RESIDENCE,PUNGGOL FIELD WALK,19,Non-Landed Properties,4,"4,900",120 to 130,"1,300 to 1,400",Apr-24
THE CHUAN,LORONG CHUAN,19,Non-Landed Properties,4,"6,900",150 to 160,"1,600 to 1,700",Apr-24
THE CHUAN,LORONG CHUAN,19,Non-Landed Properties,3,"6,250",120 to 130,"1,300 to 1,400",Apr-24
LA FIESTA,SENGKANG SQUARE,19,Non-Landed Properties,2,"3,300",70 to 80,700 to 800,Apr-24
KOVAN RESIDENCES,KOVAN ROAD,19,Non-Landed Properties,4,"7,000",160 to 170,"1,700 to 1,800",Apr-24
BARTLEY RESIDENCES,LORONG HOW SUN,19,Non-Landed Properties,3,"5,000",100 to 110,"1,000 to 1,100",Apr-24
CHILTERN PARK,SERANGOON AVENUE 3,19,Non-Landed Properties,3,"6,300",140 to 150,"1,500 to 1,600",Apr-24
SENGKANG GRAND RESIDENCES,COMPASSVALE BOW,19,Non-Landed Properties,NA,"4,200",80 to 90,"900 to 1,000",Apr-24
SENGKANG GRAND RESIDENCES,COMPASSVALE BOW,19,Non-Landed Properties,NA,"5,500",90 to 100,"1,000 to 1,100",Apr-24
KINGSFORD WATERBAY,UPPER SERANGOON VIEW,19,Non-Landed Properties,2,"2,900",50 to 60,600 to 700,Apr-24
FOREST WOODS,LORONG LEW LIAN,19,Non-Landed Properties,3,"5,700",90 to 100,"1,000 to 1,100",Apr-24
THE MINTON,HOUGANG STREET 11,19,Non-Landed Properties,2,"4,100",90 to 100,"900 to 1,000",Apr-24
WATERTOWN,PUNGGOL CENTRAL,19,Non-Landed Properties,NA,"3,000",50 to 60,500 to 600,Apr-24
TRILIVE,TAMPINES ROAD,19,Non-Landed Properties,3,"3,200",80 to 90,"900 to 1,000",Apr-24
PALM HAVEN,PALM GROVE AVENUE,19,Non-Landed Properties,3,"3,900",110 to 120,"1,200 to 1,300",Apr-24
NON-LANDED HOUSING DEVELOPMENT,PILLAI ROAD,19,Non-Landed Properties,NA,"4,600",130 to 140,"1,400 to 1,500",Apr-24
RIVERFRONT RESIDENCES,HOUGANG AVENUE 7,19,Non-Landed Properties,2,"3,200",50 to 60,600 to 700,Apr-24
THE TEMBUSU,TAMPINES ROAD,19,Non-Landed Properties,2,"3,600",70 to 80,700 to 800,Apr-24
NOUVELLE PARK,POH HUAT ROAD WEST,19,Non-Landed Properties,3,"3,800",140 to 150,"1,500 to 1,600",Apr-24
FLO RESIDENCE,PUNGGOL FIELD WALK,19,Non-Landed Properties,3,"4,200",110 to 120,"1,100 to 1,200",Apr-24
BARTLEY RESIDENCES,LORONG HOW SUN,19,Non-Landed Properties,1,"2,900",40 to 50,400 to 500,Apr-24
THE SPRINGBLOOM,SERANGOON AVENUE 3,19,Non-Landed Properties,3,"4,500",120 to 130,"1,300 to 1,400",Apr-24
THE TEMBUSU,TAMPINES ROAD,19,Non-Landed Properties,2,"3,500",70 to 80,700 to 800,Apr-24
THE SCALA,SERANGOON AVENUE 3,19,Non-Landed Properties,3,"6,000",140 to 150,"1,500 to 1,600",Apr-24
THE LUXURIE,COMPASSVALE ROAD,19,Non-Landed Properties,3,"4,400",90 to 100,"1,000 to 1,100",Apr-24
RIVERSAILS,UPPER SERANGOON CRESCENT,19,Non-Landed Properties,2,"3,400",80 to 90,800 to 900,Apr-24
COMPASS HEIGHTS,SENGKANG SQUARE,19,Non-Landed Properties,3,"4,400",120 to 130,"1,300 to 1,400",Apr-24
BARTLEY RESIDENCES,LORONG HOW SUN,19,Non-Landed Properties,2,"3,700",70 to 80,700 to 800,Apr-24
STARS OF KOVAN,UPPER SERANGOON ROAD,19,Non-Landed Properties,2,"3,700",60 to 70,700 to 800,Apr-24
KOVAN REGENCY,KOVAN RISE,19,Non-Landed Properties,2,"3,300",50 to 60,500 to 600,Apr-24
THE GARDEN RESIDENCES,SERANGOON NORTH VIEW,19,Non-Landed Properties,2,"3,700",60 to 70,600 to 700,Apr-24
SENGKANG GRAND RESIDENCES,COMPASSVALE BOW,19,Non-Landed Properties,NA,"3,000",40 to 50,400 to 500,Apr-24
KOVAN MELODY,KOVAN ROAD,19,Non-Landed Properties,3,"5,400",100 to 110,"1,100 to 1,200",Apr-24
AFFINITY AT SERANGOON,SERANGOON NORTH AVENUE 1,19,Non-Landed Properties,2,"3,500",50 to 60,600 to 700,Apr-24
THE FLORENCE RESIDENCES,HOUGANG AVENUE 2,19,Non-Landed Properties,NA,"3,200",50 to 60,600 to 700,Apr-24
HOUGANG GREEN,BUANGKOK GREEN,19,Non-Landed Properties,3,"3,700",100 to 110,"1,100 to 1,200",Apr-24
KOVAN REGENCY,KOVAN RISE,19,Non-Landed Properties,3,"4,900",90 to 100,"900 to 1,000",Apr-24
CHILTERN PARK,SERANGOON AVENUE 3,19,Non-Landed Properties,3,"4,750",110 to 120,"1,200 to 1,300",Apr-24
FONTAINE PARRY,POH HUAT ROAD,19,Non-Landed Properties,2,"3,500",100 to 110,"1,100 to 1,200",Apr-24
WATERTOWN,PUNGGOL CENTRAL,19,Non-Landed Properties,2,"3,300",80 to 90,"900 to 1,000",Apr-24
FOREST WOODS,LORONG LEW LIAN,19,Non-Landed Properties,2,"3,800",50 to 60,600 to 700,Apr-24
SENGKANG GRAND RESIDENCES,COMPASSVALE BOW,19,Non-Landed Properties,NA,"3,000",40 to 50,400 to 500,Apr-24
A TREASURE TROVE,PUNGGOL WALK,19,Non-Landed Properties,2,"3,750",70 to 80,700 to 800,Apr-24
THE WATERLINE,POH HUAT ROAD WEST,19,Non-Landed Properties,3,"4,500",150 to 160,"1,600 to 1,700",Apr-24
JEWEL @ BUANGKOK,COMPASSVALE BOW,19,Non-Landed Properties,2,"3,500",60 to 70,700 to 800,Apr-24
KINGSFORD WATERBAY,UPPER SERANGOON VIEW,19,Non-Landed Properties,2,"3,400",60 to 70,600 to 700,Apr-24
WATERTOWN,PUNGGOL CENTRAL,19,Non-Landed Properties,NA,"2,850",50 to 60,500 to 600,Apr-24
LA FIESTA,SENGKANG SQUARE,19,Non-Landed Properties,3,"3,800",80 to 90,800 to 900,Apr-24
THE FLORENCE RESIDENCES,HOUGANG AVENUE 2,19,Non-Landed Properties,NA,"2,700",40 to 50,400 to 500,Apr-24
FLO RESIDENCE,PUNGGOL FIELD WALK,19,Non-Landed Properties,2,"3,500",70 to 80,700 to 800,Apr-24
RIVERVALE CREST,RIVERVALE CRESCENT,19,Non-Landed Properties,3,"4,600",100 to 110,"1,100 to 1,200",Apr-24
FLO RESIDENCE,PUNGGOL FIELD WALK,19,Non-Landed Properties,3,"4,200",90 to 100,"1,000 to 1,100",Apr-24
BOTANIQUE AT BARTLEY,UPPER PAYA LEBAR ROAD,19,Non-Landed Properties,1,"3,000",40 to 50,500 to 600,Apr-24
CASA CAMBIO,LIM TUA TOW ROAD,19,Non-Landed Properties,2,"2,800",40 to 50,400 to 500,Apr-24
TERRASSE,TERRASSE LANE,19,Non-Landed Properties,2,"3,200",70 to 80,700 to 800,Apr-24
THE MINTON,HOUGANG STREET 11,19,Non-Landed Properties,2,"4,000",90 to 100,"900 to 1,000",Apr-24
HILLSIDE MANSIONS,HILLSIDE DRIVE,19,Non-Landed Properties,3,"3,800",110 to 120,"1,100 to 1,200",Apr-24
JEWEL @ BUANGKOK,COMPASSVALE BOW,19,Non-Landed Properties,1,"3,100",40 to 50,400 to 500,Apr-24
WATERTOWN,PUNGGOL CENTRAL,19,Non-Landed Properties,NA,"3,250",50 to 60,600 to 700,Apr-24
JEWEL @ BUANGKOK,COMPASSVALE BOW,19,Non-Landed Properties,3,"4,700",110 to 120,"1,200 to 1,300",Apr-24
THE SCALA,SERANGOON AVENUE 3,19,Non-Landed Properties,3,"6,000",90 to 100,"1,000 to 1,100",Apr-24
URBAN RESIDENCES,LORONG AH SOO,19,Non-Landed Properties,2,"3,400",80 to 90,800 to 900,Apr-24
LA FIESTA,SENGKANG SQUARE,19,Non-Landed Properties,3,"4,100",70 to 80,800 to 900,Apr-24
STARS OF KOVAN,UPPER SERANGOON ROAD,19,Non-Landed Properties,1,"3,050",40 to 50,500 to 600,Apr-24
LEITH GROVE,LEITH PARK,19,Non-Landed Properties,2,"3,100",70 to 80,700 to 800,Apr-24
A TREASURE TROVE,PUNGGOL WALK,19,Non-Landed Properties,3,"4,550",100 to 110,"1,100 to 1,200",Apr-24
GAMBIR RIDGE,GAMBIR WALK,19,Non-Landed Properties,1,"3,000",60 to 70,700 to 800,Apr-24
KINGSFORD WATERBAY,UPPER SERANGOON VIEW,19,Non-Landed Properties,2,"3,500",60 to 70,600 to 700,Apr-24
WATERTOWN,PUNGGOL CENTRAL,19,Non-Landed Properties,1,"3,100",50 to 60,500 to 600,Apr-24
SENGKANG GRAND RESIDENCES,COMPASSVALE BOW,19,Non-Landed Properties,NA,"2,900",40 to 50,400 to 500,Apr-24
SPACE @ KOVAN,YIO CHU KANG ROAD,19,Non-Landed Properties,1,"2,600",30 to 40,400 to 500,Apr-24
URBAN RESIDENCES,LORONG AH SOO,19,Non-Landed Properties,1,"2,800",40 to 50,400 to 500,Apr-24
A TREASURE TROVE,PUNGGOL WALK,19,Non-Landed Properties,3,"4,700",90 to 100,"1,000 to 1,100",Apr-24
VIBES@UPPER SERANGOON,UPPER SERANGOON ROAD,19,Non-Landed Properties,1,"3,000",40 to 50,500 to 600,Apr-24
SPACE @ KOVAN,YIO CHU KANG ROAD,19,Non-Landed Properties,1,"2,600",40 to 50,400 to 500,Apr-24
REGENTVILLE,HOUGANG STREET 92,19,Non-Landed Properties,2,"2,700",100 to 110,"1,100 to 1,200",Apr-24
SPACE @ KOVAN,YIO CHU KANG ROAD,19,Non-Landed Properties,2,"3,000",50 to 60,600 to 700,Apr-24
SENGKANG GRAND RESIDENCES,COMPASSVALE BOW,19,Non-Landed Properties,NA,"3,900",70 to 80,700 to 800,Apr-24
RIVERSAILS,UPPER SERANGOON CRESCENT,19,Non-Landed Properties,1,"2,500",40 to 50,500 to 600,Apr-24
WATERTOWN,PUNGGOL CENTRAL,19,Non-Landed Properties,NA,"3,050",50 to 60,600 to 700,Apr-24
A TREASURE TROVE,PUNGGOL WALK,19,Non-Landed Properties,2,"3,900",70 to 80,700 to 800,Apr-24
WATERTOWN,PUNGGOL CENTRAL,19,Non-Landed Properties,1,"3,350",60 to 70,600 to 700,Apr-24
FLO RESIDENCE,PUNGGOL FIELD WALK,19,Non-Landed Properties,2,"3,700",70 to 80,700 to 800,Apr-24
STARS OF KOVAN,UPPER SERANGOON ROAD,19,Non-Landed Properties,2,"4,000",70 to 80,700 to 800,Apr-24
PALM GROVE CONDOMINIUM,PALM GROVE AVENUE,19,Non-Landed Properties,3,"4,600",130 to 140,"1,300 to 1,400",Apr-24
WATERTOWN,PUNGGOL CENTRAL,19,Non-Landed Properties,NA,"2,800",50 to 60,500 to 600,Apr-24
RIO VISTA,UPPER SERANGOON VIEW,19,Non-Landed Properties,3,"4,000",110 to 120,"1,200 to 1,300",Apr-24
KOVAN REGENCY,KOVAN RISE,19,Non-Landed Properties,2,"3,200",50 to 60,600 to 700,Apr-24
BARTLEY RESIDENCES,LORONG HOW SUN,19,Non-Landed Properties,2,"3,500",70 to 80,800 to 900,Apr-24
BARTLEY RESIDENCES,LORONG HOW SUN,19,Non-Landed Properties,3,"4,800",100 to 110,"1,000 to 1,100",Apr-24
MINT RESIDENCES @ JANSEN,JANSEN ROAD,19,Non-Landed Properties,2,"3,250",60 to 70,700 to 800,Apr-24
THE FLORENCE RESIDENCES,HOUGANG AVENUE 2,19,Non-Landed Properties,2,"3,200",60 to 70,700 to 800,Apr-24
THE FLORENCE RESIDENCES,HOUGANG AVENUE 2,19,Non-Landed Properties,NA,"2,600",40 to 50,400 to 500,Apr-24
RIVERSAILS,UPPER SERANGOON CRESCENT,19,Non-Landed Properties,2,"3,400",80 to 90,800 to 900,Apr-24
KOVAN RESIDENCES,KOVAN ROAD,19,Non-Landed Properties,3,"5,500",110 to 120,"1,200 to 1,300",Apr-24
THE TEMBUSU,TAMPINES ROAD,19,Non-Landed Properties,1,"2,900",40 to 50,400 to 500,Apr-24
CASA CAMBIO,LIM TUA TOW ROAD,19,Non-Landed Properties,2,"3,000",40 to 50,400 to 500,Apr-24
CASA CAMBIO,LIM TUA TOW ROAD,19,Non-Landed Properties,1,"2,550",40 to 50,400 to 500,Apr-24
CHILTERN PARK,SERANGOON AVENUE 3,19,Non-Landed Properties,2,"4,500",80 to 90,"900 to 1,000",Apr-24
BARTLEY RESIDENCES,LORONG HOW SUN,19,Non-Landed Properties,2,"3,700",70 to 80,700 to 800,Apr-24
D'HIRO@HILLSIDE,HILLSIDE DRIVE,19,Non-Landed Properties,2,"2,600",50 to 60,600 to 700,Apr-24
COMPASS HEIGHTS,SENGKANG SQUARE,19,Non-Landed Properties,1,"3,000",70 to 80,800 to 900,Apr-24
THE TEMBUSU,TAMPINES ROAD,19,Non-Landed Properties,1,"3,000",50 to 60,600 to 700,Apr-24
THE QUARTZ,COMPASSVALE BOW,19,Non-Landed Properties,NA,"4,500",90 to 100,"1,000 to 1,100",Apr-24
A TREASURE TROVE,PUNGGOL WALK,19,Non-Landed Properties,2,"3,700",140 to 150,"1,500 to 1,600",Apr-24
STARS OF KOVAN,UPPER SERANGOON ROAD,19,Non-Landed Properties,1,"3,300",40 to 50,500 to 600,Apr-24
TERRASSE,TERRASSE LANE,19,Non-Landed Properties,3,"4,800",100 to 110,"1,000 to 1,100",Apr-24
THE LUXURIE,COMPASSVALE ROAD,19,Non-Landed Properties,2,"3,700",70 to 80,700 to 800,Apr-24
RIVER ISLES,EDGEDALE PLAINS,19,Non-Landed Properties,4,"4,350",110 to 120,"1,200 to 1,300",Apr-24
RIVER ISLES,EDGEDALE PLAINS,19,Non-Landed Properties,3,"4,400",110 to 120,"1,100 to 1,200",Apr-24
WATERTOWN,PUNGGOL CENTRAL,19,Non-Landed Properties,1,"3,000",50 to 60,500 to 600,Apr-24
STARS OF KOVAN,UPPER SERANGOON ROAD,19,Non-Landed Properties,1,"2,700",40 to 50,500 to 600,Apr-24
SUITES @ PAYA LEBAR,UPPER PAYA LEBAR ROAD,19,Non-Landed Properties,1,"2,500",50 to 60,500 to 600,Apr-24
KINGSFORD WATERBAY,UPPER SERANGOON VIEW,19,Non-Landed Properties,2,"3,200",60 to 70,700 to 800,Apr-24
BOTANIQUE AT BARTLEY,UPPER PAYA LEBAR ROAD,19,Non-Landed Properties,2,"3,800",60 to 70,700 to 800,Apr-24
BARTLEY RESIDENCES,LORONG HOW SUN,19,Non-Landed Properties,1,"3,000",40 to 50,400 to 500,Apr-24
THE TEMBUSU,TAMPINES ROAD,19,Non-Landed Properties,2,"3,400",70 to 80,700 to 800,Apr-24
SENGKANG GRAND RESIDENCES,COMPASSVALE BOW,19,Non-Landed Properties,NA,"3,700",60 to 70,700 to 800,Apr-24
JEWEL @ BUANGKOK,COMPASSVALE BOW,19,Non-Landed Properties,2,"3,500",60 to 70,700 to 800,Apr-24
BARTLEY RESIDENCES,LORONG HOW SUN,19,Non-Landed Properties,1,"3,000",40 to 50,400 to 500,Apr-24
MIDTOWN RESIDENCES,UPPER SERANGOON ROAD,19,Non-Landed Properties,2,"3,700",60 to 70,600 to 700,Apr-24
LA FIESTA,SENGKANG SQUARE,19,Non-Landed Properties,2,"3,700",70 to 80,700 to 800,Apr-24
MIDTOWN RESIDENCES,UPPER SERANGOON ROAD,19,Non-Landed Properties,1,"2,700",40 to 50,400 to 500,Apr-24
KINGSFORD WATERBAY,UPPER SERANGOON VIEW,19,Non-Landed Properties,2,"3,300",60 to 70,600 to 700,Apr-24
AFFINITY AT SERANGOON,SERANGOON NORTH AVENUE 1,19,Non-Landed Properties,3,"5,000",100 to 110,"1,100 to 1,200",Apr-24
RIVERFRONT RESIDENCES,HOUGANG AVENUE 7,19,Non-Landed Properties,2,"3,900",60 to 70,700 to 800,Apr-24
THE MINTON,HOUGANG STREET 11,19,Non-Landed Properties,NA,"2,800",50 to 60,500 to 600,Apr-24
TERRASSE,TERRASSE LANE,19,Non-Landed Properties,3,"4,500",110 to 120,"1,200 to 1,300",Apr-24
KOVAN MELODY,KOVAN ROAD,19,Non-Landed Properties,2,"4,350",80 to 90,"900 to 1,000",Apr-24
CHERRYHILL,LORONG LEW LIAN,19,Non-Landed Properties,2,"3,250",90 to 100,"1,000 to 1,100",Apr-24
KINGSFORD WATERBAY,UPPER SERANGOON VIEW,19,Non-Landed Properties,3,"3,350",70 to 80,800 to 900,Apr-24
THE GARDEN RESIDENCES,SERANGOON NORTH VIEW,19,Non-Landed Properties,2,"3,100",50 to 60,600 to 700,Apr-24
THE FLORENCE RESIDENCES,HOUGANG AVENUE 2,19,Non-Landed Properties,NA,"3,300",50 to 60,600 to 700,Apr-24
KOVAN RESIDENCES,KOVAN ROAD,19,Non-Landed Properties,3,"5,400",110 to 120,"1,200 to 1,300",Apr-24
A TREASURE TROVE,PUNGGOL WALK,19,Non-Landed Properties,3,"4,200",90 to 100,"1,000 to 1,100",Apr-24
KENSINGTON SQUARE,JALAN LOKAM,19,Non-Landed Properties,2,"3,500",50 to 60,600 to 700,Apr-24
CHILTERN PARK,SERANGOON AVENUE 3,19,Non-Landed Properties,3,"6,500",140 to 150,"1,500 to 1,600",Apr-24
KOVAN REGENCY,KOVAN RISE,19,Non-Landed Properties,2,"3,200",50 to 60,500 to 600,Apr-24
THE LUXURIE,COMPASSVALE ROAD,19,Non-Landed Properties,3,"4,050",90 to 100,"1,000 to 1,100",Apr-24
WATERTOWN,PUNGGOL CENTRAL,19,Non-Landed Properties,3,"5,400",110 to 120,"1,200 to 1,300",Apr-24
SENGKANG GRAND RESIDENCES,COMPASSVALE BOW,19,Non-Landed Properties,NA,"5,288",90 to 100,"1,000 to 1,100",Apr-24
THE SCALA,SERANGOON AVENUE 3,19,Non-Landed Properties,2,"4,600",80 to 90,"900 to 1,000",Apr-24
RIVERSOUND RESIDENCE,SENGKANG EAST AVENUE,19,Non-Landed Properties,4,"4,500",100 to 110,"1,100 to 1,200",Apr-24
AFFINITY AT SERANGOON,SERANGOON NORTH AVENUE 1,19,Non-Landed Properties,1,"3,200",50 to 60,600 to 700,Apr-24
JEWEL @ BUANGKOK,COMPASSVALE BOW,19,Non-Landed Properties,2,"3,200",60 to 70,700 to 800,Apr-24
TRILIVE,TAMPINES ROAD,19,Non-Landed Properties,2,"2,000",50 to 60,500 to 600,Apr-24
PARC CENTROS,PUNGGOL CENTRAL,19,Non-Landed Properties,3,"4,200",100 to 110,"1,100 to 1,200",Apr-24
KENSINGTON PARK CONDOMINIUM,KENSINGTON PARK DRIVE,19,Non-Landed Properties,3,"4,200",130 to 140,"1,400 to 1,500",Apr-24
KOVAN RESIDENCES,KOVAN ROAD,19,Non-Landed Properties,2,"4,500",80 to 90,800 to 900,Apr-24
CARDIFF RESIDENCE,CARDIFF GROVE,19,Non-Landed Properties,1,"2,500",30 to 40,400 to 500,Apr-24
WATERTOWN,PUNGGOL CENTRAL,19,Non-Landed Properties,NA,"3,000",50 to 60,500 to 600,Apr-24
SENGKANG GRAND RESIDENCES,COMPASSVALE BOW,19,Non-Landed Properties,NA,"3,600",50 to 60,600 to 700,Apr-24
JEWEL @ BUANGKOK,COMPASSVALE BOW,19,Non-Landed Properties,3,"4,500",100 to 110,"1,100 to 1,200",Apr-24
SENGKANG GRAND RESIDENCES,COMPASSVALE BOW,19,Non-Landed Properties,NA,"4,250",80 to 90,"900 to 1,000",Apr-24
THE FLORENCE RESIDENCES,HOUGANG AVENUE 2,19,Non-Landed Properties,NA,"3,000",60 to 70,600 to 700,Apr-24
THE SCALA,SERANGOON AVENUE 3,19,Non-Landed Properties,2,"4,000",70 to 80,800 to 900,Apr-24
SENGKANG GRAND RESIDENCES,COMPASSVALE BOW,19,Non-Landed Properties,NA,"4,900",80 to 90,"900 to 1,000",Apr-24
REGENTVILLE,HOUGANG STREET 92,19,Non-Landed Properties,3,"4,000",100 to 110,"1,100 to 1,200",Apr-24
THE QUARTZ,COMPASSVALE BOW,19,Non-Landed Properties,NA,"4,200",110 to 120,"1,100 to 1,200",Apr-24
WATERTOWN,PUNGGOL CENTRAL,19,Non-Landed Properties,1,"3,200",40 to 50,500 to 600,Apr-24
CARDIFF RESIDENCE,CARDIFF GROVE,19,Non-Landed Properties,1,"2,700",30 to 40,400 to 500,Apr-24
SUNGLADE,SERANGOON AVENUE 2,19,Non-Landed Properties,3,"4,600",100 to 110,"1,100 to 1,200",Apr-24
CASA CAMBIO,LIM TUA TOW ROAD,19,Non-Landed Properties,1,"3,200",30 to 40,400 to 500,Apr-24
SUNGLADE,SERANGOON AVENUE 2,19,Non-Landed Properties,3,"5,000",100 to 110,"1,100 to 1,200",Apr-24
REGENTVILLE,HOUGANG STREET 92,19,Non-Landed Properties,3,"3,700",100 to 110,"1,100 to 1,200",Apr-24
SENGKANG GRAND RESIDENCES,COMPASSVALE BOW,19,Non-Landed Properties,NA,"3,300",40 to 50,500 to 600,Apr-24
LA FIESTA,SENGKANG SQUARE,19,Non-Landed Properties,2,"3,200",60 to 70,700 to 800,Apr-24
STARS OF KOVAN,UPPER SERANGOON ROAD,19,Non-Landed Properties,2,"4,000",60 to 70,700 to 800,Apr-24
SENGKANG GRAND RESIDENCES,COMPASSVALE BOW,19,Non-Landed Properties,NA,"4,100",80 to 90,"900 to 1,000",Apr-24
STARS OF KOVAN,UPPER SERANGOON ROAD,19,Non-Landed Properties,2,"2,700",70 to 80,700 to 800,Apr-24
SANCTUARY @ 813,UPPER SERANGOON ROAD,19,Non-Landed Properties,2,"3,900",80 to 90,"900 to 1,000",Apr-24
LA FIESTA,SENGKANG SQUARE,19,Non-Landed Properties,3,"3,900",70 to 80,800 to 900,Apr-24
THE FLORENCE RESIDENCES,HOUGANG AVENUE 2,19,Non-Landed Properties,NA,"3,300",50 to 60,600 to 700,Apr-24
TERRASSE,TERRASSE LANE,19,Non-Landed Properties,2,"3,900",80 to 90,800 to 900,Apr-24
KOVAN MELODY,KOVAN ROAD,19,Non-Landed Properties,2,"4,300",90 to 100,"1,000 to 1,100",Apr-24
VIBES @ KOVAN,KOVAN ROAD,19,Non-Landed Properties,1,"2,600",40 to 50,400 to 500,Apr-24
KINGSFORD WATERBAY,UPPER SERANGOON VIEW,19,Non-Landed Properties,1,"3,400",60 to 70,600 to 700,Apr-24
AFFINITY AT SERANGOON,SERANGOON NORTH AVENUE 1,19,Non-Landed Properties,1,"2,800",50 to 60,500 to 600,Apr-24
COMPASS HEIGHTS,SENGKANG SQUARE,19,Non-Landed Properties,4,"5,200",140 to 150,"1,500 to 1,600",Apr-24
BOATHOUSE RESIDENCES,UPPER SERANGOON VIEW,19,Non-Landed Properties,3,"4,000",90 to 100,"1,000 to 1,100",Apr-24
WATERTOWN,PUNGGOL CENTRAL,19,Non-Landed Properties,NA,"3,000",50 to 60,600 to 700,Apr-24
SUNGLADE,SERANGOON AVENUE 2,19,Non-Landed Properties,2,"3,900",70 to 80,800 to 900,Apr-24
THE FLORENCE RESIDENCES,HOUGANG AVENUE 2,19,Non-Landed Properties,NA,"2,700",40 to 50,400 to 500,Apr-24
THE MINTON,HOUGANG STREET 11,19,Non-Landed Properties,3,"5,000",110 to 120,"1,200 to 1,300",Apr-24
VIBES@UPPER SERANGOON,UPPER SERANGOON ROAD,19,Non-Landed Properties,1,"2,250",30 to 40,300 to 400,Apr-24
THE LUXURIE,COMPASSVALE ROAD,19,Non-Landed Properties,2,"3,600",60 to 70,700 to 800,Apr-24
SENGKANG GRAND RESIDENCES,COMPASSVALE BOW,19,Non-Landed Properties,NA,"2,800",40 to 50,500 to 600,Apr-24
KOVAN RESIDENCES,KOVAN ROAD,19,Non-Landed Properties,2,"4,000",80 to 90,800 to 900,Apr-24
CHILTERN PARK,SERANGOON AVENUE 3,19,Non-Landed Properties,3,"4,800",120 to 130,"1,300 to 1,400",Apr-24
NON-LANDED HOUSING DEVELOPMENT,PILLAI ROAD,19,Non-Landed Properties,NA,"4,500",90 to 100,"1,000 to 1,100",Apr-24
NON-LANDED HOUSING DEVELOPMENT,PILLAI ROAD,19,Non-Landed Properties,NA,"4,700",90 to 100,"1,000 to 1,100",Apr-24
ISUITES @ PALM,GLASGOW ROAD,19,Non-Landed Properties,2,"2,850",70 to 80,800 to 900,Apr-24
LA DOLCE VITA,UPPER PAYA LEBAR ROAD,19,Non-Landed Properties,3,"4,600",120 to 130,"1,300 to 1,400",Apr-24
AFFINITY AT SERANGOON,SERANGOON NORTH AVENUE 1,19,Non-Landed Properties,2,"3,600",60 to 70,700 to 800,Apr-24
TERRASSE,TERRASSE LANE,19,Non-Landed Properties,1,"2,500",50 to 60,500 to 600,Apr-24
KOVAN REGENCY,KOVAN RISE,19,Non-Landed Properties,2,"3,300",90 to 100,"1,000 to 1,100",Apr-24
SUITES @ PAYA LEBAR,UPPER PAYA LEBAR ROAD,19,Non-Landed Properties,NA,"2,500",30 to 40,300 to 400,Apr-24
SUNGLADE,SERANGOON AVENUE 2,19,Non-Landed Properties,3,"5,200",100 to 110,"1,100 to 1,200",Apr-24
CASA CAMBIO,LIM TUA TOW ROAD,19,Non-Landed Properties,2,"3,600",80 to 90,"900 to 1,000",Apr-24
THE FLORENCE RESIDENCES,HOUGANG AVENUE 2,19,Non-Landed Properties,3,"4,200",80 to 90,"900 to 1,000",Apr-24
SENGKANG GRAND RESIDENCES,COMPASSVALE BOW,19,Non-Landed Properties,NA,"2,850",40 to 50,500 to 600,Apr-24
STARS OF KOVAN,UPPER SERANGOON ROAD,19,Non-Landed Properties,3,"5,000",90 to 100,"900 to 1,000",Apr-24
WATERTOWN,PUNGGOL CENTRAL,19,Non-Landed Properties,3,"5,500",100 to 110,"1,100 to 1,200",Apr-24
NON-LANDED HOUSING DEVELOPMENT,UPPER SERANGOON ROAD,19,Non-Landed Properties,NA,"3,500",80 to 90,"900 to 1,000",Apr-24
NON-LANDED HOUSING DEVELOPMENT,BOUNDARY ROAD,19,Non-Landed Properties,NA,"3,000",80 to 90,"900 to 1,000",Apr-24
THE GAZANIA,HOW SUN DRIVE,19,Non-Landed Properties,2,"4,000",60 to 70,600 to 700,Apr-24
BOTANIQUE AT BARTLEY,UPPER PAYA LEBAR ROAD,19,Non-Landed Properties,1,"3,000",40 to 50,400 to 500,Apr-24
RESIDENCES BOTANIQUE,YIO CHU KANG ROAD,19,Non-Landed Properties,2,"3,850",90 to 100,"1,000 to 1,100",Apr-24
GAMBIR RIDGE,GAMBIR WALK,19,Non-Landed Properties,2,"3,800",60 to 70,700 to 800,Apr-24
BOTANIQUE AT BARTLEY,UPPER PAYA LEBAR ROAD,19,Non-Landed Properties,2,"3,800",60 to 70,600 to 700,Apr-24
JEWEL @ BUANGKOK,COMPASSVALE BOW,19,Non-Landed Properties,2,"3,350",60 to 70,700 to 800,Apr-24
THE FLORENCE RESIDENCES,HOUGANG AVENUE 2,19,Non-Landed Properties,NA,"3,700",60 to 70,700 to 800,Apr-24
JEWEL @ BUANGKOK,COMPASSVALE BOW,19,Non-Landed Properties,1,"2,800",40 to 50,400 to 500,Apr-24
RIVER ISLES,EDGEDALE PLAINS,19,Non-Landed Properties,4,"4,500",110 to 120,"1,200 to 1,300",Apr-24
KOVAN MELODY,KOVAN ROAD,19,Non-Landed Properties,3,"4,800",120 to 130,"1,200 to 1,300",Apr-24
FLO RESIDENCE,PUNGGOL FIELD WALK,19,Non-Landed Properties,3,"3,800",80 to 90,"900 to 1,000",Apr-24
NAUNG RESIDENCE,JALAN NAUNG,19,Non-Landed Properties,2,"3,050",70 to 80,700 to 800,Apr-24
NON-LANDED HOUSING DEVELOPMENT,UPPER SERANGOON ROAD,19,Non-Landed Properties,NA,"3,700",130 to 140,"1,400 to 1,500",Apr-24
WATERTOWN,PUNGGOL CENTRAL,19,Non-Landed Properties,2,"4,100",80 to 90,"900 to 1,000",Apr-24
WATERTOWN,PUNGGOL CENTRAL,19,Non-Landed Properties,1,"3,000",50 to 60,500 to 600,Apr-24
PARC VERA,HOUGANG STREET 32,19,Non-Landed Properties,3,"4,500",100 to 110,"1,100 to 1,200",Apr-24
AFFINITY AT SERANGOON,SERANGOON NORTH AVENUE 1,19,Non-Landed Properties,2,"3,400",50 to 60,600 to 700,Apr-24
WATERTOWN,PUNGGOL CENTRAL,19,Non-Landed Properties,1,"2,800",50 to 60,500 to 600,Apr-24
SUITES @ PAYA LEBAR,UPPER PAYA LEBAR ROAD,19,Non-Landed Properties,1,"2,600",30 to 40,400 to 500,Apr-24
FLO RESIDENCE,PUNGGOL FIELD WALK,19,Non-Landed Properties,3,"4,200",90 to 100,"1,000 to 1,100",Apr-24
THE FLORENCE RESIDENCES,HOUGANG AVENUE 2,19,Non-Landed Properties,NA,"3,400",50 to 60,600 to 700,Apr-24
THE TEMBUSU,TAMPINES ROAD,19,Non-Landed Properties,3,"4,500",90 to 100,"1,000 to 1,100",Apr-24
KOVAN MELODY,KOVAN ROAD,19,Non-Landed Properties,3,"5,300",120 to 130,"1,200 to 1,300",Apr-24
CARDIFF RESIDENCE,CARDIFF GROVE,19,Non-Landed Properties,2,"3,500",50 to 60,500 to 600,Apr-24
FLO RESIDENCE,PUNGGOL FIELD WALK,19,Non-Landed Properties,3,"3,800",90 to 100,"1,000 to 1,100",Apr-24
KOVAN GRANDEUR,TAMPINES ROAD,19,Non-Landed Properties,2,"3,200",50 to 60,500 to 600,Apr-24
STARS OF KOVAN,UPPER SERANGOON ROAD,19,Non-Landed Properties,2,"4,200",60 to 70,700 to 800,Apr-24
THE PROMENADE@PELIKAT,JALAN PELIKAT,19,Non-Landed Properties,1,"3,050",40 to 50,500 to 600,Mar-24
CASA CAMBIO,LIM TUA TOW ROAD,19,Non-Landed Properties,1,"2,750",40 to 50,400 to 500,Mar-24
KOVAN RESIDENCES,KOVAN ROAD,19,Non-Landed Properties,4,"7,500",190 to 200,"2,100 to 2,200",Mar-24
JEWEL @ BUANGKOK,COMPASSVALE BOW,19,Non-Landed Properties,1,"2,700",40 to 50,400 to 500,Mar-24
THE FLORENCE RESIDENCES,HOUGANG AVENUE 2,19,Non-Landed Properties,NA,"3,500",60 to 70,600 to 700,Mar-24
THE PROMENADE@PELIKAT,JALAN PELIKAT,19,Non-Landed Properties,2,"3,350",50 to 60,600 to 700,Mar-24
SENGKANG GRAND RESIDENCES,COMPASSVALE BOW,19,Non-Landed Properties,NA,"3,000",40 to 50,400 to 500,Mar-24
THE FLORENCE RESIDENCES,HOUGANG AVENUE 2,19,Non-Landed Properties,NA,"3,300",50 to 60,600 to 700,Mar-24
THE QUINN,BARTLEY ROAD,19,Non-Landed Properties,1,"3,200",50 to 60,500 to 600,Mar-24
FLO RESIDENCE,PUNGGOL FIELD WALK,19,Non-Landed Properties,2,"3,200",70 to 80,700 to 800,Mar-24
KINGSFORD WATERBAY,UPPER SERANGOON VIEW,19,Non-Landed Properties,2,"2,800",50 to 60,600 to 700,Mar-24
THE LUXURIE,COMPASSVALE ROAD,19,Non-Landed Properties,2,"3,800",60 to 70,700 to 800,Mar-24
LA FIESTA,SENGKANG SQUARE,19,Non-Landed Properties,2,"3,600",60 to 70,700 to 800,Mar-24
PRESTO@UPPER SERANGOON,UPPER SERANGOON ROAD,19,Non-Landed Properties,1,"2,850",40 to 50,400 to 500,Mar-24
PARC VERA,HOUGANG STREET 32,19,Non-Landed Properties,2,"3,500",70 to 80,700 to 800,Mar-24
JEWEL @ BUANGKOK,COMPASSVALE BOW,19,Non-Landed Properties,2,"3,700",80 to 90,"900 to 1,000",Mar-24
A TREASURE TROVE,PUNGGOL WALK,19,Non-Landed Properties,2,"3,350",70 to 80,700 to 800,Mar-24
COMPASS HEIGHTS,SENGKANG SQUARE,19,Non-Landed Properties,2,"3,650",90 to 100,"1,000 to 1,100",Mar-24
BOATHOUSE RESIDENCES,UPPER SERANGOON VIEW,19,Non-Landed Properties,3,"4,100",100 to 110,"1,100 to 1,200",Mar-24
THE FLORENCE RESIDENCES,HOUGANG AVENUE 2,19,Non-Landed Properties,NA,"2,600",40 to 50,400 to 500,Mar-24
BARTLEY RESIDENCES,LORONG HOW SUN,19,Non-Landed Properties,1,"3,000",40 to 50,400 to 500,Mar-24
THE MINTON,HOUGANG STREET 11,19,Non-Landed Properties,3,"5,600",130 to 140,"1,400 to 1,500",Mar-24
CARDIFF RESIDENCE,CARDIFF GROVE,19,Non-Landed Properties,1,"3,600",30 to 40,400 to 500,Mar-24
FOREST WOODS,LORONG LEW LIAN,19,Non-Landed Properties,2,"3,800",50 to 60,600 to 700,Mar-24
RIVERSAILS,UPPER SERANGOON CRESCENT,19,Non-Landed Properties,2,"3,400",80 to 90,800 to 900,Mar-24
PARC CENTROS,PUNGGOL CENTRAL,19,Non-Landed Properties,3,"4,000",90 to 100,"900 to 1,000",Mar-24
AFFINITY AT SERANGOON,SERANGOON NORTH AVENUE 1,19,Non-Landed Properties,2,"3,600",50 to 60,600 to 700,Mar-24
THE MINTON,HOUGANG STREET 11,19,Non-Landed Properties,NA,"2,700",50 to 60,500 to 600,Mar-24
THE LUXURIE,COMPASSVALE ROAD,19,Non-Landed Properties,2,"3,300",70 to 80,700 to 800,Mar-24
THE LUXURIE,COMPASSVALE ROAD,19,Non-Landed Properties,2,"3,450",70 to 80,700 to 800,Mar-24
PARC CENTROS,PUNGGOL CENTRAL,19,Non-Landed Properties,1,"2,600",40 to 50,400 to 500,Mar-24
CASA CAMBIO,LIM TUA TOW ROAD,19,Non-Landed Properties,2,"3,200",60 to 70,700 to 800,Mar-24
WATERTOWN,PUNGGOL CENTRAL,19,Non-Landed Properties,1,"3,000",40 to 50,500 to 600,Mar-24
PARC CENTROS,PUNGGOL CENTRAL,19,Non-Landed Properties,3,"3,900",90 to 100,"900 to 1,000",Mar-24
RIVERSAILS,UPPER SERANGOON CRESCENT,19,Non-Landed Properties,1,"2,700",40 to 50,500 to 600,Mar-24
WATERTOWN,PUNGGOL CENTRAL,19,Non-Landed Properties,NA,"2,800",50 to 60,500 to 600,Mar-24
SENGKANG GRAND RESIDENCES,COMPASSVALE BOW,19,Non-Landed Properties,NA,"3,500",60 to 70,600 to 700,Mar-24
RIVERFRONT RESIDENCES,HOUGANG AVENUE 7,19,Non-Landed Properties,2,"3,000",50 to 60,600 to 700,Mar-24
KINGSFORD WATERBAY,UPPER SERANGOON VIEW,19,Non-Landed Properties,2,"3,400",60 to 70,600 to 700,Mar-24
KINGSFORD WATERBAY,UPPER SERANGOON VIEW,19,Non-Landed Properties,1,"2,550",40 to 50,400 to 500,Mar-24
SENGKANG GRAND RESIDENCES,COMPASSVALE BOW,19,Non-Landed Properties,NA,"3,050",40 to 50,400 to 500,Mar-24
THE MORNING GLORY,SIRAT ROAD,19,Non-Landed Properties,1,"3,200",70 to 80,800 to 900,Mar-24
STARS OF KOVAN,UPPER SERANGOON ROAD,19,Non-Landed Properties,1,"3,400",40 to 50,500 to 600,Mar-24
RIVERFRONT RESIDENCES,HOUGANG AVENUE 7,19,Non-Landed Properties,3,"3,700",80 to 90,800 to 900,Mar-24
SENGKANG GRAND RESIDENCES,COMPASSVALE BOW,19,Non-Landed Properties,NA,"2,900",40 to 50,400 to 500,Mar-24
AFFINITY AT SERANGOON,SERANGOON NORTH AVENUE 1,19,Non-Landed Properties,2,"3,000",60 to 70,700 to 800,Mar-24
RESIDENCES BOTANIQUE,YIO CHU KANG ROAD,19,Non-Landed Properties,NA,"2,650",40 to 50,500 to 600,Mar-24
COMPASS HEIGHTS,SENGKANG SQUARE,19,Non-Landed Properties,3,"4,550",110 to 120,"1,200 to 1,300",Mar-24
SENGKANG GRAND RESIDENCES,COMPASSVALE BOW,19,Non-Landed Properties,NA,"4,800",80 to 90,"900 to 1,000",Mar-24
RIO VISTA,UPPER SERANGOON VIEW,19,Non-Landed Properties,3,"4,050",110 to 120,"1,200 to 1,300",Mar-24
KOVAN REGENCY,KOVAN RISE,19,Non-Landed Properties,2,"3,150",50 to 60,600 to 700,Mar-24
SENGKANG GRAND RESIDENCES,COMPASSVALE BOW,19,Non-Landed Properties,NA,"5,200",90 to 100,"1,000 to 1,100",Mar-24
KINGSFORD WATERBAY,UPPER SERANGOON VIEW,19,Non-Landed Properties,2,"3,250",60 to 70,600 to 700,Mar-24
BOTANIQUE AT BARTLEY,UPPER PAYA LEBAR ROAD,19,Non-Landed Properties,1,"2,100",40 to 50,500 to 600,Mar-24
COMPASS HEIGHTS,SENGKANG SQUARE,19,Non-Landed Properties,2,"3,800",100 to 110,"1,100 to 1,200",Mar-24
A TREASURE TROVE,PUNGGOL WALK,19,Non-Landed Properties,2,"3,800",70 to 80,700 to 800,Mar-24
AFFINITY AT SERANGOON,SERANGOON NORTH AVENUE 1,19,Non-Landed Properties,1,"3,000",40 to 50,400 to 500,Mar-24
COMPASS HEIGHTS,SENGKANG SQUARE,19,Non-Landed Properties,3,"4,100",120 to 130,"1,300 to 1,400",Mar-24
A TREASURE TROVE,PUNGGOL WALK,19,Non-Landed Properties,3,"4,300",90 to 100,"1,000 to 1,100",Mar-24
LA FIESTA,SENGKANG SQUARE,19,Non-Landed Properties,3,"4,000",70 to 80,800 to 900,Mar-24
KOVAN RESIDENCES,KOVAN ROAD,19,Non-Landed Properties,3,"5,800",110 to 120,"1,200 to 1,300",Mar-24
THE TEMBUSU,TAMPINES ROAD,19,Non-Landed Properties,1,"2,850",40 to 50,400 to 500,Mar-24
BLISS@KOVAN,SIMON LANE,19,Non-Landed Properties,1,"3,000",50 to 60,500 to 600,Mar-24
WATERTOWN,PUNGGOL CENTRAL,19,Non-Landed Properties,3,"5,800",110 to 120,"1,200 to 1,300",Mar-24
THE FLORENCE RESIDENCES,HOUGANG AVENUE 2,19,Non-Landed Properties,NA,"7,000",110 to 120,"1,200 to 1,300",Mar-24
THE FLORENCE RESIDENCES,HOUGANG AVENUE 2,19,Non-Landed Properties,NA,"3,600",70 to 80,700 to 800,Mar-24
RIVER ISLES,EDGEDALE PLAINS,19,Non-Landed Properties,3,"4,500",100 to 110,"1,100 to 1,200",Mar-24
WATERTOWN,PUNGGOL CENTRAL,19,Non-Landed Properties,3,"5,100",100 to 110,"1,100 to 1,200",Mar-24
CARDIFF RESIDENCE,CARDIFF GROVE,19,Non-Landed Properties,2,"3,500",50 to 60,500 to 600,Mar-24
SENGKANG GRAND RESIDENCES,COMPASSVALE BOW,19,Non-Landed Properties,NA,"3,350",40 to 50,500 to 600,Mar-24
AFFINITY AT SERANGOON,SERANGOON NORTH AVENUE 1,19,Non-Landed Properties,3,"4,000",80 to 90,800 to 900,Mar-24
THE LUXURIE,COMPASSVALE ROAD,19,Non-Landed Properties,2,"3,500",70 to 80,700 to 800,Mar-24
CHERRYHILL,LORONG LEW LIAN,19,Non-Landed Properties,3,"4,600",130 to 140,"1,400 to 1,500",Mar-24
KOVAN MELODY,KOVAN ROAD,19,Non-Landed Properties,3,"5,400",120 to 130,"1,200 to 1,300",Mar-24
OASIS GARDEN,JALAN BUNGA RAMPAI,19,Non-Landed Properties,3,"4,300",110 to 120,"1,200 to 1,300",Mar-24
KINGSFORD WATERBAY,UPPER SERANGOON VIEW,19,Non-Landed Properties,2,"3,050",60 to 70,600 to 700,Mar-24
SPACE @ KOVAN,YIO CHU KANG ROAD,19,Non-Landed Properties,1,"2,830",50 to 60,500 to 600,Mar-24
AFFINITY AT SERANGOON,SERANGOON NORTH AVENUE 1,19,Non-Landed Properties,1,"2,800",40 to 50,400 to 500,Mar-24
THE STRADIA,YIO CHU KANG ROAD,19,Non-Landed Properties,NA,"4,000",140 to 150,"1,500 to 1,600",Mar-24
WATERTOWN,PUNGGOL CENTRAL,19,Non-Landed Properties,2,"4,350",70 to 80,800 to 900,Mar-24
THE FLORENCE RESIDENCES,HOUGANG AVENUE 2,19,Non-Landed Properties,NA,"2,800",40 to 50,400 to 500,Mar-24
THE LUXURIE,COMPASSVALE ROAD,19,Non-Landed Properties,1,"2,700",40 to 50,400 to 500,Mar-24
RIVERFRONT RESIDENCES,HOUGANG AVENUE 7,19,Non-Landed Properties,2,"3,000",50 to 60,600 to 700,Mar-24
THE FLORENCE RESIDENCES,HOUGANG AVENUE 2,19,Non-Landed Properties,2,"3,300",50 to 60,600 to 700,Mar-24
SENGKANG GRAND RESIDENCES,COMPASSVALE BOW,19,Non-Landed Properties,NA,"3,000",40 to 50,500 to 600,Mar-24
BOATHOUSE RESIDENCES,UPPER SERANGOON VIEW,19,Non-Landed Properties,2,"3,400",70 to 80,800 to 900,Mar-24
WATERTOWN,PUNGGOL CENTRAL,19,Non-Landed Properties,1,"3,100",50 to 60,500 to 600,Mar-24
SUMMER SCENT,KANG CHOO BIN ROAD,19,Non-Landed Properties,2,"3,400",100 to 110,"1,100 to 1,200",Mar-24
THE GARDEN RESIDENCES,SERANGOON NORTH VIEW,19,Non-Landed Properties,1,"2,800",40 to 50,400 to 500,Mar-24
BARTLEY RESIDENCES,LORONG HOW SUN,19,Non-Landed Properties,1,"3,000",40 to 50,400 to 500,Mar-24
THE FLORENCE RESIDENCES,HOUGANG AVENUE 2,19,Non-Landed Properties,NA,"2,800",40 to 50,400 to 500,Mar-24
THE SCALA,SERANGOON AVENUE 3,19,Non-Landed Properties,1,"3,000",40 to 50,400 to 500,Mar-24
THE FLORENCE RESIDENCES,HOUGANG AVENUE 2,19,Non-Landed Properties,NA,"4,600",90 to 100,"1,000 to 1,100",Mar-24
THE FLORENCE RESIDENCES,HOUGANG AVENUE 2,19,Non-Landed Properties,NA,"2,800",40 to 50,400 to 500,Mar-24
WATERTOWN,PUNGGOL CENTRAL,19,Non-Landed Properties,1,"3,000",50 to 60,500 to 600,Mar-24
PRESTO@UPPER SERANGOON,UPPER SERANGOON ROAD,19,Non-Landed Properties,1,"2,700",30 to 40,400 to 500,Mar-24
SENGKANG GRAND RESIDENCES,COMPASSVALE BOW,19,Non-Landed Properties,NA,"3,100",40 to 50,400 to 500,Mar-24
KENSINGTON PARK CONDOMINIUM,KENSINGTON PARK DRIVE,19,Non-Landed Properties,3,"5,000",150 to 160,"1,600 to 1,700",Mar-24
BARTLEY RESIDENCES,LORONG HOW SUN,19,Non-Landed Properties,2,"3,900",70 to 80,700 to 800,Mar-24
THE WATERLINE,POH HUAT ROAD WEST,19,Non-Landed Properties,3,"3,750",90 to 100,"1,000 to 1,100",Mar-24
THE QUARTZ,COMPASSVALE BOW,19,Non-Landed Properties,NA,"4,100",110 to 120,"1,100 to 1,200",Mar-24
FLO RESIDENCE,PUNGGOL FIELD WALK,19,Non-Landed Properties,3,"4,250",80 to 90,"900 to 1,000",Mar-24
BARTLEY RESIDENCES,LORONG HOW SUN,19,Non-Landed Properties,2,"4,100",70 to 80,700 to 800,Mar-24
THE MINTON,HOUGANG STREET 11,19,Non-Landed Properties,2,"3,900",90 to 100,"900 to 1,000",Mar-24
BARTLEY RESIDENCES,LORONG HOW SUN,19,Non-Landed Properties,2,"4,000",80 to 90,"900 to 1,000",Mar-24
SENGKANG GRAND RESIDENCES,COMPASSVALE BOW,19,Non-Landed Properties,NA,"4,050",70 to 80,700 to 800,Mar-24
RIVERSOUND RESIDENCE,SENGKANG EAST AVENUE,19,Non-Landed Properties,4,"4,488",100 to 110,"1,100 to 1,200",Mar-24
KOVAN REGENCY,KOVAN RISE,19,Non-Landed Properties,3,"4,500",90 to 100,"900 to 1,000",Mar-24
PARC CENTROS,PUNGGOL CENTRAL,19,Non-Landed Properties,2,"3,700",70 to 80,700 to 800,Mar-24
SUNSHINE GROVE,JALAN LABU MERAH,19,Non-Landed Properties,3,"4,700",100 to 110,"1,100 to 1,200",Mar-24
GRAND REGALIA,UPPER SERANGOON ROAD,19,Non-Landed Properties,3,"3,700",110 to 120,"1,200 to 1,300",Mar-24
AFFINITY AT SERANGOON,SERANGOON NORTH AVENUE 1,19,Non-Landed Properties,1,"3,000",50 to 60,600 to 700,Mar-24
A TREASURE TROVE,PUNGGOL WALK,19,Non-Landed Properties,3,"4,550",90 to 100,"1,000 to 1,100",Mar-24
THE LUXURIE,COMPASSVALE ROAD,19,Non-Landed Properties,1,"2,900",40 to 50,400 to 500,Mar-24
THE FLORENCE RESIDENCES,HOUGANG AVENUE 2,19,Non-Landed Properties,NA,"3,600",60 to 70,600 to 700,Mar-24
PARC CENTROS,PUNGGOL CENTRAL,19,Non-Landed Properties,2,"3,500",70 to 80,700 to 800,Mar-24
AFFINITY AT SERANGOON,SERANGOON NORTH AVENUE 1,19,Non-Landed Properties,2,"3,300",70 to 80,700 to 800,Mar-24
A TREASURE TROVE,PUNGGOL WALK,19,Non-Landed Properties,2,"4,000",80 to 90,"900 to 1,000",Mar-24
WATERTOWN,PUNGGOL CENTRAL,19,Non-Landed Properties,1,"3,000",50 to 60,500 to 600,Mar-24
SENGKANG GRAND RESIDENCES,COMPASSVALE BOW,19,Non-Landed Properties,NA,"3,700",60 to 70,600 to 700,Mar-24
CARDIFF RESIDENCE,CARDIFF GROVE,19,Non-Landed Properties,1,"2,600",30 to 40,400 to 500,Mar-24
AFFINITY AT SERANGOON,SERANGOON NORTH AVENUE 1,19,Non-Landed Properties,1,"3,100",50 to 60,500 to 600,Mar-24
AFFINITY AT SERANGOON,SERANGOON NORTH AVENUE 1,19,Non-Landed Properties,1,"2,900",40 to 50,400 to 500,Mar-24
LA FIESTA,SENGKANG SQUARE,19,Non-Landed Properties,5,"4,900",130 to 140,"1,400 to 1,500",Mar-24
STARS OF KOVAN,UPPER SERANGOON ROAD,19,Non-Landed Properties,2,"4,200",60 to 70,700 to 800,Mar-24
FOREST WOODS,LORONG LEW LIAN,19,Non-Landed Properties,3,"4,900",80 to 90,"900 to 1,000",Mar-24
STARS OF KOVAN,UPPER SERANGOON ROAD,19,Non-Landed Properties,2,"4,000",70 to 80,700 to 800,Mar-24
WATERTOWN,PUNGGOL CENTRAL,19,Non-Landed Properties,1,"2,900",40 to 50,500 to 600,Mar-24
PARC VERA,HOUGANG STREET 32,19,Non-Landed Properties,2,"3,750",80 to 90,800 to 900,Mar-24
FLO RESIDENCE,PUNGGOL FIELD WALK,19,Non-Landed Properties,3,"4,050",80 to 90,"900 to 1,000",Mar-24
WATERTOWN,PUNGGOL CENTRAL,19,Non-Landed Properties,1,"3,000",50 to 60,500 to 600,Mar-24
THE FLORENCE RESIDENCES,HOUGANG AVENUE 2,19,Non-Landed Properties,NA,"3,700",70 to 80,700 to 800,Mar-24
A TREASURE TROVE,PUNGGOL WALK,19,Non-Landed Properties,2,"3,600",70 to 80,700 to 800,Mar-24
SUITES @ PAYA LEBAR,UPPER PAYA LEBAR ROAD,19,Non-Landed Properties,1,"2,700",40 to 50,400 to 500,Mar-24
REGENTVILLE,HOUGANG STREET 92,19,Non-Landed Properties,3,"3,600",100 to 110,"1,100 to 1,200",Mar-24
RIVERSOUND RESIDENCE,SENGKANG EAST AVENUE,19,Non-Landed Properties,3,"3,800",80 to 90,"900 to 1,000",Mar-24
BARTLEY RESIDENCES,LORONG HOW SUN,19,Non-Landed Properties,1,"3,200",40 to 50,400 to 500,Mar-24
WATERTOWN,PUNGGOL CENTRAL,19,Non-Landed Properties,1,"3,000",50 to 60,500 to 600,Mar-24
KENSINGTON SQUARE,JALAN LOKAM,19,Non-Landed Properties,1,"2,900",40 to 50,400 to 500,Mar-24
FOREST WOODS,LORONG LEW LIAN,19,Non-Landed Properties,2,"4,000",60 to 70,700 to 800,Mar-24
PARC CENTROS,PUNGGOL CENTRAL,19,Non-Landed Properties,3,"4,500",100 to 110,"1,100 to 1,200",Mar-24
BARTLEY RESIDENCES,LORONG HOW SUN,19,Non-Landed Properties,3,"5,300",100 to 110,"1,100 to 1,200",Mar-24
KINGSFORD WATERBAY,UPPER SERANGOON VIEW,19,Non-Landed Properties,3,"4,100",80 to 90,800 to 900,Mar-24
BARTLEY RESIDENCES,LORONG HOW SUN,19,Non-Landed Properties,3,"5,300",100 to 110,"1,100 to 1,200",Mar-24
THE FLORENCE RESIDENCES,HOUGANG AVENUE 2,19,Non-Landed Properties,NA,"2,700",40 to 50,400 to 500,Mar-24
THE QUARTZ,COMPASSVALE BOW,19,Non-Landed Properties,NA,"4,100",100 to 110,"1,100 to 1,200",Mar-24
TRILIVE,TAMPINES ROAD,19,Non-Landed Properties,2,"3,900",60 to 70,600 to 700,Mar-24
BARTLEY RESIDENCES,LORONG HOW SUN,19,Non-Landed Properties,2,"4,000",80 to 90,800 to 900,Mar-24
LA FIESTA,SENGKANG SQUARE,19,Non-Landed Properties,3,"4,000",70 to 80,800 to 900,Mar-24
SPACE @ KOVAN,YIO CHU KANG ROAD,19,Non-Landed Properties,1,"2,500",30 to 40,400 to 500,Mar-24
A TREASURE TROVE,PUNGGOL WALK,19,Non-Landed Properties,2,"3,800",70 to 80,700 to 800,Mar-24
RIVERFRONT RESIDENCES,HOUGANG AVENUE 7,19,Non-Landed Properties,1,"2,700",40 to 50,400 to 500,Mar-24
PARC CENTROS,PUNGGOL CENTRAL,19,Non-Landed Properties,1,"2,650",40 to 50,400 to 500,Mar-24
BARTLEY RESIDENCES,LORONG HOW SUN,19,Non-Landed Properties,1,"3,000",40 to 50,400 to 500,Mar-24
VIBES@UPPER SERANGOON,UPPER SERANGOON ROAD,19,Non-Landed Properties,1,"2,500",40 to 50,400 to 500,Mar-24
THE FLORENCE RESIDENCES,HOUGANG AVENUE 2,19,Non-Landed Properties,NA,"4,300",80 to 90,800 to 900,Mar-24
THE FLORENCE RESIDENCES,HOUGANG AVENUE 2,19,Non-Landed Properties,NA,"3,400",60 to 70,600 to 700,Mar-24
SENGKANG GRAND RESIDENCES,COMPASSVALE BOW,19,Non-Landed Properties,NA,"3,750",50 to 60,600 to 700,Mar-24
THE QUARTZ,COMPASSVALE BOW,19,Non-Landed Properties,NA,"4,300",100 to 110,"1,100 to 1,200",Mar-24
CASA CAMBIO,LIM TUA TOW ROAD,19,Non-Landed Properties,2,"3,400",60 to 70,700 to 800,Mar-24
THE LUXURIE,COMPASSVALE ROAD,19,Non-Landed Properties,4,"5,200",190 to 200,"2,000 to 2,100",Mar-24
RIVERSAILS,UPPER SERANGOON CRESCENT,19,Non-Landed Properties,2,"3,500",80 to 90,"900 to 1,000",Mar-24
VIBES @ KOVAN,KOVAN ROAD,19,Non-Landed Properties,1,"3,000",40 to 50,400 to 500,Mar-24
SENGKANG GRAND RESIDENCES,COMPASSVALE BOW,19,Non-Landed Properties,NA,"3,300",60 to 70,600 to 700,Mar-24
WATERTOWN,PUNGGOL CENTRAL,19,Non-Landed Properties,1,"3,200",50 to 60,500 to 600,Mar-24
FLO RESIDENCE,PUNGGOL FIELD WALK,19,Non-Landed Properties,4,"4,000",110 to 120,"1,200 to 1,300",Mar-24
KENSINGTON PARK CONDOMINIUM,KENSINGTON PARK DRIVE,19,Non-Landed Properties,3,"4,000",110 to 120,"1,200 to 1,300",Mar-24
THE SCALA,SERANGOON AVENUE 3,19,Non-Landed Properties,3,"6,200",90 to 100,"1,000 to 1,100",Mar-24
THE FLORENCE RESIDENCES,HOUGANG AVENUE 2,19,Non-Landed Properties,NA,"2,700",40 to 50,400 to 500,Mar-24
A TREASURE TROVE,PUNGGOL WALK,19,Non-Landed Properties,2,"3,400",70 to 80,700 to 800,Mar-24
RIVERFRONT RESIDENCES,HOUGANG AVENUE 7,19,Non-Landed Properties,1,"2,900",40 to 50,400 to 500,Mar-24
SENGKANG GRAND RESIDENCES,COMPASSVALE BOW,19,Non-Landed Properties,NA,"3,700",70 to 80,700 to 800,Mar-24
BOTANIQUE AT BARTLEY,UPPER PAYA LEBAR ROAD,19,Non-Landed Properties,2,"4,200",60 to 70,700 to 800,Mar-24
CHILTERN PARK,SERANGOON AVENUE 3,19,Non-Landed Properties,3,"5,000",120 to 130,"1,300 to 1,400",Mar-24
RIVERFRONT RESIDENCES,HOUGANG AVENUE 7,19,Non-Landed Properties,2,"3,100",50 to 60,600 to 700,Mar-24
CASA CAMBIO,LIM TUA TOW ROAD,19,Non-Landed Properties,2,"2,800",40 to 50,400 to 500,Mar-24
THE GARDEN RESIDENCES,SERANGOON NORTH VIEW,19,Non-Landed Properties,1,"2,900",40 to 50,400 to 500,Mar-24
KINGSFORD WATERBAY,UPPER SERANGOON VIEW,19,Non-Landed Properties,2,"3,200",60 to 70,600 to 700,Mar-24
WATERTOWN,PUNGGOL CENTRAL,19,Non-Landed Properties,1,"3,000",50 to 60,500 to 600,Mar-24
THE FLORENCE RESIDENCES,HOUGANG AVENUE 2,19,Non-Landed Properties,NA,"2,600",40 to 50,400 to 500,Mar-24
RIO VISTA,UPPER SERANGOON VIEW,19,Non-Landed Properties,3,"4,300",110 to 120,"1,200 to 1,300",Mar-24
PARC CENTROS,PUNGGOL CENTRAL,19,Non-Landed Properties,3,"3,800",90 to 100,"900 to 1,000",Mar-24
KOVAN ESQUIRE,KOVAN ROAD,19,Non-Landed Properties,3,"3,200",90 to 100,"1,000 to 1,100",Mar-24
AFFINITY AT SERANGOON,SERANGOON NORTH AVENUE 1,19,Non-Landed Properties,1,"3,000",50 to 60,500 to 600,Mar-24
KOVAN RESIDENCES,KOVAN ROAD,19,Non-Landed Properties,3,"5,500",110 to 120,"1,200 to 1,300",Mar-24
THE MINTON,HOUGANG STREET 11,19,Non-Landed Properties,2,"4,200",90 to 100,"900 to 1,000",Mar-24
JADE RESIDENCES,LEW LIAN VALE,19,Non-Landed Properties,2,"3,250",50 to 60,500 to 600,Mar-24
BARTLEY RESIDENCES,LORONG HOW SUN,19,Non-Landed Properties,3,"5,500",100 to 110,"1,100 to 1,200",Mar-24
RIVERFRONT RESIDENCES,HOUGANG AVENUE 7,19,Non-Landed Properties,2,"3,200",50 to 60,600 to 700,Mar-24
THE TEMBUSU,TAMPINES ROAD,19,Non-Landed Properties,1,"2,900",40 to 50,400 to 500,Mar-24
COMPASS HEIGHTS,SENGKANG SQUARE,19,Non-Landed Properties,1,"2,700",50 to 60,600 to 700,Mar-24
RIVERSOUND RESIDENCE,SENGKANG EAST AVENUE,19,Non-Landed Properties,1,"2,600",40 to 50,400 to 500,Mar-24
SUMMER SCENT,KANG CHOO BIN ROAD,19,Non-Landed Properties,3,"3,300",130 to 140,"1,400 to 1,500",Mar-24
THE GARDEN RESIDENCES,SERANGOON NORTH VIEW,19,Non-Landed Properties,1,"2,800",40 to 50,500 to 600,Mar-24
REGENTVILLE,HOUGANG STREET 92,19,Non-Landed Properties,3,"4,200",100 to 110,"1,000 to 1,100",Mar-24
RIO VISTA,UPPER SERANGOON VIEW,19,Non-Landed Properties,3,"4,200",110 to 120,"1,200 to 1,300",Mar-24
SENGKANG GRAND RESIDENCES,COMPASSVALE BOW,19,Non-Landed Properties,NA,"2,900",40 to 50,400 to 500,Mar-24
RIVERSAILS,UPPER SERANGOON CRESCENT,19,Non-Landed Properties,1,"2,700",40 to 50,500 to 600,Mar-24
MIDTOWN RESIDENCES,UPPER SERANGOON ROAD,19,Non-Landed Properties,3,"3,800",60 to 70,700 to 800,Mar-24
CARDIFF RESIDENCE,CARDIFF GROVE,19,Non-Landed Properties,1,"2,800",40 to 50,400 to 500,Mar-24
THE SPRINGBLOOM,SERANGOON AVENUE 3,19,Non-Landed Properties,2,"4,600",100 to 110,"1,100 to 1,200",Mar-24
THE MINTON,HOUGANG STREET 11,19,Non-Landed Properties,2,"5,200",100 to 110,"1,100 to 1,200",Mar-24
PARC CENTROS,PUNGGOL CENTRAL,19,Non-Landed Properties,3,"4,550",100 to 110,"1,100 to 1,200",Mar-24
REGENTVILLE,HOUGANG STREET 92,19,Non-Landed Properties,3,"3,800",100 to 110,"1,100 to 1,200",Mar-24
TANGERINE GROVE,PAYA LEBAR CRESCENT,19,Non-Landed Properties,3,"5,000",110 to 120,"1,200 to 1,300",Mar-24
THE GARDEN RESIDENCES,SERANGOON NORTH VIEW,19,Non-Landed Properties,3,"5,200",80 to 90,"900 to 1,000",Mar-24
WATERTOWN,PUNGGOL CENTRAL,19,Non-Landed Properties,1,"3,000",50 to 60,500 to 600,Mar-24
KOVAN MELODY,KOVAN ROAD,19,Non-Landed Properties,3,"4,800",110 to 120,"1,200 to 1,300",Mar-24
KENSINGTON PARK CONDOMINIUM,KENSINGTON PARK DRIVE,19,Non-Landed Properties,3,"8,200",330 to 340,"3,600 to 3,700",Mar-24
RIVERFRONT RESIDENCES,HOUGANG AVENUE 7,19,Non-Landed Properties,1,"2,700",40 to 50,400 to 500,Mar-24
RIO VISTA,UPPER SERANGOON VIEW,19,Non-Landed Properties,2,"3,500",90 to 100,"1,000 to 1,100",Mar-24
BARTLEY RESIDENCES,LORONG HOW SUN,19,Non-Landed Properties,3,"6,500",150 to 160,"1,600 to 1,700",Mar-24
KOVAN MELODY,KOVAN ROAD,19,Non-Landed Properties,3,"5,300",120 to 130,"1,300 to 1,400",Mar-24
THE GARDEN RESIDENCES,SERANGOON NORTH VIEW,19,Non-Landed Properties,2,"3,900",70 to 80,800 to 900,Mar-24
KOVANA,KOVAN ROAD,19,Non-Landed Properties,3,"4,500",130 to 140,"1,400 to 1,500",Mar-24
A TREASURE TROVE,PUNGGOL WALK,19,Non-Landed Properties,3,"4,200",100 to 110,"1,100 to 1,200",Mar-24
THE LUXURIE,COMPASSVALE ROAD,19,Non-Landed Properties,3,"4,500",90 to 100,"1,000 to 1,100",Mar-24
JADE RESIDENCES,LEW LIAN VALE,19,Non-Landed Properties,4,"5,300",170 to 180,"1,900 to 2,000",Mar-24
LA FIESTA,SENGKANG SQUARE,19,Non-Landed Properties,2,"3,500",60 to 70,700 to 800,Mar-24
SPACE @ KOVAN,YIO CHU KANG ROAD,19,Non-Landed Properties,1,"2,800",30 to 40,400 to 500,Mar-24
A TREASURE TROVE,PUNGGOL WALK,19,Non-Landed Properties,2,"3,550",70 to 80,700 to 800,Mar-24
AFFINITY AT SERANGOON,SERANGOON NORTH AVENUE 1,19,Non-Landed Properties,2,"3,800",70 to 80,700 to 800,Mar-24
THE FLORENCE RESIDENCES,HOUGANG AVENUE 2,19,Non-Landed Properties,NA,"4,000",70 to 80,700 to 800,Mar-24
WATERTOWN,PUNGGOL CENTRAL,19,Non-Landed Properties,NA,"2,800",50 to 60,600 to 700,Mar-24
TERRASSE,TERRASSE LANE,19,Non-Landed Properties,2,"3,000",70 to 80,800 to 900,Mar-24
RIVERSOUND RESIDENCE,SENGKANG EAST AVENUE,19,Non-Landed Properties,3,"3,850",90 to 100,"1,000 to 1,100",Mar-24
THE PROMENADE@PELIKAT,JALAN PELIKAT,19,Non-Landed Properties,1,"2,700",40 to 50,400 to 500,Mar-24
BARTLEY RESIDENCES,LORONG HOW SUN,19,Non-Landed Properties,3,"4,800",100 to 110,"1,100 to 1,200",Mar-24
KOVAN MELODY,KOVAN ROAD,19,Non-Landed Properties,4,"5,800",130 to 140,"1,400 to 1,500",Mar-24
SENGKANG GRAND RESIDENCES,COMPASSVALE BOW,19,Non-Landed Properties,NA,"5,200",90 to 100,"1,000 to 1,100",Mar-24
THE SCALA,SERANGOON AVENUE 3,19,Non-Landed Properties,2,"7,500",130 to 140,"1,400 to 1,500",Mar-24
SENGKANG GRAND RESIDENCES,COMPASSVALE BOW,19,Non-Landed Properties,NA,"3,650",70 to 80,700 to 800,Mar-24
COMPASS HEIGHTS,SENGKANG SQUARE,19,Non-Landed Properties,2,"3,900",90 to 100,"1,000 to 1,100",Mar-24
RIVERFRONT RESIDENCES,HOUGANG AVENUE 7,19,Non-Landed Properties,1,"2,800",40 to 50,400 to 500,Mar-24
ISUITES @ PALM,GLASGOW ROAD,19,Non-Landed Properties,2,"2,900",50 to 60,600 to 700,Mar-24
THE SPRINGBLOOM,SERANGOON AVENUE 3,19,Non-Landed Properties,4,"6,000",150 to 160,"1,600 to 1,700",Mar-24
KOVAN RESIDENCES,KOVAN ROAD,19,Non-Landed Properties,4,"8,000",170 to 180,"1,800 to 1,900",Mar-24
RIVERSOUND RESIDENCE,SENGKANG EAST AVENUE,19,Non-Landed Properties,2,"3,200",70 to 80,700 to 800,Mar-24
RIVERFRONT RESIDENCES,HOUGANG AVENUE 7,19,Non-Landed Properties,3,"4,500",80 to 90,"900 to 1,000",Mar-24
THE FLORENCE RESIDENCES,HOUGANG AVENUE 2,19,Non-Landed Properties,NA,"3,200",50 to 60,600 to 700,Mar-24
VIBES @ KOVAN,KOVAN ROAD,19,Non-Landed Properties,2,"3,600",70 to 80,700 to 800,Mar-24
THE LUXURIE,COMPASSVALE ROAD,19,Non-Landed Properties,2,"3,600",70 to 80,700 to 800,Mar-24
AFFINITY AT SERANGOON,SERANGOON NORTH AVENUE 1,19,Non-Landed Properties,1,"2,850",40 to 50,400 to 500,Mar-24
THE QUARTZ,COMPASSVALE BOW,19,Non-Landed Properties,3,"5,000",140 to 150,"1,500 to 1,600",Mar-24
JEWEL @ BUANGKOK,COMPASSVALE BOW,19,Non-Landed Properties,1,"2,800",40 to 50,400 to 500,Mar-24
COMPASS HEIGHTS,SENGKANG SQUARE,19,Non-Landed Properties,2,"3,750",90 to 100,"1,000 to 1,100",Mar-24
FLO RESIDENCE,PUNGGOL FIELD WALK,19,Non-Landed Properties,2,"3,650",80 to 90,800 to 900,Mar-24
BOTANIQUE AT BARTLEY,UPPER PAYA LEBAR ROAD,19,Non-Landed Properties,2,"4,600",70 to 80,800 to 900,Mar-24
WEMBLY RESIDENCES,YIO CHU KANG ROAD,19,Non-Landed Properties,1,"2,900",50 to 60,500 to 600,Mar-24
RIVERSAILS,UPPER SERANGOON CRESCENT,19,Non-Landed Properties,3,"4,100",90 to 100,"1,000 to 1,100",Mar-24
RIVERSOUND RESIDENCE,SENGKANG EAST AVENUE,19,Non-Landed Properties,2,"3,000",70 to 80,700 to 800,Mar-24
A TREASURE TROVE,PUNGGOL WALK,19,Non-Landed Properties,3,"4,300",90 to 100,"1,000 to 1,100",Mar-24
RIVERVALE CREST,RIVERVALE CRESCENT,19,Non-Landed Properties,3,"4,000",110 to 120,"1,100 to 1,200",Mar-24
SENGKANG GRAND RESIDENCES,COMPASSVALE BOW,19,Non-Landed Properties,NA,"3,600",50 to 60,600 to 700,Mar-24
THE FLORENCE RESIDENCES,HOUGANG AVENUE 2,19,Non-Landed Properties,NA,"3,100",50 to 60,600 to 700,Mar-24
AFFINITY AT SERANGOON,SERANGOON NORTH AVENUE 1,19,Non-Landed Properties,2,"3,350",70 to 80,700 to 800,Mar-24
SENGKANG GRAND RESIDENCES,COMPASSVALE BOW,19,Non-Landed Properties,NA,"3,000",40 to 50,400 to 500,Mar-24
THE WATERLINE,POH HUAT ROAD WEST,19,Non-Landed Properties,3,"4,000",90 to 100,"1,000 to 1,100",Mar-24
SENGKANG GRAND RESIDENCES,COMPASSVALE BOW,19,Non-Landed Properties,NA,"4,100",70 to 80,700 to 800,Mar-24
WATERTOWN,PUNGGOL CENTRAL,19,Non-Landed Properties,NA,"3,100",50 to 60,600 to 700,Mar-24
THE FLORENCE RESIDENCES,HOUGANG AVENUE 2,19,Non-Landed Properties,NA,"4,500",90 to 100,"900 to 1,000",Mar-24
SENGKANG GRAND RESIDENCES,COMPASSVALE BOW,19,Non-Landed Properties,NA,"4,700",80 to 90,"900 to 1,000",Mar-24
THE FLORENCE RESIDENCES,HOUGANG AVENUE 2,19,Non-Landed Properties,NA,"3,700",60 to 70,600 to 700,Mar-24
LA FIESTA,SENGKANG SQUARE,19,Non-Landed Properties,1,"2,750",40 to 50,400 to 500,Mar-24
THE GARDEN RESIDENCES,SERANGOON NORTH VIEW,19,Non-Landed Properties,1,"2,700",40 to 50,400 to 500,Mar-24
KINGSFORD WATERBAY,UPPER SERANGOON VIEW,19,Non-Landed Properties,1,"2,700",40 to 50,400 to 500,Mar-24
THE VUE,UPPER PAYA LEBAR ROAD,19,Non-Landed Properties,1,"2,800",40 to 50,400 to 500,Mar-24
COMPASS HEIGHTS,SENGKANG SQUARE,19,Non-Landed Properties,1,"3,000",60 to 70,600 to 700,Mar-24
NAUNG RESIDENCE,JALAN NAUNG,19,Non-Landed Properties,2,"3,800",80 to 90,800 to 900,Mar-24
WATERTOWN,PUNGGOL CENTRAL,19,Non-Landed Properties,NA,"3,200",50 to 60,600 to 700,Mar-24
PRESTO@UPPER SERANGOON,UPPER SERANGOON ROAD,19,Non-Landed Properties,1,"3,000",40 to 50,400 to 500,Mar-24
THE QUINN,BARTLEY ROAD,19,Non-Landed Properties,1,"3,200",50 to 60,500 to 600,Mar-24
COMPASS HEIGHTS,SENGKANG SQUARE,19,Non-Landed Properties,2,"3,500",90 to 100,"1,000 to 1,100",Mar-24
KINGSFORD WATERBAY,UPPER SERANGOON VIEW,19,Non-Landed Properties,2,"3,300",60 to 70,600 to 700,Mar-24
OASIS GARDEN,JALAN BUNGA RAMPAI,19,Non-Landed Properties,2,"3,900",90 to 100,"1,000 to 1,100",Mar-24
THE MINTON,HOUGANG STREET 11,19,Non-Landed Properties,2,"3,900",90 to 100,"900 to 1,000",Mar-24
LA FIESTA,SENGKANG SQUARE,19,Non-Landed Properties,3,"4,300",90 to 100,"1,000 to 1,100",Mar-24
AFFINITY AT SERANGOON,SERANGOON NORTH AVENUE 1,19,Non-Landed Properties,2,"3,200",50 to 60,600 to 700,Mar-24
REGENTVILLE,HOUGANG STREET 92,19,Non-Landed Properties,3,"4,300",100 to 110,"1,000 to 1,100",Mar-24
A TREASURE TROVE,PUNGGOL WALK,19,Non-Landed Properties,2,"3,600",70 to 80,700 to 800,Mar-24
A TREASURE TROVE,PUNGGOL WALK,19,Non-Landed Properties,2,"3,800",80 to 90,"900 to 1,000",Mar-24
JADE RESIDENCES,LEW LIAN VALE,19,Non-Landed Properties,2,"3,000",50 to 60,500 to 600,Mar-24
BOTANIQUE AT BARTLEY,UPPER PAYA LEBAR ROAD,19,Non-Landed Properties,1,"3,600",40 to 50,400 to 500,Mar-24
THE FLORENCE RESIDENCES,HOUGANG AVENUE 2,19,Non-Landed Properties,NA,"3,450",60 to 70,600 to 700,Mar-24
THE BENTLY RESIDENCES@KOVAN,KOVAN ROAD,19,Non-Landed Properties,2,"3,100",50 to 60,500 to 600,Mar-24
SENGKANG GRAND RESIDENCES,COMPASSVALE BOW,19,Non-Landed Properties,NA,"2,850",40 to 50,400 to 500,Mar-24
SENGKANG GRAND RESIDENCES,COMPASSVALE BOW,19,Non-Landed Properties,NA,"3,100",40 to 50,400 to 500,Mar-24
SUITES @ PAYA LEBAR,UPPER PAYA LEBAR ROAD,19,Non-Landed Properties,1,"2,500",30 to 40,300 to 400,Mar-24
THE FLORENCE RESIDENCES,HOUGANG AVENUE 2,19,Non-Landed Properties,NA,"3,200",50 to 60,600 to 700,Mar-24
RIO VISTA,UPPER SERANGOON VIEW,19,Non-Landed Properties,3,"4,000",110 to 120,"1,200 to 1,300",Mar-24
AFFINITY AT SERANGOON,SERANGOON NORTH AVENUE 1,19,Non-Landed Properties,3,"4,000",70 to 80,800 to 900,Mar-24
AFFINITY AT SERANGOON,SERANGOON NORTH AVENUE 1,19,Non-Landed Properties,2,"3,800",50 to 60,600 to 700,Mar-24
MIDTOWN RESIDENCES,UPPER SERANGOON ROAD,19,Non-Landed Properties,1,"2,800",40 to 50,400 to 500,Mar-24
SENGKANG GRAND RESIDENCES,COMPASSVALE BOW,19,Non-Landed Properties,NA,"3,400",50 to 60,600 to 700,Mar-24
THE FLORENCE RESIDENCES,HOUGANG AVENUE 2,19,Non-Landed Properties,NA,"3,200",50 to 60,600 to 700,Mar-24
JEWEL @ BUANGKOK,COMPASSVALE BOW,19,Non-Landed Properties,3,"3,800",80 to 90,800 to 900,Mar-24
KENSINGTON PARK CONDOMINIUM,KENSINGTON PARK DRIVE,19,Non-Landed Properties,3,"4,400",150 to 160,"1,600 to 1,700",Mar-24
THE FLORENCE RESIDENCES,HOUGANG AVENUE 2,19,Non-Landed Properties,NA,"3,100",40 to 50,400 to 500,Mar-24
LA FIESTA,SENGKANG SQUARE,19,Non-Landed Properties,3,"4,200",70 to 80,800 to 900,Mar-24
THE SCALA,SERANGOON AVENUE 3,19,Non-Landed Properties,1,"3,300",40 to 50,400 to 500,Mar-24
KOVAN MELODY,KOVAN ROAD,19,Non-Landed Properties,2,"4,000",80 to 90,"900 to 1,000",Mar-24
RIVERFRONT RESIDENCES,HOUGANG AVENUE 7,19,Non-Landed Properties,2,"3,500",60 to 70,700 to 800,Mar-24
WATERTOWN,PUNGGOL CENTRAL,19,Non-Landed Properties,1,"3,200",50 to 60,500 to 600,Mar-24
BARTLEY RESIDENCES,LORONG HOW SUN,19,Non-Landed Properties,3,"4,600",100 to 110,"1,000 to 1,100",Mar-24
FOREST WOODS,LORONG LEW LIAN,19,Non-Landed Properties,2,"4,500",70 to 80,800 to 900,Mar-24
SENGKANG GRAND RESIDENCES,COMPASSVALE BOW,19,Non-Landed Properties,NA,"3,500",50 to 60,600 to 700,Mar-24
PEOPLE'S GARDEN,LORONG 1 REALTY PARK,19,Non-Landed Properties,NA,"5,000",90 to 100,"1,000 to 1,100",Mar-24
PARC CENTROS,PUNGGOL CENTRAL,19,Non-Landed Properties,1,"3,000",40 to 50,400 to 500,Mar-24
AFFINITY AT SERANGOON,SERANGOON NORTH AVENUE 1,19,Non-Landed Properties,2,"3,400",50 to 60,600 to 700,Mar-24
KOVAN MELODY,KOVAN ROAD,19,Non-Landed Properties,3,"5,200",110 to 120,"1,200 to 1,300",Mar-24
RIO VISTA,UPPER SERANGOON VIEW,19,Non-Landed Properties,4,"4,200",120 to 130,"1,300 to 1,400",Mar-24
THE FLORENCE RESIDENCES,HOUGANG AVENUE 2,19,Non-Landed Properties,NA,"2,800",40 to 50,400 to 500,Mar-24
AFFINITY AT SERANGOON,SERANGOON NORTH AVENUE 1,19,Non-Landed Properties,1,"2,850",40 to 50,400 to 500,Mar-24
A TREASURE TROVE,PUNGGOL WALK,19,Non-Landed Properties,4,"5,200",120 to 130,"1,300 to 1,400",Mar-24
CASA CAMBIO,LIM TUA TOW ROAD,19,Non-Landed Properties,2,"2,900",40 to 50,400 to 500,Mar-24
RIVERSAILS,UPPER SERANGOON CRESCENT,19,Non-Landed Properties,2,"3,400",80 to 90,"900 to 1,000",Mar-24
THE TEMBUSU,TAMPINES ROAD,19,Non-Landed Properties,1,"2,800",40 to 50,400 to 500,Mar-24
A TREASURE TROVE,PUNGGOL WALK,19,Non-Landed Properties,3,"5,000",110 to 120,"1,200 to 1,300",Mar-24
KINGSFORD WATERBAY,UPPER SERANGOON VIEW,19,Non-Landed Properties,1,"2,800",40 to 50,400 to 500,Mar-24
CHILTERN PARK,SERANGOON AVENUE 3,19,Non-Landed Properties,2,"4,000",80 to 90,"900 to 1,000",Mar-24
KINGSFORD WATERBAY,UPPER SERANGOON VIEW,19,Non-Landed Properties,1,"2,600",40 to 50,400 to 500,Mar-24
THE SUNSHINE,SUNSHINE TERRACE,19,Non-Landed Properties,3,"4,000",100 to 110,"1,100 to 1,200",Mar-24
KENSINGTON SQUARE,JALAN LOKAM,19,Non-Landed Properties,2,"3,500",50 to 60,600 to 700,Mar-24
WATERTOWN,PUNGGOL CENTRAL,19,Non-Landed Properties,1,"3,000",40 to 50,500 to 600,Mar-24
THE FLORENCE RESIDENCES,HOUGANG AVENUE 2,19,Non-Landed Properties,NA,"3,100",50 to 60,600 to 700,Mar-24
A TREASURE TROVE,PUNGGOL WALK,19,Non-Landed Properties,3,"4,000",90 to 100,"1,000 to 1,100",Mar-24
KOVAN REGENCY,KOVAN RISE,19,Non-Landed Properties,3,"4,600",90 to 100,"900 to 1,000",Mar-24
THE LUXURIE,COMPASSVALE ROAD,19,Non-Landed Properties,2,"3,300",60 to 70,700 to 800,Mar-24
CASA CAMBIO,LIM TUA TOW ROAD,19,Non-Landed Properties,2,"3,418",60 to 70,600 to 700,Mar-24
PARC CENTROS,PUNGGOL CENTRAL,19,Non-Landed Properties,4,"4,600",120 to 130,"1,300 to 1,400",Mar-24
FOREST WOODS,LORONG LEW LIAN,19,Non-Landed Properties,2,"3,800",50 to 60,600 to 700,Mar-24
RIVERSOUND RESIDENCE,SENGKANG EAST AVENUE,19,Non-Landed Properties,3,"4,000",90 to 100,"1,000 to 1,100",Mar-24
SENGKANG GRAND RESIDENCES,COMPASSVALE BOW,19,Non-Landed Properties,NA,"4,600",80 to 90,"900 to 1,000",Mar-24
SUITES @ PAYA LEBAR,UPPER PAYA LEBAR ROAD,19,Non-Landed Properties,1,"2,650",30 to 40,300 to 400,Mar-24
NON-LANDED HOUSING DEVELOPMENT,UPPER SERANGOON ROAD,19,Non-Landed Properties,NA,"3,500",90 to 100,"1,000 to 1,100",Mar-24
A TREASURE TROVE,PUNGGOL WALK,19,Non-Landed Properties,2,"3,400",70 to 80,700 to 800,Mar-24
THE SPRINGBLOOM,SERANGOON AVENUE 3,19,Non-Landed Properties,3,"5,200",120 to 130,"1,300 to 1,400",Mar-24
SENGKANG GRAND RESIDENCES,COMPASSVALE BOW,19,Non-Landed Properties,NA,"3,000",40 to 50,400 to 500,Mar-24
JEWEL @ BUANGKOK,COMPASSVALE BOW,19,Non-Landed Properties,2,"3,450",60 to 70,700 to 800,Mar-24
THE FLORENCE RESIDENCES,HOUGANG AVENUE 2,19,Non-Landed Properties,NA,"2,800",40 to 50,400 to 500,Mar-24
THE WATERLINE,POH HUAT ROAD WEST,19,Non-Landed Properties,1,"2,600",40 to 50,500 to 600,Mar-24
RIVERVALE CREST,RIVERVALE CRESCENT,19,Non-Landed Properties,1,"3,200",100 to 110,"1,100 to 1,200",Mar-24
KINGSFORD WATERBAY,UPPER SERANGOON VIEW,19,Non-Landed Properties,2,"3,600",60 to 70,600 to 700,Mar-24
LA FIESTA,SENGKANG SQUARE,19,Non-Landed Properties,3,"3,900",70 to 80,800 to 900,Mar-24
CHILTERN PARK,SERANGOON AVENUE 3,19,Non-Landed Properties,3,"4,500",110 to 120,"1,200 to 1,300",Mar-24
TERRASSE,TERRASSE LANE,19,Non-Landed Properties,2,"3,500",60 to 70,700 to 800,Mar-24
THE LUXURIE,COMPASSVALE ROAD,19,Non-Landed Properties,2,"3,700",70 to 80,700 to 800,Mar-24
CARDIFF RESIDENCE,CARDIFF GROVE,19,Non-Landed Properties,1,"2,800",30 to 40,400 to 500,Mar-24
LA FIESTA,SENGKANG SQUARE,19,Non-Landed Properties,2,"3,700",90 to 100,"900 to 1,000",Mar-24
THE FLORENCE RESIDENCES,HOUGANG AVENUE 2,19,Non-Landed Properties,NA,"2,800",40 to 50,400 to 500,Mar-24
THE FLORENCE RESIDENCES,HOUGANG AVENUE 2,19,Non-Landed Properties,NA,"3,200",50 to 60,600 to 700,Mar-24
AFFINITY AT SERANGOON,SERANGOON NORTH AVENUE 1,19,Non-Landed Properties,2,"3,600",60 to 70,700 to 800,Mar-24
MIDTOWN RESIDENCES,UPPER SERANGOON ROAD,19,Non-Landed Properties,1,"2,700",40 to 50,400 to 500,Mar-24
SENGKANG GRAND RESIDENCES,COMPASSVALE BOW,19,Non-Landed Properties,NA,"3,100",40 to 50,400 to 500,Mar-24
BARTLEY RESIDENCES,LORONG HOW SUN,19,Non-Landed Properties,3,"4,900",100 to 110,"1,000 to 1,100",Mar-24
KOVAN CREST,KOVAN ROAD,19,Non-Landed Properties,3,"2,300",110 to 120,"1,200 to 1,300",Mar-24
SPACE @ KOVAN,YIO CHU KANG ROAD,19,Non-Landed Properties,2,"2,850",50 to 60,600 to 700,Mar-24
AFFINITY AT SERANGOON,SERANGOON NORTH AVENUE 1,19,Non-Landed Properties,1,"2,800",50 to 60,600 to 700,Mar-24
FOREST WOODS,LORONG LEW LIAN,19,Non-Landed Properties,2,"3,800",60 to 70,700 to 800,Mar-24
KINGSFORD WATERBAY,UPPER SERANGOON VIEW,19,Non-Landed Properties,2,"3,600",60 to 70,600 to 700,Mar-24
SUNGLADE,SERANGOON AVENUE 2,19,Non-Landed Properties,2,"4,300",90 to 100,"1,000 to 1,100",Mar-24
BREEZY MANSIONS,SANDILANDS ROAD,19,Non-Landed Properties,3,"3,700",90 to 100,"1,000 to 1,100",Mar-24
THE PROMENADE@PELIKAT,JALAN PELIKAT,19,Non-Landed Properties,1,"2,300",40 to 50,500 to 600,Mar-24
THE MINTON,HOUGANG STREET 11,19,Non-Landed Properties,3,"5,500",120 to 130,"1,300 to 1,400",Mar-24
NON-LANDED HOUSING DEVELOPMENT,UPPER PAYA LEBAR ROAD,19,Non-Landed Properties,NA,"3,000",70 to 80,800 to 900,Mar-24
THE PROMENADE@PELIKAT,JALAN PELIKAT,19,Non-Landed Properties,2,"2,950",50 to 60,600 to 700,Mar-24
PARK RESIDENCES KOVAN,UPPER SERANGOON ROAD,19,Non-Landed Properties,1,"3,000",30 to 40,300 to 400,Mar-24
KINGSFORD WATERBAY,UPPER SERANGOON VIEW,19,Non-Landed Properties,2,"3,400",60 to 70,600 to 700,Mar-24
THE FLORENCE RESIDENCES,HOUGANG AVENUE 2,19,Non-Landed Properties,NA,"3,600",60 to 70,600 to 700,Mar-24
SENGKANG GRAND RESIDENCES,COMPASSVALE BOW,19,Non-Landed Properties,NA,"3,000",40 to 50,400 to 500,Mar-24
CRYSTAL DE AZURE,HOW SUN CLOSE,19,Non-Landed Properties,2,"4,000",80 to 90,"900 to 1,000",Mar-24
BARTLEY RESIDENCES,LORONG HOW SUN,19,Non-Landed Properties,1,"2,900",40 to 50,400 to 500,Mar-24
SIMON PLAZA,KOVAN ROAD,19,Non-Landed Properties,NA,"5,500",150 to 160,"1,600 to 1,700",Mar-24
AMARANDA GARDENS,SERANGOON AVENUE 3,19,Non-Landed Properties,2,"3,700",90 to 100,"1,000 to 1,100",Mar-24
SUITES @ PAYA LEBAR,UPPER PAYA LEBAR ROAD,19,Non-Landed Properties,NA,"2,600",30 to 40,300 to 400,Mar-24
KOVAN RESIDENCES,KOVAN ROAD,19,Non-Landed Properties,4,"7,000",160 to 170,"1,700 to 1,800",Mar-24
PARC VERA,HOUGANG STREET 32,19,Non-Landed Properties,3,"4,500",120 to 130,"1,300 to 1,400",Mar-24
RIVERSAILS,UPPER SERANGOON CRESCENT,19,Non-Landed Properties,1,"2,900",60 to 70,600 to 700,Mar-24
THE FLORENCE RESIDENCES,HOUGANG AVENUE 2,19,Non-Landed Properties,NA,"3,100",50 to 60,600 to 700,Mar-24
JEWEL @ BUANGKOK,COMPASSVALE BOW,19,Non-Landed Properties,3,"3,700",80 to 90,800 to 900,Mar-24
THE FLORENCE RESIDENCES,HOUGANG AVENUE 2,19,Non-Landed Properties,NA,"3,300",50 to 60,600 to 700,Mar-24
THE LUXURIE,COMPASSVALE ROAD,19,Non-Landed Properties,3,"4,500",90 to 100,"1,000 to 1,100",Mar-24
A TREASURE TROVE,PUNGGOL WALK,19,Non-Landed Properties,2,"3,400",70 to 80,700 to 800,Mar-24
AFFINITY AT SERANGOON,SERANGOON NORTH AVENUE 1,19,Non-Landed Properties,1,"2,850",40 to 50,400 to 500,Mar-24
THE FLORENCE RESIDENCES,HOUGANG AVENUE 2,19,Non-Landed Properties,NA,"3,500",60 to 70,600 to 700,Mar-24
RIVER ISLES,EDGEDALE PLAINS,19,Non-Landed Properties,3,"4,000",80 to 90,"900 to 1,000",Mar-24
KOVAN REGENCY,KOVAN RISE,19,Non-Landed Properties,3,"4,800",90 to 100,"900 to 1,000",Mar-24
FLO RESIDENCE,PUNGGOL FIELD WALK,19,Non-Landed Properties,3,"4,400",80 to 90,"900 to 1,000",Mar-24
SUNGLADE,SERANGOON AVENUE 2,19,Non-Landed Properties,2,"4,100",80 to 90,800 to 900,Mar-24
KOVAN REGENCY,KOVAN RISE,19,Non-Landed Properties,3,"5,000",100 to 110,"1,100 to 1,200",Mar-24
TRILIVE,TAMPINES ROAD,19,Non-Landed Properties,3,"3,000",80 to 90,"900 to 1,000",Mar-24
THE WATERLINE,POH HUAT ROAD WEST,19,Non-Landed Properties,2,"3,400",80 to 90,800 to 900,Mar-24
TERRASSE,TERRASSE LANE,19,Non-Landed Properties,1,"2,900",40 to 50,500 to 600,Mar-24
KOVAN REGENCY,KOVAN RISE,19,Non-Landed Properties,3,"4,600",90 to 100,"900 to 1,000",Mar-24
REGENTVILLE,HOUGANG STREET 92,19,Non-Landed Properties,3,"3,900",100 to 110,"1,100 to 1,200",Mar-24
RIVERFRONT RESIDENCES,HOUGANG AVENUE 7,19,Non-Landed Properties,2,"3,200",50 to 60,600 to 700,Mar-24
A TREASURE TROVE,PUNGGOL WALK,19,Non-Landed Properties,3,"4,750",90 to 100,"1,000 to 1,100",Mar-24
KENSINGTON SQUARE,JALAN LOKAM,19,Non-Landed Properties,2,"2,700",60 to 70,700 to 800,Mar-24
THE FLORENCE RESIDENCES,HOUGANG AVENUE 2,19,Non-Landed Properties,NA,"3,400",60 to 70,600 to 700,Mar-24
MIDTOWN RESIDENCES,UPPER SERANGOON ROAD,19,Non-Landed Properties,1,"2,750",40 to 50,400 to 500,Mar-24
WATERTOWN,PUNGGOL CENTRAL,19,Non-Landed Properties,2,"3,800",70 to 80,800 to 900,Mar-24
LA FIESTA,SENGKANG SQUARE,19,Non-Landed Properties,1,"2,900",40 to 50,400 to 500,Mar-24
AFFINITY AT SERANGOON,SERANGOON NORTH AVENUE 1,19,Non-Landed Properties,1,"3,000",40 to 50,400 to 500,Mar-24
BOATHOUSE RESIDENCES,UPPER SERANGOON VIEW,19,Non-Landed Properties,3,"4,250",100 to 110,"1,100 to 1,200",Mar-24
CENTRAL VIEW,HOUGANG STREET 11,19,Non-Landed Properties,3,"4,200",110 to 120,"1,200 to 1,300",Mar-24
RIVERSAILS,UPPER SERANGOON CRESCENT,19,Non-Landed Properties,2,"3,200",80 to 90,"900 to 1,000",Mar-24
FOREST WOODS,LORONG LEW LIAN,19,Non-Landed Properties,2,"3,900",50 to 60,600 to 700,Mar-24
THE SPRINGBLOOM,SERANGOON AVENUE 3,19,Non-Landed Properties,3,"5,300",130 to 140,"1,400 to 1,500",Mar-24
THE SPRINGBLOOM,SERANGOON AVENUE 3,19,Non-Landed Properties,2,"4,400",100 to 110,"1,100 to 1,200",Mar-24
THE SCALA,SERANGOON AVENUE 3,19,Non-Landed Properties,2,"5,600",80 to 90,800 to 900,Mar-24
THE SCALA,SERANGOON AVENUE 3,19,Non-Landed Properties,1,"3,050",40 to 50,400 to 500,Mar-24
MIDTOWN RESIDENCES,UPPER SERANGOON ROAD,19,Non-Landed Properties,3,"3,800",60 to 70,600 to 700,Mar-24
CHERRYHILL,LORONG LEW LIAN,19,Non-Landed Properties,3,"3,600",140 to 150,"1,500 to 1,600",Mar-24
TERRASSE,TERRASSE LANE,19,Non-Landed Properties,2,"3,500",80 to 90,800 to 900,Mar-24
AFFINITY AT SERANGOON,SERANGOON NORTH AVENUE 1,19,Non-Landed Properties,3,"4,000",70 to 80,800 to 900,Mar-24
RIVERFRONT RESIDENCES,HOUGANG AVENUE 7,19,Non-Landed Properties,2,"3,200",50 to 60,600 to 700,Mar-24
RIVERFRONT RESIDENCES,HOUGANG AVENUE 7,19,Non-Landed Properties,1,"3,300",40 to 50,400 to 500,Mar-24
COMPASS HEIGHTS,SENGKANG SQUARE,19,Non-Landed Properties,2,"3,800",90 to 100,"1,000 to 1,100",Mar-24
THE QUARTZ,COMPASSVALE BOW,19,Non-Landed Properties,NA,"4,500",110 to 120,"1,100 to 1,200",Mar-24
JEWEL @ BUANGKOK,COMPASSVALE BOW,19,Non-Landed Properties,1,"2,600",40 to 50,400 to 500,Mar-24
SUITES @ PAYA LEBAR,UPPER PAYA LEBAR ROAD,19,Non-Landed Properties,NA,"2,400",30 to 40,300 to 400,Mar-24
ONEROBEY,ROBEY CRESCENT,19,Non-Landed Properties,3,"2,600",70 to 80,800 to 900,Mar-24
THE MINTON,HOUGANG STREET 11,19,Non-Landed Properties,NA,"2,950",50 to 60,600 to 700,Mar-24
A TREASURE TROVE,PUNGGOL WALK,19,Non-Landed Properties,2,"3,350",70 to 80,700 to 800,Mar-24
THE FLORENCE RESIDENCES,HOUGANG AVENUE 2,19,Non-Landed Properties,NA,"2,850",40 to 50,400 to 500,Mar-24
TAI PENG GARDENS,UPPER SERANGOON ROAD,19,Non-Landed Properties,NA,"3,000",90 to 100,"900 to 1,000",Mar-24
CASA CAMBIO,LIM TUA TOW ROAD,19,Non-Landed Properties,2,"2,800",40 to 50,400 to 500,Mar-24
THE FLORENCE RESIDENCES,HOUGANG AVENUE 2,19,Non-Landed Properties,NA,"3,500",60 to 70,600 to 700,Mar-24
LA FIESTA,SENGKANG SQUARE,19,Non-Landed Properties,3,"3,800",80 to 90,800 to 900,Mar-24
MIDTOWN RESIDENCES,UPPER SERANGOON ROAD,19,Non-Landed Properties,1,"2,600",40 to 50,400 to 500,Mar-24
BARTLEY RESIDENCES,LORONG HOW SUN,19,Non-Landed Properties,3,"4,600",100 to 110,"1,000 to 1,100",Mar-24
SENGKANG GRAND RESIDENCES,COMPASSVALE BOW,19,Non-Landed Properties,NA,"5,200",90 to 100,"1,000 to 1,100",Mar-24
OASIS GARDEN,JALAN BUNGA RAMPAI,19,Non-Landed Properties,4,"5,000",130 to 140,"1,400 to 1,500",Mar-24
AFFINITY AT SERANGOON,SERANGOON NORTH AVENUE 1,19,Non-Landed Properties,3,"3,850",80 to 90,"900 to 1,000",Mar-24
THE FLORENCE RESIDENCES,HOUGANG AVENUE 2,19,Non-Landed Properties,NA,"4,300",80 to 90,"900 to 1,000",Mar-24
THE FLORENCE RESIDENCES,HOUGANG AVENUE 2,19,Non-Landed Properties,NA,"3,450",60 to 70,600 to 700,Mar-24
BRIGHTON VIEW,BRIGHTON AVENUE,19,Non-Landed Properties,3,"4,500",110 to 120,"1,200 to 1,300",Mar-24
BOTANIQUE AT BARTLEY,UPPER PAYA LEBAR ROAD,19,Non-Landed Properties,2,"2,000",60 to 70,700 to 800,Mar-24
RIO VISTA,UPPER SERANGOON VIEW,19,Non-Landed Properties,3,"4,500",110 to 120,"1,200 to 1,300",Mar-24
A TREASURE TROVE,PUNGGOL WALK,19,Non-Landed Properties,2,"3,500",70 to 80,700 to 800,Mar-24
KINGSFORD WATERBAY,UPPER SERANGOON VIEW,19,Non-Landed Properties,2,"3,500",60 to 70,600 to 700,Mar-24
A TREASURE TROVE,PUNGGOL WALK,19,Non-Landed Properties,3,"4,500",100 to 110,"1,100 to 1,200",Mar-24
A TREASURE TROVE,PUNGGOL WALK,19,Non-Landed Properties,4,"4,600",120 to 130,"1,300 to 1,400",Mar-24
RIO VISTA,UPPER SERANGOON VIEW,19,Non-Landed Properties,3,"4,000",110 to 120,"1,200 to 1,300",Mar-24
LA FIESTA,SENGKANG SQUARE,19,Non-Landed Properties,2,"3,500",60 to 70,700 to 800,Mar-24
RIVERFRONT RESIDENCES,HOUGANG AVENUE 7,19,Non-Landed Properties,2,"3,200",50 to 60,600 to 700,Mar-24
SUITES @ PAYA LEBAR,UPPER PAYA LEBAR ROAD,19,Non-Landed Properties,1,"2,500",30 to 40,300 to 400,Mar-24
VIBES @ KOVAN,KOVAN ROAD,19,Non-Landed Properties,1,"2,300",30 to 40,400 to 500,Mar-24
KINGSFORD WATERBAY,UPPER SERANGOON VIEW,19,Non-Landed Properties,2,"3,200",60 to 70,600 to 700,Mar-24
LA FIESTA,SENGKANG SQUARE,19,Non-Landed Properties,2,"3,000",60 to 70,700 to 800,Mar-24
KINGSFORD WATERBAY,UPPER SERANGOON VIEW,19,Non-Landed Properties,1,"2,600",40 to 50,400 to 500,Mar-24
THE FLORENCE RESIDENCES,HOUGANG AVENUE 2,19,Non-Landed Properties,NA,"3,100",50 to 60,600 to 700,Mar-24
BOATHOUSE RESIDENCES,UPPER SERANGOON VIEW,19,Non-Landed Properties,3,"4,000",90 to 100,"1,000 to 1,100",Mar-24
KOVAN REGENCY,KOVAN RISE,19,Non-Landed Properties,2,"4,000",70 to 80,700 to 800,Mar-24
THE FLORENCE RESIDENCES,HOUGANG AVENUE 2,19,Non-Landed Properties,NA,"3,250",60 to 70,700 to 800,Mar-24
RIVERFRONT RESIDENCES,HOUGANG AVENUE 7,19,Non-Landed Properties,1,"2,700",40 to 50,400 to 500,Mar-24
KOVAN RESIDENCES,KOVAN ROAD,19,Non-Landed Properties,2,"4,300",80 to 90,800 to 900,Mar-24
RIO VISTA,UPPER SERANGOON VIEW,19,Non-Landed Properties,3,"4,000",110 to 120,"1,200 to 1,300",Mar-24
RIVERFRONT RESIDENCES,HOUGANG AVENUE 7,19,Non-Landed Properties,1,"2,750",40 to 50,400 to 500,Mar-24
PALM HAVEN,PALM GROVE AVENUE,19,Non-Landed Properties,2,"3,300",100 to 110,"1,000 to 1,100",Mar-24
BARTLEY RESIDENCES,LORONG HOW SUN,19,Non-Landed Properties,3,"5,150",100 to 110,"1,100 to 1,200",Mar-24
SENGKANG GRAND RESIDENCES,COMPASSVALE BOW,19,Non-Landed Properties,NA,"5,500",80 to 90,"900 to 1,000",Mar-24
BOTANIQUE AT BARTLEY,UPPER PAYA LEBAR ROAD,19,Non-Landed Properties,1,"2,800",40 to 50,500 to 600,Mar-24
AFFINITY AT SERANGOON,SERANGOON NORTH AVENUE 1,19,Non-Landed Properties,2,"3,500",60 to 70,700 to 800,Mar-24
THE MINTON,HOUGANG STREET 11,19,Non-Landed Properties,4,"6,500",150 to 160,"1,600 to 1,700",Mar-24
BOTANIQUE AT BARTLEY,UPPER PAYA LEBAR ROAD,19,Non-Landed Properties,2,"3,500",60 to 70,600 to 700,Mar-24
SUNGLADE,SERANGOON AVENUE 2,19,Non-Landed Properties,3,"4,300",110 to 120,"1,200 to 1,300",Mar-24
THE MINTON,HOUGANG STREET 11,19,Non-Landed Properties,NA,"3,400",60 to 70,600 to 700,Mar-24
SENGKANG GRAND RESIDENCES,COMPASSVALE BOW,19,Non-Landed Properties,NA,"3,000",40 to 50,400 to 500,Mar-24
WATERTOWN,PUNGGOL CENTRAL,19,Non-Landed Properties,1,"3,100",40 to 50,500 to 600,Mar-24
JEWEL @ BUANGKOK,COMPASSVALE BOW,19,Non-Landed Properties,2,"3,400",60 to 70,700 to 800,Mar-24
RIVER ISLES,EDGEDALE PLAINS,19,Non-Landed Properties,3,"5,000",100 to 110,"1,100 to 1,200",Mar-24
KOVAN MELODY,KOVAN ROAD,19,Non-Landed Properties,3,"5,650",110 to 120,"1,200 to 1,300",Mar-24
KOVAN REGENCY,KOVAN RISE,19,Non-Landed Properties,2,"3,200",50 to 60,500 to 600,Mar-24
SENGKANG GRAND RESIDENCES,COMPASSVALE BOW,19,Non-Landed Properties,NA,"3,600",50 to 60,600 to 700,Mar-24
COMPASS HEIGHTS,SENGKANG SQUARE,19,Non-Landed Properties,1,"2,800",60 to 70,600 to 700,Mar-24
SENGKANG GRAND RESIDENCES,COMPASSVALE BOW,19,Non-Landed Properties,NA,"3,600",50 to 60,600 to 700,Mar-24
A TREASURE TROVE,PUNGGOL WALK,19,Non-Landed Properties,3,"4,300",110 to 120,"1,200 to 1,300",Mar-24
A TREASURE TROVE,PUNGGOL WALK,19,Non-Landed Properties,3,"4,200",90 to 100,"1,000 to 1,100",Mar-24
A TREASURE TROVE,PUNGGOL WALK,19,Non-Landed Properties,3,"4,500",110 to 120,"1,200 to 1,300",Mar-24
AFFINITY AT SERANGOON,SERANGOON NORTH AVENUE 1,19,Non-Landed Properties,2,"3,700",60 to 70,700 to 800,Mar-24
SENGKANG GRAND RESIDENCES,COMPASSVALE BOW,19,Non-Landed Properties,NA,"3,100",40 to 50,400 to 500,Mar-24
THE MINTON,HOUGANG STREET 11,19,Non-Landed Properties,2,"4,300",90 to 100,"900 to 1,000",Mar-24
WATERTOWN,PUNGGOL CENTRAL,19,Non-Landed Properties,NA,"3,600",50 to 60,600 to 700,Mar-24
PARC CENTROS,PUNGGOL CENTRAL,19,Non-Landed Properties,3,"4,000",90 to 100,"900 to 1,000",Mar-24
RIVERFRONT RESIDENCES,HOUGANG AVENUE 7,19,Non-Landed Properties,1,"3,000",40 to 50,400 to 500,Mar-24
THE FLORENCE RESIDENCES,HOUGANG AVENUE 2,19,Non-Landed Properties,NA,"2,800",40 to 50,400 to 500,Mar-24
A TREASURE TROVE,PUNGGOL WALK,19,Non-Landed Properties,3,"4,350",90 to 100,"1,000 to 1,100",Mar-24
KENSINGTON PARK CONDOMINIUM,KENSINGTON PARK DRIVE,19,Non-Landed Properties,NA,"5,500",200 to 210,"2,200 to 2,300",Mar-24
CASA CAMBIO,LIM TUA TOW ROAD,19,Non-Landed Properties,2,"2,800",40 to 50,400 to 500,Mar-24
A TREASURE TROVE,PUNGGOL WALK,19,Non-Landed Properties,2,"3,500",70 to 80,700 to 800,Mar-24
THE MINTON,HOUGANG STREET 11,19,Non-Landed Properties,3,"5,000",110 to 120,"1,200 to 1,300",Mar-24
BARTLEY RESIDENCES,LORONG HOW SUN,19,Non-Landed Properties,1,"3,000",40 to 50,400 to 500,Mar-24
THE FLORENCE RESIDENCES,HOUGANG AVENUE 2,19,Non-Landed Properties,NA,"4,200",60 to 70,600 to 700,Mar-24
THE FLORENCE RESIDENCES,HOUGANG AVENUE 2,19,Non-Landed Properties,NA,"3,500",50 to 60,600 to 700,Mar-24
SENGKANG GRAND RESIDENCES,COMPASSVALE BOW,19,Non-Landed Properties,NA,"3,200",40 to 50,500 to 600,Mar-24
A TREASURE TROVE,PUNGGOL WALK,19,Non-Landed Properties,2,"3,600",70 to 80,700 to 800,Mar-24
KENSINGTON SQUARE,JALAN LOKAM,19,Non-Landed Properties,2,"2,000",60 to 70,700 to 800,Mar-24
SERANGOON GARDEN ESTATE,MAJU AVENUE,19,Non-Landed Properties,NA,"7,000",260 to 270,"2,800 to 2,900",Mar-24
NON-LANDED HOUSING DEVELOPMENT,UPPER PAYA LEBAR ROAD,19,Non-Landed Properties,NA,"5,500",100 to 110,"1,000 to 1,100",Mar-24
NON-LANDED HOUSING DEVELOPMENT,UPPER SERANGOON ROAD,19,Non-Landed Properties,NA,"3,500",80 to 90,"900 to 1,000",Mar-24
NON-LANDED HOUSING DEVELOPMENT,UPPER PAYA LEBAR ROAD,19,Non-Landed Properties,NA,"4,200",70 to 80,700 to 800,Mar-24
THE FLORENCE RESIDENCES,HOUGANG AVENUE 2,19,Non-Landed Properties,NA,"3,400",60 to 70,600 to 700,Mar-24
SENGKANG GRAND RESIDENCES,COMPASSVALE BOW,19,Non-Landed Properties,NA,"3,000",40 to 50,500 to 600,Mar-24
SENGKANG GRAND RESIDENCES,COMPASSVALE BOW,19,Non-Landed Properties,NA,"4,300",70 to 80,700 to 800,Mar-24
THE GARDEN RESIDENCES,SERANGOON NORTH VIEW,19,Non-Landed Properties,2,"3,600",70 to 80,800 to 900,Mar-24
BARTLEY RESIDENCES,LORONG HOW SUN,19,Non-Landed Properties,4,"5,900",120 to 130,"1,300 to 1,400",Mar-24
REGENTVILLE,HOUGANG STREET 92,19,Non-Landed Properties,2,"3,600",90 to 100,"900 to 1,000",Mar-24
THE FLORENCE RESIDENCES,HOUGANG AVENUE 2,19,Non-Landed Properties,NA,"3,800",70 to 80,700 to 800,Mar-24
NON-LANDED HOUSING DEVELOPMENT,UPPER SERANGOON ROAD,19,Non-Landed Properties,NA,"3,400",100 to 110,"1,000 to 1,100",Mar-24
NON-LANDED HOUSING DEVELOPMENT,UPPER SERANGOON ROAD,19,Non-Landed Properties,NA,"3,400",90 to 100,"1,000 to 1,100",Mar-24
PARC VERA,HOUGANG STREET 32,19,Non-Landed Properties,2,"3,500",70 to 80,700 to 800,Mar-24
PARC CENTROS,PUNGGOL CENTRAL,19,Non-Landed Properties,2,"3,400",70 to 80,700 to 800,Mar-24
REGENTVILLE,HOUGANG STREET 92,19,Non-Landed Properties,2,"3,800",160 to 170,"1,700 to 1,800",Mar-24
THE QUARTZ,COMPASSVALE BOW,19,Non-Landed Properties,NA,"4,200",100 to 110,"1,100 to 1,200",Mar-24
LA FIESTA,SENGKANG SQUARE,19,Non-Landed Properties,3,"4,100",100 to 110,"1,100 to 1,200",Mar-24
KOVAN REGENCY,KOVAN RISE,19,Non-Landed Properties,2,"4,000",70 to 80,700 to 800,Mar-24
PARC VERA,HOUGANG STREET 32,19,Non-Landed Properties,2,"3,500",70 to 80,700 to 800,Mar-24
REGENTVILLE,HOUGANG STREET 92,19,Non-Landed Properties,3,"4,000",100 to 110,"1,100 to 1,200",Mar-24
BARTLEY RESIDENCES,LORONG HOW SUN,19,Non-Landed Properties,2,"4,000",70 to 80,800 to 900,Mar-24
BOTANIQUE AT BARTLEY,UPPER PAYA LEBAR ROAD,19,Non-Landed Properties,2,"3,750",60 to 70,600 to 700,Feb-24
THE TEMBUSU,TAMPINES ROAD,19,Non-Landed Properties,3,"4,700",90 to 100,"1,000 to 1,100",Feb-24
CHERRYHILL,LORONG LEW LIAN,19,Non-Landed Properties,3,"3,900",130 to 140,"1,400 to 1,500",Feb-24
THE FLORENCE RESIDENCES,HOUGANG AVENUE 2,19,Non-Landed Properties,NA,"3,600",50 to 60,600 to 700,Feb-24
BARTLEY RESIDENCES,LORONG HOW SUN,19,Non-Landed Properties,4,"4,500",160 to 170,"1,700 to 1,800",Feb-24
RIVERFRONT RESIDENCES,HOUGANG AVENUE 7,19,Non-Landed Properties,2,"3,200",50 to 60,600 to 700,Feb-24
REGENTVILLE,HOUGANG STREET 92,19,Non-Landed Properties,3,"3,900",100 to 110,"1,000 to 1,100",Feb-24
KINGSFORD WATERBAY,UPPER SERANGOON VIEW,19,Non-Landed Properties,1,"2,600",40 to 50,400 to 500,Feb-24
THE FLORENCE RESIDENCES,HOUGANG AVENUE 2,19,Non-Landed Properties,NA,"3,200",50 to 60,600 to 700,Feb-24
RIVERVALE CREST,RIVERVALE CRESCENT,19,Non-Landed Properties,3,"3,800",120 to 130,"1,300 to 1,400",Feb-24
CHILTERN PARK,SERANGOON AVENUE 3,19,Non-Landed Properties,2,"4,200",80 to 90,"900 to 1,000",Feb-24
LA FIESTA,SENGKANG SQUARE,19,Non-Landed Properties,2,"3,600",60 to 70,700 to 800,Feb-24
PARK RESIDENCES KOVAN,UPPER SERANGOON ROAD,19,Non-Landed Properties,1,"2,800",30 to 40,300 to 400,Feb-24
SENGKANG GRAND RESIDENCES,COMPASSVALE BOW,19,Non-Landed Properties,NA,"3,500",50 to 60,600 to 700,Feb-24
THE GARDEN RESIDENCES,SERANGOON NORTH VIEW,19,Non-Landed Properties,1,"2,550",40 to 50,400 to 500,Feb-24
SPACE @ KOVAN,YIO CHU KANG ROAD,19,Non-Landed Properties,2,"3,200",50 to 60,500 to 600,Feb-24
PARC VERA,HOUGANG STREET 32,19,Non-Landed Properties,2,"3,400",80 to 90,800 to 900,Feb-24
KINGSFORD WATERBAY,UPPER SERANGOON VIEW,19,Non-Landed Properties,1,"2,700",40 to 50,400 to 500,Feb-24
FOREST WOODS,LORONG LEW LIAN,19,Non-Landed Properties,2,"4,000",60 to 70,700 to 800,Feb-24
RIVERVALE CREST,RIVERVALE CRESCENT,19,Non-Landed Properties,1,"3,600",80 to 90,"900 to 1,000",Feb-24
SENGKANG GRAND RESIDENCES,COMPASSVALE BOW,19,Non-Landed Properties,NA,"3,500",60 to 70,600 to 700,Feb-24
A TREASURE TROVE,PUNGGOL WALK,19,Non-Landed Properties,3,"4,300",90 to 100,"1,000 to 1,100",Feb-24
SENGKANG GRAND RESIDENCES,COMPASSVALE BOW,19,Non-Landed Properties,NA,"3,100",40 to 50,400 to 500,Feb-24
THE SCALA,SERANGOON AVENUE 3,19,Non-Landed Properties,1,"3,200",40 to 50,400 to 500,Feb-24
KOVAN MELODY,KOVAN ROAD,19,Non-Landed Properties,3,"4,900",110 to 120,"1,200 to 1,300",Feb-24
JEWEL @ BUANGKOK,COMPASSVALE BOW,19,Non-Landed Properties,2,"3,800",60 to 70,700 to 800,Feb-24
THE FLORENCE RESIDENCES,HOUGANG AVENUE 2,19,Non-Landed Properties,NA,"3,400",50 to 60,600 to 700,Feb-24
THE CHUAN,LORONG CHUAN,19,Non-Landed Properties,2,"4,300",80 to 90,"900 to 1,000",Feb-24
KINGSFORD WATERBAY,UPPER SERANGOON VIEW,19,Non-Landed Properties,2,"3,200",60 to 70,600 to 700,Feb-24
A TREASURE TROVE,PUNGGOL WALK,19,Non-Landed Properties,2,"3,550",70 to 80,700 to 800,Feb-24
BOTANIQUE AT BARTLEY,UPPER PAYA LEBAR ROAD,19,Non-Landed Properties,1,"3,400",40 to 50,400 to 500,Feb-24
THE MINTON,HOUGANG STREET 11,19,Non-Landed Properties,3,"5,500",120 to 130,"1,300 to 1,400",Feb-24
BOATHOUSE RESIDENCES,UPPER SERANGOON VIEW,19,Non-Landed Properties,2,"3,000",60 to 70,700 to 800,Feb-24
BARTLEY RESIDENCES,LORONG HOW SUN,19,Non-Landed Properties,2,"3,850",70 to 80,700 to 800,Feb-24
THE SCALA,SERANGOON AVENUE 3,19,Non-Landed Properties,3,"5,888",90 to 100,"1,000 to 1,100",Feb-24
AFFINITY AT SERANGOON,SERANGOON NORTH AVENUE 1,19,Non-Landed Properties,1,"3,200",50 to 60,600 to 700,Feb-24
RIVERFRONT RESIDENCES,HOUGANG AVENUE 7,19,Non-Landed Properties,3,"4,300",80 to 90,"900 to 1,000",Feb-24
THE GARDEN RESIDENCES,SERANGOON NORTH VIEW,19,Non-Landed Properties,1,"3,200",50 to 60,500 to 600,Feb-24
THE SCALA,SERANGOON AVENUE 3,19,Non-Landed Properties,2,"4,400",80 to 90,"900 to 1,000",Feb-24
RIVERFRONT RESIDENCES,HOUGANG AVENUE 7,19,Non-Landed Properties,1,"2,800",40 to 50,400 to 500,Feb-24
THE SCALA,SERANGOON AVENUE 3,19,Non-Landed Properties,2,"4,100",80 to 90,800 to 900,Feb-24
WATERTOWN,PUNGGOL CENTRAL,19,Non-Landed Properties,2,"3,850",70 to 80,800 to 900,Feb-24
CHILTERN PARK,SERANGOON AVENUE 3,19,Non-Landed Properties,3,"6,000",140 to 150,"1,500 to 1,600",Feb-24
THE FLORENCE RESIDENCES,HOUGANG AVENUE 2,19,Non-Landed Properties,NA,"3,300",50 to 60,600 to 700,Feb-24
GAMBIR RIDGE,GAMBIR WALK,19,Non-Landed Properties,2,"3,600",70 to 80,700 to 800,Feb-24
THE GARDEN RESIDENCES,SERANGOON NORTH VIEW,19,Non-Landed Properties,3,"4,200",80 to 90,"900 to 1,000",Feb-24
LA FIESTA,SENGKANG SQUARE,19,Non-Landed Properties,2,"3,600",60 to 70,700 to 800,Feb-24
CHUAN PARK (DEMOLISHED),LORONG CHUAN,19,Non-Landed Properties,2,"2,600",110 to 120,"1,200 to 1,300",Feb-24
BARTLEY RESIDENCES,LORONG HOW SUN,19,Non-Landed Properties,2,"3,800",70 to 80,700 to 800,Feb-24
LA FIESTA,SENGKANG SQUARE,19,Non-Landed Properties,3,"4,200",70 to 80,800 to 900,Feb-24
CASA ROSA,LORONG ONG LYE,19,Non-Landed Properties,3,"4,100",100 to 110,"1,100 to 1,200",Feb-24
BOATHOUSE RESIDENCES,UPPER SERANGOON VIEW,19,Non-Landed Properties,1,"2,400",50 to 60,600 to 700,Feb-24
THE SCALA,SERANGOON AVENUE 3,19,Non-Landed Properties,1,"3,300",40 to 50,400 to 500,Feb-24
WATERTOWN,PUNGGOL CENTRAL,19,Non-Landed Properties,2,"4,450",80 to 90,"900 to 1,000",Feb-24
SENGKANG GRAND RESIDENCES,COMPASSVALE BOW,19,Non-Landed Properties,NA,"3,000",40 to 50,400 to 500,Feb-24
THE FLORENCE RESIDENCES,HOUGANG AVENUE 2,19,Non-Landed Properties,NA,"2,600",40 to 50,400 to 500,Feb-24
BLISS@KOVAN,SIMON LANE,19,Non-Landed Properties,1,"2,700",50 to 60,500 to 600,Feb-24
PARC VERA,HOUGANG STREET 32,19,Non-Landed Properties,3,"4,000",100 to 110,"1,100 to 1,200",Feb-24
RIO VISTA,UPPER SERANGOON VIEW,19,Non-Landed Properties,2,"3,800",90 to 100,"1,000 to 1,100",Feb-24
COMPASS HEIGHTS,SENGKANG SQUARE,19,Non-Landed Properties,1,"2,800",60 to 70,600 to 700,Feb-24
KINGSFORD WATERBAY,UPPER SERANGOON VIEW,19,Non-Landed Properties,2,"3,000",60 to 70,600 to 700,Feb-24
LA FIESTA,SENGKANG SQUARE,19,Non-Landed Properties,1,"2,700",40 to 50,400 to 500,Feb-24
FOREST WOODS,LORONG LEW LIAN,19,Non-Landed Properties,2,"4,100",60 to 70,700 to 800,Feb-24
THE FLORENCE RESIDENCES,HOUGANG AVENUE 2,19,Non-Landed Properties,NA,"3,200",50 to 60,600 to 700,Feb-24
RIVERFRONT RESIDENCES,HOUGANG AVENUE 7,19,Non-Landed Properties,2,"3,400",50 to 60,600 to 700,Feb-24
THE FLORENCE RESIDENCES,HOUGANG AVENUE 2,19,Non-Landed Properties,NA,"3,300",60 to 70,700 to 800,Feb-24
RIVER ISLES,EDGEDALE PLAINS,19,Non-Landed Properties,3,"4,000",90 to 100,"1,000 to 1,100",Feb-24
REGENTVILLE,HOUGANG STREET 92,19,Non-Landed Properties,2,"2,800",90 to 100,"900 to 1,000",Feb-24
LA FIESTA,SENGKANG SQUARE,19,Non-Landed Properties,1,"2,700",40 to 50,400 to 500,Feb-24
D'ZIRE,ROBEY CRESCENT,19,Non-Landed Properties,1,"2,650",40 to 50,400 to 500,Feb-24
STARS OF KOVAN,UPPER SERANGOON ROAD,19,Non-Landed Properties,1,"3,200",40 to 50,500 to 600,Feb-24
PRESTIGE POINT,UPPER PAYA LEBAR ROAD,19,Non-Landed Properties,3,"3,800",80 to 90,"900 to 1,000",Feb-24
PRESTO@UPPER SERANGOON,UPPER SERANGOON ROAD,19,Non-Landed Properties,2,"3,400",80 to 90,"900 to 1,000",Feb-24
THE FLORENCE RESIDENCES,HOUGANG AVENUE 2,19,Non-Landed Properties,NA,"3,500",60 to 70,600 to 700,Feb-24
KOVAN REGENCY,KOVAN RISE,19,Non-Landed Properties,2,"3,200",50 to 60,500 to 600,Feb-24
SENGKANG GRAND RESIDENCES,COMPASSVALE BOW,19,Non-Landed Properties,NA,"3,000",40 to 50,400 to 500,Feb-24
AFFINITY AT SERANGOON,SERANGOON NORTH AVENUE 1,19,Non-Landed Properties,1,"2,800",40 to 50,400 to 500,Feb-24
THE FLORENCE RESIDENCES,HOUGANG AVENUE 2,19,Non-Landed Properties,NA,"3,500",60 to 70,600 to 700,Feb-24
BARTLEY RESIDENCES,LORONG HOW SUN,19,Non-Landed Properties,1,"2,900",40 to 50,400 to 500,Feb-24
KOVAN MELODY,KOVAN ROAD,19,Non-Landed Properties,2,"4,000",80 to 90,800 to 900,Feb-24
THE FLORENCE RESIDENCES,HOUGANG AVENUE 2,19,Non-Landed Properties,NA,"3,300",50 to 60,600 to 700,Feb-24
RIVERFRONT RESIDENCES,HOUGANG AVENUE 7,19,Non-Landed Properties,3,"4,100",80 to 90,"900 to 1,000",Feb-24
AFFINITY AT SERANGOON,SERANGOON NORTH AVENUE 1,19,Non-Landed Properties,3,"4,000",70 to 80,800 to 900,Feb-24
THE QUARTZ,COMPASSVALE BOW,19,Non-Landed Properties,NA,"4,500",90 to 100,"1,000 to 1,100",Feb-24
THE WATERLINE,POH HUAT ROAD WEST,19,Non-Landed Properties,3,"5,500",150 to 160,"1,600 to 1,700",Feb-24
CARDIFF RESIDENCE,CARDIFF GROVE,19,Non-Landed Properties,1,"2,400",30 to 40,400 to 500,Feb-24
THE TEMBUSU,TAMPINES ROAD,19,Non-Landed Properties,2,"3,600",70 to 80,700 to 800,Feb-24
PARC CENTROS,PUNGGOL CENTRAL,19,Non-Landed Properties,1,"2,900",40 to 50,400 to 500,Feb-24
GAMBIR RIDGE,GAMBIR WALK,19,Non-Landed Properties,2,"3,200",60 to 70,700 to 800,Feb-24
KOVAN RESIDENCES,KOVAN ROAD,19,Non-Landed Properties,4,"7,500",170 to 180,"1,800 to 1,900",Feb-24
RIVERFRONT RESIDENCES,HOUGANG AVENUE 7,19,Non-Landed Properties,2,"3,400",50 to 60,600 to 700,Feb-24
THE GAZANIA,HOW SUN DRIVE,19,Non-Landed Properties,1,"3,200",40 to 50,400 to 500,Feb-24
THE COURTYARD,LIM AH PIN ROAD,19,Non-Landed Properties,3,"4,100",120 to 130,"1,200 to 1,300",Feb-24
BOTANIQUE AT BARTLEY,UPPER PAYA LEBAR ROAD,19,Non-Landed Properties,2,"3,800",60 to 70,700 to 800,Feb-24
KINGSFORD WATERBAY,UPPER SERANGOON VIEW,19,Non-Landed Properties,2,"3,300",60 to 70,600 to 700,Feb-24
PRIMO RESIDENCES,JALAN PELIKAT,19,Non-Landed Properties,2,"3,200",90 to 100,"1,000 to 1,100",Feb-24
SUITES @ PAYA LEBAR,UPPER PAYA LEBAR ROAD,19,Non-Landed Properties,1,"2,600",30 to 40,400 to 500,Feb-24
THE FLORENCE RESIDENCES,HOUGANG AVENUE 2,19,Non-Landed Properties,NA,"4,800",80 to 90,"900 to 1,000",Feb-24
PARC CENTROS,PUNGGOL CENTRAL,19,Non-Landed Properties,1,"2,800",40 to 50,400 to 500,Feb-24
WATERTOWN,PUNGGOL CENTRAL,19,Non-Landed Properties,2,"3,700",70 to 80,800 to 900,Feb-24
THE SUNSHINE,SUNSHINE TERRACE,19,Non-Landed Properties,2,"3,500",120 to 130,"1,300 to 1,400",Feb-24
CHILTERN PARK,SERANGOON AVENUE 3,19,Non-Landed Properties,3,"4,500",120 to 130,"1,300 to 1,400",Feb-24
A TREASURE TROVE,PUNGGOL WALK,19,Non-Landed Properties,2,"3,300",70 to 80,700 to 800,Feb-24
CHERRYHILL,LORONG LEW LIAN,19,Non-Landed Properties,2,"2,900",90 to 100,"900 to 1,000",Feb-24
SENGKANG GRAND RESIDENCES,COMPASSVALE BOW,19,Non-Landed Properties,NA,"3,100",40 to 50,400 to 500,Feb-24
THE TEMBUSU,TAMPINES ROAD,19,Non-Landed Properties,1,"2,800",40 to 50,400 to 500,Feb-24
AMARANDA GARDENS,SERANGOON AVENUE 3,19,Non-Landed Properties,4,"7,300",130 to 140,"1,400 to 1,500",Feb-24
SENGKANG GRAND RESIDENCES,COMPASSVALE BOW,19,Non-Landed Properties,NA,"3,900",70 to 80,700 to 800,Feb-24
THE LUXURIE,COMPASSVALE ROAD,19,Non-Landed Properties,2,"3,550",60 to 70,700 to 800,Feb-24
OASIS GARDEN,JALAN BUNGA RAMPAI,19,Non-Landed Properties,3,"4,200",110 to 120,"1,200 to 1,300",Feb-24
REGENTVILLE,HOUGANG STREET 92,19,Non-Landed Properties,3,"4,200",100 to 110,"1,100 to 1,200",Feb-24
RIVERFRONT RESIDENCES,HOUGANG AVENUE 7,19,Non-Landed Properties,3,"4,300",80 to 90,"900 to 1,000",Feb-24
SUNGLADE,SERANGOON AVENUE 2,19,Non-Landed Properties,2,"3,700",80 to 90,800 to 900,Feb-24
THE LILIUM,HOW SUN ROAD,19,Non-Landed Properties,2,"3,900",60 to 70,700 to 800,Feb-24
THE FLORENCE RESIDENCES,HOUGANG AVENUE 2,19,Non-Landed Properties,NA,"2,900",40 to 50,400 to 500,Feb-24
AFFINITY AT SERANGOON,SERANGOON NORTH AVENUE 1,19,Non-Landed Properties,1,"3,000",50 to 60,500 to 600,Feb-24
PARC VERA,HOUGANG STREET 32,19,Non-Landed Properties,2,"3,500",80 to 90,800 to 900,Feb-24
RIO VISTA,UPPER SERANGOON VIEW,19,Non-Landed Properties,4,"4,500",120 to 130,"1,300 to 1,400",Feb-24
THE SPRINGBLOOM,SERANGOON AVENUE 3,19,Non-Landed Properties,1,"3,300",80 to 90,800 to 900,Feb-24
WATERTOWN,PUNGGOL CENTRAL,19,Non-Landed Properties,NA,"2,400",50 to 60,600 to 700,Feb-24
AMARANDA GARDENS,SERANGOON AVENUE 3,19,Non-Landed Properties,4,"10,000",260 to 270,"2,800 to 2,900",Feb-24
WATERTOWN,PUNGGOL CENTRAL,19,Non-Landed Properties,2,"4,100",80 to 90,"900 to 1,000",Feb-24
RIO VISTA,UPPER SERANGOON VIEW,19,Non-Landed Properties,4,"4,800",120 to 130,"1,300 to 1,400",Feb-24
THE LILIUM,HOW SUN ROAD,19,Non-Landed Properties,3,"5,100",100 to 110,"1,000 to 1,100",Feb-24
FOREST WOODS,LORONG LEW LIAN,19,Non-Landed Properties,2,"4,000",50 to 60,600 to 700,Feb-24
RIVERVALE CREST,RIVERVALE CRESCENT,19,Non-Landed Properties,3,"4,000",110 to 120,"1,200 to 1,300",Feb-24
A TREASURE TROVE,PUNGGOL WALK,19,Non-Landed Properties,2,"3,500",80 to 90,"900 to 1,000",Feb-24
JADE RESIDENCES,LEW LIAN VALE,19,Non-Landed Properties,2,"3,000",40 to 50,500 to 600,Feb-24
SENGKANG GRAND RESIDENCES,COMPASSVALE BOW,19,Non-Landed Properties,NA,"4,600",80 to 90,"900 to 1,000",Feb-24
LA FIESTA,SENGKANG SQUARE,19,Non-Landed Properties,1,"2,800",40 to 50,400 to 500,Feb-24
BLISS@KOVAN,SIMON LANE,19,Non-Landed Properties,3,"4,400",100 to 110,"1,100 to 1,200",Feb-24
FOREST WOODS,LORONG LEW LIAN,19,Non-Landed Properties,3,"5,300",90 to 100,"900 to 1,000",Feb-24
EVERGREEN PARK,HOUGANG AVENUE 7,19,Non-Landed Properties,3,"4,100",90 to 100,"1,000 to 1,100",Feb-24
RIVERSAILS,UPPER SERANGOON CRESCENT,19,Non-Landed Properties,2,"3,500",80 to 90,"900 to 1,000",Feb-24
LA FIESTA,SENGKANG SQUARE,19,Non-Landed Properties,2,"3,500",60 to 70,700 to 800,Feb-24
FOREST WOODS,LORONG LEW LIAN,19,Non-Landed Properties,NA,"3,400",40 to 50,500 to 600,Feb-24
THE FLORENCE RESIDENCES,HOUGANG AVENUE 2,19,Non-Landed Properties,NA,"2,800",40 to 50,400 to 500,Feb-24
THE LUXURIE,COMPASSVALE ROAD,19,Non-Landed Properties,1,"2,850",40 to 50,400 to 500,Feb-24
PARC VERA,HOUGANG STREET 32,19,Non-Landed Properties,2,"3,800",70 to 80,700 to 800,Feb-24
REGENTVILLE,HOUGANG STREET 92,19,Non-Landed Properties,2,"3,700",90 to 100,"900 to 1,000",Feb-24
THE MINTON,HOUGANG STREET 11,19,Non-Landed Properties,NA,"2,950",60 to 70,600 to 700,Feb-24
WATERTOWN,PUNGGOL CENTRAL,19,Non-Landed Properties,2,"3,800",70 to 80,800 to 900,Feb-24
THE MINTON,HOUGANG STREET 11,19,Non-Landed Properties,3,"6,000",110 to 120,"1,200 to 1,300",Feb-24
THE PROMENADE@PELIKAT,JALAN PELIKAT,19,Non-Landed Properties,1,"2,700",40 to 50,400 to 500,Feb-24
AMARANDA GARDENS,SERANGOON AVENUE 3,19,Non-Landed Properties,4,"7,000",130 to 140,"1,400 to 1,500",Feb-24
RIVERFRONT RESIDENCES,HOUGANG AVENUE 7,19,Non-Landed Properties,1,"2,800",40 to 50,400 to 500,Feb-24
THE FLORENCE RESIDENCES,HOUGANG AVENUE 2,19,Non-Landed Properties,NA,"2,700",40 to 50,400 to 500,Feb-24
REGENTVILLE,HOUGANG STREET 92,19,Non-Landed Properties,3,"3,300",100 to 110,"1,100 to 1,200",Feb-24
AFFINITY AT SERANGOON,SERANGOON NORTH AVENUE 1,19,Non-Landed Properties,1,"3,000",40 to 50,400 to 500,Feb-24
WATERTOWN,PUNGGOL CENTRAL,19,Non-Landed Properties,1,"2,850",40 to 50,500 to 600,Feb-24
RIVERFRONT RESIDENCES,HOUGANG AVENUE 7,19,Non-Landed Properties,1,"4,700",100 to 110,"1,100 to 1,200",Feb-24
WATERTOWN,PUNGGOL CENTRAL,19,Non-Landed Properties,1,"3,200",50 to 60,500 to 600,Feb-24
KOVAN REGENCY,KOVAN RISE,19,Non-Landed Properties,3,"5,900",100 to 110,"1,100 to 1,200",Feb-24
A TREASURE TROVE,PUNGGOL WALK,19,Non-Landed Properties,3,"4,400",100 to 110,"1,100 to 1,200",Feb-24
TERRASSE,TERRASSE LANE,19,Non-Landed Properties,1,"2,800",50 to 60,500 to 600,Feb-24
THE FLORENCE RESIDENCES,HOUGANG AVENUE 2,19,Non-Landed Properties,NA,"2,850",40 to 50,400 to 500,Feb-24
SENGKANG GRAND RESIDENCES,COMPASSVALE BOW,19,Non-Landed Properties,NA,"3,500",50 to 60,600 to 700,Feb-24
CAMBIO SUITES,LIM TUA TOW ROAD,19,Non-Landed Properties,2,"2,600",40 to 50,500 to 600,Feb-24
STARS OF KOVAN,UPPER SERANGOON ROAD,19,Non-Landed Properties,2,"4,080",60 to 70,700 to 800,Feb-24
THE FLORENCE RESIDENCES,HOUGANG AVENUE 2,19,Non-Landed Properties,NA,"2,500",40 to 50,400 to 500,Feb-24
JEWEL @ BUANGKOK,COMPASSVALE BOW,19,Non-Landed Properties,1,"2,700",40 to 50,400 to 500,Feb-24
THE FLORENCE RESIDENCES,HOUGANG AVENUE 2,19,Non-Landed Properties,NA,"2,700",40 to 50,400 to 500,Feb-24
KINGSFORD WATERBAY,UPPER SERANGOON VIEW,19,Non-Landed Properties,3,"3,800",80 to 90,800 to 900,Feb-24
THE PROMENADE@PELIKAT,JALAN PELIKAT,19,Non-Landed Properties,1,"2,600",30 to 40,400 to 500,Feb-24
WATERTOWN,PUNGGOL CENTRAL,19,Non-Landed Properties,1,"3,100",50 to 60,500 to 600,Feb-24
COMPASS HEIGHTS,SENGKANG SQUARE,19,Non-Landed Properties,2,"3,900",110 to 120,"1,200 to 1,300",Feb-24
THE LUXURIE,COMPASSVALE ROAD,19,Non-Landed Properties,2,"3,500",60 to 70,700 to 800,Feb-24
THE MINTON,HOUGANG STREET 11,19,Non-Landed Properties,2,"4,300",90 to 100,"900 to 1,000",Feb-24
THE LUXURIE,COMPASSVALE ROAD,19,Non-Landed Properties,2,"3,450",70 to 80,700 to 800,Feb-24
RIVERSAILS,UPPER SERANGOON CRESCENT,19,Non-Landed Properties,2,"3,300",80 to 90,"900 to 1,000",Feb-24
THE FLORENCE RESIDENCES,HOUGANG AVENUE 2,19,Non-Landed Properties,NA,"3,850",50 to 60,600 to 700,Feb-24
SENGKANG GRAND RESIDENCES,COMPASSVALE BOW,19,Non-Landed Properties,NA,"2,900",40 to 50,400 to 500,Feb-24
SENGKANG GRAND RESIDENCES,COMPASSVALE BOW,19,Non-Landed Properties,NA,"3,200",40 to 50,400 to 500,Feb-24
KOVAN MELODY,KOVAN ROAD,19,Non-Landed Properties,3,"5,200",110 to 120,"1,200 to 1,300",Feb-24
RIVERFRONT RESIDENCES,HOUGANG AVENUE 7,19,Non-Landed Properties,1,"3,200",40 to 50,500 to 600,Feb-24
LA FIESTA,SENGKANG SQUARE,19,Non-Landed Properties,2,"3,900",70 to 80,700 to 800,Feb-24
BOTANIQUE AT BARTLEY,UPPER PAYA LEBAR ROAD,19,Non-Landed Properties,1,"3,200",60 to 70,600 to 700,Feb-24
THE FLORENCE RESIDENCES,HOUGANG AVENUE 2,19,Non-Landed Properties,NA,"3,300",50 to 60,600 to 700,Feb-24
GOLDEN HEIGHTS,SERANGOON AVENUE 3,19,Non-Landed Properties,3,"4,600",110 to 120,"1,100 to 1,200",Feb-24
CENTRAL VIEW,HOUGANG STREET 11,19,Non-Landed Properties,2,"4,000",90 to 100,"900 to 1,000",Feb-24
THE TEMBUSU,TAMPINES ROAD,19,Non-Landed Properties,3,"4,400",90 to 100,"1,000 to 1,100",Feb-24
JADE RESIDENCES,LEW LIAN VALE,19,Non-Landed Properties,3,"3,600",60 to 70,700 to 800,Feb-24
RIVERSOUND RESIDENCE,SENGKANG EAST AVENUE,19,Non-Landed Properties,2,"3,600",70 to 80,700 to 800,Feb-24
NOUVELLE PARK,POH HUAT ROAD WEST,19,Non-Landed Properties,3,"4,500",140 to 150,"1,500 to 1,600",Feb-24
PARRY COURT,PARRY AVENUE,19,Non-Landed Properties,3,"4,100",190 to 200,"2,000 to 2,100",Feb-24
TERRASSE,TERRASSE LANE,19,Non-Landed Properties,1,"3,000",60 to 70,600 to 700,Feb-24
THE QUARTZ,COMPASSVALE BOW,19,Non-Landed Properties,NA,"4,300",90 to 100,"1,000 to 1,100",Feb-24
RIVER ISLES,EDGEDALE PLAINS,19,Non-Landed Properties,3,"4,700",100 to 110,"1,100 to 1,200",Feb-24
BOATHOUSE RESIDENCES,UPPER SERANGOON VIEW,19,Non-Landed Properties,1,"2,900",60 to 70,700 to 800,Feb-24
OASIS GARDEN,JALAN BUNGA RAMPAI,19,Non-Landed Properties,2,"4,800",80 to 90,"900 to 1,000",Feb-24
TERRASSE,TERRASSE LANE,19,Non-Landed Properties,2,"3,500",80 to 90,800 to 900,Feb-24
PARC CENTROS,PUNGGOL CENTRAL,19,Non-Landed Properties,1,"2,750",40 to 50,400 to 500,Feb-24
TRILIVE,TAMPINES ROAD,19,Non-Landed Properties,2,"3,200",50 to 60,500 to 600,Feb-24
KINGSFORD WATERBAY,UPPER SERANGOON VIEW,19,Non-Landed Properties,1,"2,650",40 to 50,400 to 500,Feb-24
SUNGLADE,SERANGOON AVENUE 2,19,Non-Landed Properties,3,"5,000",100 to 110,"1,100 to 1,200",Feb-24
RIVER ISLES,EDGEDALE PLAINS,19,Non-Landed Properties,4,"4,588",130 to 140,"1,400 to 1,500",Feb-24
KINGSFORD WATERBAY,UPPER SERANGOON VIEW,19,Non-Landed Properties,3,"3,700",70 to 80,800 to 900,Feb-24
WATERTOWN,PUNGGOL CENTRAL,19,Non-Landed Properties,3,"4,600",100 to 110,"1,100 to 1,200",Feb-24
GLASGOW RESIDENCE,GLASGOW ROAD,19,Non-Landed Properties,2,"2,900",60 to 70,600 to 700,Feb-24
PARC VERA,HOUGANG STREET 32,19,Non-Landed Properties,2,"3,600",80 to 90,800 to 900,Feb-24
THE MINTON,HOUGANG STREET 11,19,Non-Landed Properties,4,"7,000",150 to 160,"1,600 to 1,700",Feb-24
SERANGOON GARDEN ESTATE,LICHFIELD ROAD,19,Non-Landed Properties,NA,"3,200",170 to 180,"1,800 to 1,900",Feb-24
THE QUARTZ,COMPASSVALE BOW,19,Non-Landed Properties,NA,"4,500",110 to 120,"1,100 to 1,200",Feb-24
SUNGLADE,SERANGOON AVENUE 2,19,Non-Landed Properties,2,"4,000",90 to 100,"1,000 to 1,100",Feb-24
KOVAN RESIDENCES,KOVAN ROAD,19,Non-Landed Properties,4,"6,000",130 to 140,"1,400 to 1,500",Feb-24
THE FLORENCE RESIDENCES,HOUGANG AVENUE 2,19,Non-Landed Properties,NA,"3,800",70 to 80,700 to 800,Feb-24
FIORENZA,FLORENCE ROAD,19,Non-Landed Properties,3,"3,800",110 to 120,"1,100 to 1,200",Feb-24
EDEN CREST,EDEN GROVE,19,Non-Landed Properties,3,"3,900",80 to 90,"900 to 1,000",Feb-24
HARMONY @ 1A,LIM AH PIN ROAD,19,Non-Landed Properties,1,"2,500",40 to 50,400 to 500,Feb-24
SENGKANG GRAND RESIDENCES,COMPASSVALE BOW,19,Non-Landed Properties,NA,"3,500",50 to 60,600 to 700,Feb-24
A TREASURE TROVE,PUNGGOL WALK,19,Non-Landed Properties,3,"4,700",90 to 100,"1,000 to 1,100",Feb-24
WATERTOWN,PUNGGOL CENTRAL,19,Non-Landed Properties,2,"4,100",70 to 80,800 to 900,Feb-24
SENGKANG GRAND RESIDENCES,COMPASSVALE BOW,19,Non-Landed Properties,NA,"3,000",40 to 50,400 to 500,Feb-24
BOTANIQUE AT BARTLEY,UPPER PAYA LEBAR ROAD,19,Non-Landed Properties,2,"3,400",60 to 70,600 to 700,Feb-24
A TREASURE TROVE,PUNGGOL WALK,19,Non-Landed Properties,2,"3,350",70 to 80,700 to 800,Feb-24
THE GARDEN RESIDENCES,SERANGOON NORTH VIEW,19,Non-Landed Properties,2,"3,300",50 to 60,600 to 700,Feb-24
THE GARDEN RESIDENCES,SERANGOON NORTH VIEW,19,Non-Landed Properties,1,"2,800",40 to 50,400 to 500,Feb-24
THE QUINN,BARTLEY ROAD,19,Non-Landed Properties,1,"3,100",50 to 60,500 to 600,Feb-24
AFFINITY AT SERANGOON,SERANGOON NORTH AVENUE 1,19,Non-Landed Properties,2,"3,500",70 to 80,700 to 800,Feb-24
SENGKANG GRAND RESIDENCES,COMPASSVALE BOW,19,Non-Landed Properties,NA,"3,000",40 to 50,400 to 500,Feb-24
SENGKANG GRAND RESIDENCES,COMPASSVALE BOW,19,Non-Landed Properties,NA,"3,000",40 to 50,400 to 500,Feb-24
THE CHUAN,LORONG CHUAN,19,Non-Landed Properties,3,"6,500",120 to 130,"1,300 to 1,400",Feb-24
KINGSFORD WATERBAY,UPPER SERANGOON VIEW,19,Non-Landed Properties,1,"3,000",60 to 70,600 to 700,Feb-24
CAMBIO SUITES,LIM TUA TOW ROAD,19,Non-Landed Properties,3,"3,600",100 to 110,"1,000 to 1,100",Feb-24
RIVERFRONT RESIDENCES,HOUGANG AVENUE 7,19,Non-Landed Properties,1,"2,900",40 to 50,500 to 600,Feb-24
THE FLORENCE RESIDENCES,HOUGANG AVENUE 2,19,Non-Landed Properties,NA,"2,850",40 to 50,400 to 500,Feb-24
KENSINGTON SQUARE,JALAN LOKAM,19,Non-Landed Properties,2,"3,300",50 to 60,600 to 700,Feb-24
CARDIFF RESIDENCE,CARDIFF GROVE,19,Non-Landed Properties,1,"2,650",30 to 40,400 to 500,Feb-24
BARTLEY RESIDENCES,LORONG HOW SUN,19,Non-Landed Properties,3,"3,400",100 to 110,"1,000 to 1,100",Feb-24
BARTLEY RESIDENCES,LORONG HOW SUN,19,Non-Landed Properties,1,"2,900",40 to 50,400 to 500,Feb-24
FLO RESIDENCE,PUNGGOL FIELD WALK,19,Non-Landed Properties,3,"4,000",90 to 100,"1,000 to 1,100",Feb-24
PARC VERA,HOUGANG STREET 32,19,Non-Landed Properties,2,"3,600",80 to 90,800 to 900,Feb-24
CHUAN PARK (DEMOLISHED),LORONG CHUAN,19,Non-Landed Properties,2,"3,900",130 to 140,"1,400 to 1,500",Feb-24
CASA ROSA,LORONG ONG LYE,19,Non-Landed Properties,3,"3,800",100 to 110,"1,000 to 1,100",Feb-24
TERRASSE,TERRASSE LANE,19,Non-Landed Properties,3,"4,700",100 to 110,"1,100 to 1,200",Feb-24
WATERTOWN,PUNGGOL CENTRAL,19,Non-Landed Properties,1,"3,100",40 to 50,500 to 600,Feb-24
THE FLORENCE RESIDENCES,HOUGANG AVENUE 2,19,Non-Landed Properties,NA,"3,700",60 to 70,600 to 700,Feb-24
LA FIESTA,SENGKANG SQUARE,19,Non-Landed Properties,2,"3,650",60 to 70,700 to 800,Feb-24
WATERTOWN,PUNGGOL CENTRAL,19,Non-Landed Properties,NA,"3,180",50 to 60,600 to 700,Feb-24
THE FLORENCE RESIDENCES,HOUGANG AVENUE 2,19,Non-Landed Properties,NA,"6,700",120 to 130,"1,200 to 1,300",Feb-24
PARC VERA,HOUGANG STREET 32,19,Non-Landed Properties,3,"4,250",100 to 110,"1,100 to 1,200",Feb-24
PARC CENTROS,PUNGGOL CENTRAL,19,Non-Landed Properties,1,"2,800",40 to 50,400 to 500,Feb-24
THE LUXURIE,COMPASSVALE ROAD,19,Non-Landed Properties,3,"4,000",90 to 100,"900 to 1,000",Feb-24
THE FLORENCE RESIDENCES,HOUGANG AVENUE 2,19,Non-Landed Properties,NA,"2,900",40 to 50,400 to 500,Feb-24
CHILTERN PARK,SERANGOON AVENUE 3,19,Non-Landed Properties,3,"5,000",110 to 120,"1,200 to 1,300",Feb-24
D'PAVILION,UPPER SERANGOON ROAD,19,Non-Landed Properties,2,"3,900",90 to 100,"900 to 1,000",Feb-24
BOTANIQUE AT BARTLEY,UPPER PAYA LEBAR ROAD,19,Non-Landed Properties,1,"3,200",40 to 50,400 to 500,Feb-24
THE LUXURIE,COMPASSVALE ROAD,19,Non-Landed Properties,3,"4,000",90 to 100,"1,000 to 1,100",Feb-24
THE SCALA,SERANGOON AVENUE 3,19,Non-Landed Properties,3,"5,900",90 to 100,"1,000 to 1,100",Feb-24
CARDIFF RESIDENCE,CARDIFF GROVE,19,Non-Landed Properties,1,"2,800",30 to 40,400 to 500,Feb-24
FLO RESIDENCE,PUNGGOL FIELD WALK,19,Non-Landed Properties,3,"4,600",80 to 90,"900 to 1,000",Feb-24
THE QUINN,BARTLEY ROAD,19,Non-Landed Properties,2,"3,600",70 to 80,800 to 900,Feb-24
PARC CENTROS,PUNGGOL CENTRAL,19,Non-Landed Properties,3,"4,400",100 to 110,"1,100 to 1,200",Feb-24
THE PROMENADE@PELIKAT,JALAN PELIKAT,19,Non-Landed Properties,2,"3,400",80 to 90,"900 to 1,000",Feb-24
BARTLEY RESIDENCES,LORONG HOW SUN,19,Non-Landed Properties,2,"3,600",70 to 80,700 to 800,Feb-24
KOVAN MELODY,KOVAN ROAD,19,Non-Landed Properties,4,"6,800",130 to 140,"1,400 to 1,500",Feb-24
KENSINGTON SQUARE,JALAN LOKAM,19,Non-Landed Properties,1,"2,600",40 to 50,400 to 500,Feb-24
KENSINGTON SQUARE,JALAN LOKAM,19,Non-Landed Properties,2,"3,400",50 to 60,600 to 700,Feb-24
LA FIESTA,SENGKANG SQUARE,19,Non-Landed Properties,3,"4,000",90 to 100,"1,000 to 1,100",Feb-24
WATERTOWN,PUNGGOL CENTRAL,19,Non-Landed Properties,1,"3,300",50 to 60,500 to 600,Feb-24
WATERTOWN,PUNGGOL CENTRAL,19,Non-Landed Properties,1,"3,100",40 to 50,500 to 600,Feb-24
CHILTERN PARK,SERANGOON AVENUE 3,19,Non-Landed Properties,2,"3,600",80 to 90,"900 to 1,000",Feb-24
KOVAN GRANDEUR,TAMPINES ROAD,19,Non-Landed Properties,NA,"2,400",30 to 40,300 to 400,Feb-24
KOVAN RESIDENCES,KOVAN ROAD,19,Non-Landed Properties,3,"5,000",110 to 120,"1,200 to 1,300",Feb-24
AFFINITY AT SERANGOON,SERANGOON NORTH AVENUE 1,19,Non-Landed Properties,1,"2,800",40 to 50,400 to 500,Feb-24
WATERTOWN,PUNGGOL CENTRAL,19,Non-Landed Properties,1,"3,000",40 to 50,500 to 600,Feb-24
NON-LANDED HOUSING DEVELOPMENT,UPPER PAYA LEBAR ROAD,19,Non-Landed Properties,3,"2,600",100 to 110,"1,100 to 1,200",Feb-24
MIDTOWN RESIDENCES,UPPER SERANGOON ROAD,19,Non-Landed Properties,1,"1,900",40 to 50,400 to 500,Feb-24
FORTUNE PARK,TAMPINES ROAD,19,Non-Landed Properties,3,"3,200",120 to 130,"1,200 to 1,300",Feb-24
THE FLORENCE RESIDENCES,HOUGANG AVENUE 2,19,Non-Landed Properties,NA,"3,300",50 to 60,600 to 700,Feb-24
KINGSFORD WATERBAY,UPPER SERANGOON VIEW,19,Non-Landed Properties,2,"3,250",60 to 70,600 to 700,Feb-24
WATERTOWN,PUNGGOL CENTRAL,19,Non-Landed Properties,1,"2,500",50 to 60,500 to 600,Feb-24
RESIDENCES BOTANIQUE,YIO CHU KANG ROAD,19,Non-Landed Properties,2,"3,450",90 to 100,"900 to 1,000",Feb-24
FOREST WOODS,LORONG LEW LIAN,19,Non-Landed Properties,2,"4,000",60 to 70,600 to 700,Feb-24
THE CHUAN,LORONG CHUAN,19,Non-Landed Properties,3,"6,400",110 to 120,"1,200 to 1,300",Feb-24
THE QUARTZ,COMPASSVALE BOW,19,Non-Landed Properties,NA,"4,150",90 to 100,"1,000 to 1,100",Feb-24
BARTLEY RESIDENCES,LORONG HOW SUN,19,Non-Landed Properties,2,"4,000",70 to 80,800 to 900,Feb-24
WATERTOWN,PUNGGOL CENTRAL,19,Non-Landed Properties,2,"4,100",70 to 80,800 to 900,Feb-24
JEWEL @ BUANGKOK,COMPASSVALE BOW,19,Non-Landed Properties,2,"3,650",60 to 70,700 to 800,Feb-24
KOVAN MELODY,KOVAN ROAD,19,Non-Landed Properties,2,"4,000",80 to 90,"900 to 1,000",Feb-24
RIVERSAILS,UPPER SERANGOON CRESCENT,19,Non-Landed Properties,2,"3,250",80 to 90,800 to 900,Feb-24
AFFINITY AT SERANGOON,SERANGOON NORTH AVENUE 1,19,Non-Landed Properties,2,"3,300",70 to 80,700 to 800,Feb-24
A TREASURE TROVE,PUNGGOL WALK,19,Non-Landed Properties,2,"3,550",70 to 80,700 to 800,Feb-24
LA FIESTA,SENGKANG SQUARE,19,Non-Landed Properties,2,"3,600",70 to 80,700 to 800,Feb-24
FOREST WOODS,LORONG LEW LIAN,19,Non-Landed Properties,2,"4,300",60 to 70,600 to 700,Feb-24
PARC CENTROS,PUNGGOL CENTRAL,19,Non-Landed Properties,2,"3,600",70 to 80,700 to 800,Feb-24
KOVAN RESIDENCES,KOVAN ROAD,19,Non-Landed Properties,3,"5,600",110 to 120,"1,200 to 1,300",Feb-24
WATERTOWN,PUNGGOL CENTRAL,19,Non-Landed Properties,2,"4,000",80 to 90,"900 to 1,000",Feb-24
THE FLORENCE RESIDENCES,HOUGANG AVENUE 2,19,Non-Landed Properties,NA,"3,200",60 to 70,600 to 700,Feb-24
THE TEMBUSU,TAMPINES ROAD,19,Non-Landed Properties,1,"2,900",40 to 50,400 to 500,Feb-24
THE TEMBUSU,TAMPINES ROAD,19,Non-Landed Properties,2,"3,600",70 to 80,700 to 800,Feb-24
KOVAN REGENCY,KOVAN RISE,19,Non-Landed Properties,3,"4,900",90 to 100,"900 to 1,000",Feb-24
THE LUXURIE,COMPASSVALE ROAD,19,Non-Landed Properties,1,"2,800",40 to 50,400 to 500,Feb-24
WATERTOWN,PUNGGOL CENTRAL,19,Non-Landed Properties,1,"3,000",50 to 60,500 to 600,Feb-24
CHILTERN PARK,SERANGOON AVENUE 3,19,Non-Landed Properties,3,"4,500",110 to 120,"1,200 to 1,300",Feb-24
WATERTOWN,PUNGGOL CENTRAL,19,Non-Landed Properties,3,"5,200",110 to 120,"1,200 to 1,300",Feb-24
HOUGANG GREEN,BUANGKOK GREEN,19,Non-Landed Properties,4,"4,800",190 to 200,"2,100 to 2,200",Feb-24
RIVERSOUND RESIDENCE,SENGKANG EAST AVENUE,19,Non-Landed Properties,3,"4,200",90 to 100,"1,000 to 1,100",Feb-24
RIO VISTA,UPPER SERANGOON VIEW,19,Non-Landed Properties,3,"3,000",110 to 120,"1,200 to 1,300",Feb-24
PALM GROVE CONDOMINIUM,PALM GROVE AVENUE,19,Non-Landed Properties,3,"4,300",130 to 140,"1,400 to 1,500",Feb-24
BOTANIQUE AT BARTLEY,UPPER PAYA LEBAR ROAD,19,Non-Landed Properties,2,"3,400",60 to 70,600 to 700,Feb-24
THE LUXURIE,COMPASSVALE ROAD,19,Non-Landed Properties,3,"4,500",90 to 100,"1,000 to 1,100",Feb-24
AFFINITY AT SERANGOON,SERANGOON NORTH AVENUE 1,19,Non-Landed Properties,2,"3,500",50 to 60,600 to 700,Feb-24
TANGERINE GROVE,PAYA LEBAR CRESCENT,19,Non-Landed Properties,3,"4,850",140 to 150,"1,600 to 1,700",Feb-24
TRILIVE,TAMPINES ROAD,19,Non-Landed Properties,2,"3,300",60 to 70,600 to 700,Feb-24
AFFINITY AT SERANGOON,SERANGOON NORTH AVENUE 1,19,Non-Landed Properties,1,"3,100",50 to 60,600 to 700,Feb-24
CASA CAMBIO,LIM TUA TOW ROAD,19,Non-Landed Properties,2,"3,000",50 to 60,500 to 600,Feb-24
THE FLORENCE RESIDENCES,HOUGANG AVENUE 2,19,Non-Landed Properties,NA,"4,600",80 to 90,"900 to 1,000",Feb-24
KINGSFORD WATERBAY,UPPER SERANGOON VIEW,19,Non-Landed Properties,1,"2,600",40 to 50,400 to 500,Feb-24
RIVERSAILS,UPPER SERANGOON CRESCENT,19,Non-Landed Properties,3,"4,200",100 to 110,"1,100 to 1,200",Feb-24
A TREASURE TROVE,PUNGGOL WALK,19,Non-Landed Properties,4,"5,000",120 to 130,"1,300 to 1,400",Feb-24
URBAN RESIDENCES,LORONG AH SOO,19,Non-Landed Properties,1,"2,600",40 to 50,400 to 500,Feb-24
THE GARDEN RESIDENCES,SERANGOON NORTH VIEW,19,Non-Landed Properties,2,"3,500",60 to 70,600 to 700,Feb-24
KINGSFORD WATERBAY,UPPER SERANGOON VIEW,19,Non-Landed Properties,2,"3,200",50 to 60,600 to 700,Feb-24
GAMBIR RIDGE,GAMBIR WALK,19,Non-Landed Properties,3,"4,700",100 to 110,"1,100 to 1,200",Feb-24
THE FLORENCE RESIDENCES,HOUGANG AVENUE 2,19,Non-Landed Properties,NA,"3,200",40 to 50,500 to 600,Feb-24
RIVERFRONT RESIDENCES,HOUGANG AVENUE 7,19,Non-Landed Properties,1,"2,600",40 to 50,400 to 500,Feb-24
CASA CAMBIO,LIM TUA TOW ROAD,19,Non-Landed Properties,1,"2,600",30 to 40,400 to 500,Feb-24
CASA CAMBIO,LIM TUA TOW ROAD,19,Non-Landed Properties,1,"2,550",50 to 60,500 to 600,Feb-24
KENSINGTON PARK CONDOMINIUM,KENSINGTON PARK DRIVE,19,Non-Landed Properties,3,"5,400",150 to 160,"1,600 to 1,700",Feb-24
KINGSFORD WATERBAY,UPPER SERANGOON VIEW,19,Non-Landed Properties,1,"2,600",40 to 50,400 to 500,Feb-24
SUNGLADE,SERANGOON AVENUE 2,19,Non-Landed Properties,2,"4,500",90 to 100,"1,000 to 1,100",Feb-24
AFFINITY AT SERANGOON,SERANGOON NORTH AVENUE 1,19,Non-Landed Properties,1,"3,100",50 to 60,600 to 700,Feb-24
BARTLEY RESIDENCES,LORONG HOW SUN,19,Non-Landed Properties,2,"4,200",70 to 80,800 to 900,Feb-24
THE LUXURIE,COMPASSVALE ROAD,19,Non-Landed Properties,2,"3,400",60 to 70,700 to 800,Feb-24
ISUITES @ PALM,GLASGOW ROAD,19,Non-Landed Properties,1,"2,500",40 to 50,400 to 500,Feb-24
RIVERFRONT RESIDENCES,HOUGANG AVENUE 7,19,Non-Landed Properties,1,"3,000",40 to 50,500 to 600,Feb-24
THE SUNNYDALE,SERANGOON AVENUE 3,19,Non-Landed Properties,3,"5,200",120 to 130,"1,200 to 1,300",Feb-24
RIVERVALE CREST,RIVERVALE CRESCENT,19,Non-Landed Properties,3,"3,500",110 to 120,"1,200 to 1,300",Feb-24
KINGSFORD WATERBAY,UPPER SERANGOON VIEW,19,Non-Landed Properties,2,"3,200",60 to 70,600 to 700,Feb-24
NON-LANDED HOUSING DEVELOPMENT,PILLAI ROAD,19,Non-Landed Properties,NA,"5,000",90 to 100,"1,000 to 1,100",Feb-24
REGENTVILLE,HOUGANG STREET 92,19,Non-Landed Properties,3,"4,000",100 to 110,"1,100 to 1,200",Feb-24
A TREASURE TROVE,PUNGGOL WALK,19,Non-Landed Properties,3,"4,300",110 to 120,"1,200 to 1,300",Feb-24
THE FLORENCE RESIDENCES,HOUGANG AVENUE 2,19,Non-Landed Properties,NA,"3,000",40 to 50,500 to 600,Feb-24
LA FIESTA,SENGKANG SQUARE,19,Non-Landed Properties,1,"2,700",40 to 50,400 to 500,Feb-24
TRILIVE,TAMPINES ROAD,19,Non-Landed Properties,2,"3,500",50 to 60,600 to 700,Feb-24
TRILIVE,TAMPINES ROAD,19,Non-Landed Properties,2,"3,300",50 to 60,500 to 600,Feb-24
RIO VISTA,UPPER SERANGOON VIEW,19,Non-Landed Properties,3,"3,800",110 to 120,"1,200 to 1,300",Feb-24
THE SCALA,SERANGOON AVENUE 3,19,Non-Landed Properties,3,"6,500",100 to 110,"1,000 to 1,100",Feb-24
THE FLORENCE RESIDENCES,HOUGANG AVENUE 2,19,Non-Landed Properties,NA,"3,500",50 to 60,600 to 700,Feb-24
THE GAZANIA,HOW SUN DRIVE,19,Non-Landed Properties,2,"3,700",50 to 60,600 to 700,Feb-24
WATERTOWN,PUNGGOL CENTRAL,19,Non-Landed Properties,1,"3,000",40 to 50,500 to 600,Feb-24
AFFINITY AT SERANGOON,SERANGOON NORTH AVENUE 1,19,Non-Landed Properties,2,"3,500",70 to 80,700 to 800,Feb-24
NON-LANDED HOUSING DEVELOPMENT,BOUNDARY ROAD,19,Non-Landed Properties,NA,"2,500",80 to 90,800 to 900,Feb-24
NON-LANDED HOUSING DEVELOPMENT,BOUNDARY ROAD,19,Non-Landed Properties,NA,"2,600",80 to 90,800 to 900,Feb-24
NAUNG RESIDENCE,JALAN NAUNG,19,Non-Landed Properties,1,"3,600",90 to 100,"1,000 to 1,100",Feb-24
FOREST WOODS,LORONG LEW LIAN,19,Non-Landed Properties,2,"4,200",60 to 70,600 to 700,Feb-24
D'PAVILION,UPPER SERANGOON ROAD,19,Non-Landed Properties,3,"4,800",120 to 130,"1,200 to 1,300",Feb-24
LA FIESTA,SENGKANG SQUARE,19,Non-Landed Properties,1,"2,800",40 to 50,400 to 500,Feb-24
THE FLORENCE RESIDENCES,HOUGANG AVENUE 2,19,Non-Landed Properties,NA,"3,300",50 to 60,600 to 700,Feb-24
THE QUARTZ,COMPASSVALE BOW,19,Non-Landed Properties,NA,"3,700",90 to 100,"1,000 to 1,100",Feb-24
SUNGLADE,SERANGOON AVENUE 2,19,Non-Landed Properties,2,"4,300",80 to 90,800 to 900,Feb-24
WATERTOWN,PUNGGOL CENTRAL,19,Non-Landed Properties,NA,"3,200",50 to 60,500 to 600,Feb-24
SUNGLADE,SERANGOON AVENUE 2,19,Non-Landed Properties,2,"2,900",90 to 100,"1,000 to 1,100",Feb-24
FOREST WOODS,LORONG LEW LIAN,19,Non-Landed Properties,2,"4,100",60 to 70,700 to 800,Feb-24
THE FLORENCE RESIDENCES,HOUGANG AVENUE 2,19,Non-Landed Properties,NA,"3,600",50 to 60,600 to 700,Feb-24
BARTLEY RESIDENCES,LORONG HOW SUN,19,Non-Landed Properties,1,"2,500",40 to 50,400 to 500,Feb-24
GLASGOW RESIDENCE,GLASGOW ROAD,19,Non-Landed Properties,2,"2,750",50 to 60,500 to 600,Feb-24
SPAZIO @ KOVAN,UPPER SERANGOON ROAD,19,Non-Landed Properties,2,"3,600",90 to 100,"1,000 to 1,100",Feb-24
THE SCALA,SERANGOON AVENUE 3,19,Non-Landed Properties,3,"5,600",90 to 100,"1,000 to 1,100",Feb-24
RIVERFRONT RESIDENCES,HOUGANG AVENUE 7,19,Non-Landed Properties,2,"3,200",50 to 60,600 to 700,Feb-24
RIVERSAILS,UPPER SERANGOON CRESCENT,19,Non-Landed Properties,1,"2,800",40 to 50,500 to 600,Feb-24
AFFINITY AT SERANGOON,SERANGOON NORTH AVENUE 1,19,Non-Landed Properties,1,"3,000",50 to 60,500 to 600,Feb-24
TRILIVE,TAMPINES ROAD,19,Non-Landed Properties,2,"3,400",50 to 60,500 to 600,Feb-24
KINGSFORD WATERBAY,UPPER SERANGOON VIEW,19,Non-Landed Properties,2,"4,000",60 to 70,600 to 700,Feb-24
BARTLEY RESIDENCES,LORONG HOW SUN,19,Non-Landed Properties,2,"3,850",70 to 80,800 to 900,Feb-24
JEWEL @ BUANGKOK,COMPASSVALE BOW,19,Non-Landed Properties,2,"3,400",70 to 80,700 to 800,Feb-24
A TREASURE TROVE,PUNGGOL WALK,19,Non-Landed Properties,2,"3,500",70 to 80,700 to 800,Feb-24
RIVER ISLES,EDGEDALE PLAINS,19,Non-Landed Properties,3,"4,600",100 to 110,"1,000 to 1,100",Feb-24
COMPASS HEIGHTS,SENGKANG SQUARE,19,Non-Landed Properties,1,"3,300",70 to 80,700 to 800,Feb-24
BARTLEY RESIDENCES,LORONG HOW SUN,19,Non-Landed Properties,2,"4,250",70 to 80,700 to 800,Feb-24
BLISS@KOVAN,SIMON LANE,19,Non-Landed Properties,2,"3,400",70 to 80,700 to 800,Feb-24
KENSINGTON PARK CONDOMINIUM,KENSINGTON PARK DRIVE,19,Non-Landed Properties,NA,"5,200",180 to 190,"1,900 to 2,000",Feb-24
A TREASURE TROVE,PUNGGOL WALK,19,Non-Landed Properties,2,"3,350",70 to 80,700 to 800,Feb-24
A TREASURE TROVE,PUNGGOL WALK,19,Non-Landed Properties,3,"4,500",110 to 120,"1,200 to 1,300",Feb-24
KINGSFORD WATERBAY,UPPER SERANGOON VIEW,19,Non-Landed Properties,2,"3,450",60 to 70,600 to 700,Feb-24
EVERGREEN PARK,HOUGANG AVENUE 7,19,Non-Landed Properties,3,"3,200",90 to 100,"1,000 to 1,100",Feb-24
FLO RESIDENCE,PUNGGOL FIELD WALK,19,Non-Landed Properties,2,"3,500",70 to 80,700 to 800,Feb-24
RIVER ISLES,EDGEDALE PLAINS,19,Non-Landed Properties,3,"3,800",100 to 110,"1,100 to 1,200",Feb-24
STARS OF KOVAN,UPPER SERANGOON ROAD,19,Non-Landed Properties,1,"3,200",40 to 50,500 to 600,Feb-24
KENSINGTON SQUARE,JALAN LOKAM,19,Non-Landed Properties,2,"3,000",50 to 60,600 to 700,Feb-24
THE LUXURIE,COMPASSVALE ROAD,19,Non-Landed Properties,4,"5,250",120 to 130,"1,300 to 1,400",Feb-24
THE VUE,UPPER PAYA LEBAR ROAD,19,Non-Landed Properties,1,"2,300",30 to 40,400 to 500,Feb-24
THE QUARTZ,COMPASSVALE BOW,19,Non-Landed Properties,NA,"4,100",110 to 120,"1,100 to 1,200",Feb-24
STARS OF KOVAN,UPPER SERANGOON ROAD,19,Non-Landed Properties,2,"3,900",70 to 80,700 to 800,Feb-24
BOATHOUSE RESIDENCES,UPPER SERANGOON VIEW,19,Non-Landed Properties,4,"4,900",130 to 140,"1,400 to 1,500",Feb-24
THE MINTON,HOUGANG STREET 11,19,Non-Landed Properties,NA,"2,400",50 to 60,500 to 600,Feb-24
LA DOLCE VITA,UPPER PAYA LEBAR ROAD,19,Non-Landed Properties,3,"4,800",130 to 140,"1,400 to 1,500",Feb-24
KOVAN RESIDENCES,KOVAN ROAD,19,Non-Landed Properties,3,"4,800",110 to 120,"1,200 to 1,300",Feb-24
THE GARDEN RESIDENCES,SERANGOON NORTH VIEW,19,Non-Landed Properties,4,"5,500",100 to 110,"1,100 to 1,200",Feb-24
THE FLORENCE RESIDENCES,HOUGANG AVENUE 2,19,Non-Landed Properties,NA,"3,000",40 to 50,500 to 600,Feb-24
A TREASURE TROVE,PUNGGOL WALK,19,Non-Landed Properties,3,"4,300",110 to 120,"1,200 to 1,300",Feb-24
RIVERFRONT RESIDENCES,HOUGANG AVENUE 7,19,Non-Landed Properties,2,"3,200",50 to 60,600 to 700,Feb-24
WATERTOWN,PUNGGOL CENTRAL,19,Non-Landed Properties,NA,"3,200",50 to 60,600 to 700,Feb-24
PARC CENTROS,PUNGGOL CENTRAL,19,Non-Landed Properties,1,"3,000",40 to 50,400 to 500,Feb-24
KENSINGTON SQUARE,JALAN LOKAM,19,Non-Landed Properties,2,"3,600",80 to 90,"900 to 1,000",Feb-24
WATERTOWN,PUNGGOL CENTRAL,19,Non-Landed Properties,1,"3,150",50 to 60,500 to 600,Feb-24
RIVERSAILS,UPPER SERANGOON CRESCENT,19,Non-Landed Properties,2,"3,650",70 to 80,800 to 900,Feb-24
THE FLORENCE RESIDENCES,HOUGANG AVENUE 2,19,Non-Landed Properties,NA,"2,850",40 to 50,400 to 500,Feb-24
THE FLORENCE RESIDENCES,HOUGANG AVENUE 2,19,Non-Landed Properties,NA,"2,850",40 to 50,400 to 500,Feb-24
AFFINITY AT SERANGOON,SERANGOON NORTH AVENUE 1,19,Non-Landed Properties,3,"4,000",70 to 80,800 to 900,Feb-24
REGENTVILLE,HOUGANG STREET 92,19,Non-Landed Properties,3,"4,200",100 to 110,"1,100 to 1,200",Feb-24
REGENTVILLE,HOUGANG STREET 92,19,Non-Landed Properties,3,"4,000",100 to 110,"1,100 to 1,200",Feb-24
COMPASS HEIGHTS,SENGKANG SQUARE,19,Non-Landed Properties,3,"4,900",160 to 170,"1,700 to 1,800",Feb-24
BARTLEY RESIDENCES,LORONG HOW SUN,19,Non-Landed Properties,2,"5,000",130 to 140,"1,400 to 1,500",Feb-24
RIVERVALE CREST,RIVERVALE CRESCENT,19,Non-Landed Properties,3,"4,150",110 to 120,"1,200 to 1,300",Feb-24
THE FLORENCE RESIDENCES,HOUGANG AVENUE 2,19,Non-Landed Properties,NA,"7,000",120 to 130,"1,300 to 1,400",Feb-24
NON-LANDED HOUSING DEVELOPMENT,RECREATION LANE,19,Non-Landed Properties,3,"3,500",110 to 120,"1,200 to 1,300",Feb-24
NON-LANDED HOUSING DEVELOPMENT,RECREATION LANE,19,Non-Landed Properties,3,"3,500",110 to 120,"1,200 to 1,300",Feb-24
NON-LANDED HOUSING DEVELOPMENT,RECREATION LANE,19,Non-Landed Properties,3,"3,500",110 to 120,"1,200 to 1,300",Feb-24
NON-LANDED HOUSING DEVELOPMENT,RECREATION LANE,19,Non-Landed Properties,3,"3,500",110 to 120,"1,200 to 1,300",Feb-24
NON-LANDED HOUSING DEVELOPMENT,RECREATION LANE,19,Non-Landed Properties,3,"3,500",110 to 120,"1,200 to 1,300",Feb-24
NON-LANDED HOUSING DEVELOPMENT,RECREATION LANE,19,Non-Landed Properties,3,"3,500",110 to 120,"1,200 to 1,300",Feb-24
NON-LANDED HOUSING DEVELOPMENT,UPPER SERANGOON ROAD,19,Non-Landed Properties,NA,"3,600",90 to 100,"900 to 1,000",Feb-24
NON-LANDED HOUSING DEVELOPMENT,LIM TUA TOW ROAD,19,Non-Landed Properties,NA,"1,800",70 to 80,800 to 900,Feb-24
8 EDEN GROVE,EDEN GROVE,19,Non-Landed Properties,2,"3,900",100 to 110,"1,100 to 1,200",Feb-24
LA FIESTA,SENGKANG SQUARE,19,Non-Landed Properties,4,"3,100",120 to 130,"1,300 to 1,400",Feb-24
KOVAN REGENCY,KOVAN RISE,19,Non-Landed Properties,3,"4,400",80 to 90,800 to 900,Feb-24
JEWEL @ BUANGKOK,COMPASSVALE BOW,19,Non-Landed Properties,2,"3,000",70 to 80,700 to 800,Feb-24
FRAGRANT GARDENS,UPPER PAYA LEBAR ROAD,19,Non-Landed Properties,3,"3,250",110 to 120,"1,200 to 1,300",Feb-24
THE FLORENCE RESIDENCES,HOUGANG AVENUE 2,19,Non-Landed Properties,NA,"3,100",40 to 50,400 to 500,Feb-24
NAUNG RESIDENCE,JALAN NAUNG,19,Non-Landed Properties,1,"3,000",60 to 70,700 to 800,Feb-24
WATERTOWN,PUNGGOL CENTRAL,19,Non-Landed Properties,1,"3,200",40 to 50,500 to 600,Feb-24
THE SCALA,SERANGOON AVENUE 3,19,Non-Landed Properties,3,"5,800",110 to 120,"1,100 to 1,200",Feb-24
REGENTVILLE,HOUGANG STREET 92,19,Non-Landed Properties,2,"3,000",90 to 100,"900 to 1,000",Feb-24
CHILTERN PARK,SERANGOON AVENUE 3,19,Non-Landed Properties,3,"5,100",140 to 150,"1,500 to 1,600",Feb-24
THE FLORENCE RESIDENCES,HOUGANG AVENUE 2,19,Non-Landed Properties,NA,"2,800",40 to 50,400 to 500,Feb-24
A TREASURE TROVE,PUNGGOL WALK,19,Non-Landed Properties,3,"4,700",90 to 100,"1,000 to 1,100",Feb-24
BOTANIQUE AT BARTLEY,UPPER PAYA LEBAR ROAD,19,Non-Landed Properties,3,"5,200",90 to 100,"1,000 to 1,100",Feb-24
MIDTOWN RESIDENCES,UPPER SERANGOON ROAD,19,Non-Landed Properties,1,"2,700",40 to 50,400 to 500,Feb-24
THE COURTYARD,LIM AH PIN ROAD,19,Non-Landed Properties,3,"5,000",110 to 120,"1,200 to 1,300",Feb-24
LA FIESTA,SENGKANG SQUARE,19,Non-Landed Properties,1,"2,800",40 to 50,400 to 500,Feb-24
THE TEMBUSU,TAMPINES ROAD,19,Non-Landed Properties,3,"3,700",110 to 120,"1,200 to 1,300",Feb-24
THE GARDEN RESIDENCES,SERANGOON NORTH VIEW,19,Non-Landed Properties,3,"4,400",80 to 90,"900 to 1,000",Feb-24
PARC CENTROS,PUNGGOL CENTRAL,19,Non-Landed Properties,1,"2,850",40 to 50,400 to 500,Feb-24
SENGKANG GRAND RESIDENCES,COMPASSVALE BOW,19,Non-Landed Properties,NA,"3,200",40 to 50,400 to 500,Feb-24
AFFINITY AT SERANGOON,SERANGOON NORTH AVENUE 1,19,Non-Landed Properties,1,"3,000",40 to 50,400 to 500,Feb-24
BARTLEY RESIDENCES,LORONG HOW SUN,19,Non-Landed Properties,1,"3,100",40 to 50,400 to 500,Feb-24
RIVERSAILS,UPPER SERANGOON CRESCENT,19,Non-Landed Properties,2,"3,200",70 to 80,800 to 900,Feb-24
THE FLORENCE RESIDENCES,HOUGANG AVENUE 2,19,Non-Landed Properties,NA,"2,800",40 to 50,400 to 500,Feb-24
THE TEMBUSU,TAMPINES ROAD,19,Non-Landed Properties,2,"4,000",70 to 80,700 to 800,Feb-24
KOVAN RESIDENCES,KOVAN ROAD,19,Non-Landed Properties,2,"3,700",80 to 90,"900 to 1,000",Feb-24
A TREASURE TROVE,PUNGGOL WALK,19,Non-Landed Properties,3,"4,100",90 to 100,"1,000 to 1,100",Feb-24
THE GARDEN RESIDENCES,SERANGOON NORTH VIEW,19,Non-Landed Properties,3,"4,000",70 to 80,700 to 800,Feb-24
THE TEMBUSU,TAMPINES ROAD,19,Non-Landed Properties,2,"4,300",80 to 90,"900 to 1,000",Feb-24
BOATHOUSE RESIDENCES,UPPER SERANGOON VIEW,19,Non-Landed Properties,1,"2,650",60 to 70,700 to 800,Feb-24
THE FLORENCE RESIDENCES,HOUGANG AVENUE 2,19,Non-Landed Properties,NA,"2,850",40 to 50,400 to 500,Feb-24
THE FLORENCE RESIDENCES,HOUGANG AVENUE 2,19,Non-Landed Properties,NA,"2,900",50 to 60,600 to 700,Feb-24
RIVERSAILS,UPPER SERANGOON CRESCENT,19,Non-Landed Properties,1,"2,700",40 to 50,500 to 600,Feb-24
KOVAN MELODY,KOVAN ROAD,19,Non-Landed Properties,2,"4,250",80 to 90,"900 to 1,000",Feb-24
CASA CAMBIO,LIM TUA TOW ROAD,19,Non-Landed Properties,2,"3,000",40 to 50,400 to 500,Feb-24
BARTLEY RESIDENCES,LORONG HOW SUN,19,Non-Landed Properties,2,"3,800",70 to 80,700 to 800,Feb-24
CHILTERN PARK,SERANGOON AVENUE 3,19,Non-Landed Properties,4,"5,600",150 to 160,"1,600 to 1,700",Jan-24
PARC CENTROS,PUNGGOL CENTRAL,19,Non-Landed Properties,1,"2,700",40 to 50,400 to 500,Jan-24
LA FIESTA,SENGKANG SQUARE,19,Non-Landed Properties,3,"4,300",90 to 100,"1,000 to 1,100",Jan-24
THE QUINN,BARTLEY ROAD,19,Non-Landed Properties,1,"3,000",50 to 60,500 to 600,Jan-24
THE TEMBUSU,TAMPINES ROAD,19,Non-Landed Properties,2,"3,600",70 to 80,700 to 800,Jan-24
RIVERFRONT RESIDENCES,HOUGANG AVENUE 7,19,Non-Landed Properties,2,"3,600",60 to 70,700 to 800,Jan-24
CHUAN PARK (DEMOLISHED),LORONG CHUAN,19,Non-Landed Properties,2,"5,000",130 to 140,"1,400 to 1,500",Jan-24
RIVERSAILS,UPPER SERANGOON CRESCENT,19,Non-Landed Properties,3,"4,300",100 to 110,"1,100 to 1,200",Jan-24
THE MINTON,HOUGANG STREET 11,19,Non-Landed Properties,2,"2,900",50 to 60,500 to 600,Jan-24
THE FLORENCE RESIDENCES,HOUGANG AVENUE 2,19,Non-Landed Properties,NA,"3,250",50 to 60,600 to 700,Jan-24
PALM GROVE CONDOMINIUM,PALM GROVE AVENUE,19,Non-Landed Properties,3,"5,000",130 to 140,"1,400 to 1,500",Jan-24
THE GAZANIA,HOW SUN DRIVE,19,Non-Landed Properties,4,"9,200",120 to 130,"1,200 to 1,300",Jan-24
RIVERFRONT RESIDENCES,HOUGANG AVENUE 7,19,Non-Landed Properties,1,"2,900",40 to 50,400 to 500,Jan-24
THE MINTON,HOUGANG STREET 11,19,Non-Landed Properties,2,"4,400",100 to 110,"1,100 to 1,200",Jan-24
WATERTOWN,PUNGGOL CENTRAL,19,Non-Landed Properties,3,"5,500",100 to 110,"1,100 to 1,200",Jan-24
TERRASSE,TERRASSE LANE,19,Non-Landed Properties,2,"3,400",70 to 80,700 to 800,Jan-24
AFFINITY AT SERANGOON,SERANGOON NORTH AVENUE 1,19,Non-Landed Properties,1,"3,100",50 to 60,600 to 700,Jan-24
KINGSFORD WATERBAY,UPPER SERANGOON VIEW,19,Non-Landed Properties,2,"3,000",60 to 70,600 to 700,Jan-24
SPACE @ KOVAN,YIO CHU KANG ROAD,19,Non-Landed Properties,1,"3,000",50 to 60,500 to 600,Jan-24
BOTANIQUE AT BARTLEY,UPPER PAYA LEBAR ROAD,19,Non-Landed Properties,2,"3,400",60 to 70,600 to 700,Jan-24
AFFINITY AT SERANGOON,SERANGOON NORTH AVENUE 1,19,Non-Landed Properties,1,"3,000",50 to 60,500 to 600,Jan-24
CHUAN PARK (DEMOLISHED),LORONG CHUAN,19,Non-Landed Properties,2,"3,000",100 to 110,"1,100 to 1,200",Jan-24
THE FLORENCE RESIDENCES,HOUGANG AVENUE 2,19,Non-Landed Properties,NA,"5,000",100 to 110,"1,000 to 1,100",Jan-24
THE MINTON,HOUGANG STREET 11,19,Non-Landed Properties,2,"4,300",90 to 100,"900 to 1,000",Jan-24
THE CHUAN,LORONG CHUAN,19,Non-Landed Properties,3,"7,500",130 to 140,"1,400 to 1,500",Jan-24
PARKWOOD RESIDENCES,YIO CHU KANG ROAD,19,Non-Landed Properties,NA,"3,750",80 to 90,"900 to 1,000",Jan-24
KOVAN REGENCY,KOVAN RISE,19,Non-Landed Properties,1,"3,500",60 to 70,600 to 700,Jan-24
FLO RESIDENCE,PUNGGOL FIELD WALK,19,Non-Landed Properties,4,"4,500",120 to 130,"1,300 to 1,400",Jan-24
RESIDENCES BOTANIQUE,YIO CHU KANG ROAD,19,Non-Landed Properties,3,"4,500",110 to 120,"1,100 to 1,200",Jan-24
PARC CENTROS,PUNGGOL CENTRAL,19,Non-Landed Properties,1,"2,950",40 to 50,400 to 500,Jan-24
KINGSFORD WATERBAY,UPPER SERANGOON VIEW,19,Non-Landed Properties,2,"3,300",60 to 70,600 to 700,Jan-24
JADE RESIDENCES,LEW LIAN VALE,19,Non-Landed Properties,2,"3,100",50 to 60,500 to 600,Jan-24
THE FLORENCE RESIDENCES,HOUGANG AVENUE 2,19,Non-Landed Properties,NA,"3,800",60 to 70,600 to 700,Jan-24
RIVERFRONT RESIDENCES,HOUGANG AVENUE 7,19,Non-Landed Properties,1,"4,800",100 to 110,"1,100 to 1,200",Jan-24
LA FIESTA,SENGKANG SQUARE,19,Non-Landed Properties,4,"5,500",120 to 130,"1,300 to 1,400",Jan-24
THE SPRINGBLOOM,SERANGOON AVENUE 3,19,Non-Landed Properties,3,"4,400",120 to 130,"1,300 to 1,400",Jan-24
FLO RESIDENCE,PUNGGOL FIELD WALK,19,Non-Landed Properties,3,"4,050",80 to 90,"900 to 1,000",Jan-24
THE GARDEN RESIDENCES,SERANGOON NORTH VIEW,19,Non-Landed Properties,3,"4,300",70 to 80,700 to 800,Jan-24
AFFINITY AT SERANGOON,SERANGOON NORTH AVENUE 1,19,Non-Landed Properties,2,"3,300",50 to 60,600 to 700,Jan-24
KINGSFORD WATERBAY,UPPER SERANGOON VIEW,19,Non-Landed Properties,1,"2,600",40 to 50,400 to 500,Jan-24
BARTLEY RESIDENCES,LORONG HOW SUN,19,Non-Landed Properties,1,"2,950",40 to 50,400 to 500,Jan-24
THE GARDEN RESIDENCES,SERANGOON NORTH VIEW,19,Non-Landed Properties,2,"3,600",60 to 70,600 to 700,Jan-24
KINGSFORD WATERBAY,UPPER SERANGOON VIEW,19,Non-Landed Properties,2,"3,200",60 to 70,600 to 700,Jan-24
AFFINITY AT SERANGOON,SERANGOON NORTH AVENUE 1,19,Non-Landed Properties,2,"3,600",70 to 80,700 to 800,Jan-24
STARS OF KOVAN,UPPER SERANGOON ROAD,19,Non-Landed Properties,3,"4,500",90 to 100,"900 to 1,000",Jan-24
THE LUXURIE,COMPASSVALE ROAD,19,Non-Landed Properties,1,"3,000",40 to 50,400 to 500,Jan-24
KOVAN ESQUIRE,KOVAN ROAD,19,Non-Landed Properties,3,"3,000",90 to 100,"1,000 to 1,100",Jan-24
KINGSFORD WATERBAY,UPPER SERANGOON VIEW,19,Non-Landed Properties,2,"3,000",60 to 70,600 to 700,Jan-24
KOVAN MELODY,KOVAN ROAD,19,Non-Landed Properties,3,"5,600",120 to 130,"1,300 to 1,400",Jan-24
AFFINITY AT SERANGOON,SERANGOON NORTH AVENUE 1,19,Non-Landed Properties,1,"3,100",50 to 60,600 to 700,Jan-24
BARTLEY RESIDENCES,LORONG HOW SUN,19,Non-Landed Properties,3,"5,200",100 to 110,"1,100 to 1,200",Jan-24
RIVERFRONT RESIDENCES,HOUGANG AVENUE 7,19,Non-Landed Properties,2,"3,250",50 to 60,600 to 700,Jan-24
THE GAZANIA,HOW SUN DRIVE,19,Non-Landed Properties,NA,"3,350",40 to 50,400 to 500,Jan-24
AFFINITY AT SERANGOON,SERANGOON NORTH AVENUE 1,19,Non-Landed Properties,2,"4,000",60 to 70,700 to 800,Jan-24
RIVERSOUND RESIDENCE,SENGKANG EAST AVENUE,19,Non-Landed Properties,2,"3,150",70 to 80,700 to 800,Jan-24
THE FLORENCE RESIDENCES,HOUGANG AVENUE 2,19,Non-Landed Properties,NA,"2,800",40 to 50,400 to 500,Jan-24
TRILIVE,TAMPINES ROAD,19,Non-Landed Properties,2,"3,400",50 to 60,600 to 700,Jan-24
PARC VERA,HOUGANG STREET 32,19,Non-Landed Properties,4,"5,200",130 to 140,"1,400 to 1,500",Jan-24
SENGKANG GRAND RESIDENCES,COMPASSVALE BOW,19,Non-Landed Properties,NA,"2,900",40 to 50,400 to 500,Jan-24
RIVER ISLES,EDGEDALE PLAINS,19,Non-Landed Properties,3,"3,800",100 to 110,"1,100 to 1,200",Jan-24
KINGSFORD WATERBAY,UPPER SERANGOON VIEW,19,Non-Landed Properties,3,"2,250",90 to 100,"900 to 1,000",Jan-24
BOTANIQUE AT BARTLEY,UPPER PAYA LEBAR ROAD,19,Non-Landed Properties,2,"3,700",60 to 70,700 to 800,Jan-24
SENGKANG GRAND RESIDENCES,COMPASSVALE BOW,19,Non-Landed Properties,NA,"3,800",50 to 60,600 to 700,Jan-24
THE FLORENCE RESIDENCES,HOUGANG AVENUE 2,19,Non-Landed Properties,NA,"2,800",40 to 50,400 to 500,Jan-24
THE LUXURIE,COMPASSVALE ROAD,19,Non-Landed Properties,2,"3,600",60 to 70,700 to 800,Jan-24
THE GARDEN RESIDENCES,SERANGOON NORTH VIEW,19,Non-Landed Properties,1,"2,900",40 to 50,500 to 600,Jan-24
THE QUARTZ,COMPASSVALE BOW,19,Non-Landed Properties,3,"4,400",120 to 130,"1,200 to 1,300",Jan-24
THE FLORENCE RESIDENCES,HOUGANG AVENUE 2,19,Non-Landed Properties,NA,"4,400",80 to 90,"900 to 1,000",Jan-24
WATERTOWN,PUNGGOL CENTRAL,19,Non-Landed Properties,1,"3,000",50 to 60,500 to 600,Jan-24
WATERTOWN,PUNGGOL CENTRAL,19,Non-Landed Properties,2,"3,700",70 to 80,800 to 900,Jan-24
FOREST WOODS,LORONG LEW LIAN,19,Non-Landed Properties,2,"3,800",50 to 60,600 to 700,Jan-24
FORTUNE PARK,TAMPINES ROAD,19,Non-Landed Properties,3,"4,400",90 to 100,"900 to 1,000",Jan-24
WATERTOWN,PUNGGOL CENTRAL,19,Non-Landed Properties,2,"4,000",70 to 80,800 to 900,Jan-24
CHILTERN PARK,SERANGOON AVENUE 3,19,Non-Landed Properties,3,"6,000",140 to 150,"1,500 to 1,600",Jan-24
THE SPRINGBLOOM,SERANGOON AVENUE 3,19,Non-Landed Properties,2,"4,700",100 to 110,"1,100 to 1,200",Jan-24
A TREASURE TROVE,PUNGGOL WALK,19,Non-Landed Properties,3,"4,800",110 to 120,"1,200 to 1,300",Jan-24
NON-LANDED HOUSING DEVELOPMENT,BRIGHTON CRESCENT,19,Non-Landed Properties,NA,"3,400",60 to 70,700 to 800,Jan-24
THE QUINN,BARTLEY ROAD,19,Non-Landed Properties,1,"3,350",50 to 60,500 to 600,Jan-24
CHILTERN PARK,SERANGOON AVENUE 3,19,Non-Landed Properties,3,"5,300",110 to 120,"1,200 to 1,300",Jan-24
KOVAN RESIDENCES,KOVAN ROAD,19,Non-Landed Properties,2,"4,000",80 to 90,"900 to 1,000",Jan-24
THE FLORENCE RESIDENCES,HOUGANG AVENUE 2,19,Non-Landed Properties,NA,"2,800",40 to 50,400 to 500,Jan-24
KOVAN MELODY,KOVAN ROAD,19,Non-Landed Properties,3,"5,200",120 to 130,"1,200 to 1,300",Jan-24
RIVERSOUND RESIDENCE,SENGKANG EAST AVENUE,19,Non-Landed Properties,4,"4,800",120 to 130,"1,300 to 1,400",Jan-24
COMPASS HEIGHTS,SENGKANG SQUARE,19,Non-Landed Properties,3,"4,650",120 to 130,"1,300 to 1,400",Jan-24
AFFINITY AT SERANGOON,SERANGOON NORTH AVENUE 1,19,Non-Landed Properties,3,"4,600",100 to 110,"1,000 to 1,100",Jan-24
RIVERFRONT RESIDENCES,HOUGANG AVENUE 7,19,Non-Landed Properties,2,"3,500",50 to 60,600 to 700,Jan-24
RIVERFRONT RESIDENCES,HOUGANG AVENUE 7,19,Non-Landed Properties,2,"3,380",50 to 60,600 to 700,Jan-24
FOREST WOODS,LORONG LEW LIAN,19,Non-Landed Properties,3,"5,000",80 to 90,"900 to 1,000",Jan-24
RIVER ISLES,EDGEDALE PLAINS,19,Non-Landed Properties,3,"3,900",80 to 90,800 to 900,Jan-24
THE SCALA,SERANGOON AVENUE 3,19,Non-Landed Properties,1,"3,100",40 to 50,400 to 500,Jan-24
RIVERFRONT RESIDENCES,HOUGANG AVENUE 7,19,Non-Landed Properties,2,"3,700",60 to 70,700 to 800,Jan-24
SUITES @ PAYA LEBAR,UPPER PAYA LEBAR ROAD,19,Non-Landed Properties,1,"2,800",30 to 40,300 to 400,Jan-24
STARS OF KOVAN,UPPER SERANGOON ROAD,19,Non-Landed Properties,1,"3,200",40 to 50,500 to 600,Jan-24
KOVAN GRANDEUR,TAMPINES ROAD,19,Non-Landed Properties,2,"2,850",50 to 60,500 to 600,Jan-24
BOATHOUSE RESIDENCES,UPPER SERANGOON VIEW,19,Non-Landed Properties,1,"2,700",50 to 60,600 to 700,Jan-24
LA FIESTA,SENGKANG SQUARE,19,Non-Landed Properties,2,"3,600",70 to 80,700 to 800,Jan-24
BOTANIQUE AT BARTLEY,UPPER PAYA LEBAR ROAD,19,Non-Landed Properties,1,"3,450",40 to 50,400 to 500,Jan-24
FLO RESIDENCE,PUNGGOL FIELD WALK,19,Non-Landed Properties,3,"3,800",80 to 90,"900 to 1,000",Jan-24
KOVAN REGENCY,KOVAN RISE,19,Non-Landed Properties,2,"3,300",50 to 60,500 to 600,Jan-24
BARTLEY RESIDENCES,LORONG HOW SUN,19,Non-Landed Properties,2,"3,800",70 to 80,700 to 800,Jan-24
KOVAN MELODY,KOVAN ROAD,19,Non-Landed Properties,3,"5,400",120 to 130,"1,200 to 1,300",Jan-24
THE FLORENCE RESIDENCES,HOUGANG AVENUE 2,19,Non-Landed Properties,NA,"2,900",40 to 50,500 to 600,Jan-24
LA FIESTA,SENGKANG SQUARE,19,Non-Landed Properties,1,"2,650",40 to 50,400 to 500,Jan-24
AFFINITY AT SERANGOON,SERANGOON NORTH AVENUE 1,19,Non-Landed Properties,2,"3,200",50 to 60,600 to 700,Jan-24
KINGSFORD WATERBAY,UPPER SERANGOON VIEW,19,Non-Landed Properties,2,"3,300",60 to 70,600 to 700,Jan-24
STARS OF KOVAN,UPPER SERANGOON ROAD,19,Non-Landed Properties,1,"3,200",40 to 50,500 to 600,Jan-24
FOREST WOODS,LORONG LEW LIAN,19,Non-Landed Properties,1,"3,400",40 to 50,500 to 600,Jan-24
AFFINITY AT SERANGOON,SERANGOON NORTH AVENUE 1,19,Non-Landed Properties,3,"4,700",80 to 90,"900 to 1,000",Jan-24
BARTLEY RESIDENCES,LORONG HOW SUN,19,Non-Landed Properties,2,"4,000",70 to 80,800 to 900,Jan-24
KENSINGTON SQUARE,JALAN LOKAM,19,Non-Landed Properties,2,"3,700",50 to 60,600 to 700,Jan-24
RIVERFRONT RESIDENCES,HOUGANG AVENUE 7,19,Non-Landed Properties,2,"3,700",80 to 90,800 to 900,Jan-24
CHEN JING JUE MANSIONS,CHUAN HOE AVENUE,19,Non-Landed Properties,NA,"3,300",210 to 220,"2,200 to 2,300",Jan-24
AFFINITY AT SERANGOON,SERANGOON NORTH AVENUE 1,19,Non-Landed Properties,3,"5,000",100 to 110,"1,100 to 1,200",Jan-24
RIVERSOUND RESIDENCE,SENGKANG EAST AVENUE,19,Non-Landed Properties,3,"3,900",90 to 100,"1,000 to 1,100",Jan-24
THE LUXURIE,COMPASSVALE ROAD,19,Non-Landed Properties,2,"3,900",70 to 80,700 to 800,Jan-24
WATERTOWN,PUNGGOL CENTRAL,19,Non-Landed Properties,NA,"3,200",50 to 60,500 to 600,Jan-24
FOREST WOODS,LORONG LEW LIAN,19,Non-Landed Properties,2,"4,000",60 to 70,600 to 700,Jan-24
THE LUXURIE,COMPASSVALE ROAD,19,Non-Landed Properties,2,"3,700",70 to 80,700 to 800,Jan-24
BARTLEY RESIDENCES,LORONG HOW SUN,19,Non-Landed Properties,2,"4,300",70 to 80,800 to 900,Jan-24
D'PAVILION,UPPER SERANGOON ROAD,19,Non-Landed Properties,2,"4,000",90 to 100,"900 to 1,000",Jan-24
THE MINTON,HOUGANG STREET 11,19,Non-Landed Properties,2,"3,400",90 to 100,"900 to 1,000",Jan-24
THE PROMENADE@PELIKAT,JALAN PELIKAT,19,Non-Landed Properties,1,"2,600",40 to 50,400 to 500,Jan-24
THE FLORENCE RESIDENCES,HOUGANG AVENUE 2,19,Non-Landed Properties,NA,"6,900",110 to 120,"1,200 to 1,300",Jan-24
AFFINITY AT SERANGOON,SERANGOON NORTH AVENUE 1,19,Non-Landed Properties,2,"3,800",60 to 70,700 to 800,Jan-24
FRAGRANT GARDENS,UPPER PAYA LEBAR ROAD,19,Non-Landed Properties,2,"3,200",70 to 80,800 to 900,Jan-24
AFFINITY AT SERANGOON,SERANGOON NORTH AVENUE 1,19,Non-Landed Properties,1,"3,000",50 to 60,500 to 600,Jan-24
KENSINGTON SQUARE,JALAN LOKAM,19,Non-Landed Properties,2,"2,650",60 to 70,700 to 800,Jan-24
CARDIFF RESIDENCE,CARDIFF GROVE,19,Non-Landed Properties,2,"3,500",50 to 60,600 to 700,Jan-24
FLO RESIDENCE,PUNGGOL FIELD WALK,19,Non-Landed Properties,2,"3,350",70 to 80,700 to 800,Jan-24
THE FLORENCE RESIDENCES,HOUGANG AVENUE 2,19,Non-Landed Properties,NA,"3,000",40 to 50,400 to 500,Jan-24
REGENTVILLE,HOUGANG STREET 92,19,Non-Landed Properties,3,"3,900",100 to 110,"1,100 to 1,200",Jan-24
LA FIESTA,SENGKANG SQUARE,19,Non-Landed Properties,2,"3,450",60 to 70,700 to 800,Jan-24
RIVERFRONT RESIDENCES,HOUGANG AVENUE 7,19,Non-Landed Properties,2,"3,300",50 to 60,600 to 700,Jan-24
NON-LANDED HOUSING DEVELOPMENT,LORONG 1 REALTY PARK,19,Non-Landed Properties,NA,"4,200",90 to 100,"1,000 to 1,100",Jan-24
RIVER ISLES,EDGEDALE PLAINS,19,Non-Landed Properties,4,"4,600",110 to 120,"1,200 to 1,300",Jan-24
COMPASS HEIGHTS,SENGKANG SQUARE,19,Non-Landed Properties,1,"2,700",70 to 80,700 to 800,Jan-24
RIVERSOUND RESIDENCE,SENGKANG EAST AVENUE,19,Non-Landed Properties,1,"2,700",50 to 60,500 to 600,Jan-24
SPACE @ KOVAN,YIO CHU KANG ROAD,19,Non-Landed Properties,3,"4,800",120 to 130,"1,300 to 1,400",Jan-24
WATERTOWN,PUNGGOL CENTRAL,19,Non-Landed Properties,1,"3,500",50 to 60,500 to 600,Jan-24
THE GAZANIA,HOW SUN DRIVE,19,Non-Landed Properties,1,"3,050",40 to 50,400 to 500,Jan-24
RIO VISTA,UPPER SERANGOON VIEW,19,Non-Landed Properties,4,"4,400",120 to 130,"1,300 to 1,400",Jan-24
GLASGOW RESIDENCE,GLASGOW ROAD,19,Non-Landed Properties,NA,"2,400",30 to 40,400 to 500,Jan-24
FONTAINE PARRY,POH HUAT ROAD,19,Non-Landed Properties,3,"4,700",140 to 150,"1,500 to 1,600",Jan-24
BARTLEY RESIDENCES,LORONG HOW SUN,19,Non-Landed Properties,3,"4,300",100 to 110,"1,000 to 1,100",Jan-24
KOVAN GRANDEUR,TAMPINES ROAD,19,Non-Landed Properties,2,"2,700",50 to 60,500 to 600,Jan-24
LA FIESTA,SENGKANG SQUARE,19,Non-Landed Properties,3,"3,800",70 to 80,800 to 900,Jan-24
THE FLORENCE RESIDENCES,HOUGANG AVENUE 2,19,Non-Landed Properties,NA,"3,700",50 to 60,600 to 700,Jan-24
THE QUINN,BARTLEY ROAD,19,Non-Landed Properties,1,"3,200",50 to 60,500 to 600,Jan-24
RIVERFRONT RESIDENCES,HOUGANG AVENUE 7,19,Non-Landed Properties,3,"3,900",80 to 90,800 to 900,Jan-24
KOVAN REGENCY,KOVAN RISE,19,Non-Landed Properties,2,"4,100",70 to 80,700 to 800,Jan-24
A TREASURE TROVE,PUNGGOL WALK,19,Non-Landed Properties,2,"3,300",70 to 80,700 to 800,Jan-24
A TREASURE TROVE,PUNGGOL WALK,19,Non-Landed Properties,2,"3,500",70 to 80,700 to 800,Jan-24
KINGSFORD WATERBAY,UPPER SERANGOON VIEW,19,Non-Landed Properties,1,"3,800",80 to 90,800 to 900,Jan-24
STARS OF KOVAN,UPPER SERANGOON ROAD,19,Non-Landed Properties,2,"4,000",60 to 70,700 to 800,Jan-24
AFFINITY AT SERANGOON,SERANGOON NORTH AVENUE 1,19,Non-Landed Properties,1,"2,800",40 to 50,400 to 500,Jan-24
RIVERFRONT RESIDENCES,HOUGANG AVENUE 7,19,Non-Landed Properties,2,"2,900",40 to 50,400 to 500,Jan-24
BOATHOUSE RESIDENCES,UPPER SERANGOON VIEW,19,Non-Landed Properties,2,"2,800",60 to 70,700 to 800,Jan-24
PARC VERA,HOUGANG STREET 32,19,Non-Landed Properties,2,"3,650",80 to 90,800 to 900,Jan-24
THE PROMENADE@PELIKAT,JALAN PELIKAT,19,Non-Landed Properties,1,"2,550",40 to 50,400 to 500,Jan-24
CHILTERN PARK,SERANGOON AVENUE 3,19,Non-Landed Properties,3,"5,700",140 to 150,"1,500 to 1,600",Jan-24
LA FIESTA,SENGKANG SQUARE,19,Non-Landed Properties,1,"2,650",40 to 50,400 to 500,Jan-24
CASA CAMBIO,LIM TUA TOW ROAD,19,Non-Landed Properties,1,"2,500",40 to 50,500 to 600,Jan-24
KOVAN REGENCY,KOVAN RISE,19,Non-Landed Properties,4,"6,300",190 to 200,"2,100 to 2,200",Jan-24
STARS OF KOVAN,UPPER SERANGOON ROAD,19,Non-Landed Properties,1,"3,400",40 to 50,500 to 600,Jan-24
A TREASURE TROVE,PUNGGOL WALK,19,Non-Landed Properties,3,"4,800",100 to 110,"1,100 to 1,200",Jan-24
FOREST WOODS,LORONG LEW LIAN,19,Non-Landed Properties,2,"4,400",60 to 70,700 to 800,Jan-24
CHILTERN PARK,SERANGOON AVENUE 3,19,Non-Landed Properties,2,"4,100",100 to 110,"1,100 to 1,200",Jan-24
CHUAN PARK (DEMOLISHED),LORONG CHUAN,19,Non-Landed Properties,2,"3,400",100 to 110,"1,100 to 1,200",Jan-24
BOTANIQUE AT BARTLEY,UPPER PAYA LEBAR ROAD,19,Non-Landed Properties,3,"4,600",80 to 90,"900 to 1,000",Jan-24
PRESTO@UPPER SERANGOON,UPPER SERANGOON ROAD,19,Non-Landed Properties,1,"2,900",30 to 40,400 to 500,Jan-24
CHILTERN PARK,SERANGOON AVENUE 3,19,Non-Landed Properties,3,"4,400",110 to 120,"1,200 to 1,300",Jan-24
AFFINITY AT SERANGOON,SERANGOON NORTH AVENUE 1,19,Non-Landed Properties,2,"3,450",50 to 60,600 to 700,Jan-24
TERRASSE,TERRASSE LANE,19,Non-Landed Properties,3,"4,200",100 to 110,"1,100 to 1,200",Jan-24
BOTANIQUE AT BARTLEY,UPPER PAYA LEBAR ROAD,19,Non-Landed Properties,3,"5,100",80 to 90,"900 to 1,000",Jan-24
RIO VISTA,UPPER SERANGOON VIEW,19,Non-Landed Properties,3,"3,900",110 to 120,"1,200 to 1,300",Jan-24
RIVERFRONT RESIDENCES,HOUGANG AVENUE 7,19,Non-Landed Properties,2,"3,300",50 to 60,600 to 700,Jan-24
RIVERFRONT RESIDENCES,HOUGANG AVENUE 7,19,Non-Landed Properties,2,"3,200",50 to 60,600 to 700,Jan-24
BARTLEY RESIDENCES,LORONG HOW SUN,19,Non-Landed Properties,1,"2,950",40 to 50,400 to 500,Jan-24
THE CHUAN,LORONG CHUAN,19,Non-Landed Properties,3,"5,800",110 to 120,"1,200 to 1,300",Jan-24
VIBES @ KOVAN,KOVAN ROAD,19,Non-Landed Properties,1,"2,500",30 to 40,400 to 500,Jan-24
THE SCALA,SERANGOON AVENUE 3,19,Non-Landed Properties,2,"4,650",80 to 90,800 to 900,Jan-24
THE QUINN,BARTLEY ROAD,19,Non-Landed Properties,2,"3,400",80 to 90,800 to 900,Jan-24
RIVERSAILS,UPPER SERANGOON CRESCENT,19,Non-Landed Properties,2,"3,400",70 to 80,800 to 900,Jan-24
BOTANIQUE AT BARTLEY,UPPER PAYA LEBAR ROAD,19,Non-Landed Properties,3,"4,500",80 to 90,"900 to 1,000",Jan-24
BOTANIQUE AT BARTLEY,UPPER PAYA LEBAR ROAD,19,Non-Landed Properties,2,"3,750",60 to 70,700 to 800,Jan-24
RIVERFRONT RESIDENCES,HOUGANG AVENUE 7,19,Non-Landed Properties,1,"2,800",40 to 50,400 to 500,Jan-24
WATERTOWN,PUNGGOL CENTRAL,19,Non-Landed Properties,1,"3,300",50 to 60,500 to 600,Jan-24
A TREASURE TROVE,PUNGGOL WALK,19,Non-Landed Properties,2,"4,000",140 to 150,"1,500 to 1,600",Jan-24
THE SCALA,SERANGOON AVENUE 3,19,Non-Landed Properties,2,"4,300",80 to 90,800 to 900,Jan-24
AFFINITY AT SERANGOON,SERANGOON NORTH AVENUE 1,19,Non-Landed Properties,1,"2,900",50 to 60,500 to 600,Jan-24
PARC CENTROS,PUNGGOL CENTRAL,19,Non-Landed Properties,1,"2,700",40 to 50,400 to 500,Jan-24
21 RICHARDS,RICHARDS AVENUE,19,Non-Landed Properties,1,"2,900",30 to 40,400 to 500,Jan-24
KOVAN GRANDEUR,TAMPINES ROAD,19,Non-Landed Properties,1,"2,600",30 to 40,300 to 400,Jan-24
A TREASURE TROVE,PUNGGOL WALK,19,Non-Landed Properties,2,"3,700",80 to 90,"900 to 1,000",Jan-24
JEWEL @ BUANGKOK,COMPASSVALE BOW,19,Non-Landed Properties,2,"4,500",70 to 80,700 to 800,Jan-24
BARTLEY RESIDENCES,LORONG HOW SUN,19,Non-Landed Properties,3,"6,000",100 to 110,"1,000 to 1,100",Jan-24
JEWEL @ BUANGKOK,COMPASSVALE BOW,19,Non-Landed Properties,2,"3,800",60 to 70,700 to 800,Jan-24
AFFINITY AT SERANGOON,SERANGOON NORTH AVENUE 1,19,Non-Landed Properties,1,"3,400",70 to 80,700 to 800,Jan-24
KINGSFORD WATERBAY,UPPER SERANGOON VIEW,19,Non-Landed Properties,2,"3,000",60 to 70,600 to 700,Jan-24
THE QUARTZ,COMPASSVALE BOW,19,Non-Landed Properties,NA,"4,750",150 to 160,"1,600 to 1,700",Jan-24
LA FIESTA,SENGKANG SQUARE,19,Non-Landed Properties,3,"4,150",100 to 110,"1,100 to 1,200",Jan-24
KOVAN REGENCY,KOVAN RISE,19,Non-Landed Properties,2,"3,200",50 to 60,500 to 600,Jan-24
KOVAN REGENCY,KOVAN RISE,19,Non-Landed Properties,2,"3,300",50 to 60,500 to 600,Jan-24
THE MINTON,HOUGANG STREET 11,19,Non-Landed Properties,2,"4,200",100 to 110,"1,100 to 1,200",Jan-24
THE SCALA,SERANGOON AVENUE 3,19,Non-Landed Properties,2,"4,900",80 to 90,"900 to 1,000",Jan-24
CHERRYHILL,LORONG LEW LIAN,19,Non-Landed Properties,3,"4,680",150 to 160,"1,600 to 1,700",Jan-24
THE SCALA,SERANGOON AVENUE 3,19,Non-Landed Properties,1,"3,200",50 to 60,500 to 600,Jan-24
BARTLEY RESIDENCES,LORONG HOW SUN,19,Non-Landed Properties,2,"4,100",80 to 90,"900 to 1,000",Jan-24
NAUNG RESIDENCE,JALAN NAUNG,19,Non-Landed Properties,1,"2,800",50 to 60,500 to 600,Jan-24
PARC CENTROS,PUNGGOL CENTRAL,19,Non-Landed Properties,1,"2,800",40 to 50,400 to 500,Jan-24
THE MINTON,HOUGANG STREET 11,19,Non-Landed Properties,NA,"3,200",60 to 70,600 to 700,Jan-24
THE FLORENCE RESIDENCES,HOUGANG AVENUE 2,19,Non-Landed Properties,NA,"3,300",50 to 60,600 to 700,Jan-24
SENGKANG GRAND RESIDENCES,COMPASSVALE BOW,19,Non-Landed Properties,NA,"4,200",70 to 80,700 to 800,Jan-24
PARK RESIDENCES KOVAN,UPPER SERANGOON ROAD,19,Non-Landed Properties,1,"2,400",30 to 40,300 to 400,Jan-24
RIVERFRONT RESIDENCES,HOUGANG AVENUE 7,19,Non-Landed Properties,2,"3,600",60 to 70,700 to 800,Jan-24
HILBRE28,HILLSIDE DRIVE,19,Non-Landed Properties,2,"3,600",40 to 50,400 to 500,Jan-24
THE SCALA,SERANGOON AVENUE 3,19,Non-Landed Properties,2,"4,250",70 to 80,800 to 900,Jan-24
RIVERFRONT RESIDENCES,HOUGANG AVENUE 7,19,Non-Landed Properties,1,"3,000",40 to 50,400 to 500,Jan-24
ISUITES @ PALM,GLASGOW ROAD,19,Non-Landed Properties,1,"2,600",40 to 50,400 to 500,Jan-24
FLO RESIDENCE,PUNGGOL FIELD WALK,19,Non-Landed Properties,3,"4,300",110 to 120,"1,200 to 1,300",Jan-24
THE SCALA,SERANGOON AVENUE 3,19,Non-Landed Properties,3,"5,800",100 to 110,"1,100 to 1,200",Jan-24
KOVAN RESIDENCES,KOVAN ROAD,19,Non-Landed Properties,3,"5,600",110 to 120,"1,200 to 1,300",Jan-24
SENGKANG GRAND RESIDENCES,COMPASSVALE BOW,19,Non-Landed Properties,NA,"3,500",50 to 60,600 to 700,Jan-24
PARC CENTROS,PUNGGOL CENTRAL,19,Non-Landed Properties,1,"2,200",50 to 60,500 to 600,Jan-24
RIVERFRONT RESIDENCES,HOUGANG AVENUE 7,19,Non-Landed Properties,NA,"2,600",40 to 50,400 to 500,Jan-24
KINGSFORD WATERBAY,UPPER SERANGOON VIEW,19,Non-Landed Properties,1,"2,900",40 to 50,400 to 500,Jan-24
BOTANIQUE AT BARTLEY,UPPER PAYA LEBAR ROAD,19,Non-Landed Properties,3,"3,800",100 to 110,"1,100 to 1,200",Jan-24
KOVAN RESIDENCES,KOVAN ROAD,19,Non-Landed Properties,3,"5,600",130 to 140,"1,400 to 1,500",Jan-24
RIVERFRONT RESIDENCES,HOUGANG AVENUE 7,19,Non-Landed Properties,2,"3,300",50 to 60,600 to 700,Jan-24
THE FLORENCE RESIDENCES,HOUGANG AVENUE 2,19,Non-Landed Properties,NA,"3,700",60 to 70,600 to 700,Jan-24
MIDTOWN RESIDENCES,UPPER SERANGOON ROAD,19,Non-Landed Properties,2,"3,600",60 to 70,600 to 700,Jan-24
THE MINTON,HOUGANG STREET 11,19,Non-Landed Properties,2,"4,000",90 to 100,"900 to 1,000",Jan-24
AMARANDA GARDENS,SERANGOON AVENUE 3,19,Non-Landed Properties,3,"5,200",100 to 110,"1,100 to 1,200",Jan-24
A TREASURE TROVE,PUNGGOL WALK,19,Non-Landed Properties,3,"3,250",110 to 120,"1,200 to 1,300",Jan-24
BOATHOUSE RESIDENCES,UPPER SERANGOON VIEW,19,Non-Landed Properties,1,"2,900",60 to 70,700 to 800,Jan-24
LA FIESTA,SENGKANG SQUARE,19,Non-Landed Properties,2,"3,500",70 to 80,700 to 800,Jan-24
PRIMO RESIDENCES,JALAN PELIKAT,19,Non-Landed Properties,1,"2,600",40 to 50,400 to 500,Jan-24
RIVERFRONT RESIDENCES,HOUGANG AVENUE 7,19,Non-Landed Properties,3,"4,700",90 to 100,"1,000 to 1,100",Jan-24
PARC CENTROS,PUNGGOL CENTRAL,19,Non-Landed Properties,2,"3,680",70 to 80,700 to 800,Jan-24
AFFINITY AT SERANGOON,SERANGOON NORTH AVENUE 1,19,Non-Landed Properties,2,"3,600",50 to 60,600 to 700,Jan-24
AFFINITY AT SERANGOON,SERANGOON NORTH AVENUE 1,19,Non-Landed Properties,1,"2,800",40 to 50,400 to 500,Jan-24
THE CHUAN,LORONG CHUAN,19,Non-Landed Properties,4,"8,500",150 to 160,"1,600 to 1,700",Jan-24
FLO RESIDENCE,PUNGGOL FIELD WALK,19,Non-Landed Properties,2,"3,500",80 to 90,800 to 900,Jan-24
RIO VISTA,UPPER SERANGOON VIEW,19,Non-Landed Properties,3,"3,500",110 to 120,"1,200 to 1,300",Jan-24
RIVERSAILS,UPPER SERANGOON CRESCENT,19,Non-Landed Properties,2,"3,400",70 to 80,800 to 900,Jan-24
CHERRYHILL,LORONG LEW LIAN,19,Non-Landed Properties,3,"4,550",130 to 140,"1,400 to 1,500",Jan-24
LA FIESTA,SENGKANG SQUARE,19,Non-Landed Properties,2,"3,500",60 to 70,700 to 800,Jan-24
THE LUXURIE,COMPASSVALE ROAD,19,Non-Landed Properties,3,"4,200",90 to 100,"1,000 to 1,100",Jan-24
JADE RESIDENCES,LEW LIAN VALE,19,Non-Landed Properties,2,"3,100",50 to 60,500 to 600,Jan-24
THE FLORENCE RESIDENCES,HOUGANG AVENUE 2,19,Non-Landed Properties,NA,"3,300",50 to 60,600 to 700,Jan-24
RIVERSOUND RESIDENCE,SENGKANG EAST AVENUE,19,Non-Landed Properties,3,"3,600",90 to 100,"1,000 to 1,100",Jan-24
THE SCALA,SERANGOON AVENUE 3,19,Non-Landed Properties,2,"4,450",70 to 80,800 to 900,Jan-24
RIVER ISLES,EDGEDALE PLAINS,19,Non-Landed Properties,NA,"2,500",40 to 50,400 to 500,Jan-24
THE FLORENCE RESIDENCES,HOUGANG AVENUE 2,19,Non-Landed Properties,NA,"3,800",60 to 70,600 to 700,Jan-24
THE MINTON,HOUGANG STREET 11,19,Non-Landed Properties,2,"4,300",90 to 100,"900 to 1,000",Jan-24
THE SCALA,SERANGOON AVENUE 3,19,Non-Landed Properties,3,"5,600",90 to 100,"1,000 to 1,100",Jan-24
KINGSFORD WATERBAY,UPPER SERANGOON VIEW,19,Non-Landed Properties,3,"3,000",90 to 100,"900 to 1,000",Jan-24
REGENTVILLE,HOUGANG STREET 92,19,Non-Landed Properties,2,"3,500",90 to 100,"900 to 1,000",Jan-24
KOVAN RESIDENCES,KOVAN ROAD,19,Non-Landed Properties,3,"5,400",110 to 120,"1,200 to 1,300",Jan-24
KINGSFORD WATERBAY,UPPER SERANGOON VIEW,19,Non-Landed Properties,2,"3,200",60 to 70,600 to 700,Jan-24
THE FLORENCE RESIDENCES,HOUGANG AVENUE 2,19,Non-Landed Properties,NA,"3,200",50 to 60,600 to 700,Jan-24
WATERTOWN,PUNGGOL CENTRAL,19,Non-Landed Properties,1,"3,400",40 to 50,500 to 600,Jan-24
THE QUARTZ,COMPASSVALE BOW,19,Non-Landed Properties,NA,"4,400",110 to 120,"1,100 to 1,200",Jan-24
AFFINITY AT SERANGOON,SERANGOON NORTH AVENUE 1,19,Non-Landed Properties,3,"4,000",70 to 80,800 to 900,Jan-24
THE TEMBUSU,TAMPINES ROAD,19,Non-Landed Properties,1,"2,500",40 to 50,400 to 500,Jan-24
PARC CENTROS,PUNGGOL CENTRAL,19,Non-Landed Properties,2,"3,600",70 to 80,700 to 800,Jan-24
THE SCALA,SERANGOON AVENUE 3,19,Non-Landed Properties,3,"5,200",90 to 100,"1,000 to 1,100",Jan-24
THE FLORENCE RESIDENCES,HOUGANG AVENUE 2,19,Non-Landed Properties,NA,"3,400",60 to 70,600 to 700,Jan-24
SENGKANG GRAND RESIDENCES,COMPASSVALE BOW,19,Non-Landed Properties,NA,"2,800",40 to 50,400 to 500,Jan-24
THE SCALA,SERANGOON AVENUE 3,19,Non-Landed Properties,1,"3,000",40 to 50,400 to 500,Jan-24
WATERTOWN,PUNGGOL CENTRAL,19,Non-Landed Properties,NA,"2,900",50 to 60,600 to 700,Jan-24
THE GARDEN RESIDENCES,SERANGOON NORTH VIEW,19,Non-Landed Properties,1,"2,950",40 to 50,400 to 500,Jan-24
THE SCALA,SERANGOON AVENUE 3,19,Non-Landed Properties,2,"4,250",70 to 80,800 to 900,Jan-24
AFFINITY AT SERANGOON,SERANGOON NORTH AVENUE 1,19,Non-Landed Properties,1,"3,000",40 to 50,400 to 500,Jan-24
THE VUE,UPPER PAYA LEBAR ROAD,19,Non-Landed Properties,1,"2,500",30 to 40,400 to 500,Jan-24
SENGKANG GRAND RESIDENCES,COMPASSVALE BOW,19,Non-Landed Properties,NA,"3,800",50 to 60,600 to 700,Jan-24
THE SCALA,SERANGOON AVENUE 3,19,Non-Landed Properties,3,"5,800",90 to 100,"1,000 to 1,100",Jan-24
A TREASURE TROVE,PUNGGOL WALK,19,Non-Landed Properties,2,"3,400",70 to 80,700 to 800,Jan-24
THE FLORENCE RESIDENCES,HOUGANG AVENUE 2,19,Non-Landed Properties,NA,"3,300",50 to 60,600 to 700,Jan-24
THE GARDEN RESIDENCES,SERANGOON NORTH VIEW,19,Non-Landed Properties,3,"4,500",80 to 90,"900 to 1,000",Jan-24
CRYSTAL DE AZURE,HOW SUN CLOSE,19,Non-Landed Properties,3,"3,600",120 to 130,"1,300 to 1,400",Jan-24
THE MINTON,HOUGANG STREET 11,19,Non-Landed Properties,3,"4,500",110 to 120,"1,200 to 1,300",Jan-24
THE GARDEN RESIDENCES,SERANGOON NORTH VIEW,19,Non-Landed Properties,1,"3,200",40 to 50,400 to 500,Jan-24
THE FLORENCE RESIDENCES,HOUGANG AVENUE 2,19,Non-Landed Properties,NA,"3,000",40 to 50,500 to 600,Jan-24
RIVERFRONT RESIDENCES,HOUGANG AVENUE 7,19,Non-Landed Properties,3,"3,900",80 to 90,800 to 900,Jan-24
A TREASURE TROVE,PUNGGOL WALK,19,Non-Landed Properties,2,"4,000",70 to 80,700 to 800,Jan-24
SPACE @ KOVAN,YIO CHU KANG ROAD,19,Non-Landed Properties,1,"2,550",50 to 60,500 to 600,Jan-24
THE FLORENCE RESIDENCES,HOUGANG AVENUE 2,19,Non-Landed Properties,NA,"2,700",40 to 50,400 to 500,Jan-24
THE SCALA,SERANGOON AVENUE 3,19,Non-Landed Properties,3,"5,300",90 to 100,"1,000 to 1,100",Jan-24
PARC CENTROS,PUNGGOL CENTRAL,19,Non-Landed Properties,1,"2,900",40 to 50,400 to 500,Jan-24
A TREASURE TROVE,PUNGGOL WALK,19,Non-Landed Properties,2,"3,650",70 to 80,700 to 800,Jan-24
EVERGREEN PARK,HOUGANG AVENUE 7,19,Non-Landed Properties,3,"3,800",110 to 120,"1,200 to 1,300",Jan-24
CASA CAMBIO,LIM TUA TOW ROAD,19,Non-Landed Properties,2,"3,600",60 to 70,700 to 800,Jan-24
JADE RESIDENCES,LEW LIAN VALE,19,Non-Landed Properties,2,"3,300",50 to 60,500 to 600,Jan-24
JADE RESIDENCES,LEW LIAN VALE,19,Non-Landed Properties,3,"3,100",60 to 70,700 to 800,Jan-24
SUNGLADE,SERANGOON AVENUE 2,19,Non-Landed Properties,3,"4,100",100 to 110,"1,100 to 1,200",Jan-24
JADE RESIDENCES,LEW LIAN VALE,19,Non-Landed Properties,2,"3,200",50 to 60,500 to 600,Jan-24
SUITES @ PAYA LEBAR,UPPER PAYA LEBAR ROAD,19,Non-Landed Properties,1,"2,600",30 to 40,300 to 400,Jan-24
THE SCALA,SERANGOON AVENUE 3,19,Non-Landed Properties,2,"4,350",70 to 80,800 to 900,Jan-24
CHILTERN PARK,SERANGOON AVENUE 3,19,Non-Landed Properties,2,"4,100",100 to 110,"1,100 to 1,200",Jan-24
THE LUXURIE,COMPASSVALE ROAD,19,Non-Landed Properties,2,"3,400",70 to 80,700 to 800,Jan-24
THE GARDEN RESIDENCES,SERANGOON NORTH VIEW,19,Non-Landed Properties,1,"2,900",40 to 50,500 to 600,Jan-24
NAUNG RESIDENCE,JALAN NAUNG,19,Non-Landed Properties,2,"3,150",60 to 70,700 to 800,Jan-24
A TREASURE TROVE,PUNGGOL WALK,19,Non-Landed Properties,3,"5,100",110 to 120,"1,200 to 1,300",Jan-24
WATERTOWN,PUNGGOL CENTRAL,19,Non-Landed Properties,1,"3,200",50 to 60,500 to 600,Jan-24
KOVAN REGENCY,KOVAN RISE,19,Non-Landed Properties,3,"5,300",100 to 110,"1,100 to 1,200",Jan-24
KINGSFORD WATERBAY,UPPER SERANGOON VIEW,19,Non-Landed Properties,3,"3,900",80 to 90,800 to 900,Jan-24
THE TEMBUSU,TAMPINES ROAD,19,Non-Landed Properties,2,"3,400",70 to 80,700 to 800,Jan-24
WATERTOWN,PUNGGOL CENTRAL,19,Non-Landed Properties,NA,"3,300",50 to 60,600 to 700,Jan-24
CHILTERN PARK,SERANGOON AVENUE 3,19,Non-Landed Properties,2,"3,900",80 to 90,"900 to 1,000",Jan-24
CARDIFF RESIDENCE,CARDIFF GROVE,19,Non-Landed Properties,1,"2,800",30 to 40,400 to 500,Jan-24
THE LILIUM,HOW SUN ROAD,19,Non-Landed Properties,4,"8,200",180 to 190,"1,900 to 2,000",Jan-24
KOVAN MELODY,KOVAN ROAD,19,Non-Landed Properties,2,"3,900",80 to 90,800 to 900,Jan-24
PARC CENTROS,PUNGGOL CENTRAL,19,Non-Landed Properties,1,"3,000",40 to 50,400 to 500,Jan-24
RIVERFRONT RESIDENCES,HOUGANG AVENUE 7,19,Non-Landed Properties,3,"5,000",100 to 110,"1,100 to 1,200",Jan-24
RIVERFRONT RESIDENCES,HOUGANG AVENUE 7,19,Non-Landed Properties,1,"3,600",40 to 50,400 to 500,Jan-24
KENSINGTON SQUARE,JALAN LOKAM,19,Non-Landed Properties,2,"3,900",80 to 90,"900 to 1,000",Jan-24
RIVERFRONT RESIDENCES,HOUGANG AVENUE 7,19,Non-Landed Properties,1,"2,800",40 to 50,400 to 500,Jan-24
LA FIESTA,SENGKANG SQUARE,19,Non-Landed Properties,2,"3,400",60 to 70,700 to 800,Jan-24
AFFINITY AT SERANGOON,SERANGOON NORTH AVENUE 1,19,Non-Landed Properties,1,"3,600",60 to 70,700 to 800,Jan-24
CHUAN PARK (DEMOLISHED),LORONG CHUAN,19,Non-Landed Properties,2,"3,000",100 to 110,"1,100 to 1,200",Jan-24
ROSALIA PARK,LORONG ONG LYE,19,Non-Landed Properties,2,"3,800",100 to 110,"1,100 to 1,200",Jan-24
WATERTOWN,PUNGGOL CENTRAL,19,Non-Landed Properties,3,"5,200",120 to 130,"1,300 to 1,400",Jan-24
WATERTOWN,PUNGGOL CENTRAL,19,Non-Landed Properties,2,"4,000",70 to 80,800 to 900,Jan-24
BARTLEY RESIDENCES,LORONG HOW SUN,19,Non-Landed Properties,3,"5,000",100 to 110,"1,100 to 1,200",Jan-24
CARDIFF RESIDENCE,CARDIFF GROVE,19,Non-Landed Properties,2,"3,500",50 to 60,600 to 700,Jan-24
BARTLEY RESIDENCES,LORONG HOW SUN,19,Non-Landed Properties,3,"5,250",100 to 110,"1,000 to 1,100",Jan-24
NOUVELLE PARK,POH HUAT ROAD WEST,19,Non-Landed Properties,3,"2,900",100 to 110,"1,100 to 1,200",Jan-24
KOVAN REGENCY,KOVAN RISE,19,Non-Landed Properties,3,"5,350",100 to 110,"1,100 to 1,200",Jan-24
THE GARDEN RESIDENCES,SERANGOON NORTH VIEW,19,Non-Landed Properties,1,"3,000",40 to 50,400 to 500,Jan-24
SUITES @ PAYA LEBAR,UPPER PAYA LEBAR ROAD,19,Non-Landed Properties,1,"2,350",30 to 40,300 to 400,Jan-24
KOVAN MELODY,KOVAN ROAD,19,Non-Landed Properties,3,"5,300",110 to 120,"1,200 to 1,300",Jan-24
RIO VISTA,UPPER SERANGOON VIEW,19,Non-Landed Properties,3,"4,000",110 to 120,"1,200 to 1,300",Jan-24
CHILTERN PARK,SERANGOON AVENUE 3,19,Non-Landed Properties,3,"4,700",120 to 130,"1,300 to 1,400",Jan-24
KOVAN REGENCY,KOVAN RISE,19,Non-Landed Properties,1,"2,900",50 to 60,500 to 600,Jan-24
RIVERFRONT RESIDENCES,HOUGANG AVENUE 7,19,Non-Landed Properties,1,"2,900",40 to 50,500 to 600,Jan-24
THE SCALA,SERANGOON AVENUE 3,19,Non-Landed Properties,1,"3,100",40 to 50,400 to 500,Jan-24
BOTANIQUE AT BARTLEY,UPPER PAYA LEBAR ROAD,19,Non-Landed Properties,2,"3,400",60 to 70,600 to 700,Jan-24
REGENTVILLE,HOUGANG STREET 92,19,Non-Landed Properties,2,"3,600",90 to 100,"900 to 1,000",Jan-24
SPACE @ KOVAN,YIO CHU KANG ROAD,19,Non-Landed Properties,1,"2,600",30 to 40,400 to 500,Jan-24
REGENTVILLE,HOUGANG STREET 92,19,Non-Landed Properties,3,"4,250",100 to 110,"1,100 to 1,200",Jan-24
RIVERSAILS,UPPER SERANGOON CRESCENT,19,Non-Landed Properties,4,"4,900",120 to 130,"1,300 to 1,400",Jan-24
KOVAN REGENCY,KOVAN RISE,19,Non-Landed Properties,3,"4,800",90 to 100,"1,000 to 1,100",Jan-24
THE GAZANIA,HOW SUN DRIVE,19,Non-Landed Properties,2,"3,800",50 to 60,600 to 700,Jan-24
PARC CENTROS,PUNGGOL CENTRAL,19,Non-Landed Properties,1,"2,800",40 to 50,400 to 500,Jan-24
CENTRAL VIEW,HOUGANG STREET 11,19,Non-Landed Properties,2,"3,700",90 to 100,"900 to 1,000",Jan-24
RIVERFRONT RESIDENCES,HOUGANG AVENUE 7,19,Non-Landed Properties,1,"2,950",40 to 50,500 to 600,Jan-24
WATERTOWN,PUNGGOL CENTRAL,19,Non-Landed Properties,1,"3,300",50 to 60,500 to 600,Jan-24
AFFINITY AT SERANGOON,SERANGOON NORTH AVENUE 1,19,Non-Landed Properties,1,"3,000",40 to 50,400 to 500,Jan-24
LA FIESTA,SENGKANG SQUARE,19,Non-Landed Properties,2,"3,500",60 to 70,700 to 800,Jan-24
SPAZIO @ KOVAN,UPPER SERANGOON ROAD,19,Non-Landed Properties,3,"3,100",70 to 80,700 to 800,Jan-24
VIBES@UPPER SERANGOON,UPPER SERANGOON ROAD,19,Non-Landed Properties,1,"2,200",30 to 40,300 to 400,Jan-24
TERRASSE,TERRASSE LANE,19,Non-Landed Properties,2,"3,600",60 to 70,700 to 800,Jan-24
RIVER ISLES,EDGEDALE PLAINS,19,Non-Landed Properties,3,"2,550",110 to 120,"1,200 to 1,300",Jan-24
MIDTOWN RESIDENCES,UPPER SERANGOON ROAD,19,Non-Landed Properties,2,"3,400",60 to 70,600 to 700,Jan-24
WATERTOWN,PUNGGOL CENTRAL,19,Non-Landed Properties,1,"3,100",50 to 60,500 to 600,Jan-24
RIO VISTA,UPPER SERANGOON VIEW,19,Non-Landed Properties,3,"4,100",110 to 120,"1,200 to 1,300",Jan-24
THE SCALA,SERANGOON AVENUE 3,19,Non-Landed Properties,3,"5,500",90 to 100,"1,000 to 1,100",Jan-24
JADE RESIDENCES,LEW LIAN VALE,19,Non-Landed Properties,3,"3,600",80 to 90,"900 to 1,000",Jan-24
FOREST WOODS,LORONG LEW LIAN,19,Non-Landed Properties,3,"5,000",90 to 100,"900 to 1,000",Jan-24
THE FLORENCE RESIDENCES,HOUGANG AVENUE 2,19,Non-Landed Properties,NA,"3,250",50 to 60,600 to 700,Jan-24
SUITES @ PAYA LEBAR,UPPER PAYA LEBAR ROAD,19,Non-Landed Properties,1,"2,500",30 to 40,300 to 400,Jan-24
RIVERFRONT RESIDENCES,HOUGANG AVENUE 7,19,Non-Landed Properties,1,"3,100",40 to 50,500 to 600,Jan-24
RIVERFRONT RESIDENCES,HOUGANG AVENUE 7,19,Non-Landed Properties,2,"3,400",50 to 60,600 to 700,Jan-24
THE SCALA,SERANGOON AVENUE 3,19,Non-Landed Properties,2,"4,390",70 to 80,800 to 900,Jan-24
RIVERFRONT RESIDENCES,HOUGANG AVENUE 7,19,Non-Landed Properties,2,"3,300",50 to 60,600 to 700,Jan-24
PARC VERA,HOUGANG STREET 32,19,Non-Landed Properties,2,"3,350",80 to 90,800 to 900,Jan-24
FLO RESIDENCE,PUNGGOL FIELD WALK,19,Non-Landed Properties,2,"3,700",80 to 90,800 to 900,Jan-24
RIVERFRONT RESIDENCES,HOUGANG AVENUE 7,19,Non-Landed Properties,2,"3,400",60 to 70,700 to 800,Jan-24
THE FLORENCE RESIDENCES,HOUGANG AVENUE 2,19,Non-Landed Properties,NA,"3,050",40 to 50,500 to 600,Jan-24
FOREST WOODS,LORONG LEW LIAN,19,Non-Landed Properties,2,"4,000",60 to 70,700 to 800,Jan-24
THE FLORENCE RESIDENCES,HOUGANG AVENUE 2,19,Non-Landed Properties,NA,"3,200",50 to 60,600 to 700,Jan-24
CHUAN PARK (DEMOLISHED),LORONG CHUAN,19,Non-Landed Properties,2,"2,800",60 to 70,700 to 800,Jan-24
KINGSFORD WATERBAY,UPPER SERANGOON VIEW,19,Non-Landed Properties,2,"2,700",50 to 60,600 to 700,Jan-24
KOVAN RESIDENCES,KOVAN ROAD,19,Non-Landed Properties,2,"4,200",80 to 90,800 to 900,Jan-24
WATERTOWN,PUNGGOL CENTRAL,19,Non-Landed Properties,NA,"3,200",50 to 60,600 to 700,Jan-24
FOREST WOODS,LORONG LEW LIAN,19,Non-Landed Properties,2,"3,750",60 to 70,600 to 700,Jan-24
KOVAN RESIDENCES,KOVAN ROAD,19,Non-Landed Properties,3,"5,850",110 to 120,"1,200 to 1,300",Jan-24
KENSINGTON SQUARE,JALAN LOKAM,19,Non-Landed Properties,2,"3,300",50 to 60,600 to 700,Jan-24
THE TEMBUSU,TAMPINES ROAD,19,Non-Landed Properties,2,"3,400",70 to 80,700 to 800,Jan-24
THE GARDEN RESIDENCES,SERANGOON NORTH VIEW,19,Non-Landed Properties,1,"3,200",40 to 50,400 to 500,Jan-24
D'HIRO@HILLSIDE,HILLSIDE DRIVE,19,Non-Landed Properties,3,"3,900",100 to 110,"1,100 to 1,200",Jan-24
THE GARDEN RESIDENCES,SERANGOON NORTH VIEW,19,Non-Landed Properties,2,"3,900",60 to 70,600 to 700,Jan-24
LA FIESTA,SENGKANG SQUARE,19,Non-Landed Properties,2,"3,400",60 to 70,700 to 800,Jan-24
WATERTOWN,PUNGGOL CENTRAL,19,Non-Landed Properties,1,"3,200",50 to 60,500 to 600,Jan-24
AFFINITY AT SERANGOON,SERANGOON NORTH AVENUE 1,19,Non-Landed Properties,1,"3,000",50 to 60,500 to 600,Jan-24
JEWEL @ BUANGKOK,COMPASSVALE BOW,19,Non-Landed Properties,2,"3,500",60 to 70,700 to 800,Jan-24
BARTLEY RESIDENCES,LORONG HOW SUN,19,Non-Landed Properties,1,"3,000",40 to 50,400 to 500,Jan-24
THE FLORENCE RESIDENCES,HOUGANG AVENUE 2,19,Non-Landed Properties,NA,"4,300",80 to 90,"900 to 1,000",Jan-24
SENGKANG GRAND RESIDENCES,COMPASSVALE BOW,19,Non-Landed Properties,NA,"2,950",40 to 50,400 to 500,Jan-24
STARS OF KOVAN,UPPER SERANGOON ROAD,19,Non-Landed Properties,2,"3,800",70 to 80,700 to 800,Jan-24
RIVERFRONT RESIDENCES,HOUGANG AVENUE 7,19,Non-Landed Properties,1,"2,850",40 to 50,500 to 600,Jan-24
RIVERSOUND RESIDENCE,SENGKANG EAST AVENUE,19,Non-Landed Properties,3,"3,800",80 to 90,"900 to 1,000",Jan-24
AFFINITY AT SERANGOON,SERANGOON NORTH AVENUE 1,19,Non-Landed Properties,1,"3,200",40 to 50,400 to 500,Jan-24
THE SCALA,SERANGOON AVENUE 3,19,Non-Landed Properties,1,"3,400",40 to 50,400 to 500,Jan-24
A TREASURE TROVE,PUNGGOL WALK,19,Non-Landed Properties,3,"4,450",110 to 120,"1,200 to 1,300",Jan-24
THE FLORENCE RESIDENCES,HOUGANG AVENUE 2,19,Non-Landed Properties,NA,"4,000",80 to 90,"900 to 1,000",Jan-24
PARC VERA,HOUGANG STREET 32,19,Non-Landed Properties,2,"3,100",60 to 70,700 to 800,Jan-24
RIVERFRONT RESIDENCES,HOUGANG AVENUE 7,19,Non-Landed Properties,2,"3,000",50 to 60,600 to 700,Jan-24
FLO RESIDENCE,PUNGGOL FIELD WALK,19,Non-Landed Properties,3,"4,200",90 to 100,"1,000 to 1,100",Jan-24
KOVAN REGENCY,KOVAN RISE,19,Non-Landed Properties,3,"5,300",100 to 110,"1,100 to 1,200",Jan-24
LA FIESTA,SENGKANG SQUARE,19,Non-Landed Properties,2,"3,500",70 to 80,700 to 800,Jan-24
THE WATERLINE,POH HUAT ROAD WEST,19,Non-Landed Properties,1,"2,600",40 to 50,500 to 600,Jan-24
BOTANIQUE AT BARTLEY,UPPER PAYA LEBAR ROAD,19,Non-Landed Properties,2,"3,600",60 to 70,600 to 700,Jan-24
BOTANIQUE AT BARTLEY,UPPER PAYA LEBAR ROAD,19,Non-Landed Properties,2,"2,700",60 to 70,700 to 800,Jan-24
PARC CENTROS,PUNGGOL CENTRAL,19,Non-Landed Properties,2,"3,500",70 to 80,700 to 800,Jan-24
KINGSFORD WATERBAY,UPPER SERANGOON VIEW,19,Non-Landed Properties,2,"3,150",60 to 70,600 to 700,Jan-24
KINGSFORD WATERBAY,UPPER SERANGOON VIEW,19,Non-Landed Properties,2,"3,800",80 to 90,800 to 900,Jan-24
WATERTOWN,PUNGGOL CENTRAL,19,Non-Landed Properties,3,"5,800",100 to 110,"1,100 to 1,200",Jan-24
BOTANIQUE AT BARTLEY,UPPER PAYA LEBAR ROAD,19,Non-Landed Properties,2,"3,800",60 to 70,700 to 800,Jan-24
FLO RESIDENCE,PUNGGOL FIELD WALK,19,Non-Landed Properties,2,"3,400",80 to 90,800 to 900,Jan-24
THE SCALA,SERANGOON AVENUE 3,19,Non-Landed Properties,1,"3,400",40 to 50,400 to 500,Jan-24
KENSINGTON PARK CONDOMINIUM,KENSINGTON PARK DRIVE,19,Non-Landed Properties,3,"5,600",160 to 170,"1,700 to 1,800",Jan-24
CASA CAMBIO,LIM TUA TOW ROAD,19,Non-Landed Properties,2,"3,400",60 to 70,700 to 800,Jan-24
THE FLORENCE RESIDENCES,HOUGANG AVENUE 2,19,Non-Landed Properties,NA,"3,700",60 to 70,600 to 700,Jan-24
RIVER ISLES,EDGEDALE PLAINS,19,Non-Landed Properties,NA,"2,800",50 to 60,500 to 600,Jan-24
SUNGLADE,SERANGOON AVENUE 2,19,Non-Landed Properties,3,"5,200",100 to 110,"1,100 to 1,200",Jan-24
A TREASURE TROVE,PUNGGOL WALK,19,Non-Landed Properties,2,"3,800",70 to 80,700 to 800,Jan-24
AFFINITY AT SERANGOON,SERANGOON NORTH AVENUE 1,19,Non-Landed Properties,2,"3,800",70 to 80,700 to 800,Jan-24
BARTLEY RESIDENCES,LORONG HOW SUN,19,Non-Landed Properties,2,"4,000",70 to 80,700 to 800,Jan-24
THE FLORENCE RESIDENCES,HOUGANG AVENUE 2,19,Non-Landed Properties,NA,"2,800",40 to 50,400 to 500,Jan-24
BARTLEY RESIDENCES,LORONG HOW SUN,19,Non-Landed Properties,2,"3,950",70 to 80,700 to 800,Jan-24
AFFINITY AT SERANGOON,SERANGOON NORTH AVENUE 1,19,Non-Landed Properties,3,"5,200",100 to 110,"1,100 to 1,200",Jan-24
WATERTOWN,PUNGGOL CENTRAL,19,Non-Landed Properties,1,"3,500",50 to 60,600 to 700,Jan-24
FLO RESIDENCE,PUNGGOL FIELD WALK,19,Non-Landed Properties,4,"4,800",110 to 120,"1,200 to 1,300",Jan-24
FLO RESIDENCE,PUNGGOL FIELD WALK,19,Non-Landed Properties,3,"4,600",80 to 90,"900 to 1,000",Jan-24
RIVERFRONT RESIDENCES,HOUGANG AVENUE 7,19,Non-Landed Properties,2,"3,650",60 to 70,700 to 800,Jan-24
RIVERSAILS,UPPER SERANGOON CRESCENT,19,Non-Landed Properties,2,"3,700",80 to 90,"900 to 1,000",Jan-24
BOATHOUSE RESIDENCES,UPPER SERANGOON VIEW,19,Non-Landed Properties,3,"3,950",90 to 100,"1,000 to 1,100",Jan-24
BARTLEY RESIDENCES,LORONG HOW SUN,19,Non-Landed Properties,1,"2,900",40 to 50,400 to 500,Jan-24
WATERTOWN,PUNGGOL CENTRAL,19,Non-Landed Properties,NA,"3,000",50 to 60,600 to 700,Jan-24
THE FLORENCE RESIDENCES,HOUGANG AVENUE 2,19,Non-Landed Properties,NA,"3,600",60 to 70,600 to 700,Jan-24
THE SCALA,SERANGOON AVENUE 3,19,Non-Landed Properties,3,"5,500",90 to 100,"1,000 to 1,100",Jan-24
PARC CENTROS,PUNGGOL CENTRAL,19,Non-Landed Properties,1,"3,000",40 to 50,400 to 500,Jan-24
AFFINITY AT SERANGOON,SERANGOON NORTH AVENUE 1,19,Non-Landed Properties,1,"2,750",40 to 50,400 to 500,Jan-24
THE CHUAN,LORONG CHUAN,19,Non-Landed Properties,3,"7,000",120 to 130,"1,300 to 1,400",Jan-24
JADE RESIDENCES,LEW LIAN VALE,19,Non-Landed Properties,2,"3,200",40 to 50,500 to 600,Jan-24
NON-LANDED HOUSING DEVELOPMENT,UPPER SERANGOON ROAD,19,Non-Landed Properties,NA,"3,000",130 to 140,"1,400 to 1,500",Jan-24
THE FLORENCE RESIDENCES,HOUGANG AVENUE 2,19,Non-Landed Properties,NA,"4,250",80 to 90,"900 to 1,000",Jan-24
RESIDENCES BOTANIQUE,YIO CHU KANG ROAD,19,Non-Landed Properties,NA,"2,600",40 to 50,500 to 600,Jan-24
KINGSFORD WATERBAY,UPPER SERANGOON VIEW,19,Non-Landed Properties,2,"3,000",50 to 60,600 to 700,Jan-24
HOUGANG GREEN,BUANGKOK GREEN,19,Non-Landed Properties,3,"4,200",100 to 110,"1,100 to 1,200",Jan-24
THE FLORENCE RESIDENCES,HOUGANG AVENUE 2,19,Non-Landed Properties,NA,"5,000",90 to 100,"1,000 to 1,100",Jan-24
THE CHUAN,LORONG CHUAN,19,Non-Landed Properties,2,"4,800",80 to 90,"900 to 1,000",Jan-24
JEWEL @ BUANGKOK,COMPASSVALE BOW,19,Non-Landed Properties,3,"4,000",80 to 90,"900 to 1,000",Jan-24
WATERTOWN,PUNGGOL CENTRAL,19,Non-Landed Properties,NA,"3,500",50 to 60,500 to 600,Jan-24
CASA CAMBIO,LIM TUA TOW ROAD,19,Non-Landed Properties,1,"2,700",30 to 40,400 to 500,Jan-24
THE MINTON,HOUGANG STREET 11,19,Non-Landed Properties,2,"4,000",90 to 100,"900 to 1,000",Jan-24
COMPASS HEIGHTS,SENGKANG SQUARE,19,Non-Landed Properties,3,"4,800",120 to 130,"1,200 to 1,300",Jan-24
REGENTVILLE,HOUGANG STREET 92,19,Non-Landed Properties,3,"3,850",100 to 110,"1,100 to 1,200",Jan-24
PARC CENTROS,PUNGGOL CENTRAL,19,Non-Landed Properties,3,"3,800",90 to 100,"900 to 1,000",Jan-24
NON-LANDED HOUSING DEVELOPMENT,UPPER PAYA LEBAR ROAD,19,Non-Landed Properties,3,"4,000",100 to 110,"1,100 to 1,200",Jan-24
CHUAN PARK (DEMOLISHED),LORONG CHUAN,19,Non-Landed Properties,2,"2,600",60 to 70,700 to 800,Jan-24
PARC CENTROS,PUNGGOL CENTRAL,19,Non-Landed Properties,1,"3,000",40 to 50,400 to 500,Jan-24
THE SCALA,SERANGOON AVENUE 3,19,Non-Landed Properties,2,"4,700",70 to 80,800 to 900,Jan-24
BARTLEY RESIDENCES,LORONG HOW SUN,19,Non-Landed Properties,2,"3,600",80 to 90,800 to 900,Jan-24
NAUNG RESIDENCE,JALAN NAUNG,19,Non-Landed Properties,2,"3,000",60 to 70,700 to 800,Jan-24
THE QUINN,BARTLEY ROAD,19,Non-Landed Properties,2,"3,800",70 to 80,800 to 900,Jan-24
NON-LANDED HOUSING DEVELOPMENT,UPPER SERANGOON ROAD,19,Non-Landed Properties,NA,"3,100",100 to 110,"1,100 to 1,200",Jan-24
PARK RESIDENCES KOVAN,UPPER SERANGOON ROAD,19,Non-Landed Properties,1,"2,800",30 to 40,300 to 400,Jan-24
THE SPRINGBLOOM,SERANGOON AVENUE 3,19,Non-Landed Properties,3,"5,000",120 to 130,"1,300 to 1,400",Jan-24
CHILTERN PARK,SERANGOON AVENUE 3,19,Non-Landed Properties,2,"4,000",80 to 90,"900 to 1,000",Jan-24
RIVER ISLES,EDGEDALE PLAINS,19,Non-Landed Properties,4,"4,500",110 to 120,"1,200 to 1,300",Jan-24
THE MINTON,HOUGANG STREET 11,19,Non-Landed Properties,2,"4,100",90 to 100,"900 to 1,000",Jan-24
REGENTVILLE,HOUGANG STREET 92,19,Non-Landed Properties,3,"4,000",100 to 110,"1,100 to 1,200",Jan-24
RIVERFRONT RESIDENCES,HOUGANG AVENUE 7,19,Non-Landed Properties,2,"3,900",80 to 90,"900 to 1,000",Jan-24
NON-LANDED HOUSING DEVELOPMENT,KOVAN ROAD,19,Non-Landed Properties,3,"3,500",170 to 180,"1,800 to 1,900",Jan-24
NON-LANDED HOUSING DEVELOPMENT,UPPER SERANGOON ROAD,19,Non-Landed Properties,NA,"4,000",80 to 90,"900 to 1,000",Jan-24
STARS OF KOVAN,UPPER SERANGOON ROAD,19,Non-Landed Properties,1,"2,700",40 to 50,500 to 600,Jan-24
THE GARDEN RESIDENCES,SERANGOON NORTH VIEW,19,Non-Landed Properties,1,"3,000",40 to 50,500 to 600,Jan-24
LA FIESTA,SENGKANG SQUARE,19,Non-Landed Properties,2,"3,600",60 to 70,700 to 800,Jan-24
KOVAN RESIDENCES,KOVAN ROAD,19,Non-Landed Properties,2,"4,400",80 to 90,800 to 900,Jan-24
THE FLORENCE RESIDENCES,HOUGANG AVENUE 2,19,Non-Landed Properties,NA,"4,400",80 to 90,"900 to 1,000",Jan-24
CHERRYHILL,LORONG LEW LIAN,19,Non-Landed Properties,3,"4,800",140 to 150,"1,500 to 1,600",Jan-24
VIBES@UPPER SERANGOON,UPPER SERANGOON ROAD,19,Non-Landed Properties,1,"2,900",40 to 50,400 to 500,Jan-24
BARTLEY RESIDENCES,LORONG HOW SUN,19,Non-Landed Properties,1,"2,800",40 to 50,400 to 500,Jan-24
HILBRE28,HILLSIDE DRIVE,19,Non-Landed Properties,3,"4,300",70 to 80,800 to 900,Jan-24
PARC CENTROS,PUNGGOL CENTRAL,19,Non-Landed Properties,3,"3,900",90 to 100,"900 to 1,000",Jan-24
COMPASS HEIGHTS,SENGKANG SQUARE,19,Non-Landed Properties,2,"3,400",90 to 100,"1,000 to 1,100",Jan-24
WATERTOWN,PUNGGOL CENTRAL,19,Non-Landed Properties,1,"3,200",50 to 60,500 to 600,Jan-24
FOREST WOODS,LORONG LEW LIAN,19,Non-Landed Properties,3,"5,700",90 to 100,"1,000 to 1,100",Jan-24
RIVERFRONT RESIDENCES,HOUGANG AVENUE 7,19,Non-Landed Properties,1,"2,950",40 to 50,500 to 600,Jan-24
CASA CAMBIO,LIM TUA TOW ROAD,19,Non-Landed Properties,2,"3,000",40 to 50,400 to 500,Jan-24
AMARANDA GARDENS,SERANGOON AVENUE 3,19,Non-Landed Properties,4,"6,250",130 to 140,"1,400 to 1,500",Jan-24
WATERTOWN,PUNGGOL CENTRAL,19,Non-Landed Properties,1,"3,300",50 to 60,500 to 600,Jan-24
RIVERFRONT RESIDENCES,HOUGANG AVENUE 7,19,Non-Landed Properties,1,"2,700",40 to 50,400 to 500,Jan-24
KOVAN MELODY,KOVAN ROAD,19,Non-Landed Properties,3,"5,200",110 to 120,"1,200 to 1,300",Jan-24
REGENTVILLE,HOUGANG STREET 92,19,Non-Landed Properties,2,"3,600",90 to 100,"900 to 1,000",Jan-24
THE QUARTZ,COMPASSVALE BOW,19,Non-Landed Properties,NA,"4,000",100 to 110,"1,100 to 1,200",Jan-24
THE PROMENADE@PELIKAT,JALAN PELIKAT,19,Non-Landed Properties,2,"3,600",80 to 90,800 to 900,Jan-24
NAUNG RESIDENCE,JALAN NAUNG,19,Non-Landed Properties,2,"4,300",80 to 90,"900 to 1,000",Jan-24
FLO RESIDENCE,PUNGGOL FIELD WALK,19,Non-Landed Properties,2,"3,500",70 to 80,700 to 800,Jan-24
THE SCALA,SERANGOON AVENUE 3,19,Non-Landed Properties,2,"4,300",80 to 90,"900 to 1,000",Jan-24
THE LUXURIE,COMPASSVALE ROAD,19,Non-Landed Properties,2,"3,800",70 to 80,700 to 800,Jan-24
WATERTOWN,PUNGGOL CENTRAL,19,Non-Landed Properties,1,"3,200",50 to 60,500 to 600,Jan-24
RIVERSAILS,UPPER SERANGOON CRESCENT,19,Non-Landed Properties,2,"3,600",80 to 90,800 to 900,Jan-24
PRIMO RESIDENCES,JALAN PELIKAT,19,Non-Landed Properties,3,"4,000",100 to 110,"1,100 to 1,200",Jan-24
RIVERFRONT RESIDENCES,HOUGANG AVENUE 7,19,Non-Landed Properties,2,"3,500",50 to 60,600 to 700,Jan-24
WATERTOWN,PUNGGOL CENTRAL,19,Non-Landed Properties,NA,"2,700",50 to 60,600 to 700,Jan-24
JADE RESIDENCES,LEW LIAN VALE,19,Non-Landed Properties,3,"3,000",70 to 80,800 to 900,Jan-24
RIVER ISLES,EDGEDALE PLAINS,19,Non-Landed Properties,NA,"2,400",40 to 50,400 to 500,Jan-24
WATERTOWN,PUNGGOL CENTRAL,19,Non-Landed Properties,1,"2,900",40 to 50,500 to 600,Jan-24
RIVERSAILS,UPPER SERANGOON CRESCENT,19,Non-Landed Properties,3,"4,000",90 to 100,"1,000 to 1,100",Jan-24
RIVERFRONT RESIDENCES,HOUGANG AVENUE 7,19,Non-Landed Properties,1,"3,200",50 to 60,600 to 700,Jan-24
SPACE @ KOVAN,YIO CHU KANG ROAD,19,Non-Landed Properties,1,"2,600",30 to 40,400 to 500,Jan-24
A TREASURE TROVE,PUNGGOL WALK,19,Non-Landed Properties,3,"4,900",110 to 120,"1,200 to 1,300",Jan-24
BARTLEY RESIDENCES,LORONG HOW SUN,19,Non-Landed Properties,3,"4,600",90 to 100,"1,000 to 1,100",Jan-24
CHUAN PARK (DEMOLISHED),LORONG CHUAN,19,Non-Landed Properties,2,"4,200",100 to 110,"1,100 to 1,200",Jan-24
THE FLORENCE RESIDENCES,HOUGANG AVENUE 2,19,Non-Landed Properties,NA,"2,950",40 to 50,400 to 500,Jan-24
RIVERSAILS,UPPER SERANGOON CRESCENT,19,Non-Landed Properties,1,"2,600",40 to 50,500 to 600,Jan-24
PRESTO@UPPER SERANGOON,UPPER SERANGOON ROAD,19,Non-Landed Properties,1,"2,100",30 to 40,400 to 500,Jan-24
RIVER ISLES,EDGEDALE PLAINS,19,Non-Landed Properties,3,"3,700",80 to 90,800 to 900,Jan-24
PARC CENTROS,PUNGGOL CENTRAL,19,Non-Landed Properties,3,"4,000",90 to 100,"900 to 1,000",Jan-24
KENSINGTON PARK CONDOMINIUM,KENSINGTON PARK DRIVE,19,Non-Landed Properties,3,"5,300",150 to 160,"1,600 to 1,700",Jan-24
WATERTOWN,PUNGGOL CENTRAL,19,Non-Landed Properties,2,"4,800",80 to 90,"900 to 1,000",Jan-24
LA FIESTA,SENGKANG SQUARE,19,Non-Landed Properties,3,"4,000",100 to 110,"1,100 to 1,200",Jan-24
KOVAN PRIMERA,KOVAN ROAD,19,Non-Landed Properties,2,"3,200",80 to 90,"900 to 1,000",Jan-24
PARC VERA,HOUGANG STREET 32,19,Non-Landed Properties,3,"5,100",100 to 110,"1,100 to 1,200",Jan-24
FRAGRANT GARDENS,UPPER PAYA LEBAR ROAD,19,Non-Landed Properties,2,"3,200",70 to 80,800 to 900,Jan-24
THE TEMBUSU,TAMPINES ROAD,19,Non-Landed Properties,3,"4,800",110 to 120,"1,200 to 1,300",Jan-24
RIVERFRONT RESIDENCES,HOUGANG AVENUE 7,19,Non-Landed Properties,3,"4,000",80 to 90,"900 to 1,000",Jan-24
SANCTUARY @ 813,UPPER SERANGOON ROAD,19,Non-Landed Properties,1,"2,850",40 to 50,500 to 600,Jan-24
THE FLORENCE RESIDENCES,HOUGANG AVENUE 2,19,Non-Landed Properties,NA,"3,200",70 to 80,700 to 800,Jan-24
CARDIFF RESIDENCE,CARDIFF GROVE,19,Non-Landed Properties,2,"2,700",40 to 50,500 to 600,Jan-24
RIVERSAILS,UPPER SERANGOON CRESCENT,19,Non-Landed Properties,2,"3,400",70 to 80,800 to 900,Jan-24
AFFINITY AT SERANGOON,SERANGOON NORTH AVENUE 1,19,Non-Landed Properties,1,"3,300",60 to 70,600 to 700,Jan-24
EVANIA,UPPER PAYA LEBAR ROAD,19,Non-Landed Properties,3,"4,500",110 to 120,"1,200 to 1,300",Jan-24
BARTLEY RESIDENCES,LORONG HOW SUN,19,Non-Landed Properties,2,"5,100",80 to 90,"900 to 1,000",Jan-24
BARTLEY RESIDENCES,LORONG HOW SUN,19,Non-Landed Properties,2,"3,600",70 to 80,700 to 800,Jan-24
A TREASURE TROVE,PUNGGOL WALK,19,Non-Landed Properties,3,"4,500",90 to 100,"1,000 to 1,100",Jan-24
BARTLEY RESIDENCES,LORONG HOW SUN,19,Non-Landed Properties,3,"4,800",100 to 110,"1,000 to 1,100",Jan-24
CHERRYHILL,LORONG LEW LIAN,19,Non-Landed Properties,2,"5,000",90 to 100,"1,000 to 1,100",Jan-24
AFFINITY AT SERANGOON,SERANGOON NORTH AVENUE 1,19,Non-Landed Properties,3,"5,100",100 to 110,"1,100 to 1,200",Jan-24
SPACE @ KOVAN,YIO CHU KANG ROAD,19,Non-Landed Properties,2,"3,000",50 to 60,600 to 700,Jan-24
THE MINTON,HOUGANG STREET 11,19,Non-Landed Properties,2,"4,000",90 to 100,"900 to 1,000",Jan-24
TRILIVE,TAMPINES ROAD,19,Non-Landed Properties,2,"3,200",50 to 60,600 to 700,Jan-24
THE MINTON,HOUGANG STREET 11,19,Non-Landed Properties,3,"5,800",130 to 140,"1,400 to 1,500",Jan-24
BARTLEY RESIDENCES,LORONG HOW SUN,19,Non-Landed Properties,2,"3,800",70 to 80,700 to 800,Jan-24
THE FLORENCE RESIDENCES,HOUGANG AVENUE 2,19,Non-Landed Properties,NA,"3,600",60 to 70,600 to 700,Jan-24
CHERRYHILL,LORONG LEW LIAN,19,Non-Landed Properties,3,"3,000",130 to 140,"1,300 to 1,400",Jan-24
CASA CAMBIO,LIM TUA TOW ROAD,19,Non-Landed Properties,2,"3,500",70 to 80,700 to 800,Jan-24
RIVERFRONT RESIDENCES,HOUGANG AVENUE 7,19,Non-Landed Properties,3,"3,200",70 to 80,700 to 800,Jan-24
TERRASSE,TERRASSE LANE,19,Non-Landed Properties,3,"4,300",100 to 110,"1,100 to 1,200",Jan-24
RESIDENCES BOTANIQUE,YIO CHU KANG ROAD,19,Non-Landed Properties,2,"3,400",80 to 90,800 to 900,Jan-24
JEWEL @ BUANGKOK,COMPASSVALE BOW,19,Non-Landed Properties,2,"3,600",60 to 70,700 to 800,Jan-24
WATERTOWN,PUNGGOL CENTRAL,19,Non-Landed Properties,2,"3,800",70 to 80,800 to 900,Jan-24
RIVERFRONT RESIDENCES,HOUGANG AVENUE 7,19,Non-Landed Properties,2,"3,400",50 to 60,600 to 700,Jan-24
SANCTUARY @ 813,UPPER SERANGOON ROAD,19,Non-Landed Properties,2,"4,200",80 to 90,800 to 900,Jan-24
TRILIVE,TAMPINES ROAD,19,Non-Landed Properties,2,"3,200",50 to 60,600 to 700,Jan-24
WATERTOWN,PUNGGOL CENTRAL,19,Non-Landed Properties,1,"3,200",50 to 60,500 to 600,Jan-24
RIVERFRONT RESIDENCES,HOUGANG AVENUE 7,19,Non-Landed Properties,2,"3,200",50 to 60,600 to 700,Jan-24
PARC VERA,HOUGANG STREET 32,19,Non-Landed Properties,3,"4,300",100 to 110,"1,100 to 1,200",Jan-24
THE GARDEN RESIDENCES,SERANGOON NORTH VIEW,19,Non-Landed Properties,1,"3,000",40 to 50,400 to 500,Jan-24
THE BENTLY RESIDENCES@KOVAN,KOVAN ROAD,19,Non-Landed Properties,2,"3,550",50 to 60,600 to 700,Jan-24
THE BENTLY RESIDENCES@KOVAN,KOVAN ROAD,19,Non-Landed Properties,1,"3,000",40 to 50,400 to 500,Jan-24
SUNGLADE,SERANGOON AVENUE 2,19,Non-Landed Properties,3,"5,200",110 to 120,"1,200 to 1,300",Jan-24
RIVERFRONT RESIDENCES,HOUGANG AVENUE 7,19,Non-Landed Properties,2,"3,400",50 to 60,600 to 700,Jan-24
THE FLORENCE RESIDENCES,HOUGANG AVENUE 2,19,Non-Landed Properties,NA,"3,400",50 to 60,600 to 700,Jan-24
RIVERSAILS,UPPER SERANGOON CRESCENT,19,Non-Landed Properties,3,"4,400",100 to 110,"1,100 to 1,200",Jan-24
THE LUXURIE,COMPASSVALE ROAD,19,Non-Landed Properties,3,"4,500",90 to 100,"1,000 to 1,100",Jan-24
WATERTOWN,PUNGGOL CENTRAL,19,Non-Landed Properties,1,"3,350",50 to 60,500 to 600,Jan-24
THE QUINN,BARTLEY ROAD,19,Non-Landed Properties,2,"3,800",100 to 110,"1,100 to 1,200",Jan-24
SPACE @ KOVAN,YIO CHU KANG ROAD,19,Non-Landed Properties,1,"2,600",40 to 50,400 to 500,Jan-24
D'ZIRE,ROBEY CRESCENT,19,Non-Landed Properties,2,"3,300",70 to 80,700 to 800,Jan-24
STARS OF KOVAN,UPPER SERANGOON ROAD,19,Non-Landed Properties,2,"4,200",60 to 70,700 to 800,Jan-24
AFFINITY AT SERANGOON,SERANGOON NORTH AVENUE 1,19,Non-Landed Properties,1,"2,900",50 to 60,500 to 600,Jan-24
CHUAN PARK (DEMOLISHED),LORONG CHUAN,19,Non-Landed Properties,2,"2,400",60 to 70,700 to 800,Jan-24
STARS OF KOVAN,UPPER SERANGOON ROAD,19,Non-Landed Properties,3,"5,250",80 to 90,"900 to 1,000",Dec-23
LA FIESTA,SENGKANG SQUARE,19,Non-Landed Properties,1,"3,000",40 to 50,400 to 500,Dec-23
THE FLORENCE RESIDENCES,HOUGANG AVENUE 2,19,Non-Landed Properties,NA,"2,700",40 to 50,400 to 500,Dec-23
KOVAN MELODY,KOVAN ROAD,19,Non-Landed Properties,4,"6,000",130 to 140,"1,400 to 1,500",Dec-23
AFFINITY AT SERANGOON,SERANGOON NORTH AVENUE 1,19,Non-Landed Properties,1,"2,800",40 to 50,400 to 500,Dec-23
RIO VISTA,UPPER SERANGOON VIEW,19,Non-Landed Properties,2,"3,500",90 to 100,"1,000 to 1,100",Dec-23
A TREASURE TROVE,PUNGGOL WALK,19,Non-Landed Properties,3,"4,200",90 to 100,"1,000 to 1,100",Dec-23
PARC VERA,HOUGANG STREET 32,19,Non-Landed Properties,2,"3,500",70 to 80,700 to 800,Dec-23
KINGSFORD WATERBAY,UPPER SERANGOON VIEW,19,Non-Landed Properties,1,"2,900",40 to 50,400 to 500,Dec-23
CHILTERN PARK,SERANGOON AVENUE 3,19,Non-Landed Properties,2,"3,300",80 to 90,"900 to 1,000",Dec-23
A TREASURE TROVE,PUNGGOL WALK,19,Non-Landed Properties,2,"3,600",70 to 80,700 to 800,Dec-23
FOREST WOODS,LORONG LEW LIAN,19,Non-Landed Properties,2,"3,800",60 to 70,600 to 700,Dec-23
LA FIESTA,SENGKANG SQUARE,19,Non-Landed Properties,2,"3,400",70 to 80,700 to 800,Dec-23
A TREASURE TROVE,PUNGGOL WALK,19,Non-Landed Properties,4,"4,700",120 to 130,"1,300 to 1,400",Dec-23
3@PHILLIPS,PHILLIPS AVENUE,19,Non-Landed Properties,2,"4,100",80 to 90,800 to 900,Dec-23
EVERGREEN PARK,HOUGANG AVENUE 7,19,Non-Landed Properties,3,"3,850",90 to 100,"1,000 to 1,100",Dec-23
AFFINITY AT SERANGOON,SERANGOON NORTH AVENUE 1,19,Non-Landed Properties,1,"3,000",50 to 60,500 to 600,Dec-23
BAYOU RESIDENCE,UPPER PAYA LEBAR ROAD,19,Non-Landed Properties,2,"3,500",100 to 110,"1,100 to 1,200",Dec-23
THE FLORENCE RESIDENCES,HOUGANG AVENUE 2,19,Non-Landed Properties,NA,"3,500",60 to 70,600 to 700,Dec-23
RIVERFRONT RESIDENCES,HOUGANG AVENUE 7,19,Non-Landed Properties,1,"3,350",50 to 60,600 to 700,Dec-23
THE MINTON,HOUGANG STREET 11,19,Non-Landed Properties,2,"4,500",100 to 110,"1,100 to 1,200",Dec-23
RIVERFRONT RESIDENCES,HOUGANG AVENUE 7,19,Non-Landed Properties,2,"3,400",50 to 60,600 to 700,Dec-23
THE FLORENCE RESIDENCES,HOUGANG AVENUE 2,19,Non-Landed Properties,NA,"3,400",50 to 60,600 to 700,Dec-23
RIVERSAILS,UPPER SERANGOON CRESCENT,19,Non-Landed Properties,2,"3,750",80 to 90,800 to 900,Dec-23
NON-LANDED HOUSING DEVELOPMENT,UPPER PAYA LEBAR ROAD,19,Non-Landed Properties,3,"4,600",100 to 110,"1,100 to 1,200",Dec-23
BAYOU RESIDENCE,UPPER PAYA LEBAR ROAD,19,Non-Landed Properties,3,"3,700",80 to 90,"900 to 1,000",Dec-23
THE FLORENCE RESIDENCES,HOUGANG AVENUE 2,19,Non-Landed Properties,NA,"2,850",40 to 50,400 to 500,Dec-23
CASA CAMBIO,LIM TUA TOW ROAD,19,Non-Landed Properties,2,"3,200",40 to 50,400 to 500,Dec-23
RIVERFRONT RESIDENCES,HOUGANG AVENUE 7,19,Non-Landed Properties,1,"2,900",40 to 50,500 to 600,Dec-23
KINGSFORD WATERBAY,UPPER SERANGOON VIEW,19,Non-Landed Properties,2,"3,300",60 to 70,600 to 700,Dec-23
NON-LANDED HOUSING DEVELOPMENT,LOWLAND ROAD,19,Non-Landed Properties,NA,"4,000",60 to 70,600 to 700,Dec-23
COMPASS HEIGHTS,SENGKANG SQUARE,19,Non-Landed Properties,1,"2,800",60 to 70,600 to 700,Dec-23
ROSALIA PARK,LORONG ONG LYE,19,Non-Landed Properties,3,"3,900",140 to 150,"1,500 to 1,600",Dec-23
WATERTOWN,PUNGGOL CENTRAL,19,Non-Landed Properties,1,"3,600",50 to 60,500 to 600,Dec-23
BARTLEY RESIDENCES,LORONG HOW SUN,19,Non-Landed Properties,3,"4,600",90 to 100,"1,000 to 1,100",Dec-23
THE FLORENCE RESIDENCES,HOUGANG AVENUE 2,19,Non-Landed Properties,NA,"4,000",70 to 80,700 to 800,Dec-23
RIVERFRONT RESIDENCES,HOUGANG AVENUE 7,19,Non-Landed Properties,1,"2,800",40 to 50,500 to 600,Dec-23
KOVAN REGENCY,KOVAN RISE,19,Non-Landed Properties,3,"5,300",110 to 120,"1,200 to 1,300",Dec-23
THE FLORENCE RESIDENCES,HOUGANG AVENUE 2,19,Non-Landed Properties,NA,"2,800",50 to 60,600 to 700,Dec-23
AMARANDA GARDENS,SERANGOON AVENUE 3,19,Non-Landed Properties,4,"6,600",130 to 140,"1,400 to 1,500",Dec-23
THE FLORENCE RESIDENCES,HOUGANG AVENUE 2,19,Non-Landed Properties,NA,"3,200",50 to 60,600 to 700,Dec-23
THE FLORENCE RESIDENCES,HOUGANG AVENUE 2,19,Non-Landed Properties,NA,"3,300",50 to 60,600 to 700,Dec-23
WATERTOWN,PUNGGOL CENTRAL,19,Non-Landed Properties,NA,"2,500",50 to 60,600 to 700,Dec-23
AFFINITY AT SERANGOON,SERANGOON NORTH AVENUE 1,19,Non-Landed Properties,1,"2,700",40 to 50,400 to 500,Dec-23
STARS OF KOVAN,UPPER SERANGOON ROAD,19,Non-Landed Properties,2,"4,100",60 to 70,700 to 800,Dec-23
KOVAN RESIDENCES,KOVAN ROAD,19,Non-Landed Properties,2,"4,100",80 to 90,800 to 900,Dec-23
CARDIFF RESIDENCE,CARDIFF GROVE,19,Non-Landed Properties,2,"3,000",50 to 60,600 to 700,Dec-23
A TREASURE TROVE,PUNGGOL WALK,19,Non-Landed Properties,3,"4,300",110 to 120,"1,200 to 1,300",Dec-23
WATERTOWN,PUNGGOL CENTRAL,19,Non-Landed Properties,3,"5,300",110 to 120,"1,200 to 1,300",Dec-23
KOVAN RESIDENCES,KOVAN ROAD,19,Non-Landed Properties,2,"4,000",80 to 90,800 to 900,Dec-23
THE SCALA,SERANGOON AVENUE 3,19,Non-Landed Properties,3,"7,200",150 to 160,"1,700 to 1,800",Dec-23
THE SCALA,SERANGOON AVENUE 3,19,Non-Landed Properties,2,"4,600",80 to 90,"900 to 1,000",Dec-23
THE FLORENCE RESIDENCES,HOUGANG AVENUE 2,19,Non-Landed Properties,NA,"2,900",40 to 50,500 to 600,Dec-23
AMARANDA GARDENS,SERANGOON AVENUE 3,19,Non-Landed Properties,3,"5,500",100 to 110,"1,100 to 1,200",Dec-23
SUNGLADE,SERANGOON AVENUE 2,19,Non-Landed Properties,3,"5,500",100 to 110,"1,100 to 1,200",Dec-23
PRIMO RESIDENCES,JALAN PELIKAT,19,Non-Landed Properties,1,"2,550",40 to 50,400 to 500,Dec-23
AFFINITY AT SERANGOON,SERANGOON NORTH AVENUE 1,19,Non-Landed Properties,1,"3,000",50 to 60,500 to 600,Dec-23
THE SPRINGBLOOM,SERANGOON AVENUE 3,19,Non-Landed Properties,2,"3,600",100 to 110,"1,100 to 1,200",Dec-23
THE FLORENCE RESIDENCES,HOUGANG AVENUE 2,19,Non-Landed Properties,NA,"3,400",50 to 60,600 to 700,Dec-23
URBAN RESIDENCES,LORONG AH SOO,19,Non-Landed Properties,2,"3,450",80 to 90,800 to 900,Dec-23
LA FIESTA,SENGKANG SQUARE,19,Non-Landed Properties,2,"3,750",70 to 80,700 to 800,Dec-23
THE MINTON,HOUGANG STREET 11,19,Non-Landed Properties,2,"4,100",90 to 100,"900 to 1,000",Dec-23
SUNGLADE,SERANGOON AVENUE 2,19,Non-Landed Properties,3,"5,300",100 to 110,"1,100 to 1,200",Dec-23
THE FLORENCE RESIDENCES,HOUGANG AVENUE 2,19,Non-Landed Properties,NA,"3,200",50 to 60,600 to 700,Dec-23
PARC CENTROS,PUNGGOL CENTRAL,19,Non-Landed Properties,3,"4,350",100 to 110,"1,100 to 1,200",Dec-23
SUNGLADE,SERANGOON AVENUE 2,19,Non-Landed Properties,3,"4,600",100 to 110,"1,100 to 1,200",Dec-23
CHUAN PARK (DEMOLISHED),LORONG CHUAN,19,Non-Landed Properties,3,"3,500",140 to 150,"1,500 to 1,600",Dec-23
CASA CAMBIO,LIM TUA TOW ROAD,19,Non-Landed Properties,2,"3,550",60 to 70,700 to 800,Dec-23
RIVERFRONT RESIDENCES,HOUGANG AVENUE 7,19,Non-Landed Properties,1,"3,400",50 to 60,600 to 700,Dec-23
CASA CAMBIO,LIM TUA TOW ROAD,19,Non-Landed Properties,2,"3,000",50 to 60,500 to 600,Dec-23
RIO VISTA,UPPER SERANGOON VIEW,19,Non-Landed Properties,3,"4,800",110 to 120,"1,200 to 1,300",Dec-23
KINGSFORD WATERBAY,UPPER SERANGOON VIEW,19,Non-Landed Properties,1,"2,800",40 to 50,400 to 500,Dec-23
GAMBIR RIDGE,GAMBIR WALK,19,Non-Landed Properties,3,"3,700",80 to 90,"900 to 1,000",Dec-23
RIVERVALE CREST,RIVERVALE CRESCENT,19,Non-Landed Properties,3,"4,100",100 to 110,"1,100 to 1,200",Dec-23
THE LUXURIE,COMPASSVALE ROAD,19,Non-Landed Properties,3,"4,200",90 to 100,"900 to 1,000",Dec-23
A TREASURE TROVE,PUNGGOL WALK,19,Non-Landed Properties,2,"3,750",90 to 100,"1,000 to 1,100",Dec-23
RIVERSAILS,UPPER SERANGOON CRESCENT,19,Non-Landed Properties,3,"4,000",100 to 110,"1,100 to 1,200",Dec-23
KOVAN MELODY,KOVAN ROAD,19,Non-Landed Properties,3,"5,200",110 to 120,"1,200 to 1,300",Dec-23
WATERTOWN,PUNGGOL CENTRAL,19,Non-Landed Properties,2,"4,350",70 to 80,800 to 900,Dec-23
THE FLORENCE RESIDENCES,HOUGANG AVENUE 2,19,Non-Landed Properties,NA,"2,850",40 to 50,400 to 500,Dec-23
PRIMO RESIDENCES,JALAN PELIKAT,19,Non-Landed Properties,3,"4,500",130 to 140,"1,400 to 1,500",Dec-23
RIVERSOUND RESIDENCE,SENGKANG EAST AVENUE,19,Non-Landed Properties,1,"2,100",40 to 50,400 to 500,Dec-23
JEWEL @ BUANGKOK,COMPASSVALE BOW,19,Non-Landed Properties,3,"4,900",100 to 110,"1,100 to 1,200",Dec-23
D'HIRO@HILLSIDE,HILLSIDE DRIVE,19,Non-Landed Properties,3,"3,500",100 to 110,"1,100 to 1,200",Dec-23
THE TEMBUSU,TAMPINES ROAD,19,Non-Landed Properties,2,"3,700",70 to 80,700 to 800,Dec-23
THE GARDEN RESIDENCES,SERANGOON NORTH VIEW,19,Non-Landed Properties,3,"4,785",80 to 90,"900 to 1,000",Dec-23
THE FLORENCE RESIDENCES,HOUGANG AVENUE 2,19,Non-Landed Properties,NA,"2,850",40 to 50,400 to 500,Dec-23
RIVERSAILS,UPPER SERANGOON CRESCENT,19,Non-Landed Properties,1,"2,800",40 to 50,500 to 600,Dec-23
THE TEMBUSU,TAMPINES ROAD,19,Non-Landed Properties,2,"4,100",90 to 100,"1,000 to 1,100",Dec-23
SPACE @ KOVAN,YIO CHU KANG ROAD,19,Non-Landed Properties,2,"3,800",70 to 80,700 to 800,Dec-23
MIDTOWN RESIDENCES,UPPER SERANGOON ROAD,19,Non-Landed Properties,2,"3,300",60 to 70,600 to 700,Dec-23
RIVERFRONT RESIDENCES,HOUGANG AVENUE 7,19,Non-Landed Properties,1,"2,900",40 to 50,500 to 600,Dec-23
KENSINGTON SQUARE,JALAN LOKAM,19,Non-Landed Properties,1,"3,000",60 to 70,700 to 800,Dec-23
SUITES @ PAYA LEBAR,UPPER PAYA LEBAR ROAD,19,Non-Landed Properties,1,"2,800",30 to 40,300 to 400,Dec-23
THE FLORENCE RESIDENCES,HOUGANG AVENUE 2,19,Non-Landed Properties,NA,"3,400",50 to 60,600 to 700,Dec-23
TERRASSE,TERRASSE LANE,19,Non-Landed Properties,2,"3,350",70 to 80,700 to 800,Dec-23
THE FLORENCE RESIDENCES,HOUGANG AVENUE 2,19,Non-Landed Properties,NA,"3,500",50 to 60,600 to 700,Dec-23
SPACE @ KOVAN,YIO CHU KANG ROAD,19,Non-Landed Properties,2,"3,050",50 to 60,600 to 700,Dec-23
RIVERFRONT RESIDENCES,HOUGANG AVENUE 7,19,Non-Landed Properties,2,"3,450",50 to 60,600 to 700,Dec-23
CASA CAMBIO,LIM TUA TOW ROAD,19,Non-Landed Properties,1,"2,800",40 to 50,400 to 500,Dec-23
FOREST WOODS,LORONG LEW LIAN,19,Non-Landed Properties,2,"4,150",60 to 70,600 to 700,Dec-23
RIVER ISLES,EDGEDALE PLAINS,19,Non-Landed Properties,4,"4,150",130 to 140,"1,400 to 1,500",Dec-23
THE FLORENCE RESIDENCES,HOUGANG AVENUE 2,19,Non-Landed Properties,NA,"3,650",70 to 80,700 to 800,Dec-23
THE FLORENCE RESIDENCES,HOUGANG AVENUE 2,19,Non-Landed Properties,NA,"2,800",40 to 50,400 to 500,Dec-23
THE FLORENCE RESIDENCES,HOUGANG AVENUE 2,19,Non-Landed Properties,NA,"4,200",80 to 90,"900 to 1,000",Dec-23
THE FLORENCE RESIDENCES,HOUGANG AVENUE 2,19,Non-Landed Properties,NA,"3,200",50 to 60,600 to 700,Dec-23
THE FLORENCE RESIDENCES,HOUGANG AVENUE 2,19,Non-Landed Properties,NA,"3,350",50 to 60,600 to 700,Dec-23
AFFINITY AT SERANGOON,SERANGOON NORTH AVENUE 1,19,Non-Landed Properties,2,"3,400",50 to 60,600 to 700,Dec-23
RIVERSAILS,UPPER SERANGOON CRESCENT,19,Non-Landed Properties,2,"3,300",80 to 90,800 to 900,Dec-23
RIVERFRONT RESIDENCES,HOUGANG AVENUE 7,19,Non-Landed Properties,3,"4,300",80 to 90,"900 to 1,000",Dec-23
THE FLORENCE RESIDENCES,HOUGANG AVENUE 2,19,Non-Landed Properties,NA,"3,400",50 to 60,600 to 700,Dec-23
THE FLORENCE RESIDENCES,HOUGANG AVENUE 2,19,Non-Landed Properties,NA,"2,900",40 to 50,400 to 500,Dec-23
LA FIESTA,SENGKANG SQUARE,19,Non-Landed Properties,2,"3,550",70 to 80,700 to 800,Dec-23
TERRASSE,TERRASSE LANE,19,Non-Landed Properties,3,"5,200",110 to 120,"1,200 to 1,300",Dec-23
PARK RESIDENCES KOVAN,UPPER SERANGOON ROAD,19,Non-Landed Properties,1,"1,800",30 to 40,300 to 400,Dec-23
STARS OF KOVAN,UPPER SERANGOON ROAD,19,Non-Landed Properties,1,"3,250",40 to 50,500 to 600,Dec-23
RIVERSAILS,UPPER SERANGOON CRESCENT,19,Non-Landed Properties,2,"3,500",80 to 90,800 to 900,Dec-23
SENGKANG GRAND RESIDENCES,COMPASSVALE BOW,19,Non-Landed Properties,NA,"3,200",40 to 50,400 to 500,Dec-23
REGENTVILLE,HOUGANG STREET 92,19,Non-Landed Properties,3,"4,300",100 to 110,"1,000 to 1,100",Dec-23
THE CHUAN,LORONG CHUAN,19,Non-Landed Properties,3,"6,000",110 to 120,"1,200 to 1,300",Dec-23
AFFINITY AT SERANGOON,SERANGOON NORTH AVENUE 1,19,Non-Landed Properties,1,"2,700",40 to 50,400 to 500,Dec-23
RIVERFRONT RESIDENCES,HOUGANG AVENUE 7,19,Non-Landed Properties,2,"4,000",50 to 60,600 to 700,Dec-23
AFFINITY AT SERANGOON,SERANGOON NORTH AVENUE 1,19,Non-Landed Properties,1,"2,800",50 to 60,500 to 600,Dec-23
THE QUARTZ,COMPASSVALE BOW,19,Non-Landed Properties,NA,"4,500",100 to 110,"1,000 to 1,100",Dec-23
NOUVELLE PARK,POH HUAT ROAD WEST,19,Non-Landed Properties,3,"4,200",160 to 170,"1,800 to 1,900",Dec-23
RIVER ISLES,EDGEDALE PLAINS,19,Non-Landed Properties,3,"4,500",130 to 140,"1,400 to 1,500",Dec-23
RIO VISTA,UPPER SERANGOON VIEW,19,Non-Landed Properties,3,"4,000",110 to 120,"1,200 to 1,300",Dec-23
AFFINITY AT SERANGOON,SERANGOON NORTH AVENUE 1,19,Non-Landed Properties,2,"3,300",50 to 60,600 to 700,Dec-23
THE GARDEN RESIDENCES,SERANGOON NORTH VIEW,19,Non-Landed Properties,3,"4,200",70 to 80,700 to 800,Dec-23
CASA CAMBIO,LIM TUA TOW ROAD,19,Non-Landed Properties,1,"2,700",30 to 40,400 to 500,Dec-23
GAMBIR RIDGE,GAMBIR WALK,19,Non-Landed Properties,1,"2,800",50 to 60,500 to 600,Dec-23
PARC VERA,HOUGANG STREET 32,19,Non-Landed Properties,2,"3,000",80 to 90,800 to 900,Dec-23
KOVAN MELODY,KOVAN ROAD,19,Non-Landed Properties,3,"5,000",100 to 110,"1,100 to 1,200",Dec-23
THE SCALA,SERANGOON AVENUE 3,19,Non-Landed Properties,2,"4,300",70 to 80,800 to 900,Dec-23
AFFINITY AT SERANGOON,SERANGOON NORTH AVENUE 1,19,Non-Landed Properties,1,"2,900",50 to 60,500 to 600,Dec-23
STARS OF KOVAN,UPPER SERANGOON ROAD,19,Non-Landed Properties,1,"3,200",40 to 50,500 to 600,Dec-23
THE FLORENCE RESIDENCES,HOUGANG AVENUE 2,19,Non-Landed Properties,NA,"3,400",50 to 60,600 to 700,Dec-23
A TREASURE TROVE,PUNGGOL WALK,19,Non-Landed Properties,3,"4,300",90 to 100,"1,000 to 1,100",Dec-23
RIVERSAILS,UPPER SERANGOON CRESCENT,19,Non-Landed Properties,4,"4,500",120 to 130,"1,300 to 1,400",Dec-23
THE MINTON,HOUGANG STREET 11,19,Non-Landed Properties,2,"4,000",90 to 100,"900 to 1,000",Dec-23
WATERTOWN,PUNGGOL CENTRAL,19,Non-Landed Properties,1,"3,200",50 to 60,500 to 600,Dec-23
STARS OF KOVAN,UPPER SERANGOON ROAD,19,Non-Landed Properties,2,"4,000",60 to 70,700 to 800,Dec-23
AFFINITY AT SERANGOON,SERANGOON NORTH AVENUE 1,19,Non-Landed Properties,1,"3,300",50 to 60,600 to 700,Dec-23
RIVERSAILS,UPPER SERANGOON CRESCENT,19,Non-Landed Properties,2,"3,900",80 to 90,"900 to 1,000",Dec-23
THE GARDEN RESIDENCES,SERANGOON NORTH VIEW,19,Non-Landed Properties,1,"2,800",40 to 50,400 to 500,Dec-23
THE TEMBUSU,TAMPINES ROAD,19,Non-Landed Properties,1,"3,200",40 to 50,400 to 500,Dec-23
MINT RESIDENCES @ JANSEN,JANSEN ROAD,19,Non-Landed Properties,2,"3,250",60 to 70,700 to 800,Dec-23
CHILTERN PARK,SERANGOON AVENUE 3,19,Non-Landed Properties,3,"4,550",110 to 120,"1,200 to 1,300",Dec-23
A TREASURE TROVE,PUNGGOL WALK,19,Non-Landed Properties,2,"3,800",80 to 90,"900 to 1,000",Dec-23
EVANIA,UPPER PAYA LEBAR ROAD,19,Non-Landed Properties,2,"3,450",80 to 90,"900 to 1,000",Dec-23
AFFINITY AT SERANGOON,SERANGOON NORTH AVENUE 1,19,Non-Landed Properties,4,"6,800",130 to 140,"1,400 to 1,500",Dec-23
BLISS@KOVAN,SIMON LANE,19,Non-Landed Properties,3,"4,300",110 to 120,"1,200 to 1,300",Dec-23
KINGSFORD WATERBAY,UPPER SERANGOON VIEW,19,Non-Landed Properties,3,"4,750",100 to 110,"1,000 to 1,100",Dec-23
CARDIFF RESIDENCE,CARDIFF GROVE,19,Non-Landed Properties,1,"2,800",30 to 40,400 to 500,Dec-23
SENGKANG GRAND RESIDENCES,COMPASSVALE BOW,19,Non-Landed Properties,NA,"3,100",40 to 50,400 to 500,Dec-23
WATERTOWN,PUNGGOL CENTRAL,19,Non-Landed Properties,NA,"3,100",50 to 60,600 to 700,Dec-23
RIVERSAILS,UPPER SERANGOON CRESCENT,19,Non-Landed Properties,2,"3,350",70 to 80,800 to 900,Dec-23
THE SCALA,SERANGOON AVENUE 3,19,Non-Landed Properties,2,"4,300",80 to 90,"900 to 1,000",Dec-23
RIVERVALE CREST,RIVERVALE CRESCENT,19,Non-Landed Properties,4,"5,000",140 to 150,"1,500 to 1,600",Dec-23
CHILTERN PARK,SERANGOON AVENUE 3,19,Non-Landed Properties,3,"5,100",110 to 120,"1,200 to 1,300",Dec-23
SENGKANG GRAND RESIDENCES,COMPASSVALE BOW,19,Non-Landed Properties,NA,"3,300",40 to 50,400 to 500,Dec-23
KOVAN MELODY,KOVAN ROAD,19,Non-Landed Properties,3,"5,400",120 to 130,"1,200 to 1,300",Dec-23
THE FLORENCE RESIDENCES,HOUGANG AVENUE 2,19,Non-Landed Properties,NA,"3,300",50 to 60,600 to 700,Dec-23
RIVERFRONT RESIDENCES,HOUGANG AVENUE 7,19,Non-Landed Properties,2,"3,250",50 to 60,600 to 700,Dec-23
REGENTVILLE,HOUGANG STREET 92,19,Non-Landed Properties,3,"3,800",100 to 110,"1,100 to 1,200",Dec-23
THE MINTON,HOUGANG STREET 11,19,Non-Landed Properties,3,"5,500",130 to 140,"1,400 to 1,500",Dec-23
RIVERFRONT RESIDENCES,HOUGANG AVENUE 7,19,Non-Landed Properties,2,"3,800",80 to 90,"900 to 1,000",Dec-23
A TREASURE TROVE,PUNGGOL WALK,19,Non-Landed Properties,4,"5,000",120 to 130,"1,300 to 1,400",Dec-23
THE VUE,UPPER PAYA LEBAR ROAD,19,Non-Landed Properties,1,"2,600",30 to 40,400 to 500,Dec-23
JEWEL @ BUANGKOK,COMPASSVALE BOW,19,Non-Landed Properties,2,"3,600",60 to 70,600 to 700,Dec-23
AFFINITY AT SERANGOON,SERANGOON NORTH AVENUE 1,19,Non-Landed Properties,1,"3,000",50 to 60,500 to 600,Dec-23
BLISS@KOVAN,SIMON LANE,19,Non-Landed Properties,1,"3,150",50 to 60,500 to 600,Dec-23
AFFINITY AT SERANGOON,SERANGOON NORTH AVENUE 1,19,Non-Landed Properties,1,"3,300",50 to 60,500 to 600,Dec-23
RIVER ISLES,EDGEDALE PLAINS,19,Non-Landed Properties,4,"4,800",110 to 120,"1,200 to 1,300",Dec-23
THE FLORENCE RESIDENCES,HOUGANG AVENUE 2,19,Non-Landed Properties,NA,"5,000",90 to 100,"900 to 1,000",Dec-23
FOREST WOODS,LORONG LEW LIAN,19,Non-Landed Properties,2,"3,800",50 to 60,600 to 700,Dec-23
THE MORNING GLORY,SIRAT ROAD,19,Non-Landed Properties,1,"3,350",90 to 100,"1,000 to 1,100",Dec-23
AFFINITY AT SERANGOON,SERANGOON NORTH AVENUE 1,19,Non-Landed Properties,2,"3,300",60 to 70,700 to 800,Dec-23
KINGSFORD WATERBAY,UPPER SERANGOON VIEW,19,Non-Landed Properties,1,"2,700",40 to 50,400 to 500,Dec-23
AFFINITY AT SERANGOON,SERANGOON NORTH AVENUE 1,19,Non-Landed Properties,1,"2,800",40 to 50,400 to 500,Dec-23
RIVERFRONT RESIDENCES,HOUGANG AVENUE 7,19,Non-Landed Properties,2,"3,900",80 to 90,800 to 900,Dec-23
BARTLEY RESIDENCES,LORONG HOW SUN,19,Non-Landed Properties,2,"3,700",70 to 80,700 to 800,Dec-23
FOREST WOODS,LORONG LEW LIAN,19,Non-Landed Properties,3,"5,000",80 to 90,"900 to 1,000",Dec-23
CASA CAMBIO,LIM TUA TOW ROAD,19,Non-Landed Properties,1,"2,900",30 to 40,400 to 500,Dec-23
RIVERSAILS,UPPER SERANGOON CRESCENT,19,Non-Landed Properties,2,"3,500",70 to 80,800 to 900,Dec-23
FOREST WOODS,LORONG LEW LIAN,19,Non-Landed Properties,3,"5,200",80 to 90,"900 to 1,000",Dec-23
RIVERFRONT RESIDENCES,HOUGANG AVENUE 7,19,Non-Landed Properties,1,"2,700",40 to 50,400 to 500,Dec-23
LA FIESTA,SENGKANG SQUARE,19,Non-Landed Properties,3,"4,500",90 to 100,"1,000 to 1,100",Dec-23
THE SPRINGBLOOM,SERANGOON AVENUE 3,19,Non-Landed Properties,3,"5,200",120 to 130,"1,300 to 1,400",Dec-23
PARC VERA,HOUGANG STREET 32,19,Non-Landed Properties,2,"3,300",70 to 80,700 to 800,Dec-23
AFFINITY AT SERANGOON,SERANGOON NORTH AVENUE 1,19,Non-Landed Properties,2,"3,600",50 to 60,600 to 700,Dec-23
STADIA,YIO CHU KANG ROAD,19,Non-Landed Properties,1,"3,050",50 to 60,500 to 600,Dec-23
WATERTOWN,PUNGGOL CENTRAL,19,Non-Landed Properties,NA,"3,000",50 to 60,500 to 600,Dec-23
THE SPRINGBLOOM,SERANGOON AVENUE 3,19,Non-Landed Properties,4,"5,600",150 to 160,"1,600 to 1,700",Dec-23
WATERTOWN,PUNGGOL CENTRAL,19,Non-Landed Properties,NA,"5,500",70 to 80,800 to 900,Dec-23
A TREASURE TROVE,PUNGGOL WALK,19,Non-Landed Properties,3,"3,750",90 to 100,"1,000 to 1,100",Dec-23
A TREASURE TROVE,PUNGGOL WALK,19,Non-Landed Properties,3,"4,350",110 to 120,"1,200 to 1,300",Dec-23
LA DOLCE VITA,UPPER PAYA LEBAR ROAD,19,Non-Landed Properties,1,"3,850",80 to 90,800 to 900,Dec-23
THE GARDEN RESIDENCES,SERANGOON NORTH VIEW,19,Non-Landed Properties,2,"3,600",60 to 70,600 to 700,Dec-23
PARC CENTROS,PUNGGOL CENTRAL,19,Non-Landed Properties,1,"2,800",40 to 50,400 to 500,Dec-23
AFFINITY AT SERANGOON,SERANGOON NORTH AVENUE 1,19,Non-Landed Properties,1,"3,050",50 to 60,500 to 600,Dec-23
RIVERFRONT RESIDENCES,HOUGANG AVENUE 7,19,Non-Landed Properties,1,"2,900",40 to 50,400 to 500,Dec-23
THE SPRINGBLOOM,SERANGOON AVENUE 3,19,Non-Landed Properties,3,"4,800",120 to 130,"1,300 to 1,400",Dec-23
WATERTOWN,PUNGGOL CENTRAL,19,Non-Landed Properties,2,"3,500",70 to 80,800 to 900,Dec-23
AMARANDA GARDENS,SERANGOON AVENUE 3,19,Non-Landed Properties,4,"6,250",130 to 140,"1,400 to 1,500",Dec-23
KOVAN RESIDENCES,KOVAN ROAD,19,Non-Landed Properties,3,"5,500",110 to 120,"1,200 to 1,300",Dec-23
STARS OF KOVAN,UPPER SERANGOON ROAD,19,Non-Landed Properties,2,"4,300",60 to 70,700 to 800,Dec-23
THE MINTON,HOUGANG STREET 11,19,Non-Landed Properties,3,"5,000",110 to 120,"1,200 to 1,300",Dec-23
TANGERINE GROVE,PAYA LEBAR CRESCENT,19,Non-Landed Properties,3,"4,500",110 to 120,"1,100 to 1,200",Dec-23
KOVAN RESIDENCES,KOVAN ROAD,19,Non-Landed Properties,4,"6,200",130 to 140,"1,400 to 1,500",Dec-23
AFFINITY AT SERANGOON,SERANGOON NORTH AVENUE 1,19,Non-Landed Properties,3,"4,400",80 to 90,800 to 900,Dec-23
THE MINTON,HOUGANG STREET 11,19,Non-Landed Properties,2,"4,300",90 to 100,"900 to 1,000",Dec-23
RIVERFRONT RESIDENCES,HOUGANG AVENUE 7,19,Non-Landed Properties,1,"3,000",40 to 50,500 to 600,Dec-23
THE PROMENADE@PELIKAT,JALAN PELIKAT,19,Non-Landed Properties,1,"2,650",40 to 50,400 to 500,Dec-23
THE FLORENCE RESIDENCES,HOUGANG AVENUE 2,19,Non-Landed Properties,NA,"3,800",50 to 60,600 to 700,Dec-23
THE FLORENCE RESIDENCES,HOUGANG AVENUE 2,19,Non-Landed Properties,NA,"3,200",50 to 60,600 to 700,Dec-23
THE GARDEN RESIDENCES,SERANGOON NORTH VIEW,19,Non-Landed Properties,1,"3,000",40 to 50,500 to 600,Dec-23
AFFINITY AT SERANGOON,SERANGOON NORTH AVENUE 1,19,Non-Landed Properties,3,"4,000",80 to 90,"900 to 1,000",Dec-23
AFFINITY AT SERANGOON,SERANGOON NORTH AVENUE 1,19,Non-Landed Properties,2,"3,650",50 to 60,600 to 700,Dec-23
RIVERFRONT RESIDENCES,HOUGANG AVENUE 7,19,Non-Landed Properties,1,"2,800",40 to 50,400 to 500,Dec-23
THE FLORENCE RESIDENCES,HOUGANG AVENUE 2,19,Non-Landed Properties,NA,"3,300",50 to 60,600 to 700,Dec-23
RIVERSOUND RESIDENCE,SENGKANG EAST AVENUE,19,Non-Landed Properties,2,"3,300",70 to 80,700 to 800,Dec-23
BOTANIQUE AT BARTLEY,UPPER PAYA LEBAR ROAD,19,Non-Landed Properties,2,"4,100",60 to 70,700 to 800,Dec-23
THE FLORENCE RESIDENCES,HOUGANG AVENUE 2,19,Non-Landed Properties,NA,"4,400",80 to 90,"900 to 1,000",Dec-23
RIVERFRONT RESIDENCES,HOUGANG AVENUE 7,19,Non-Landed Properties,2,"3,200",50 to 60,600 to 700,Dec-23
WATERTOWN,PUNGGOL CENTRAL,19,Non-Landed Properties,1,"2,900",50 to 60,500 to 600,Dec-23
BOTANIQUE AT BARTLEY,UPPER PAYA LEBAR ROAD,19,Non-Landed Properties,1,"3,300",40 to 50,400 to 500,Dec-23
CASA ROSA,LORONG ONG LYE,19,Non-Landed Properties,3,"3,600",100 to 110,"1,100 to 1,200",Dec-23
THE FLORENCE RESIDENCES,HOUGANG AVENUE 2,19,Non-Landed Properties,NA,"3,300",60 to 70,600 to 700,Dec-23
A TREASURE TROVE,PUNGGOL WALK,19,Non-Landed Properties,4,"4,300",120 to 130,"1,300 to 1,400",Dec-23
THE GARDEN RESIDENCES,SERANGOON NORTH VIEW,19,Non-Landed Properties,3,"5,200",80 to 90,"900 to 1,000",Dec-23
KENSINGTON PARK CONDOMINIUM,KENSINGTON PARK DRIVE,19,Non-Landed Properties,3,"5,900",150 to 160,"1,600 to 1,700",Dec-23
KINGSFORD WATERBAY,UPPER SERANGOON VIEW,19,Non-Landed Properties,1,"2,600",40 to 50,400 to 500,Dec-23
WATERTOWN,PUNGGOL CENTRAL,19,Non-Landed Properties,1,"3,500",50 to 60,500 to 600,Dec-23
PARK RESIDENCES KOVAN,UPPER SERANGOON ROAD,19,Non-Landed Properties,1,"2,600",30 to 40,300 to 400,Dec-23
BARTLEY RESIDENCES,LORONG HOW SUN,19,Non-Landed Properties,1,"3,100",40 to 50,400 to 500,Dec-23
RIVERFRONT RESIDENCES,HOUGANG AVENUE 7,19,Non-Landed Properties,1,"2,850",40 to 50,400 to 500,Dec-23
JADE RESIDENCES,LEW LIAN VALE,19,Non-Landed Properties,2,"3,300",50 to 60,600 to 700,Dec-23
KENSINGTON PARK CONDOMINIUM,KENSINGTON PARK DRIVE,19,Non-Landed Properties,3,"5,000",150 to 160,"1,600 to 1,700",Dec-23
THE MINTON,HOUGANG STREET 11,19,Non-Landed Properties,3,"5,000",120 to 130,"1,300 to 1,400",Dec-23
THE TEMBUSU,TAMPINES ROAD,19,Non-Landed Properties,2,"4,300",90 to 100,"1,000 to 1,100",Dec-23
AFFINITY AT SERANGOON,SERANGOON NORTH AVENUE 1,19,Non-Landed Properties,1,"2,800",40 to 50,400 to 500,Dec-23
THE BENTLY RESIDENCES@KOVAN,KOVAN ROAD,19,Non-Landed Properties,2,"3,300",50 to 60,500 to 600,Dec-23
REGENTVILLE,HOUGANG STREET 92,19,Non-Landed Properties,2,"4,800",160 to 170,"1,700 to 1,800",Dec-23
AFFINITY AT SERANGOON,SERANGOON NORTH AVENUE 1,19,Non-Landed Properties,1,"2,800",40 to 50,400 to 500,Dec-23
RIVERFRONT RESIDENCES,HOUGANG AVENUE 7,19,Non-Landed Properties,2,"2,900",40 to 50,400 to 500,Dec-23
RIVERVALE CREST,RIVERVALE CRESCENT,19,Non-Landed Properties,3,"3,200",110 to 120,"1,200 to 1,300",Dec-23
BARTLEY RESIDENCES,LORONG HOW SUN,19,Non-Landed Properties,3,"4,500",100 to 110,"1,000 to 1,100",Dec-23
THE SCALA,SERANGOON AVENUE 3,19,Non-Landed Properties,4,"6,380",110 to 120,"1,200 to 1,300",Dec-23
KENSINGTON SQUARE,JALAN LOKAM,19,Non-Landed Properties,2,"3,700",80 to 90,"900 to 1,000",Dec-23
AFFINITY AT SERANGOON,SERANGOON NORTH AVENUE 1,19,Non-Landed Properties,1,"2,900",40 to 50,400 to 500,Dec-23
SIMON PLAZA,KOVAN ROAD,19,Non-Landed Properties,3,"4,400",150 to 160,"1,600 to 1,700",Dec-23
AFFINITY AT SERANGOON,SERANGOON NORTH AVENUE 1,19,Non-Landed Properties,2,"3,350",50 to 60,600 to 700,Dec-23
KOVAN GRANDEUR,TAMPINES ROAD,19,Non-Landed Properties,2,"3,000",80 to 90,"900 to 1,000",Dec-23
PARC CENTROS,PUNGGOL CENTRAL,19,Non-Landed Properties,2,"3,950",70 to 80,700 to 800,Dec-23
BLISS@KOVAN,SIMON LANE,19,Non-Landed Properties,2,"4,000",80 to 90,"900 to 1,000",Dec-23
THE FLORENCE RESIDENCES,HOUGANG AVENUE 2,19,Non-Landed Properties,NA,"4,300",80 to 90,"900 to 1,000",Dec-23
COMPASS HEIGHTS,SENGKANG SQUARE,19,Non-Landed Properties,1,"2,800",60 to 70,600 to 700,Dec-23
CHUAN PARK (DEMOLISHED),LORONG CHUAN,19,Non-Landed Properties,2,"3,000",100 to 110,"1,100 to 1,200",Dec-23
SUNGLADE,SERANGOON AVENUE 2,19,Non-Landed Properties,3,"4,800",100 to 110,"1,100 to 1,200",Dec-23
RIVERSAILS,UPPER SERANGOON CRESCENT,19,Non-Landed Properties,2,"3,650",70 to 80,800 to 900,Dec-23
VIBES@UPPER SERANGOON,UPPER SERANGOON ROAD,19,Non-Landed Properties,1,"2,800",40 to 50,400 to 500,Dec-23
KOVAN REGENCY,KOVAN RISE,19,Non-Landed Properties,2,"4,000",70 to 80,700 to 800,Dec-23
THE SPRINGBLOOM,SERANGOON AVENUE 3,19,Non-Landed Properties,3,"4,800",120 to 130,"1,300 to 1,400",Dec-23
SANCTUARY @ 813,UPPER SERANGOON ROAD,19,Non-Landed Properties,2,"4,000",80 to 90,"900 to 1,000",Dec-23
AMARANDA GARDENS,SERANGOON AVENUE 3,19,Non-Landed Properties,2,"3,900",90 to 100,"900 to 1,000",Dec-23
THE SPRINGBLOOM,SERANGOON AVENUE 3,19,Non-Landed Properties,1,"3,000",80 to 90,800 to 900,Dec-23
THE FLORENCE RESIDENCES,HOUGANG AVENUE 2,19,Non-Landed Properties,NA,"2,900",40 to 50,400 to 500,Dec-23
AMARANDA GARDENS,SERANGOON AVENUE 3,19,Non-Landed Properties,2,"3,800",90 to 100,"900 to 1,000",Dec-23
NON-LANDED HOUSING DEVELOPMENT,UPPER PAYA LEBAR ROAD,19,Non-Landed Properties,NA,"3,800",70 to 80,700 to 800,Dec-23
THE FLORENCE RESIDENCES,HOUGANG AVENUE 2,19,Non-Landed Properties,NA,"3,500",50 to 60,600 to 700,Dec-23
RIO VISTA,UPPER SERANGOON VIEW,19,Non-Landed Properties,3,"4,700",110 to 120,"1,200 to 1,300",Dec-23
THE FLORENCE RESIDENCES,HOUGANG AVENUE 2,19,Non-Landed Properties,NA,"3,550",50 to 60,600 to 700,Dec-23
JEWEL @ BUANGKOK,COMPASSVALE BOW,19,Non-Landed Properties,1,"2,700",40 to 50,400 to 500,Dec-23
BOTANIQUE AT BARTLEY,UPPER PAYA LEBAR ROAD,19,Non-Landed Properties,2,"4,200",60 to 70,700 to 800,Dec-23
KOVAN MELODY,KOVAN ROAD,19,Non-Landed Properties,3,"5,500",120 to 130,"1,200 to 1,300",Dec-23
SPACE @ KOVAN,YIO CHU KANG ROAD,19,Non-Landed Properties,1,"3,000",50 to 60,500 to 600,Dec-23
SERANGOON GARDEN ESTATE,LICHFIELD ROAD,19,Non-Landed Properties,NA,"3,500",100 to 110,"1,000 to 1,100",Dec-23
AFFINITY AT SERANGOON,SERANGOON NORTH AVENUE 1,19,Non-Landed Properties,1,"3,000",40 to 50,400 to 500,Dec-23
THE FLORENCE RESIDENCES,HOUGANG AVENUE 2,19,Non-Landed Properties,NA,"3,400",50 to 60,600 to 700,Dec-23
CARDIFF RESIDENCE,CARDIFF GROVE,19,Non-Landed Properties,1,"2,600",30 to 40,400 to 500,Dec-23
THE SUNNYDALE,SERANGOON AVENUE 3,19,Non-Landed Properties,3,"4,800",120 to 130,"1,300 to 1,400",Dec-23
WATERTOWN,PUNGGOL CENTRAL,19,Non-Landed Properties,2,"4,100",70 to 80,800 to 900,Dec-23
THE FLORENCE RESIDENCES,HOUGANG AVENUE 2,19,Non-Landed Properties,NA,"3,400",50 to 60,600 to 700,Dec-23
KOVAN REGENCY,KOVAN RISE,19,Non-Landed Properties,1,"3,300",80 to 90,800 to 900,Dec-23
CASA CAMBIO,LIM TUA TOW ROAD,19,Non-Landed Properties,1,"2,800",50 to 60,500 to 600,Dec-23
NOUVELLE PARK,POH HUAT ROAD WEST,19,Non-Landed Properties,3,"3,800",150 to 160,"1,600 to 1,700",Dec-23
BOTANIQUE AT BARTLEY,UPPER PAYA LEBAR ROAD,19,Non-Landed Properties,1,"3,100",40 to 50,400 to 500,Dec-23
REGENTVILLE,HOUGANG STREET 92,19,Non-Landed Properties,3,"4,500",100 to 110,"1,100 to 1,200",Dec-23
THE FLORENCE RESIDENCES,HOUGANG AVENUE 2,19,Non-Landed Properties,NA,"3,300",60 to 70,600 to 700,Dec-23
FRAGRANT GARDENS,UPPER PAYA LEBAR ROAD,19,Non-Landed Properties,2,"2,500",70 to 80,800 to 900,Dec-23
JADE RESIDENCES,LEW LIAN VALE,19,Non-Landed Properties,3,"3,800",60 to 70,700 to 800,Dec-23
RIVERSAILS,UPPER SERANGOON CRESCENT,19,Non-Landed Properties,1,"2,700",40 to 50,500 to 600,Dec-23
A TREASURE TROVE,PUNGGOL WALK,19,Non-Landed Properties,3,"4,500",110 to 120,"1,200 to 1,300",Dec-23
STARS OF KOVAN,UPPER SERANGOON ROAD,19,Non-Landed Properties,1,"3,600",40 to 50,500 to 600,Dec-23
RIVERVALE CREST,RIVERVALE CRESCENT,19,Non-Landed Properties,3,"4,100",110 to 120,"1,200 to 1,300",Dec-23
THE LILIUM,HOW SUN ROAD,19,Non-Landed Properties,2,"4,200",60 to 70,600 to 700,Dec-23
D'PAVILION,UPPER SERANGOON ROAD,19,Non-Landed Properties,2,"3,900",80 to 90,"900 to 1,000",Dec-23
TERRASSE,TERRASSE LANE,19,Non-Landed Properties,2,"3,200",70 to 80,700 to 800,Dec-23
EVERGREEN PARK,HOUGANG AVENUE 7,19,Non-Landed Properties,3,"4,050",110 to 120,"1,200 to 1,300",Dec-23
THE MINTON,HOUGANG STREET 11,19,Non-Landed Properties,2,"4,000",90 to 100,"900 to 1,000",Dec-23
AFFINITY AT SERANGOON,SERANGOON NORTH AVENUE 1,19,Non-Landed Properties,1,"2,900",50 to 60,500 to 600,Dec-23
EVERGREEN PARK,HOUGANG AVENUE 7,19,Non-Landed Properties,3,"3,700",100 to 110,"1,100 to 1,200",Dec-23
A TREASURE TROVE,PUNGGOL WALK,19,Non-Landed Properties,3,"4,700",110 to 120,"1,200 to 1,300",Dec-23
KOVAN MELODY,KOVAN ROAD,19,Non-Landed Properties,3,"5,100",140 to 150,"1,600 to 1,700",Dec-23
REGENTVILLE,HOUGANG STREET 92,19,Non-Landed Properties,3,"4,300",100 to 110,"1,000 to 1,100",Dec-23
THE SPRINGBLOOM,SERANGOON AVENUE 3,19,Non-Landed Properties,2,"4,500",100 to 110,"1,100 to 1,200",Dec-23
KENSINGTON SQUARE,JALAN LOKAM,19,Non-Landed Properties,2,"3,900",50 to 60,600 to 700,Dec-23
THE FLORENCE RESIDENCES,HOUGANG AVENUE 2,19,Non-Landed Properties,NA,"3,500",50 to 60,600 to 700,Dec-23
AFFINITY AT SERANGOON,SERANGOON NORTH AVENUE 1,19,Non-Landed Properties,1,"3,000",40 to 50,400 to 500,Dec-23
AFFINITY AT SERANGOON,SERANGOON NORTH AVENUE 1,19,Non-Landed Properties,2,"3,700",70 to 80,700 to 800,Dec-23
KOVAN MELODY,KOVAN ROAD,19,Non-Landed Properties,3,"5,600",110 to 120,"1,200 to 1,300",Dec-23
RIVERFRONT RESIDENCES,HOUGANG AVENUE 7,19,Non-Landed Properties,2,"3,500",60 to 70,700 to 800,Dec-23
BARTLEY RESIDENCES,LORONG HOW SUN,19,Non-Landed Properties,3,"4,800",100 to 110,"1,000 to 1,100",Dec-23
BOATHOUSE RESIDENCES,UPPER SERANGOON VIEW,19,Non-Landed Properties,1,"3,000",50 to 60,600 to 700,Dec-23
THE SCALA,SERANGOON AVENUE 3,19,Non-Landed Properties,1,"4,200",40 to 50,400 to 500,Dec-23
CHERRYHILL,LORONG LEW LIAN,19,Non-Landed Properties,3,"5,100",110 to 120,"1,100 to 1,200",Dec-23
AFFINITY AT SERANGOON,SERANGOON NORTH AVENUE 1,19,Non-Landed Properties,1,"2,800",50 to 60,500 to 600,Dec-23
RIVERFRONT RESIDENCES,HOUGANG AVENUE 7,19,Non-Landed Properties,1,"3,000",40 to 50,500 to 600,Dec-23
PARC VERA,HOUGANG STREET 32,19,Non-Landed Properties,2,"3,400",70 to 80,700 to 800,Dec-23
CHILTERN PARK,SERANGOON AVENUE 3,19,Non-Landed Properties,3,"4,300",110 to 120,"1,200 to 1,300",Dec-23
RIVER ISLES,EDGEDALE PLAINS,19,Non-Landed Properties,NA,"2,700",40 to 50,400 to 500,Dec-23
THE SPRINGBLOOM,SERANGOON AVENUE 3,19,Non-Landed Properties,2,"3,700",100 to 110,"1,100 to 1,200",Dec-23
THE QUARTZ,COMPASSVALE BOW,19,Non-Landed Properties,NA,"4,400",90 to 100,"1,000 to 1,100",Dec-23
CHERRY GARDENS,LORONG LEW LIAN,19,Non-Landed Properties,3,"4,000",100 to 110,"1,000 to 1,100",Dec-23
THE LUXURIE,COMPASSVALE ROAD,19,Non-Landed Properties,3,"4,200",90 to 100,"1,000 to 1,100",Dec-23
OASIS GARDEN,JALAN BUNGA RAMPAI,19,Non-Landed Properties,3,"5,000",110 to 120,"1,200 to 1,300",Dec-23
BARTLEY RESIDENCES,LORONG HOW SUN,19,Non-Landed Properties,2,"3,800",70 to 80,700 to 800,Dec-23
CHERRYHILL,LORONG LEW LIAN,19,Non-Landed Properties,3,"4,300",110 to 120,"1,200 to 1,300",Dec-23
THE TEMBUSU,TAMPINES ROAD,19,Non-Landed Properties,1,"2,900",40 to 50,400 to 500,Dec-23
RIVER ISLES,EDGEDALE PLAINS,19,Non-Landed Properties,3,"4,100",80 to 90,"900 to 1,000",Dec-23
GLASGOW RESIDENCE,GLASGOW ROAD,19,Non-Landed Properties,2,"3,000",110 to 120,"1,200 to 1,300",Dec-23
FOREST WOODS,LORONG LEW LIAN,19,Non-Landed Properties,4,"7,300",110 to 120,"1,200 to 1,300",Dec-23
PARC VERA,HOUGANG STREET 32,19,Non-Landed Properties,2,"3,300",70 to 80,700 to 800,Dec-23
SANCTUARY @ 813,UPPER SERANGOON ROAD,19,Non-Landed Properties,2,"3,900",80 to 90,"900 to 1,000",Dec-23
KOVAN RESIDENCES,KOVAN ROAD,19,Non-Landed Properties,2,"4,000",80 to 90,800 to 900,Dec-23
THE SCALA,SERANGOON AVENUE 3,19,Non-Landed Properties,3,"6,000",110 to 120,"1,100 to 1,200",Dec-23
TERRASSE,TERRASSE LANE,19,Non-Landed Properties,2,"3,500",60 to 70,700 to 800,Dec-23
AFFINITY AT SERANGOON,SERANGOON NORTH AVENUE 1,19,Non-Landed Properties,1,"2,800",40 to 50,400 to 500,Dec-23
THE SCALA,SERANGOON AVENUE 3,19,Non-Landed Properties,3,"6,100",90 to 100,"1,000 to 1,100",Dec-23
AFFINITY AT SERANGOON,SERANGOON NORTH AVENUE 1,19,Non-Landed Properties,3,"4,000",80 to 90,"900 to 1,000",Dec-23
THE FLORENCE RESIDENCES,HOUGANG AVENUE 2,19,Non-Landed Properties,NA,"3,400",60 to 70,600 to 700,Dec-23
KOVAN RESIDENCES,KOVAN ROAD,19,Non-Landed Properties,3,"6,500",130 to 140,"1,400 to 1,500",Dec-23
SUITES @ PAYA LEBAR,UPPER PAYA LEBAR ROAD,19,Non-Landed Properties,NA,"3,200",30 to 40,300 to 400,Dec-23
A TREASURE TROVE,PUNGGOL WALK,19,Non-Landed Properties,2,"3,800",80 to 90,"900 to 1,000",Dec-23
TERRASSE,TERRASSE LANE,19,Non-Landed Properties,2,"3,800",70 to 80,800 to 900,Dec-23
WATERTOWN,PUNGGOL CENTRAL,19,Non-Landed Properties,2,"3,800",70 to 80,800 to 900,Dec-23
RIVER ISLES,EDGEDALE PLAINS,19,Non-Landed Properties,3,"5,500",180 to 190,"1,900 to 2,000",Dec-23
CASA CAMBIO,LIM TUA TOW ROAD,19,Non-Landed Properties,2,"3,700",70 to 80,700 to 800,Dec-23
THE SCALA,SERANGOON AVENUE 3,19,Non-Landed Properties,3,"6,500",100 to 110,"1,000 to 1,100",Dec-23
CAMBIO SUITES,LIM TUA TOW ROAD,19,Non-Landed Properties,2,"2,700",40 to 50,500 to 600,Dec-23
AFFINITY AT SERANGOON,SERANGOON NORTH AVENUE 1,19,Non-Landed Properties,1,"3,150",50 to 60,500 to 600,Dec-23
THE SPRINGBLOOM,SERANGOON AVENUE 3,19,Non-Landed Properties,3,"5,000",140 to 150,"1,500 to 1,600",Dec-23
THE MINTON,HOUGANG STREET 11,19,Non-Landed Properties,2,"4,600",100 to 110,"1,100 to 1,200",Dec-23
THE FLORENCE RESIDENCES,HOUGANG AVENUE 2,19,Non-Landed Properties,NA,"3,500",60 to 70,600 to 700,Dec-23
THE SCALA,SERANGOON AVENUE 3,19,Non-Landed Properties,2,"4,600",80 to 90,800 to 900,Dec-23
ONEROBEY,ROBEY CRESCENT,19,Non-Landed Properties,2,"2,600",50 to 60,500 to 600,Dec-23
THE FLORENCE RESIDENCES,HOUGANG AVENUE 2,19,Non-Landed Properties,NA,"3,100",40 to 50,400 to 500,Dec-23
AFFINITY AT SERANGOON,SERANGOON NORTH AVENUE 1,19,Non-Landed Properties,1,"2,900",40 to 50,400 to 500,Dec-23
AFFINITY AT SERANGOON,SERANGOON NORTH AVENUE 1,19,Non-Landed Properties,5,"9,100",210 to 220,"2,300 to 2,400",Dec-23
RIVERFRONT RESIDENCES,HOUGANG AVENUE 7,19,Non-Landed Properties,1,"3,500",40 to 50,400 to 500,Dec-23
THE FLORENCE RESIDENCES,HOUGANG AVENUE 2,19,Non-Landed Properties,NA,"3,300",50 to 60,600 to 700,Dec-23
CARDIFF RESIDENCE,CARDIFF GROVE,19,Non-Landed Properties,1,"2,850",30 to 40,400 to 500,Dec-23
AFFINITY AT SERANGOON,SERANGOON NORTH AVENUE 1,19,Non-Landed Properties,2,"3,600",50 to 60,600 to 700,Dec-23
AFFINITY AT SERANGOON,SERANGOON NORTH AVENUE 1,19,Non-Landed Properties,3,"4,500",70 to 80,800 to 900,Dec-23
THE GARDEN RESIDENCES,SERANGOON NORTH VIEW,19,Non-Landed Properties,2,"3,750",50 to 60,600 to 700,Dec-23
BLISS@KOVAN,SIMON LANE,19,Non-Landed Properties,1,"3,000",40 to 50,500 to 600,Dec-23
AFFINITY AT SERANGOON,SERANGOON NORTH AVENUE 1,19,Non-Landed Properties,1,"2,900",40 to 50,400 to 500,Dec-23
LA FIESTA,SENGKANG SQUARE,19,Non-Landed Properties,2,"3,500",60 to 70,700 to 800,Dec-23
WATERTOWN,PUNGGOL CENTRAL,19,Non-Landed Properties,4,"6,750",120 to 130,"1,300 to 1,400",Dec-23
RIVERFRONT RESIDENCES,HOUGANG AVENUE 7,19,Non-Landed Properties,2,"3,150",50 to 60,600 to 700,Dec-23
WATERTOWN,PUNGGOL CENTRAL,19,Non-Landed Properties,NA,"3,300",50 to 60,600 to 700,Dec-23
A TREASURE TROVE,PUNGGOL WALK,19,Non-Landed Properties,3,"4,300",110 to 120,"1,200 to 1,300",Dec-23
KINGSFORD WATERBAY,UPPER SERANGOON VIEW,19,Non-Landed Properties,3,"3,500",70 to 80,800 to 900,Dec-23
RIVERFRONT RESIDENCES,HOUGANG AVENUE 7,19,Non-Landed Properties,2,"3,700",50 to 60,600 to 700,Dec-23
LA FIESTA,SENGKANG SQUARE,19,Non-Landed Properties,2,"3,500",80 to 90,"900 to 1,000",Dec-23
PIN MANSIONS,LIM AH PIN ROAD,19,Non-Landed Properties,3,"5,100",110 to 120,"1,200 to 1,300",Dec-23
AFFINITY AT SERANGOON,SERANGOON NORTH AVENUE 1,19,Non-Landed Properties,1,"2,800",40 to 50,400 to 500,Dec-23
THE LUXURIE,COMPASSVALE ROAD,19,Non-Landed Properties,3,"4,500",90 to 100,"1,000 to 1,100",Dec-23
AFFINITY AT SERANGOON,SERANGOON NORTH AVENUE 1,19,Non-Landed Properties,1,"2,700",50 to 60,500 to 600,Dec-23
AFFINITY AT SERANGOON,SERANGOON NORTH AVENUE 1,19,Non-Landed Properties,2,"3,700",70 to 80,700 to 800,Dec-23
WATERTOWN,PUNGGOL CENTRAL,19,Non-Landed Properties,NA,"3,000",50 to 60,600 to 700,Dec-23
RIVERFRONT RESIDENCES,HOUGANG AVENUE 7,19,Non-Landed Properties,2,"3,300",50 to 60,600 to 700,Dec-23
JEWEL @ BUANGKOK,COMPASSVALE BOW,19,Non-Landed Properties,2,"3,500",60 to 70,700 to 800,Dec-23
URBAN RESIDENCES,LORONG AH SOO,19,Non-Landed Properties,2,"3,500",70 to 80,800 to 900,Dec-23
AFFINITY AT SERANGOON,SERANGOON NORTH AVENUE 1,19,Non-Landed Properties,3,"5,100",100 to 110,"1,100 to 1,200",Dec-23
BARTLEY RESIDENCES,LORONG HOW SUN,19,Non-Landed Properties,1,"3,000",40 to 50,400 to 500,Dec-23
THE FLORENCE RESIDENCES,HOUGANG AVENUE 2,19,Non-Landed Properties,NA,"3,400",50 to 60,600 to 700,Dec-23
TERRASSE,TERRASSE LANE,19,Non-Landed Properties,1,"2,950",60 to 70,600 to 700,Dec-23
THE SPRINGBLOOM,SERANGOON AVENUE 3,19,Non-Landed Properties,2,"4,450",100 to 110,"1,100 to 1,200",Dec-23
RESIDENCES BOTANIQUE,YIO CHU KANG ROAD,19,Non-Landed Properties,2,"3,700",80 to 90,800 to 900,Dec-23
THE FLORENCE RESIDENCES,HOUGANG AVENUE 2,19,Non-Landed Properties,NA,"3,400",50 to 60,600 to 700,Dec-23
THE FLORENCE RESIDENCES,HOUGANG AVENUE 2,19,Non-Landed Properties,NA,"3,000",40 to 50,400 to 500,Dec-23
RIVERSAILS,UPPER SERANGOON CRESCENT,19,Non-Landed Properties,2,"3,600",80 to 90,800 to 900,Dec-23
AFFINITY AT SERANGOON,SERANGOON NORTH AVENUE 1,19,Non-Landed Properties,1,"3,200",50 to 60,600 to 700,Dec-23
CHERRYHILL,LORONG LEW LIAN,19,Non-Landed Properties,3,"4,500",140 to 150,"1,500 to 1,600",Dec-23
BOTANIQUE AT BARTLEY,UPPER PAYA LEBAR ROAD,19,Non-Landed Properties,2,"3,900",60 to 70,700 to 800,Dec-23
KINGSFORD WATERBAY,UPPER SERANGOON VIEW,19,Non-Landed Properties,1,"2,850",40 to 50,400 to 500,Dec-23
CHILTERN PARK,SERANGOON AVENUE 3,19,Non-Landed Properties,3,"5,300",140 to 150,"1,500 to 1,600",Dec-23
TRILIVE,TAMPINES ROAD,19,Non-Landed Properties,2,"3,500",50 to 60,600 to 700,Dec-23
COMPASS HEIGHTS,SENGKANG SQUARE,19,Non-Landed Properties,3,"4,600",120 to 130,"1,200 to 1,300",Dec-23
PARC VERA,HOUGANG STREET 32,19,Non-Landed Properties,2,"3,500",70 to 80,700 to 800,Dec-23
FLO RESIDENCE,PUNGGOL FIELD WALK,19,Non-Landed Properties,3,"4,300",90 to 100,"1,000 to 1,100",Dec-23
BOATHOUSE RESIDENCES,UPPER SERANGOON VIEW,19,Non-Landed Properties,3,"3,800",90 to 100,"1,000 to 1,100",Dec-23
BARTLEY RESIDENCES,LORONG HOW SUN,19,Non-Landed Properties,1,"2,900",40 to 50,400 to 500,Dec-23
LA FIESTA,SENGKANG SQUARE,19,Non-Landed Properties,3,"4,600",90 to 100,"1,000 to 1,100",Dec-23
THE FLORENCE RESIDENCES,HOUGANG AVENUE 2,19,Non-Landed Properties,NA,"3,500",60 to 70,600 to 700,Dec-23
CRYSTAL DE AZURE,HOW SUN CLOSE,19,Non-Landed Properties,2,"3,150",80 to 90,"900 to 1,000",Dec-23
TREASURE GARDENS,TEOW HOCK AVENUE,19,Non-Landed Properties,3,"3,900",90 to 100,"1,000 to 1,100",Dec-23
NAUNG RESIDENCE,JALAN NAUNG,19,Non-Landed Properties,2,"2,300",60 to 70,700 to 800,Dec-23
BOTANIQUE AT BARTLEY,UPPER PAYA LEBAR ROAD,19,Non-Landed Properties,1,"3,000",40 to 50,400 to 500,Dec-23
JEWEL @ BUANGKOK,COMPASSVALE BOW,19,Non-Landed Properties,1,"2,850",40 to 50,400 to 500,Dec-23
AFFINITY AT SERANGOON,SERANGOON NORTH AVENUE 1,19,Non-Landed Properties,1,"3,000",50 to 60,600 to 700,Dec-23
RIVERFRONT RESIDENCES,HOUGANG AVENUE 7,19,Non-Landed Properties,2,"3,800",50 to 60,600 to 700,Dec-23
THE TEMBUSU,TAMPINES ROAD,19,Non-Landed Properties,1,"3,200",40 to 50,400 to 500,Dec-23
THE GARDEN RESIDENCES,SERANGOON NORTH VIEW,19,Non-Landed Properties,3,"4,500",70 to 80,700 to 800,Dec-23
THE FLORENCE RESIDENCES,HOUGANG AVENUE 2,19,Non-Landed Properties,NA,"4,000",60 to 70,600 to 700,Dec-23
THE LUXURIE,COMPASSVALE ROAD,19,Non-Landed Properties,2,"3,300",60 to 70,700 to 800,Dec-23
KOVAN MELODY,KOVAN ROAD,19,Non-Landed Properties,3,"5,300",110 to 120,"1,200 to 1,300",Dec-23
THE FLORENCE RESIDENCES,HOUGANG AVENUE 2,19,Non-Landed Properties,NA,"3,400",50 to 60,600 to 700,Dec-23
CAMBIO SUITES,LIM TUA TOW ROAD,19,Non-Landed Properties,2,"2,800",50 to 60,500 to 600,Dec-23
PRESTO@UPPER SERANGOON,UPPER SERANGOON ROAD,19,Non-Landed Properties,2,"3,200",70 to 80,800 to 900,Dec-23
AFFINITY AT SERANGOON,SERANGOON NORTH AVENUE 1,19,Non-Landed Properties,3,"4,200",80 to 90,"900 to 1,000",Dec-23
THE SPRINGBLOOM,SERANGOON AVENUE 3,19,Non-Landed Properties,3,"5,900",170 to 180,"1,800 to 1,900",Dec-23
SPACE @ KOVAN,YIO CHU KANG ROAD,19,Non-Landed Properties,2,"2,980",50 to 60,500 to 600,Dec-23
BLISS@KOVAN,SIMON LANE,19,Non-Landed Properties,1,"3,000",40 to 50,500 to 600,Dec-23
THE SCALA,SERANGOON AVENUE 3,19,Non-Landed Properties,1,"3,100",40 to 50,400 to 500,Dec-23
RIVERSAILS,UPPER SERANGOON CRESCENT,19,Non-Landed Properties,1,"3,000",40 to 50,500 to 600,Dec-23
KENSINGTON SQUARE,JALAN LOKAM,19,Non-Landed Properties,1,"2,700",40 to 50,400 to 500,Dec-23
CASA CAMBIO,LIM TUA TOW ROAD,19,Non-Landed Properties,2,"3,700",80 to 90,800 to 900,Dec-23
GAMBIR RIDGE,GAMBIR WALK,19,Non-Landed Properties,2,"3,300",60 to 70,700 to 800,Dec-23
AFFINITY AT SERANGOON,SERANGOON NORTH AVENUE 1,19,Non-Landed Properties,1,"2,700",50 to 60,500 to 600,Dec-23
A TREASURE TROVE,PUNGGOL WALK,19,Non-Landed Properties,3,"4,400",100 to 110,"1,100 to 1,200",Dec-23
CARDIFF RESIDENCE,CARDIFF GROVE,19,Non-Landed Properties,1,"2,800",30 to 40,400 to 500,Dec-23
WATERTOWN,PUNGGOL CENTRAL,19,Non-Landed Properties,NA,"3,400",50 to 60,600 to 700,Dec-23
WATERTOWN,PUNGGOL CENTRAL,19,Non-Landed Properties,1,"3,300",50 to 60,500 to 600,Dec-23
THE PROMENADE@PELIKAT,JALAN PELIKAT,19,Non-Landed Properties,3,"3,600",80 to 90,"900 to 1,000",Dec-23
GOLDEN HEIGHTS,SERANGOON AVENUE 3,19,Non-Landed Properties,3,"3,500",110 to 120,"1,200 to 1,300",Dec-23
THE FLORENCE RESIDENCES,HOUGANG AVENUE 2,19,Non-Landed Properties,NA,"3,250",50 to 60,600 to 700,Dec-23
AFFINITY AT SERANGOON,SERANGOON NORTH AVENUE 1,19,Non-Landed Properties,1,"2,900",40 to 50,400 to 500,Dec-23
AFFINITY AT SERANGOON,SERANGOON NORTH AVENUE 1,19,Non-Landed Properties,1,"2,850",40 to 50,400 to 500,Dec-23
REGENTVILLE,HOUGANG STREET 92,19,Non-Landed Properties,3,"4,200",100 to 110,"1,100 to 1,200",Dec-23
AFFINITY AT SERANGOON,SERANGOON NORTH AVENUE 1,19,Non-Landed Properties,1,"2,800",40 to 50,400 to 500,Dec-23
LA FIESTA,SENGKANG SQUARE,19,Non-Landed Properties,1,"2,750",40 to 50,400 to 500,Dec-23
THE SPRINGBLOOM,SERANGOON AVENUE 3,19,Non-Landed Properties,1,"3,600",80 to 90,800 to 900,Dec-23
THE GARDEN RESIDENCES,SERANGOON NORTH VIEW,19,Non-Landed Properties,1,"3,050",40 to 50,400 to 500,Dec-23
RIVERSAILS,UPPER SERANGOON CRESCENT,19,Non-Landed Properties,2,"3,300",80 to 90,"900 to 1,000",Dec-23
MIDTOWN RESIDENCES,UPPER SERANGOON ROAD,19,Non-Landed Properties,2,"3,600",60 to 70,600 to 700,Dec-23
PARC VERA,HOUGANG STREET 32,19,Non-Landed Properties,2,"3,250",70 to 80,700 to 800,Dec-23
FORTUNE PARK,TAMPINES ROAD,19,Non-Landed Properties,3,"3,800",120 to 130,"1,200 to 1,300",Dec-23
AFFINITY AT SERANGOON,SERANGOON NORTH AVENUE 1,19,Non-Landed Properties,2,"3,700",60 to 70,700 to 800,Dec-23
AFFINITY AT SERANGOON,SERANGOON NORTH AVENUE 1,19,Non-Landed Properties,1,"2,900",40 to 50,400 to 500,Dec-23
AFFINITY AT SERANGOON,SERANGOON NORTH AVENUE 1,19,Non-Landed Properties,2,"3,800",60 to 70,700 to 800,Dec-23
COMPASS HEIGHTS,SENGKANG SQUARE,19,Non-Landed Properties,2,"3,800",90 to 100,"1,000 to 1,100",Dec-23
KOVAN GRANDEUR,TAMPINES ROAD,19,Non-Landed Properties,1,"2,540",30 to 40,300 to 400,Dec-23
LA FIESTA,SENGKANG SQUARE,19,Non-Landed Properties,3,"4,300",70 to 80,800 to 900,Dec-23
RIVER ISLES,EDGEDALE PLAINS,19,Non-Landed Properties,3,"4,300",80 to 90,800 to 900,Dec-23
CHUAN PARK (DEMOLISHED),LORONG CHUAN,19,Non-Landed Properties,2,"2,500",100 to 110,"1,100 to 1,200",Dec-23
THE BENTLY RESIDENCES@KOVAN,KOVAN ROAD,19,Non-Landed Properties,1,"2,600",40 to 50,400 to 500,Dec-23
KINGSFORD WATERBAY,UPPER SERANGOON VIEW,19,Non-Landed Properties,1,"2,700",40 to 50,400 to 500,Dec-23
THE MINTON,HOUGANG STREET 11,19,Non-Landed Properties,2,"4,800",160 to 170,"1,700 to 1,800",Dec-23
RIVER ISLES,EDGEDALE PLAINS,19,Non-Landed Properties,3,"4,250",80 to 90,"900 to 1,000",Dec-23
KOVAN REGENCY,KOVAN RISE,19,Non-Landed Properties,3,"5,100",90 to 100,"900 to 1,000",Dec-23
AFFINITY AT SERANGOON,SERANGOON NORTH AVENUE 1,19,Non-Landed Properties,3,"5,300",100 to 110,"1,000 to 1,100",Dec-23
LA FIESTA,SENGKANG SQUARE,19,Non-Landed Properties,3,"4,625",90 to 100,"1,000 to 1,100",Dec-23
KOVAN REGENCY,KOVAN RISE,19,Non-Landed Properties,3,"5,200",100 to 110,"1,100 to 1,200",Dec-23
MIDTOWN RESIDENCES,UPPER SERANGOON ROAD,19,Non-Landed Properties,1,"2,800",40 to 50,400 to 500,Dec-23
STARS OF KOVAN,UPPER SERANGOON ROAD,19,Non-Landed Properties,2,"3,900",60 to 70,700 to 800,Dec-23
WATERTOWN,PUNGGOL CENTRAL,19,Non-Landed Properties,1,"3,150",50 to 60,500 to 600,Dec-23
RIVER ISLES,EDGEDALE PLAINS,19,Non-Landed Properties,3,"4,100",80 to 90,"900 to 1,000",Dec-23
VIBES@UPPER SERANGOON,UPPER SERANGOON ROAD,19,Non-Landed Properties,1,"3,000",30 to 40,400 to 500,Dec-23
AFFINITY AT SERANGOON,SERANGOON NORTH AVENUE 1,19,Non-Landed Properties,1,"3,000",50 to 60,600 to 700,Dec-23
THE FLORENCE RESIDENCES,HOUGANG AVENUE 2,19,Non-Landed Properties,NA,"3,600",60 to 70,600 to 700,Dec-23
ROSALIA PARK,LORONG ONG LYE,19,Non-Landed Properties,2,"2,900",100 to 110,"1,100 to 1,200",Dec-23
AFFINITY AT SERANGOON,SERANGOON NORTH AVENUE 1,19,Non-Landed Properties,1,"2,800",40 to 50,400 to 500,Dec-23
AFFINITY AT SERANGOON,SERANGOON NORTH AVENUE 1,19,Non-Landed Properties,3,"4,286",100 to 110,"1,100 to 1,200",Dec-23
AFFINITY AT SERANGOON,SERANGOON NORTH AVENUE 1,19,Non-Landed Properties,2,"3,600",50 to 60,600 to 700,Dec-23
TERRASSE,TERRASSE LANE,19,Non-Landed Properties,1,"3,000",40 to 50,500 to 600,Dec-23
AFFINITY AT SERANGOON,SERANGOON NORTH AVENUE 1,19,Non-Landed Properties,1,"3,300",50 to 60,600 to 700,Dec-23
THE FLORENCE RESIDENCES,HOUGANG AVENUE 2,19,Non-Landed Properties,NA,"3,500",70 to 80,800 to 900,Dec-23
CHILTERN PARK,SERANGOON AVENUE 3,19,Non-Landed Properties,3,"5,500",140 to 150,"1,500 to 1,600",Dec-23
CHERRY GARDENS,LORONG LEW LIAN,19,Non-Landed Properties,3,"5,100",200 to 210,"2,200 to 2,300",Dec-23
WATERTOWN,PUNGGOL CENTRAL,19,Non-Landed Properties,4,"6,000",130 to 140,"1,400 to 1,500",Dec-23
THE GARDEN RESIDENCES,SERANGOON NORTH VIEW,19,Non-Landed Properties,2,"3,500",50 to 60,600 to 700,Dec-23
RIVERFRONT RESIDENCES,HOUGANG AVENUE 7,19,Non-Landed Properties,NA,"3,550",60 to 70,700 to 800,Dec-23
BOATHOUSE RESIDENCES,UPPER SERANGOON VIEW,19,Non-Landed Properties,1,"2,750",50 to 60,600 to 700,Dec-23
GOLDEN HEIGHTS,SERANGOON AVENUE 3,19,Non-Landed Properties,3,"3,800",110 to 120,"1,100 to 1,200",Dec-23
THE FLORENCE RESIDENCES,HOUGANG AVENUE 2,19,Non-Landed Properties,NA,"3,500",50 to 60,600 to 700,Dec-23
THE FLORENCE RESIDENCES,HOUGANG AVENUE 2,19,Non-Landed Properties,NA,"3,000",40 to 50,400 to 500,Dec-23
CHILTERN PARK,SERANGOON AVENUE 3,19,Non-Landed Properties,2,"3,400",100 to 110,"1,000 to 1,100",Dec-23
THE LUXURIE,COMPASSVALE ROAD,19,Non-Landed Properties,2,"3,700",70 to 80,700 to 800,Dec-23
THE COURTYARD,LIM AH PIN ROAD,19,Non-Landed Properties,3,"4,000",110 to 120,"1,200 to 1,300",Dec-23
THE SPRINGBLOOM,SERANGOON AVENUE 3,19,Non-Landed Properties,2,"4,600",100 to 110,"1,100 to 1,200",Dec-23
D'HIRO@HILLSIDE,HILLSIDE DRIVE,19,Non-Landed Properties,2,"2,800",120 to 130,"1,200 to 1,300",Dec-23
ONE ROSYTH,ROSYTH ROAD,19,Non-Landed Properties,2,"3,850",100 to 110,"1,000 to 1,100",Dec-23
KOVAN RESIDENCES,KOVAN ROAD,19,Non-Landed Properties,4,"7,000",160 to 170,"1,700 to 1,800",Dec-23
KENSINGTON PARK CONDOMINIUM,KENSINGTON PARK DRIVE,19,Non-Landed Properties,3,"6,000",150 to 160,"1,600 to 1,700",Dec-23
RIVERSAILS,UPPER SERANGOON CRESCENT,19,Non-Landed Properties,2,"2,800",80 to 90,"900 to 1,000",Dec-23
BARTLEY RESIDENCES,LORONG HOW SUN,19,Non-Landed Properties,2,"4,200",80 to 90,"900 to 1,000",Dec-23
RIVERFRONT RESIDENCES,HOUGANG AVENUE 7,19,Non-Landed Properties,3,"4,300",80 to 90,800 to 900,Dec-23
RIVERFRONT RESIDENCES,HOUGANG AVENUE 7,19,Non-Landed Properties,1,"2,800",40 to 50,400 to 500,Dec-23
KOVAN RESIDENCES,KOVAN ROAD,19,Non-Landed Properties,3,"5,400",110 to 120,"1,200 to 1,300",Dec-23
CAMBIO SUITES,LIM TUA TOW ROAD,19,Non-Landed Properties,3,"3,500",70 to 80,700 to 800,Dec-23
MIDTOWN RESIDENCES,UPPER SERANGOON ROAD,19,Non-Landed Properties,3,"3,700",80 to 90,800 to 900,Dec-23
NON-LANDED HOUSING DEVELOPMENT,ROCHDALE ROAD,19,Non-Landed Properties,NA,"3,800",90 to 100,"900 to 1,000",Dec-23
KOVAN MELODY,KOVAN ROAD,19,Non-Landed Properties,4,"7,000",140 to 150,"1,500 to 1,600",Dec-23
AFFINITY AT SERANGOON,SERANGOON NORTH AVENUE 1,19,Non-Landed Properties,4,"7,300",150 to 160,"1,700 to 1,800",Dec-23
RIVERFRONT RESIDENCES,HOUGANG AVENUE 7,19,Non-Landed Properties,2,"3,600",60 to 70,700 to 800,Dec-23
THE TEMBUSU,TAMPINES ROAD,19,Non-Landed Properties,4,"6,100",120 to 130,"1,300 to 1,400",Dec-23
BARTLEY RESIDENCES,LORONG HOW SUN,19,Non-Landed Properties,2,"4,200",70 to 80,700 to 800,Dec-23
RIVERFRONT RESIDENCES,HOUGANG AVENUE 7,19,Non-Landed Properties,1,"2,950",40 to 50,400 to 500,Dec-23
THE FLORENCE RESIDENCES,HOUGANG AVENUE 2,19,Non-Landed Properties,NA,"3,400",60 to 70,600 to 700,Dec-23
8 EDEN GROVE,EDEN GROVE,19,Non-Landed Properties,3,"3,800",80 to 90,"900 to 1,000",Dec-23
AFFINITY AT SERANGOON,SERANGOON NORTH AVENUE 1,19,Non-Landed Properties,3,"3,900",70 to 80,800 to 900,Dec-23
AFFINITY AT SERANGOON,SERANGOON NORTH AVENUE 1,19,Non-Landed Properties,2,"3,400",50 to 60,600 to 700,Dec-23
THE QUARTZ,COMPASSVALE BOW,19,Non-Landed Properties,3,"4,800",120 to 130,"1,300 to 1,400",Dec-23
KINGSFORD WATERBAY,UPPER SERANGOON VIEW,19,Non-Landed Properties,2,"3,500",60 to 70,600 to 700,Dec-23
BOATHOUSE RESIDENCES,UPPER SERANGOON VIEW,19,Non-Landed Properties,2,"3,800",80 to 90,"900 to 1,000",Dec-23
WATERTOWN,PUNGGOL CENTRAL,19,Non-Landed Properties,NA,"3,250",50 to 60,500 to 600,Dec-23
NON-LANDED HOUSING DEVELOPMENT,UPPER PAYA LEBAR ROAD,19,Non-Landed Properties,NA,"3,200",130 to 140,"1,400 to 1,500",Dec-23
THE PROMENADE@PELIKAT,JALAN PELIKAT,19,Non-Landed Properties,1,"3,050",40 to 50,500 to 600,Dec-23
AFFINITY AT SERANGOON,SERANGOON NORTH AVENUE 1,19,Non-Landed Properties,2,"3,500",50 to 60,600 to 700,Dec-23
THE FLORENCE RESIDENCES,HOUGANG AVENUE 2,19,Non-Landed Properties,NA,"2,900",40 to 50,400 to 500,Dec-23
BOTANIQUE AT BARTLEY,UPPER PAYA LEBAR ROAD,19,Non-Landed Properties,2,"3,800",60 to 70,700 to 800,Dec-23
THE FLORENCE RESIDENCES,HOUGANG AVENUE 2,19,Non-Landed Properties,NA,"3,500",50 to 60,600 to 700,Dec-23
REGENTVILLE,HOUGANG STREET 92,19,Non-Landed Properties,2,"3,600",90 to 100,"900 to 1,000",Dec-23
A TREASURE TROVE,PUNGGOL WALK,19,Non-Landed Properties,2,"3,700",80 to 90,"900 to 1,000",Dec-23
A TREASURE TROVE,PUNGGOL WALK,19,Non-Landed Properties,3,"4,700",90 to 100,"1,000 to 1,100",Dec-23
STARS OF KOVAN,UPPER SERANGOON ROAD,19,Non-Landed Properties,1,"3,200",40 to 50,500 to 600,Dec-23
RIVERSOUND RESIDENCE,SENGKANG EAST AVENUE,19,Non-Landed Properties,3,"3,800",110 to 120,"1,100 to 1,200",Dec-23
CAMBIO SUITES,LIM TUA TOW ROAD,19,Non-Landed Properties,3,"4,200",80 to 90,"900 to 1,000",Dec-23
RIVERFRONT RESIDENCES,HOUGANG AVENUE 7,19,Non-Landed Properties,1,"2,800",40 to 50,400 to 500,Dec-23
FLO RESIDENCE,PUNGGOL FIELD WALK,19,Non-Landed Properties,3,"4,400",100 to 110,"1,100 to 1,200",Dec-23
JANSEN 28,JANSEN ROAD,19,Non-Landed Properties,3,"3,300",110 to 120,"1,200 to 1,300",Dec-23
KOVAN GRANDEUR,TAMPINES ROAD,19,Non-Landed Properties,1,"2,400",30 to 40,300 to 400,Dec-23
TANGERINE GROVE,PAYA LEBAR CRESCENT,19,Non-Landed Properties,3,"4,200",150 to 160,"1,600 to 1,700",Dec-23
AFFINITY AT SERANGOON,SERANGOON NORTH AVENUE 1,19,Non-Landed Properties,2,"3,600",50 to 60,600 to 700,Dec-23
LA FIESTA,SENGKANG SQUARE,19,Non-Landed Properties,3,"4,000",70 to 80,800 to 900,Dec-23
THE FLORENCE RESIDENCES,HOUGANG AVENUE 2,19,Non-Landed Properties,NA,"4,800",90 to 100,"900 to 1,000",Dec-23
CASA CAMBIO,LIM TUA TOW ROAD,19,Non-Landed Properties,2,"2,900",40 to 50,400 to 500,Dec-23
BARTLEY RESIDENCES,LORONG HOW SUN,19,Non-Landed Properties,4,"5,800",120 to 130,"1,300 to 1,400",Dec-23
PARC VERA,HOUGANG STREET 32,19,Non-Landed Properties,2,"3,400",70 to 80,700 to 800,Dec-23
THE FLORENCE RESIDENCES,HOUGANG AVENUE 2,19,Non-Landed Properties,NA,"3,800",60 to 70,600 to 700,Dec-23
RIVERSOUND RESIDENCE,SENGKANG EAST AVENUE,19,Non-Landed Properties,3,"3,300",90 to 100,"1,000 to 1,100",Dec-23
PARC CENTROS,PUNGGOL CENTRAL,19,Non-Landed Properties,3,"4,500",100 to 110,"1,100 to 1,200",Dec-23
AFFINITY AT SERANGOON,SERANGOON NORTH AVENUE 1,19,Non-Landed Properties,3,"4,500",100 to 110,"1,100 to 1,200",Dec-23
PRESTO@UPPER SERANGOON,UPPER SERANGOON ROAD,19,Non-Landed Properties,1,"2,850",40 to 50,400 to 500,Dec-23
LA FIESTA,SENGKANG SQUARE,19,Non-Landed Properties,3,"4,100",70 to 80,800 to 900,Dec-23
THE FLORENCE RESIDENCES,HOUGANG AVENUE 2,19,Non-Landed Properties,NA,"3,000",40 to 50,400 to 500,Dec-23
FOREST WOODS,LORONG LEW LIAN,19,Non-Landed Properties,2,"3,700",50 to 60,600 to 700,Dec-23
AFFINITY AT SERANGOON,SERANGOON NORTH AVENUE 1,19,Non-Landed Properties,1,"2,900",40 to 50,400 to 500,Dec-23
SUNGLADE,SERANGOON AVENUE 2,19,Non-Landed Properties,3,"5,500",100 to 110,"1,100 to 1,200",Dec-23
AFFINITY AT SERANGOON,SERANGOON NORTH AVENUE 1,19,Non-Landed Properties,1,"2,800",40 to 50,400 to 500,Dec-23
JANSEN 28,JANSEN ROAD,19,Non-Landed Properties,3,"3,500",110 to 120,"1,100 to 1,200",Dec-23
A TREASURE TROVE,PUNGGOL WALK,19,Non-Landed Properties,2,"4,100",70 to 80,700 to 800,Dec-23
PARC CENTROS,PUNGGOL CENTRAL,19,Non-Landed Properties,2,"3,550",70 to 80,700 to 800,Dec-23
THE BENTLY RESIDENCES@KOVAN,KOVAN ROAD,19,Non-Landed Properties,2,"3,300",70 to 80,700 to 800,Dec-23
STARS OF KOVAN,UPPER SERANGOON ROAD,19,Non-Landed Properties,2,"4,000",60 to 70,700 to 800,Dec-23
GOLDEN HEIGHTS,SERANGOON AVENUE 3,19,Non-Landed Properties,3,"4,300",110 to 120,"1,100 to 1,200",Dec-23
JEWEL @ BUANGKOK,COMPASSVALE BOW,19,Non-Landed Properties,2,"3,800",60 to 70,700 to 800,Dec-23
GAMBIR RIDGE,GAMBIR WALK,19,Non-Landed Properties,2,"3,400",60 to 70,700 to 800,Dec-23
THE SCALA,SERANGOON AVENUE 3,19,Non-Landed Properties,1,"3,380",40 to 50,400 to 500,Dec-23
RIVERFRONT RESIDENCES,HOUGANG AVENUE 7,19,Non-Landed Properties,4,"6,000",130 to 140,"1,400 to 1,500",Dec-23
THE LILIUM,HOW SUN ROAD,19,Non-Landed Properties,2,"4,000",60 to 70,600 to 700,Dec-23
CHUAN PARK (DEMOLISHED),LORONG CHUAN,19,Non-Landed Properties,2,"2,650",100 to 110,"1,100 to 1,200",Dec-23
FLO RESIDENCE,PUNGGOL FIELD WALK,19,Non-Landed Properties,3,"4,000",80 to 90,"900 to 1,000",Dec-23
SPAZIO @ KOVAN,UPPER SERANGOON ROAD,19,Non-Landed Properties,3,"3,500",60 to 70,600 to 700,Dec-23
LA FIESTA,SENGKANG SQUARE,19,Non-Landed Properties,1,"2,700",40 to 50,400 to 500,Dec-23
KOVAN 81,KOVAN ROAD,19,Non-Landed Properties,3,"3,900",100 to 110,"1,000 to 1,100",Dec-23
THE SCALA,SERANGOON AVENUE 3,19,Non-Landed Properties,1,"3,300",40 to 50,400 to 500,Dec-23
RIVERFRONT RESIDENCES,HOUGANG AVENUE 7,19,Non-Landed Properties,1,"2,800",40 to 50,400 to 500,Dec-23
JEWEL @ BUANGKOK,COMPASSVALE BOW,19,Non-Landed Properties,3,"3,500",80 to 90,800 to 900,Dec-23
KINGSFORD WATERBAY,UPPER SERANGOON VIEW,19,Non-Landed Properties,1,"2,750",40 to 50,400 to 500,Nov-23
THE LUXURIE,COMPASSVALE ROAD,19,Non-Landed Properties,3,"4,100",90 to 100,"1,000 to 1,100",Nov-23
CASA CAMBIO,LIM TUA TOW ROAD,19,Non-Landed Properties,2,"2,900",40 to 50,400 to 500,Nov-23
AFFINITY AT SERANGOON,SERANGOON NORTH AVENUE 1,19,Non-Landed Properties,1,"3,500",50 to 60,600 to 700,Nov-23
CASA ESPANIA,GAMBIR WALK,19,Non-Landed Properties,NA,"5,400",150 to 160,"1,600 to 1,700",Nov-23
A TREASURE TROVE,PUNGGOL WALK,19,Non-Landed Properties,4,"4,400",120 to 130,"1,300 to 1,400",Nov-23
PARC CENTROS,PUNGGOL CENTRAL,19,Non-Landed Properties,3,"4,700",100 to 110,"1,100 to 1,200",Nov-23
RIVERFRONT RESIDENCES,HOUGANG AVENUE 7,19,Non-Landed Properties,1,"2,600",40 to 50,400 to 500,Nov-23
JEWEL @ BUANGKOK,COMPASSVALE BOW,19,Non-Landed Properties,2,"3,700",80 to 90,800 to 900,Nov-23
RIVERFRONT RESIDENCES,HOUGANG AVENUE 7,19,Non-Landed Properties,1,"3,000",40 to 50,500 to 600,Nov-23
MIDTOWN RESIDENCES,UPPER SERANGOON ROAD,19,Non-Landed Properties,2,"3,300",60 to 70,600 to 700,Nov-23
FOREST WOODS,LORONG LEW LIAN,19,Non-Landed Properties,1,"3,400",40 to 50,500 to 600,Nov-23
CASA CAMBIO,LIM TUA TOW ROAD,19,Non-Landed Properties,2,"3,200",40 to 50,400 to 500,Nov-23
EVANIA,UPPER PAYA LEBAR ROAD,19,Non-Landed Properties,3,"4,100",120 to 130,"1,300 to 1,400",Nov-23
KINGSFORD WATERBAY,UPPER SERANGOON VIEW,19,Non-Landed Properties,2,"3,800",60 to 70,600 to 700,Nov-23
RIVERFRONT RESIDENCES,HOUGANG AVENUE 7,19,Non-Landed Properties,1,"2,800",40 to 50,500 to 600,Nov-23
STARS OF KOVAN,UPPER SERANGOON ROAD,19,Non-Landed Properties,2,"4,000",60 to 70,700 to 800,Nov-23
RIO VISTA,UPPER SERANGOON VIEW,19,Non-Landed Properties,3,"4,200",110 to 120,"1,200 to 1,300",Nov-23
THE MINTON,HOUGANG STREET 11,19,Non-Landed Properties,2,"3,500",90 to 100,"900 to 1,000",Nov-23
RIVERSAILS,UPPER SERANGOON CRESCENT,19,Non-Landed Properties,2,"3,650",80 to 90,"900 to 1,000",Nov-23
JEWEL @ BUANGKOK,COMPASSVALE BOW,19,Non-Landed Properties,3,"4,300",80 to 90,"900 to 1,000",Nov-23
SPACE @ KOVAN,YIO CHU KANG ROAD,19,Non-Landed Properties,2,"3,200",50 to 60,600 to 700,Nov-23
MIDTOWN RESIDENCES,UPPER SERANGOON ROAD,19,Non-Landed Properties,2,"3,500",60 to 70,600 to 700,Nov-23
AFFINITY AT SERANGOON,SERANGOON NORTH AVENUE 1,19,Non-Landed Properties,2,"3,500",50 to 60,600 to 700,Nov-23
THE FLORENCE RESIDENCES,HOUGANG AVENUE 2,19,Non-Landed Properties,NA,"3,800",60 to 70,600 to 700,Nov-23
WATERTOWN,PUNGGOL CENTRAL,19,Non-Landed Properties,NA,"3,500",50 to 60,500 to 600,Nov-23
KINGSFORD WATERBAY,UPPER SERANGOON VIEW,19,Non-Landed Properties,2,"3,900",60 to 70,600 to 700,Nov-23
AFFINITY AT SERANGOON,SERANGOON NORTH AVENUE 1,19,Non-Landed Properties,3,"4,300",70 to 80,800 to 900,Nov-23
ISUITES @ PALM,GLASGOW ROAD,19,Non-Landed Properties,2,"3,100",50 to 60,600 to 700,Nov-23
THE FLORENCE RESIDENCES,HOUGANG AVENUE 2,19,Non-Landed Properties,NA,"3,500",50 to 60,600 to 700,Nov-23
RESIDENCES BOTANIQUE,YIO CHU KANG ROAD,19,Non-Landed Properties,3,"4,300",110 to 120,"1,100 to 1,200",Nov-23
RIO VISTA,UPPER SERANGOON VIEW,19,Non-Landed Properties,3,"4,350",110 to 120,"1,200 to 1,300",Nov-23
THE FLORENCE RESIDENCES,HOUGANG AVENUE 2,19,Non-Landed Properties,NA,"2,900",40 to 50,400 to 500,Nov-23
COMPASS HEIGHTS,SENGKANG SQUARE,19,Non-Landed Properties,3,"4,500",120 to 130,"1,200 to 1,300",Nov-23
THE FLORENCE RESIDENCES,HOUGANG AVENUE 2,19,Non-Landed Properties,NA,"2,850",40 to 50,400 to 500,Nov-23
TANGERINE GROVE,PAYA LEBAR CRESCENT,19,Non-Landed Properties,2,"3,600",80 to 90,"900 to 1,000",Nov-23
CHUAN PARK (DEMOLISHED),LORONG CHUAN,19,Non-Landed Properties,2,"4,000",100 to 110,"1,100 to 1,200",Nov-23
THE CHUAN,LORONG CHUAN,19,Non-Landed Properties,4,"11,500",210 to 220,"2,200 to 2,300",Nov-23
LA FIESTA,SENGKANG SQUARE,19,Non-Landed Properties,3,"3,900",90 to 100,"1,000 to 1,100",Nov-23
FLO RESIDENCE,PUNGGOL FIELD WALK,19,Non-Landed Properties,3,"4,300",80 to 90,"900 to 1,000",Nov-23
AFFINITY AT SERANGOON,SERANGOON NORTH AVENUE 1,19,Non-Landed Properties,2,"5,200",50 to 60,600 to 700,Nov-23
JADE RESIDENCES,LEW LIAN VALE,19,Non-Landed Properties,2,"2,700",50 to 60,600 to 700,Nov-23
THE SUNSHINE,SUNSHINE TERRACE,19,Non-Landed Properties,3,"3,300",110 to 120,"1,200 to 1,300",Nov-23
STARS OF KOVAN,UPPER SERANGOON ROAD,19,Non-Landed Properties,2,"4,000",60 to 70,700 to 800,Nov-23
A TREASURE TROVE,PUNGGOL WALK,19,Non-Landed Properties,2,"4,000",70 to 80,700 to 800,Nov-23
LA FIESTA,SENGKANG SQUARE,19,Non-Landed Properties,3,"4,200",100 to 110,"1,100 to 1,200",Nov-23
STARS OF KOVAN,UPPER SERANGOON ROAD,19,Non-Landed Properties,3,"4,950",80 to 90,"900 to 1,000",Nov-23
MIDTOWN RESIDENCES,UPPER SERANGOON ROAD,19,Non-Landed Properties,1,"2,700",40 to 50,400 to 500,Nov-23
CHUAN PARK (DEMOLISHED),LORONG CHUAN,19,Non-Landed Properties,2,"3,800",100 to 110,"1,100 to 1,200",Nov-23
THE FLORENCE RESIDENCES,HOUGANG AVENUE 2,19,Non-Landed Properties,NA,"3,888",60 to 70,600 to 700,Nov-23
KOVAN MELODY,KOVAN ROAD,19,Non-Landed Properties,2,"4,100",80 to 90,"900 to 1,000",Nov-23
CASA CAMBIO,LIM TUA TOW ROAD,19,Non-Landed Properties,2,"2,900",40 to 50,400 to 500,Nov-23
THE LUXURIE,COMPASSVALE ROAD,19,Non-Landed Properties,2,"3,650",70 to 80,700 to 800,Nov-23
CHUAN PARK (DEMOLISHED),LORONG CHUAN,19,Non-Landed Properties,2,"2,800",100 to 110,"1,100 to 1,200",Nov-23
RIVERSOUND RESIDENCE,SENGKANG EAST AVENUE,19,Non-Landed Properties,3,"4,000",80 to 90,"900 to 1,000",Nov-23
CHUAN PARK (DEMOLISHED),LORONG CHUAN,19,Non-Landed Properties,2,"2,300",100 to 110,"1,100 to 1,200",Nov-23
THE LUXURIE,COMPASSVALE ROAD,19,Non-Landed Properties,2,"3,650",90 to 100,"1,000 to 1,100",Nov-23
STARS OF KOVAN,UPPER SERANGOON ROAD,19,Non-Landed Properties,1,"3,388",40 to 50,500 to 600,Nov-23
TANGERINE GROVE,PAYA LEBAR CRESCENT,19,Non-Landed Properties,4,"6,000",190 to 200,"2,100 to 2,200",Nov-23
RIVERVALE CREST,RIVERVALE CRESCENT,19,Non-Landed Properties,3,"4,000",100 to 110,"1,100 to 1,200",Nov-23
THE GARDEN RESIDENCES,SERANGOON NORTH VIEW,19,Non-Landed Properties,1,"3,100",40 to 50,500 to 600,Nov-23
CASA CAMBIO,LIM TUA TOW ROAD,19,Non-Landed Properties,1,"2,700",40 to 50,400 to 500,Nov-23
SUITES @ PAYA LEBAR,UPPER PAYA LEBAR ROAD,19,Non-Landed Properties,2,"3,400",50 to 60,600 to 700,Nov-23
RIVERFRONT RESIDENCES,HOUGANG AVENUE 7,19,Non-Landed Properties,NA,"3,400",40 to 50,500 to 600,Nov-23
THE SCALA,SERANGOON AVENUE 3,19,Non-Landed Properties,2,"4,200",70 to 80,800 to 900,Nov-23
RIVERFRONT RESIDENCES,HOUGANG AVENUE 7,19,Non-Landed Properties,2,"3,500",60 to 70,700 to 800,Nov-23
WATERTOWN,PUNGGOL CENTRAL,19,Non-Landed Properties,2,"4,200",80 to 90,"900 to 1,000",Nov-23
LA FIESTA,SENGKANG SQUARE,19,Non-Landed Properties,2,"3,600",70 to 80,700 to 800,Nov-23
RIVERFRONT RESIDENCES,HOUGANG AVENUE 7,19,Non-Landed Properties,1,"3,000",40 to 50,400 to 500,Nov-23
AFFINITY AT SERANGOON,SERANGOON NORTH AVENUE 1,19,Non-Landed Properties,1,"3,050",40 to 50,400 to 500,Nov-23
KINGSFORD WATERBAY,UPPER SERANGOON VIEW,19,Non-Landed Properties,2,"3,300",60 to 70,600 to 700,Nov-23
FONTAINE PARRY,POH HUAT ROAD,19,Non-Landed Properties,2,"3,700",80 to 90,"900 to 1,000",Nov-23
JADE RESIDENCES,LEW LIAN VALE,19,Non-Landed Properties,3,"3,900",70 to 80,700 to 800,Nov-23
FOREST WOODS,LORONG LEW LIAN,19,Non-Landed Properties,2,"3,800",60 to 70,700 to 800,Nov-23
THE SUNSHINE,SUNSHINE TERRACE,19,Non-Landed Properties,3,"4,600",110 to 120,"1,200 to 1,300",Nov-23
THE FLORENCE RESIDENCES,HOUGANG AVENUE 2,19,Non-Landed Properties,NA,"2,850",40 to 50,400 to 500,Nov-23
A TREASURE TROVE,PUNGGOL WALK,19,Non-Landed Properties,2,"3,700",70 to 80,700 to 800,Nov-23
RIVERFRONT RESIDENCES,HOUGANG AVENUE 7,19,Non-Landed Properties,1,"2,850",40 to 50,400 to 500,Nov-23
RIVERFRONT RESIDENCES,HOUGANG AVENUE 7,19,Non-Landed Properties,2,"3,200",50 to 60,600 to 700,Nov-23
STARS OF KOVAN,UPPER SERANGOON ROAD,19,Non-Landed Properties,1,"3,300",40 to 50,500 to 600,Nov-23
KOVAN REGENCY,KOVAN RISE,19,Non-Landed Properties,2,"4,000",70 to 80,700 to 800,Nov-23
THE FLORENCE RESIDENCES,HOUGANG AVENUE 2,19,Non-Landed Properties,NA,"3,300",50 to 60,600 to 700,Nov-23
AFFINITY AT SERANGOON,SERANGOON NORTH AVENUE 1,19,Non-Landed Properties,1,"3,000",40 to 50,400 to 500,Nov-23
STARS OF KOVAN,UPPER SERANGOON ROAD,19,Non-Landed Properties,2,"4,000",60 to 70,700 to 800,Nov-23
WATERTOWN,PUNGGOL CENTRAL,19,Non-Landed Properties,1,"3,300",40 to 50,500 to 600,Nov-23
KOVAN MELODY,KOVAN ROAD,19,Non-Landed Properties,3,"5,100",110 to 120,"1,200 to 1,300",Nov-23
THE TEMBUSU,TAMPINES ROAD,19,Non-Landed Properties,3,"4,000",90 to 100,"1,000 to 1,100",Nov-23
CARDIFF RESIDENCE,CARDIFF GROVE,19,Non-Landed Properties,1,"2,800",40 to 50,400 to 500,Nov-23
AFFINITY AT SERANGOON,SERANGOON NORTH AVENUE 1,19,Non-Landed Properties,1,"2,850",40 to 50,400 to 500,Nov-23
MIDTOWN RESIDENCES,UPPER SERANGOON ROAD,19,Non-Landed Properties,2,"3,600",60 to 70,600 to 700,Nov-23
KINGSFORD WATERBAY,UPPER SERANGOON VIEW,19,Non-Landed Properties,2,"3,200",60 to 70,600 to 700,Nov-23
AFFINITY AT SERANGOON,SERANGOON NORTH AVENUE 1,19,Non-Landed Properties,3,"4,000",80 to 90,"900 to 1,000",Nov-23
PRESTO@UPPER SERANGOON,UPPER SERANGOON ROAD,19,Non-Landed Properties,1,"3,000",40 to 50,400 to 500,Nov-23
RIVERFRONT RESIDENCES,HOUGANG AVENUE 7,19,Non-Landed Properties,1,"2,800",40 to 50,400 to 500,Nov-23
BOTANIQUE AT BARTLEY,UPPER PAYA LEBAR ROAD,19,Non-Landed Properties,1,"3,100",40 to 50,400 to 500,Nov-23
THE FLORENCE RESIDENCES,HOUGANG AVENUE 2,19,Non-Landed Properties,NA,"3,800",60 to 70,600 to 700,Nov-23
THE FLORENCE RESIDENCES,HOUGANG AVENUE 2,19,Non-Landed Properties,NA,"2,888",40 to 50,400 to 500,Nov-23
WATERTOWN,PUNGGOL CENTRAL,19,Non-Landed Properties,1,"3,200",40 to 50,500 to 600,Nov-23
KOVAN MELODY,KOVAN ROAD,19,Non-Landed Properties,2,"4,250",80 to 90,"900 to 1,000",Nov-23
THE FLORENCE RESIDENCES,HOUGANG AVENUE 2,19,Non-Landed Properties,NA,"3,300",40 to 50,500 to 600,Nov-23
LA FIESTA,SENGKANG SQUARE,19,Non-Landed Properties,3,"4,200",70 to 80,800 to 900,Nov-23
THE FLORENCE RESIDENCES,HOUGANG AVENUE 2,19,Non-Landed Properties,NA,"4,000",60 to 70,600 to 700,Nov-23
A TREASURE TROVE,PUNGGOL WALK,19,Non-Landed Properties,3,"5,100",130 to 140,"1,300 to 1,400",Nov-23
PARC CENTROS,PUNGGOL CENTRAL,19,Non-Landed Properties,3,"4,400",100 to 110,"1,100 to 1,200",Nov-23
THE LUXURIE,COMPASSVALE ROAD,19,Non-Landed Properties,2,"3,800",70 to 80,700 to 800,Nov-23
CASA CAMBIO,LIM TUA TOW ROAD,19,Non-Landed Properties,2,"3,100",40 to 50,400 to 500,Nov-23
THE LUXURIE,COMPASSVALE ROAD,19,Non-Landed Properties,2,"3,800",60 to 70,700 to 800,Nov-23
THE FLORENCE RESIDENCES,HOUGANG AVENUE 2,19,Non-Landed Properties,NA,"3,200",40 to 50,400 to 500,Nov-23
REGENTVILLE,HOUGANG STREET 92,19,Non-Landed Properties,2,"3,800",100 to 110,"1,100 to 1,200",Nov-23
RIVERFRONT RESIDENCES,HOUGANG AVENUE 7,19,Non-Landed Properties,1,"2,950",40 to 50,400 to 500,Nov-23
RIVERFRONT RESIDENCES,HOUGANG AVENUE 7,19,Non-Landed Properties,3,"4,000",80 to 90,800 to 900,Nov-23
RIVERVALE CREST,RIVERVALE CRESCENT,19,Non-Landed Properties,3,"3,650",100 to 110,"1,100 to 1,200",Nov-23
THE FLORENCE RESIDENCES,HOUGANG AVENUE 2,19,Non-Landed Properties,NA,"2,850",40 to 50,400 to 500,Nov-23
LA FIESTA,SENGKANG SQUARE,19,Non-Landed Properties,2,"3,700",60 to 70,700 to 800,Nov-23
THE FLORENCE RESIDENCES,HOUGANG AVENUE 2,19,Non-Landed Properties,NA,"2,900",40 to 50,400 to 500,Nov-23
PARC VERA,HOUGANG STREET 32,19,Non-Landed Properties,4,"5,400",130 to 140,"1,400 to 1,500",Nov-23
KENSINGTON PARK CONDOMINIUM,KENSINGTON PARK DRIVE,19,Non-Landed Properties,3,"5,000",150 to 160,"1,600 to 1,700",Nov-23
CARDIFF RESIDENCE,CARDIFF GROVE,19,Non-Landed Properties,1,"2,750",30 to 40,400 to 500,Nov-23
AFFINITY AT SERANGOON,SERANGOON NORTH AVENUE 1,19,Non-Landed Properties,1,"2,900",40 to 50,400 to 500,Nov-23
A TREASURE TROVE,PUNGGOL WALK,19,Non-Landed Properties,2,"3,550",70 to 80,700 to 800,Nov-23
THE MINTON,HOUGANG STREET 11,19,Non-Landed Properties,2,"4,500",90 to 100,"900 to 1,000",Nov-23
AFFINITY AT SERANGOON,SERANGOON NORTH AVENUE 1,19,Non-Landed Properties,2,"3,500",50 to 60,600 to 700,Nov-23
THE LUXURIE,COMPASSVALE ROAD,19,Non-Landed Properties,4,"4,800",120 to 130,"1,300 to 1,400",Nov-23
THE GARDEN RESIDENCES,SERANGOON NORTH VIEW,19,Non-Landed Properties,2,"3,600",60 to 70,600 to 700,Nov-23
RIO VISTA,UPPER SERANGOON VIEW,19,Non-Landed Properties,4,"4,300",120 to 130,"1,300 to 1,400",Nov-23
THE FLORENCE RESIDENCES,HOUGANG AVENUE 2,19,Non-Landed Properties,NA,"3,350",50 to 60,600 to 700,Nov-23
LE GAMBIR,LORONG GAMBIR,19,Non-Landed Properties,NA,"4,700",110 to 120,"1,200 to 1,300",Nov-23
THE MINTON,HOUGANG STREET 11,19,Non-Landed Properties,2,"4,500",90 to 100,"900 to 1,000",Nov-23
RIVERFRONT RESIDENCES,HOUGANG AVENUE 7,19,Non-Landed Properties,2,"3,450",50 to 60,600 to 700,Nov-23
RIVERFRONT RESIDENCES,HOUGANG AVENUE 7,19,Non-Landed Properties,2,"3,500",60 to 70,700 to 800,Nov-23
THE FLORENCE RESIDENCES,HOUGANG AVENUE 2,19,Non-Landed Properties,NA,"3,100",40 to 50,500 to 600,Nov-23
CHERRYHILL,LORONG LEW LIAN,19,Non-Landed Properties,3,"3,450",130 to 140,"1,400 to 1,500",Nov-23
THE GARDEN RESIDENCES,SERANGOON NORTH VIEW,19,Non-Landed Properties,2,"3,600",50 to 60,600 to 700,Nov-23
BARTLEY RESIDENCES,LORONG HOW SUN,19,Non-Landed Properties,1,"3,400",40 to 50,400 to 500,Nov-23
PARK RESIDENCES KOVAN,UPPER SERANGOON ROAD,19,Non-Landed Properties,1,"2,500",30 to 40,300 to 400,Nov-23
THE FLORENCE RESIDENCES,HOUGANG AVENUE 2,19,Non-Landed Properties,NA,"6,600",120 to 130,"1,300 to 1,400",Nov-23
AFFINITY AT SERANGOON,SERANGOON NORTH AVENUE 1,19,Non-Landed Properties,1,"2,900",50 to 60,500 to 600,Nov-23
AFFINITY AT SERANGOON,SERANGOON NORTH AVENUE 1,19,Non-Landed Properties,3,"4,500",70 to 80,800 to 900,Nov-23
WATERTOWN,PUNGGOL CENTRAL,19,Non-Landed Properties,NA,"3,150",50 to 60,500 to 600,Nov-23
KINGSFORD WATERBAY,UPPER SERANGOON VIEW,19,Non-Landed Properties,1,"2,800",40 to 50,400 to 500,Nov-23
THE TEMBUSU,TAMPINES ROAD,19,Non-Landed Properties,3,"5,000",90 to 100,"1,000 to 1,100",Nov-23
RIVERFRONT RESIDENCES,HOUGANG AVENUE 7,19,Non-Landed Properties,1,"2,800",40 to 50,500 to 600,Nov-23
CASA CAMBIO,LIM TUA TOW ROAD,19,Non-Landed Properties,2,"3,750",60 to 70,600 to 700,Nov-23
RIVERFRONT RESIDENCES,HOUGANG AVENUE 7,19,Non-Landed Properties,3,"5,000",100 to 110,"1,100 to 1,200",Nov-23
CHUAN PARK (DEMOLISHED),LORONG CHUAN,19,Non-Landed Properties,2,"3,500",100 to 110,"1,100 to 1,200",Nov-23
RIVERFRONT RESIDENCES,HOUGANG AVENUE 7,19,Non-Landed Properties,NA,"3,650",60 to 70,700 to 800,Nov-23
THE GARDEN RESIDENCES,SERANGOON NORTH VIEW,19,Non-Landed Properties,1,"3,200",40 to 50,500 to 600,Nov-23
THE TEMBUSU,TAMPINES ROAD,19,Non-Landed Properties,1,"2,800",40 to 50,400 to 500,Nov-23
THE FLORENCE RESIDENCES,HOUGANG AVENUE 2,19,Non-Landed Properties,NA,"3,600",50 to 60,600 to 700,Nov-23
RIVERSOUND RESIDENCE,SENGKANG EAST AVENUE,19,Non-Landed Properties,2,"3,100",70 to 80,700 to 800,Nov-23
RIO VISTA,UPPER SERANGOON VIEW,19,Non-Landed Properties,2,"3,600",90 to 100,"1,000 to 1,100",Nov-23
RIVERFRONT RESIDENCES,HOUGANG AVENUE 7,19,Non-Landed Properties,1,"2,800",40 to 50,400 to 500,Nov-23
RIVERFRONT RESIDENCES,HOUGANG AVENUE 7,19,Non-Landed Properties,1,"2,800",40 to 50,500 to 600,Nov-23
RIVERFRONT RESIDENCES,HOUGANG AVENUE 7,19,Non-Landed Properties,3,"4,500",80 to 90,"900 to 1,000",Nov-23
RIVERFRONT RESIDENCES,HOUGANG AVENUE 7,19,Non-Landed Properties,1,"3,000",40 to 50,500 to 600,Nov-23
THE FLORENCE RESIDENCES,HOUGANG AVENUE 2,19,Non-Landed Properties,NA,"2,900",40 to 50,400 to 500,Nov-23
LA FIESTA,SENGKANG SQUARE,19,Non-Landed Properties,1,"2,800",40 to 50,400 to 500,Nov-23
KENSINGTON SQUARE,JALAN LOKAM,19,Non-Landed Properties,2,"2,900",90 to 100,"1,000 to 1,100",Nov-23
AFFINITY AT SERANGOON,SERANGOON NORTH AVENUE 1,19,Non-Landed Properties,1,"2,800",40 to 50,400 to 500,Nov-23
THE LUXURIE,COMPASSVALE ROAD,19,Non-Landed Properties,2,"3,500",60 to 70,700 to 800,Nov-23
ROSALIA PARK,LORONG ONG LYE,19,Non-Landed Properties,3,"4,500",130 to 140,"1,400 to 1,500",Nov-23
THE LUXURIE,COMPASSVALE ROAD,19,Non-Landed Properties,2,"3,600",70 to 80,700 to 800,Nov-23
THE GARDEN RESIDENCES,SERANGOON NORTH VIEW,19,Non-Landed Properties,1,"3,050",40 to 50,400 to 500,Nov-23
CHUAN PARK (DEMOLISHED),LORONG CHUAN,19,Non-Landed Properties,2,"3,600",100 to 110,"1,100 to 1,200",Nov-23
BARTLEY RESIDENCES,LORONG HOW SUN,19,Non-Landed Properties,3,"5,500",100 to 110,"1,100 to 1,200",Nov-23
THE FLORENCE RESIDENCES,HOUGANG AVENUE 2,19,Non-Landed Properties,NA,"3,350",50 to 60,600 to 700,Nov-23
RIVER ISLES,EDGEDALE PLAINS,19,Non-Landed Properties,3,"4,200",80 to 90,"900 to 1,000",Nov-23
CHERRYHILL,LORONG LEW LIAN,19,Non-Landed Properties,3,"4,200",110 to 120,"1,200 to 1,300",Nov-23
LA FIESTA,SENGKANG SQUARE,19,Non-Landed Properties,1,"3,000",40 to 50,400 to 500,Nov-23
THE FLORENCE RESIDENCES,HOUGANG AVENUE 2,19,Non-Landed Properties,NA,"3,250",50 to 60,600 to 700,Nov-23
RIVERFRONT RESIDENCES,HOUGANG AVENUE 7,19,Non-Landed Properties,NA,"3,500",50 to 60,600 to 700,Nov-23
THE FLORENCE RESIDENCES,HOUGANG AVENUE 2,19,Non-Landed Properties,NA,"3,000",40 to 50,400 to 500,Nov-23
AFFINITY AT SERANGOON,SERANGOON NORTH AVENUE 1,19,Non-Landed Properties,1,"2,500",40 to 50,400 to 500,Nov-23
THE LUXURIE,COMPASSVALE ROAD,19,Non-Landed Properties,2,"3,400",70 to 80,700 to 800,Nov-23
THE MINTON,HOUGANG STREET 11,19,Non-Landed Properties,NA,"3,000",50 to 60,600 to 700,Nov-23
CARDIFF RESIDENCE,CARDIFF GROVE,19,Non-Landed Properties,2,"3,500",60 to 70,600 to 700,Nov-23
KINGSFORD WATERBAY,UPPER SERANGOON VIEW,19,Non-Landed Properties,1,"3,100",40 to 50,400 to 500,Nov-23
BARTLEY RESIDENCES,LORONG HOW SUN,19,Non-Landed Properties,4,"5,800",120 to 130,"1,300 to 1,400",Nov-23
KOVAN RESIDENCES,KOVAN ROAD,19,Non-Landed Properties,4,"5,700",130 to 140,"1,400 to 1,500",Nov-23
AFFINITY AT SERANGOON,SERANGOON NORTH AVENUE 1,19,Non-Landed Properties,2,"3,500",50 to 60,600 to 700,Nov-23
RIVERFRONT RESIDENCES,HOUGANG AVENUE 7,19,Non-Landed Properties,2,"3,500",50 to 60,600 to 700,Nov-23
A TREASURE TROVE,PUNGGOL WALK,19,Non-Landed Properties,3,"5,000",90 to 100,"1,000 to 1,100",Nov-23
PARC VERA,HOUGANG STREET 32,19,Non-Landed Properties,2,"3,100",70 to 80,700 to 800,Nov-23
PALM GROVE CONDOMINIUM,PALM GROVE AVENUE,19,Non-Landed Properties,3,"4,400",130 to 140,"1,400 to 1,500",Nov-23
THE TEMBUSU,TAMPINES ROAD,19,Non-Landed Properties,3,"4,400",90 to 100,"1,000 to 1,100",Nov-23
BARTLEY RESIDENCES,LORONG HOW SUN,19,Non-Landed Properties,1,"3,100",40 to 50,400 to 500,Nov-23
STADIA,YIO CHU KANG ROAD,19,Non-Landed Properties,1,"3,000",50 to 60,500 to 600,Nov-23
THE PROMENADE@PELIKAT,JALAN PELIKAT,19,Non-Landed Properties,1,"2,500",40 to 50,400 to 500,Nov-23
MIDTOWN RESIDENCES,UPPER SERANGOON ROAD,19,Non-Landed Properties,3,"4,200",60 to 70,600 to 700,Nov-23
SUNGLADE,SERANGOON AVENUE 2,19,Non-Landed Properties,3,"5,100",100 to 110,"1,100 to 1,200",Nov-23
AFFINITY AT SERANGOON,SERANGOON NORTH AVENUE 1,19,Non-Landed Properties,2,"3,750",60 to 70,700 to 800,Nov-23
FOREST WOODS,LORONG LEW LIAN,19,Non-Landed Properties,2,"4,000",50 to 60,600 to 700,Nov-23
HOUGANG GREEN,BUANGKOK GREEN,19,Non-Landed Properties,3,"4,000",100 to 110,"1,100 to 1,200",Nov-23
THE FLORENCE RESIDENCES,HOUGANG AVENUE 2,19,Non-Landed Properties,NA,"3,500",50 to 60,600 to 700,Nov-23
ROSALIA PARK,LORONG ONG LYE,19,Non-Landed Properties,3,"3,200",130 to 140,"1,400 to 1,500",Nov-23
RIVERSAILS,UPPER SERANGOON CRESCENT,19,Non-Landed Properties,4,"5,500",150 to 160,"1,600 to 1,700",Nov-23
THE MINTON,HOUGANG STREET 11,19,Non-Landed Properties,2,"4,300",90 to 100,"900 to 1,000",Nov-23
AFFINITY AT SERANGOON,SERANGOON NORTH AVENUE 1,19,Non-Landed Properties,1,"3,200",50 to 60,600 to 700,Nov-23
BARTLEY RESIDENCES,LORONG HOW SUN,19,Non-Landed Properties,4,"6,250",120 to 130,"1,300 to 1,400",Nov-23
KINGSFORD WATERBAY,UPPER SERANGOON VIEW,19,Non-Landed Properties,2,"3,500",60 to 70,600 to 700,Nov-23
STARS OF KOVAN,UPPER SERANGOON ROAD,19,Non-Landed Properties,3,"5,000",80 to 90,"900 to 1,000",Nov-23
SUNGLADE,SERANGOON AVENUE 2,19,Non-Landed Properties,2,"4,950",90 to 100,"1,000 to 1,100",Nov-23
JADE RESIDENCES,LEW LIAN VALE,19,Non-Landed Properties,2,"3,100",50 to 60,600 to 700,Nov-23
PRIMO RESIDENCES,JALAN PELIKAT,19,Non-Landed Properties,2,"3,550",80 to 90,"900 to 1,000",Nov-23
RIVER ISLES,EDGEDALE PLAINS,19,Non-Landed Properties,2,"3,100",70 to 80,700 to 800,Nov-23
BOTANIQUE AT BARTLEY,UPPER PAYA LEBAR ROAD,19,Non-Landed Properties,1,"3,100",40 to 50,500 to 600,Nov-23
TERRASSE,TERRASSE LANE,19,Non-Landed Properties,2,"3,800",70 to 80,700 to 800,Nov-23
BARTLEY RESIDENCES,LORONG HOW SUN,19,Non-Landed Properties,2,"4,300",70 to 80,700 to 800,Nov-23
KINGSFORD WATERBAY,UPPER SERANGOON VIEW,19,Non-Landed Properties,1,"2,750",40 to 50,400 to 500,Nov-23
KINGSFORD WATERBAY,UPPER SERANGOON VIEW,19,Non-Landed Properties,2,"3,400",60 to 70,600 to 700,Nov-23
THE FLORENCE RESIDENCES,HOUGANG AVENUE 2,19,Non-Landed Properties,NA,"3,000",40 to 50,400 to 500,Nov-23
AFFINITY AT SERANGOON,SERANGOON NORTH AVENUE 1,19,Non-Landed Properties,1,"3,000",50 to 60,500 to 600,Nov-23
THE TEMBUSU,TAMPINES ROAD,19,Non-Landed Properties,1,"2,800",40 to 50,400 to 500,Nov-23
CHUAN PARK (DEMOLISHED),LORONG CHUAN,19,Non-Landed Properties,2,"2,400",100 to 110,"1,100 to 1,200",Nov-23
THE FLORENCE RESIDENCES,HOUGANG AVENUE 2,19,Non-Landed Properties,NA,"3,000",40 to 50,400 to 500,Nov-23
COMPASS HEIGHTS,SENGKANG SQUARE,19,Non-Landed Properties,2,"3,800",110 to 120,"1,200 to 1,300",Nov-23
BOTANIQUE AT BARTLEY,UPPER PAYA LEBAR ROAD,19,Non-Landed Properties,2,"3,900",60 to 70,600 to 700,Nov-23
JEWEL @ BUANGKOK,COMPASSVALE BOW,19,Non-Landed Properties,3,"4,300",80 to 90,"900 to 1,000",Nov-23
AFFINITY AT SERANGOON,SERANGOON NORTH AVENUE 1,19,Non-Landed Properties,2,"3,500",70 to 80,700 to 800,Nov-23
WATERTOWN,PUNGGOL CENTRAL,19,Non-Landed Properties,NA,"3,200",50 to 60,600 to 700,Nov-23
CASA CAMBIO,LIM TUA TOW ROAD,19,Non-Landed Properties,2,"3,600",70 to 80,700 to 800,Nov-23
CHERRYHILL,LORONG LEW LIAN,19,Non-Landed Properties,3,"3,500",130 to 140,"1,300 to 1,400",Nov-23
WATERTOWN,PUNGGOL CENTRAL,19,Non-Landed Properties,3,"5,800",100 to 110,"1,100 to 1,200",Nov-23
AFFINITY AT SERANGOON,SERANGOON NORTH AVENUE 1,19,Non-Landed Properties,3,"4,800",80 to 90,"900 to 1,000",Nov-23
FOREST WOODS,LORONG LEW LIAN,19,Non-Landed Properties,1,"3,500",40 to 50,500 to 600,Nov-23
KOVAN RESIDENCES,KOVAN ROAD,19,Non-Landed Properties,2,"3,800",80 to 90,"900 to 1,000",Nov-23
THE FLORENCE RESIDENCES,HOUGANG AVENUE 2,19,Non-Landed Properties,NA,"3,000",40 to 50,400 to 500,Nov-23
THE VUE,UPPER PAYA LEBAR ROAD,19,Non-Landed Properties,1,"2,650",30 to 40,400 to 500,Nov-23
AFFINITY AT SERANGOON,SERANGOON NORTH AVENUE 1,19,Non-Landed Properties,2,"3,750",60 to 70,700 to 800,Nov-23
CENTRAL VIEW,HOUGANG STREET 11,19,Non-Landed Properties,3,"4,550",110 to 120,"1,200 to 1,300",Nov-23
THE FLORENCE RESIDENCES,HOUGANG AVENUE 2,19,Non-Landed Properties,NA,"3,500",50 to 60,600 to 700,Nov-23
RESIDENCES BOTANIQUE,YIO CHU KANG ROAD,19,Non-Landed Properties,NA,"2,600",40 to 50,400 to 500,Nov-23
CHUAN PARK (DEMOLISHED),LORONG CHUAN,19,Non-Landed Properties,2,"3,700",100 to 110,"1,100 to 1,200",Nov-23
PARC CENTROS,PUNGGOL CENTRAL,19,Non-Landed Properties,2,"3,800",70 to 80,700 to 800,Nov-23
THE FLORENCE RESIDENCES,HOUGANG AVENUE 2,19,Non-Landed Properties,NA,"3,100",40 to 50,500 to 600,Nov-23
KINGSFORD WATERBAY,UPPER SERANGOON VIEW,19,Non-Landed Properties,2,"3,600",60 to 70,600 to 700,Nov-23
PARC CENTROS,PUNGGOL CENTRAL,19,Non-Landed Properties,1,"3,000",40 to 50,400 to 500,Nov-23
RIVERVALE CREST,RIVERVALE CRESCENT,19,Non-Landed Properties,3,"4,100",110 to 120,"1,200 to 1,300",Nov-23
LA FIESTA,SENGKANG SQUARE,19,Non-Landed Properties,3,"4,000",70 to 80,800 to 900,Nov-23
RIO VISTA,UPPER SERANGOON VIEW,19,Non-Landed Properties,3,"4,250",150 to 160,"1,600 to 1,700",Nov-23
RIVERFRONT RESIDENCES,HOUGANG AVENUE 7,19,Non-Landed Properties,NA,"3,000",40 to 50,500 to 600,Nov-23
RIVERFRONT RESIDENCES,HOUGANG AVENUE 7,19,Non-Landed Properties,3,"4,800",80 to 90,"900 to 1,000",Nov-23
PARC VERA,HOUGANG STREET 32,19,Non-Landed Properties,2,"3,450",60 to 70,700 to 800,Nov-23
WATERTOWN,PUNGGOL CENTRAL,19,Non-Landed Properties,2,"4,200",90 to 100,"1,000 to 1,100",Nov-23
RIVERFRONT RESIDENCES,HOUGANG AVENUE 7,19,Non-Landed Properties,1,"3,200",40 to 50,500 to 600,Nov-23
RIVERFRONT RESIDENCES,HOUGANG AVENUE 7,19,Non-Landed Properties,2,"3,200",50 to 60,600 to 700,Nov-23
SUNGLADE,SERANGOON AVENUE 2,19,Non-Landed Properties,3,"5,200",110 to 120,"1,200 to 1,300",Nov-23
KOVAN REGENCY,KOVAN RISE,19,Non-Landed Properties,3,"5,300",100 to 110,"1,100 to 1,200",Nov-23
THE FLORENCE RESIDENCES,HOUGANG AVENUE 2,19,Non-Landed Properties,NA,"3,000",40 to 50,400 to 500,Nov-23
A TREASURE TROVE,PUNGGOL WALK,19,Non-Landed Properties,3,"4,600",90 to 100,"1,000 to 1,100",Nov-23
RIVERFRONT RESIDENCES,HOUGANG AVENUE 7,19,Non-Landed Properties,NA,"2,900",40 to 50,500 to 600,Nov-23
SPACE @ KOVAN,YIO CHU KANG ROAD,19,Non-Landed Properties,2,"4,000",90 to 100,"1,000 to 1,100",Nov-23
BLISS@KOVAN,SIMON LANE,19,Non-Landed Properties,2,"3,600",80 to 90,"900 to 1,000",Nov-23
PARC CENTROS,PUNGGOL CENTRAL,19,Non-Landed Properties,2,"3,700",70 to 80,700 to 800,Nov-23
D'ZIRE,ROBEY CRESCENT,19,Non-Landed Properties,1,"3,300",40 to 50,400 to 500,Nov-23
LA FIESTA,SENGKANG SQUARE,19,Non-Landed Properties,1,"3,100",50 to 60,500 to 600,Nov-23
JEWEL @ BUANGKOK,COMPASSVALE BOW,19,Non-Landed Properties,2,"3,500",60 to 70,700 to 800,Nov-23
THE FLORENCE RESIDENCES,HOUGANG AVENUE 2,19,Non-Landed Properties,NA,"2,800",40 to 50,400 to 500,Nov-23
THE FLORENCE RESIDENCES,HOUGANG AVENUE 2,19,Non-Landed Properties,NA,"3,000",40 to 50,400 to 500,Nov-23
RIVERSAILS,UPPER SERANGOON CRESCENT,19,Non-Landed Properties,2,"3,400",70 to 80,800 to 900,Nov-23
RIVERSAILS,UPPER SERANGOON CRESCENT,19,Non-Landed Properties,1,"2,800",40 to 50,500 to 600,Nov-23
CASA CAMBIO,LIM TUA TOW ROAD,19,Non-Landed Properties,2,"3,000",40 to 50,400 to 500,Nov-23
SPACE @ KOVAN,YIO CHU KANG ROAD,19,Non-Landed Properties,2,"3,400",50 to 60,600 to 700,Nov-23
LA FIESTA,SENGKANG SQUARE,19,Non-Landed Properties,2,"3,650",70 to 80,700 to 800,Nov-23
THE MINTON,HOUGANG STREET 11,19,Non-Landed Properties,2,"4,800",100 to 110,"1,100 to 1,200",Nov-23
WATERTOWN,PUNGGOL CENTRAL,19,Non-Landed Properties,1,"3,400",50 to 60,500 to 600,Nov-23
BOTANIQUE AT BARTLEY,UPPER PAYA LEBAR ROAD,19,Non-Landed Properties,2,"3,900",60 to 70,600 to 700,Nov-23
BARTLEY RESIDENCES,LORONG HOW SUN,19,Non-Landed Properties,1,"3,100",40 to 50,400 to 500,Nov-23
TERRASSE,TERRASSE LANE,19,Non-Landed Properties,2,"3,400",60 to 70,700 to 800,Nov-23
BOTANIQUE AT BARTLEY,UPPER PAYA LEBAR ROAD,19,Non-Landed Properties,2,"4,000",60 to 70,700 to 800,Nov-23
THE LUXURIE,COMPASSVALE ROAD,19,Non-Landed Properties,1,"2,800",40 to 50,400 to 500,Nov-23
THE LUXURIE,COMPASSVALE ROAD,19,Non-Landed Properties,3,"4,500",90 to 100,"1,000 to 1,100",Nov-23
MIDTOWN RESIDENCES,UPPER SERANGOON ROAD,19,Non-Landed Properties,2,"3,500",60 to 70,600 to 700,Nov-23
TERRASSE,TERRASSE LANE,19,Non-Landed Properties,2,"3,500",70 to 80,700 to 800,Nov-23
CASA CAMBIO,LIM TUA TOW ROAD,19,Non-Landed Properties,2,"2,600",50 to 60,600 to 700,Nov-23
RIVERSAILS,UPPER SERANGOON CRESCENT,19,Non-Landed Properties,2,"3,300",80 to 90,800 to 900,Nov-23
A TREASURE TROVE,PUNGGOL WALK,19,Non-Landed Properties,2,"3,600",70 to 80,700 to 800,Nov-23
MIDTOWN RESIDENCES,UPPER SERANGOON ROAD,19,Non-Landed Properties,2,"3,800",60 to 70,600 to 700,Nov-23
TRILIVE,TAMPINES ROAD,19,Non-Landed Properties,3,"4,100",80 to 90,"900 to 1,000",Nov-23
TERRASSE,TERRASSE LANE,19,Non-Landed Properties,1,"2,700",50 to 60,500 to 600,Nov-23
GRAND REGALIA,UPPER SERANGOON ROAD,19,Non-Landed Properties,3,"4,350",110 to 120,"1,200 to 1,300",Nov-23
THE TEMBUSU,TAMPINES ROAD,19,Non-Landed Properties,2,"3,500",70 to 80,700 to 800,Nov-23
TERRASSE,TERRASSE LANE,19,Non-Landed Properties,2,"3,900",80 to 90,800 to 900,Nov-23
JEWEL @ BUANGKOK,COMPASSVALE BOW,19,Non-Landed Properties,3,"4,000",80 to 90,"900 to 1,000",Nov-23
THE QUINN,BARTLEY ROAD,19,Non-Landed Properties,1,"2,800",40 to 50,500 to 600,Nov-23
THE SCALA,SERANGOON AVENUE 3,19,Non-Landed Properties,1,"3,100",40 to 50,400 to 500,Nov-23
RIO VISTA,UPPER SERANGOON VIEW,19,Non-Landed Properties,4,"5,450",120 to 130,"1,300 to 1,400",Nov-23
RIVERSAILS,UPPER SERANGOON CRESCENT,19,Non-Landed Properties,2,"4,000",80 to 90,800 to 900,Nov-23
THE GARDEN RESIDENCES,SERANGOON NORTH VIEW,19,Non-Landed Properties,1,"2,700",40 to 50,400 to 500,Nov-23
SUITES @ PAYA LEBAR,UPPER PAYA LEBAR ROAD,19,Non-Landed Properties,NA,"2,600",30 to 40,300 to 400,Nov-23
THE LUXURIE,COMPASSVALE ROAD,19,Non-Landed Properties,2,"3,900",80 to 90,"900 to 1,000",Nov-23
BOTANIQUE AT BARTLEY,UPPER PAYA LEBAR ROAD,19,Non-Landed Properties,3,"5,000",90 to 100,"1,000 to 1,100",Nov-23
THE FLORENCE RESIDENCES,HOUGANG AVENUE 2,19,Non-Landed Properties,NA,"3,400",50 to 60,600 to 700,Nov-23
KOVAN REGENCY,KOVAN RISE,19,Non-Landed Properties,3,"5,200",100 to 110,"1,100 to 1,200",Nov-23
RIVERFRONT RESIDENCES,HOUGANG AVENUE 7,19,Non-Landed Properties,2,"3,600",60 to 70,700 to 800,Nov-23
RIVER ISLES,EDGEDALE PLAINS,19,Non-Landed Properties,4,"3,400",130 to 140,"1,400 to 1,500",Nov-23
MIDTOWN RESIDENCES,UPPER SERANGOON ROAD,19,Non-Landed Properties,2,"3,600",60 to 70,600 to 700,Nov-23
AFFINITY AT SERANGOON,SERANGOON NORTH AVENUE 1,19,Non-Landed Properties,3,"4,800",100 to 110,"1,000 to 1,100",Nov-23
AFFINITY AT SERANGOON,SERANGOON NORTH AVENUE 1,19,Non-Landed Properties,1,"3,000",40 to 50,400 to 500,Nov-23
REGENTVILLE,HOUGANG STREET 92,19,Non-Landed Properties,3,"4,500",100 to 110,"1,000 to 1,100",Nov-23
CHILTERN PARK,SERANGOON AVENUE 3,19,Non-Landed Properties,3,"6,150",140 to 150,"1,500 to 1,600",Nov-23
FLO RESIDENCE,PUNGGOL FIELD WALK,19,Non-Landed Properties,3,"3,900",90 to 100,"1,000 to 1,100",Nov-23
SUITES @ PAYA LEBAR,UPPER PAYA LEBAR ROAD,19,Non-Landed Properties,2,"3,600",130 to 140,"1,300 to 1,400",Nov-23
THE SPRINGBLOOM,SERANGOON AVENUE 3,19,Non-Landed Properties,3,"5,000",140 to 150,"1,500 to 1,600",Nov-23
PARC CENTROS,PUNGGOL CENTRAL,19,Non-Landed Properties,1,"2,800",40 to 50,400 to 500,Nov-23
FONTAINE PARRY,POH HUAT ROAD,19,Non-Landed Properties,3,"4,000",140 to 150,"1,500 to 1,600",Nov-23
AFFINITY AT SERANGOON,SERANGOON NORTH AVENUE 1,19,Non-Landed Properties,1,"2,800",50 to 60,500 to 600,Nov-23
THE QUARTZ,COMPASSVALE BOW,19,Non-Landed Properties,NA,"4,800",100 to 110,"1,100 to 1,200",Nov-23
FLO RESIDENCE,PUNGGOL FIELD WALK,19,Non-Landed Properties,2,"3,200",70 to 80,700 to 800,Nov-23
AFFINITY AT SERANGOON,SERANGOON NORTH AVENUE 1,19,Non-Landed Properties,1,"3,000",50 to 60,500 to 600,Nov-23
THE FLORENCE RESIDENCES,HOUGANG AVENUE 2,19,Non-Landed Properties,NA,"3,450",50 to 60,600 to 700,Nov-23
THE FLORENCE RESIDENCES,HOUGANG AVENUE 2,19,Non-Landed Properties,NA,"3,000",40 to 50,400 to 500,Nov-23
RIVERVALE CREST,RIVERVALE CRESCENT,19,Non-Landed Properties,1,"3,600",80 to 90,"900 to 1,000",Nov-23
RIVERSAILS,UPPER SERANGOON CRESCENT,19,Non-Landed Properties,2,"3,650",80 to 90,"900 to 1,000",Nov-23
TERRASSE,TERRASSE LANE,19,Non-Landed Properties,2,"3,400",70 to 80,800 to 900,Nov-23
THE FLORENCE RESIDENCES,HOUGANG AVENUE 2,19,Non-Landed Properties,NA,"3,000",40 to 50,400 to 500,Nov-23
RIVERFRONT RESIDENCES,HOUGANG AVENUE 7,19,Non-Landed Properties,NA,"2,900",40 to 50,500 to 600,Nov-23
JADE RESIDENCES,LEW LIAN VALE,19,Non-Landed Properties,2,"3,000",50 to 60,500 to 600,Nov-23
AFFINITY AT SERANGOON,SERANGOON NORTH AVENUE 1,19,Non-Landed Properties,1,"3,000",50 to 60,500 to 600,Nov-23
AFFINITY AT SERANGOON,SERANGOON NORTH AVENUE 1,19,Non-Landed Properties,1,"2,700",40 to 50,400 to 500,Nov-23
TRILIVE,TAMPINES ROAD,19,Non-Landed Properties,2,"3,200",50 to 60,600 to 700,Nov-23
BLISS@KOVAN,SIMON LANE,19,Non-Landed Properties,1,"2,800",50 to 60,500 to 600,Nov-23
RIO VISTA,UPPER SERANGOON VIEW,19,Non-Landed Properties,3,"4,300",110 to 120,"1,200 to 1,300",Nov-23
SUNSHINE GROVE,JALAN LABU MERAH,19,Non-Landed Properties,3,"4,700",100 to 110,"1,000 to 1,100",Nov-23
CRYSTAL DE AZURE,HOW SUN CLOSE,19,Non-Landed Properties,2,"4,300",80 to 90,"900 to 1,000",Nov-23
WATERTOWN,PUNGGOL CENTRAL,19,Non-Landed Properties,NA,"3,500",50 to 60,600 to 700,Nov-23
JEWEL @ BUANGKOK,COMPASSVALE BOW,19,Non-Landed Properties,2,"3,600",60 to 70,700 to 800,Nov-23
SPACE @ KOVAN,YIO CHU KANG ROAD,19,Non-Landed Properties,2,"3,800",60 to 70,600 to 700,Nov-23
PARC CENTROS,PUNGGOL CENTRAL,19,Non-Landed Properties,2,"3,600",70 to 80,700 to 800,Nov-23
BOATHOUSE RESIDENCES,UPPER SERANGOON VIEW,19,Non-Landed Properties,2,"3,300",60 to 70,700 to 800,Nov-23
THE TEMBUSU,TAMPINES ROAD,19,Non-Landed Properties,2,"3,800",70 to 80,700 to 800,Nov-23
THE GARDEN RESIDENCES,SERANGOON NORTH VIEW,19,Non-Landed Properties,2,"3,300",50 to 60,600 to 700,Nov-23
TERRASSE,TERRASSE LANE,19,Non-Landed Properties,1,"2,800",50 to 60,500 to 600,Nov-23
RIVERFRONT RESIDENCES,HOUGANG AVENUE 7,19,Non-Landed Properties,2,"2,950",50 to 60,600 to 700,Nov-23
A TREASURE TROVE,PUNGGOL WALK,19,Non-Landed Properties,3,"4,500",100 to 110,"1,100 to 1,200",Nov-23
THE MINTON,HOUGANG STREET 11,19,Non-Landed Properties,2,"3,150",90 to 100,"900 to 1,000",Nov-23
THE VUE,UPPER PAYA LEBAR ROAD,19,Non-Landed Properties,1,"2,400",30 to 40,400 to 500,Nov-23
RIVERSAILS,UPPER SERANGOON CRESCENT,19,Non-Landed Properties,2,"3,900",80 to 90,"900 to 1,000",Nov-23
A TREASURE TROVE,PUNGGOL WALK,19,Non-Landed Properties,2,"3,700",70 to 80,700 to 800,Nov-23
RIVERVALE CREST,RIVERVALE CRESCENT,19,Non-Landed Properties,2,"3,200",100 to 110,"1,100 to 1,200",Nov-23
WATERTOWN,PUNGGOL CENTRAL,19,Non-Landed Properties,1,"3,200",40 to 50,500 to 600,Nov-23
CASA CAMBIO,LIM TUA TOW ROAD,19,Non-Landed Properties,2,"2,900",50 to 60,600 to 700,Nov-23
WATERTOWN,PUNGGOL CENTRAL,19,Non-Landed Properties,1,"3,250",50 to 60,500 to 600,Nov-23
THE SCALA,SERANGOON AVENUE 3,19,Non-Landed Properties,1,"3,000",40 to 50,400 to 500,Nov-23
RIVERFRONT RESIDENCES,HOUGANG AVENUE 7,19,Non-Landed Properties,NA,"2,800",40 to 50,400 to 500,Nov-23
THE QUINN,BARTLEY ROAD,19,Non-Landed Properties,2,"3,400",60 to 70,700 to 800,Nov-23
KINGSFORD WATERBAY,UPPER SERANGOON VIEW,19,Non-Landed Properties,2,"3,000",60 to 70,600 to 700,Nov-23
PALM HAVEN,PALM GROVE AVENUE,19,Non-Landed Properties,2,"3,650",100 to 110,"1,000 to 1,100",Nov-23
JADE RESIDENCES,LEW LIAN VALE,19,Non-Landed Properties,2,"3,000",50 to 60,500 to 600,Nov-23
THE FLORENCE RESIDENCES,HOUGANG AVENUE 2,19,Non-Landed Properties,NA,"4,000",60 to 70,600 to 700,Nov-23
THE FLORENCE RESIDENCES,HOUGANG AVENUE 2,19,Non-Landed Properties,NA,"3,300",60 to 70,600 to 700,Nov-23
AFFINITY AT SERANGOON,SERANGOON NORTH AVENUE 1,19,Non-Landed Properties,1,"3,000",40 to 50,400 to 500,Nov-23
KINGSFORD WATERBAY,UPPER SERANGOON VIEW,19,Non-Landed Properties,2,"3,100",60 to 70,600 to 700,Nov-23
JEWEL @ BUANGKOK,COMPASSVALE BOW,19,Non-Landed Properties,2,"3,550",60 to 70,700 to 800,Nov-23
EVERGREEN PARK,HOUGANG AVENUE 7,19,Non-Landed Properties,3,"4,000",110 to 120,"1,200 to 1,300",Nov-23
THE FLORENCE RESIDENCES,HOUGANG AVENUE 2,19,Non-Landed Properties,NA,"2,850",40 to 50,400 to 500,Nov-23
GOLDEN HEIGHTS,SERANGOON AVENUE 3,19,Non-Landed Properties,3,"4,200",110 to 120,"1,200 to 1,300",Nov-23
COMPASS HEIGHTS,SENGKANG SQUARE,19,Non-Landed Properties,3,"4,500",120 to 130,"1,200 to 1,300",Nov-23
RIVERFRONT RESIDENCES,HOUGANG AVENUE 7,19,Non-Landed Properties,NA,"5,200",90 to 100,"1,000 to 1,100",Nov-23
A TREASURE TROVE,PUNGGOL WALK,19,Non-Landed Properties,2,"3,600",70 to 80,700 to 800,Nov-23
THE LUXURIE,COMPASSVALE ROAD,19,Non-Landed Properties,2,"3,500",70 to 80,700 to 800,Nov-23
CHUAN PARK (DEMOLISHED),LORONG CHUAN,19,Non-Landed Properties,2,"3,400",100 to 110,"1,100 to 1,200",Nov-23
FOREST WOODS,LORONG LEW LIAN,19,Non-Landed Properties,1,"3,300",40 to 50,500 to 600,Nov-23
THE GARDEN RESIDENCES,SERANGOON NORTH VIEW,19,Non-Landed Properties,1,"2,900",40 to 50,400 to 500,Nov-23
AFFINITY AT SERANGOON,SERANGOON NORTH AVENUE 1,19,Non-Landed Properties,1,"3,100",50 to 60,600 to 700,Nov-23
RIVERFRONT RESIDENCES,HOUGANG AVENUE 7,19,Non-Landed Properties,4,"6,300",130 to 140,"1,400 to 1,500",Nov-23
JEWEL @ BUANGKOK,COMPASSVALE BOW,19,Non-Landed Properties,3,"4,500",80 to 90,"900 to 1,000",Nov-23
NON-LANDED HOUSING DEVELOPMENT,FLOWER ROAD,19,Non-Landed Properties,NA,"3,600",100 to 110,"1,100 to 1,200",Nov-23
THE FLORENCE RESIDENCES,HOUGANG AVENUE 2,19,Non-Landed Properties,NA,"3,400",40 to 50,400 to 500,Nov-23
COMPASS HEIGHTS,SENGKANG SQUARE,19,Non-Landed Properties,3,"4,800",120 to 130,"1,300 to 1,400",Nov-23
CARDIFF RESIDENCE,CARDIFF GROVE,19,Non-Landed Properties,1,"3,000",30 to 40,400 to 500,Nov-23
THE BENTLY RESIDENCES@KOVAN,KOVAN ROAD,19,Non-Landed Properties,1,"2,600",40 to 50,400 to 500,Nov-23
AFFINITY AT SERANGOON,SERANGOON NORTH AVENUE 1,19,Non-Landed Properties,2,"3,600",50 to 60,600 to 700,Nov-23
THE LUXURIE,COMPASSVALE ROAD,19,Non-Landed Properties,2,"4,600",60 to 70,700 to 800,Nov-23
RIVERFRONT RESIDENCES,HOUGANG AVENUE 7,19,Non-Landed Properties,1,"2,800",40 to 50,400 to 500,Nov-23
A TREASURE TROVE,PUNGGOL WALK,19,Non-Landed Properties,2,"3,700",90 to 100,"1,000 to 1,100",Nov-23
NON-LANDED HOUSING DEVELOPMENT,UPPER PAYA LEBAR ROAD,19,Non-Landed Properties,NA,"3,700",70 to 80,700 to 800,Nov-23
KOVAN MELODY,KOVAN ROAD,19,Non-Landed Properties,3,"5,500",110 to 120,"1,200 to 1,300",Nov-23
LA FIESTA,SENGKANG SQUARE,19,Non-Landed Properties,3,"4,200",100 to 110,"1,100 to 1,200",Nov-23
A TREASURE TROVE,PUNGGOL WALK,19,Non-Landed Properties,3,"4,600",100 to 110,"1,100 to 1,200",Nov-23
JEWEL @ BUANGKOK,COMPASSVALE BOW,19,Non-Landed Properties,2,"3,700",60 to 70,700 to 800,Nov-23
WATERTOWN,PUNGGOL CENTRAL,19,Non-Landed Properties,NA,"2,800",50 to 60,500 to 600,Nov-23
AFFINITY AT SERANGOON,SERANGOON NORTH AVENUE 1,19,Non-Landed Properties,1,"2,800",40 to 50,400 to 500,Nov-23
RIVERSOUND RESIDENCE,SENGKANG EAST AVENUE,19,Non-Landed Properties,3,"3,800",90 to 100,"1,000 to 1,100",Nov-23
BOATHOUSE RESIDENCES,UPPER SERANGOON VIEW,19,Non-Landed Properties,2,"3,700",70 to 80,800 to 900,Nov-23
THE FLORENCE RESIDENCES,HOUGANG AVENUE 2,19,Non-Landed Properties,NA,"3,000",40 to 50,400 to 500,Nov-23
RIVERFRONT RESIDENCES,HOUGANG AVENUE 7,19,Non-Landed Properties,1,"2,800",40 to 50,400 to 500,Nov-23
AFFINITY AT SERANGOON,SERANGOON NORTH AVENUE 1,19,Non-Landed Properties,1,"2,800",40 to 50,400 to 500,Nov-23
CHUAN PARK (DEMOLISHED),LORONG CHUAN,19,Non-Landed Properties,3,"3,800",140 to 150,"1,500 to 1,600",Nov-23
BREEZY MANSIONS,SANDILANDS ROAD,19,Non-Landed Properties,3,"3,300",90 to 100,"1,000 to 1,100",Nov-23
COMPASS HEIGHTS,SENGKANG SQUARE,19,Non-Landed Properties,2,"3,800",110 to 120,"1,200 to 1,300",Nov-23
FONTAINE PARRY,POH HUAT ROAD,19,Non-Landed Properties,2,"3,500",80 to 90,"900 to 1,000",Nov-23
JADE RESIDENCES,LEW LIAN VALE,19,Non-Landed Properties,3,"3,900",80 to 90,800 to 900,Nov-23
CARDIFF RESIDENCE,CARDIFF GROVE,19,Non-Landed Properties,1,"2,750",30 to 40,400 to 500,Nov-23
THE FLORENCE RESIDENCES,HOUGANG AVENUE 2,19,Non-Landed Properties,NA,"2,950",40 to 50,400 to 500,Nov-23
FOREST WOODS,LORONG LEW LIAN,19,Non-Landed Properties,2,"4,200",60 to 70,700 to 800,Nov-23
A TREASURE TROVE,PUNGGOL WALK,19,Non-Landed Properties,2,"3,950",70 to 80,700 to 800,Nov-23
THE GARDEN RESIDENCES,SERANGOON NORTH VIEW,19,Non-Landed Properties,1,"2,600",40 to 50,400 to 500,Nov-23
HOUGANG GREEN,BUANGKOK GREEN,19,Non-Landed Properties,2,"3,800",70 to 80,700 to 800,Nov-23
THE FLORENCE RESIDENCES,HOUGANG AVENUE 2,19,Non-Landed Properties,NA,"3,500",50 to 60,600 to 700,Nov-23
JADE RESIDENCES,LEW LIAN VALE,19,Non-Landed Properties,2,"3,300",50 to 60,500 to 600,Nov-23
RIVERFRONT RESIDENCES,HOUGANG AVENUE 7,19,Non-Landed Properties,NA,"4,250",80 to 90,"900 to 1,000",Nov-23
SUNGLADE,SERANGOON AVENUE 2,19,Non-Landed Properties,3,"3,800",100 to 110,"1,100 to 1,200",Nov-23
WATERTOWN,PUNGGOL CENTRAL,19,Non-Landed Properties,1,"3,400",40 to 50,500 to 600,Nov-23
PARKWOOD RESIDENCES,YIO CHU KANG ROAD,19,Non-Landed Properties,NA,"5,200",120 to 130,"1,300 to 1,400",Nov-23
AFFINITY AT SERANGOON,SERANGOON NORTH AVENUE 1,19,Non-Landed Properties,1,"3,100",50 to 60,600 to 700,Nov-23
THE FLORENCE RESIDENCES,HOUGANG AVENUE 2,19,Non-Landed Properties,NA,"2,800",40 to 50,400 to 500,Nov-23
EVERGREEN PARK,HOUGANG AVENUE 7,19,Non-Landed Properties,3,"4,000",100 to 110,"1,000 to 1,100",Nov-23
PRESTO@UPPER SERANGOON,UPPER SERANGOON ROAD,19,Non-Landed Properties,2,"4,000",80 to 90,800 to 900,Nov-23
WATERTOWN,PUNGGOL CENTRAL,19,Non-Landed Properties,NA,"3,300",50 to 60,500 to 600,Nov-23
REGENTVILLE,HOUGANG STREET 92,19,Non-Landed Properties,3,"4,000",100 to 110,"1,100 to 1,200",Nov-23
AFFINITY AT SERANGOON,SERANGOON NORTH AVENUE 1,19,Non-Landed Properties,1,"2,800",40 to 50,400 to 500,Nov-23
RIVERFRONT RESIDENCES,HOUGANG AVENUE 7,19,Non-Landed Properties,2,"4,000",60 to 70,700 to 800,Nov-23
RIO VISTA,UPPER SERANGOON VIEW,19,Non-Landed Properties,4,"4,150",120 to 130,"1,300 to 1,400",Nov-23
AFFINITY AT SERANGOON,SERANGOON NORTH AVENUE 1,19,Non-Landed Properties,1,"3,300",50 to 60,500 to 600,Nov-23
WATERTOWN,PUNGGOL CENTRAL,19,Non-Landed Properties,1,"3,600",50 to 60,500 to 600,Nov-23
RIVERFRONT RESIDENCES,HOUGANG AVENUE 7,19,Non-Landed Properties,NA,"3,500",50 to 60,600 to 700,Nov-23
KINGSFORD WATERBAY,UPPER SERANGOON VIEW,19,Non-Landed Properties,3,"3,800",70 to 80,800 to 900,Nov-23
THE SCALA,SERANGOON AVENUE 3,19,Non-Landed Properties,2,"4,500",80 to 90,800 to 900,Nov-23
FLO RESIDENCE,PUNGGOL FIELD WALK,19,Non-Landed Properties,3,"4,600",80 to 90,"900 to 1,000",Nov-23
ISUITES @ TANI,JALAN TANI,19,Non-Landed Properties,3,"3,700",100 to 110,"1,000 to 1,100",Nov-23
CHUAN PARK (DEMOLISHED),LORONG CHUAN,19,Non-Landed Properties,3,"3,250",140 to 150,"1,500 to 1,600",Nov-23
THE SCALA,SERANGOON AVENUE 3,19,Non-Landed Properties,2,"4,200",70 to 80,800 to 900,Nov-23
AFFINITY AT SERANGOON,SERANGOON NORTH AVENUE 1,19,Non-Landed Properties,5,"7,500",210 to 220,"2,300 to 2,400",Nov-23
RIVERSOUND RESIDENCE,SENGKANG EAST AVENUE,19,Non-Landed Properties,1,"2,800",40 to 50,400 to 500,Nov-23
WATERTOWN,PUNGGOL CENTRAL,19,Non-Landed Properties,2,"4,200",80 to 90,"900 to 1,000",Nov-23
VIBES@UPPER SERANGOON,UPPER SERANGOON ROAD,19,Non-Landed Properties,1,"3,500",40 to 50,400 to 500,Nov-23
URBAN RESIDENCES,LORONG AH SOO,19,Non-Landed Properties,1,"2,700",40 to 50,400 to 500,Nov-23
A TREASURE TROVE,PUNGGOL WALK,19,Non-Landed Properties,2,"4,500",140 to 150,"1,500 to 1,600",Nov-23
WATERTOWN,PUNGGOL CENTRAL,19,Non-Landed Properties,2,"3,800",80 to 90,"900 to 1,000",Nov-23
RIVERSOUND RESIDENCE,SENGKANG EAST AVENUE,19,Non-Landed Properties,3,"3,900",80 to 90,"900 to 1,000",Nov-23
A TREASURE TROVE,PUNGGOL WALK,19,Non-Landed Properties,2,"4,100",80 to 90,"900 to 1,000",Nov-23
CAMBIO SUITES,LIM TUA TOW ROAD,19,Non-Landed Properties,3,"3,600",80 to 90,"900 to 1,000",Nov-23
EVERGREEN PARK,HOUGANG AVENUE 7,19,Non-Landed Properties,3,"3,900",100 to 110,"1,000 to 1,100",Nov-23
THE FLORENCE RESIDENCES,HOUGANG AVENUE 2,19,Non-Landed Properties,NA,"3,300",50 to 60,600 to 700,Nov-23
AFFINITY AT SERANGOON,SERANGOON NORTH AVENUE 1,19,Non-Landed Properties,1,"3,000",40 to 50,400 to 500,Nov-23
THE FLORENCE RESIDENCES,HOUGANG AVENUE 2,19,Non-Landed Properties,NA,"3,150",40 to 50,500 to 600,Nov-23
THE COURTYARD,LIM AH PIN ROAD,19,Non-Landed Properties,3,"4,600",120 to 130,"1,200 to 1,300",Nov-23
THE FLORENCE RESIDENCES,HOUGANG AVENUE 2,19,Non-Landed Properties,NA,"3,600",50 to 60,600 to 700,Nov-23
FOREST WOODS,LORONG LEW LIAN,19,Non-Landed Properties,4,"6,800",110 to 120,"1,200 to 1,300",Nov-23
RIVERSAILS,UPPER SERANGOON CRESCENT,19,Non-Landed Properties,2,"3,300",80 to 90,800 to 900,Nov-23
RIVERFRONT RESIDENCES,HOUGANG AVENUE 7,19,Non-Landed Properties,2,"3,300",50 to 60,600 to 700,Nov-23
WATERTOWN,PUNGGOL CENTRAL,19,Non-Landed Properties,1,"3,400",60 to 70,600 to 700,Nov-23
RIVERFRONT RESIDENCES,HOUGANG AVENUE 7,19,Non-Landed Properties,NA,"5,000",130 to 140,"1,400 to 1,500",Nov-23
RIVER ISLES,EDGEDALE PLAINS,19,Non-Landed Properties,3,"3,400",80 to 90,800 to 900,Nov-23
FORTUNE PARK,TAMPINES ROAD,19,Non-Landed Properties,3,"3,500",90 to 100,"900 to 1,000",Nov-23
THE GARDEN RESIDENCES,SERANGOON NORTH VIEW,19,Non-Landed Properties,1,"3,200",40 to 50,400 to 500,Nov-23
AFFINITY AT SERANGOON,SERANGOON NORTH AVENUE 1,19,Non-Landed Properties,1,"3,000",40 to 50,400 to 500,Nov-23
AFFINITY AT SERANGOON,SERANGOON NORTH AVENUE 1,19,Non-Landed Properties,1,"2,800",40 to 50,400 to 500,Nov-23
RIVERFRONT RESIDENCES,HOUGANG AVENUE 7,19,Non-Landed Properties,NA,"2,950",40 to 50,400 to 500,Nov-23
A TREASURE TROVE,PUNGGOL WALK,19,Non-Landed Properties,3,"4,950",100 to 110,"1,100 to 1,200",Nov-23
SPACE @ KOVAN,YIO CHU KANG ROAD,19,Non-Landed Properties,2,"3,200",50 to 60,600 to 700,Nov-23
THE FLORENCE RESIDENCES,HOUGANG AVENUE 2,19,Non-Landed Properties,NA,"3,400",50 to 60,600 to 700,Nov-23
57 @ KOVAN,KOVAN ROAD,19,Non-Landed Properties,3,"4,500",110 to 120,"1,200 to 1,300",Nov-23
JEWEL @ BUANGKOK,COMPASSVALE BOW,19,Non-Landed Properties,3,"4,400",100 to 110,"1,100 to 1,200",Nov-23
BOATHOUSE RESIDENCES,UPPER SERANGOON VIEW,19,Non-Landed Properties,2,"3,850",70 to 80,800 to 900,Nov-23
THE WATERLINE,POH HUAT ROAD WEST,19,Non-Landed Properties,2,"3,500",80 to 90,800 to 900,Nov-23
RIVERFRONT RESIDENCES,HOUGANG AVENUE 7,19,Non-Landed Properties,NA,"6,300",130 to 140,"1,400 to 1,500",Nov-23
THE CHUAN,LORONG CHUAN,19,Non-Landed Properties,4,"8,200",150 to 160,"1,600 to 1,700",Nov-23
KENSINGTON SQUARE,JALAN LOKAM,19,Non-Landed Properties,3,"3,100",70 to 80,700 to 800,Nov-23
FLO RESIDENCE,PUNGGOL FIELD WALK,19,Non-Landed Properties,2,"3,300",70 to 80,700 to 800,Nov-23
RIVERSOUND RESIDENCE,SENGKANG EAST AVENUE,19,Non-Landed Properties,3,"4,450",80 to 90,"900 to 1,000",Nov-23
FONTAINE PARRY,POH HUAT ROAD,19,Non-Landed Properties,2,"3,600",70 to 80,800 to 900,Nov-23
AFFINITY AT SERANGOON,SERANGOON NORTH AVENUE 1,19,Non-Landed Properties,2,"3,700",50 to 60,600 to 700,Nov-23
PARC CENTROS,PUNGGOL CENTRAL,19,Non-Landed Properties,4,"5,000",120 to 130,"1,300 to 1,400",Nov-23
CHUAN PARK (DEMOLISHED),LORONG CHUAN,19,Non-Landed Properties,2,"4,000",100 to 110,"1,100 to 1,200",Oct-23
THE FLORENCE RESIDENCES,HOUGANG AVENUE 2,19,Non-Landed Properties,NA,"3,100",40 to 50,400 to 500,Oct-23
BARTLEY RESIDENCES,LORONG HOW SUN,19,Non-Landed Properties,2,"4,200",80 to 90,"900 to 1,000",Oct-23
AFFINITY AT SERANGOON,SERANGOON NORTH AVENUE 1,19,Non-Landed Properties,2,"3,300",60 to 70,700 to 800,Oct-23
WATERTOWN,PUNGGOL CENTRAL,19,Non-Landed Properties,1,"3,300",50 to 60,500 to 600,Oct-23
RIVERFRONT RESIDENCES,HOUGANG AVENUE 7,19,Non-Landed Properties,1,"3,000",40 to 50,500 to 600,Oct-23
AFFINITY AT SERANGOON,SERANGOON NORTH AVENUE 1,19,Non-Landed Properties,3,"5,300",100 to 110,"1,000 to 1,100",Oct-23
FOREST WOODS,LORONG LEW LIAN,19,Non-Landed Properties,3,"4,600",70 to 80,700 to 800,Oct-23
RIVERSAILS,UPPER SERANGOON CRESCENT,19,Non-Landed Properties,2,"3,900",80 to 90,"900 to 1,000",Oct-23
A TREASURE TROVE,PUNGGOL WALK,19,Non-Landed Properties,2,"3,750",70 to 80,700 to 800,Oct-23
BOTANIQUE AT BARTLEY,UPPER PAYA LEBAR ROAD,19,Non-Landed Properties,2,"4,400",60 to 70,700 to 800,Oct-23
THE FLORENCE RESIDENCES,HOUGANG AVENUE 2,19,Non-Landed Properties,NA,"2,900",40 to 50,400 to 500,Oct-23
WATERTOWN,PUNGGOL CENTRAL,19,Non-Landed Properties,1,"3,500",50 to 60,500 to 600,Oct-23
JEWEL @ BUANGKOK,COMPASSVALE BOW,19,Non-Landed Properties,1,"2,800",40 to 50,400 to 500,Oct-23
RIVERSAILS,UPPER SERANGOON CRESCENT,19,Non-Landed Properties,2,"3,600",80 to 90,800 to 900,Oct-23
KOVAN REGENCY,KOVAN RISE,19,Non-Landed Properties,2,"3,000",50 to 60,500 to 600,Oct-23
RIVERSAILS,UPPER SERANGOON CRESCENT,19,Non-Landed Properties,3,"4,300",100 to 110,"1,100 to 1,200",Oct-23
KINGSFORD WATERBAY,UPPER SERANGOON VIEW,19,Non-Landed Properties,2,"3,400",60 to 70,600 to 700,Oct-23
AFFINITY AT SERANGOON,SERANGOON NORTH AVENUE 1,19,Non-Landed Properties,2,"4,000",60 to 70,700 to 800,Oct-23
TERRASSE,TERRASSE LANE,19,Non-Landed Properties,3,"6,000",130 to 140,"1,400 to 1,500",Oct-23
KINGSFORD WATERBAY,UPPER SERANGOON VIEW,19,Non-Landed Properties,2,"3,500",60 to 70,600 to 700,Oct-23
LA FIESTA,SENGKANG SQUARE,19,Non-Landed Properties,2,"3,500",60 to 70,700 to 800,Oct-23
THE YARDLEY,UPPER SERANGOON ROAD,19,Non-Landed Properties,3,"5,550",110 to 120,"1,200 to 1,300",Oct-23
THE CHUAN,LORONG CHUAN,19,Non-Landed Properties,3,"6,000",110 to 120,"1,200 to 1,300",Oct-23
KINGSFORD WATERBAY,UPPER SERANGOON VIEW,19,Non-Landed Properties,2,"3,600",60 to 70,600 to 700,Oct-23
RIVERFRONT RESIDENCES,HOUGANG AVENUE 7,19,Non-Landed Properties,2,"3,500",50 to 60,600 to 700,Oct-23
D'PAVILION,UPPER SERANGOON ROAD,19,Non-Landed Properties,2,"3,850",90 to 100,"1,000 to 1,100",Oct-23
THE QUARTZ,COMPASSVALE BOW,19,Non-Landed Properties,NA,"4,700",100 to 110,"1,100 to 1,200",Oct-23
CARDIFF RESIDENCE,CARDIFF GROVE,19,Non-Landed Properties,1,"2,900",40 to 50,400 to 500,Oct-23
REGENTVILLE,HOUGANG STREET 92,19,Non-Landed Properties,3,"4,500",100 to 110,"1,000 to 1,100",Oct-23
PARC VERA,HOUGANG STREET 32,19,Non-Landed Properties,2,"3,400",90 to 100,"900 to 1,000",Oct-23
CASA CAMBIO,LIM TUA TOW ROAD,19,Non-Landed Properties,2,"3,850",90 to 100,"900 to 1,000",Oct-23
THE FLORENCE RESIDENCES,HOUGANG AVENUE 2,19,Non-Landed Properties,NA,"3,300",60 to 70,600 to 700,Oct-23
RIVERSAILS,UPPER SERANGOON CRESCENT,19,Non-Landed Properties,2,"3,700",80 to 90,"900 to 1,000",Oct-23
KOVAN RESIDENCES,KOVAN ROAD,19,Non-Landed Properties,3,"5,800",110 to 120,"1,200 to 1,300",Oct-23
AMARANDA GARDENS,SERANGOON AVENUE 3,19,Non-Landed Properties,3,"4,500",100 to 110,"1,100 to 1,200",Oct-23
A TREASURE TROVE,PUNGGOL WALK,19,Non-Landed Properties,3,"4,300",110 to 120,"1,200 to 1,300",Oct-23
THE SCALA,SERANGOON AVENUE 3,19,Non-Landed Properties,2,"5,300",80 to 90,800 to 900,Oct-23
KOVAN REGENCY,KOVAN RISE,19,Non-Landed Properties,1,"3,000",50 to 60,600 to 700,Oct-23
KOVAN REGENCY,KOVAN RISE,19,Non-Landed Properties,3,"4,700",90 to 100,"900 to 1,000",Oct-23
SPACE @ KOVAN,YIO CHU KANG ROAD,19,Non-Landed Properties,1,"2,600",30 to 40,400 to 500,Oct-23
THE FLORENCE RESIDENCES,HOUGANG AVENUE 2,19,Non-Landed Properties,NA,"3,300",50 to 60,600 to 700,Oct-23
CHUAN PARK (DEMOLISHED),LORONG CHUAN,19,Non-Landed Properties,2,"3,650",100 to 110,"1,100 to 1,200",Oct-23
COMPASS HEIGHTS,SENGKANG SQUARE,19,Non-Landed Properties,4,"5,400",140 to 150,"1,500 to 1,600",Oct-23
JEWEL @ BUANGKOK,COMPASSVALE BOW,19,Non-Landed Properties,3,"4,800",100 to 110,"1,100 to 1,200",Oct-23
CAMBIO SUITES,LIM TUA TOW ROAD,19,Non-Landed Properties,3,"4,600",80 to 90,"900 to 1,000",Oct-23
COMPASS HEIGHTS,SENGKANG SQUARE,19,Non-Landed Properties,3,"4,800",120 to 130,"1,200 to 1,300",Oct-23
PARC CENTROS,PUNGGOL CENTRAL,19,Non-Landed Properties,4,"4,900",120 to 130,"1,300 to 1,400",Oct-23
AFFINITY AT SERANGOON,SERANGOON NORTH AVENUE 1,19,Non-Landed Properties,1,"2,950",50 to 60,500 to 600,Oct-23
REGENTVILLE,HOUGANG STREET 92,19,Non-Landed Properties,3,"4,200",100 to 110,"1,100 to 1,200",Oct-23
A TREASURE TROVE,PUNGGOL WALK,19,Non-Landed Properties,3,"4,550",100 to 110,"1,100 to 1,200",Oct-23
BOTANIQUE AT BARTLEY,UPPER PAYA LEBAR ROAD,19,Non-Landed Properties,1,"3,400",40 to 50,400 to 500,Oct-23
RESIDENCES BOTANIQUE,YIO CHU KANG ROAD,19,Non-Landed Properties,3,"4,700",100 to 110,"1,100 to 1,200",Oct-23
KENSINGTON PARK CONDOMINIUM,KENSINGTON PARK DRIVE,19,Non-Landed Properties,3,"5,100",200 to 210,"2,100 to 2,200",Oct-23
KINGSFORD WATERBAY,UPPER SERANGOON VIEW,19,Non-Landed Properties,3,"3,950",70 to 80,800 to 900,Oct-23
OASIS GARDEN,JALAN BUNGA RAMPAI,19,Non-Landed Properties,3,"4,300",110 to 120,"1,200 to 1,300",Oct-23
THE LUXURIE,COMPASSVALE ROAD,19,Non-Landed Properties,2,"3,450",70 to 80,700 to 800,Oct-23
THE LUXURIE,COMPASSVALE ROAD,19,Non-Landed Properties,3,"4,000",90 to 100,"900 to 1,000",Oct-23
ISUITES @ PALM,GLASGOW ROAD,19,Non-Landed Properties,2,"3,100",50 to 60,600 to 700,Oct-23
BOTANIQUE AT BARTLEY,UPPER PAYA LEBAR ROAD,19,Non-Landed Properties,2,"4,000",60 to 70,700 to 800,Oct-23
CHUAN PARK (DEMOLISHED),LORONG CHUAN,19,Non-Landed Properties,4,"6,000",170 to 180,"1,800 to 1,900",Oct-23
PARRY COURT,PARRY AVENUE,19,Non-Landed Properties,3,"4,000",100 to 110,"1,000 to 1,100",Oct-23
RIVERFRONT RESIDENCES,HOUGANG AVENUE 7,19,Non-Landed Properties,NA,"5,400",100 to 110,"1,100 to 1,200",Oct-23
LA FIESTA,SENGKANG SQUARE,19,Non-Landed Properties,2,"3,300",60 to 70,700 to 800,Oct-23
LA FIESTA,SENGKANG SQUARE,19,Non-Landed Properties,2,"3,700",70 to 80,700 to 800,Oct-23
AMARANDA GARDENS,SERANGOON AVENUE 3,19,Non-Landed Properties,3,"4,900",100 to 110,"1,100 to 1,200",Oct-23
GRAND REGALIA,UPPER SERANGOON ROAD,19,Non-Landed Properties,3,"5,818",210 to 220,"2,300 to 2,400",Oct-23
WATERTOWN,PUNGGOL CENTRAL,19,Non-Landed Properties,2,"3,800",70 to 80,800 to 900,Oct-23
CARDIFF RESIDENCE,CARDIFF GROVE,19,Non-Landed Properties,1,"2,850",40 to 50,400 to 500,Oct-23
AFFINITY AT SERANGOON,SERANGOON NORTH AVENUE 1,19,Non-Landed Properties,1,"3,200",50 to 60,600 to 700,Oct-23
CARDIFF RESIDENCE,CARDIFF GROVE,19,Non-Landed Properties,1,"2,750",30 to 40,400 to 500,Oct-23
PARC CENTROS,PUNGGOL CENTRAL,19,Non-Landed Properties,2,"3,650",70 to 80,700 to 800,Oct-23
FOREST WOODS,LORONG LEW LIAN,19,Non-Landed Properties,1,"3,200",40 to 50,500 to 600,Oct-23
RIVER ISLES,EDGEDALE PLAINS,19,Non-Landed Properties,3,"3,900",80 to 90,800 to 900,Oct-23
AFFINITY AT SERANGOON,SERANGOON NORTH AVENUE 1,19,Non-Landed Properties,2,"3,500",50 to 60,600 to 700,Oct-23
AFFINITY AT SERANGOON,SERANGOON NORTH AVENUE 1,19,Non-Landed Properties,1,"3,500",50 to 60,600 to 700,Oct-23
CHILTERN PARK,SERANGOON AVENUE 3,19,Non-Landed Properties,3,"3,000",140 to 150,"1,500 to 1,600",Oct-23
CARDIFF RESIDENCE,CARDIFF GROVE,19,Non-Landed Properties,2,"2,950",50 to 60,600 to 700,Oct-23
JADE RESIDENCES,LEW LIAN VALE,19,Non-Landed Properties,2,"3,000",50 to 60,500 to 600,Oct-23
COMPASS HEIGHTS,SENGKANG SQUARE,19,Non-Landed Properties,3,"5,300",120 to 130,"1,300 to 1,400",Oct-23
THE GAZANIA,HOW SUN DRIVE,19,Non-Landed Properties,1,"3,400",40 to 50,400 to 500,Oct-23
THE SCALA,SERANGOON AVENUE 3,19,Non-Landed Properties,2,"4,500",70 to 80,800 to 900,Oct-23
THE FLORENCE RESIDENCES,HOUGANG AVENUE 2,19,Non-Landed Properties,NA,"5,000",70 to 80,700 to 800,Oct-23
AFFINITY AT SERANGOON,SERANGOON NORTH AVENUE 1,19,Non-Landed Properties,1,"2,800",40 to 50,400 to 500,Oct-23
AFFINITY AT SERANGOON,SERANGOON NORTH AVENUE 1,19,Non-Landed Properties,1,"2,800",40 to 50,400 to 500,Oct-23
GOLDEN HEIGHTS,SERANGOON AVENUE 3,19,Non-Landed Properties,2,"3,600",70 to 80,700 to 800,Oct-23
BARTLEY RESIDENCES,LORONG HOW SUN,19,Non-Landed Properties,2,"4,100",70 to 80,700 to 800,Oct-23
BLISS@KOVAN,SIMON LANE,19,Non-Landed Properties,2,"3,500",80 to 90,"900 to 1,000",Oct-23
LA FIESTA,SENGKANG SQUARE,19,Non-Landed Properties,3,"4,300",70 to 80,800 to 900,Oct-23
PRESTIGE POINT,UPPER PAYA LEBAR ROAD,19,Non-Landed Properties,2,"2,900",40 to 50,400 to 500,Oct-23
SUNGLADE,SERANGOON AVENUE 2,19,Non-Landed Properties,3,"5,100",100 to 110,"1,100 to 1,200",Oct-23
RIVERSOUND RESIDENCE,SENGKANG EAST AVENUE,19,Non-Landed Properties,2,"3,100",70 to 80,700 to 800,Oct-23
THE SPRINGBLOOM,SERANGOON AVENUE 3,19,Non-Landed Properties,3,"4,000",130 to 140,"1,400 to 1,500",Oct-23
BOATHOUSE RESIDENCES,UPPER SERANGOON VIEW,19,Non-Landed Properties,2,"3,100",60 to 70,700 to 800,Oct-23
AFFINITY AT SERANGOON,SERANGOON NORTH AVENUE 1,19,Non-Landed Properties,1,"3,000",50 to 60,500 to 600,Oct-23
WATERTOWN,PUNGGOL CENTRAL,19,Non-Landed Properties,1,"3,300",50 to 60,500 to 600,Oct-23
RIVERFRONT RESIDENCES,HOUGANG AVENUE 7,19,Non-Landed Properties,1,"2,800",40 to 50,400 to 500,Oct-23
GLASGOW RESIDENCE,GLASGOW ROAD,19,Non-Landed Properties,NA,"3,200",30 to 40,400 to 500,Oct-23
SUNGLADE,SERANGOON AVENUE 2,19,Non-Landed Properties,3,"5,300",110 to 120,"1,200 to 1,300",Oct-23
RIVER ISLES,EDGEDALE PLAINS,19,Non-Landed Properties,3,"4,300",100 to 110,"1,100 to 1,200",Oct-23
THE FLORENCE RESIDENCES,HOUGANG AVENUE 2,19,Non-Landed Properties,NA,"2,900",40 to 50,400 to 500,Oct-23
JADE RESIDENCES,LEW LIAN VALE,19,Non-Landed Properties,2,"3,300",90 to 100,"1,000 to 1,100",Oct-23
A TREASURE TROVE,PUNGGOL WALK,19,Non-Landed Properties,3,"4,500",130 to 140,"1,300 to 1,400",Oct-23
AFFINITY AT SERANGOON,SERANGOON NORTH AVENUE 1,19,Non-Landed Properties,2,"3,700",60 to 70,700 to 800,Oct-23
BLISS@KOVAN,SIMON LANE,19,Non-Landed Properties,3,"4,600",100 to 110,"1,100 to 1,200",Oct-23
THE LUXURIE,COMPASSVALE ROAD,19,Non-Landed Properties,2,"3,000",60 to 70,700 to 800,Oct-23
RIVERFRONT RESIDENCES,HOUGANG AVENUE 7,19,Non-Landed Properties,1,"3,200",40 to 50,500 to 600,Oct-23
BOTANIQUE AT BARTLEY,UPPER PAYA LEBAR ROAD,19,Non-Landed Properties,2,"4,200",60 to 70,700 to 800,Oct-23
AFFINITY AT SERANGOON,SERANGOON NORTH AVENUE 1,19,Non-Landed Properties,2,"3,500",60 to 70,700 to 800,Oct-23
AFFINITY AT SERANGOON,SERANGOON NORTH AVENUE 1,19,Non-Landed Properties,1,"3,000",50 to 60,500 to 600,Oct-23
THE SUNSHINE,SUNSHINE TERRACE,19,Non-Landed Properties,3,"2,400",110 to 120,"1,200 to 1,300",Oct-23
THE GAZANIA,HOW SUN DRIVE,19,Non-Landed Properties,2,"3,900",60 to 70,600 to 700,Oct-23
HILBRE28,HILLSIDE DRIVE,19,Non-Landed Properties,3,"3,200",70 to 80,800 to 900,Oct-23
RIVERSAILS,UPPER SERANGOON CRESCENT,19,Non-Landed Properties,2,"3,300",80 to 90,"900 to 1,000",Oct-23
AFFINITY AT SERANGOON,SERANGOON NORTH AVENUE 1,19,Non-Landed Properties,3,"4,500",80 to 90,"900 to 1,000",Oct-23
BOTANIQUE AT BARTLEY,UPPER PAYA LEBAR ROAD,19,Non-Landed Properties,2,"4,000",60 to 70,700 to 800,Oct-23
FLO RESIDENCE,PUNGGOL FIELD WALK,19,Non-Landed Properties,3,"3,300",90 to 100,"1,000 to 1,100",Oct-23
JEWEL @ BUANGKOK,COMPASSVALE BOW,19,Non-Landed Properties,1,"2,900",50 to 60,500 to 600,Oct-23
PARC CENTROS,PUNGGOL CENTRAL,19,Non-Landed Properties,2,"3,700",70 to 80,700 to 800,Oct-23
AFFINITY AT SERANGOON,SERANGOON NORTH AVENUE 1,19,Non-Landed Properties,1,"2,900",50 to 60,500 to 600,Oct-23
A TREASURE TROVE,PUNGGOL WALK,19,Non-Landed Properties,3,"4,300",110 to 120,"1,200 to 1,300",Oct-23
THE TEMBUSU,TAMPINES ROAD,19,Non-Landed Properties,1,"3,000",40 to 50,400 to 500,Oct-23
PARC CENTROS,PUNGGOL CENTRAL,19,Non-Landed Properties,3,"4,000",100 to 110,"1,100 to 1,200",Oct-23
THE FLORENCE RESIDENCES,HOUGANG AVENUE 2,19,Non-Landed Properties,NA,"3,800",60 to 70,600 to 700,Oct-23
AFFINITY AT SERANGOON,SERANGOON NORTH AVENUE 1,19,Non-Landed Properties,1,"3,000",40 to 50,400 to 500,Oct-23
A TREASURE TROVE,PUNGGOL WALK,19,Non-Landed Properties,3,"4,700",90 to 100,"1,000 to 1,100",Oct-23
SPAZIO @ KOVAN,UPPER SERANGOON ROAD,19,Non-Landed Properties,2,"3,000",40 to 50,500 to 600,Oct-23
THE FLORENCE RESIDENCES,HOUGANG AVENUE 2,19,Non-Landed Properties,NA,"2,800",40 to 50,400 to 500,Oct-23
CARDIFF RESIDENCE,CARDIFF GROVE,19,Non-Landed Properties,2,"3,000",50 to 60,500 to 600,Oct-23
CHILTERN PARK,SERANGOON AVENUE 3,19,Non-Landed Properties,3,"5,000",110 to 120,"1,200 to 1,300",Oct-23
TERRASSE,TERRASSE LANE,19,Non-Landed Properties,1,"2,400",40 to 50,500 to 600,Oct-23
THE MINTON,HOUGANG STREET 11,19,Non-Landed Properties,2,"4,200",80 to 90,"900 to 1,000",Oct-23
RIVER ISLES,EDGEDALE PLAINS,19,Non-Landed Properties,3,"4,000",100 to 110,"1,100 to 1,200",Oct-23
AFFINITY AT SERANGOON,SERANGOON NORTH AVENUE 1,19,Non-Landed Properties,1,"3,200",50 to 60,600 to 700,Oct-23
RIVERFRONT RESIDENCES,HOUGANG AVENUE 7,19,Non-Landed Properties,NA,"3,700",60 to 70,700 to 800,Oct-23
THE FLORENCE RESIDENCES,HOUGANG AVENUE 2,19,Non-Landed Properties,NA,"3,900",60 to 70,600 to 700,Oct-23
THE GARDEN RESIDENCES,SERANGOON NORTH VIEW,19,Non-Landed Properties,2,"3,500",50 to 60,600 to 700,Oct-23
KINGSFORD WATERBAY,UPPER SERANGOON VIEW,19,Non-Landed Properties,2,"3,400",60 to 70,600 to 700,Oct-23
AFFINITY AT SERANGOON,SERANGOON NORTH AVENUE 1,19,Non-Landed Properties,1,"3,000",50 to 60,500 to 600,Oct-23
RIVERFRONT RESIDENCES,HOUGANG AVENUE 7,19,Non-Landed Properties,3,"4,100",80 to 90,"900 to 1,000",Oct-23
THE FLORENCE RESIDENCES,HOUGANG AVENUE 2,19,Non-Landed Properties,NA,"2,850",40 to 50,400 to 500,Oct-23
THE LUXURIE,COMPASSVALE ROAD,19,Non-Landed Properties,4,"6,000",120 to 130,"1,300 to 1,400",Oct-23
NON-LANDED HOUSING DEVELOPMENT,UPPER PAYA LEBAR ROAD,19,Non-Landed Properties,NA,"4,500",60 to 70,700 to 800,Oct-23
KOVAN RESIDENCES,KOVAN ROAD,19,Non-Landed Properties,3,"5,200",110 to 120,"1,200 to 1,300",Oct-23
RIVERSOUND RESIDENCE,SENGKANG EAST AVENUE,19,Non-Landed Properties,2,"3,800",70 to 80,700 to 800,Oct-23
21 RICHARDS,RICHARDS AVENUE,19,Non-Landed Properties,1,"2,800",30 to 40,400 to 500,Oct-23
THE LUXURIE,COMPASSVALE ROAD,19,Non-Landed Properties,2,"3,800",70 to 80,700 to 800,Oct-23
RIVERFRONT RESIDENCES,HOUGANG AVENUE 7,19,Non-Landed Properties,NA,"3,300",40 to 50,400 to 500,Oct-23
CHILTERN PARK,SERANGOON AVENUE 3,19,Non-Landed Properties,3,"5,200",120 to 130,"1,300 to 1,400",Oct-23
BARTLEY RESIDENCES,LORONG HOW SUN,19,Non-Landed Properties,1,"3,000",40 to 50,400 to 500,Oct-23
CHERRY GARDENS,LORONG LEW LIAN,19,Non-Landed Properties,3,"4,700",90 to 100,"1,000 to 1,100",Oct-23
COMPASS HEIGHTS,SENGKANG SQUARE,19,Non-Landed Properties,4,"6,200",140 to 150,"1,500 to 1,600",Oct-23
THE TEMBUSU,TAMPINES ROAD,19,Non-Landed Properties,1,"3,100",40 to 50,400 to 500,Oct-23
CHUAN PARK (DEMOLISHED),LORONG CHUAN,19,Non-Landed Properties,2,"3,300",100 to 110,"1,100 to 1,200",Oct-23
PARC CENTROS,PUNGGOL CENTRAL,19,Non-Landed Properties,2,"3,600",70 to 80,700 to 800,Oct-23
STARS OF KOVAN,UPPER SERANGOON ROAD,19,Non-Landed Properties,2,"3,600",60 to 70,700 to 800,Oct-23
LA FIESTA,SENGKANG SQUARE,19,Non-Landed Properties,1,"2,900",40 to 50,400 to 500,Oct-23
THE MINTON,HOUGANG STREET 11,19,Non-Landed Properties,2,"4,300",90 to 100,"900 to 1,000",Oct-23
THE SPRINGBLOOM,SERANGOON AVENUE 3,19,Non-Landed Properties,3,"5,000",130 to 140,"1,400 to 1,500",Oct-23
WATERTOWN,PUNGGOL CENTRAL,19,Non-Landed Properties,1,"3,250",40 to 50,500 to 600,Oct-23
THE QUINN,BARTLEY ROAD,19,Non-Landed Properties,1,"3,400",50 to 60,500 to 600,Oct-23
THE MINTON,HOUGANG STREET 11,19,Non-Landed Properties,NA,"2,700",50 to 60,500 to 600,Oct-23
AFFINITY AT SERANGOON,SERANGOON NORTH AVENUE 1,19,Non-Landed Properties,1,"2,800",40 to 50,400 to 500,Oct-23
SUNGLADE,SERANGOON AVENUE 2,19,Non-Landed Properties,3,"5,100",110 to 120,"1,200 to 1,300",Oct-23
RIVERFRONT RESIDENCES,HOUGANG AVENUE 7,19,Non-Landed Properties,NA,"5,600",130 to 140,"1,400 to 1,500",Oct-23
COMPASS HEIGHTS,SENGKANG SQUARE,19,Non-Landed Properties,1,"2,700",60 to 70,600 to 700,Oct-23
COMPASS HEIGHTS,SENGKANG SQUARE,19,Non-Landed Properties,2,"3,600",90 to 100,"1,000 to 1,100",Oct-23
THE QUINN,BARTLEY ROAD,19,Non-Landed Properties,1,"2,850",50 to 60,500 to 600,Oct-23
KOVAN REGENCY,KOVAN RISE,19,Non-Landed Properties,3,"5,000",100 to 110,"1,100 to 1,200",Oct-23
THE GAZANIA,HOW SUN DRIVE,19,Non-Landed Properties,2,"3,900",50 to 60,600 to 700,Oct-23
BARTLEY RESIDENCES,LORONG HOW SUN,19,Non-Landed Properties,2,"4,200",80 to 90,"900 to 1,000",Oct-23
BOATHOUSE RESIDENCES,UPPER SERANGOON VIEW,19,Non-Landed Properties,1,"2,600",50 to 60,600 to 700,Oct-23
CHUAN PARK (DEMOLISHED),LORONG CHUAN,19,Non-Landed Properties,2,"3,100",60 to 70,700 to 800,Oct-23
THE MINTON,HOUGANG STREET 11,19,Non-Landed Properties,2,"4,300",90 to 100,"900 to 1,000",Oct-23
KOVAN GRANDEUR,TAMPINES ROAD,19,Non-Landed Properties,NA,"2,400",30 to 40,300 to 400,Oct-23
FLO RESIDENCE,PUNGGOL FIELD WALK,19,Non-Landed Properties,2,"4,000",80 to 90,800 to 900,Oct-23
THE GARDEN RESIDENCES,SERANGOON NORTH VIEW,19,Non-Landed Properties,2,"3,800",60 to 70,600 to 700,Oct-23
AFFINITY AT SERANGOON,SERANGOON NORTH AVENUE 1,19,Non-Landed Properties,1,"3,100",50 to 60,500 to 600,Oct-23
RIVERSOUND RESIDENCE,SENGKANG EAST AVENUE,19,Non-Landed Properties,2,"3,200",70 to 80,700 to 800,Oct-23
THE TEMBUSU,TAMPINES ROAD,19,Non-Landed Properties,2,"4,200",80 to 90,"900 to 1,000",Oct-23
RIVERSAILS,UPPER SERANGOON CRESCENT,19,Non-Landed Properties,1,"2,800",40 to 50,500 to 600,Oct-23
THE FLORENCE RESIDENCES,HOUGANG AVENUE 2,19,Non-Landed Properties,NA,"3,300",50 to 60,600 to 700,Oct-23
THE PROMENADE@PELIKAT,JALAN PELIKAT,19,Non-Landed Properties,1,"2,600",40 to 50,400 to 500,Oct-23
THE GARDEN RESIDENCES,SERANGOON NORTH VIEW,19,Non-Landed Properties,4,"6,100",100 to 110,"1,100 to 1,200",Oct-23
RIVERSAILS,UPPER SERANGOON CRESCENT,19,Non-Landed Properties,3,"4,150",100 to 110,"1,100 to 1,200",Oct-23
URBAN RESIDENCES,LORONG AH SOO,19,Non-Landed Properties,1,"2,700",40 to 50,400 to 500,Oct-23
KOVAN REGENCY,KOVAN RISE,19,Non-Landed Properties,3,"3,800",90 to 100,"1,000 to 1,100",Oct-23
BAYOU RESIDENCE,UPPER PAYA LEBAR ROAD,19,Non-Landed Properties,3,"3,700",80 to 90,"900 to 1,000",Oct-23
THE QUARTZ,COMPASSVALE BOW,19,Non-Landed Properties,NA,"3,600",100 to 110,"1,100 to 1,200",Oct-23
SUITES @ PAYA LEBAR,UPPER PAYA LEBAR ROAD,19,Non-Landed Properties,1,"2,900",30 to 40,400 to 500,Oct-23
THE QUARTZ,COMPASSVALE BOW,19,Non-Landed Properties,NA,"4,100",90 to 100,"1,000 to 1,100",Oct-23
BARTLEY RESIDENCES,LORONG HOW SUN,19,Non-Landed Properties,2,"2,700",70 to 80,700 to 800,Oct-23
BARTLEY RESIDENCES,LORONG HOW SUN,19,Non-Landed Properties,2,"4,300",80 to 90,800 to 900,Oct-23
BOTANIQUE AT BARTLEY,UPPER PAYA LEBAR ROAD,19,Non-Landed Properties,2,"3,600",60 to 70,600 to 700,Oct-23
RIVERFRONT RESIDENCES,HOUGANG AVENUE 7,19,Non-Landed Properties,3,"4,600",100 to 110,"1,100 to 1,200",Oct-23
LA FIESTA,SENGKANG SQUARE,19,Non-Landed Properties,2,"3,400",70 to 80,700 to 800,Oct-23
THE WATERLINE,POH HUAT ROAD WEST,19,Non-Landed Properties,1,"2,550",40 to 50,500 to 600,Oct-23
ISUITES @ TANI,JALAN TANI,19,Non-Landed Properties,2,"3,500",50 to 60,500 to 600,Oct-23
THE MINTON,HOUGANG STREET 11,19,Non-Landed Properties,2,"4,300",90 to 100,"900 to 1,000",Oct-23
SANCTUARY @ 813,UPPER SERANGOON ROAD,19,Non-Landed Properties,2,"3,700",80 to 90,"900 to 1,000",Oct-23
RIVER ISLES,EDGEDALE PLAINS,19,Non-Landed Properties,NA,"2,500",40 to 50,400 to 500,Oct-23
RESIDENCES BOTANIQUE,YIO CHU KANG ROAD,19,Non-Landed Properties,2,"3,600",80 to 90,800 to 900,Oct-23
THE QUARTZ,COMPASSVALE BOW,19,Non-Landed Properties,NA,"3,800",100 to 110,"1,100 to 1,200",Oct-23
BARTLEY RESIDENCES,LORONG HOW SUN,19,Non-Landed Properties,3,"5,500",100 to 110,"1,100 to 1,200",Oct-23
RIVERFRONT RESIDENCES,HOUGANG AVENUE 7,19,Non-Landed Properties,NA,"3,600",60 to 70,700 to 800,Oct-23
AFFINITY AT SERANGOON,SERANGOON NORTH AVENUE 1,19,Non-Landed Properties,1,"3,200",50 to 60,600 to 700,Oct-23
KOVAN RESIDENCES,KOVAN ROAD,19,Non-Landed Properties,4,"5,800",160 to 170,"1,700 to 1,800",Oct-23
AFFINITY AT SERANGOON,SERANGOON NORTH AVENUE 1,19,Non-Landed Properties,1,"3,000",50 to 60,500 to 600,Oct-23
THE TEMBUSU,TAMPINES ROAD,19,Non-Landed Properties,3,"4,200",110 to 120,"1,200 to 1,300",Oct-23
KOVAN RESIDENCES,KOVAN ROAD,19,Non-Landed Properties,3,"5,900",110 to 120,"1,200 to 1,300",Oct-23
BARTLEY RESIDENCES,LORONG HOW SUN,19,Non-Landed Properties,3,"5,800",100 to 110,"1,000 to 1,100",Oct-23
RIVERFRONT RESIDENCES,HOUGANG AVENUE 7,19,Non-Landed Properties,NA,"3,000",50 to 60,500 to 600,Oct-23
AFFINITY AT SERANGOON,SERANGOON NORTH AVENUE 1,19,Non-Landed Properties,2,"3,300",50 to 60,600 to 700,Oct-23
AFFINITY AT SERANGOON,SERANGOON NORTH AVENUE 1,19,Non-Landed Properties,1,"2,700",40 to 50,400 to 500,Oct-23
AFFINITY AT SERANGOON,SERANGOON NORTH AVENUE 1,19,Non-Landed Properties,2,"3,600",50 to 60,600 to 700,Oct-23
RIVERFRONT RESIDENCES,HOUGANG AVENUE 7,19,Non-Landed Properties,NA,"3,300",50 to 60,600 to 700,Oct-23
LA FIESTA,SENGKANG SQUARE,19,Non-Landed Properties,1,"2,800",40 to 50,400 to 500,Oct-23
THE SUNSHINE,SUNSHINE TERRACE,19,Non-Landed Properties,3,"4,600",110 to 120,"1,200 to 1,300",Oct-23
RIVERSOUND RESIDENCE,SENGKANG EAST AVENUE,19,Non-Landed Properties,4,"3,800",130 to 140,"1,400 to 1,500",Oct-23
KOVAN MELODY,KOVAN ROAD,19,Non-Landed Properties,3,"5,500",110 to 120,"1,200 to 1,300",Oct-23
CARDIFF RESIDENCE,CARDIFF GROVE,19,Non-Landed Properties,1,"2,900",40 to 50,400 to 500,Oct-23
JEWEL @ BUANGKOK,COMPASSVALE BOW,19,Non-Landed Properties,2,"3,800",70 to 80,700 to 800,Oct-23
A TREASURE TROVE,PUNGGOL WALK,19,Non-Landed Properties,2,"4,200",70 to 80,700 to 800,Oct-23
FONTAINE PARRY,POH HUAT ROAD,19,Non-Landed Properties,2,"3,350",80 to 90,"900 to 1,000",Oct-23
THE SCALA,SERANGOON AVENUE 3,19,Non-Landed Properties,2,"5,200",80 to 90,"900 to 1,000",Oct-23
JADE RESIDENCES,LEW LIAN VALE,19,Non-Landed Properties,4,"5,650",100 to 110,"1,100 to 1,200",Oct-23
JEWEL @ BUANGKOK,COMPASSVALE BOW,19,Non-Landed Properties,2,"3,450",60 to 70,700 to 800,Oct-23
THE VUE,UPPER PAYA LEBAR ROAD,19,Non-Landed Properties,2,"3,300",80 to 90,"900 to 1,000",Oct-23
A TREASURE TROVE,PUNGGOL WALK,19,Non-Landed Properties,3,"4,800",100 to 110,"1,100 to 1,200",Oct-23
KINGSFORD WATERBAY,UPPER SERANGOON VIEW,19,Non-Landed Properties,1,"2,800",40 to 50,400 to 500,Oct-23
THE SCALA,SERANGOON AVENUE 3,19,Non-Landed Properties,2,"3,800",80 to 90,"900 to 1,000",Oct-23
THE TEMBUSU,TAMPINES ROAD,19,Non-Landed Properties,2,"3,800",70 to 80,700 to 800,Oct-23
SUNGLADE,SERANGOON AVENUE 2,19,Non-Landed Properties,3,"4,600",100 to 110,"1,100 to 1,200",Oct-23
THE TEMBUSU,TAMPINES ROAD,19,Non-Landed Properties,1,"3,000",40 to 50,400 to 500,Oct-23
RIVERSOUND RESIDENCE,SENGKANG EAST AVENUE,19,Non-Landed Properties,2,"3,600",70 to 80,700 to 800,Oct-23
BARTLEY RESIDENCES,LORONG HOW SUN,19,Non-Landed Properties,2,"4,100",80 to 90,"900 to 1,000",Oct-23
THE QUARTZ,COMPASSVALE BOW,19,Non-Landed Properties,NA,"4,400",110 to 120,"1,200 to 1,300",Oct-23
THE MINTON,HOUGANG STREET 11,19,Non-Landed Properties,3,"4,200",110 to 120,"1,200 to 1,300",Oct-23
SUITES @ PAYA LEBAR,UPPER PAYA LEBAR ROAD,19,Non-Landed Properties,2,"3,500",60 to 70,600 to 700,Oct-23
THE FLORENCE RESIDENCES,HOUGANG AVENUE 2,19,Non-Landed Properties,NA,"3,000",40 to 50,400 to 500,Oct-23
AFFINITY AT SERANGOON,SERANGOON NORTH AVENUE 1,19,Non-Landed Properties,2,"3,700",50 to 60,600 to 700,Oct-23
RIVERSOUND RESIDENCE,SENGKANG EAST AVENUE,19,Non-Landed Properties,3,"3,600",90 to 100,"1,000 to 1,100",Oct-23
RIVERFRONT RESIDENCES,HOUGANG AVENUE 7,19,Non-Landed Properties,NA,"3,200",40 to 50,500 to 600,Oct-23
RIVERFRONT RESIDENCES,HOUGANG AVENUE 7,19,Non-Landed Properties,1,"3,600",40 to 50,400 to 500,Oct-23
THE FLORENCE RESIDENCES,HOUGANG AVENUE 2,19,Non-Landed Properties,NA,"4,800",90 to 100,"900 to 1,000",Oct-23
FOREST WOODS,LORONG LEW LIAN,19,Non-Landed Properties,2,"3,800",60 to 70,600 to 700,Oct-23
THE SPRINGBLOOM,SERANGOON AVENUE 3,19,Non-Landed Properties,4,"6,500",150 to 160,"1,600 to 1,700",Oct-23
PRIMO RESIDENCES,JALAN PELIKAT,19,Non-Landed Properties,1,"3,000",40 to 50,400 to 500,Oct-23
BOTANIQUE AT BARTLEY,UPPER PAYA LEBAR ROAD,19,Non-Landed Properties,2,"3,600",60 to 70,600 to 700,Oct-23
WATERTOWN,PUNGGOL CENTRAL,19,Non-Landed Properties,1,"3,500",60 to 70,600 to 700,Oct-23
THE FLORENCE RESIDENCES,HOUGANG AVENUE 2,19,Non-Landed Properties,NA,"3,350",50 to 60,600 to 700,Oct-23
RIVERSAILS,UPPER SERANGOON CRESCENT,19,Non-Landed Properties,3,"4,500",100 to 110,"1,100 to 1,200",Oct-23
THE FLORENCE RESIDENCES,HOUGANG AVENUE 2,19,Non-Landed Properties,NA,"3,800",60 to 70,600 to 700,Oct-23
THE GARDEN RESIDENCES,SERANGOON NORTH VIEW,19,Non-Landed Properties,1,"3,150",40 to 50,500 to 600,Oct-23
PARC VERA,HOUGANG STREET 32,19,Non-Landed Properties,3,"4,600",100 to 110,"1,100 to 1,200",Oct-23
KINGSFORD WATERBAY,UPPER SERANGOON VIEW,19,Non-Landed Properties,1,"2,650",40 to 50,400 to 500,Oct-23
RIVERFRONT RESIDENCES,HOUGANG AVENUE 7,19,Non-Landed Properties,NA,"3,000",40 to 50,500 to 600,Oct-23
TERRASSE,TERRASSE LANE,19,Non-Landed Properties,3,"5,300",100 to 110,"1,100 to 1,200",Oct-23
MIDTOWN RESIDENCES,UPPER SERANGOON ROAD,19,Non-Landed Properties,1,"2,800",40 to 50,400 to 500,Oct-23
KOVAN MELODY,KOVAN ROAD,19,Non-Landed Properties,3,"5,000",110 to 120,"1,200 to 1,300",Oct-23
RIVERFRONT RESIDENCES,HOUGANG AVENUE 7,19,Non-Landed Properties,NA,"3,600",60 to 70,700 to 800,Oct-23
THE SCALA,SERANGOON AVENUE 3,19,Non-Landed Properties,2,"4,400",70 to 80,800 to 900,Oct-23
THE GARDEN RESIDENCES,SERANGOON NORTH VIEW,19,Non-Landed Properties,2,"4,000",50 to 60,600 to 700,Oct-23
WATERTOWN,PUNGGOL CENTRAL,19,Non-Landed Properties,1,"3,500",50 to 60,500 to 600,Oct-23
SUNGLADE,SERANGOON AVENUE 2,19,Non-Landed Properties,3,"5,700",110 to 120,"1,100 to 1,200",Oct-23
BARTLEY RESIDENCES,LORONG HOW SUN,19,Non-Landed Properties,3,"5,000",90 to 100,"1,000 to 1,100",Oct-23
STARS OF KOVAN,UPPER SERANGOON ROAD,19,Non-Landed Properties,2,"3,350",60 to 70,700 to 800,Oct-23
LA DOLCE VITA,UPPER PAYA LEBAR ROAD,19,Non-Landed Properties,3,"5,500",120 to 130,"1,300 to 1,400",Oct-23
AFFINITY AT SERANGOON,SERANGOON NORTH AVENUE 1,19,Non-Landed Properties,1,"2,900",40 to 50,400 to 500,Oct-23
AFFINITY AT SERANGOON,SERANGOON NORTH AVENUE 1,19,Non-Landed Properties,1,"3,100",50 to 60,500 to 600,Oct-23
WATERTOWN,PUNGGOL CENTRAL,19,Non-Landed Properties,NA,"3,300",50 to 60,500 to 600,Oct-23
RIVERSOUND RESIDENCE,SENGKANG EAST AVENUE,19,Non-Landed Properties,2,"3,400",70 to 80,700 to 800,Oct-23
NON-LANDED HOUSING DEVELOPMENT,BRIGHTON CRESCENT,19,Non-Landed Properties,NA,"3,000",80 to 90,"900 to 1,000",Oct-23
THE MINTON,HOUGANG STREET 11,19,Non-Landed Properties,NA,"3,500",50 to 60,600 to 700,Oct-23
THE TEMBUSU,TAMPINES ROAD,19,Non-Landed Properties,1,"2,700",40 to 50,400 to 500,Oct-23
THE QUARTZ,COMPASSVALE BOW,19,Non-Landed Properties,NA,"4,300",100 to 110,"1,100 to 1,200",Oct-23
STARS OF KOVAN,UPPER SERANGOON ROAD,19,Non-Landed Properties,1,"3,300",40 to 50,500 to 600,Oct-23
THE FLORENCE RESIDENCES,HOUGANG AVENUE 2,19,Non-Landed Properties,NA,"3,100",40 to 50,500 to 600,Oct-23
THE GAZANIA,HOW SUN DRIVE,19,Non-Landed Properties,2,"3,800",50 to 60,600 to 700,Oct-23
PARC VERA,HOUGANG STREET 32,19,Non-Landed Properties,2,"2,800",70 to 80,700 to 800,Oct-23
PARC CENTROS,PUNGGOL CENTRAL,19,Non-Landed Properties,2,"3,900",70 to 80,700 to 800,Oct-23
JADE RESIDENCES,LEW LIAN VALE,19,Non-Landed Properties,3,"3,700",60 to 70,700 to 800,Oct-23
TRILIVE,TAMPINES ROAD,19,Non-Landed Properties,3,"3,300",80 to 90,"900 to 1,000",Oct-23
AFFINITY AT SERANGOON,SERANGOON NORTH AVENUE 1,19,Non-Landed Properties,1,"3,250",50 to 60,600 to 700,Oct-23
RIVERFRONT RESIDENCES,HOUGANG AVENUE 7,19,Non-Landed Properties,NA,"4,400",80 to 90,"900 to 1,000",Oct-23
THE QUARTZ,COMPASSVALE BOW,19,Non-Landed Properties,NA,"4,200",90 to 100,"1,000 to 1,100",Oct-23
THE SCALA,SERANGOON AVENUE 3,19,Non-Landed Properties,2,"4,000",70 to 80,800 to 900,Oct-23
SUITES @ PAYA LEBAR,UPPER PAYA LEBAR ROAD,19,Non-Landed Properties,1,"2,500",50 to 60,500 to 600,Oct-23
THE FLORENCE RESIDENCES,HOUGANG AVENUE 2,19,Non-Landed Properties,NA,"3,700",60 to 70,600 to 700,Oct-23
KOVAN REGENCY,KOVAN RISE,19,Non-Landed Properties,3,"5,000",90 to 100,"1,000 to 1,100",Oct-23
AFFINITY AT SERANGOON,SERANGOON NORTH AVENUE 1,19,Non-Landed Properties,1,"3,000",40 to 50,400 to 500,Oct-23
EVERGREEN PARK,HOUGANG AVENUE 7,19,Non-Landed Properties,3,"4,000",100 to 110,"1,000 to 1,100",Oct-23
SPACE @ KOVAN,YIO CHU KANG ROAD,19,Non-Landed Properties,2,"4,400",110 to 120,"1,200 to 1,300",Oct-23
JEWEL @ BUANGKOK,COMPASSVALE BOW,19,Non-Landed Properties,3,"4,100",80 to 90,800 to 900,Oct-23
RIVERFRONT RESIDENCES,HOUGANG AVENUE 7,19,Non-Landed Properties,2,"3,400",50 to 60,600 to 700,Oct-23
WATERTOWN,PUNGGOL CENTRAL,19,Non-Landed Properties,1,"3,200",50 to 60,500 to 600,Oct-23
RIVERFRONT RESIDENCES,HOUGANG AVENUE 7,19,Non-Landed Properties,2,"3,700",60 to 70,700 to 800,Oct-23
LA FIESTA,SENGKANG SQUARE,19,Non-Landed Properties,1,"2,900",40 to 50,400 to 500,Oct-23
FLO RESIDENCE,PUNGGOL FIELD WALK,19,Non-Landed Properties,3,"4,300",80 to 90,"900 to 1,000",Oct-23
RIVERFRONT RESIDENCES,HOUGANG AVENUE 7,19,Non-Landed Properties,NA,"3,680",60 to 70,700 to 800,Oct-23
AFFINITY AT SERANGOON,SERANGOON NORTH AVENUE 1,19,Non-Landed Properties,2,"3,600",50 to 60,600 to 700,Oct-23
THE GARDEN RESIDENCES,SERANGOON NORTH VIEW,19,Non-Landed Properties,1,"3,000",40 to 50,400 to 500,Oct-23
THE GARDEN RESIDENCES,SERANGOON NORTH VIEW,19,Non-Landed Properties,2,"3,600",50 to 60,600 to 700,Oct-23
THE FLORENCE RESIDENCES,HOUGANG AVENUE 2,19,Non-Landed Properties,NA,"3,350",50 to 60,600 to 700,Oct-23
THE PROMENADE@PELIKAT,JALAN PELIKAT,19,Non-Landed Properties,2,"3,700",90 to 100,"900 to 1,000",Oct-23
KINGSFORD WATERBAY,UPPER SERANGOON VIEW,19,Non-Landed Properties,1,"2,700",40 to 50,400 to 500,Oct-23
RIVERFRONT RESIDENCES,HOUGANG AVENUE 7,19,Non-Landed Properties,NA,"2,900",40 to 50,500 to 600,Oct-23
TRILIVE,TAMPINES ROAD,19,Non-Landed Properties,2,"3,200",50 to 60,600 to 700,Oct-23
THE SCALA,SERANGOON AVENUE 3,19,Non-Landed Properties,2,"4,500",70 to 80,800 to 900,Oct-23
RESIDENCES BOTANIQUE,YIO CHU KANG ROAD,19,Non-Landed Properties,2,"3,800",90 to 100,"1,000 to 1,100",Oct-23
JEWEL @ BUANGKOK,COMPASSVALE BOW,19,Non-Landed Properties,2,"3,100",60 to 70,700 to 800,Oct-23
RIVERFRONT RESIDENCES,HOUGANG AVENUE 7,19,Non-Landed Properties,NA,"3,000",40 to 50,400 to 500,Oct-23
RIVERFRONT RESIDENCES,HOUGANG AVENUE 7,19,Non-Landed Properties,NA,"2,750",40 to 50,400 to 500,Oct-23
PARC CENTROS,PUNGGOL CENTRAL,19,Non-Landed Properties,1,"2,530",40 to 50,400 to 500,Oct-23
AFFINITY AT SERANGOON,SERANGOON NORTH AVENUE 1,19,Non-Landed Properties,1,"3,200",50 to 60,500 to 600,Oct-23
THE LUXURIE,COMPASSVALE ROAD,19,Non-Landed Properties,3,"4,500",90 to 100,"1,000 to 1,100",Oct-23
RIVERSAILS,UPPER SERANGOON CRESCENT,19,Non-Landed Properties,1,"2,800",40 to 50,500 to 600,Oct-23
RIVERFRONT RESIDENCES,HOUGANG AVENUE 7,19,Non-Landed Properties,2,"4,000",80 to 90,800 to 900,Oct-23
RIVERFRONT RESIDENCES,HOUGANG AVENUE 7,19,Non-Landed Properties,NA,"3,000",40 to 50,500 to 600,Oct-23
AFFINITY AT SERANGOON,SERANGOON NORTH AVENUE 1,19,Non-Landed Properties,1,"3,200",50 to 60,500 to 600,Oct-23
WATERTOWN,PUNGGOL CENTRAL,19,Non-Landed Properties,2,"3,800",70 to 80,800 to 900,Oct-23
SPACE @ KOVAN,YIO CHU KANG ROAD,19,Non-Landed Properties,2,"3,400",50 to 60,600 to 700,Oct-23
THE SCALA,SERANGOON AVENUE 3,19,Non-Landed Properties,2,"4,600",80 to 90,"900 to 1,000",Oct-23
RIVERFRONT RESIDENCES,HOUGANG AVENUE 7,19,Non-Landed Properties,NA,"3,500",50 to 60,600 to 700,Oct-23
THE LUXURIE,COMPASSVALE ROAD,19,Non-Landed Properties,2,"3,800",60 to 70,700 to 800,Oct-23
AFFINITY AT SERANGOON,SERANGOON NORTH AVENUE 1,19,Non-Landed Properties,2,"4,200",70 to 80,700 to 800,Oct-23
REGENTVILLE,HOUGANG STREET 92,19,Non-Landed Properties,3,"4,200",100 to 110,"1,100 to 1,200",Oct-23
THE GAZANIA,HOW SUN DRIVE,19,Non-Landed Properties,2,"3,800",60 to 70,600 to 700,Oct-23
BAYOU RESIDENCE,UPPER PAYA LEBAR ROAD,19,Non-Landed Properties,3,"3,700",80 to 90,"900 to 1,000",Oct-23
TERRASSE,TERRASSE LANE,19,Non-Landed Properties,2,"4,100",60 to 70,700 to 800,Oct-23
THE SUNNYDALE,SERANGOON AVENUE 3,19,Non-Landed Properties,3,"5,500",120 to 130,"1,300 to 1,400",Oct-23
LA DOLCE VITA,UPPER PAYA LEBAR ROAD,19,Non-Landed Properties,2,"4,200",110 to 120,"1,200 to 1,300",Oct-23
CARDIFF RESIDENCE,CARDIFF GROVE,19,Non-Landed Properties,2,"3,000",60 to 70,600 to 700,Oct-23
KOVAN RESIDENCES,KOVAN ROAD,19,Non-Landed Properties,4,"8,500",160 to 170,"1,700 to 1,800",Oct-23
THE GARDEN RESIDENCES,SERANGOON NORTH VIEW,19,Non-Landed Properties,1,"3,000",40 to 50,400 to 500,Oct-23
THE FLORENCE RESIDENCES,HOUGANG AVENUE 2,19,Non-Landed Properties,NA,"3,000",40 to 50,500 to 600,Oct-23
VIBES@UPPER SERANGOON,UPPER SERANGOON ROAD,19,Non-Landed Properties,1,"2,900",40 to 50,400 to 500,Oct-23
A TREASURE TROVE,PUNGGOL WALK,19,Non-Landed Properties,2,"3,500",70 to 80,700 to 800,Oct-23
THE SPRINGBLOOM,SERANGOON AVENUE 3,19,Non-Landed Properties,3,"5,500",120 to 130,"1,300 to 1,400",Oct-23
REGENTVILLE,HOUGANG STREET 92,19,Non-Landed Properties,3,"4,500",100 to 110,"1,100 to 1,200",Oct-23
RIVERFRONT RESIDENCES,HOUGANG AVENUE 7,19,Non-Landed Properties,NA,"2,950",40 to 50,400 to 500,Oct-23
KOVAN GRANDEUR,TAMPINES ROAD,19,Non-Landed Properties,2,"3,700",80 to 90,"900 to 1,000",Oct-23
THE FLORENCE RESIDENCES,HOUGANG AVENUE 2,19,Non-Landed Properties,NA,"2,800",40 to 50,400 to 500,Oct-23
THE BENTLY RESIDENCES@KOVAN,KOVAN ROAD,19,Non-Landed Properties,3,"3,600",90 to 100,"1,000 to 1,100",Oct-23
WATERTOWN,PUNGGOL CENTRAL,19,Non-Landed Properties,3,"4,500",110 to 120,"1,200 to 1,300",Oct-23
LA FIESTA,SENGKANG SQUARE,19,Non-Landed Properties,2,"3,700",60 to 70,700 to 800,Oct-23
RIVERSOUND RESIDENCE,SENGKANG EAST AVENUE,19,Non-Landed Properties,1,"2,900",40 to 50,400 to 500,Oct-23
SUNGLADE,SERANGOON AVENUE 2,19,Non-Landed Properties,3,"5,400",100 to 110,"1,100 to 1,200",Oct-23
RIVER ISLES,EDGEDALE PLAINS,19,Non-Landed Properties,2,"3,900",70 to 80,700 to 800,Oct-23
BOATHOUSE RESIDENCES,UPPER SERANGOON VIEW,19,Non-Landed Properties,2,"3,100",60 to 70,700 to 800,Oct-23
LA FIESTA,SENGKANG SQUARE,19,Non-Landed Properties,3,"4,300",70 to 80,800 to 900,Oct-23
3@PHILLIPS,PHILLIPS AVENUE,19,Non-Landed Properties,2,"3,250",80 to 90,800 to 900,Oct-23
THE GARDEN RESIDENCES,SERANGOON NORTH VIEW,19,Non-Landed Properties,2,"3,600",50 to 60,600 to 700,Oct-23
SUNGLADE,SERANGOON AVENUE 2,19,Non-Landed Properties,3,"5,500",110 to 120,"1,200 to 1,300",Oct-23
RIVERFRONT RESIDENCES,HOUGANG AVENUE 7,19,Non-Landed Properties,NA,"3,000",40 to 50,500 to 600,Oct-23
WATERTOWN,PUNGGOL CENTRAL,19,Non-Landed Properties,1,"3,100",50 to 60,600 to 700,Oct-23
THE QUARTZ,COMPASSVALE BOW,19,Non-Landed Properties,3,"4,800",110 to 120,"1,200 to 1,300",Oct-23
AFFINITY AT SERANGOON,SERANGOON NORTH AVENUE 1,19,Non-Landed Properties,1,"2,900",40 to 50,400 to 500,Oct-23
THE LUXURIE,COMPASSVALE ROAD,19,Non-Landed Properties,1,"2,650",40 to 50,400 to 500,Oct-23
THE GARDEN RESIDENCES,SERANGOON NORTH VIEW,19,Non-Landed Properties,1,"2,900",40 to 50,400 to 500,Oct-23
THE LUXURIE,COMPASSVALE ROAD,19,Non-Landed Properties,3,"4,400",90 to 100,"1,000 to 1,100",Oct-23
KOVAN REGENCY,KOVAN RISE,19,Non-Landed Properties,2,"3,500",50 to 60,600 to 700,Oct-23
RIVERSAILS,UPPER SERANGOON CRESCENT,19,Non-Landed Properties,3,"4,400",90 to 100,"1,000 to 1,100",Oct-23
AFFINITY AT SERANGOON,SERANGOON NORTH AVENUE 1,19,Non-Landed Properties,1,"2,800",40 to 50,400 to 500,Oct-23
BRIGHTON VIEW,BRIGHTON AVENUE,19,Non-Landed Properties,3,"3,500",110 to 120,"1,200 to 1,300",Oct-23
THE FLORENCE RESIDENCES,HOUGANG AVENUE 2,19,Non-Landed Properties,NA,"3,200",50 to 60,600 to 700,Oct-23
ISUITES @ PALM,GLASGOW ROAD,19,Non-Landed Properties,2,"2,950",50 to 60,600 to 700,Oct-23
RIVERFRONT RESIDENCES,HOUGANG AVENUE 7,19,Non-Landed Properties,NA,"2,700",40 to 50,400 to 500,Oct-23
RIVERFRONT RESIDENCES,HOUGANG AVENUE 7,19,Non-Landed Properties,NA,"2,800",40 to 50,500 to 600,Oct-23
REGENTVILLE,HOUGANG STREET 92,19,Non-Landed Properties,3,"4,000",100 to 110,"1,100 to 1,200",Oct-23
GOLDEN HEIGHTS,SERANGOON AVENUE 3,19,Non-Landed Properties,2,"4,300",70 to 80,700 to 800,Oct-23
COMPASS HEIGHTS,SENGKANG SQUARE,19,Non-Landed Properties,2,"4,200",110 to 120,"1,200 to 1,300",Oct-23
RIVER ISLES,EDGEDALE PLAINS,19,Non-Landed Properties,3,"4,500",100 to 110,"1,100 to 1,200",Oct-23
WATERTOWN,PUNGGOL CENTRAL,19,Non-Landed Properties,1,"3,500",50 to 60,500 to 600,Oct-23
THE SPRINGBLOOM,SERANGOON AVENUE 3,19,Non-Landed Properties,2,"3,800",100 to 110,"1,100 to 1,200",Oct-23
KOVAN REGENCY,KOVAN RISE,19,Non-Landed Properties,2,"4,200",70 to 80,700 to 800,Oct-23
LA FIESTA,SENGKANG SQUARE,19,Non-Landed Properties,2,"3,500",60 to 70,700 to 800,Oct-23
AFFINITY AT SERANGOON,SERANGOON NORTH AVENUE 1,19,Non-Landed Properties,1,"2,900",40 to 50,400 to 500,Oct-23
THE MINTON,HOUGANG STREET 11,19,Non-Landed Properties,3,"5,000",110 to 120,"1,200 to 1,300",Oct-23
RIVERFRONT RESIDENCES,HOUGANG AVENUE 7,19,Non-Landed Properties,NA,"2,850",40 to 50,500 to 600,Oct-23
AFFINITY AT SERANGOON,SERANGOON NORTH AVENUE 1,19,Non-Landed Properties,5,"8,500",210 to 220,"2,300 to 2,400",Oct-23
COMPASS HEIGHTS,SENGKANG SQUARE,19,Non-Landed Properties,2,"3,500",90 to 100,"1,000 to 1,100",Oct-23
AFFINITY AT SERANGOON,SERANGOON NORTH AVENUE 1,19,Non-Landed Properties,1,"2,700",40 to 50,400 to 500,Oct-23
PARC CENTROS,PUNGGOL CENTRAL,19,Non-Landed Properties,2,"3,700",70 to 80,700 to 800,Oct-23
COMPASS HEIGHTS,SENGKANG SQUARE,19,Non-Landed Properties,3,"4,650",120 to 130,"1,300 to 1,400",Oct-23
AFFINITY AT SERANGOON,SERANGOON NORTH AVENUE 1,19,Non-Landed Properties,2,"3,500",50 to 60,600 to 700,Oct-23
A TREASURE TROVE,PUNGGOL WALK,19,Non-Landed Properties,2,"3,800",70 to 80,700 to 800,Oct-23
THE GAZANIA,HOW SUN DRIVE,19,Non-Landed Properties,2,"4,500",50 to 60,600 to 700,Oct-23
KENSINGTON SQUARE,JALAN LOKAM,19,Non-Landed Properties,2,"3,400",50 to 60,600 to 700,Oct-23
FOREST WOODS,LORONG LEW LIAN,19,Non-Landed Properties,1,"3,500",40 to 50,500 to 600,Oct-23
RIVERFRONT RESIDENCES,HOUGANG AVENUE 7,19,Non-Landed Properties,NA,"2,800",40 to 50,400 to 500,Oct-23
SUITES @ PAYA LEBAR,UPPER PAYA LEBAR ROAD,19,Non-Landed Properties,1,"2,700",30 to 40,400 to 500,Oct-23
RIVERFRONT RESIDENCES,HOUGANG AVENUE 7,19,Non-Landed Properties,NA,"2,500",40 to 50,400 to 500,Oct-23
LA FIESTA,SENGKANG SQUARE,19,Non-Landed Properties,2,"3,700",70 to 80,700 to 800,Oct-23
MIDTOWN RESIDENCES,UPPER SERANGOON ROAD,19,Non-Landed Properties,2,"2,500",60 to 70,600 to 700,Oct-23
BARTLEY RESIDENCES,LORONG HOW SUN,19,Non-Landed Properties,1,"3,300",50 to 60,500 to 600,Oct-23
STARS OF KOVAN,UPPER SERANGOON ROAD,19,Non-Landed Properties,3,"5,000",90 to 100,"900 to 1,000",Oct-23
CARDIFF RESIDENCE,CARDIFF GROVE,19,Non-Landed Properties,1,"2,800",30 to 40,400 to 500,Oct-23
NON-LANDED HOUSING DEVELOPMENT,UPPER PAYA LEBAR ROAD,19,Non-Landed Properties,NA,"2,800",80 to 90,"900 to 1,000",Oct-23
REGENTVILLE,HOUGANG STREET 92,19,Non-Landed Properties,3,"4,000",100 to 110,"1,000 to 1,100",Oct-23
THE SPRINGBLOOM,SERANGOON AVENUE 3,19,Non-Landed Properties,3,"4,950",120 to 130,"1,300 to 1,400",Oct-23
WATERTOWN,PUNGGOL CENTRAL,19,Non-Landed Properties,1,"3,100",40 to 50,500 to 600,Oct-23
PARC CENTROS,PUNGGOL CENTRAL,19,Non-Landed Properties,3,"4,200",90 to 100,"900 to 1,000",Oct-23
AFFINITY AT SERANGOON,SERANGOON NORTH AVENUE 1,19,Non-Landed Properties,1,"3,100",50 to 60,500 to 600,Oct-23
THE QUINN,BARTLEY ROAD,19,Non-Landed Properties,1,"3,200",50 to 60,500 to 600,Oct-23
AFFINITY AT SERANGOON,SERANGOON NORTH AVENUE 1,19,Non-Landed Properties,3,"5,000",70 to 80,800 to 900,Oct-23
AFFINITY AT SERANGOON,SERANGOON NORTH AVENUE 1,19,Non-Landed Properties,4,"8,100",190 to 200,"2,000 to 2,100",Oct-23
WATERTOWN,PUNGGOL CENTRAL,19,Non-Landed Properties,3,"4,400",100 to 110,"1,100 to 1,200",Oct-23
PARK RESIDENCES KOVAN,UPPER SERANGOON ROAD,19,Non-Landed Properties,1,"2,800",30 to 40,300 to 400,Oct-23
RIVERFRONT RESIDENCES,HOUGANG AVENUE 7,19,Non-Landed Properties,NA,"2,900",50 to 60,600 to 700,Oct-23
RIVERSAILS,UPPER SERANGOON CRESCENT,19,Non-Landed Properties,2,"3,800",80 to 90,800 to 900,Oct-23
AFFINITY AT SERANGOON,SERANGOON NORTH AVENUE 1,19,Non-Landed Properties,3,"5,000",80 to 90,"900 to 1,000",Oct-23
SPACE @ KOVAN,YIO CHU KANG ROAD,19,Non-Landed Properties,2,"3,400",70 to 80,700 to 800,Oct-23
FLO RESIDENCE,PUNGGOL FIELD WALK,19,Non-Landed Properties,3,"4,300",90 to 100,"1,000 to 1,100",Oct-23
RIVERFRONT RESIDENCES,HOUGANG AVENUE 7,19,Non-Landed Properties,NA,"4,600",80 to 90,800 to 900,Oct-23
THE TEMBUSU,TAMPINES ROAD,19,Non-Landed Properties,1,"2,850",40 to 50,400 to 500,Oct-23
CHUAN PARK (DEMOLISHED),LORONG CHUAN,19,Non-Landed Properties,2,"3,300",100 to 110,"1,100 to 1,200",Oct-23
THE GARDEN RESIDENCES,SERANGOON NORTH VIEW,19,Non-Landed Properties,1,"2,900",40 to 50,400 to 500,Oct-23
TERRASSE,TERRASSE LANE,19,Non-Landed Properties,1,"2,900",50 to 60,500 to 600,Oct-23
REGENTVILLE,HOUGANG STREET 92,19,Non-Landed Properties,2,"3,300",100 to 110,"1,100 to 1,200",Oct-23
CHUAN PARK (DEMOLISHED),LORONG CHUAN,19,Non-Landed Properties,2,"3,300",60 to 70,700 to 800,Oct-23
BLISS@KOVAN,SIMON LANE,19,Non-Landed Properties,1,"3,000",50 to 60,500 to 600,Oct-23
OASIS GARDEN,JALAN BUNGA RAMPAI,19,Non-Landed Properties,3,"4,800",120 to 130,"1,300 to 1,400",Oct-23
BAYOU RESIDENCE,UPPER PAYA LEBAR ROAD,19,Non-Landed Properties,2,"3,500",70 to 80,700 to 800,Oct-23
THE TEMBUSU,TAMPINES ROAD,19,Non-Landed Properties,2,"3,800",70 to 80,700 to 800,Oct-23
RIVERFRONT RESIDENCES,HOUGANG AVENUE 7,19,Non-Landed Properties,NA,"2,900",40 to 50,500 to 600,Oct-23
LA FIESTA,SENGKANG SQUARE,19,Non-Landed Properties,3,"4,200",70 to 80,800 to 900,Oct-23
THE SPRINGBLOOM,SERANGOON AVENUE 3,19,Non-Landed Properties,2,"3,900",100 to 110,"1,100 to 1,200",Oct-23
AFFINITY AT SERANGOON,SERANGOON NORTH AVENUE 1,19,Non-Landed Properties,1,"3,200",50 to 60,600 to 700,Oct-23
RIVERFRONT RESIDENCES,HOUGANG AVENUE 7,19,Non-Landed Properties,NA,"3,300",50 to 60,600 to 700,Oct-23
TERRASSE,TERRASSE LANE,19,Non-Landed Properties,2,"4,000",80 to 90,"900 to 1,000",Oct-23
FOREST WOODS,LORONG LEW LIAN,19,Non-Landed Properties,3,"5,300",90 to 100,"900 to 1,000",Oct-23
THE MINTON,HOUGANG STREET 11,19,Non-Landed Properties,NA,"3,000",50 to 60,600 to 700,Oct-23
THE SCALA,SERANGOON AVENUE 3,19,Non-Landed Properties,1,"3,100",40 to 50,400 to 500,Oct-23
THE GARDEN RESIDENCES,SERANGOON NORTH VIEW,19,Non-Landed Properties,2,"3,700",50 to 60,600 to 700,Oct-23
AFFINITY AT SERANGOON,SERANGOON NORTH AVENUE 1,19,Non-Landed Properties,1,"2,950",50 to 60,500 to 600,Oct-23
THE LUXURIE,COMPASSVALE ROAD,19,Non-Landed Properties,2,"4,200",90 to 100,"1,000 to 1,100",Oct-23
KOVAN RESIDENCES,KOVAN ROAD,19,Non-Landed Properties,2,"4,400",80 to 90,800 to 900,Oct-23
AFFINITY AT SERANGOON,SERANGOON NORTH AVENUE 1,19,Non-Landed Properties,1,"3,000",50 to 60,500 to 600,Oct-23
THE QUARTZ,COMPASSVALE BOW,19,Non-Landed Properties,NA,"4,500",90 to 100,"1,000 to 1,100",Oct-23
WATERTOWN,PUNGGOL CENTRAL,19,Non-Landed Properties,1,"3,100",50 to 60,500 to 600,Oct-23
BOATHOUSE RESIDENCES,UPPER SERANGOON VIEW,19,Non-Landed Properties,3,"4,200",100 to 110,"1,100 to 1,200",Oct-23
KENSINGTON PARK CONDOMINIUM,KENSINGTON PARK DRIVE,19,Non-Landed Properties,3,"2,800",150 to 160,"1,600 to 1,700",Oct-23
LEITH GROVE,LEITH PARK,19,Non-Landed Properties,2,"3,700",70 to 80,800 to 900,Oct-23
WATERTOWN,PUNGGOL CENTRAL,19,Non-Landed Properties,1,"3,350",50 to 60,500 to 600,Oct-23
AFFINITY AT SERANGOON,SERANGOON NORTH AVENUE 1,19,Non-Landed Properties,2,"4,000",60 to 70,700 to 800,Oct-23
AMARANDA GARDENS,SERANGOON AVENUE 3,19,Non-Landed Properties,3,"5,100",100 to 110,"1,100 to 1,200",Oct-23
FOREST WOODS,LORONG LEW LIAN,19,Non-Landed Properties,2,"4,000",50 to 60,600 to 700,Oct-23
JADE RESIDENCES,LEW LIAN VALE,19,Non-Landed Properties,2,"3,200",50 to 60,600 to 700,Oct-23
AFFINITY AT SERANGOON,SERANGOON NORTH AVENUE 1,19,Non-Landed Properties,1,"2,800",40 to 50,400 to 500,Oct-23
CARDIFF RESIDENCE,CARDIFF GROVE,19,Non-Landed Properties,1,"3,000",30 to 40,400 to 500,Oct-23
RIVERFRONT RESIDENCES,HOUGANG AVENUE 7,19,Non-Landed Properties,NA,"3,500",60 to 70,700 to 800,Oct-23
THE SCALA,SERANGOON AVENUE 3,19,Non-Landed Properties,1,"3,200",40 to 50,400 to 500,Oct-23
A TREASURE TROVE,PUNGGOL WALK,19,Non-Landed Properties,2,"4,000",70 to 80,700 to 800,Oct-23
WATERTOWN,PUNGGOL CENTRAL,19,Non-Landed Properties,NA,"3,300",50 to 60,600 to 700,Oct-23
BOTANIQUE AT BARTLEY,UPPER PAYA LEBAR ROAD,19,Non-Landed Properties,1,"3,500",60 to 70,600 to 700,Oct-23
RIVERSOUND RESIDENCE,SENGKANG EAST AVENUE,19,Non-Landed Properties,3,"3,900",90 to 100,"1,000 to 1,100",Oct-23
CHUAN PARK (DEMOLISHED),LORONG CHUAN,19,Non-Landed Properties,2,"2,700",100 to 110,"1,100 to 1,200",Oct-23
AFFINITY AT SERANGOON,SERANGOON NORTH AVENUE 1,19,Non-Landed Properties,1,"3,150",40 to 50,400 to 500,Oct-23
JEWEL @ BUANGKOK,COMPASSVALE BOW,19,Non-Landed Properties,2,"3,500",70 to 80,700 to 800,Oct-23
SPAZIO @ KOVAN,UPPER SERANGOON ROAD,19,Non-Landed Properties,2,"3,000",100 to 110,"1,000 to 1,100",Oct-23
THE PROMENADE@PELIKAT,JALAN PELIKAT,19,Non-Landed Properties,2,"3,500",70 to 80,800 to 900,Oct-23
KINGSFORD WATERBAY,UPPER SERANGOON VIEW,19,Non-Landed Properties,3,"4,100",70 to 80,800 to 900,Oct-23
FLO RESIDENCE,PUNGGOL FIELD WALK,19,Non-Landed Properties,3,"4,500",90 to 100,"1,000 to 1,100",Oct-23
REGENTVILLE,HOUGANG STREET 92,19,Non-Landed Properties,3,"4,200",100 to 110,"1,100 to 1,200",Oct-23
RIVERFRONT RESIDENCES,HOUGANG AVENUE 7,19,Non-Landed Properties,NA,"2,800",40 to 50,400 to 500,Oct-23
STARS OF KOVAN,UPPER SERANGOON ROAD,19,Non-Landed Properties,2,"4,000",60 to 70,700 to 800,Oct-23
BARTLEY RESIDENCES,LORONG HOW SUN,19,Non-Landed Properties,1,"3,100",40 to 50,400 to 500,Oct-23
THE PROMENADE@PELIKAT,JALAN PELIKAT,19,Non-Landed Properties,1,"2,740",40 to 50,400 to 500,Oct-23
THE PROMENADE@PELIKAT,JALAN PELIKAT,19,Non-Landed Properties,1,"2,600",40 to 50,400 to 500,Oct-23
RIVERFRONT RESIDENCES,HOUGANG AVENUE 7,19,Non-Landed Properties,NA,"3,600",60 to 70,700 to 800,Oct-23
KINGSFORD WATERBAY,UPPER SERANGOON VIEW,19,Non-Landed Properties,1,"2,750",40 to 50,400 to 500,Oct-23
CHUAN PARK (DEMOLISHED),LORONG CHUAN,19,Non-Landed Properties,2,"4,500",190 to 200,"2,000 to 2,100",Oct-23
AFFINITY AT SERANGOON,SERANGOON NORTH AVENUE 1,19,Non-Landed Properties,2,"4,100",70 to 80,700 to 800,Oct-23
THE SPRINGBLOOM,SERANGOON AVENUE 3,19,Non-Landed Properties,3,"4,800",120 to 130,"1,300 to 1,400",Oct-23
STADIA,YIO CHU KANG ROAD,19,Non-Landed Properties,1,"3,500",60 to 70,700 to 800,Oct-23
RIVER ISLES,EDGEDALE PLAINS,19,Non-Landed Properties,2,"3,600",70 to 80,700 to 800,Oct-23
JEWEL @ BUANGKOK,COMPASSVALE BOW,19,Non-Landed Properties,3,"4,900",80 to 90,"900 to 1,000",Oct-23
LA FIESTA,SENGKANG SQUARE,19,Non-Landed Properties,2,"3,500",60 to 70,700 to 800,Oct-23
KOVAN MELODY,KOVAN ROAD,19,Non-Landed Properties,3,"5,400",120 to 130,"1,200 to 1,300",Oct-23
RIVERFRONT RESIDENCES,HOUGANG AVENUE 7,19,Non-Landed Properties,1,"2,800",40 to 50,400 to 500,Oct-23
CARDIFF RESIDENCE,CARDIFF GROVE,19,Non-Landed Properties,2,"3,800",90 to 100,"1,000 to 1,100",Oct-23
KINGSFORD WATERBAY,UPPER SERANGOON VIEW,19,Non-Landed Properties,2,"3,300",60 to 70,600 to 700,Sep-23
RIVERFRONT RESIDENCES,HOUGANG AVENUE 7,19,Non-Landed Properties,NA,"4,800",80 to 90,"900 to 1,000",Sep-23
RIVERFRONT RESIDENCES,HOUGANG AVENUE 7,19,Non-Landed Properties,NA,"3,500",50 to 60,600 to 700,Sep-23
BOTANIQUE AT BARTLEY,UPPER PAYA LEBAR ROAD,19,Non-Landed Properties,1,"3,350",40 to 50,500 to 600,Sep-23
AFFINITY AT SERANGOON,SERANGOON NORTH AVENUE 1,19,Non-Landed Properties,1,"3,100",50 to 60,500 to 600,Sep-23
THE FLORENCE RESIDENCES,HOUGANG AVENUE 2,19,Non-Landed Properties,NA,"2,900",40 to 50,400 to 500,Sep-23
JEWEL @ BUANGKOK,COMPASSVALE BOW,19,Non-Landed Properties,2,"3,700",60 to 70,700 to 800,Sep-23
KOVAN MELODY,KOVAN ROAD,19,Non-Landed Properties,4,"5,900",130 to 140,"1,400 to 1,500",Sep-23
RIVER ISLES,EDGEDALE PLAINS,19,Non-Landed Properties,3,"4,800",100 to 110,"1,100 to 1,200",Sep-23
LA FIESTA,SENGKANG SQUARE,19,Non-Landed Properties,1,"3,300",40 to 50,400 to 500,Sep-23
SPACE @ KOVAN,YIO CHU KANG ROAD,19,Non-Landed Properties,2,"3,400",50 to 60,600 to 700,Sep-23
THE GARDEN RESIDENCES,SERANGOON NORTH VIEW,19,Non-Landed Properties,2,"3,300",50 to 60,600 to 700,Sep-23
LA FIESTA,SENGKANG SQUARE,19,Non-Landed Properties,1,"2,750",40 to 50,400 to 500,Sep-23
THE GAZANIA,HOW SUN DRIVE,19,Non-Landed Properties,2,"3,800",60 to 70,600 to 700,Sep-23
BOATHOUSE RESIDENCES,UPPER SERANGOON VIEW,19,Non-Landed Properties,2,"4,000",60 to 70,700 to 800,Sep-23
PARC CENTROS,PUNGGOL CENTRAL,19,Non-Landed Properties,3,"4,800",90 to 100,"900 to 1,000",Sep-23
AFFINITY AT SERANGOON,SERANGOON NORTH AVENUE 1,19,Non-Landed Properties,2,"3,400",50 to 60,600 to 700,Sep-23
PARC CENTROS,PUNGGOL CENTRAL,19,Non-Landed Properties,3,"3,800",90 to 100,"900 to 1,000",Sep-23
RIVERFRONT RESIDENCES,HOUGANG AVENUE 7,19,Non-Landed Properties,1,"2,550",40 to 50,400 to 500,Sep-23
PALM GROVE CONDOMINIUM,PALM GROVE AVENUE,19,Non-Landed Properties,3,"4,200",130 to 140,"1,400 to 1,500",Sep-23
RIVERFRONT RESIDENCES,HOUGANG AVENUE 7,19,Non-Landed Properties,NA,"3,350",50 to 60,600 to 700,Sep-23
TANGERINE GROVE,PAYA LEBAR CRESCENT,19,Non-Landed Properties,2,"3,600",80 to 90,"900 to 1,000",Sep-23
RIVERSOUND RESIDENCE,SENGKANG EAST AVENUE,19,Non-Landed Properties,2,"3,600",70 to 80,700 to 800,Sep-23
PARC VERA,HOUGANG STREET 32,19,Non-Landed Properties,3,"4,300",100 to 110,"1,100 to 1,200",Sep-23
CASA CAMBIO,LIM TUA TOW ROAD,19,Non-Landed Properties,2,"3,650",60 to 70,600 to 700,Sep-23
RIVERFRONT RESIDENCES,HOUGANG AVENUE 7,19,Non-Landed Properties,NA,"2,750",40 to 50,400 to 500,Sep-23
SUNGLADE,SERANGOON AVENUE 2,19,Non-Landed Properties,2,"4,600",90 to 100,"900 to 1,000",Sep-23
AFFINITY AT SERANGOON,SERANGOON NORTH AVENUE 1,19,Non-Landed Properties,3,"4,759",80 to 90,"900 to 1,000",Sep-23
SPACE @ KOVAN,YIO CHU KANG ROAD,19,Non-Landed Properties,1,"2,500",30 to 40,400 to 500,Sep-23
RESIDENCES BOTANIQUE,YIO CHU KANG ROAD,19,Non-Landed Properties,2,"4,100",80 to 90,800 to 900,Sep-23
PARC VERA,HOUGANG STREET 32,19,Non-Landed Properties,3,"4,300",100 to 110,"1,100 to 1,200",Sep-23
WATERTOWN,PUNGGOL CENTRAL,19,Non-Landed Properties,1,"3,500",60 to 70,600 to 700,Sep-23
THE GARDEN RESIDENCES,SERANGOON NORTH VIEW,19,Non-Landed Properties,2,"3,500",70 to 80,700 to 800,Sep-23
KOVAN REGENCY,KOVAN RISE,19,Non-Landed Properties,2,"3,200",50 to 60,500 to 600,Sep-23
RIVERFRONT RESIDENCES,HOUGANG AVENUE 7,19,Non-Landed Properties,NA,"3,000",40 to 50,400 to 500,Sep-23
LA DOLCE VITA,UPPER PAYA LEBAR ROAD,19,Non-Landed Properties,3,"4,900",130 to 140,"1,300 to 1,400",Sep-23
AFFINITY AT SERANGOON,SERANGOON NORTH AVENUE 1,19,Non-Landed Properties,1,"2,750",40 to 50,400 to 500,Sep-23
JADE RESIDENCES,LEW LIAN VALE,19,Non-Landed Properties,3,"3,500",80 to 90,800 to 900,Sep-23
SPACE @ KOVAN,YIO CHU KANG ROAD,19,Non-Landed Properties,1,"2,450",30 to 40,400 to 500,Sep-23
PALM GROVE CONDOMINIUM,PALM GROVE AVENUE,19,Non-Landed Properties,3,"5,000",170 to 180,"1,800 to 1,900",Sep-23
WATERTOWN,PUNGGOL CENTRAL,19,Non-Landed Properties,4,"6,400",120 to 130,"1,300 to 1,400",Sep-23
AFFINITY AT SERANGOON,SERANGOON NORTH AVENUE 1,19,Non-Landed Properties,1,"3,100",50 to 60,500 to 600,Sep-23
KOVAN RESIDENCES,KOVAN ROAD,19,Non-Landed Properties,3,"5,100",110 to 120,"1,200 to 1,300",Sep-23
THE MINTON,HOUGANG STREET 11,19,Non-Landed Properties,3,"5,500",120 to 130,"1,300 to 1,400",Sep-23
BOTANIQUE AT BARTLEY,UPPER PAYA LEBAR ROAD,19,Non-Landed Properties,2,"4,000",60 to 70,600 to 700,Sep-23
JEWEL @ BUANGKOK,COMPASSVALE BOW,19,Non-Landed Properties,2,"3,600",60 to 70,700 to 800,Sep-23
PARC VERA,HOUGANG STREET 32,19,Non-Landed Properties,2,"3,500",70 to 80,700 to 800,Sep-23
VIBES@UPPER SERANGOON,UPPER SERANGOON ROAD,19,Non-Landed Properties,1,"2,600",30 to 40,400 to 500,Sep-23
RIVERFRONT RESIDENCES,HOUGANG AVENUE 7,19,Non-Landed Properties,NA,"2,850",40 to 50,500 to 600,Sep-23
RIVERSAILS,UPPER SERANGOON CRESCENT,19,Non-Landed Properties,1,"2,700",40 to 50,500 to 600,Sep-23
RIVERFRONT RESIDENCES,HOUGANG AVENUE 7,19,Non-Landed Properties,NA,"3,750",60 to 70,700 to 800,Sep-23
AFFINITY AT SERANGOON,SERANGOON NORTH AVENUE 1,19,Non-Landed Properties,1,"3,000",40 to 50,400 to 500,Sep-23
RIVERFRONT RESIDENCES,HOUGANG AVENUE 7,19,Non-Landed Properties,NA,"4,500",80 to 90,800 to 900,Sep-23
RIVER ISLES,EDGEDALE PLAINS,19,Non-Landed Properties,2,"3,800",70 to 80,700 to 800,Sep-23
AFFINITY AT SERANGOON,SERANGOON NORTH AVENUE 1,19,Non-Landed Properties,2,"3,800",70 to 80,700 to 800,Sep-23
RIVERFRONT RESIDENCES,HOUGANG AVENUE 7,19,Non-Landed Properties,NA,"3,300",50 to 60,600 to 700,Sep-23
FLO RESIDENCE,PUNGGOL FIELD WALK,19,Non-Landed Properties,4,"4,400",120 to 130,"1,300 to 1,400",Sep-23
THE MINTON,HOUGANG STREET 11,19,Non-Landed Properties,2,"4,500",90 to 100,"900 to 1,000",Sep-23
AFFINITY AT SERANGOON,SERANGOON NORTH AVENUE 1,19,Non-Landed Properties,3,"5,100",80 to 90,"900 to 1,000",Sep-23
CHUAN PARK (DEMOLISHED),LORONG CHUAN,19,Non-Landed Properties,2,"4,000",100 to 110,"1,100 to 1,200",Sep-23
STARS OF KOVAN,UPPER SERANGOON ROAD,19,Non-Landed Properties,2,"3,900",60 to 70,700 to 800,Sep-23
THE LUXURIE,COMPASSVALE ROAD,19,Non-Landed Properties,2,"3,900",80 to 90,800 to 900,Sep-23
THE FLORENCE RESIDENCES,HOUGANG AVENUE 2,19,Non-Landed Properties,NA,"7,000",110 to 120,"1,200 to 1,300",Sep-23
RIVERSAILS,UPPER SERANGOON CRESCENT,19,Non-Landed Properties,2,"3,600",80 to 90,"900 to 1,000",Sep-23
A TREASURE TROVE,PUNGGOL WALK,19,Non-Landed Properties,3,"4,700",110 to 120,"1,200 to 1,300",Sep-23
RIVERFRONT RESIDENCES,HOUGANG AVENUE 7,19,Non-Landed Properties,NA,"3,000",40 to 50,400 to 500,Sep-23
AFFINITY AT SERANGOON,SERANGOON NORTH AVENUE 1,19,Non-Landed Properties,2,"3,600",60 to 70,700 to 800,Sep-23
STARS OF KOVAN,UPPER SERANGOON ROAD,19,Non-Landed Properties,2,"4,000",60 to 70,700 to 800,Sep-23
AFFINITY AT SERANGOON,SERANGOON NORTH AVENUE 1,19,Non-Landed Properties,3,"4,200",80 to 90,800 to 900,Sep-23
RIVERFRONT RESIDENCES,HOUGANG AVENUE 7,19,Non-Landed Properties,NA,"3,000",40 to 50,500 to 600,Sep-23
KINGSFORD WATERBAY,UPPER SERANGOON VIEW,19,Non-Landed Properties,2,"3,000",50 to 60,600 to 700,Sep-23
CASA CAMBIO,LIM TUA TOW ROAD,19,Non-Landed Properties,2,"2,700",40 to 50,400 to 500,Sep-23
THE GARDEN RESIDENCES,SERANGOON NORTH VIEW,19,Non-Landed Properties,1,"2,868",40 to 50,400 to 500,Sep-23
LA FIESTA,SENGKANG SQUARE,19,Non-Landed Properties,1,"2,950",40 to 50,400 to 500,Sep-23
KENSINGTON SQUARE,JALAN LOKAM,19,Non-Landed Properties,2,"3,700",50 to 60,600 to 700,Sep-23
THE GARDEN RESIDENCES,SERANGOON NORTH VIEW,19,Non-Landed Properties,1,"2,900",40 to 50,400 to 500,Sep-23
KOVAN REGENCY,KOVAN RISE,19,Non-Landed Properties,3,"5,150",100 to 110,"1,100 to 1,200",Sep-23
THE LUXURIE,COMPASSVALE ROAD,19,Non-Landed Properties,2,"3,600",60 to 70,700 to 800,Sep-23
SUNGLADE,SERANGOON AVENUE 2,19,Non-Landed Properties,3,"4,300",100 to 110,"1,100 to 1,200",Sep-23
PARC CENTROS,PUNGGOL CENTRAL,19,Non-Landed Properties,1,"3,100",40 to 50,400 to 500,Sep-23
RIVERFRONT RESIDENCES,HOUGANG AVENUE 7,19,Non-Landed Properties,NA,"3,800",60 to 70,700 to 800,Sep-23
PARC CENTROS,PUNGGOL CENTRAL,19,Non-Landed Properties,1,"2,850",40 to 50,400 to 500,Sep-23
RIVERSAILS,UPPER SERANGOON CRESCENT,19,Non-Landed Properties,2,"3,600",70 to 80,800 to 900,Sep-23
CARDIFF RESIDENCE,CARDIFF GROVE,19,Non-Landed Properties,1,"2,100",30 to 40,400 to 500,Sep-23
CASA CAMBIO,LIM TUA TOW ROAD,19,Non-Landed Properties,1,"2,900",30 to 40,400 to 500,Sep-23
BOTANIQUE AT BARTLEY,UPPER PAYA LEBAR ROAD,19,Non-Landed Properties,2,"4,000",60 to 70,700 to 800,Sep-23
RIVERFRONT RESIDENCES,HOUGANG AVENUE 7,19,Non-Landed Properties,NA,"3,100",40 to 50,500 to 600,Sep-23
THE TEMBUSU,TAMPINES ROAD,19,Non-Landed Properties,1,"3,100",40 to 50,400 to 500,Sep-23
BARTLEY RESIDENCES,LORONG HOW SUN,19,Non-Landed Properties,2,"4,000",70 to 80,700 to 800,Sep-23
THE GAZANIA,HOW SUN DRIVE,19,Non-Landed Properties,2,"4,000",60 to 70,600 to 700,Sep-23
AFFINITY AT SERANGOON,SERANGOON NORTH AVENUE 1,19,Non-Landed Properties,3,"5,400",100 to 110,"1,000 to 1,100",Sep-23
RIVERFRONT RESIDENCES,HOUGANG AVENUE 7,19,Non-Landed Properties,NA,"2,800",40 to 50,400 to 500,Sep-23
VIBES@UPPER SERANGOON,UPPER SERANGOON ROAD,19,Non-Landed Properties,1,"2,900",40 to 50,400 to 500,Sep-23
WATERTOWN,PUNGGOL CENTRAL,19,Non-Landed Properties,1,"3,200",40 to 50,500 to 600,Sep-23
GOLDEN HEIGHTS,SERANGOON AVENUE 3,19,Non-Landed Properties,2,"3,800",70 to 80,700 to 800,Sep-23
MIDTOWN RESIDENCES,UPPER SERANGOON ROAD,19,Non-Landed Properties,2,"3,400",60 to 70,600 to 700,Sep-23
THE SCALA,SERANGOON AVENUE 3,19,Non-Landed Properties,2,"4,500",80 to 90,800 to 900,Sep-23
THE MINTON,HOUGANG STREET 11,19,Non-Landed Properties,2,"4,300",90 to 100,"900 to 1,000",Sep-23
AFFINITY AT SERANGOON,SERANGOON NORTH AVENUE 1,19,Non-Landed Properties,3,"5,500",100 to 110,"1,100 to 1,200",Sep-23
RIVER ISLES,EDGEDALE PLAINS,19,Non-Landed Properties,3,"4,300",100 to 110,"1,100 to 1,200",Sep-23
AFFINITY AT SERANGOON,SERANGOON NORTH AVENUE 1,19,Non-Landed Properties,2,"3,900",60 to 70,700 to 800,Sep-23
KOVAN RESIDENCES,KOVAN ROAD,19,Non-Landed Properties,2,"3,500",80 to 90,800 to 900,Sep-23
LA FIESTA,SENGKANG SQUARE,19,Non-Landed Properties,2,"3,700",70 to 80,700 to 800,Sep-23
A TREASURE TROVE,PUNGGOL WALK,19,Non-Landed Properties,2,"4,100",70 to 80,700 to 800,Sep-23
NAUNG RESIDENCE,JALAN NAUNG,19,Non-Landed Properties,2,"3,600",60 to 70,700 to 800,Sep-23
JANSEN 28,JANSEN ROAD,19,Non-Landed Properties,3,"4,650",140 to 150,"1,600 to 1,700",Sep-23
FLO RESIDENCE,PUNGGOL FIELD WALK,19,Non-Landed Properties,3,"5,000",90 to 100,"900 to 1,000",Sep-23
KINGSFORD WATERBAY,UPPER SERANGOON VIEW,19,Non-Landed Properties,3,"4,200",80 to 90,800 to 900,Sep-23
WATERTOWN,PUNGGOL CENTRAL,19,Non-Landed Properties,1,"3,250",50 to 60,500 to 600,Sep-23
THE QUARTZ,COMPASSVALE BOW,19,Non-Landed Properties,3,"5,000",110 to 120,"1,200 to 1,300",Sep-23
SUNGLADE,SERANGOON AVENUE 2,19,Non-Landed Properties,3,"5,000",100 to 110,"1,000 to 1,100",Sep-23
SUITES @ PAYA LEBAR,UPPER PAYA LEBAR ROAD,19,Non-Landed Properties,NA,"2,600",30 to 40,300 to 400,Sep-23
THE MINTON,HOUGANG STREET 11,19,Non-Landed Properties,3,"6,200",130 to 140,"1,400 to 1,500",Sep-23
AFFINITY AT SERANGOON,SERANGOON NORTH AVENUE 1,19,Non-Landed Properties,2,"3,600",50 to 60,600 to 700,Sep-23
COMPASS HEIGHTS,SENGKANG SQUARE,19,Non-Landed Properties,2,"3,800",90 to 100,"1,000 to 1,100",Sep-23
JADE RESIDENCES,LEW LIAN VALE,19,Non-Landed Properties,4,"5,000",100 to 110,"1,100 to 1,200",Sep-23
RIVER ISLES,EDGEDALE PLAINS,19,Non-Landed Properties,3,"4,500",100 to 110,"1,100 to 1,200",Sep-23
TERRASSE,TERRASSE LANE,19,Non-Landed Properties,2,"3,500",70 to 80,700 to 800,Sep-23
THE SCALA,SERANGOON AVENUE 3,19,Non-Landed Properties,2,"5,100",80 to 90,"900 to 1,000",Sep-23
PARC CENTROS,PUNGGOL CENTRAL,19,Non-Landed Properties,3,"4,100",100 to 110,"1,100 to 1,200",Sep-23
RIVERFRONT RESIDENCES,HOUGANG AVENUE 7,19,Non-Landed Properties,NA,"3,400",50 to 60,600 to 700,Sep-23
STARS OF KOVAN,UPPER SERANGOON ROAD,19,Non-Landed Properties,2,"4,200",60 to 70,700 to 800,Sep-23
THE LILIUM,HOW SUN ROAD,19,Non-Landed Properties,2,"4,100",60 to 70,600 to 700,Sep-23
AFFINITY AT SERANGOON,SERANGOON NORTH AVENUE 1,19,Non-Landed Properties,2,"4,000",60 to 70,700 to 800,Sep-23
EVERGREEN PARK,HOUGANG AVENUE 7,19,Non-Landed Properties,3,"4,000",90 to 100,"1,000 to 1,100",Sep-23
THE LUXURIE,COMPASSVALE ROAD,19,Non-Landed Properties,2,"3,800",70 to 80,700 to 800,Sep-23
RIVERFRONT RESIDENCES,HOUGANG AVENUE 7,19,Non-Landed Properties,NA,"3,000",40 to 50,500 to 600,Sep-23
GLASGOW RESIDENCE,GLASGOW ROAD,19,Non-Landed Properties,NA,"2,600",30 to 40,400 to 500,Sep-23
FOREST WOODS,LORONG LEW LIAN,19,Non-Landed Properties,4,"7,200",110 to 120,"1,200 to 1,300",Sep-23
WATERTOWN,PUNGGOL CENTRAL,19,Non-Landed Properties,1,"3,350",50 to 60,500 to 600,Sep-23
THE LUXURIE,COMPASSVALE ROAD,19,Non-Landed Properties,2,"3,600",70 to 80,700 to 800,Sep-23
CASA CAMBIO,LIM TUA TOW ROAD,19,Non-Landed Properties,1,"2,500",30 to 40,400 to 500,Sep-23
PARC CENTROS,PUNGGOL CENTRAL,19,Non-Landed Properties,3,"4,950",100 to 110,"1,100 to 1,200",Sep-23
D'PAVILION,UPPER SERANGOON ROAD,19,Non-Landed Properties,4,"6,000",150 to 160,"1,600 to 1,700",Sep-23
AFFINITY AT SERANGOON,SERANGOON NORTH AVENUE 1,19,Non-Landed Properties,1,"3,000",40 to 50,400 to 500,Sep-23
REGENTVILLE,HOUGANG STREET 92,19,Non-Landed Properties,2,"3,900",90 to 100,"900 to 1,000",Sep-23
FRAGRANT GARDENS,UPPER PAYA LEBAR ROAD,19,Non-Landed Properties,3,"4,700",170 to 180,"1,800 to 1,900",Sep-23
REGENTVILLE,HOUGANG STREET 92,19,Non-Landed Properties,3,"3,500",100 to 110,"1,100 to 1,200",Sep-23
TERRASSE,TERRASSE LANE,19,Non-Landed Properties,2,"3,000",70 to 80,700 to 800,Sep-23
TRILIVE,TAMPINES ROAD,19,Non-Landed Properties,2,"3,900",60 to 70,600 to 700,Sep-23
WATERTOWN,PUNGGOL CENTRAL,19,Non-Landed Properties,NA,"3,200",50 to 60,500 to 600,Sep-23
FOREST WOODS,LORONG LEW LIAN,19,Non-Landed Properties,1,"3,300",40 to 50,500 to 600,Sep-23
RIVERFRONT RESIDENCES,HOUGANG AVENUE 7,19,Non-Landed Properties,NA,"3,300",50 to 60,600 to 700,Sep-23
LA FIESTA,SENGKANG SQUARE,19,Non-Landed Properties,2,"3,600",60 to 70,700 to 800,Sep-23
SPACE @ KOVAN,YIO CHU KANG ROAD,19,Non-Landed Properties,2,"3,800",60 to 70,700 to 800,Sep-23
AFFINITY AT SERANGOON,SERANGOON NORTH AVENUE 1,19,Non-Landed Properties,1,"3,100",50 to 60,500 to 600,Sep-23
RIVERFRONT RESIDENCES,HOUGANG AVENUE 7,19,Non-Landed Properties,NA,"1,800",40 to 50,400 to 500,Sep-23
AMARANDA GARDENS,SERANGOON AVENUE 3,19,Non-Landed Properties,3,"5,300",100 to 110,"1,100 to 1,200",Sep-23
BOATHOUSE RESIDENCES,UPPER SERANGOON VIEW,19,Non-Landed Properties,1,"2,900",60 to 70,700 to 800,Sep-23
CAMBIO SUITES,LIM TUA TOW ROAD,19,Non-Landed Properties,2,"2,600",50 to 60,500 to 600,Sep-23
BAYOU RESIDENCE,UPPER PAYA LEBAR ROAD,19,Non-Landed Properties,2,"3,200",70 to 80,700 to 800,Sep-23
AFFINITY AT SERANGOON,SERANGOON NORTH AVENUE 1,19,Non-Landed Properties,1,"3,000",40 to 50,400 to 500,Sep-23
AFFINITY AT SERANGOON,SERANGOON NORTH AVENUE 1,19,Non-Landed Properties,1,"2,800",40 to 50,400 to 500,Sep-23
KOVAN RESIDENCES,KOVAN ROAD,19,Non-Landed Properties,3,"5,500",110 to 120,"1,200 to 1,300",Sep-23
WATERTOWN,PUNGGOL CENTRAL,19,Non-Landed Properties,1,"3,200",50 to 60,500 to 600,Sep-23
KINGSFORD WATERBAY,UPPER SERANGOON VIEW,19,Non-Landed Properties,1,"2,900",40 to 50,400 to 500,Sep-23
PARC CENTROS,PUNGGOL CENTRAL,19,Non-Landed Properties,4,"5,300",120 to 130,"1,300 to 1,400",Sep-23
THE LUXURIE,COMPASSVALE ROAD,19,Non-Landed Properties,3,"4,000",90 to 100,"900 to 1,000",Sep-23
WATERTOWN,PUNGGOL CENTRAL,19,Non-Landed Properties,1,"3,300",40 to 50,500 to 600,Sep-23
AFFINITY AT SERANGOON,SERANGOON NORTH AVENUE 1,19,Non-Landed Properties,1,"2,800",50 to 60,500 to 600,Sep-23
AFFINITY AT SERANGOON,SERANGOON NORTH AVENUE 1,19,Non-Landed Properties,1,"3,300",50 to 60,500 to 600,Sep-23
THE TEMBUSU,TAMPINES ROAD,19,Non-Landed Properties,1,"2,700",40 to 50,400 to 500,Sep-23
RIVERFRONT RESIDENCES,HOUGANG AVENUE 7,19,Non-Landed Properties,NA,"2,800",40 to 50,400 to 500,Sep-23
RIVERFRONT RESIDENCES,HOUGANG AVENUE 7,19,Non-Landed Properties,NA,"2,900",40 to 50,400 to 500,Sep-23
BOTANIQUE AT BARTLEY,UPPER PAYA LEBAR ROAD,19,Non-Landed Properties,1,"3,500",40 to 50,400 to 500,Sep-23
RIVERFRONT RESIDENCES,HOUGANG AVENUE 7,19,Non-Landed Properties,NA,"2,800",40 to 50,400 to 500,Sep-23
RIVERFRONT RESIDENCES,HOUGANG AVENUE 7,19,Non-Landed Properties,NA,"2,900",40 to 50,400 to 500,Sep-23
SUITES @ KOVAN,UPPER SERANGOON ROAD,19,Non-Landed Properties,1,"2,400",30 to 40,300 to 400,Sep-23
PARC CENTROS,PUNGGOL CENTRAL,19,Non-Landed Properties,1,"3,000",40 to 50,400 to 500,Sep-23
SUNGLADE,SERANGOON AVENUE 2,19,Non-Landed Properties,3,"5,000",100 to 110,"1,100 to 1,200",Sep-23
THE SPRINGBLOOM,SERANGOON AVENUE 3,19,Non-Landed Properties,4,"5,600",150 to 160,"1,600 to 1,700",Sep-23
STADIA,YIO CHU KANG ROAD,19,Non-Landed Properties,1,"3,000",50 to 60,500 to 600,Sep-23
THE MINTON,HOUGANG STREET 11,19,Non-Landed Properties,2,"4,200",90 to 100,"900 to 1,000",Sep-23
A TREASURE TROVE,PUNGGOL WALK,19,Non-Landed Properties,2,"3,500",70 to 80,700 to 800,Sep-23
RIVERFRONT RESIDENCES,HOUGANG AVENUE 7,19,Non-Landed Properties,NA,"2,900",40 to 50,400 to 500,Sep-23
CASA CAMBIO,LIM TUA TOW ROAD,19,Non-Landed Properties,2,"3,500",50 to 60,500 to 600,Sep-23
PRESTO@UPPER SERANGOON,UPPER SERANGOON ROAD,19,Non-Landed Properties,1,"2,500",30 to 40,400 to 500,Sep-23
RIVERFRONT RESIDENCES,HOUGANG AVENUE 7,19,Non-Landed Properties,NA,"3,000",40 to 50,500 to 600,Sep-23
RIVERFRONT RESIDENCES,HOUGANG AVENUE 7,19,Non-Landed Properties,NA,"3,100",40 to 50,400 to 500,Sep-23
BLISS@KOVAN,SIMON LANE,19,Non-Landed Properties,1,"3,300",50 to 60,500 to 600,Sep-23
AFFINITY AT SERANGOON,SERANGOON NORTH AVENUE 1,19,Non-Landed Properties,1,"3,000",40 to 50,400 to 500,Sep-23
AFFINITY AT SERANGOON,SERANGOON NORTH AVENUE 1,19,Non-Landed Properties,1,"2,900",40 to 50,400 to 500,Sep-23
RIVERFRONT RESIDENCES,HOUGANG AVENUE 7,19,Non-Landed Properties,NA,"2,600",40 to 50,400 to 500,Sep-23
BOTANIQUE AT BARTLEY,UPPER PAYA LEBAR ROAD,19,Non-Landed Properties,1,"3,200",40 to 50,400 to 500,Sep-23
VIBES @ KOVAN,KOVAN ROAD,19,Non-Landed Properties,1,"2,300",30 to 40,300 to 400,Sep-23
BARTLEY RESIDENCES,LORONG HOW SUN,19,Non-Landed Properties,1,"3,100",40 to 50,400 to 500,Sep-23
CASA CAMBIO,LIM TUA TOW ROAD,19,Non-Landed Properties,2,"3,100",40 to 50,400 to 500,Sep-23
MIDTOWN RESIDENCES,UPPER SERANGOON ROAD,19,Non-Landed Properties,1,"2,900",40 to 50,400 to 500,Sep-23
RIO VISTA,UPPER SERANGOON VIEW,19,Non-Landed Properties,3,"4,000",110 to 120,"1,200 to 1,300",Sep-23
AFFINITY AT SERANGOON,SERANGOON NORTH AVENUE 1,19,Non-Landed Properties,3,"5,200",100 to 110,"1,100 to 1,200",Sep-23
THE LUXURIE,COMPASSVALE ROAD,19,Non-Landed Properties,3,"4,700",110 to 120,"1,200 to 1,300",Sep-23
FOREST WOODS,LORONG LEW LIAN,19,Non-Landed Properties,2,"3,900",60 to 70,700 to 800,Sep-23
RIVERFRONT RESIDENCES,HOUGANG AVENUE 7,19,Non-Landed Properties,NA,"4,500",80 to 90,800 to 900,Sep-23
WATERTOWN,PUNGGOL CENTRAL,19,Non-Landed Properties,1,"3,000",50 to 60,500 to 600,Sep-23
CHERRYHILL,LORONG LEW LIAN,19,Non-Landed Properties,2,"3,500",80 to 90,"900 to 1,000",Sep-23
3@SANDILANDS,SANDILANDS ROAD,19,Non-Landed Properties,1,"2,250",40 to 50,400 to 500,Sep-23
THE FLORENCE RESIDENCES,HOUGANG AVENUE 2,19,Non-Landed Properties,NA,"3,100",40 to 50,400 to 500,Sep-23
AFFINITY AT SERANGOON,SERANGOON NORTH AVENUE 1,19,Non-Landed Properties,1,"3,200",50 to 60,600 to 700,Sep-23
BOTANIQUE AT BARTLEY,UPPER PAYA LEBAR ROAD,19,Non-Landed Properties,2,"2,250",60 to 70,700 to 800,Sep-23
AFFINITY AT SERANGOON,SERANGOON NORTH AVENUE 1,19,Non-Landed Properties,1,"2,900",40 to 50,400 to 500,Sep-23
THE GARDEN RESIDENCES,SERANGOON NORTH VIEW,19,Non-Landed Properties,1,"3,000",40 to 50,400 to 500,Sep-23
RIVERFRONT RESIDENCES,HOUGANG AVENUE 7,19,Non-Landed Properties,NA,"3,400",50 to 60,600 to 700,Sep-23
BOTANIQUE AT BARTLEY,UPPER PAYA LEBAR ROAD,19,Non-Landed Properties,2,"3,500",60 to 70,600 to 700,Sep-23
KOVAN MELODY,KOVAN ROAD,19,Non-Landed Properties,2,"4,000",80 to 90,"900 to 1,000",Sep-23
THE GARDEN RESIDENCES,SERANGOON NORTH VIEW,19,Non-Landed Properties,2,"4,000",50 to 60,600 to 700,Sep-23
AFFINITY AT SERANGOON,SERANGOON NORTH AVENUE 1,19,Non-Landed Properties,1,"2,900",40 to 50,400 to 500,Sep-23
KINGSFORD WATERBAY,UPPER SERANGOON VIEW,19,Non-Landed Properties,2,"3,800",60 to 70,700 to 800,Sep-23
RIVERFRONT RESIDENCES,HOUGANG AVENUE 7,19,Non-Landed Properties,NA,"3,500",50 to 60,600 to 700,Sep-23
KINGSFORD WATERBAY,UPPER SERANGOON VIEW,19,Non-Landed Properties,2,"3,600",60 to 70,600 to 700,Sep-23
AFFINITY AT SERANGOON,SERANGOON NORTH AVENUE 1,19,Non-Landed Properties,2,"3,900",70 to 80,700 to 800,Sep-23
KOVAN REGENCY,KOVAN RISE,19,Non-Landed Properties,2,"4,050",70 to 80,700 to 800,Sep-23
RIVERFRONT RESIDENCES,HOUGANG AVENUE 7,19,Non-Landed Properties,NA,"3,000",40 to 50,400 to 500,Sep-23
AFFINITY AT SERANGOON,SERANGOON NORTH AVENUE 1,19,Non-Landed Properties,3,"5,100",100 to 110,"1,000 to 1,100",Sep-23
WATERTOWN,PUNGGOL CENTRAL,19,Non-Landed Properties,1,"3,200",40 to 50,500 to 600,Sep-23
RIVERSAILS,UPPER SERANGOON CRESCENT,19,Non-Landed Properties,2,"2,600",80 to 90,800 to 900,Sep-23
SUNSHINE LODGE,UPPER SERANGOON ROAD,19,Non-Landed Properties,1,"3,700",70 to 80,700 to 800,Sep-23
RIVER ISLES,EDGEDALE PLAINS,19,Non-Landed Properties,3,"4,350",100 to 110,"1,100 to 1,200",Sep-23
JADE RESIDENCES,LEW LIAN VALE,19,Non-Landed Properties,2,"3,500",50 to 60,600 to 700,Sep-23
RIVERFRONT RESIDENCES,HOUGANG AVENUE 7,19,Non-Landed Properties,NA,"3,200",50 to 60,600 to 700,Sep-23
THE PROMENADE@PELIKAT,JALAN PELIKAT,19,Non-Landed Properties,2,"2,250",80 to 90,"900 to 1,000",Sep-23
CASA ROSA,LORONG ONG LYE,19,Non-Landed Properties,3,"4,800",130 to 140,"1,400 to 1,500",Sep-23
MIDTOWN RESIDENCES,UPPER SERANGOON ROAD,19,Non-Landed Properties,2,"3,850",80 to 90,800 to 900,Sep-23
AFFINITY AT SERANGOON,SERANGOON NORTH AVENUE 1,19,Non-Landed Properties,3,"4,800",70 to 80,800 to 900,Sep-23
REGENTVILLE,HOUGANG STREET 92,19,Non-Landed Properties,3,"4,400",100 to 110,"1,000 to 1,100",Sep-23
JADE RESIDENCES,LEW LIAN VALE,19,Non-Landed Properties,2,"3,300",50 to 60,500 to 600,Sep-23
RIVERFRONT RESIDENCES,HOUGANG AVENUE 7,19,Non-Landed Properties,NA,"4,000",60 to 70,700 to 800,Sep-23
WATERTOWN,PUNGGOL CENTRAL,19,Non-Landed Properties,1,"3,800",50 to 60,600 to 700,Sep-23
AFFINITY AT SERANGOON,SERANGOON NORTH AVENUE 1,19,Non-Landed Properties,1,"3,000",40 to 50,400 to 500,Sep-23
CHUAN PARK (DEMOLISHED),LORONG CHUAN,19,Non-Landed Properties,2,"3,200",100 to 110,"1,100 to 1,200",Sep-23
LA FIESTA,SENGKANG SQUARE,19,Non-Landed Properties,2,"3,700",60 to 70,700 to 800,Sep-23
AFFINITY AT SERANGOON,SERANGOON NORTH AVENUE 1,19,Non-Landed Properties,1,"3,000",50 to 60,500 to 600,Sep-23
TANGERINE GROVE,PAYA LEBAR CRESCENT,19,Non-Landed Properties,3,"4,800",110 to 120,"1,200 to 1,300",Sep-23
THE SCALA,SERANGOON AVENUE 3,19,Non-Landed Properties,2,"5,000",90 to 100,"900 to 1,000",Sep-23
AFFINITY AT SERANGOON,SERANGOON NORTH AVENUE 1,19,Non-Landed Properties,3,"6,000",100 to 110,"1,000 to 1,100",Sep-23
WATERTOWN,PUNGGOL CENTRAL,19,Non-Landed Properties,1,"3,450",50 to 60,500 to 600,Sep-23
THE SPRINGBLOOM,SERANGOON AVENUE 3,19,Non-Landed Properties,3,"5,200",120 to 130,"1,300 to 1,400",Sep-23
RIVERFRONT RESIDENCES,HOUGANG AVENUE 7,19,Non-Landed Properties,NA,"3,300",40 to 50,400 to 500,Sep-23
RIVERFRONT RESIDENCES,HOUGANG AVENUE 7,19,Non-Landed Properties,NA,"2,950",40 to 50,400 to 500,Sep-23
AFFINITY AT SERANGOON,SERANGOON NORTH AVENUE 1,19,Non-Landed Properties,NA,"3,500",60 to 70,700 to 800,Sep-23
KOVAN GRANDEUR,TAMPINES ROAD,19,Non-Landed Properties,2,"3,100",50 to 60,500 to 600,Sep-23
RIVERSAILS,UPPER SERANGOON CRESCENT,19,Non-Landed Properties,1,"2,700",40 to 50,500 to 600,Sep-23
WATERTOWN,PUNGGOL CENTRAL,19,Non-Landed Properties,1,"3,600",50 to 60,500 to 600,Sep-23
AFFINITY AT SERANGOON,SERANGOON NORTH AVENUE 1,19,Non-Landed Properties,3,"5,000",70 to 80,800 to 900,Sep-23
THE GARDEN RESIDENCES,SERANGOON NORTH VIEW,19,Non-Landed Properties,1,"3,000",40 to 50,500 to 600,Sep-23
KINGSFORD WATERBAY,UPPER SERANGOON VIEW,19,Non-Landed Properties,2,"3,300",50 to 60,600 to 700,Sep-23
AFFINITY AT SERANGOON,SERANGOON NORTH AVENUE 1,19,Non-Landed Properties,1,"2,900",40 to 50,400 to 500,Sep-23
SUNGLADE,SERANGOON AVENUE 2,19,Non-Landed Properties,2,"3,500",80 to 90,800 to 900,Sep-23
CHUAN PARK (DEMOLISHED),LORONG CHUAN,19,Non-Landed Properties,3,"4,800",140 to 150,"1,500 to 1,600",Sep-23
AFFINITY AT SERANGOON,SERANGOON NORTH AVENUE 1,19,Non-Landed Properties,2,"3,600",50 to 60,600 to 700,Sep-23
PARK RESIDENCES KOVAN,UPPER SERANGOON ROAD,19,Non-Landed Properties,1,"3,300",30 to 40,300 to 400,Sep-23
RIVERFRONT RESIDENCES,HOUGANG AVENUE 7,19,Non-Landed Properties,NA,"3,600",50 to 60,600 to 700,Sep-23
RIVERFRONT RESIDENCES,HOUGANG AVENUE 7,19,Non-Landed Properties,NA,"3,500",50 to 60,600 to 700,Sep-23
THE GARDEN RESIDENCES,SERANGOON NORTH VIEW,19,Non-Landed Properties,4,"6,800",100 to 110,"1,100 to 1,200",Sep-23
BOATHOUSE RESIDENCES,UPPER SERANGOON VIEW,19,Non-Landed Properties,3,"4,300",100 to 110,"1,100 to 1,200",Sep-23
AFFINITY AT SERANGOON,SERANGOON NORTH AVENUE 1,19,Non-Landed Properties,1,"3,100",50 to 60,500 to 600,Sep-23
CASA CAMBIO,LIM TUA TOW ROAD,19,Non-Landed Properties,2,"3,800",60 to 70,600 to 700,Sep-23
AFFINITY AT SERANGOON,SERANGOON NORTH AVENUE 1,19,Non-Landed Properties,3,"6,000",100 to 110,"1,000 to 1,100",Sep-23
AFFINITY AT SERANGOON,SERANGOON NORTH AVENUE 1,19,Non-Landed Properties,1,"2,800",40 to 50,400 to 500,Sep-23
AFFINITY AT SERANGOON,SERANGOON NORTH AVENUE 1,19,Non-Landed Properties,NA,"3,000",40 to 50,400 to 500,Sep-23
WATERTOWN,PUNGGOL CENTRAL,19,Non-Landed Properties,NA,"3,500",50 to 60,500 to 600,Sep-23
LA FIESTA,SENGKANG SQUARE,19,Non-Landed Properties,1,"2,700",40 to 50,400 to 500,Sep-23
KOVAN RESIDENCES,KOVAN ROAD,19,Non-Landed Properties,4,"7,800",160 to 170,"1,700 to 1,800",Sep-23
PRESTO@UPPER SERANGOON,UPPER SERANGOON ROAD,19,Non-Landed Properties,1,"2,700",40 to 50,400 to 500,Sep-23
FOREST WOODS,LORONG LEW LIAN,19,Non-Landed Properties,4,"8,000",120 to 130,"1,300 to 1,400",Sep-23
WATERTOWN,PUNGGOL CENTRAL,19,Non-Landed Properties,3,"5,500",100 to 110,"1,100 to 1,200",Sep-23
AFFINITY AT SERANGOON,SERANGOON NORTH AVENUE 1,19,Non-Landed Properties,2,"3,800",60 to 70,700 to 800,Sep-23
THE GARDEN RESIDENCES,SERANGOON NORTH VIEW,19,Non-Landed Properties,2,"3,750",50 to 60,600 to 700,Sep-23
RIVERSAILS,UPPER SERANGOON CRESCENT,19,Non-Landed Properties,2,"3,600",70 to 80,800 to 900,Sep-23
FLO RESIDENCE,PUNGGOL FIELD WALK,19,Non-Landed Properties,2,"3,800",70 to 80,700 to 800,Sep-23
FLO RESIDENCE,PUNGGOL FIELD WALK,19,Non-Landed Properties,2,"3,800",80 to 90,800 to 900,Sep-23
SUNGLADE,SERANGOON AVENUE 2,19,Non-Landed Properties,2,"4,200",90 to 100,"900 to 1,000",Sep-23
NON-LANDED HOUSING DEVELOPMENT,UPPER SERANGOON ROAD,19,Non-Landed Properties,NA,"3,800",300 to 310,"3,200 to 3,300",Sep-23
THE CHUAN,LORONG CHUAN,19,Non-Landed Properties,2,"4,500",80 to 90,"900 to 1,000",Sep-23
RIVERVALE CREST,RIVERVALE CRESCENT,19,Non-Landed Properties,3,"4,200",110 to 120,"1,200 to 1,300",Sep-23
LA DOLCE VITA,UPPER PAYA LEBAR ROAD,19,Non-Landed Properties,3,"5,000",130 to 140,"1,400 to 1,500",Sep-23
BARTLEY RESIDENCES,LORONG HOW SUN,19,Non-Landed Properties,2,"3,600",70 to 80,700 to 800,Sep-23
THE PROMENADE@PELIKAT,JALAN PELIKAT,19,Non-Landed Properties,2,"3,600",90 to 100,"1,000 to 1,100",Sep-23
WATERTOWN,PUNGGOL CENTRAL,19,Non-Landed Properties,NA,"3,500",50 to 60,600 to 700,Sep-23
CHILTERN PARK,SERANGOON AVENUE 3,19,Non-Landed Properties,3,"3,700",120 to 130,"1,300 to 1,400",Sep-23
KOVAN REGENCY,KOVAN RISE,19,Non-Landed Properties,1,"3,450",50 to 60,600 to 700,Sep-23
KINGSFORD WATERBAY,UPPER SERANGOON VIEW,19,Non-Landed Properties,2,"3,500",60 to 70,600 to 700,Sep-23
FLO RESIDENCE,PUNGGOL FIELD WALK,19,Non-Landed Properties,2,"3,700",70 to 80,700 to 800,Sep-23
STARS OF KOVAN,UPPER SERANGOON ROAD,19,Non-Landed Properties,2,"4,250",60 to 70,700 to 800,Sep-23
BOTANIQUE AT BARTLEY,UPPER PAYA LEBAR ROAD,19,Non-Landed Properties,1,"3,000",40 to 50,400 to 500,Sep-23
RIVERFRONT RESIDENCES,HOUGANG AVENUE 7,19,Non-Landed Properties,NA,"4,600",80 to 90,800 to 900,Sep-23
RIVERFRONT RESIDENCES,HOUGANG AVENUE 7,19,Non-Landed Properties,NA,"2,850",40 to 50,500 to 600,Sep-23
BOTANIQUE AT BARTLEY,UPPER PAYA LEBAR ROAD,19,Non-Landed Properties,1,"3,600",40 to 50,400 to 500,Sep-23
AFFINITY AT SERANGOON,SERANGOON NORTH AVENUE 1,19,Non-Landed Properties,3,"4,200",70 to 80,800 to 900,Sep-23
KENSINGTON SQUARE,JALAN LOKAM,19,Non-Landed Properties,2,"2,800",50 to 60,600 to 700,Sep-23
KINGSFORD WATERBAY,UPPER SERANGOON VIEW,19,Non-Landed Properties,2,"3,600",60 to 70,600 to 700,Sep-23
PARC CENTROS,PUNGGOL CENTRAL,19,Non-Landed Properties,3,"4,500",90 to 100,"900 to 1,000",Sep-23
KOVAN RESIDENCES,KOVAN ROAD,19,Non-Landed Properties,4,"8,000",200 to 210,"2,100 to 2,200",Sep-23
THE LUXURIE,COMPASSVALE ROAD,19,Non-Landed Properties,3,"4,600",90 to 100,"1,000 to 1,100",Sep-23
THE MINTON,HOUGANG STREET 11,19,Non-Landed Properties,3,"5,600",130 to 140,"1,400 to 1,500",Sep-23
TANGERINE GROVE,PAYA LEBAR CRESCENT,19,Non-Landed Properties,2,"3,750",80 to 90,"900 to 1,000",Sep-23
SUITES @ PAYA LEBAR,UPPER PAYA LEBAR ROAD,19,Non-Landed Properties,1,"2,700",30 to 40,400 to 500,Sep-23
JADE RESIDENCES,LEW LIAN VALE,19,Non-Landed Properties,3,"3,700",70 to 80,800 to 900,Sep-23
PARC CENTROS,PUNGGOL CENTRAL,19,Non-Landed Properties,2,"3,600",70 to 80,700 to 800,Sep-23
REGENTVILLE,HOUGANG STREET 92,19,Non-Landed Properties,3,"4,200",100 to 110,"1,100 to 1,200",Sep-23
REGENTVILLE,HOUGANG STREET 92,19,Non-Landed Properties,3,"4,000",100 to 110,"1,100 to 1,200",Sep-23
THE GAZANIA,HOW SUN DRIVE,19,Non-Landed Properties,1,"3,500",40 to 50,400 to 500,Sep-23
BOTANIQUE AT BARTLEY,UPPER PAYA LEBAR ROAD,19,Non-Landed Properties,2,"3,600",60 to 70,600 to 700,Sep-23
RIVERSOUND RESIDENCE,SENGKANG EAST AVENUE,19,Non-Landed Properties,2,"3,300",70 to 80,700 to 800,Sep-23
SUNGLADE,SERANGOON AVENUE 2,19,Non-Landed Properties,3,"4,600",100 to 110,"1,100 to 1,200",Sep-23
THE LUXURIE,COMPASSVALE ROAD,19,Non-Landed Properties,2,"3,900",60 to 70,700 to 800,Sep-23
LA FIESTA,SENGKANG SQUARE,19,Non-Landed Properties,2,"3,800",60 to 70,700 to 800,Sep-23
AFFINITY AT SERANGOON,SERANGOON NORTH AVENUE 1,19,Non-Landed Properties,1,"2,800",40 to 50,400 to 500,Sep-23
KOVAN MELODY,KOVAN ROAD,19,Non-Landed Properties,3,"5,000",110 to 120,"1,200 to 1,300",Sep-23
THE LUXURIE,COMPASSVALE ROAD,19,Non-Landed Properties,2,"3,500",60 to 70,700 to 800,Sep-23
KOVAN MELODY,KOVAN ROAD,19,Non-Landed Properties,3,"4,900",120 to 130,"1,200 to 1,300",Sep-23
THE MINTON,HOUGANG STREET 11,19,Non-Landed Properties,2,"3,900",80 to 90,"900 to 1,000",Sep-23
PARC CENTROS,PUNGGOL CENTRAL,19,Non-Landed Properties,3,"3,900",100 to 110,"1,100 to 1,200",Sep-23
KENSINGTON PARK CONDOMINIUM,KENSINGTON PARK DRIVE,19,Non-Landed Properties,3,"5,200",150 to 160,"1,600 to 1,700",Sep-23
MIDTOWN RESIDENCES,UPPER SERANGOON ROAD,19,Non-Landed Properties,3,"3,200",80 to 90,800 to 900,Sep-23
RIVERFRONT RESIDENCES,HOUGANG AVENUE 7,19,Non-Landed Properties,NA,"4,000",60 to 70,700 to 800,Sep-23
AFFINITY AT SERANGOON,SERANGOON NORTH AVENUE 1,19,Non-Landed Properties,1,"3,300",50 to 60,500 to 600,Sep-23
AFFINITY AT SERANGOON,SERANGOON NORTH AVENUE 1,19,Non-Landed Properties,2,"3,500",50 to 60,600 to 700,Sep-23
AFFINITY AT SERANGOON,SERANGOON NORTH AVENUE 1,19,Non-Landed Properties,3,"5,600",100 to 110,"1,000 to 1,100",Sep-23
RIVERFRONT RESIDENCES,HOUGANG AVENUE 7,19,Non-Landed Properties,NA,"3,800",60 to 70,700 to 800,Sep-23
BOTANIQUE AT BARTLEY,UPPER PAYA LEBAR ROAD,19,Non-Landed Properties,1,"3,100",40 to 50,400 to 500,Sep-23
RIVERFRONT RESIDENCES,HOUGANG AVENUE 7,19,Non-Landed Properties,NA,"3,600",60 to 70,700 to 800,Sep-23
SPACE @ KOVAN,YIO CHU KANG ROAD,19,Non-Landed Properties,1,"2,600",40 to 50,400 to 500,Sep-23
KINGSFORD WATERBAY,UPPER SERANGOON VIEW,19,Non-Landed Properties,2,"3,200",50 to 60,600 to 700,Sep-23
JADE RESIDENCES,LEW LIAN VALE,19,Non-Landed Properties,2,"3,600",50 to 60,500 to 600,Sep-23
CHUAN PARK (DEMOLISHED),LORONG CHUAN,19,Non-Landed Properties,2,"2,700",100 to 110,"1,100 to 1,200",Sep-23
RIVERFRONT RESIDENCES,HOUGANG AVENUE 7,19,Non-Landed Properties,NA,"3,000",40 to 50,500 to 600,Sep-23
PARC VERA,HOUGANG STREET 32,19,Non-Landed Properties,2,"3,500",70 to 80,700 to 800,Sep-23
BOTANIQUE AT BARTLEY,UPPER PAYA LEBAR ROAD,19,Non-Landed Properties,2,"3,650",60 to 70,600 to 700,Sep-23
AFFINITY AT SERANGOON,SERANGOON NORTH AVENUE 1,19,Non-Landed Properties,1,"2,900",40 to 50,400 to 500,Sep-23
RIVERFRONT RESIDENCES,HOUGANG AVENUE 7,19,Non-Landed Properties,NA,"2,500",40 to 50,400 to 500,Sep-23
KINGSFORD WATERBAY,UPPER SERANGOON VIEW,19,Non-Landed Properties,2,"3,300",50 to 60,600 to 700,Sep-23
KOVAN MELODY,KOVAN ROAD,19,Non-Landed Properties,2,"3,900",80 to 90,800 to 900,Sep-23
THE LUXURIE,COMPASSVALE ROAD,19,Non-Landed Properties,3,"4,300",90 to 100,"1,000 to 1,100",Sep-23
THE SCALA,SERANGOON AVENUE 3,19,Non-Landed Properties,1,"3,200",40 to 50,400 to 500,Sep-23
THE GARDEN RESIDENCES,SERANGOON NORTH VIEW,19,Non-Landed Properties,1,"3,000",40 to 50,400 to 500,Sep-23
THE PROMENADE@PELIKAT,JALAN PELIKAT,19,Non-Landed Properties,1,"2,600",40 to 50,400 to 500,Sep-23
KOVAN RESIDENCES,KOVAN ROAD,19,Non-Landed Properties,4,"7,200",160 to 170,"1,700 to 1,800",Sep-23
A TREASURE TROVE,PUNGGOL WALK,19,Non-Landed Properties,3,"4,600",110 to 120,"1,200 to 1,300",Sep-23
RIVERFRONT RESIDENCES,HOUGANG AVENUE 7,19,Non-Landed Properties,NA,"3,400",50 to 60,600 to 700,Sep-23
RIVERFRONT RESIDENCES,HOUGANG AVENUE 7,19,Non-Landed Properties,NA,"2,700",40 to 50,400 to 500,Sep-23
THE SPRINGBLOOM,SERANGOON AVENUE 3,19,Non-Landed Properties,3,"5,000",120 to 130,"1,300 to 1,400",Sep-23
FORTUNE PARK,TAMPINES ROAD,19,Non-Landed Properties,3,"3,900",110 to 120,"1,200 to 1,300",Sep-23
LA FIESTA,SENGKANG SQUARE,19,Non-Landed Properties,3,"4,000",80 to 90,800 to 900,Sep-23
FONTAINE PARRY,POH HUAT ROAD,19,Non-Landed Properties,3,"4,200",110 to 120,"1,200 to 1,300",Sep-23
KINGSFORD WATERBAY,UPPER SERANGOON VIEW,19,Non-Landed Properties,2,"3,800",60 to 70,600 to 700,Sep-23
BLISS@KOVAN,SIMON LANE,19,Non-Landed Properties,1,"2,500",40 to 50,500 to 600,Sep-23
D'ZIRE,ROBEY CRESCENT,19,Non-Landed Properties,2,"3,600",70 to 80,700 to 800,Sep-23
THE QUARTZ,COMPASSVALE BOW,19,Non-Landed Properties,3,"4,700",120 to 130,"1,300 to 1,400",Sep-23
KOVAN REGENCY,KOVAN RISE,19,Non-Landed Properties,2,"3,500",50 to 60,500 to 600,Sep-23
THE GARDEN RESIDENCES,SERANGOON NORTH VIEW,19,Non-Landed Properties,1,"3,100",40 to 50,500 to 600,Sep-23
BOTANIQUE AT BARTLEY,UPPER PAYA LEBAR ROAD,19,Non-Landed Properties,2,"3,800",60 to 70,600 to 700,Sep-23
D'ZIRE,ROBEY CRESCENT,19,Non-Landed Properties,1,"2,600",40 to 50,400 to 500,Sep-23
BOTANIQUE AT BARTLEY,UPPER PAYA LEBAR ROAD,19,Non-Landed Properties,2,"3,700",60 to 70,600 to 700,Sep-23
THE MINTON,HOUGANG STREET 11,19,Non-Landed Properties,2,"4,300",90 to 100,"900 to 1,000",Sep-23
KOVAN MELODY,KOVAN ROAD,19,Non-Landed Properties,3,"5,200",120 to 130,"1,200 to 1,300",Sep-23
AFFINITY AT SERANGOON,SERANGOON NORTH AVENUE 1,19,Non-Landed Properties,1,"3,700",50 to 60,600 to 700,Sep-23
KOVAN MELODY,KOVAN ROAD,19,Non-Landed Properties,3,"5,600",110 to 120,"1,200 to 1,300",Sep-23
THE TEMBUSU,TAMPINES ROAD,19,Non-Landed Properties,3,"4,500",90 to 100,"1,000 to 1,100",Sep-23
RIVERSOUND RESIDENCE,SENGKANG EAST AVENUE,19,Non-Landed Properties,4,"5,100",110 to 120,"1,200 to 1,300",Sep-23
NON-LANDED HOUSING DEVELOPMENT,BRIGHTON CRESCENT,19,Non-Landed Properties,NA,"3,300",60 to 70,700 to 800,Sep-23
LA FIESTA,SENGKANG SQUARE,19,Non-Landed Properties,3,"4,200",80 to 90,800 to 900,Sep-23
LA FIESTA,SENGKANG SQUARE,19,Non-Landed Properties,3,"4,600",90 to 100,"1,000 to 1,100",Sep-23
RIVERFRONT RESIDENCES,HOUGANG AVENUE 7,19,Non-Landed Properties,NA,"3,400",50 to 60,600 to 700,Sep-23
KOVAN GRANDEUR,TAMPINES ROAD,19,Non-Landed Properties,NA,"2,000",30 to 40,300 to 400,Sep-23
THE YARDLEY,UPPER SERANGOON ROAD,19,Non-Landed Properties,3,"5,500",110 to 120,"1,200 to 1,300",Sep-23
BARTLEY RESIDENCES,LORONG HOW SUN,19,Non-Landed Properties,1,"3,100",40 to 50,400 to 500,Sep-23
KOVAN RESIDENCES,KOVAN ROAD,19,Non-Landed Properties,3,"5,200",150 to 160,"1,600 to 1,700",Sep-23
WATERTOWN,PUNGGOL CENTRAL,19,Non-Landed Properties,1,"3,250",50 to 60,500 to 600,Sep-23
AFFINITY AT SERANGOON,SERANGOON NORTH AVENUE 1,19,Non-Landed Properties,1,"2,900",40 to 50,400 to 500,Sep-23
RIVERFRONT RESIDENCES,HOUGANG AVENUE 7,19,Non-Landed Properties,NA,"3,200",40 to 50,500 to 600,Sep-23
THE MINTON,HOUGANG STREET 11,19,Non-Landed Properties,NA,"3,800",60 to 70,600 to 700,Sep-23
PARC VERA,HOUGANG STREET 32,19,Non-Landed Properties,2,"3,300",70 to 80,700 to 800,Sep-23
KENSINGTON PARK CONDOMINIUM,KENSINGTON PARK DRIVE,19,Non-Landed Properties,3,"6,100",200 to 210,"2,100 to 2,200",Sep-23
FOREST WOODS,LORONG LEW LIAN,19,Non-Landed Properties,3,"5,000",80 to 90,"900 to 1,000",Sep-23
KINGSFORD WATERBAY,UPPER SERANGOON VIEW,19,Non-Landed Properties,2,"3,700",60 to 70,600 to 700,Sep-23
THE QUARTZ,COMPASSVALE BOW,19,Non-Landed Properties,NA,"4,500",90 to 100,"1,000 to 1,100",Sep-23
THE LUXURIE,COMPASSVALE ROAD,19,Non-Landed Properties,2,"3,750",60 to 70,700 to 800,Sep-23
KENSINGTON SQUARE,JALAN LOKAM,19,Non-Landed Properties,2,"4,200",50 to 60,600 to 700,Sep-23
RIO VISTA,UPPER SERANGOON VIEW,19,Non-Landed Properties,3,"4,250",110 to 120,"1,200 to 1,300",Sep-23
RIVERSOUND RESIDENCE,SENGKANG EAST AVENUE,19,Non-Landed Properties,1,"2,600",40 to 50,400 to 500,Sep-23
FIORENZA,FLORENCE ROAD,19,Non-Landed Properties,3,"4,000",110 to 120,"1,100 to 1,200",Sep-23
RIVERFRONT RESIDENCES,HOUGANG AVENUE 7,19,Non-Landed Properties,NA,"3,600",60 to 70,700 to 800,Sep-23
RIVERVALE CREST,RIVERVALE CRESCENT,19,Non-Landed Properties,3,"4,100",110 to 120,"1,200 to 1,300",Sep-23
FORTUNE PARK,TAMPINES ROAD,19,Non-Landed Properties,3,"4,200",120 to 130,"1,200 to 1,300",Sep-23
KOVAN REGENCY,KOVAN RISE,19,Non-Landed Properties,1,"3,200",40 to 50,500 to 600,Sep-23
THE GARDEN RESIDENCES,SERANGOON NORTH VIEW,19,Non-Landed Properties,2,"3,900",50 to 60,600 to 700,Sep-23
LA FIESTA,SENGKANG SQUARE,19,Non-Landed Properties,3,"4,100",100 to 110,"1,100 to 1,200",Sep-23
THE MINTON,HOUGANG STREET 11,19,Non-Landed Properties,2,"4,300",90 to 100,"900 to 1,000",Sep-23
BARTLEY RESIDENCES,LORONG HOW SUN,19,Non-Landed Properties,3,"5,300",110 to 120,"1,100 to 1,200",Sep-23
RIVERSAILS,UPPER SERANGOON CRESCENT,19,Non-Landed Properties,3,"4,300",90 to 100,"1,000 to 1,100",Sep-23
RIVER ISLES,EDGEDALE PLAINS,19,Non-Landed Properties,NA,"2,500",40 to 50,400 to 500,Sep-23
21 RICHARDS,RICHARDS AVENUE,19,Non-Landed Properties,2,"2,900",50 to 60,600 to 700,Sep-23
CASA CAMBIO,LIM TUA TOW ROAD,19,Non-Landed Properties,2,"3,100",40 to 50,400 to 500,Sep-23
RIVER ISLES,EDGEDALE PLAINS,19,Non-Landed Properties,3,"3,700",80 to 90,800 to 900,Sep-23
VIBES @ KOVAN,KOVAN ROAD,19,Non-Landed Properties,1,"2,900",40 to 50,400 to 500,Sep-23
KINGSFORD WATERBAY,UPPER SERANGOON VIEW,19,Non-Landed Properties,2,"3,100",60 to 70,600 to 700,Sep-23
COMPASS HEIGHTS,SENGKANG SQUARE,19,Non-Landed Properties,1,"3,100",60 to 70,600 to 700,Sep-23
WATERTOWN,PUNGGOL CENTRAL,19,Non-Landed Properties,1,"3,350",50 to 60,500 to 600,Sep-23
NOUVELLE PARK,POH HUAT ROAD WEST,19,Non-Landed Properties,3,"4,800",140 to 150,"1,500 to 1,600",Sep-23
BARTLEY RESIDENCES,LORONG HOW SUN,19,Non-Landed Properties,1,"3,100",40 to 50,400 to 500,Sep-23
CARDIFF RESIDENCE,CARDIFF GROVE,19,Non-Landed Properties,1,"2,600",30 to 40,400 to 500,Sep-23
BLISS@KOVAN,SIMON LANE,19,Non-Landed Properties,1,"3,200",50 to 60,500 to 600,Sep-23
RIVERFRONT RESIDENCES,HOUGANG AVENUE 7,19,Non-Landed Properties,NA,"2,800",40 to 50,400 to 500,Sep-23
RIVERFRONT RESIDENCES,HOUGANG AVENUE 7,19,Non-Landed Properties,NA,"2,800",40 to 50,400 to 500,Sep-23
ISUITES @ TANI,JALAN TANI,19,Non-Landed Properties,2,"3,000",50 to 60,600 to 700,Sep-23
TERRASSE,TERRASSE LANE,19,Non-Landed Properties,2,"3,850",70 to 80,700 to 800,Sep-23
A TREASURE TROVE,PUNGGOL WALK,19,Non-Landed Properties,3,"5,000",90 to 100,"1,000 to 1,100",Sep-23
NON-LANDED HOUSING DEVELOPMENT,UPPER PAYA LEBAR ROAD,19,Non-Landed Properties,NA,"4,500",80 to 90,"900 to 1,000",Sep-23
STARS OF KOVAN,UPPER SERANGOON ROAD,19,Non-Landed Properties,3,"4,900",80 to 90,"900 to 1,000",Sep-23
A TREASURE TROVE,PUNGGOL WALK,19,Non-Landed Properties,2,"3,800",80 to 90,"900 to 1,000",Sep-23
A TREASURE TROVE,PUNGGOL WALK,19,Non-Landed Properties,2,"3,700",70 to 80,700 to 800,Sep-23
STARS OF KOVAN,UPPER SERANGOON ROAD,19,Non-Landed Properties,1,"3,200",40 to 50,500 to 600,Sep-23
RIVERFRONT RESIDENCES,HOUGANG AVENUE 7,19,Non-Landed Properties,NA,"3,500",50 to 60,600 to 700,Sep-23
AFFINITY AT SERANGOON,SERANGOON NORTH AVENUE 1,19,Non-Landed Properties,1,"3,200",40 to 50,400 to 500,Sep-23
CASA CAMBIO,LIM TUA TOW ROAD,19,Non-Landed Properties,1,"2,800",40 to 50,400 to 500,Sep-23
THE MINTON,HOUGANG STREET 11,19,Non-Landed Properties,NA,"2,700",50 to 60,500 to 600,Sep-23
THE QUARTZ,COMPASSVALE BOW,19,Non-Landed Properties,NA,"4,900",90 to 100,"1,000 to 1,100",Sep-23
THE MINTON,HOUGANG STREET 11,19,Non-Landed Properties,2,"4,600",90 to 100,"900 to 1,000",Sep-23
AFFINITY AT SERANGOON,SERANGOON NORTH AVENUE 1,19,Non-Landed Properties,1,"3,100",50 to 60,500 to 600,Sep-23
SUITES @ PAYA LEBAR,UPPER PAYA LEBAR ROAD,19,Non-Landed Properties,1,"2,800",30 to 40,400 to 500,Sep-23
SPACE @ KOVAN,YIO CHU KANG ROAD,19,Non-Landed Properties,2,"3,100",60 to 70,600 to 700,Sep-23
REGENTVILLE,HOUGANG STREET 92,19,Non-Landed Properties,3,"4,500",100 to 110,"1,100 to 1,200",Sep-23
KOVAN REGENCY,KOVAN RISE,19,Non-Landed Properties,1,"3,000",40 to 50,500 to 600,Sep-23
THE TEMBUSU,TAMPINES ROAD,19,Non-Landed Properties,2,"3,300",70 to 80,700 to 800,Sep-23
FONTAINE PARRY,POH HUAT ROAD,19,Non-Landed Properties,3,"4,650",130 to 140,"1,400 to 1,500",Sep-23
RIVERFRONT RESIDENCES,HOUGANG AVENUE 7,19,Non-Landed Properties,NA,"3,200",40 to 50,500 to 600,Sep-23
RIVERFRONT RESIDENCES,HOUGANG AVENUE 7,19,Non-Landed Properties,NA,"3,500",60 to 70,700 to 800,Sep-23
PARC CENTROS,PUNGGOL CENTRAL,19,Non-Landed Properties,1,"3,500",50 to 60,500 to 600,Sep-23
RIVERFRONT RESIDENCES,HOUGANG AVENUE 7,19,Non-Landed Properties,NA,"2,900",40 to 50,500 to 600,Sep-23
EVERGREEN PARK,HOUGANG AVENUE 7,19,Non-Landed Properties,3,"3,200",90 to 100,"1,000 to 1,100",Sep-23
LA FIESTA,SENGKANG SQUARE,19,Non-Landed Properties,3,"4,400",70 to 80,800 to 900,Sep-23
WATERTOWN,PUNGGOL CENTRAL,19,Non-Landed Properties,1,"3,700",60 to 70,600 to 700,Sep-23
KOVAN 81,KOVAN ROAD,19,Non-Landed Properties,3,"3,250",100 to 110,"1,100 to 1,200",Sep-23
URBAN RESIDENCES,LORONG AH SOO,19,Non-Landed Properties,1,"2,450",40 to 50,500 to 600,Sep-23
RIVERFRONT RESIDENCES,HOUGANG AVENUE 7,19,Non-Landed Properties,NA,"2,750",40 to 50,400 to 500,Sep-23
AFFINITY AT SERANGOON,SERANGOON NORTH AVENUE 1,19,Non-Landed Properties,3,"4,700",70 to 80,800 to 900,Sep-23
WATERTOWN,PUNGGOL CENTRAL,19,Non-Landed Properties,NA,"3,600",50 to 60,600 to 700,Sep-23
SUITES @ KOVAN,UPPER SERANGOON ROAD,19,Non-Landed Properties,1,"2,200",30 to 40,300 to 400,Sep-23
NON-LANDED HOUSING DEVELOPMENT,BOUNDARY ROAD,19,Non-Landed Properties,NA,"2,500",80 to 90,800 to 900,Sep-23
NON-LANDED HOUSING DEVELOPMENT,UPPER PAYA LEBAR ROAD,19,Non-Landed Properties,3,"3,000",100 to 110,"1,100 to 1,200",Sep-23
CHILTERN PARK,SERANGOON AVENUE 3,19,Non-Landed Properties,3,"5,600",130 to 140,"1,400 to 1,500",Sep-23
THE GARDEN RESIDENCES,SERANGOON NORTH VIEW,19,Non-Landed Properties,1,"3,100",40 to 50,400 to 500,Sep-23
A TREASURE TROVE,PUNGGOL WALK,19,Non-Landed Properties,3,"4,900",90 to 100,"1,000 to 1,100",Sep-23
REGENTVILLE,HOUGANG STREET 92,19,Non-Landed Properties,3,"4,000",100 to 110,"1,100 to 1,200",Sep-23
AFFINITY AT SERANGOON,SERANGOON NORTH AVENUE 1,19,Non-Landed Properties,3,"5,000",70 to 80,800 to 900,Sep-23
THE COURTYARD,LIM AH PIN ROAD,19,Non-Landed Properties,3,"5,000",110 to 120,"1,200 to 1,300",Sep-23
REGENTVILLE,HOUGANG STREET 92,19,Non-Landed Properties,3,"4,000",100 to 110,"1,100 to 1,200",Sep-23
GAMBIR RIDGE,GAMBIR WALK,19,Non-Landed Properties,2,"3,500",80 to 90,800 to 900,Sep-23
WATERTOWN,PUNGGOL CENTRAL,19,Non-Landed Properties,1,"3,100",50 to 60,500 to 600,Sep-23
CRYSTAL DE AZURE,HOW SUN CLOSE,19,Non-Landed Properties,2,"3,000",80 to 90,"900 to 1,000",Sep-23
PARC CENTROS,PUNGGOL CENTRAL,19,Non-Landed Properties,2,"3,750",70 to 80,700 to 800,Sep-23
BARTLEY RESIDENCES,LORONG HOW SUN,19,Non-Landed Properties,2,"4,500",80 to 90,800 to 900,Sep-23
HILLSIDE MANSIONS,HILLSIDE DRIVE,19,Non-Landed Properties,3,"3,800",110 to 120,"1,100 to 1,200",Sep-23
KOVAN 81,KOVAN ROAD,19,Non-Landed Properties,3,"4,300",90 to 100,"1,000 to 1,100",Sep-23
AFFINITY AT SERANGOON,SERANGOON NORTH AVENUE 1,19,Non-Landed Properties,1,"2,950",40 to 50,400 to 500,Sep-23
RIVERFRONT RESIDENCES,HOUGANG AVENUE 7,19,Non-Landed Properties,NA,"3,500",50 to 60,600 to 700,Sep-23
KOVAN GRANDEUR,TAMPINES ROAD,19,Non-Landed Properties,2,"2,700",50 to 60,500 to 600,Sep-23
RIVERFRONT RESIDENCES,HOUGANG AVENUE 7,19,Non-Landed Properties,NA,"2,800",40 to 50,400 to 500,Sep-23
BARTLEY RESIDENCES,LORONG HOW SUN,19,Non-Landed Properties,1,"3,200",50 to 60,500 to 600,Sep-23
RIVERFRONT RESIDENCES,HOUGANG AVENUE 7,19,Non-Landed Properties,NA,"3,500",60 to 70,700 to 800,Sep-23
AFFINITY AT SERANGOON,SERANGOON NORTH AVENUE 1,19,Non-Landed Properties,1,"3,000",40 to 50,400 to 500,Sep-23
JEWEL @ BUANGKOK,COMPASSVALE BOW,19,Non-Landed Properties,3,"3,800",80 to 90,800 to 900,Sep-23
EVERGREEN PARK,HOUGANG AVENUE 7,19,Non-Landed Properties,3,"3,500",110 to 120,"1,200 to 1,300",Sep-23
PARC CENTROS,PUNGGOL CENTRAL,19,Non-Landed Properties,1,"3,000",40 to 50,400 to 500,Sep-23
RIVERFRONT RESIDENCES,HOUGANG AVENUE 7,19,Non-Landed Properties,NA,"3,400",50 to 60,600 to 700,Sep-23
THE MINTON,HOUGANG STREET 11,19,Non-Landed Properties,2,"3,800",90 to 100,"900 to 1,000",Sep-23
PARC CENTROS,PUNGGOL CENTRAL,19,Non-Landed Properties,2,"3,300",70 to 80,700 to 800,Sep-23
AFFINITY AT SERANGOON,SERANGOON NORTH AVENUE 1,19,Non-Landed Properties,1,"3,000",40 to 50,400 to 500,Sep-23
PALM GROVE CONDOMINIUM,PALM GROVE AVENUE,19,Non-Landed Properties,1,"3,000",60 to 70,600 to 700,Sep-23
AFFINITY AT SERANGOON,SERANGOON NORTH AVENUE 1,19,Non-Landed Properties,3,"4,800",80 to 90,800 to 900,Sep-23
BARTLEY RESIDENCES,LORONG HOW SUN,19,Non-Landed Properties,2,"3,800",70 to 80,700 to 800,Sep-23
A TREASURE TROVE,PUNGGOL WALK,19,Non-Landed Properties,3,"5,000",100 to 110,"1,100 to 1,200",Sep-23
KENSINGTON PARK CONDOMINIUM,KENSINGTON PARK DRIVE,19,Non-Landed Properties,3,"4,100",130 to 140,"1,400 to 1,500",Sep-23
THE SPRINGBLOOM,SERANGOON AVENUE 3,19,Non-Landed Properties,4,"6,800",150 to 160,"1,600 to 1,700",Sep-23
CHILTERN PARK,SERANGOON AVENUE 3,19,Non-Landed Properties,3,"5,200",140 to 150,"1,500 to 1,600",Sep-23
ROSALIA PARK,LORONG ONG LYE,19,Non-Landed Properties,2,"3,000",100 to 110,"1,100 to 1,200",Sep-23
KOVAN REGENCY,KOVAN RISE,19,Non-Landed Properties,3,"5,500",100 to 110,"1,100 to 1,200",Sep-23
PARC CENTROS,PUNGGOL CENTRAL,19,Non-Landed Properties,3,"4,000",90 to 100,"900 to 1,000",Sep-23
SUITES @ PAYA LEBAR,UPPER PAYA LEBAR ROAD,19,Non-Landed Properties,1,"2,600",30 to 40,300 to 400,Sep-23
KINGSFORD WATERBAY,UPPER SERANGOON VIEW,19,Non-Landed Properties,1,"2,800",40 to 50,400 to 500,Sep-23
CHUAN PARK (DEMOLISHED),LORONG CHUAN,19,Non-Landed Properties,2,"3,500",100 to 110,"1,100 to 1,200",Sep-23
BOTANIQUE AT BARTLEY,UPPER PAYA LEBAR ROAD,19,Non-Landed Properties,2,"4,000",60 to 70,600 to 700,Sep-23
CHUAN PARK (DEMOLISHED),LORONG CHUAN,19,Non-Landed Properties,3,"2,300",130 to 140,"1,300 to 1,400",Sep-23
BRIGHTON VIEW,BRIGHTON AVENUE,19,Non-Landed Properties,4,"5,000",160 to 170,"1,700 to 1,800",Sep-23
KOVAN MELODY,KOVAN ROAD,19,Non-Landed Properties,4,"7,500",130 to 140,"1,400 to 1,500",Sep-23
SUITES @ PAYA LEBAR,UPPER PAYA LEBAR ROAD,19,Non-Landed Properties,1,"2,700",30 to 40,300 to 400,Sep-23
KINGSFORD WATERBAY,UPPER SERANGOON VIEW,19,Non-Landed Properties,3,"3,900",80 to 90,800 to 900,Sep-23
RIVERFRONT RESIDENCES,HOUGANG AVENUE 7,19,Non-Landed Properties,NA,"3,600",60 to 70,700 to 800,Sep-23
BAYOU RESIDENCE,UPPER PAYA LEBAR ROAD,19,Non-Landed Properties,2,"3,500",90 to 100,"1,000 to 1,100",Sep-23
AFFINITY AT SERANGOON,SERANGOON NORTH AVENUE 1,19,Non-Landed Properties,3,"5,000",70 to 80,800 to 900,Sep-23
AFFINITY AT SERANGOON,SERANGOON NORTH AVENUE 1,19,Non-Landed Properties,3,"6,000",100 to 110,"1,100 to 1,200",Sep-23
EVERGREEN PARK,HOUGANG AVENUE 7,19,Non-Landed Properties,3,"3,700",90 to 100,"1,000 to 1,100",Sep-23
RIVERFRONT RESIDENCES,HOUGANG AVENUE 7,19,Non-Landed Properties,NA,"3,600",50 to 60,600 to 700,Sep-23
RIVER ISLES,EDGEDALE PLAINS,19,Non-Landed Properties,3,"4,000",90 to 100,"1,000 to 1,100",Sep-23
RIVERVALE CREST,RIVERVALE CRESCENT,19,Non-Landed Properties,3,"4,250",110 to 120,"1,200 to 1,300",Sep-23
RIVERSOUND RESIDENCE,SENGKANG EAST AVENUE,19,Non-Landed Properties,3,"7,000",200 to 210,"2,100 to 2,200",Sep-23
KOVAN RESIDENCES,KOVAN ROAD,19,Non-Landed Properties,2,"3,900",80 to 90,"900 to 1,000",Sep-23
RIVERFRONT RESIDENCES,HOUGANG AVENUE 7,19,Non-Landed Properties,NA,"2,900",40 to 50,400 to 500,Sep-23
CHILTERN PARK,SERANGOON AVENUE 3,19,Non-Landed Properties,2,"3,600",100 to 110,"1,000 to 1,100",Sep-23
NAUNG RESIDENCE,JALAN NAUNG,19,Non-Landed Properties,1,"3,100",50 to 60,500 to 600,Sep-23
PARC CENTROS,PUNGGOL CENTRAL,19,Non-Landed Properties,4,"5,500",120 to 130,"1,300 to 1,400",Sep-23
AFFINITY AT SERANGOON,SERANGOON NORTH AVENUE 1,19,Non-Landed Properties,1,"2,900",50 to 60,500 to 600,Sep-23
FIORENZA,FLORENCE ROAD,19,Non-Landed Properties,2,"3,850",70 to 80,800 to 900,Sep-23
SUNGLADE,SERANGOON AVENUE 2,19,Non-Landed Properties,3,"3,800",100 to 110,"1,100 to 1,200",Sep-23
JEWEL @ BUANGKOK,COMPASSVALE BOW,19,Non-Landed Properties,2,"3,650",60 to 70,700 to 800,Sep-23
BOTANIQUE AT BARTLEY,UPPER PAYA LEBAR ROAD,19,Non-Landed Properties,1,"3,200",40 to 50,400 to 500,Sep-23
RESIDENCES BOTANIQUE,YIO CHU KANG ROAD,19,Non-Landed Properties,2,"4,300",90 to 100,"1,000 to 1,100",Sep-23
THE TEMBUSU,TAMPINES ROAD,19,Non-Landed Properties,4,"6,500",120 to 130,"1,300 to 1,400",Sep-23
KINGSFORD WATERBAY,UPPER SERANGOON VIEW,19,Non-Landed Properties,1,"2,900",40 to 50,400 to 500,Sep-23
JEWEL @ BUANGKOK,COMPASSVALE BOW,19,Non-Landed Properties,2,"3,700",60 to 70,700 to 800,Sep-23
AFFINITY AT SERANGOON,SERANGOON NORTH AVENUE 1,19,Non-Landed Properties,3,"6,088",100 to 110,"1,100 to 1,200",Sep-23
CHUAN PARK (DEMOLISHED),LORONG CHUAN,19,Non-Landed Properties,2,"3,500",100 to 110,"1,100 to 1,200",Sep-23
AFFINITY AT SERANGOON,SERANGOON NORTH AVENUE 1,19,Non-Landed Properties,1,"3,000",50 to 60,500 to 600,Sep-23
AFFINITY AT SERANGOON,SERANGOON NORTH AVENUE 1,19,Non-Landed Properties,3,"6,000",100 to 110,"1,100 to 1,200",Sep-23
LA FIESTA,SENGKANG SQUARE,19,Non-Landed Properties,3,"4,600",80 to 90,800 to 900,Sep-23
RIVERFRONT RESIDENCES,HOUGANG AVENUE 7,19,Non-Landed Properties,NA,"2,800",40 to 50,400 to 500,Sep-23
AFFINITY AT SERANGOON,SERANGOON NORTH AVENUE 1,19,Non-Landed Properties,2,"3,800",70 to 80,700 to 800,Sep-23
RIVERFRONT RESIDENCES,HOUGANG AVENUE 7,19,Non-Landed Properties,NA,"3,500",50 to 60,600 to 700,Sep-23
KINGSFORD WATERBAY,UPPER SERANGOON VIEW,19,Non-Landed Properties,3,"3,900",70 to 80,800 to 900,Sep-23
THE QUINN,BARTLEY ROAD,19,Non-Landed Properties,1,"2,600",50 to 60,500 to 600,Sep-23
THE SCALA,SERANGOON AVENUE 3,19,Non-Landed Properties,2,"3,900",70 to 80,800 to 900,Sep-23
KOVAN REGENCY,KOVAN RISE,19,Non-Landed Properties,1,"3,200",40 to 50,500 to 600,Sep-23
THE QUINN,BARTLEY ROAD,19,Non-Landed Properties,1,"2,600",50 to 60,500 to 600,Sep-23
THE TEMBUSU,TAMPINES ROAD,19,Non-Landed Properties,2,"3,800",70 to 80,700 to 800,Sep-23
A TREASURE TROVE,PUNGGOL WALK,19,Non-Landed Properties,2,"4,000",90 to 100,"1,000 to 1,100",Sep-23
LA FIESTA,SENGKANG SQUARE,19,Non-Landed Properties,2,"3,700",60 to 70,700 to 800,Sep-23
JEWEL @ BUANGKOK,COMPASSVALE BOW,19,Non-Landed Properties,3,"4,700",100 to 110,"1,100 to 1,200",Sep-23
KINGSFORD WATERBAY,UPPER SERANGOON VIEW,19,Non-Landed Properties,2,"3,700",60 to 70,600 to 700,Sep-23
THE SUNNYDALE,SERANGOON AVENUE 3,19,Non-Landed Properties,2,"3,700",100 to 110,"1,100 to 1,200",Sep-23
KINGSFORD WATERBAY,UPPER SERANGOON VIEW,19,Non-Landed Properties,1,"2,900",40 to 50,400 to 500,Sep-23
LA DOLCE VITA,UPPER PAYA LEBAR ROAD,19,Non-Landed Properties,4,"4,800",320 to 330,"3,500 to 3,600",Sep-23
RIVERVALE CREST,RIVERVALE CRESCENT,19,Non-Landed Properties,4,"5,500",130 to 140,"1,400 to 1,500",Sep-23
KOVAN MELODY,KOVAN ROAD,19,Non-Landed Properties,4,"5,200",130 to 140,"1,400 to 1,500",Sep-23
MIDTOWN RESIDENCES,UPPER SERANGOON ROAD,19,Non-Landed Properties,2,"3,500",60 to 70,600 to 700,Sep-23
THE MINTON,HOUGANG STREET 11,19,Non-Landed Properties,2,"4,200",100 to 110,"1,000 to 1,100",Sep-23
REGENTVILLE,HOUGANG STREET 92,19,Non-Landed Properties,2,"3,900",90 to 100,"900 to 1,000",Sep-23
KENSINGTON SQUARE,JALAN LOKAM,19,Non-Landed Properties,3,"4,500",70 to 80,800 to 900,Sep-23
SUNGLADE,SERANGOON AVENUE 2,19,Non-Landed Properties,2,"4,000",90 to 100,"1,000 to 1,100",Sep-23
KENSINGTON SQUARE,JALAN LOKAM,19,Non-Landed Properties,2,"2,350",90 to 100,"1,000 to 1,100",Sep-23
PARC CENTROS,PUNGGOL CENTRAL,19,Non-Landed Properties,4,"4,950",120 to 130,"1,300 to 1,400",Sep-23
THE SCALA,SERANGOON AVENUE 3,19,Non-Landed Properties,2,"4,700",70 to 80,800 to 900,Sep-23
RIVERSAILS,UPPER SERANGOON CRESCENT,19,Non-Landed Properties,2,"3,500",80 to 90,800 to 900,Sep-23
RIVERSOUND RESIDENCE,SENGKANG EAST AVENUE,19,Non-Landed Properties,4,"4,500",110 to 120,"1,200 to 1,300",Sep-23
WATERTOWN,PUNGGOL CENTRAL,19,Non-Landed Properties,4,"7,000",120 to 130,"1,300 to 1,400",Sep-23
AFFINITY AT SERANGOON,SERANGOON NORTH AVENUE 1,19,Non-Landed Properties,NA,"2,850",40 to 50,400 to 500,Sep-23
RIVERFRONT RESIDENCES,HOUGANG AVENUE 7,19,Non-Landed Properties,NA,"4,000",60 to 70,700 to 800,Sep-23
RIVERFRONT RESIDENCES,HOUGANG AVENUE 7,19,Non-Landed Properties,NA,"3,000",40 to 50,400 to 500,Sep-23
KINGSFORD WATERBAY,UPPER SERANGOON VIEW,19,Non-Landed Properties,1,"2,800",40 to 50,400 to 500,Sep-23
CHERRYHILL,LORONG LEW LIAN,19,Non-Landed Properties,3,"4,800",160 to 170,"1,700 to 1,800",Sep-23
AFFINITY AT SERANGOON,SERANGOON NORTH AVENUE 1,19,Non-Landed Properties,NA,"3,000",40 to 50,400 to 500,Sep-23
PARC VERA,HOUGANG STREET 32,19,Non-Landed Properties,2,"3,300",70 to 80,700 to 800,Sep-23
JEWEL @ BUANGKOK,COMPASSVALE BOW,19,Non-Landed Properties,2,"3,600",60 to 70,700 to 800,Sep-23
AFFINITY AT SERANGOON,SERANGOON NORTH AVENUE 1,19,Non-Landed Properties,2,"4,000",60 to 70,700 to 800,Sep-23
AFFINITY AT SERANGOON,SERANGOON NORTH AVENUE 1,19,Non-Landed Properties,3,"4,700",80 to 90,"900 to 1,000",Sep-23
THE SCALA,SERANGOON AVENUE 3,19,Non-Landed Properties,2,"5,000",70 to 80,800 to 900,Sep-23
REGENTVILLE,HOUGANG STREET 92,19,Non-Landed Properties,3,"4,000",100 to 110,"1,100 to 1,200",Sep-23
THE PROMENADE@PELIKAT,JALAN PELIKAT,19,Non-Landed Properties,2,"3,500",90 to 100,"900 to 1,000",Sep-23
STARS OF KOVAN,UPPER SERANGOON ROAD,19,Non-Landed Properties,2,"4,100",60 to 70,700 to 800,Sep-23
AMARANDA GARDENS,SERANGOON AVENUE 3,19,Non-Landed Properties,3,"4,800",100 to 110,"1,100 to 1,200",Sep-23
KOVAN MELODY,KOVAN ROAD,19,Non-Landed Properties,2,"4,080",80 to 90,"900 to 1,000",Sep-23
THE SCALA,SERANGOON AVENUE 3,19,Non-Landed Properties,1,"3,300",40 to 50,400 to 500,Sep-23
BOTANIQUE AT BARTLEY,UPPER PAYA LEBAR ROAD,19,Non-Landed Properties,2,"3,900",60 to 70,700 to 800,Sep-23
BOTANIQUE AT BARTLEY,UPPER PAYA LEBAR ROAD,19,Non-Landed Properties,3,"5,500",100 to 110,"1,100 to 1,200",Sep-23
BOATHOUSE RESIDENCES,UPPER SERANGOON VIEW,19,Non-Landed Properties,2,"3,950",70 to 80,800 to 900,Sep-23
THE VUE,UPPER PAYA LEBAR ROAD,19,Non-Landed Properties,3,"3,400",80 to 90,"900 to 1,000",Sep-23
RIVERFRONT RESIDENCES,HOUGANG AVENUE 7,19,Non-Landed Properties,NA,"3,300",50 to 60,600 to 700,Sep-23
RIVERFRONT RESIDENCES,HOUGANG AVENUE 7,19,Non-Landed Properties,NA,"3,400",50 to 60,600 to 700,Sep-23
RIO VISTA,UPPER SERANGOON VIEW,19,Non-Landed Properties,3,"4,100",110 to 120,"1,200 to 1,300",Sep-23
AFFINITY AT SERANGOON,SERANGOON NORTH AVENUE 1,19,Non-Landed Properties,1,"3,050",50 to 60,500 to 600,Sep-23
RIVERFRONT RESIDENCES,HOUGANG AVENUE 7,19,Non-Landed Properties,NA,"5,100",90 to 100,"1,000 to 1,100",Sep-23
AFFINITY AT SERANGOON,SERANGOON NORTH AVENUE 1,19,Non-Landed Properties,2,"3,500",50 to 60,600 to 700,Sep-23
AFFINITY AT SERANGOON,SERANGOON NORTH AVENUE 1,19,Non-Landed Properties,1,"2,800",40 to 50,400 to 500,Sep-23
AFFINITY AT SERANGOON,SERANGOON NORTH AVENUE 1,19,Non-Landed Properties,2,"3,200",50 to 60,600 to 700,Sep-23
THE LUXURIE,COMPASSVALE ROAD,19,Non-Landed Properties,2,"3,700",70 to 80,700 to 800,Sep-23
THE PROMENADE@PELIKAT,JALAN PELIKAT,19,Non-Landed Properties,1,"2,400",40 to 50,400 to 500,Sep-23
BOTANIQUE AT BARTLEY,UPPER PAYA LEBAR ROAD,19,Non-Landed Properties,2,"3,900",60 to 70,700 to 800,Sep-23
SPACE @ KOVAN,YIO CHU KANG ROAD,19,Non-Landed Properties,2,"2,600",50 to 60,500 to 600,Sep-23
RIVERFRONT RESIDENCES,HOUGANG AVENUE 7,19,Non-Landed Properties,NA,"2,900",40 to 50,500 to 600,Aug-23
AFFINITY AT SERANGOON,SERANGOON NORTH AVENUE 1,19,Non-Landed Properties,1,"3,500",40 to 50,400 to 500,Aug-23
BARTLEY RESIDENCES,LORONG HOW SUN,19,Non-Landed Properties,4,"4,500",140 to 150,"1,600 to 1,700",Aug-23
ROSALIA PARK,LORONG ONG LYE,19,Non-Landed Properties,2,"3,000",100 to 110,"1,100 to 1,200",Aug-23
SPACE @ KOVAN,YIO CHU KANG ROAD,19,Non-Landed Properties,2,"4,200",90 to 100,"900 to 1,000",Aug-23
RIVERFRONT RESIDENCES,HOUGANG AVENUE 7,19,Non-Landed Properties,NA,"3,100",40 to 50,400 to 500,Aug-23
PARC CENTROS,PUNGGOL CENTRAL,19,Non-Landed Properties,1,"3,000",40 to 50,400 to 500,Aug-23
THE CHUAN,LORONG CHUAN,19,Non-Landed Properties,3,"6,800",120 to 130,"1,300 to 1,400",Aug-23
FOREST WOODS,LORONG LEW LIAN,19,Non-Landed Properties,2,"4,000",50 to 60,600 to 700,Aug-23
FLO RESIDENCE,PUNGGOL FIELD WALK,19,Non-Landed Properties,3,"4,250",80 to 90,"900 to 1,000",Aug-23
STARS OF KOVAN,UPPER SERANGOON ROAD,19,Non-Landed Properties,2,"4,100",60 to 70,700 to 800,Aug-23
THE SPRINGBLOOM,SERANGOON AVENUE 3,19,Non-Landed Properties,2,"2,200",100 to 110,"1,100 to 1,200",Aug-23
KINGSFORD WATERBAY,UPPER SERANGOON VIEW,19,Non-Landed Properties,1,"2,950",40 to 50,400 to 500,Aug-23
KENSINGTON SQUARE,JALAN LOKAM,19,Non-Landed Properties,1,"3,200",60 to 70,700 to 800,Aug-23
THE MINTON,HOUGANG STREET 11,19,Non-Landed Properties,2,"4,100",90 to 100,"900 to 1,000",Aug-23
KINGSFORD WATERBAY,UPPER SERANGOON VIEW,19,Non-Landed Properties,2,"3,200",60 to 70,600 to 700,Aug-23
KINGSFORD WATERBAY,UPPER SERANGOON VIEW,19,Non-Landed Properties,2,"3,400",60 to 70,600 to 700,Aug-23
KENSINGTON PARK CONDOMINIUM,KENSINGTON PARK DRIVE,19,Non-Landed Properties,3,"4,750",160 to 170,"1,700 to 1,800",Aug-23
CARDIFF RESIDENCE,CARDIFF GROVE,19,Non-Landed Properties,1,"2,500",40 to 50,400 to 500,Aug-23
COMPASS HEIGHTS,SENGKANG SQUARE,19,Non-Landed Properties,1,"3,000",60 to 70,600 to 700,Aug-23
COMPASS HEIGHTS,SENGKANG SQUARE,19,Non-Landed Properties,4,"6,400",140 to 150,"1,500 to 1,600",Aug-23
RIVERFRONT RESIDENCES,HOUGANG AVENUE 7,19,Non-Landed Properties,NA,"2,800",40 to 50,400 to 500,Aug-23
AFFINITY AT SERANGOON,SERANGOON NORTH AVENUE 1,19,Non-Landed Properties,1,"2,800",40 to 50,400 to 500,Aug-23
CAMBIO SUITES,LIM TUA TOW ROAD,19,Non-Landed Properties,3,"3,250",80 to 90,800 to 900,Aug-23
FONTAINE PARRY,POH HUAT ROAD,19,Non-Landed Properties,3,"6,000",220 to 230,"2,300 to 2,400",Aug-23
AFFINITY AT SERANGOON,SERANGOON NORTH AVENUE 1,19,Non-Landed Properties,1,"3,100",50 to 60,500 to 600,Aug-23
KENSINGTON PARK CONDOMINIUM,KENSINGTON PARK DRIVE,19,Non-Landed Properties,3,"5,800",150 to 160,"1,600 to 1,700",Aug-23
ISUITES @ PALM,GLASGOW ROAD,19,Non-Landed Properties,2,"3,100",50 to 60,600 to 700,Aug-23
REGENTVILLE,HOUGANG STREET 92,19,Non-Landed Properties,3,"4,200",100 to 110,"1,100 to 1,200",Aug-23
LA DOLCE VITA,UPPER PAYA LEBAR ROAD,19,Non-Landed Properties,3,"7,800",210 to 220,"2,200 to 2,300",Aug-23
A TREASURE TROVE,PUNGGOL WALK,19,Non-Landed Properties,2,"3,650",70 to 80,700 to 800,Aug-23
BOTANIQUE AT BARTLEY,UPPER PAYA LEBAR ROAD,19,Non-Landed Properties,1,"3,200",40 to 50,400 to 500,Aug-23
CHUAN PARK (DEMOLISHED),LORONG CHUAN,19,Non-Landed Properties,2,"5,300",190 to 200,"2,000 to 2,100",Aug-23
AFFINITY AT SERANGOON,SERANGOON NORTH AVENUE 1,19,Non-Landed Properties,1,"3,200",40 to 50,400 to 500,Aug-23
KOVAN MELODY,KOVAN ROAD,19,Non-Landed Properties,3,"5,400",120 to 130,"1,200 to 1,300",Aug-23
RIVERFRONT RESIDENCES,HOUGANG AVENUE 7,19,Non-Landed Properties,NA,"3,000",40 to 50,500 to 600,Aug-23
THE MINTON,HOUGANG STREET 11,19,Non-Landed Properties,2,"4,200",90 to 100,"900 to 1,000",Aug-23
AFFINITY AT SERANGOON,SERANGOON NORTH AVENUE 1,19,Non-Landed Properties,1,"3,100",40 to 50,400 to 500,Aug-23
JEWEL @ BUANGKOK,COMPASSVALE BOW,19,Non-Landed Properties,1,"2,800",40 to 50,400 to 500,Aug-23
THE PROMENADE@PELIKAT,JALAN PELIKAT,19,Non-Landed Properties,2,"3,650",110 to 120,"1,200 to 1,300",Aug-23
RIVER ISLES,EDGEDALE PLAINS,19,Non-Landed Properties,2,"2,300",70 to 80,700 to 800,Aug-23
AFFINITY AT SERANGOON,SERANGOON NORTH AVENUE 1,19,Non-Landed Properties,1,"3,000",40 to 50,400 to 500,Aug-23
STARS OF KOVAN,UPPER SERANGOON ROAD,19,Non-Landed Properties,2,"4,200",60 to 70,700 to 800,Aug-23
THE GARDEN RESIDENCES,SERANGOON NORTH VIEW,19,Non-Landed Properties,2,"3,900",70 to 80,700 to 800,Aug-23
BAYOU RESIDENCE,UPPER PAYA LEBAR ROAD,19,Non-Landed Properties,3,"4,200",80 to 90,"900 to 1,000",Aug-23
LA FIESTA,SENGKANG SQUARE,19,Non-Landed Properties,3,"4,300",70 to 80,800 to 900,Aug-23
RIVERFRONT RESIDENCES,HOUGANG AVENUE 7,19,Non-Landed Properties,NA,"3,350",50 to 60,600 to 700,Aug-23
LA FIESTA,SENGKANG SQUARE,19,Non-Landed Properties,2,"3,800",70 to 80,700 to 800,Aug-23
CARDIFF RESIDENCE,CARDIFF GROVE,19,Non-Landed Properties,1,"2,800",30 to 40,400 to 500,Aug-23
THE LUXURIE,COMPASSVALE ROAD,19,Non-Landed Properties,2,"3,300",70 to 80,700 to 800,Aug-23
COMPASS HEIGHTS,SENGKANG SQUARE,19,Non-Landed Properties,1,"3,100",60 to 70,600 to 700,Aug-23
THE SCALA,SERANGOON AVENUE 3,19,Non-Landed Properties,1,"3,300",40 to 50,400 to 500,Aug-23
KINGSFORD WATERBAY,UPPER SERANGOON VIEW,19,Non-Landed Properties,1,"2,250",40 to 50,400 to 500,Aug-23
SUNGLADE,SERANGOON AVENUE 2,19,Non-Landed Properties,3,"5,300",110 to 120,"1,200 to 1,300",Aug-23
THE QUARTZ,COMPASSVALE BOW,19,Non-Landed Properties,NA,"4,500",100 to 110,"1,100 to 1,200",Aug-23
AFFINITY AT SERANGOON,SERANGOON NORTH AVENUE 1,19,Non-Landed Properties,3,"5,000",100 to 110,"1,000 to 1,100",Aug-23
PARC CENTROS,PUNGGOL CENTRAL,19,Non-Landed Properties,1,"3,000",40 to 50,400 to 500,Aug-23
AFFINITY AT SERANGOON,SERANGOON NORTH AVENUE 1,19,Non-Landed Properties,1,"2,750",40 to 50,400 to 500,Aug-23
PARC CENTROS,PUNGGOL CENTRAL,19,Non-Landed Properties,3,"4,000",90 to 100,"900 to 1,000",Aug-23
RIVERFRONT RESIDENCES,HOUGANG AVENUE 7,19,Non-Landed Properties,NA,"3,000",40 to 50,400 to 500,Aug-23
BOTANIQUE AT BARTLEY,UPPER PAYA LEBAR ROAD,19,Non-Landed Properties,2,"3,600",60 to 70,700 to 800,Aug-23
RIVERFRONT RESIDENCES,HOUGANG AVENUE 7,19,Non-Landed Properties,NA,"2,600",40 to 50,400 to 500,Aug-23
FOREST WOODS,LORONG LEW LIAN,19,Non-Landed Properties,1,"3,300",40 to 50,500 to 600,Aug-23
KOVAN RESIDENCES,KOVAN ROAD,19,Non-Landed Properties,3,"5,500",110 to 120,"1,200 to 1,300",Aug-23
AFFINITY AT SERANGOON,SERANGOON NORTH AVENUE 1,19,Non-Landed Properties,1,"3,000",50 to 60,500 to 600,Aug-23
VIBES @ KOVAN,KOVAN ROAD,19,Non-Landed Properties,1,"2,200",40 to 50,400 to 500,Aug-23
THE MINTON,HOUGANG STREET 11,19,Non-Landed Properties,3,"5,700",120 to 130,"1,300 to 1,400",Aug-23
RIVERSAILS,UPPER SERANGOON CRESCENT,19,Non-Landed Properties,2,"3,600",80 to 90,800 to 900,Aug-23
RIVERFRONT RESIDENCES,HOUGANG AVENUE 7,19,Non-Landed Properties,NA,"3,500",50 to 60,600 to 700,Aug-23
KOVAN RESIDENCES,KOVAN ROAD,19,Non-Landed Properties,4,"6,000",130 to 140,"1,400 to 1,500",Aug-23
LA FIESTA,SENGKANG SQUARE,19,Non-Landed Properties,3,"4,000",70 to 80,800 to 900,Aug-23
JEWEL @ BUANGKOK,COMPASSVALE BOW,19,Non-Landed Properties,2,"3,500",60 to 70,700 to 800,Aug-23
AFFINITY AT SERANGOON,SERANGOON NORTH AVENUE 1,19,Non-Landed Properties,2,"3,600",50 to 60,600 to 700,Aug-23
RIVERSAILS,UPPER SERANGOON CRESCENT,19,Non-Landed Properties,2,"4,500",80 to 90,"900 to 1,000",Aug-23
WATERTOWN,PUNGGOL CENTRAL,19,Non-Landed Properties,1,"3,400",40 to 50,500 to 600,Aug-23
PARC CENTROS,PUNGGOL CENTRAL,19,Non-Landed Properties,2,"3,800",70 to 80,700 to 800,Aug-23
PARC CENTROS,PUNGGOL CENTRAL,19,Non-Landed Properties,2,"3,800",70 to 80,700 to 800,Aug-23
EVERGREEN PARK,HOUGANG AVENUE 7,19,Non-Landed Properties,4,"4,800",120 to 130,"1,300 to 1,400",Aug-23
STARS OF KOVAN,UPPER SERANGOON ROAD,19,Non-Landed Properties,2,"3,750",70 to 80,700 to 800,Aug-23
KOVAN RESIDENCES,KOVAN ROAD,19,Non-Landed Properties,3,"5,300",110 to 120,"1,200 to 1,300",Aug-23
RIVERFRONT RESIDENCES,HOUGANG AVENUE 7,19,Non-Landed Properties,NA,"3,200",40 to 50,500 to 600,Aug-23
PARC VERA,HOUGANG STREET 32,19,Non-Landed Properties,2,"3,100",70 to 80,700 to 800,Aug-23
KENSINGTON PARK CONDOMINIUM,KENSINGTON PARK DRIVE,19,Non-Landed Properties,3,"5,000",150 to 160,"1,600 to 1,700",Aug-23
FOREST WOODS,LORONG LEW LIAN,19,Non-Landed Properties,2,"3,900",60 to 70,700 to 800,Aug-23
BOTANIQUE AT BARTLEY,UPPER PAYA LEBAR ROAD,19,Non-Landed Properties,1,"3,500",40 to 50,500 to 600,Aug-23
LA DOLCE VITA,UPPER PAYA LEBAR ROAD,19,Non-Landed Properties,3,"5,500",120 to 130,"1,300 to 1,400",Aug-23
BARTLEY RESIDENCES,LORONG HOW SUN,19,Non-Landed Properties,1,"3,200",40 to 50,400 to 500,Aug-23
BOTANIQUE AT BARTLEY,UPPER PAYA LEBAR ROAD,19,Non-Landed Properties,1,"3,200",40 to 50,500 to 600,Aug-23
RIVERFRONT RESIDENCES,HOUGANG AVENUE 7,19,Non-Landed Properties,NA,"2,950",40 to 50,400 to 500,Aug-23
WATERTOWN,PUNGGOL CENTRAL,19,Non-Landed Properties,1,"3,200",40 to 50,500 to 600,Aug-23
TANGERINE GROVE,PAYA LEBAR CRESCENT,19,Non-Landed Properties,3,"4,700",110 to 120,"1,100 to 1,200",Aug-23
AFFINITY AT SERANGOON,SERANGOON NORTH AVENUE 1,19,Non-Landed Properties,2,"3,800",70 to 80,700 to 800,Aug-23
AFFINITY AT SERANGOON,SERANGOON NORTH AVENUE 1,19,Non-Landed Properties,1,"3,200",50 to 60,500 to 600,Aug-23
THE GARDEN RESIDENCES,SERANGOON NORTH VIEW,19,Non-Landed Properties,1,"3,050",40 to 50,400 to 500,Aug-23
WATERTOWN,PUNGGOL CENTRAL,19,Non-Landed Properties,1,"3,300",40 to 50,500 to 600,Aug-23
RIVERFRONT RESIDENCES,HOUGANG AVENUE 7,19,Non-Landed Properties,NA,"3,300",50 to 60,500 to 600,Aug-23
NOUVELLE PARK,POH HUAT ROAD WEST,19,Non-Landed Properties,3,"3,900",100 to 110,"1,100 to 1,200",Aug-23
AFFINITY AT SERANGOON,SERANGOON NORTH AVENUE 1,19,Non-Landed Properties,1,"2,900",40 to 50,400 to 500,Aug-23
THE MINTON,HOUGANG STREET 11,19,Non-Landed Properties,3,"5,000",110 to 120,"1,200 to 1,300",Aug-23
LA FIESTA,SENGKANG SQUARE,19,Non-Landed Properties,2,"3,600",70 to 80,700 to 800,Aug-23
A TREASURE TROVE,PUNGGOL WALK,19,Non-Landed Properties,2,"3,700",70 to 80,700 to 800,Aug-23
AFFINITY AT SERANGOON,SERANGOON NORTH AVENUE 1,19,Non-Landed Properties,2,"4,500",50 to 60,600 to 700,Aug-23
RIVERFRONT RESIDENCES,HOUGANG AVENUE 7,19,Non-Landed Properties,NA,"4,250",80 to 90,800 to 900,Aug-23
FONTAINE PARRY,POH HUAT ROAD,19,Non-Landed Properties,2,"3,600",70 to 80,800 to 900,Aug-23
THE MINTON,HOUGANG STREET 11,19,Non-Landed Properties,NA,"3,600",50 to 60,600 to 700,Aug-23
THE TEMBUSU,TAMPINES ROAD,19,Non-Landed Properties,1,"3,100",40 to 50,400 to 500,Aug-23
CHUAN PARK (DEMOLISHED),LORONG CHUAN,19,Non-Landed Properties,4,"5,000",170 to 180,"1,800 to 1,900",Aug-23
RIVERFRONT RESIDENCES,HOUGANG AVENUE 7,19,Non-Landed Properties,NA,"3,300",40 to 50,500 to 600,Aug-23
LA FIESTA,SENGKANG SQUARE,19,Non-Landed Properties,4,"5,200",100 to 110,"1,000 to 1,100",Aug-23
THE LUXURIE,COMPASSVALE ROAD,19,Non-Landed Properties,2,"3,600",60 to 70,700 to 800,Aug-23
KOVAN REGENCY,KOVAN RISE,19,Non-Landed Properties,2,"3,700",50 to 60,500 to 600,Aug-23
THE GAZANIA,HOW SUN DRIVE,19,Non-Landed Properties,2,"4,200",60 to 70,600 to 700,Aug-23
THE LUXURIE,COMPASSVALE ROAD,19,Non-Landed Properties,1,"2,900",40 to 50,400 to 500,Aug-23
RIVERFRONT RESIDENCES,HOUGANG AVENUE 7,19,Non-Landed Properties,NA,"3,000",40 to 50,400 to 500,Aug-23
THE YARDLEY,UPPER SERANGOON ROAD,19,Non-Landed Properties,3,"6,200",110 to 120,"1,200 to 1,300",Aug-23
KINGSFORD WATERBAY,UPPER SERANGOON VIEW,19,Non-Landed Properties,3,"4,000",70 to 80,800 to 900,Aug-23
BARTLEY RESIDENCES,LORONG HOW SUN,19,Non-Landed Properties,1,"3,200",40 to 50,400 to 500,Aug-23
BARTLEY RESIDENCES,LORONG HOW SUN,19,Non-Landed Properties,3,"4,800",100 to 110,"1,000 to 1,100",Aug-23
JEWEL @ BUANGKOK,COMPASSVALE BOW,19,Non-Landed Properties,1,"2,900",40 to 50,400 to 500,Aug-23
THE MINTON,HOUGANG STREET 11,19,Non-Landed Properties,4,"8,000",180 to 190,"1,900 to 2,000",Aug-23
THE SCALA,SERANGOON AVENUE 3,19,Non-Landed Properties,2,"4,000",80 to 90,"900 to 1,000",Aug-23
RIVERFRONT RESIDENCES,HOUGANG AVENUE 7,19,Non-Landed Properties,NA,"3,600",60 to 70,700 to 800,Aug-23
THE MINTON,HOUGANG STREET 11,19,Non-Landed Properties,3,"5,600",170 to 180,"1,900 to 2,000",Aug-23
AFFINITY AT SERANGOON,SERANGOON NORTH AVENUE 1,19,Non-Landed Properties,1,"2,900",40 to 50,400 to 500,Aug-23
THE MINTON,HOUGANG STREET 11,19,Non-Landed Properties,2,"3,400",90 to 100,"900 to 1,000",Aug-23
THE LUXURIE,COMPASSVALE ROAD,19,Non-Landed Properties,2,"3,700",60 to 70,700 to 800,Aug-23
THE MINTON,HOUGANG STREET 11,19,Non-Landed Properties,2,"4,700",100 to 110,"1,000 to 1,100",Aug-23
RIVER ISLES,EDGEDALE PLAINS,19,Non-Landed Properties,3,"4,700",100 to 110,"1,100 to 1,200",Aug-23
RIVERFRONT RESIDENCES,HOUGANG AVENUE 7,19,Non-Landed Properties,NA,"4,000",50 to 60,600 to 700,Aug-23
KINGSFORD WATERBAY,UPPER SERANGOON VIEW,19,Non-Landed Properties,2,"3,400",60 to 70,600 to 700,Aug-23
SUNGLADE,SERANGOON AVENUE 2,19,Non-Landed Properties,2,"4,200",90 to 100,"1,000 to 1,100",Aug-23
CHILTERN PARK,SERANGOON AVENUE 3,19,Non-Landed Properties,3,"5,000",110 to 120,"1,200 to 1,300",Aug-23
REGENTVILLE,HOUGANG STREET 92,19,Non-Landed Properties,3,"4,800",100 to 110,"1,000 to 1,100",Aug-23
THE LUXURIE,COMPASSVALE ROAD,19,Non-Landed Properties,3,"3,950",90 to 100,"1,000 to 1,100",Aug-23
THE GAZANIA,HOW SUN DRIVE,19,Non-Landed Properties,2,"3,800",50 to 60,600 to 700,Aug-23
RIVERFRONT RESIDENCES,HOUGANG AVENUE 7,19,Non-Landed Properties,NA,"2,800",50 to 60,500 to 600,Aug-23
BLISS@KOVAN,SIMON LANE,19,Non-Landed Properties,3,"5,100",100 to 110,"1,100 to 1,200",Aug-23
KINGSFORD WATERBAY,UPPER SERANGOON VIEW,19,Non-Landed Properties,2,"3,800",60 to 70,600 to 700,Aug-23
KENSINGTON PARK CONDOMINIUM,KENSINGTON PARK DRIVE,19,Non-Landed Properties,3,"5,000",150 to 160,"1,600 to 1,700",Aug-23
21 RICHARDS,RICHARDS AVENUE,19,Non-Landed Properties,3,"3,900",80 to 90,800 to 900,Aug-23
AFFINITY AT SERANGOON,SERANGOON NORTH AVENUE 1,19,Non-Landed Properties,1,"3,100",40 to 50,400 to 500,Aug-23
STARS OF KOVAN,UPPER SERANGOON ROAD,19,Non-Landed Properties,2,"4,400",60 to 70,700 to 800,Aug-23
LA FIESTA,SENGKANG SQUARE,19,Non-Landed Properties,1,"2,900",50 to 60,500 to 600,Aug-23
A TREASURE TROVE,PUNGGOL WALK,19,Non-Landed Properties,3,"3,650",90 to 100,"1,000 to 1,100",Aug-23
FOREST WOODS,LORONG LEW LIAN,19,Non-Landed Properties,2,"4,450",60 to 70,600 to 700,Aug-23
KOVAN MELODY,KOVAN ROAD,19,Non-Landed Properties,3,"5,100",110 to 120,"1,200 to 1,300",Aug-23
KINGSFORD WATERBAY,UPPER SERANGOON VIEW,19,Non-Landed Properties,3,"4,300",70 to 80,800 to 900,Aug-23
RIO VISTA,UPPER SERANGOON VIEW,19,Non-Landed Properties,3,"4,100",110 to 120,"1,200 to 1,300",Aug-23
LA FIESTA,SENGKANG SQUARE,19,Non-Landed Properties,2,"3,600",70 to 80,700 to 800,Aug-23
THE SPRINGBLOOM,SERANGOON AVENUE 3,19,Non-Landed Properties,4,"5,800",150 to 160,"1,600 to 1,700",Aug-23
FOREST WOODS,LORONG LEW LIAN,19,Non-Landed Properties,3,"5,000",90 to 100,"900 to 1,000",Aug-23
RIVERFRONT RESIDENCES,HOUGANG AVENUE 7,19,Non-Landed Properties,NA,"3,100",40 to 50,400 to 500,Aug-23
STARS OF KOVAN,UPPER SERANGOON ROAD,19,Non-Landed Properties,2,"4,000",60 to 70,700 to 800,Aug-23
THE GAZANIA,HOW SUN DRIVE,19,Non-Landed Properties,2,"4,000",60 to 70,600 to 700,Aug-23
THE TEMBUSU,TAMPINES ROAD,19,Non-Landed Properties,1,"2,650",40 to 50,400 to 500,Aug-23
GLASGOW RESIDENCE,GLASGOW ROAD,19,Non-Landed Properties,2,"3,100",60 to 70,600 to 700,Aug-23
JEWEL @ BUANGKOK,COMPASSVALE BOW,19,Non-Landed Properties,1,"3,000",40 to 50,400 to 500,Aug-23
STADIA,YIO CHU KANG ROAD,19,Non-Landed Properties,1,"2,950",50 to 60,500 to 600,Aug-23
THE GARDEN RESIDENCES,SERANGOON NORTH VIEW,19,Non-Landed Properties,2,"3,800",50 to 60,600 to 700,Aug-23
RIVERFRONT RESIDENCES,HOUGANG AVENUE 7,19,Non-Landed Properties,NA,"3,100",40 to 50,500 to 600,Aug-23
THE MINTON,HOUGANG STREET 11,19,Non-Landed Properties,2,"4,400",90 to 100,"900 to 1,000",Aug-23
KENSINGTON SQUARE,JALAN LOKAM,19,Non-Landed Properties,2,"3,500",50 to 60,600 to 700,Aug-23
KOVAN GRANDEUR,TAMPINES ROAD,19,Non-Landed Properties,1,"2,600",30 to 40,300 to 400,Aug-23
CASA CAMBIO,LIM TUA TOW ROAD,19,Non-Landed Properties,2,"3,500",60 to 70,600 to 700,Aug-23
PARK RESIDENCES KOVAN,UPPER SERANGOON ROAD,19,Non-Landed Properties,1,"2,500",30 to 40,300 to 400,Aug-23
RIVERFRONT RESIDENCES,HOUGANG AVENUE 7,19,Non-Landed Properties,NA,"3,600",40 to 50,400 to 500,Aug-23
NON-LANDED HOUSING DEVELOPMENT,PILLAI ROAD,19,Non-Landed Properties,NA,"2,900",90 to 100,"1,000 to 1,100",Aug-23
FONTAINE PARRY,POH HUAT ROAD,19,Non-Landed Properties,3,"5,000",140 to 150,"1,500 to 1,600",Aug-23
FLO RESIDENCE,PUNGGOL FIELD WALK,19,Non-Landed Properties,2,"4,100",90 to 100,"1,000 to 1,100",Aug-23
AFFINITY AT SERANGOON,SERANGOON NORTH AVENUE 1,19,Non-Landed Properties,NA,"3,150",50 to 60,500 to 600,Aug-23
KOVAN RESIDENCES,KOVAN ROAD,19,Non-Landed Properties,3,"5,500",110 to 120,"1,200 to 1,300",Aug-23
WATERTOWN,PUNGGOL CENTRAL,19,Non-Landed Properties,1,"3,300",50 to 60,500 to 600,Aug-23
JADE RESIDENCES,LEW LIAN VALE,19,Non-Landed Properties,4,"4,800",110 to 120,"1,100 to 1,200",Aug-23
RIVERFRONT RESIDENCES,HOUGANG AVENUE 7,19,Non-Landed Properties,NA,"3,500",50 to 60,600 to 700,Aug-23
RIVERFRONT RESIDENCES,HOUGANG AVENUE 7,19,Non-Landed Properties,NA,"3,000",40 to 50,400 to 500,Aug-23
RIVERSAILS,UPPER SERANGOON CRESCENT,19,Non-Landed Properties,2,"3,700",80 to 90,800 to 900,Aug-23
WATERTOWN,PUNGGOL CENTRAL,19,Non-Landed Properties,3,"5,500",100 to 110,"1,100 to 1,200",Aug-23
KENSINGTON SQUARE,JALAN LOKAM,19,Non-Landed Properties,1,"2,500",40 to 50,400 to 500,Aug-23
THE GARDEN RESIDENCES,SERANGOON NORTH VIEW,19,Non-Landed Properties,3,"4,400",70 to 80,700 to 800,Aug-23
KOVAN MELODY,KOVAN ROAD,19,Non-Landed Properties,3,"4,800",110 to 120,"1,200 to 1,300",Aug-23
FOREST WOODS,LORONG LEW LIAN,19,Non-Landed Properties,1,"3,400",40 to 50,500 to 600,Aug-23
RIO VISTA,UPPER SERANGOON VIEW,19,Non-Landed Properties,2,"4,000",90 to 100,"1,000 to 1,100",Aug-23
RIVERFRONT RESIDENCES,HOUGANG AVENUE 7,19,Non-Landed Properties,NA,"2,850",40 to 50,400 to 500,Aug-23
THE WATERLINE,POH HUAT ROAD WEST,19,Non-Landed Properties,2,"3,500",80 to 90,800 to 900,Aug-23
JEWEL @ BUANGKOK,COMPASSVALE BOW,19,Non-Landed Properties,2,"4,000",70 to 80,700 to 800,Aug-23
KENSINGTON PARK CONDOMINIUM,KENSINGTON PARK DRIVE,19,Non-Landed Properties,3,"5,000",140 to 150,"1,500 to 1,600",Aug-23
THE SCALA,SERANGOON AVENUE 3,19,Non-Landed Properties,1,"3,300",40 to 50,400 to 500,Aug-23
FOREST WOODS,LORONG LEW LIAN,19,Non-Landed Properties,3,"5,300",80 to 90,"900 to 1,000",Aug-23
BOTANIQUE AT BARTLEY,UPPER PAYA LEBAR ROAD,19,Non-Landed Properties,1,"3,500",40 to 50,400 to 500,Aug-23
CHERRYHILL,LORONG LEW LIAN,19,Non-Landed Properties,3,"5,500",140 to 150,"1,500 to 1,600",Aug-23
EVERGREEN PARK,HOUGANG AVENUE 7,19,Non-Landed Properties,3,"3,700",90 to 100,"1,000 to 1,100",Aug-23
THE YARDLEY,UPPER SERANGOON ROAD,19,Non-Landed Properties,3,"5,900",130 to 140,"1,400 to 1,500",Aug-23
AFFINITY AT SERANGOON,SERANGOON NORTH AVENUE 1,19,Non-Landed Properties,NA,"3,000",40 to 50,400 to 500,Aug-23
AMARANDA GARDENS,SERANGOON AVENUE 3,19,Non-Landed Properties,4,"5,400",130 to 140,"1,400 to 1,500",Aug-23
ISUITES @ PALM,GLASGOW ROAD,19,Non-Landed Properties,1,"2,550",40 to 50,400 to 500,Aug-23
VIBES @ KOVAN,KOVAN ROAD,19,Non-Landed Properties,2,"3,400",80 to 90,800 to 900,Aug-23
THE PROMENADE@PELIKAT,JALAN PELIKAT,19,Non-Landed Properties,1,"2,500",40 to 50,400 to 500,Aug-23
FONTAINE PARRY,POH HUAT ROAD,19,Non-Landed Properties,3,"4,800",110 to 120,"1,200 to 1,300",Aug-23
REGENTVILLE,HOUGANG STREET 92,19,Non-Landed Properties,3,"4,200",100 to 110,"1,100 to 1,200",Aug-23
THE QUINN,BARTLEY ROAD,19,Non-Landed Properties,1,"3,100",50 to 60,500 to 600,Aug-23
VIBES@UPPER SERANGOON,UPPER SERANGOON ROAD,19,Non-Landed Properties,1,"2,700",40 to 50,400 to 500,Aug-23
THE WATERLINE,POH HUAT ROAD WEST,19,Non-Landed Properties,4,"7,500",280 to 290,"3,100 to 3,200",Aug-23
PARC CENTROS,PUNGGOL CENTRAL,19,Non-Landed Properties,3,"4,800",100 to 110,"1,100 to 1,200",Aug-23
MIDTOWN RESIDENCES,UPPER SERANGOON ROAD,19,Non-Landed Properties,2,"3,450",60 to 70,600 to 700,Aug-23
AMARANDA GARDENS,SERANGOON AVENUE 3,19,Non-Landed Properties,3,"5,500",100 to 110,"1,100 to 1,200",Aug-23
BOTANIQUE AT BARTLEY,UPPER PAYA LEBAR ROAD,19,Non-Landed Properties,2,"3,900",60 to 70,600 to 700,Aug-23
THE TEMBUSU,TAMPINES ROAD,19,Non-Landed Properties,2,"4,000",70 to 80,700 to 800,Aug-23
AFFINITY AT SERANGOON,SERANGOON NORTH AVENUE 1,19,Non-Landed Properties,NA,"2,900",40 to 50,400 to 500,Aug-23
THE LUXURIE,COMPASSVALE ROAD,19,Non-Landed Properties,2,"3,600",70 to 80,700 to 800,Aug-23
RIVERVALE CREST,RIVERVALE CRESCENT,19,Non-Landed Properties,3,"4,400",110 to 120,"1,200 to 1,300",Aug-23
WATERTOWN,PUNGGOL CENTRAL,19,Non-Landed Properties,NA,"3,500",50 to 60,600 to 700,Aug-23
NON-LANDED HOUSING DEVELOPMENT,UPPER PAYA LEBAR ROAD,19,Non-Landed Properties,NA,"3,800",70 to 80,700 to 800,Aug-23
PARC CENTROS,PUNGGOL CENTRAL,19,Non-Landed Properties,3,"4,300",90 to 100,"900 to 1,000",Aug-23
SPACE @ KOVAN,YIO CHU KANG ROAD,19,Non-Landed Properties,2,"3,400",50 to 60,600 to 700,Aug-23
BOTANIQUE AT BARTLEY,UPPER PAYA LEBAR ROAD,19,Non-Landed Properties,2,"4,000",60 to 70,700 to 800,Aug-23
AFFINITY AT SERANGOON,SERANGOON NORTH AVENUE 1,19,Non-Landed Properties,1,"3,000",40 to 50,400 to 500,Aug-23
THE VUE,UPPER PAYA LEBAR ROAD,19,Non-Landed Properties,1,"2,900",40 to 50,400 to 500,Aug-23
KOVAN GRANDEUR,TAMPINES ROAD,19,Non-Landed Properties,NA,"2,550",30 to 40,300 to 400,Aug-23
BARTLEY RESIDENCES,LORONG HOW SUN,19,Non-Landed Properties,1,"3,100",40 to 50,400 to 500,Aug-23
THE SCALA,SERANGOON AVENUE 3,19,Non-Landed Properties,2,"4,500",70 to 80,800 to 900,Aug-23
RIO VISTA,UPPER SERANGOON VIEW,19,Non-Landed Properties,4,"4,100",120 to 130,"1,300 to 1,400",Aug-23
BOATHOUSE RESIDENCES,UPPER SERANGOON VIEW,19,Non-Landed Properties,3,"4,100",90 to 100,"1,000 to 1,100",Aug-23
RIVER ISLES,EDGEDALE PLAINS,19,Non-Landed Properties,3,"4,100",100 to 110,"1,100 to 1,200",Aug-23
KOVAN ESQUIRE,KOVAN ROAD,19,Non-Landed Properties,3,"3,200",90 to 100,"1,000 to 1,100",Aug-23
NAUNG RESIDENCE,JALAN NAUNG,19,Non-Landed Properties,1,"3,100",50 to 60,500 to 600,Aug-23
AFFINITY AT SERANGOON,SERANGOON NORTH AVENUE 1,19,Non-Landed Properties,1,"3,000",40 to 50,400 to 500,Aug-23
CASA RIVIERA,LIM TUA TOW ROAD,19,Non-Landed Properties,NA,"4,100",110 to 120,"1,200 to 1,300",Aug-23
BARTLEY RESIDENCES,LORONG HOW SUN,19,Non-Landed Properties,2,"4,400",70 to 80,800 to 900,Aug-23
LA FIESTA,SENGKANG SQUARE,19,Non-Landed Properties,3,"4,000",70 to 80,800 to 900,Aug-23
RIVERFRONT RESIDENCES,HOUGANG AVENUE 7,19,Non-Landed Properties,NA,"3,000",40 to 50,500 to 600,Aug-23
KENSINGTON PARK CONDOMINIUM,KENSINGTON PARK DRIVE,19,Non-Landed Properties,NA,"6,000",180 to 190,"1,900 to 2,000",Aug-23
RIVERFRONT RESIDENCES,HOUGANG AVENUE 7,19,Non-Landed Properties,NA,"3,000",40 to 50,400 to 500,Aug-23
RIVERFRONT RESIDENCES,HOUGANG AVENUE 7,19,Non-Landed Properties,NA,"4,000",60 to 70,700 to 800,Aug-23
PARC CENTROS,PUNGGOL CENTRAL,19,Non-Landed Properties,1,"3,200",40 to 50,400 to 500,Aug-23
CASA CAMBIO,LIM TUA TOW ROAD,19,Non-Landed Properties,1,"2,700",30 to 40,400 to 500,Aug-23
TRILIVE,TAMPINES ROAD,19,Non-Landed Properties,3,"4,400",80 to 90,"900 to 1,000",Aug-23
RIVERSAILS,UPPER SERANGOON CRESCENT,19,Non-Landed Properties,1,"2,900",40 to 50,500 to 600,Aug-23
AFFINITY AT SERANGOON,SERANGOON NORTH AVENUE 1,19,Non-Landed Properties,1,"3,100",40 to 50,400 to 500,Aug-23
KOVAN REGENCY,KOVAN RISE,19,Non-Landed Properties,3,"4,100",80 to 90,800 to 900,Aug-23
THE MINTON,HOUGANG STREET 11,19,Non-Landed Properties,2,"4,600",90 to 100,"900 to 1,000",Aug-23
CARDIFF RESIDENCE,CARDIFF GROVE,19,Non-Landed Properties,1,"3,600",40 to 50,400 to 500,Aug-23
THE SPRINGBLOOM,SERANGOON AVENUE 3,19,Non-Landed Properties,4,"6,000",150 to 160,"1,600 to 1,700",Aug-23
ISUITES @ PALM,GLASGOW ROAD,19,Non-Landed Properties,1,"2,600",40 to 50,400 to 500,Aug-23
THE GAZANIA,HOW SUN DRIVE,19,Non-Landed Properties,2,"4,000",60 to 70,600 to 700,Aug-23
CHILTERN PARK,SERANGOON AVENUE 3,19,Non-Landed Properties,3,"5,700",140 to 150,"1,500 to 1,600",Aug-23
KENSINGTON PARK CONDOMINIUM,KENSINGTON PARK DRIVE,19,Non-Landed Properties,3,"4,800",150 to 160,"1,600 to 1,700",Aug-23
CASA CAMBIO,LIM TUA TOW ROAD,19,Non-Landed Properties,1,"3,000",30 to 40,400 to 500,Aug-23
FORTUNE PARK,TAMPINES ROAD,19,Non-Landed Properties,3,"2,500",110 to 120,"1,200 to 1,300",Aug-23
LA FIESTA,SENGKANG SQUARE,19,Non-Landed Properties,3,"4,800",70 to 80,800 to 900,Aug-23
THE GAZANIA,HOW SUN DRIVE,19,Non-Landed Properties,2,"4,100",50 to 60,600 to 700,Aug-23
RIVERFRONT RESIDENCES,HOUGANG AVENUE 7,19,Non-Landed Properties,NA,"3,580",60 to 70,700 to 800,Aug-23
JEWEL @ BUANGKOK,COMPASSVALE BOW,19,Non-Landed Properties,3,"4,300",100 to 110,"1,100 to 1,200",Aug-23
RIVERSAILS,UPPER SERANGOON CRESCENT,19,Non-Landed Properties,2,"3,700",80 to 90,800 to 900,Aug-23
CHUAN PARK (DEMOLISHED),LORONG CHUAN,19,Non-Landed Properties,3,"4,500",140 to 150,"1,500 to 1,600",Aug-23
THE MINTON,HOUGANG STREET 11,19,Non-Landed Properties,3,"5,000",130 to 140,"1,400 to 1,500",Aug-23
KINGSFORD WATERBAY,UPPER SERANGOON VIEW,19,Non-Landed Properties,2,"3,500",60 to 70,600 to 700,Aug-23
PARKWOOD RESIDENCES,YIO CHU KANG ROAD,19,Non-Landed Properties,NA,"4,300",80 to 90,800 to 900,Aug-23
THE GARDEN RESIDENCES,SERANGOON NORTH VIEW,19,Non-Landed Properties,2,"3,650",50 to 60,600 to 700,Aug-23
A TREASURE TROVE,PUNGGOL WALK,19,Non-Landed Properties,3,"5,050",110 to 120,"1,200 to 1,300",Aug-23
THE PROMENADE@PELIKAT,JALAN PELIKAT,19,Non-Landed Properties,1,"2,400",30 to 40,400 to 500,Aug-23
BOTANIQUE AT BARTLEY,UPPER PAYA LEBAR ROAD,19,Non-Landed Properties,1,"3,200",40 to 50,500 to 600,Aug-23
THE PROMENADE@PELIKAT,JALAN PELIKAT,19,Non-Landed Properties,1,"2,200",40 to 50,400 to 500,Aug-23
FOREST WOODS,LORONG LEW LIAN,19,Non-Landed Properties,3,"5,500",80 to 90,"900 to 1,000",Aug-23
KOVAN RESIDENCES,KOVAN ROAD,19,Non-Landed Properties,4,"6,500",180 to 190,"2,000 to 2,100",Aug-23
TRILIVE,TAMPINES ROAD,19,Non-Landed Properties,2,"3,000",60 to 70,600 to 700,Aug-23
RIVERFRONT RESIDENCES,HOUGANG AVENUE 7,19,Non-Landed Properties,NA,"3,100",40 to 50,500 to 600,Aug-23
RIVERVALE CREST,RIVERVALE CRESCENT,19,Non-Landed Properties,3,"4,400",110 to 120,"1,200 to 1,300",Aug-23
A TREASURE TROVE,PUNGGOL WALK,19,Non-Landed Properties,2,"3,900",70 to 80,700 to 800,Aug-23
KINGSFORD WATERBAY,UPPER SERANGOON VIEW,19,Non-Landed Properties,3,"3,900",70 to 80,800 to 900,Aug-23
RIVERFRONT RESIDENCES,HOUGANG AVENUE 7,19,Non-Landed Properties,NA,"4,700",80 to 90,"900 to 1,000",Aug-23
PALM HAVEN,PALM GROVE AVENUE,19,Non-Landed Properties,2,"3,700",100 to 110,"1,000 to 1,100",Aug-23
THE GARDEN RESIDENCES,SERANGOON NORTH VIEW,19,Non-Landed Properties,3,"4,500",80 to 90,"900 to 1,000",Aug-23
PARC CENTROS,PUNGGOL CENTRAL,19,Non-Landed Properties,1,"3,000",40 to 50,400 to 500,Aug-23
RIVERSAILS,UPPER SERANGOON CRESCENT,19,Non-Landed Properties,1,"2,800",40 to 50,500 to 600,Aug-23
RIVERFRONT RESIDENCES,HOUGANG AVENUE 7,19,Non-Landed Properties,NA,"3,000",40 to 50,400 to 500,Aug-23
THE MINTON,HOUGANG STREET 11,19,Non-Landed Properties,NA,"3,000",60 to 70,600 to 700,Aug-23
WATERTOWN,PUNGGOL CENTRAL,19,Non-Landed Properties,NA,"3,400",50 to 60,600 to 700,Aug-23
SUNGLADE,SERANGOON AVENUE 2,19,Non-Landed Properties,2,"4,000",90 to 100,"1,000 to 1,100",Aug-23
RIVERFRONT RESIDENCES,HOUGANG AVENUE 7,19,Non-Landed Properties,NA,"3,700",60 to 70,700 to 800,Aug-23
BOTANIQUE AT BARTLEY,UPPER PAYA LEBAR ROAD,19,Non-Landed Properties,1,"3,250",40 to 50,500 to 600,Aug-23
BARTLEY RESIDENCES,LORONG HOW SUN,19,Non-Landed Properties,1,"3,350",40 to 50,400 to 500,Aug-23
BARTLEY RESIDENCES,LORONG HOW SUN,19,Non-Landed Properties,1,"2,800",40 to 50,400 to 500,Aug-23
URBAN RESIDENCES,LORONG AH SOO,19,Non-Landed Properties,3,"3,400",90 to 100,"1,000 to 1,100",Aug-23
RIVERFRONT RESIDENCES,HOUGANG AVENUE 7,19,Non-Landed Properties,NA,"2,900",40 to 50,400 to 500,Aug-23
CASA CAMBIO,LIM TUA TOW ROAD,19,Non-Landed Properties,2,"3,300",60 to 70,700 to 800,Aug-23
THE QUARTZ,COMPASSVALE BOW,19,Non-Landed Properties,NA,"4,700",100 to 110,"1,000 to 1,100",Aug-23
LA FIESTA,SENGKANG SQUARE,19,Non-Landed Properties,3,"4,450",70 to 80,800 to 900,Aug-23
JEWEL @ BUANGKOK,COMPASSVALE BOW,19,Non-Landed Properties,2,"3,800",60 to 70,700 to 800,Aug-23
JEWEL @ BUANGKOK,COMPASSVALE BOW,19,Non-Landed Properties,3,"4,500",80 to 90,800 to 900,Aug-23
FOREST WOODS,LORONG LEW LIAN,19,Non-Landed Properties,2,"4,000",60 to 70,600 to 700,Aug-23
THE SCALA,SERANGOON AVENUE 3,19,Non-Landed Properties,2,"4,200",80 to 90,800 to 900,Aug-23
RIO VISTA,UPPER SERANGOON VIEW,19,Non-Landed Properties,3,"4,500",110 to 120,"1,200 to 1,300",Aug-23
THE SCALA,SERANGOON AVENUE 3,19,Non-Landed Properties,3,"6,400",90 to 100,"1,000 to 1,100",Aug-23
PARC VERA,HOUGANG STREET 32,19,Non-Landed Properties,2,"4,000",80 to 90,800 to 900,Aug-23
RIVERSOUND RESIDENCE,SENGKANG EAST AVENUE,19,Non-Landed Properties,1,"2,850",40 to 50,400 to 500,Aug-23
SPAZIO @ KOVAN,UPPER SERANGOON ROAD,19,Non-Landed Properties,3,"3,300",70 to 80,700 to 800,Aug-23
RIVERFRONT RESIDENCES,HOUGANG AVENUE 7,19,Non-Landed Properties,NA,"2,900",40 to 50,400 to 500,Aug-23
KINGSFORD WATERBAY,UPPER SERANGOON VIEW,19,Non-Landed Properties,3,"4,300",70 to 80,800 to 900,Aug-23
PARC CENTROS,PUNGGOL CENTRAL,19,Non-Landed Properties,2,"3,750",70 to 80,700 to 800,Aug-23
FOREST WOODS,LORONG LEW LIAN,19,Non-Landed Properties,2,"4,000",50 to 60,600 to 700,Aug-23
BOTANIQUE AT BARTLEY,UPPER PAYA LEBAR ROAD,19,Non-Landed Properties,2,"3,900",70 to 80,700 to 800,Aug-23
CASA CAMBIO,LIM TUA TOW ROAD,19,Non-Landed Properties,1,"2,750",40 to 50,400 to 500,Aug-23
RIVERFRONT RESIDENCES,HOUGANG AVENUE 7,19,Non-Landed Properties,NA,"3,000",40 to 50,500 to 600,Aug-23
RIVERFRONT RESIDENCES,HOUGANG AVENUE 7,19,Non-Landed Properties,NA,"3,700",60 to 70,700 to 800,Aug-23
A TREASURE TROVE,PUNGGOL WALK,19,Non-Landed Properties,3,"4,800",110 to 120,"1,200 to 1,300",Aug-23
THE MINTON,HOUGANG STREET 11,19,Non-Landed Properties,2,"4,250",90 to 100,"900 to 1,000",Aug-23
BOTANIQUE AT BARTLEY,UPPER PAYA LEBAR ROAD,19,Non-Landed Properties,2,"4,200",60 to 70,700 to 800,Aug-23
THE GARDEN RESIDENCES,SERANGOON NORTH VIEW,19,Non-Landed Properties,1,"3,000",40 to 50,500 to 600,Aug-23
THE SCALA,SERANGOON AVENUE 3,19,Non-Landed Properties,2,"4,600",70 to 80,800 to 900,Aug-23
THE SPRINGBLOOM,SERANGOON AVENUE 3,19,Non-Landed Properties,2,"5,200",100 to 110,"1,100 to 1,200",Aug-23
BARTLEY RESIDENCES,LORONG HOW SUN,19,Non-Landed Properties,1,"3,200",40 to 50,400 to 500,Aug-23
A TREASURE TROVE,PUNGGOL WALK,19,Non-Landed Properties,2,"4,000",70 to 80,700 to 800,Aug-23
CHILTERN PARK,SERANGOON AVENUE 3,19,Non-Landed Properties,3,"3,950",110 to 120,"1,200 to 1,300",Aug-23
3@SANDILANDS,SANDILANDS ROAD,19,Non-Landed Properties,2,"3,500",70 to 80,700 to 800,Aug-23
BOTANIQUE AT BARTLEY,UPPER PAYA LEBAR ROAD,19,Non-Landed Properties,2,"4,300",60 to 70,600 to 700,Aug-23
CARDIFF RESIDENCE,CARDIFF GROVE,19,Non-Landed Properties,2,"3,500",40 to 50,500 to 600,Aug-23
THE GAZANIA,HOW SUN DRIVE,19,Non-Landed Properties,2,"4,000",60 to 70,600 to 700,Aug-23
PRESTO@UPPER SERANGOON,UPPER SERANGOON ROAD,19,Non-Landed Properties,1,"3,200",40 to 50,400 to 500,Aug-23
AFFINITY AT SERANGOON,SERANGOON NORTH AVENUE 1,19,Non-Landed Properties,1,"3,200",50 to 60,600 to 700,Aug-23
KOVAN REGENCY,KOVAN RISE,19,Non-Landed Properties,3,"5,200",90 to 100,"1,000 to 1,100",Aug-23
RIVERFRONT RESIDENCES,HOUGANG AVENUE 7,19,Non-Landed Properties,NA,"3,300",40 to 50,400 to 500,Aug-23
SPACE @ KOVAN,YIO CHU KANG ROAD,19,Non-Landed Properties,1,"2,700",30 to 40,400 to 500,Aug-23
LA FIESTA,SENGKANG SQUARE,19,Non-Landed Properties,2,"3,700",70 to 80,700 to 800,Aug-23
PARC CENTROS,PUNGGOL CENTRAL,19,Non-Landed Properties,1,"3,200",40 to 50,400 to 500,Aug-23
PARC CENTROS,PUNGGOL CENTRAL,19,Non-Landed Properties,1,"3,300",40 to 50,400 to 500,Aug-23
CARDIFF RESIDENCE,CARDIFF GROVE,19,Non-Landed Properties,1,"3,000",40 to 50,400 to 500,Aug-23
SUNGLADE,SERANGOON AVENUE 2,19,Non-Landed Properties,3,"5,800",130 to 140,"1,300 to 1,400",Aug-23
STARS OF KOVAN,UPPER SERANGOON ROAD,19,Non-Landed Properties,2,"3,900",60 to 70,700 to 800,Aug-23
RIVERFRONT RESIDENCES,HOUGANG AVENUE 7,19,Non-Landed Properties,NA,"4,400",80 to 90,800 to 900,Aug-23
PARC VERA,HOUGANG STREET 32,19,Non-Landed Properties,2,"3,000",60 to 70,700 to 800,Aug-23
BOTANIQUE AT BARTLEY,UPPER PAYA LEBAR ROAD,19,Non-Landed Properties,2,"4,000",60 to 70,600 to 700,Aug-23
SUNGLADE,SERANGOON AVENUE 2,19,Non-Landed Properties,4,"6,000",170 to 180,"1,800 to 1,900",Aug-23
FOREST WOODS,LORONG LEW LIAN,19,Non-Landed Properties,2,"3,600",50 to 60,600 to 700,Aug-23
CASA CAMBIO,LIM TUA TOW ROAD,19,Non-Landed Properties,2,"3,700",60 to 70,600 to 700,Aug-23
FOREST WOODS,LORONG LEW LIAN,19,Non-Landed Properties,2,"4,000",60 to 70,700 to 800,Aug-23
AFFINITY AT SERANGOON,SERANGOON NORTH AVENUE 1,19,Non-Landed Properties,2,"3,600",50 to 60,600 to 700,Aug-23
GLASGOW RESIDENCE,GLASGOW ROAD,19,Non-Landed Properties,NA,"3,000",30 to 40,400 to 500,Aug-23
THE QUINN,BARTLEY ROAD,19,Non-Landed Properties,1,"3,400",50 to 60,500 to 600,Aug-23
THE TEMBUSU,TAMPINES ROAD,19,Non-Landed Properties,2,"3,900",70 to 80,700 to 800,Aug-23
FLO RESIDENCE,PUNGGOL FIELD WALK,19,Non-Landed Properties,2,"4,000",80 to 90,800 to 900,Aug-23
BRIGHTON VIEW,BRIGHTON AVENUE,19,Non-Landed Properties,3,"3,500",110 to 120,"1,200 to 1,300",Aug-23
CHUAN PARK (DEMOLISHED),LORONG CHUAN,19,Non-Landed Properties,2,"3,300",60 to 70,700 to 800,Aug-23
CHERRYHILL,LORONG LEW LIAN,19,Non-Landed Properties,2,"4,200",90 to 100,"1,000 to 1,100",Aug-23
TERRASSE,TERRASSE LANE,19,Non-Landed Properties,3,"4,600",110 to 120,"1,200 to 1,300",Aug-23
BOTANIQUE AT BARTLEY,UPPER PAYA LEBAR ROAD,19,Non-Landed Properties,1,"2,800",40 to 50,400 to 500,Aug-23
THE MINTON,HOUGANG STREET 11,19,Non-Landed Properties,3,"6,000",130 to 140,"1,400 to 1,500",Aug-23
WATERTOWN,PUNGGOL CENTRAL,19,Non-Landed Properties,1,"3,900",50 to 60,500 to 600,Aug-23
RIVERFRONT RESIDENCES,HOUGANG AVENUE 7,19,Non-Landed Properties,NA,"2,900",40 to 50,400 to 500,Aug-23
JEWEL @ BUANGKOK,COMPASSVALE BOW,19,Non-Landed Properties,3,"4,200",80 to 90,800 to 900,Aug-23
PARC CENTROS,PUNGGOL CENTRAL,19,Non-Landed Properties,3,"4,800",100 to 110,"1,100 to 1,200",Aug-23
OASIS GARDEN,JALAN BUNGA RAMPAI,19,Non-Landed Properties,2,"4,550",120 to 130,"1,300 to 1,400",Aug-23
KENSINGTON PARK CONDOMINIUM,KENSINGTON PARK DRIVE,19,Non-Landed Properties,3,"4,300",140 to 150,"1,600 to 1,700",Aug-23
AFFINITY AT SERANGOON,SERANGOON NORTH AVENUE 1,19,Non-Landed Properties,1,"3,600",50 to 60,600 to 700,Aug-23
THE SPRINGBLOOM,SERANGOON AVENUE 3,19,Non-Landed Properties,3,"5,300",130 to 140,"1,400 to 1,500",Aug-23
RIVERFRONT RESIDENCES,HOUGANG AVENUE 7,19,Non-Landed Properties,NA,"3,500",50 to 60,600 to 700,Aug-23
BARTLEY RESIDENCES,LORONG HOW SUN,19,Non-Landed Properties,2,"3,700",70 to 80,700 to 800,Aug-23
LA FIESTA,SENGKANG SQUARE,19,Non-Landed Properties,3,"4,400",70 to 80,800 to 900,Aug-23
THE QUINN,BARTLEY ROAD,19,Non-Landed Properties,2,"3,300",70 to 80,800 to 900,Aug-23
BOTANIQUE AT BARTLEY,UPPER PAYA LEBAR ROAD,19,Non-Landed Properties,2,"3,800",60 to 70,700 to 800,Aug-23
KENSINGTON SQUARE,JALAN LOKAM,19,Non-Landed Properties,2,"3,200",80 to 90,"900 to 1,000",Aug-23
THE CHUAN,LORONG CHUAN,19,Non-Landed Properties,3,"7,600",140 to 150,"1,500 to 1,600",Aug-23
BARTLEY RESIDENCES,LORONG HOW SUN,19,Non-Landed Properties,1,"3,200",40 to 50,400 to 500,Aug-23
LA FIESTA,SENGKANG SQUARE,19,Non-Landed Properties,3,"4,600",90 to 100,"1,000 to 1,100",Aug-23
KENSINGTON SQUARE,JALAN LOKAM,19,Non-Landed Properties,2,"4,200",80 to 90,"900 to 1,000",Aug-23
AFFINITY AT SERANGOON,SERANGOON NORTH AVENUE 1,19,Non-Landed Properties,1,"2,900",40 to 50,400 to 500,Aug-23
THE TEMBUSU,TAMPINES ROAD,19,Non-Landed Properties,3,"5,500",120 to 130,"1,300 to 1,400",Aug-23
RIVERFRONT RESIDENCES,HOUGANG AVENUE 7,19,Non-Landed Properties,NA,"3,500",60 to 70,700 to 800,Aug-23
AFFINITY AT SERANGOON,SERANGOON NORTH AVENUE 1,19,Non-Landed Properties,1,"3,000",40 to 50,400 to 500,Aug-23
MIDTOWN RESIDENCES,UPPER SERANGOON ROAD,19,Non-Landed Properties,2,"3,600",60 to 70,600 to 700,Aug-23
FOREST WOODS,LORONG LEW LIAN,19,Non-Landed Properties,3,"5,700",90 to 100,"1,000 to 1,100",Aug-23
BOTANIQUE AT BARTLEY,UPPER PAYA LEBAR ROAD,19,Non-Landed Properties,1,"3,300",40 to 50,400 to 500,Aug-23
THE MINTON,HOUGANG STREET 11,19,Non-Landed Properties,3,"4,700",110 to 120,"1,200 to 1,300",Aug-23
THE MINTON,HOUGANG STREET 11,19,Non-Landed Properties,3,"4,800",110 to 120,"1,200 to 1,300",Aug-23
CASA CAMBIO,LIM TUA TOW ROAD,19,Non-Landed Properties,1,"2,600",40 to 50,400 to 500,Aug-23
STARS OF KOVAN,UPPER SERANGOON ROAD,19,Non-Landed Properties,2,"4,300",60 to 70,700 to 800,Aug-23
KENSINGTON PARK CONDOMINIUM,KENSINGTON PARK DRIVE,19,Non-Landed Properties,3,"5,000",150 to 160,"1,600 to 1,700",Aug-23
RIVERFRONT RESIDENCES,HOUGANG AVENUE 7,19,Non-Landed Properties,NA,"3,500",50 to 60,600 to 700,Aug-23
AFFINITY AT SERANGOON,SERANGOON NORTH AVENUE 1,19,Non-Landed Properties,1,"3,100",50 to 60,500 to 600,Aug-23
THE SUNNYDALE,SERANGOON AVENUE 3,19,Non-Landed Properties,2,"5,200",90 to 100,"1,000 to 1,100",Aug-23
RIVERFRONT RESIDENCES,HOUGANG AVENUE 7,19,Non-Landed Properties,NA,"3,000",40 to 50,400 to 500,Aug-23
A TREASURE TROVE,PUNGGOL WALK,19,Non-Landed Properties,2,"4,000",70 to 80,700 to 800,Aug-23
FLO RESIDENCE,PUNGGOL FIELD WALK,19,Non-Landed Properties,2,"3,300",70 to 80,700 to 800,Aug-23
KENSINGTON SQUARE,JALAN LOKAM,19,Non-Landed Properties,2,"3,800",50 to 60,600 to 700,Aug-23
FOREST WOODS,LORONG LEW LIAN,19,Non-Landed Properties,2,"3,800",50 to 60,600 to 700,Aug-23
AFFINITY AT SERANGOON,SERANGOON NORTH AVENUE 1,19,Non-Landed Properties,1,"2,900",40 to 50,400 to 500,Aug-23
KINGSFORD WATERBAY,UPPER SERANGOON VIEW,19,Non-Landed Properties,2,"3,600",60 to 70,700 to 800,Aug-23
KINGSFORD WATERBAY,UPPER SERANGOON VIEW,19,Non-Landed Properties,1,"2,200",40 to 50,400 to 500,Aug-23
BOTANIQUE AT BARTLEY,UPPER PAYA LEBAR ROAD,19,Non-Landed Properties,1,"2,600",40 to 50,500 to 600,Aug-23
FRAGRANT GARDENS,UPPER PAYA LEBAR ROAD,19,Non-Landed Properties,3,"4,500",110 to 120,"1,200 to 1,300",Aug-23
LA FIESTA,SENGKANG SQUARE,19,Non-Landed Properties,2,"3,500",70 to 80,700 to 800,Aug-23
CHUAN PARK (DEMOLISHED),LORONG CHUAN,19,Non-Landed Properties,3,"3,900",130 to 140,"1,300 to 1,400",Aug-23
CASA CAMBIO,LIM TUA TOW ROAD,19,Non-Landed Properties,1,"3,000",30 to 40,400 to 500,Aug-23
AFFINITY AT SERANGOON,SERANGOON NORTH AVENUE 1,19,Non-Landed Properties,2,"4,300",70 to 80,700 to 800,Aug-23
RIVERFRONT RESIDENCES,HOUGANG AVENUE 7,19,Non-Landed Properties,NA,"3,000",40 to 50,500 to 600,Aug-23
PARC CENTROS,PUNGGOL CENTRAL,19,Non-Landed Properties,4,"5,200",120 to 130,"1,300 to 1,400",Aug-23
TRILIVE,TAMPINES ROAD,19,Non-Landed Properties,2,"2,700",50 to 60,600 to 700,Aug-23
KINGSFORD WATERBAY,UPPER SERANGOON VIEW,19,Non-Landed Properties,2,"3,800",60 to 70,600 to 700,Aug-23
THE LUXURIE,COMPASSVALE ROAD,19,Non-Landed Properties,2,"4,400",70 to 80,700 to 800,Aug-23
THE LUXURIE,COMPASSVALE ROAD,19,Non-Landed Properties,2,"4,600",60 to 70,700 to 800,Aug-23
PARC CENTROS,PUNGGOL CENTRAL,19,Non-Landed Properties,3,"4,300",100 to 110,"1,100 to 1,200",Aug-23
A TREASURE TROVE,PUNGGOL WALK,19,Non-Landed Properties,3,"4,800",100 to 110,"1,100 to 1,200",Aug-23
KINGSFORD WATERBAY,UPPER SERANGOON VIEW,19,Non-Landed Properties,2,"3,650",60 to 70,600 to 700,Aug-23
SPACE @ KOVAN,YIO CHU KANG ROAD,19,Non-Landed Properties,2,"3,200",50 to 60,600 to 700,Aug-23
STARS OF KOVAN,UPPER SERANGOON ROAD,19,Non-Landed Properties,2,"3,700",70 to 80,700 to 800,Aug-23
RIVERFRONT RESIDENCES,HOUGANG AVENUE 7,19,Non-Landed Properties,NA,"3,200",50 to 60,600 to 700,Aug-23
RIVERFRONT RESIDENCES,HOUGANG AVENUE 7,19,Non-Landed Properties,NA,"3,250",40 to 50,500 to 600,Aug-23
AFFINITY AT SERANGOON,SERANGOON NORTH AVENUE 1,19,Non-Landed Properties,1,"3,200",40 to 50,400 to 500,Aug-23
KENSINGTON PARK CONDOMINIUM,KENSINGTON PARK DRIVE,19,Non-Landed Properties,3,"7,000",200 to 210,"2,100 to 2,200",Aug-23
BOTANIQUE AT BARTLEY,UPPER PAYA LEBAR ROAD,19,Non-Landed Properties,2,"3,800",60 to 70,700 to 800,Aug-23
RIVERFRONT RESIDENCES,HOUGANG AVENUE 7,19,Non-Landed Properties,NA,"3,500",50 to 60,600 to 700,Aug-23
THE TEMBUSU,TAMPINES ROAD,19,Non-Landed Properties,3,"3,800",110 to 120,"1,200 to 1,300",Aug-23
KENSINGTON PARK CONDOMINIUM,KENSINGTON PARK DRIVE,19,Non-Landed Properties,NA,"5,000",180 to 190,"1,900 to 2,000",Aug-23
REGENTVILLE,HOUGANG STREET 92,19,Non-Landed Properties,3,"3,800",100 to 110,"1,100 to 1,200",Aug-23
CHUAN PARK (DEMOLISHED),LORONG CHUAN,19,Non-Landed Properties,2,"3,900",100 to 110,"1,100 to 1,200",Aug-23
RIVERSAILS,UPPER SERANGOON CRESCENT,19,Non-Landed Properties,2,"3,600",70 to 80,800 to 900,Aug-23
FOREST WOODS,LORONG LEW LIAN,19,Non-Landed Properties,2,"4,300",60 to 70,700 to 800,Aug-23
RIVERFRONT RESIDENCES,HOUGANG AVENUE 7,19,Non-Landed Properties,NA,"2,800",40 to 50,400 to 500,Aug-23
BARTLEY RESIDENCES,LORONG HOW SUN,19,Non-Landed Properties,3,"4,700",100 to 110,"1,000 to 1,100",Aug-23
PARK RESIDENCES KOVAN,UPPER SERANGOON ROAD,19,Non-Landed Properties,1,"2,800",30 to 40,300 to 400,Aug-23
TERRASSE,TERRASSE LANE,19,Non-Landed Properties,3,"6,500",140 to 150,"1,500 to 1,600",Aug-23
KENSINGTON PARK CONDOMINIUM,KENSINGTON PARK DRIVE,19,Non-Landed Properties,3,"3,800",110 to 120,"1,200 to 1,300",Aug-23
A TREASURE TROVE,PUNGGOL WALK,19,Non-Landed Properties,4,"5,700",120 to 130,"1,300 to 1,400",Aug-23
CHERRYHILL,LORONG LEW LIAN,19,Non-Landed Properties,3,"3,750",120 to 130,"1,300 to 1,400",Aug-23
KENSINGTON PARK CONDOMINIUM,KENSINGTON PARK DRIVE,19,Non-Landed Properties,NA,"5,200",180 to 190,"2,000 to 2,100",Aug-23
CHILTERN PARK,SERANGOON AVENUE 3,19,Non-Landed Properties,3,"5,050",110 to 120,"1,200 to 1,300",Aug-23
AFFINITY AT SERANGOON,SERANGOON NORTH AVENUE 1,19,Non-Landed Properties,NA,"3,000",50 to 60,500 to 600,Aug-23
RIVERFRONT RESIDENCES,HOUGANG AVENUE 7,19,Non-Landed Properties,NA,"3,000",40 to 50,400 to 500,Aug-23
RIVERFRONT RESIDENCES,HOUGANG AVENUE 7,19,Non-Landed Properties,NA,"3,800",60 to 70,700 to 800,Aug-23
SPACE @ KOVAN,YIO CHU KANG ROAD,19,Non-Landed Properties,1,"2,850",30 to 40,300 to 400,Aug-23
PARC VERA,HOUGANG STREET 32,19,Non-Landed Properties,3,"4,100",100 to 110,"1,100 to 1,200",Aug-23
MIDTOWN RESIDENCES,UPPER SERANGOON ROAD,19,Non-Landed Properties,1,"3,300",40 to 50,400 to 500,Aug-23
RIVERFRONT RESIDENCES,HOUGANG AVENUE 7,19,Non-Landed Properties,NA,"3,500",50 to 60,600 to 700,Aug-23
KOVAN REGENCY,KOVAN RISE,19,Non-Landed Properties,2,"4,000",70 to 80,700 to 800,Aug-23
NON-LANDED HOUSING DEVELOPMENT,UPPER PAYA LEBAR ROAD,19,Non-Landed Properties,NA,"4,500",80 to 90,"900 to 1,000",Aug-23
NON-LANDED HOUSING DEVELOPMENT,UPPER PAYA LEBAR ROAD,19,Non-Landed Properties,NA,"4,300",80 to 90,"900 to 1,000",Aug-23
STARS OF KOVAN,UPPER SERANGOON ROAD,19,Non-Landed Properties,1,"3,200",40 to 50,500 to 600,Aug-23
FOREST WOODS,LORONG LEW LIAN,19,Non-Landed Properties,1,"3,000",40 to 50,500 to 600,Aug-23
RESIDENCES BOTANIQUE,YIO CHU KANG ROAD,19,Non-Landed Properties,2,"3,700",80 to 90,800 to 900,Aug-23
LA FIESTA,SENGKANG SQUARE,19,Non-Landed Properties,4,"5,800",120 to 130,"1,300 to 1,400",Aug-23
CHILTERN PARK,SERANGOON AVENUE 3,19,Non-Landed Properties,3,"6,000",140 to 150,"1,500 to 1,600",Aug-23
RIO VISTA,UPPER SERANGOON VIEW,19,Non-Landed Properties,4,"4,700",120 to 130,"1,300 to 1,400",Aug-23
THE WATERLINE,POH HUAT ROAD WEST,19,Non-Landed Properties,4,"6,000",150 to 160,"1,600 to 1,700",Aug-23
WATERTOWN,PUNGGOL CENTRAL,19,Non-Landed Properties,NA,"3,200",50 to 60,500 to 600,Aug-23
CHILTERN PARK,SERANGOON AVENUE 3,19,Non-Landed Properties,2,"4,100",80 to 90,"900 to 1,000",Aug-23
KINGSFORD WATERBAY,UPPER SERANGOON VIEW,19,Non-Landed Properties,2,"3,200",50 to 60,600 to 700,Aug-23
KINGSFORD WATERBAY,UPPER SERANGOON VIEW,19,Non-Landed Properties,3,"4,000",70 to 80,800 to 900,Aug-23
RIVERSAILS,UPPER SERANGOON CRESCENT,19,Non-Landed Properties,1,"2,800",40 to 50,500 to 600,Aug-23
RIVERFRONT RESIDENCES,HOUGANG AVENUE 7,19,Non-Landed Properties,NA,"2,800",40 to 50,400 to 500,Aug-23
WATERTOWN,PUNGGOL CENTRAL,19,Non-Landed Properties,NA,"3,200",50 to 60,600 to 700,Aug-23
BOTANIQUE AT BARTLEY,UPPER PAYA LEBAR ROAD,19,Non-Landed Properties,2,"3,950",60 to 70,600 to 700,Aug-23
RIVERSOUND RESIDENCE,SENGKANG EAST AVENUE,19,Non-Landed Properties,4,"4,700",140 to 150,"1,500 to 1,600",Aug-23
KOVAN MELODY,KOVAN ROAD,19,Non-Landed Properties,3,"5,600",110 to 120,"1,200 to 1,300",Aug-23
THE SCALA,SERANGOON AVENUE 3,19,Non-Landed Properties,3,"6,500",100 to 110,"1,000 to 1,100",Aug-23
KENSINGTON PARK CONDOMINIUM,KENSINGTON PARK DRIVE,19,Non-Landed Properties,NA,"5,900",200 to 210,"2,200 to 2,300",Aug-23
THE MINTON,HOUGANG STREET 11,19,Non-Landed Properties,NA,"2,350",60 to 70,600 to 700,Aug-23
KOVAN RESIDENCES,KOVAN ROAD,19,Non-Landed Properties,2,"4,000",80 to 90,800 to 900,Aug-23
LA FIESTA,SENGKANG SQUARE,19,Non-Landed Properties,2,"3,600",70 to 80,700 to 800,Aug-23
BOTANIQUE AT BARTLEY,UPPER PAYA LEBAR ROAD,19,Non-Landed Properties,1,"2,750",40 to 50,400 to 500,Aug-23
SPAZIO @ KOVAN,UPPER SERANGOON ROAD,19,Non-Landed Properties,2,"3,000",40 to 50,500 to 600,Aug-23
RIVERFRONT RESIDENCES,HOUGANG AVENUE 7,19,Non-Landed Properties,NA,"3,000",40 to 50,400 to 500,Aug-23
KINGSFORD WATERBAY,UPPER SERANGOON VIEW,19,Non-Landed Properties,2,"3,400",60 to 70,600 to 700,Aug-23
THE SPRINGBLOOM,SERANGOON AVENUE 3,19,Non-Landed Properties,1,"3,500",80 to 90,800 to 900,Aug-23
PARC CENTROS,PUNGGOL CENTRAL,19,Non-Landed Properties,2,"3,500",70 to 80,700 to 800,Aug-23
PARC CENTROS,PUNGGOL CENTRAL,19,Non-Landed Properties,3,"4,000",100 to 110,"1,100 to 1,200",Aug-23
KOVAN REGENCY,KOVAN RISE,19,Non-Landed Properties,2,"3,000",50 to 60,500 to 600,Aug-23
3@PHILLIPS,PHILLIPS AVENUE,19,Non-Landed Properties,3,"3,200",90 to 100,"1,000 to 1,100",Aug-23
SPACE @ KOVAN,YIO CHU KANG ROAD,19,Non-Landed Properties,1,"3,100",50 to 60,500 to 600,Aug-23
FOREST WOODS,LORONG LEW LIAN,19,Non-Landed Properties,1,"3,500",40 to 50,500 to 600,Aug-23
KENSINGTON PARK CONDOMINIUM,KENSINGTON PARK DRIVE,19,Non-Landed Properties,3,"4,350",150 to 160,"1,600 to 1,700",Aug-23
BOTANIQUE AT BARTLEY,UPPER PAYA LEBAR ROAD,19,Non-Landed Properties,2,"3,400",60 to 70,600 to 700,Aug-23
KOVAN REGENCY,KOVAN RISE,19,Non-Landed Properties,1,"3,000",50 to 60,500 to 600,Aug-23
THE SPRINGBLOOM,SERANGOON AVENUE 3,19,Non-Landed Properties,2,"4,575",100 to 110,"1,100 to 1,200",Aug-23
KENSINGTON PARK CONDOMINIUM,KENSINGTON PARK DRIVE,19,Non-Landed Properties,3,"8,500",330 to 340,"3,600 to 3,700",Aug-23
BARTLEY RESIDENCES,LORONG HOW SUN,19,Non-Landed Properties,2,"3,400",70 to 80,800 to 900,Aug-23
RIVERFRONT RESIDENCES,HOUGANG AVENUE 7,19,Non-Landed Properties,NA,"3,100",40 to 50,400 to 500,Aug-23
KENSINGTON PARK CONDOMINIUM,KENSINGTON PARK DRIVE,19,Non-Landed Properties,3,"4,700",150 to 160,"1,600 to 1,700",Aug-23
KOVAN MELODY,KOVAN ROAD,19,Non-Landed Properties,2,"4,400",80 to 90,"900 to 1,000",Aug-23
LA FIESTA,SENGKANG SQUARE,19,Non-Landed Properties,2,"3,300",70 to 80,700 to 800,Aug-23
BARTLEY RESIDENCES,LORONG HOW SUN,19,Non-Landed Properties,2,"4,200",80 to 90,800 to 900,Aug-23
FLO RESIDENCE,PUNGGOL FIELD WALK,19,Non-Landed Properties,2,"3,700",70 to 80,700 to 800,Aug-23
CHUAN PARK (DEMOLISHED),LORONG CHUAN,19,Non-Landed Properties,2,"1,800",60 to 70,700 to 800,Aug-23
THE MINTON,HOUGANG STREET 11,19,Non-Landed Properties,NA,"3,250",50 to 60,500 to 600,Aug-23
MIDTOWN RESIDENCES,UPPER SERANGOON ROAD,19,Non-Landed Properties,2,"3,600",60 to 70,600 to 700,Aug-23
KENSINGTON PARK CONDOMINIUM,KENSINGTON PARK DRIVE,19,Non-Landed Properties,3,"5,000",150 to 160,"1,600 to 1,700",Aug-23
RIVERVALE CREST,RIVERVALE CRESCENT,19,Non-Landed Properties,3,"3,800",100 to 110,"1,100 to 1,200",Aug-23
CASA CAMBIO,LIM TUA TOW ROAD,19,Non-Landed Properties,2,"3,000",40 to 50,400 to 500,Aug-23
RIVER ISLES,EDGEDALE PLAINS,19,Non-Landed Properties,3,"4,500",100 to 110,"1,100 to 1,200",Aug-23
RIVERFRONT RESIDENCES,HOUGANG AVENUE 7,19,Non-Landed Properties,NA,"3,600",60 to 70,700 to 800,Aug-23
ROSALIA PARK,LORONG ONG LYE,19,Non-Landed Properties,2,"4,100",100 to 110,"1,100 to 1,200",Aug-23
MIDTOWN RESIDENCES,UPPER SERANGOON ROAD,19,Non-Landed Properties,2,"3,600",60 to 70,600 to 700,Aug-23
CHILTERN PARK,SERANGOON AVENUE 3,19,Non-Landed Properties,2,"3,700",100 to 110,"1,000 to 1,100",Aug-23
RIVERFRONT RESIDENCES,HOUGANG AVENUE 7,19,Non-Landed Properties,NA,"3,000",40 to 50,500 to 600,Aug-23
CHUAN PARK (DEMOLISHED),LORONG CHUAN,19,Non-Landed Properties,2,"2,400",100 to 110,"1,100 to 1,200",Aug-23
BARTLEY RESIDENCES,LORONG HOW SUN,19,Non-Landed Properties,1,"3,300",40 to 50,400 to 500,Aug-23
BARTLEY RESIDENCES,LORONG HOW SUN,19,Non-Landed Properties,3,"5,500",100 to 110,"1,100 to 1,200",Aug-23
MIDTOWN RESIDENCES,UPPER SERANGOON ROAD,19,Non-Landed Properties,1,"2,800",40 to 50,400 to 500,Aug-23
BOTANIQUE AT BARTLEY,UPPER PAYA LEBAR ROAD,19,Non-Landed Properties,2,"3,900",60 to 70,600 to 700,Aug-23
LA FIESTA,SENGKANG SQUARE,19,Non-Landed Properties,2,"3,500",70 to 80,700 to 800,Aug-23
THE YARDLEY,UPPER SERANGOON ROAD,19,Non-Landed Properties,3,"5,500",110 to 120,"1,200 to 1,300",Aug-23
RIVERSAILS,UPPER SERANGOON CRESCENT,19,Non-Landed Properties,4,"5,250",120 to 130,"1,300 to 1,400",Aug-23
KINGSFORD WATERBAY,UPPER SERANGOON VIEW,19,Non-Landed Properties,2,"3,800",60 to 70,600 to 700,Aug-23
THE TEMBUSU,TAMPINES ROAD,19,Non-Landed Properties,1,"3,000",40 to 50,400 to 500,Aug-23
RIVERSOUND RESIDENCE,SENGKANG EAST AVENUE,19,Non-Landed Properties,4,"4,850",120 to 130,"1,300 to 1,400",Aug-23
STARS OF KOVAN,UPPER SERANGOON ROAD,19,Non-Landed Properties,1,"3,600",40 to 50,500 to 600,Aug-23
AFFINITY AT SERANGOON,SERANGOON NORTH AVENUE 1,19,Non-Landed Properties,NA,"3,000",50 to 60,500 to 600,Aug-23
KINGSFORD WATERBAY,UPPER SERANGOON VIEW,19,Non-Landed Properties,2,"3,400",60 to 70,600 to 700,Aug-23
CHILTERN PARK,SERANGOON AVENUE 3,19,Non-Landed Properties,3,"4,500",110 to 120,"1,200 to 1,300",Aug-23
BARTLEY RESIDENCES,LORONG HOW SUN,19,Non-Landed Properties,3,"4,000",100 to 110,"1,000 to 1,100",Aug-23
SUNGLADE,SERANGOON AVENUE 2,19,Non-Landed Properties,2,"3,200",90 to 100,"900 to 1,000",Aug-23
THE LUXURIE,COMPASSVALE ROAD,19,Non-Landed Properties,2,"4,000",70 to 80,700 to 800,Aug-23
KOVAN MELODY,KOVAN ROAD,19,Non-Landed Properties,2,"4,000",80 to 90,"900 to 1,000",Aug-23
KENSINGTON PARK CONDOMINIUM,KENSINGTON PARK DRIVE,19,Non-Landed Properties,3,"5,800",150 to 160,"1,600 to 1,700",Aug-23
ONEROBEY,ROBEY CRESCENT,19,Non-Landed Properties,2,"2,700",50 to 60,500 to 600,Aug-23
JEWEL @ BUANGKOK,COMPASSVALE BOW,19,Non-Landed Properties,2,"3,650",60 to 70,700 to 800,Aug-23
KENSINGTON SQUARE,JALAN LOKAM,19,Non-Landed Properties,2,"2,900",50 to 60,600 to 700,Aug-23
RIVERVALE CREST,RIVERVALE CRESCENT,19,Non-Landed Properties,1,"3,200",100 to 110,"1,100 to 1,200",Aug-23
AMARANDA GARDENS,SERANGOON AVENUE 3,19,Non-Landed Properties,3,"4,800",100 to 110,"1,100 to 1,200",Aug-23
SPAZIO @ KOVAN,UPPER SERANGOON ROAD,19,Non-Landed Properties,3,"3,000",60 to 70,600 to 700,Aug-23
THE PROMENADE@PELIKAT,JALAN PELIKAT,19,Non-Landed Properties,1,"2,300",40 to 50,400 to 500,Aug-23
LA FIESTA,SENGKANG SQUARE,19,Non-Landed Properties,2,"3,250",60 to 70,700 to 800,Aug-23
RIVERFRONT RESIDENCES,HOUGANG AVENUE 7,19,Non-Landed Properties,NA,"3,700",50 to 60,600 to 700,Aug-23
THE LUXURIE,COMPASSVALE ROAD,19,Non-Landed Properties,2,"3,450",70 to 80,700 to 800,Aug-23
THE WATERLINE,POH HUAT ROAD WEST,19,Non-Landed Properties,2,"3,500",130 to 140,"1,400 to 1,500",Aug-23
THE MINTON,HOUGANG STREET 11,19,Non-Landed Properties,3,"6,200",120 to 130,"1,300 to 1,400",Aug-23
FLO RESIDENCE,PUNGGOL FIELD WALK,19,Non-Landed Properties,2,"3,700",70 to 80,700 to 800,Aug-23
THE LUXURIE,COMPASSVALE ROAD,19,Non-Landed Properties,3,"4,192",90 to 100,"1,000 to 1,100",Aug-23
SPACE @ KOVAN,YIO CHU KANG ROAD,19,Non-Landed Properties,2,"3,300",50 to 60,600 to 700,Aug-23
TREASURE GARDENS,TEOW HOCK AVENUE,19,Non-Landed Properties,3,"4,500",90 to 100,"1,000 to 1,100",Aug-23
THE CHUAN,LORONG CHUAN,19,Non-Landed Properties,3,"7,600",130 to 140,"1,400 to 1,500",Aug-23
CARDIFF RESIDENCE,CARDIFF GROVE,19,Non-Landed Properties,1,"2,800",30 to 40,400 to 500,Aug-23
KENSINGTON PARK CONDOMINIUM,KENSINGTON PARK DRIVE,19,Non-Landed Properties,NA,"6,600",190 to 200,"2,100 to 2,200",Aug-23
BOTANIQUE AT BARTLEY,UPPER PAYA LEBAR ROAD,19,Non-Landed Properties,2,"3,800",60 to 70,600 to 700,Aug-23
RIVERSOUND RESIDENCE,SENGKANG EAST AVENUE,19,Non-Landed Properties,2,"3,900",80 to 90,800 to 900,Aug-23
PARC VERA,HOUGANG STREET 32,19,Non-Landed Properties,3,"5,200",100 to 110,"1,100 to 1,200",Aug-23
PRIMO RESIDENCES,JALAN PELIKAT,19,Non-Landed Properties,1,"2,750",40 to 50,400 to 500,Aug-23
RIVERSOUND RESIDENCE,SENGKANG EAST AVENUE,19,Non-Landed Properties,3,"4,550",80 to 90,"900 to 1,000",Aug-23
REGENTVILLE,HOUGANG STREET 92,19,Non-Landed Properties,2,"3,550",90 to 100,"900 to 1,000",Aug-23
CENTRAL VIEW,HOUGANG STREET 11,19,Non-Landed Properties,3,"4,000",110 to 120,"1,200 to 1,300",Aug-23
VIBES @ KOVAN,KOVAN ROAD,19,Non-Landed Properties,1,"2,700",30 to 40,300 to 400,Aug-23
KOVAN REGENCY,KOVAN RISE,19,Non-Landed Properties,2,"4,000",70 to 80,700 to 800,Aug-23
AFFINITY AT SERANGOON,SERANGOON NORTH AVENUE 1,19,Non-Landed Properties,NA,"3,000",40 to 50,400 to 500,Aug-23
FOREST WOODS,LORONG LEW LIAN,19,Non-Landed Properties,2,"4,200",60 to 70,700 to 800,Aug-23
KOVAN MELODY,KOVAN ROAD,19,Non-Landed Properties,3,"6,300",110 to 120,"1,200 to 1,300",Aug-23
A TREASURE TROVE,PUNGGOL WALK,19,Non-Landed Properties,3,"4,500",90 to 100,"1,000 to 1,100",Aug-23
THE SPRINGBLOOM,SERANGOON AVENUE 3,19,Non-Landed Properties,3,"6,000",140 to 150,"1,500 to 1,600",Aug-23
SPACE @ KOVAN,YIO CHU KANG ROAD,19,Non-Landed Properties,2,"3,500",50 to 60,600 to 700,Aug-23
RIVERSOUND RESIDENCE,SENGKANG EAST AVENUE,19,Non-Landed Properties,3,"4,300",90 to 100,"1,000 to 1,100",Aug-23
TRILIVE,TAMPINES ROAD,19,Non-Landed Properties,2,"3,200",60 to 70,600 to 700,Aug-23
RIVERFRONT RESIDENCES,HOUGANG AVENUE 7,19,Non-Landed Properties,NA,"2,800",40 to 50,400 to 500,Aug-23
LA FIESTA,SENGKANG SQUARE,19,Non-Landed Properties,3,"4,400",80 to 90,800 to 900,Aug-23
THE SCALA,SERANGOON AVENUE 3,19,Non-Landed Properties,1,"3,300",40 to 50,400 to 500,Aug-23
THE SPRINGBLOOM,SERANGOON AVENUE 3,19,Non-Landed Properties,2,"4,600",100 to 110,"1,100 to 1,200",Aug-23
RIVERFRONT RESIDENCES,HOUGANG AVENUE 7,19,Non-Landed Properties,NA,"3,000",40 to 50,500 to 600,Aug-23
WATERTOWN,PUNGGOL CENTRAL,19,Non-Landed Properties,NA,"3,500",50 to 60,500 to 600,Aug-23
BOTANIQUE AT BARTLEY,UPPER PAYA LEBAR ROAD,19,Non-Landed Properties,2,"4,000",60 to 70,700 to 800,Jul-23
AMARANDA GARDENS,SERANGOON AVENUE 3,19,Non-Landed Properties,3,"4,700",100 to 110,"1,100 to 1,200",Jul-23
WATERTOWN,PUNGGOL CENTRAL,19,Non-Landed Properties,1,"3,300",50 to 60,500 to 600,Jul-23
KOVAN REGENCY,KOVAN RISE,19,Non-Landed Properties,1,"3,200",40 to 50,500 to 600,Jul-23
KOVAN RESIDENCES,KOVAN ROAD,19,Non-Landed Properties,3,"5,600",110 to 120,"1,200 to 1,300",Jul-23
THE MINTON,HOUGANG STREET 11,19,Non-Landed Properties,2,"4,100",90 to 100,"900 to 1,000",Jul-23
RIVERFRONT RESIDENCES,HOUGANG AVENUE 7,19,Non-Landed Properties,NA,"3,000",40 to 50,400 to 500,Jul-23
RIVERFRONT RESIDENCES,HOUGANG AVENUE 7,19,Non-Landed Properties,NA,"2,800",40 to 50,400 to 500,Jul-23
THE LUXURIE,COMPASSVALE ROAD,19,Non-Landed Properties,2,"4,000",70 to 80,700 to 800,Jul-23
RIVERFRONT RESIDENCES,HOUGANG AVENUE 7,19,Non-Landed Properties,NA,"2,850",40 to 50,500 to 600,Jul-23
LA FIESTA,SENGKANG SQUARE,19,Non-Landed Properties,2,"3,900",70 to 80,700 to 800,Jul-23
CHUAN PARK (DEMOLISHED),LORONG CHUAN,19,Non-Landed Properties,2,"5,000",130 to 140,"1,400 to 1,500",Jul-23
PRESTO@UPPER SERANGOON,UPPER SERANGOON ROAD,19,Non-Landed Properties,2,"3,150",80 to 90,800 to 900,Jul-23
THE LUXURIE,COMPASSVALE ROAD,19,Non-Landed Properties,2,"3,800",70 to 80,700 to 800,Jul-23
THE SCALA,SERANGOON AVENUE 3,19,Non-Landed Properties,3,"5,700",100 to 110,"1,000 to 1,100",Jul-23
THE GAZANIA,HOW SUN DRIVE,19,Non-Landed Properties,NA,"5,000",80 to 90,"900 to 1,000",Jul-23
BARTLEY RESIDENCES,LORONG HOW SUN,19,Non-Landed Properties,2,"4,300",70 to 80,700 to 800,Jul-23
RIVERVALE CREST,RIVERVALE CRESCENT,19,Non-Landed Properties,3,"3,800",110 to 120,"1,100 to 1,200",Jul-23
MIDTOWN RESIDENCES,UPPER SERANGOON ROAD,19,Non-Landed Properties,3,"4,000",60 to 70,600 to 700,Jul-23
GLASGOW RESIDENCE,GLASGOW ROAD,19,Non-Landed Properties,2,"3,200",60 to 70,600 to 700,Jul-23
LA FIESTA,SENGKANG SQUARE,19,Non-Landed Properties,2,"3,700",60 to 70,700 to 800,Jul-23
RIVERSAILS,UPPER SERANGOON CRESCENT,19,Non-Landed Properties,2,"3,800",80 to 90,800 to 900,Jul-23
RESIDENCES BOTANIQUE,YIO CHU KANG ROAD,19,Non-Landed Properties,2,"3,650",70 to 80,800 to 900,Jul-23
AFFINITY AT SERANGOON,SERANGOON NORTH AVENUE 1,19,Non-Landed Properties,1,"4,000",50 to 60,600 to 700,Jul-23
CASA CAMBIO,LIM TUA TOW ROAD,19,Non-Landed Properties,1,"3,000",30 to 40,400 to 500,Jul-23
RIVERFRONT RESIDENCES,HOUGANG AVENUE 7,19,Non-Landed Properties,NA,"2,900",40 to 50,400 to 500,Jul-23
JEWEL @ BUANGKOK,COMPASSVALE BOW,19,Non-Landed Properties,2,"3,500",60 to 70,700 to 800,Jul-23
RIVERFRONT RESIDENCES,HOUGANG AVENUE 7,19,Non-Landed Properties,NA,"3,500",50 to 60,600 to 700,Jul-23
THE MINTON,HOUGANG STREET 11,19,Non-Landed Properties,3,"4,400",110 to 120,"1,200 to 1,300",Jul-23
JEWEL @ BUANGKOK,COMPASSVALE BOW,19,Non-Landed Properties,1,"2,700",40 to 50,400 to 500,Jul-23
GAMBIR RIDGE,GAMBIR WALK,19,Non-Landed Properties,1,"2,750",50 to 60,500 to 600,Jul-23
THE MINTON,HOUGANG STREET 11,19,Non-Landed Properties,2,"4,250",90 to 100,"900 to 1,000",Jul-23
TERRASSE,TERRASSE LANE,19,Non-Landed Properties,1,"2,700",50 to 60,500 to 600,Jul-23
REGENTVILLE,HOUGANG STREET 92,19,Non-Landed Properties,3,"3,800",100 to 110,"1,000 to 1,100",Jul-23
SUNGLADE,SERANGOON AVENUE 2,19,Non-Landed Properties,3,"6,000",110 to 120,"1,200 to 1,300",Jul-23
AFFINITY AT SERANGOON,SERANGOON NORTH AVENUE 1,19,Non-Landed Properties,NA,"2,900",40 to 50,400 to 500,Jul-23
PALM HAVEN,PALM GROVE AVENUE,19,Non-Landed Properties,2,"4,000",100 to 110,"1,000 to 1,100",Jul-23
JEWEL @ BUANGKOK,COMPASSVALE BOW,19,Non-Landed Properties,2,"3,700",60 to 70,700 to 800,Jul-23
SPACE @ KOVAN,YIO CHU KANG ROAD,19,Non-Landed Properties,2,"3,400",50 to 60,600 to 700,Jul-23
THE SPRINGBLOOM,SERANGOON AVENUE 3,19,Non-Landed Properties,2,"4,200",100 to 110,"1,100 to 1,200",Jul-23
RIVERFRONT RESIDENCES,HOUGANG AVENUE 7,19,Non-Landed Properties,NA,"2,700",40 to 50,400 to 500,Jul-23
RIVERVALE CREST,RIVERVALE CRESCENT,19,Non-Landed Properties,1,"3,500",80 to 90,"900 to 1,000",Jul-23
COMPASS HEIGHTS,SENGKANG SQUARE,19,Non-Landed Properties,2,"3,900",100 to 110,"1,100 to 1,200",Jul-23
THE PROMENADE@PELIKAT,JALAN PELIKAT,19,Non-Landed Properties,2,"3,500",90 to 100,"1,000 to 1,100",Jul-23
BARTLEY RESIDENCES,LORONG HOW SUN,19,Non-Landed Properties,2,"4,000",70 to 80,700 to 800,Jul-23
COMPASS HEIGHTS,SENGKANG SQUARE,19,Non-Landed Properties,1,"2,800",60 to 70,600 to 700,Jul-23
THE MINTON,HOUGANG STREET 11,19,Non-Landed Properties,NA,"3,700",50 to 60,600 to 700,Jul-23
MIDTOWN RESIDENCES,UPPER SERANGOON ROAD,19,Non-Landed Properties,1,"3,100",40 to 50,400 to 500,Jul-23
THE LUXURIE,COMPASSVALE ROAD,19,Non-Landed Properties,2,"3,400",70 to 80,700 to 800,Jul-23
PARC CENTROS,PUNGGOL CENTRAL,19,Non-Landed Properties,2,"3,600",70 to 80,700 to 800,Jul-23
TANGERINE GROVE,PAYA LEBAR CRESCENT,19,Non-Landed Properties,2,"3,900",80 to 90,"900 to 1,000",Jul-23
RIO VISTA,UPPER SERANGOON VIEW,19,Non-Landed Properties,2,"3,500",90 to 100,"1,000 to 1,100",Jul-23
SANCTUARY @ 813,UPPER SERANGOON ROAD,19,Non-Landed Properties,2,"3,550",70 to 80,700 to 800,Jul-23
BOTANIQUE AT BARTLEY,UPPER PAYA LEBAR ROAD,19,Non-Landed Properties,1,"3,200",40 to 50,400 to 500,Jul-23
CASA CAMBIO,LIM TUA TOW ROAD,19,Non-Landed Properties,1,"2,900",40 to 50,400 to 500,Jul-23
LA FIESTA,SENGKANG SQUARE,19,Non-Landed Properties,3,"4,300",70 to 80,800 to 900,Jul-23
KINGSFORD WATERBAY,UPPER SERANGOON VIEW,19,Non-Landed Properties,2,"3,800",80 to 90,800 to 900,Jul-23
RIVERFRONT RESIDENCES,HOUGANG AVENUE 7,19,Non-Landed Properties,NA,"3,100",40 to 50,400 to 500,Jul-23
RIVERFRONT RESIDENCES,HOUGANG AVENUE 7,19,Non-Landed Properties,NA,"5,300",100 to 110,"1,100 to 1,200",Jul-23
RIVERFRONT RESIDENCES,HOUGANG AVENUE 7,19,Non-Landed Properties,NA,"2,900",40 to 50,400 to 500,Jul-23
JEWEL @ BUANGKOK,COMPASSVALE BOW,19,Non-Landed Properties,2,"3,800",60 to 70,700 to 800,Jul-23
CHERRYHILL,LORONG LEW LIAN,19,Non-Landed Properties,2,"3,850",80 to 90,"900 to 1,000",Jul-23
BARTLEY RESIDENCES,LORONG HOW SUN,19,Non-Landed Properties,3,"4,500",90 to 100,"1,000 to 1,100",Jul-23
TRILIVE,TAMPINES ROAD,19,Non-Landed Properties,1,"3,000",40 to 50,400 to 500,Jul-23
THE WATERLINE,POH HUAT ROAD WEST,19,Non-Landed Properties,3,"3,300",100 to 110,"1,100 to 1,200",Jul-23
KINGSFORD WATERBAY,UPPER SERANGOON VIEW,19,Non-Landed Properties,1,"2,800",40 to 50,400 to 500,Jul-23
THE PROMENADE@PELIKAT,JALAN PELIKAT,19,Non-Landed Properties,1,"2,850",40 to 50,400 to 500,Jul-23
FOREST WOODS,LORONG LEW LIAN,19,Non-Landed Properties,2,"4,200",60 to 70,700 to 800,Jul-23
KOVAN CREST,KOVAN ROAD,19,Non-Landed Properties,3,"3,800",120 to 130,"1,300 to 1,400",Jul-23
PARC CENTROS,PUNGGOL CENTRAL,19,Non-Landed Properties,1,"2,800",40 to 50,400 to 500,Jul-23
BOTANIQUE AT BARTLEY,UPPER PAYA LEBAR ROAD,19,Non-Landed Properties,3,"5,700",100 to 110,"1,100 to 1,200",Jul-23
THE MINTON,HOUGANG STREET 11,19,Non-Landed Properties,NA,"3,300",50 to 60,600 to 700,Jul-23
SAI HO BUILDING,UPPER SERANGOON ROAD,19,Non-Landed Properties,NA,"3,300",160 to 170,"1,700 to 1,800",Jul-23
THE PROMENADE@PELIKAT,JALAN PELIKAT,19,Non-Landed Properties,1,"2,900",40 to 50,400 to 500,Jul-23
STARS OF KOVAN,UPPER SERANGOON ROAD,19,Non-Landed Properties,1,"3,400",40 to 50,500 to 600,Jul-23
CARDIFF RESIDENCE,CARDIFF GROVE,19,Non-Landed Properties,1,"2,900",30 to 40,300 to 400,Jul-23
PARK RESIDENCES KOVAN,UPPER SERANGOON ROAD,19,Non-Landed Properties,1,"3,300",60 to 70,600 to 700,Jul-23
RIVERSAILS,UPPER SERANGOON CRESCENT,19,Non-Landed Properties,3,"4,800",100 to 110,"1,100 to 1,200",Jul-23
CASA CAMBIO,LIM TUA TOW ROAD,19,Non-Landed Properties,2,"3,950",60 to 70,700 to 800,Jul-23
KOVAN REGENCY,KOVAN RISE,19,Non-Landed Properties,3,"4,900",90 to 100,"900 to 1,000",Jul-23
RIVERFRONT RESIDENCES,HOUGANG AVENUE 7,19,Non-Landed Properties,NA,"2,800",40 to 50,400 to 500,Jul-23
RIVERFRONT RESIDENCES,HOUGANG AVENUE 7,19,Non-Landed Properties,NA,"3,000",40 to 50,500 to 600,Jul-23
RIVERFRONT RESIDENCES,HOUGANG AVENUE 7,19,Non-Landed Properties,NA,"2,800",40 to 50,400 to 500,Jul-23
GOLDEN HEIGHTS,SERANGOON AVENUE 3,19,Non-Landed Properties,3,"5,600",200 to 210,"2,100 to 2,200",Jul-23
THE PROMENADE@PELIKAT,JALAN PELIKAT,19,Non-Landed Properties,3,"4,000",80 to 90,"900 to 1,000",Jul-23
SUNGLADE,SERANGOON AVENUE 2,19,Non-Landed Properties,2,"4,000",90 to 100,"1,000 to 1,100",Jul-23
KINGSFORD WATERBAY,UPPER SERANGOON VIEW,19,Non-Landed Properties,1,"2,600",40 to 50,400 to 500,Jul-23
THE SUNSHINE,SUNSHINE TERRACE,19,Non-Landed Properties,3,"4,000",110 to 120,"1,200 to 1,300",Jul-23
OASIS GARDEN,JALAN BUNGA RAMPAI,19,Non-Landed Properties,2,"4,400",80 to 90,"900 to 1,000",Jul-23
RIVERFRONT RESIDENCES,HOUGANG AVENUE 7,19,Non-Landed Properties,NA,"3,000",40 to 50,400 to 500,Jul-23
VIBES@UPPER SERANGOON,UPPER SERANGOON ROAD,19,Non-Landed Properties,1,"3,000",40 to 50,400 to 500,Jul-23
BARTLEY RESIDENCES,LORONG HOW SUN,19,Non-Landed Properties,2,"4,400",80 to 90,800 to 900,Jul-23
STARS OF KOVAN,UPPER SERANGOON ROAD,19,Non-Landed Properties,2,"4,000",60 to 70,700 to 800,Jul-23
PARC CENTROS,PUNGGOL CENTRAL,19,Non-Landed Properties,1,"3,100",40 to 50,400 to 500,Jul-23
CASA CAMBIO,LIM TUA TOW ROAD,19,Non-Landed Properties,2,"3,600",60 to 70,600 to 700,Jul-23
KINGSFORD WATERBAY,UPPER SERANGOON VIEW,19,Non-Landed Properties,3,"3,900",80 to 90,"900 to 1,000",Jul-23
KOVAN RESIDENCES,KOVAN ROAD,19,Non-Landed Properties,4,"6,300",130 to 140,"1,400 to 1,500",Jul-23
SPACE @ KOVAN,YIO CHU KANG ROAD,19,Non-Landed Properties,2,"3,750",70 to 80,700 to 800,Jul-23
WATERTOWN,PUNGGOL CENTRAL,19,Non-Landed Properties,3,"5,350",100 to 110,"1,100 to 1,200",Jul-23
SUITES @ PAYA LEBAR,UPPER PAYA LEBAR ROAD,19,Non-Landed Properties,1,"2,850",30 to 40,400 to 500,Jul-23
THE TEMBUSU,TAMPINES ROAD,19,Non-Landed Properties,1,"3,500",50 to 60,600 to 700,Jul-23
WATERTOWN,PUNGGOL CENTRAL,19,Non-Landed Properties,NA,"3,600",50 to 60,600 to 700,Jul-23
JANSEN 28,JANSEN ROAD,19,Non-Landed Properties,3,"4,500",140 to 150,"1,600 to 1,700",Jul-23
THE LUXURIE,COMPASSVALE ROAD,19,Non-Landed Properties,2,"3,450",70 to 80,700 to 800,Jul-23
STARS OF KOVAN,UPPER SERANGOON ROAD,19,Non-Landed Properties,2,"4,000",60 to 70,700 to 800,Jul-23
SUNGLADE,SERANGOON AVENUE 2,19,Non-Landed Properties,3,"4,400",100 to 110,"1,100 to 1,200",Jul-23
RIVERSOUND RESIDENCE,SENGKANG EAST AVENUE,19,Non-Landed Properties,4,"5,000",110 to 120,"1,200 to 1,300",Jul-23
CHUAN PARK (DEMOLISHED),LORONG CHUAN,19,Non-Landed Properties,4,"3,000",170 to 180,"1,800 to 1,900",Jul-23
KOVAN GRANDEUR,TAMPINES ROAD,19,Non-Landed Properties,2,"3,000",80 to 90,"900 to 1,000",Jul-23
KOVAN RESIDENCES,KOVAN ROAD,19,Non-Landed Properties,3,"6,300",110 to 120,"1,200 to 1,300",Jul-23
SPAZIO @ KOVAN,UPPER SERANGOON ROAD,19,Non-Landed Properties,2,"3,350",40 to 50,500 to 600,Jul-23
CARDIFF RESIDENCE,CARDIFF GROVE,19,Non-Landed Properties,1,"2,750",30 to 40,300 to 400,Jul-23
VIBES@UPPER SERANGOON,UPPER SERANGOON ROAD,19,Non-Landed Properties,1,"2,800",40 to 50,400 to 500,Jul-23
KOVAN GRANDEUR,TAMPINES ROAD,19,Non-Landed Properties,2,"3,600",80 to 90,"900 to 1,000",Jul-23
COMPASS HEIGHTS,SENGKANG SQUARE,19,Non-Landed Properties,2,"4,200",130 to 140,"1,400 to 1,500",Jul-23
RIVERFRONT RESIDENCES,HOUGANG AVENUE 7,19,Non-Landed Properties,NA,"2,900",40 to 50,500 to 600,Jul-23
TERRASSE,TERRASSE LANE,19,Non-Landed Properties,4,"7,200",160 to 170,"1,800 to 1,900",Jul-23
KOVAN MELODY,KOVAN ROAD,19,Non-Landed Properties,3,"5,000",110 to 120,"1,200 to 1,300",Jul-23
MIDTOWN RESIDENCES,UPPER SERANGOON ROAD,19,Non-Landed Properties,2,"3,600",60 to 70,600 to 700,Jul-23
RIVERFRONT RESIDENCES,HOUGANG AVENUE 7,19,Non-Landed Properties,NA,"3,000",40 to 50,400 to 500,Jul-23
WATERTOWN,PUNGGOL CENTRAL,19,Non-Landed Properties,4,"7,000",120 to 130,"1,300 to 1,400",Jul-23
WATERTOWN,PUNGGOL CENTRAL,19,Non-Landed Properties,1,"3,200",40 to 50,500 to 600,Jul-23
REGENTVILLE,HOUGANG STREET 92,19,Non-Landed Properties,3,"4,100",100 to 110,"1,100 to 1,200",Jul-23
KENSINGTON PARK CONDOMINIUM,KENSINGTON PARK DRIVE,19,Non-Landed Properties,3,"4,850",150 to 160,"1,600 to 1,700",Jul-23
BOTANIQUE AT BARTLEY,UPPER PAYA LEBAR ROAD,19,Non-Landed Properties,2,"3,300",60 to 70,600 to 700,Jul-23
THE MINTON,HOUGANG STREET 11,19,Non-Landed Properties,2,"4,500",90 to 100,"900 to 1,000",Jul-23
RIVER ISLES,EDGEDALE PLAINS,19,Non-Landed Properties,4,"4,300",110 to 120,"1,200 to 1,300",Jul-23
BARTLEY RESIDENCES,LORONG HOW SUN,19,Non-Landed Properties,3,"4,500",100 to 110,"1,000 to 1,100",Jul-23
THE SCALA,SERANGOON AVENUE 3,19,Non-Landed Properties,1,"3,300",40 to 50,400 to 500,Jul-23
RIVERFRONT RESIDENCES,HOUGANG AVENUE 7,19,Non-Landed Properties,NA,"3,000",40 to 50,400 to 500,Jul-23
PARC CENTROS,PUNGGOL CENTRAL,19,Non-Landed Properties,3,"5,000",120 to 130,"1,300 to 1,400",Jul-23
PARC CENTROS,PUNGGOL CENTRAL,19,Non-Landed Properties,3,"4,500",100 to 110,"1,100 to 1,200",Jul-23
TERRASSE,TERRASSE LANE,19,Non-Landed Properties,3,"4,900",100 to 110,"1,100 to 1,200",Jul-23
JEWEL @ BUANGKOK,COMPASSVALE BOW,19,Non-Landed Properties,2,"3,600",60 to 70,700 to 800,Jul-23
THE CHUAN,LORONG CHUAN,19,Non-Landed Properties,2,"5,000",80 to 90,"900 to 1,000",Jul-23
SPACE @ KOVAN,YIO CHU KANG ROAD,19,Non-Landed Properties,3,"5,000",120 to 130,"1,300 to 1,400",Jul-23
THE MINTON,HOUGANG STREET 11,19,Non-Landed Properties,3,"4,400",110 to 120,"1,200 to 1,300",Jul-23
SUITES @ KOVAN,UPPER SERANGOON ROAD,19,Non-Landed Properties,1,"2,200",30 to 40,300 to 400,Jul-23
LA FIESTA,SENGKANG SQUARE,19,Non-Landed Properties,2,"3,400",70 to 80,700 to 800,Jul-23
RIVERVALE CREST,RIVERVALE CRESCENT,19,Non-Landed Properties,1,"3,700",80 to 90,"900 to 1,000",Jul-23
TERRASSE,TERRASSE LANE,19,Non-Landed Properties,2,"3,800",70 to 80,700 to 800,Jul-23
EDEN VIEW,EDEN GROVE,19,Non-Landed Properties,3,"4,150",100 to 110,"1,000 to 1,100",Jul-23
SUNGLADE,SERANGOON AVENUE 2,19,Non-Landed Properties,3,"4,500",100 to 110,"1,100 to 1,200",Jul-23
HILBRE28,HILLSIDE DRIVE,19,Non-Landed Properties,3,"3,200",70 to 80,800 to 900,Jul-23
THE SPRINGBLOOM,SERANGOON AVENUE 3,19,Non-Landed Properties,2,"4,500",100 to 110,"1,100 to 1,200",Jul-23
RIVERFRONT RESIDENCES,HOUGANG AVENUE 7,19,Non-Landed Properties,NA,"2,900",40 to 50,400 to 500,Jul-23
KINGSFORD WATERBAY,UPPER SERANGOON VIEW,19,Non-Landed Properties,3,"4,100",80 to 90,800 to 900,Jul-23
THE QUINN,BARTLEY ROAD,19,Non-Landed Properties,2,"3,700",60 to 70,600 to 700,Jul-23
SUNGLADE,SERANGOON AVENUE 2,19,Non-Landed Properties,2,"4,100",80 to 90,800 to 900,Jul-23
VIBES @ KOVAN,KOVAN ROAD,19,Non-Landed Properties,2,"3,400",60 to 70,700 to 800,Jul-23
RIVERFRONT RESIDENCES,HOUGANG AVENUE 7,19,Non-Landed Properties,NA,"2,900",40 to 50,400 to 500,Jul-23
BOTANIQUE AT BARTLEY,UPPER PAYA LEBAR ROAD,19,Non-Landed Properties,1,"3,000",40 to 50,400 to 500,Jul-23
FLO RESIDENCE,PUNGGOL FIELD WALK,19,Non-Landed Properties,3,"4,800",90 to 100,"1,000 to 1,100",Jul-23
WATERTOWN,PUNGGOL CENTRAL,19,Non-Landed Properties,NA,"3,500",50 to 60,600 to 700,Jul-23
AMARANDA GARDENS,SERANGOON AVENUE 3,19,Non-Landed Properties,3,"5,400",110 to 120,"1,200 to 1,300",Jul-23
LA FIESTA,SENGKANG SQUARE,19,Non-Landed Properties,4,"6,000",120 to 130,"1,300 to 1,400",Jul-23
CASA CAMBIO,LIM TUA TOW ROAD,19,Non-Landed Properties,1,"3,000",40 to 50,400 to 500,Jul-23
GAMBIR RIDGE,GAMBIR WALK,19,Non-Landed Properties,1,"2,500",50 to 60,500 to 600,Jul-23
KINGSFORD WATERBAY,UPPER SERANGOON VIEW,19,Non-Landed Properties,1,"2,800",40 to 50,400 to 500,Jul-23
THE LILIUM,HOW SUN ROAD,19,Non-Landed Properties,2,"4,500",60 to 70,700 to 800,Jul-23
A TREASURE TROVE,PUNGGOL WALK,19,Non-Landed Properties,2,"3,800",70 to 80,700 to 800,Jul-23
THE GAZANIA,HOW SUN DRIVE,19,Non-Landed Properties,2,"4,100",50 to 60,600 to 700,Jul-23
THE GAZANIA,HOW SUN DRIVE,19,Non-Landed Properties,1,"3,499",40 to 50,400 to 500,Jul-23
KINGSFORD WATERBAY,UPPER SERANGOON VIEW,19,Non-Landed Properties,2,"3,700",60 to 70,600 to 700,Jul-23
THE SCALA,SERANGOON AVENUE 3,19,Non-Landed Properties,3,"6,000",90 to 100,"1,000 to 1,100",Jul-23
BOTANIQUE AT BARTLEY,UPPER PAYA LEBAR ROAD,19,Non-Landed Properties,2,"4,200",60 to 70,600 to 700,Jul-23
ROSALIA PARK,LORONG ONG LYE,19,Non-Landed Properties,2,"4,500",100 to 110,"1,100 to 1,200",Jul-23
SPACE @ KOVAN,YIO CHU KANG ROAD,19,Non-Landed Properties,2,"3,400",50 to 60,600 to 700,Jul-23
NOUVELLE PARK,POH HUAT ROAD WEST,19,Non-Landed Properties,3,"3,000",140 to 150,"1,500 to 1,600",Jul-23
THE SCALA,SERANGOON AVENUE 3,19,Non-Landed Properties,3,"5,400",90 to 100,"1,000 to 1,100",Jul-23
BLISS@KOVAN,SIMON LANE,19,Non-Landed Properties,3,"5,000",100 to 110,"1,100 to 1,200",Jul-23
ROSALIA PARK,LORONG ONG LYE,19,Non-Landed Properties,3,"3,000",130 to 140,"1,400 to 1,500",Jul-23
KOVAN REGENCY,KOVAN RISE,19,Non-Landed Properties,4,"6,300",110 to 120,"1,200 to 1,300",Jul-23
SUNGLADE,SERANGOON AVENUE 2,19,Non-Landed Properties,3,"5,000",110 to 120,"1,200 to 1,300",Jul-23
KOVAN REGENCY,KOVAN RISE,19,Non-Landed Properties,3,"5,500",90 to 100,"1,000 to 1,100",Jul-23
NAUNG RESIDENCE,JALAN NAUNG,19,Non-Landed Properties,2,"2,850",50 to 60,500 to 600,Jul-23
CHILTERN PARK,SERANGOON AVENUE 3,19,Non-Landed Properties,3,"5,800",140 to 150,"1,500 to 1,600",Jul-23
GOLDEN HEIGHTS,SERANGOON AVENUE 3,19,Non-Landed Properties,3,"4,300",110 to 120,"1,200 to 1,300",Jul-23
THE SCALA,SERANGOON AVENUE 3,19,Non-Landed Properties,3,"6,000",90 to 100,"1,000 to 1,100",Jul-23
CHUAN PARK (DEMOLISHED),LORONG CHUAN,19,Non-Landed Properties,2,"3,800",100 to 110,"1,100 to 1,200",Jul-23
BOTANIQUE AT BARTLEY,UPPER PAYA LEBAR ROAD,19,Non-Landed Properties,2,"4,900",60 to 70,700 to 800,Jul-23
KOVAN MELODY,KOVAN ROAD,19,Non-Landed Properties,4,"7,300",130 to 140,"1,400 to 1,500",Jul-23
KOVAN GRANDEUR,TAMPINES ROAD,19,Non-Landed Properties,NA,"2,500",30 to 40,300 to 400,Jul-23
RIVERSAILS,UPPER SERANGOON CRESCENT,19,Non-Landed Properties,3,"4,700",100 to 110,"1,100 to 1,200",Jul-23
COMPASS HEIGHTS,SENGKANG SQUARE,19,Non-Landed Properties,3,"4,200",120 to 130,"1,300 to 1,400",Jul-23
PARC CENTROS,PUNGGOL CENTRAL,19,Non-Landed Properties,2,"3,900",70 to 80,700 to 800,Jul-23
THE SCALA,SERANGOON AVENUE 3,19,Non-Landed Properties,2,"3,800",70 to 80,800 to 900,Jul-23
KOVAN MELODY,KOVAN ROAD,19,Non-Landed Properties,3,"5,800",120 to 130,"1,200 to 1,300",Jul-23
EVERGREEN PARK,HOUGANG AVENUE 7,19,Non-Landed Properties,3,"4,400",90 to 100,"1,000 to 1,100",Jul-23
KOVAN RESIDENCES,KOVAN ROAD,19,Non-Landed Properties,2,"4,250",80 to 90,800 to 900,Jul-23
JADE RESIDENCES,LEW LIAN VALE,19,Non-Landed Properties,3,"4,000",60 to 70,700 to 800,Jul-23
KOVAN RESIDENCES,KOVAN ROAD,19,Non-Landed Properties,3,"5,500",160 to 170,"1,700 to 1,800",Jul-23
KENSINGTON PARK CONDOMINIUM,KENSINGTON PARK DRIVE,19,Non-Landed Properties,NA,"4,300",170 to 180,"1,800 to 1,900",Jul-23
NON-LANDED HOUSING DEVELOPMENT,FLOWER ROAD,19,Non-Landed Properties,NA,"3,400",100 to 110,"1,100 to 1,200",Jul-23
8 EDEN GROVE,EDEN GROVE,19,Non-Landed Properties,3,"2,400",90 to 100,"1,000 to 1,100",Jul-23
NON-LANDED HOUSING DEVELOPMENT,BOUNDARY ROAD,19,Non-Landed Properties,NA,"2,500",80 to 90,800 to 900,Jul-23
PARC CENTROS,PUNGGOL CENTRAL,19,Non-Landed Properties,1,"3,000",40 to 50,400 to 500,Jul-23
SUNGLADE,SERANGOON AVENUE 2,19,Non-Landed Properties,3,"4,500",100 to 110,"1,100 to 1,200",Jul-23
CHUAN PARK (DEMOLISHED),LORONG CHUAN,19,Non-Landed Properties,2,"3,500",100 to 110,"1,100 to 1,200",Jul-23
BARTLEY RESIDENCES,LORONG HOW SUN,19,Non-Landed Properties,2,"4,000",80 to 90,"900 to 1,000",Jul-23
WATERTOWN,PUNGGOL CENTRAL,19,Non-Landed Properties,NA,"3,200",50 to 60,500 to 600,Jul-23
THE MINTON,HOUGANG STREET 11,19,Non-Landed Properties,2,"4,200",80 to 90,"900 to 1,000",Jul-23
LA FIESTA,SENGKANG SQUARE,19,Non-Landed Properties,2,"3,600",70 to 80,700 to 800,Jul-23
KOVAN REGENCY,KOVAN RISE,19,Non-Landed Properties,3,"5,500",100 to 110,"1,100 to 1,200",Jul-23
SPACE @ KOVAN,YIO CHU KANG ROAD,19,Non-Landed Properties,2,"4,350",100 to 110,"1,100 to 1,200",Jul-23
FLO RESIDENCE,PUNGGOL FIELD WALK,19,Non-Landed Properties,3,"5,850",190 to 200,"2,000 to 2,100",Jul-23
TERRASSE,TERRASSE LANE,19,Non-Landed Properties,4,"7,100",130 to 140,"1,400 to 1,500",Jul-23
PARC VERA,HOUGANG STREET 32,19,Non-Landed Properties,2,"3,200",70 to 80,700 to 800,Jul-23
JADE RESIDENCES,LEW LIAN VALE,19,Non-Landed Properties,3,"4,100",80 to 90,800 to 900,Jul-23
LA FIESTA,SENGKANG SQUARE,19,Non-Landed Properties,1,"2,750",40 to 50,400 to 500,Jul-23
CHERRYHILL,LORONG LEW LIAN,19,Non-Landed Properties,2,"2,800",90 to 100,"900 to 1,000",Jul-23
LEITH GROVE,LEITH PARK,19,Non-Landed Properties,2,"4,000",140 to 150,"1,500 to 1,600",Jul-23
BOTANIQUE AT BARTLEY,UPPER PAYA LEBAR ROAD,19,Non-Landed Properties,3,"6,000",90 to 100,"1,000 to 1,100",Jul-23
PALM GROVE CONDOMINIUM,PALM GROVE AVENUE,19,Non-Landed Properties,3,"6,200",170 to 180,"1,900 to 2,000",Jul-23
WATERTOWN,PUNGGOL CENTRAL,19,Non-Landed Properties,NA,"3,600",50 to 60,600 to 700,Jul-23
THE TEMBUSU,TAMPINES ROAD,19,Non-Landed Properties,1,"3,000",40 to 50,400 to 500,Jul-23
PARC CENTROS,PUNGGOL CENTRAL,19,Non-Landed Properties,3,"4,300",100 to 110,"1,100 to 1,200",Jul-23
RIO VISTA,UPPER SERANGOON VIEW,19,Non-Landed Properties,4,"6,300",160 to 170,"1,700 to 1,800",Jul-23
RIVER ISLES,EDGEDALE PLAINS,19,Non-Landed Properties,3,"4,500",110 to 120,"1,200 to 1,300",Jul-23
JEWEL @ BUANGKOK,COMPASSVALE BOW,19,Non-Landed Properties,2,"3,700",60 to 70,600 to 700,Jul-23
BLISS@KOVAN,SIMON LANE,19,Non-Landed Properties,2,"3,900",70 to 80,800 to 900,Jul-23
RIVERFRONT RESIDENCES,HOUGANG AVENUE 7,19,Non-Landed Properties,NA,"2,900",40 to 50,400 to 500,Jul-23
BOTANIQUE AT BARTLEY,UPPER PAYA LEBAR ROAD,19,Non-Landed Properties,3,"3,300",100 to 110,"1,100 to 1,200",Jul-23
D'PAVILION,UPPER SERANGOON ROAD,19,Non-Landed Properties,2,"4,000",80 to 90,"900 to 1,000",Jul-23
THE PROMENADE@PELIKAT,JALAN PELIKAT,19,Non-Landed Properties,2,"2,900",80 to 90,"900 to 1,000",Jul-23
LA FIESTA,SENGKANG SQUARE,19,Non-Landed Properties,4,"5,000",100 to 110,"1,000 to 1,100",Jul-23
OASIS GARDEN,JALAN BUNGA RAMPAI,19,Non-Landed Properties,4,"5,000",130 to 140,"1,400 to 1,500",Jul-23
THE SCALA,SERANGOON AVENUE 3,19,Non-Landed Properties,2,"4,700",70 to 80,800 to 900,Jul-23
LA FIESTA,SENGKANG SQUARE,19,Non-Landed Properties,2,"4,050",60 to 70,700 to 800,Jul-23
TERRASSE,TERRASSE LANE,19,Non-Landed Properties,3,"4,500",100 to 110,"1,100 to 1,200",Jul-23
RIO VISTA,UPPER SERANGOON VIEW,19,Non-Landed Properties,3,"4,700",110 to 120,"1,200 to 1,300",Jul-23
PRESTO@UPPER SERANGOON,UPPER SERANGOON ROAD,19,Non-Landed Properties,2,"3,500",70 to 80,800 to 900,Jul-23
THE SCALA,SERANGOON AVENUE 3,19,Non-Landed Properties,2,"4,700",70 to 80,800 to 900,Jul-23
THE GAZANIA,HOW SUN DRIVE,19,Non-Landed Properties,2,"4,100",60 to 70,600 to 700,Jul-23
KOVAN MELODY,KOVAN ROAD,19,Non-Landed Properties,3,"5,600",120 to 130,"1,300 to 1,400",Jul-23
A TREASURE TROVE,PUNGGOL WALK,19,Non-Landed Properties,2,"4,200",80 to 90,"900 to 1,000",Jul-23
THE TEMBUSU,TAMPINES ROAD,19,Non-Landed Properties,4,"5,800",120 to 130,"1,300 to 1,400",Jul-23
A TREASURE TROVE,PUNGGOL WALK,19,Non-Landed Properties,2,"4,400",70 to 80,700 to 800,Jul-23
KINGSFORD WATERBAY,UPPER SERANGOON VIEW,19,Non-Landed Properties,2,"3,500",60 to 70,600 to 700,Jul-23
THE LUXURIE,COMPASSVALE ROAD,19,Non-Landed Properties,2,"3,500",70 to 80,700 to 800,Jul-23
KINGSFORD WATERBAY,UPPER SERANGOON VIEW,19,Non-Landed Properties,2,"3,450",60 to 70,600 to 700,Jul-23
THE SCALA,SERANGOON AVENUE 3,19,Non-Landed Properties,1,"3,400",50 to 60,500 to 600,Jul-23
THE TEMBUSU,TAMPINES ROAD,19,Non-Landed Properties,3,"4,700",110 to 120,"1,200 to 1,300",Jul-23
THE QUARTZ,COMPASSVALE BOW,19,Non-Landed Properties,NA,"4,200",90 to 100,"1,000 to 1,100",Jul-23
THE SUNSHINE,SUNSHINE TERRACE,19,Non-Landed Properties,3,"4,700",110 to 120,"1,200 to 1,300",Jul-23
BOTANIQUE AT BARTLEY,UPPER PAYA LEBAR ROAD,19,Non-Landed Properties,2,"3,900",60 to 70,600 to 700,Jul-23
RIVERSOUND RESIDENCE,SENGKANG EAST AVENUE,19,Non-Landed Properties,2,"3,400",70 to 80,700 to 800,Jul-23
CHUAN PARK (DEMOLISHED),LORONG CHUAN,19,Non-Landed Properties,2,"3,050",60 to 70,700 to 800,Jul-23
THE SCALA,SERANGOON AVENUE 3,19,Non-Landed Properties,1,"3,100",40 to 50,400 to 500,Jul-23
FOREST WOODS,LORONG LEW LIAN,19,Non-Landed Properties,2,"3,800",60 to 70,700 to 800,Jul-23
THE QUINN,BARTLEY ROAD,19,Non-Landed Properties,2,"3,650",70 to 80,700 to 800,Jul-23
JADE RESIDENCES,LEW LIAN VALE,19,Non-Landed Properties,2,"3,400",50 to 60,600 to 700,Jul-23
THE SCALA,SERANGOON AVENUE 3,19,Non-Landed Properties,4,"7,500",110 to 120,"1,200 to 1,300",Jul-23
THE CHUAN,LORONG CHUAN,19,Non-Landed Properties,3,"5,100",110 to 120,"1,200 to 1,300",Jul-23
D'HIRO@HILLSIDE,HILLSIDE DRIVE,19,Non-Landed Properties,3,"3,800",100 to 110,"1,100 to 1,200",Jul-23
THE WATERLINE,POH HUAT ROAD WEST,19,Non-Landed Properties,3,"4,000",110 to 120,"1,200 to 1,300",Jul-23
AMARANDA GARDENS,SERANGOON AVENUE 3,19,Non-Landed Properties,3,"5,200",110 to 120,"1,200 to 1,300",Jul-23
THE SCALA,SERANGOON AVENUE 3,19,Non-Landed Properties,1,"3,500",40 to 50,400 to 500,Jul-23
TRILIVE,TAMPINES ROAD,19,Non-Landed Properties,2,"3,300",50 to 60,500 to 600,Jul-23
REGENTVILLE,HOUGANG STREET 92,19,Non-Landed Properties,2,"3,600",90 to 100,"900 to 1,000",Jul-23
JEWEL @ BUANGKOK,COMPASSVALE BOW,19,Non-Landed Properties,3,"4,000",80 to 90,800 to 900,Jul-23
JEWEL @ BUANGKOK,COMPASSVALE BOW,19,Non-Landed Properties,3,"4,700",110 to 120,"1,100 to 1,200",Jul-23
BARTLEY RESIDENCES,LORONG HOW SUN,19,Non-Landed Properties,1,"3,150",40 to 50,400 to 500,Jul-23
THE SCALA,SERANGOON AVENUE 3,19,Non-Landed Properties,2,"4,700",70 to 80,800 to 900,Jul-23
BAYOU RESIDENCE,UPPER PAYA LEBAR ROAD,19,Non-Landed Properties,3,"3,950",80 to 90,"900 to 1,000",Jul-23
CARDIFF RESIDENCE,CARDIFF GROVE,19,Non-Landed Properties,1,"2,900",30 to 40,400 to 500,Jul-23
THE SCALA,SERANGOON AVENUE 3,19,Non-Landed Properties,2,"4,800",80 to 90,"900 to 1,000",Jul-23
FORTUNE PARK,TAMPINES ROAD,19,Non-Landed Properties,3,"4,200",110 to 120,"1,200 to 1,300",Jul-23
LA FIESTA,SENGKANG SQUARE,19,Non-Landed Properties,3,"3,900",70 to 80,800 to 900,Jul-23
LA FIESTA,SENGKANG SQUARE,19,Non-Landed Properties,2,"3,900",70 to 80,700 to 800,Jul-23
JEWEL @ BUANGKOK,COMPASSVALE BOW,19,Non-Landed Properties,3,"4,600",90 to 100,"1,000 to 1,100",Jul-23
PARK RESIDENCES KOVAN,UPPER SERANGOON ROAD,19,Non-Landed Properties,1,"2,700",30 to 40,300 to 400,Jul-23
KINGSFORD WATERBAY,UPPER SERANGOON VIEW,19,Non-Landed Properties,1,"2,800",40 to 50,400 to 500,Jul-23
BOTANIQUE AT BARTLEY,UPPER PAYA LEBAR ROAD,19,Non-Landed Properties,1,"3,300",40 to 50,500 to 600,Jul-23
THE MINTON,HOUGANG STREET 11,19,Non-Landed Properties,3,"6,100",120 to 130,"1,300 to 1,400",Jul-23
KOVAN REGENCY,KOVAN RISE,19,Non-Landed Properties,2,"4,100",70 to 80,700 to 800,Jul-23
KINGSFORD WATERBAY,UPPER SERANGOON VIEW,19,Non-Landed Properties,1,"3,000",40 to 50,400 to 500,Jul-23
JADE RESIDENCES,LEW LIAN VALE,19,Non-Landed Properties,2,"3,300",40 to 50,500 to 600,Jul-23
KENSINGTON PARK CONDOMINIUM,KENSINGTON PARK DRIVE,19,Non-Landed Properties,3,"4,500",150 to 160,"1,600 to 1,700",Jul-23
KOVAN MELODY,KOVAN ROAD,19,Non-Landed Properties,3,"4,500",110 to 120,"1,200 to 1,300",Jul-23
THE SCALA,SERANGOON AVENUE 3,19,Non-Landed Properties,3,"6,000",90 to 100,"1,000 to 1,100",Jul-23
FOREST WOODS,LORONG LEW LIAN,19,Non-Landed Properties,2,"4,500",60 to 70,700 to 800,Jul-23
TERRASSE,TERRASSE LANE,19,Non-Landed Properties,3,"5,000",110 to 120,"1,200 to 1,300",Jul-23
A TREASURE TROVE,PUNGGOL WALK,19,Non-Landed Properties,4,"4,400",120 to 130,"1,300 to 1,400",Jul-23
RIVERFRONT RESIDENCES,HOUGANG AVENUE 7,19,Non-Landed Properties,NA,"3,500",40 to 50,400 to 500,Jul-23
THE SCALA,SERANGOON AVENUE 3,19,Non-Landed Properties,1,"3,300",40 to 50,400 to 500,Jul-23
OASIS GARDEN,JALAN BUNGA RAMPAI,19,Non-Landed Properties,3,"4,700",110 to 120,"1,200 to 1,300",Jul-23
KOVAN REGENCY,KOVAN RISE,19,Non-Landed Properties,3,"5,000",90 to 100,"1,000 to 1,100",Jul-23
RIVERSOUND RESIDENCE,SENGKANG EAST AVENUE,19,Non-Landed Properties,2,"2,800",70 to 80,700 to 800,Jul-23
KINGSFORD WATERBAY,UPPER SERANGOON VIEW,19,Non-Landed Properties,1,"2,700",40 to 50,400 to 500,Jul-23
BOTANIQUE AT BARTLEY,UPPER PAYA LEBAR ROAD,19,Non-Landed Properties,1,"3,200",40 to 50,400 to 500,Jul-23
CHILTERN PARK,SERANGOON AVENUE 3,19,Non-Landed Properties,3,"4,600",110 to 120,"1,200 to 1,300",Jul-23
CARDIFF RESIDENCE,CARDIFF GROVE,19,Non-Landed Properties,1,"2,500",30 to 40,400 to 500,Jul-23
BLISS@KOVAN,SIMON LANE,19,Non-Landed Properties,2,"3,300",70 to 80,800 to 900,Jul-23
RIO VISTA,UPPER SERANGOON VIEW,19,Non-Landed Properties,3,"3,700",110 to 120,"1,200 to 1,300",Jul-23
8 EDEN GROVE,EDEN GROVE,19,Non-Landed Properties,2,"3,900",90 to 100,"1,000 to 1,100",Jul-23
THE SCALA,SERANGOON AVENUE 3,19,Non-Landed Properties,2,"4,500",80 to 90,"900 to 1,000",Jul-23
EVANIA,UPPER PAYA LEBAR ROAD,19,Non-Landed Properties,2,"4,000",80 to 90,"900 to 1,000",Jul-23
KOVAN RESIDENCES,KOVAN ROAD,19,Non-Landed Properties,3,"5,200",110 to 120,"1,200 to 1,300",Jul-23
SUNGLADE,SERANGOON AVENUE 2,19,Non-Landed Properties,2,"4,300",90 to 100,"1,000 to 1,100",Jul-23
WATERTOWN,PUNGGOL CENTRAL,19,Non-Landed Properties,1,"3,200",50 to 60,500 to 600,Jul-23
THE SCALA,SERANGOON AVENUE 3,19,Non-Landed Properties,2,"4,800",80 to 90,800 to 900,Jul-23
WATERTOWN,PUNGGOL CENTRAL,19,Non-Landed Properties,1,"3,600",50 to 60,500 to 600,Jul-23
KINGSFORD WATERBAY,UPPER SERANGOON VIEW,19,Non-Landed Properties,2,"3,550",60 to 70,600 to 700,Jul-23
WATERTOWN,PUNGGOL CENTRAL,19,Non-Landed Properties,1,"3,050",40 to 50,500 to 600,Jul-23
KOVAN MELODY,KOVAN ROAD,19,Non-Landed Properties,3,"5,400",110 to 120,"1,200 to 1,300",Jul-23
AMARANDA GARDENS,SERANGOON AVENUE 3,19,Non-Landed Properties,4,"7,000",130 to 140,"1,400 to 1,500",Jul-23
COMPASS HEIGHTS,SENGKANG SQUARE,19,Non-Landed Properties,1,"3,600",60 to 70,600 to 700,Jul-23
THE SCALA,SERANGOON AVENUE 3,19,Non-Landed Properties,1,"3,300",40 to 50,400 to 500,Jul-23
BARTLEY RESIDENCES,LORONG HOW SUN,19,Non-Landed Properties,3,"4,800",100 to 110,"1,000 to 1,100",Jul-23
COMPASS HEIGHTS,SENGKANG SQUARE,19,Non-Landed Properties,3,"4,300",120 to 130,"1,200 to 1,300",Jul-23
BOATHOUSE RESIDENCES,UPPER SERANGOON VIEW,19,Non-Landed Properties,2,"3,500",80 to 90,"900 to 1,000",Jul-23
PARC CENTROS,PUNGGOL CENTRAL,19,Non-Landed Properties,2,"3,750",70 to 80,700 to 800,Jul-23
RIVERSAILS,UPPER SERANGOON CRESCENT,19,Non-Landed Properties,2,"3,500",70 to 80,800 to 900,Jul-23
KENSINGTON PARK CONDOMINIUM,KENSINGTON PARK DRIVE,19,Non-Landed Properties,3,"5,300",150 to 160,"1,600 to 1,700",Jul-23
WATERTOWN,PUNGGOL CENTRAL,19,Non-Landed Properties,1,"3,200",50 to 60,500 to 600,Jul-23
CHILTERN PARK,SERANGOON AVENUE 3,19,Non-Landed Properties,2,"3,700",80 to 90,"900 to 1,000",Jul-23
WATERTOWN,PUNGGOL CENTRAL,19,Non-Landed Properties,NA,"3,300",50 to 60,600 to 700,Jul-23
THE SPRINGBLOOM,SERANGOON AVENUE 3,19,Non-Landed Properties,3,"5,500",140 to 150,"1,500 to 1,600",Jul-23
CASA CAMBIO,LIM TUA TOW ROAD,19,Non-Landed Properties,1,"2,800",40 to 50,400 to 500,Jul-23
SUITES @ PAYA LEBAR,UPPER PAYA LEBAR ROAD,19,Non-Landed Properties,NA,"2,600",30 to 40,300 to 400,Jul-23
NOUVELLE PARK,POH HUAT ROAD WEST,19,Non-Landed Properties,3,"3,900",100 to 110,"1,000 to 1,100",Jul-23
PRIMO RESIDENCES,JALAN PELIKAT,19,Non-Landed Properties,2,"4,100",80 to 90,"900 to 1,000",Jul-23
PARC CENTROS,PUNGGOL CENTRAL,19,Non-Landed Properties,3,"3,700",100 to 110,"1,100 to 1,200",Jul-23
THE PROMENADE@PELIKAT,JALAN PELIKAT,19,Non-Landed Properties,1,"2,900",40 to 50,400 to 500,Jul-23
TRILIVE,TAMPINES ROAD,19,Non-Landed Properties,2,"3,400",50 to 60,600 to 700,Jul-23
LA FIESTA,SENGKANG SQUARE,19,Non-Landed Properties,3,"4,200",70 to 80,800 to 900,Jul-23
THE MINTON,HOUGANG STREET 11,19,Non-Landed Properties,3,"4,300",130 to 140,"1,400 to 1,500",Jul-23
PARC CENTROS,PUNGGOL CENTRAL,19,Non-Landed Properties,3,"4,250",90 to 100,"900 to 1,000",Jul-23
FONTAINE PARRY,POH HUAT ROAD,19,Non-Landed Properties,3,"5,200",140 to 150,"1,500 to 1,600",Jul-23
BOTANIQUE AT BARTLEY,UPPER PAYA LEBAR ROAD,19,Non-Landed Properties,3,"5,900",90 to 100,"1,000 to 1,100",Jul-23
KOVAN MELODY,KOVAN ROAD,19,Non-Landed Properties,3,"4,500",140 to 150,"1,600 to 1,700",Jul-23
WATERTOWN,PUNGGOL CENTRAL,19,Non-Landed Properties,3,"5,700",100 to 110,"1,100 to 1,200",Jul-23
THE GAZANIA,HOW SUN DRIVE,19,Non-Landed Properties,1,"3,300",40 to 50,400 to 500,Jul-23
THE MINTON,HOUGANG STREET 11,19,Non-Landed Properties,2,"4,700",80 to 90,"900 to 1,000",Jul-23
PRIMO RESIDENCES,JALAN PELIKAT,19,Non-Landed Properties,1,"2,800",40 to 50,400 to 500,Jul-23
THE GARDEN RESIDENCES,SERANGOON NORTH VIEW,19,Non-Landed Properties,2,"3,600",60 to 70,600 to 700,Jul-23
STARS OF KOVAN,UPPER SERANGOON ROAD,19,Non-Landed Properties,2,"3,900",60 to 70,700 to 800,Jul-23
NON-LANDED HOUSING DEVELOPMENT,LOWLAND ROAD,19,Non-Landed Properties,NA,"2,900",60 to 70,600 to 700,Jul-23
WATERTOWN,PUNGGOL CENTRAL,19,Non-Landed Properties,1,"2,500",40 to 50,500 to 600,Jul-23
BARTLEY RESIDENCES,LORONG HOW SUN,19,Non-Landed Properties,1,"3,300",40 to 50,400 to 500,Jul-23
KINGSFORD WATERBAY,UPPER SERANGOON VIEW,19,Non-Landed Properties,2,"3,800",60 to 70,600 to 700,Jul-23
PARC CENTROS,PUNGGOL CENTRAL,19,Non-Landed Properties,3,"4,400",120 to 130,"1,200 to 1,300",Jul-23
WATERTOWN,PUNGGOL CENTRAL,19,Non-Landed Properties,2,"4,100",80 to 90,"900 to 1,000",Jul-23
FLO RESIDENCE,PUNGGOL FIELD WALK,19,Non-Landed Properties,3,"4,500",80 to 90,"900 to 1,000",Jul-23
THE QUINN,BARTLEY ROAD,19,Non-Landed Properties,2,"4,250",80 to 90,800 to 900,Jul-23
HARMONY @ 1A,LIM AH PIN ROAD,19,Non-Landed Properties,3,"3,700",110 to 120,"1,200 to 1,300",Jul-23
THE SPRINGBLOOM,SERANGOON AVENUE 3,19,Non-Landed Properties,2,"4,800",100 to 110,"1,100 to 1,200",Jul-23
REGENTVILLE,HOUGANG STREET 92,19,Non-Landed Properties,2,"3,800",90 to 100,"900 to 1,000",Jul-23
JEWEL @ BUANGKOK,COMPASSVALE BOW,19,Non-Landed Properties,1,"3,200",40 to 50,400 to 500,Jul-23
BOTANIQUE AT BARTLEY,UPPER PAYA LEBAR ROAD,19,Non-Landed Properties,3,"4,200",80 to 90,"900 to 1,000",Jul-23
RIVERSOUND RESIDENCE,SENGKANG EAST AVENUE,19,Non-Landed Properties,4,"4,500",110 to 120,"1,200 to 1,300",Jul-23
AMARANDA GARDENS,SERANGOON AVENUE 3,19,Non-Landed Properties,3,"5,850",110 to 120,"1,200 to 1,300",Jul-23
A TREASURE TROVE,PUNGGOL WALK,19,Non-Landed Properties,3,"4,200",90 to 100,"1,000 to 1,100",Jul-23
THE GARDEN RESIDENCES,SERANGOON NORTH VIEW,19,Non-Landed Properties,1,"3,150",40 to 50,400 to 500,Jul-23
KOVAN MELODY,KOVAN ROAD,19,Non-Landed Properties,3,"5,400",120 to 130,"1,200 to 1,300",Jul-23
PRIMO RESIDENCES,JALAN PELIKAT,19,Non-Landed Properties,1,"2,600",40 to 50,500 to 600,Jul-23
PRESTO@UPPER SERANGOON,UPPER SERANGOON ROAD,19,Non-Landed Properties,1,"2,600",40 to 50,400 to 500,Jul-23
JEWEL @ BUANGKOK,COMPASSVALE BOW,19,Non-Landed Properties,1,"3,000",40 to 50,400 to 500,Jul-23
CHILTERN PARK,SERANGOON AVENUE 3,19,Non-Landed Properties,3,"4,200",110 to 120,"1,200 to 1,300",Jul-23
WATERTOWN,PUNGGOL CENTRAL,19,Non-Landed Properties,4,"6,500",120 to 130,"1,300 to 1,400",Jul-23
KOVAN MELODY,KOVAN ROAD,19,Non-Landed Properties,3,"5,000",110 to 120,"1,200 to 1,300",Jul-23
KENSINGTON PARK CONDOMINIUM,KENSINGTON PARK DRIVE,19,Non-Landed Properties,3,"4,600",150 to 160,"1,600 to 1,700",Jul-23
THE QUARTZ,COMPASSVALE BOW,19,Non-Landed Properties,NA,"4,600",100 to 110,"1,100 to 1,200",Jul-23
BLISS@KOVAN,SIMON LANE,19,Non-Landed Properties,2,"3,600",80 to 90,"900 to 1,000",Jul-23
CARDIFF RESIDENCE,CARDIFF GROVE,19,Non-Landed Properties,2,"3,500",110 to 120,"1,200 to 1,300",Jul-23
SPACE @ KOVAN,YIO CHU KANG ROAD,19,Non-Landed Properties,1,"2,850",50 to 60,500 to 600,Jul-23
PARC VERA,HOUGANG STREET 32,19,Non-Landed Properties,2,"3,600",80 to 90,800 to 900,Jul-23
KOVAN MELODY,KOVAN ROAD,19,Non-Landed Properties,2,"3,700",80 to 90,"900 to 1,000",Jul-23
THE SCALA,SERANGOON AVENUE 3,19,Non-Landed Properties,2,"4,000",70 to 80,800 to 900,Jul-23
BARTLEY RESIDENCES,LORONG HOW SUN,19,Non-Landed Properties,3,"3,350",100 to 110,"1,000 to 1,100",Jul-23
PARC VERA,HOUGANG STREET 32,19,Non-Landed Properties,3,"4,400",100 to 110,"1,100 to 1,200",Jul-23
THE SCALA,SERANGOON AVENUE 3,19,Non-Landed Properties,1,"3,300",40 to 50,400 to 500,Jul-23
KOVAN MELODY,KOVAN ROAD,19,Non-Landed Properties,3,"5,200",110 to 120,"1,200 to 1,300",Jul-23
WATERTOWN,PUNGGOL CENTRAL,19,Non-Landed Properties,NA,"3,800",50 to 60,600 to 700,Jul-23
KENSINGTON SQUARE,JALAN LOKAM,19,Non-Landed Properties,2,"3,600",80 to 90,"900 to 1,000",Jul-23
BARTLEY RESIDENCES,LORONG HOW SUN,19,Non-Landed Properties,2,"4,300",70 to 80,700 to 800,Jul-23
THE GARDEN RESIDENCES,SERANGOON NORTH VIEW,19,Non-Landed Properties,1,"3,050",40 to 50,400 to 500,Jul-23
WATERTOWN,PUNGGOL CENTRAL,19,Non-Landed Properties,3,"6,050",100 to 110,"1,100 to 1,200",Jul-23
RIVERSAILS,UPPER SERANGOON CRESCENT,19,Non-Landed Properties,1,"3,200",40 to 50,500 to 600,Jul-23
THE SCALA,SERANGOON AVENUE 3,19,Non-Landed Properties,2,"4,500",80 to 90,"900 to 1,000",Jul-23
WATERTOWN,PUNGGOL CENTRAL,19,Non-Landed Properties,2,"4,200",80 to 90,"900 to 1,000",Jul-23
THE MINTON,HOUGANG STREET 11,19,Non-Landed Properties,2,"3,900",100 to 110,"1,100 to 1,200",Jul-23
KINGSFORD WATERBAY,UPPER SERANGOON VIEW,19,Non-Landed Properties,3,"3,200",70 to 80,800 to 900,Jul-23
EVERGREEN PARK,HOUGANG AVENUE 7,19,Non-Landed Properties,3,"3,600",90 to 100,"1,000 to 1,100",Jul-23
FORTUNE PARK,TAMPINES ROAD,19,Non-Landed Properties,3,"3,800",110 to 120,"1,200 to 1,300",Jul-23
WATERTOWN,PUNGGOL CENTRAL,19,Non-Landed Properties,1,"3,500",40 to 50,500 to 600,Jul-23
RIVERSAILS,UPPER SERANGOON CRESCENT,19,Non-Landed Properties,3,"4,500",100 to 110,"1,100 to 1,200",Jul-23
BLISS@KOVAN,SIMON LANE,19,Non-Landed Properties,1,"2,450",40 to 50,500 to 600,Jul-23
PRESTO@UPPER SERANGOON,UPPER SERANGOON ROAD,19,Non-Landed Properties,1,"2,600",40 to 50,400 to 500,Jul-23
COMPASS HEIGHTS,SENGKANG SQUARE,19,Non-Landed Properties,4,"6,000",140 to 150,"1,500 to 1,600",Jul-23
COMPASS HEIGHTS,SENGKANG SQUARE,19,Non-Landed Properties,2,"3,900",90 to 100,"1,000 to 1,100",Jul-23
RIVERSOUND RESIDENCE,SENGKANG EAST AVENUE,19,Non-Landed Properties,3,"4,250",90 to 100,"1,000 to 1,100",Jul-23
KOVAN REGENCY,KOVAN RISE,19,Non-Landed Properties,1,"2,800",40 to 50,500 to 600,Jul-23
KOVAN GRANDEUR,TAMPINES ROAD,19,Non-Landed Properties,2,"2,900",50 to 60,500 to 600,Jul-23
CASA CAMBIO,LIM TUA TOW ROAD,19,Non-Landed Properties,1,"3,000",40 to 50,500 to 600,Jul-23
CHILTERN PARK,SERANGOON AVENUE 3,19,Non-Landed Properties,3,"5,300",140 to 150,"1,500 to 1,600",Jul-23
THE QUARTZ,COMPASSVALE BOW,19,Non-Landed Properties,NA,"5,200",110 to 120,"1,100 to 1,200",Jul-23
VIBES@UPPER SERANGOON,UPPER SERANGOON ROAD,19,Non-Landed Properties,1,"2,500",40 to 50,400 to 500,Jul-23
CAMBIO SUITES,LIM TUA TOW ROAD,19,Non-Landed Properties,3,"3,500",80 to 90,800 to 900,Jul-23
RIVERSOUND RESIDENCE,SENGKANG EAST AVENUE,19,Non-Landed Properties,2,"3,400",70 to 80,700 to 800,Jul-23
SUITES @ PAYA LEBAR,UPPER PAYA LEBAR ROAD,19,Non-Landed Properties,NA,"2,400",30 to 40,300 to 400,Jul-23
THE MINTON,HOUGANG STREET 11,19,Non-Landed Properties,3,"5,500",120 to 130,"1,300 to 1,400",Jul-23
FLO RESIDENCE,PUNGGOL FIELD WALK,19,Non-Landed Properties,3,"4,500",90 to 100,"1,000 to 1,100",Jul-23
NON-LANDED HOUSING DEVELOPMENT,PILLAI ROAD,19,Non-Landed Properties,NA,"3,200",90 to 100,"1,000 to 1,100",Jul-23
NON-LANDED HOUSING DEVELOPMENT,BOUNDARY ROAD,19,Non-Landed Properties,NA,"2,900",80 to 90,800 to 900,Jul-23
SPACE @ KOVAN,YIO CHU KANG ROAD,19,Non-Landed Properties,2,"2,800",50 to 60,500 to 600,Jul-23
BOTANIQUE AT BARTLEY,UPPER PAYA LEBAR ROAD,19,Non-Landed Properties,3,"4,800",90 to 100,"1,000 to 1,100",Jul-23
RIVER ISLES,EDGEDALE PLAINS,19,Non-Landed Properties,3,"3,350",100 to 110,"1,000 to 1,100",Jul-23
WATERTOWN,PUNGGOL CENTRAL,19,Non-Landed Properties,1,"3,350",40 to 50,500 to 600,Jul-23
KINGSFORD WATERBAY,UPPER SERANGOON VIEW,19,Non-Landed Properties,3,"4,350",80 to 90,800 to 900,Jul-23
JADE RESIDENCES,LEW LIAN VALE,19,Non-Landed Properties,4,"5,800",110 to 120,"1,100 to 1,200",Jul-23
CHOON KIM HOUSE,UPPER SERANGOON ROAD,19,Non-Landed Properties,3,"3,000",90 to 100,"1,000 to 1,100",Jul-23
HOUGANG GREEN,BUANGKOK GREEN,19,Non-Landed Properties,3,"4,200",100 to 110,"1,100 to 1,200",Jul-23
ISUITES @ TANI,JALAN TANI,19,Non-Landed Properties,1,"2,800",40 to 50,400 to 500,Jul-23
KENSINGTON PARK CONDOMINIUM,KENSINGTON PARK DRIVE,19,Non-Landed Properties,3,"4,800",150 to 160,"1,600 to 1,700",Jul-23
JEWEL @ BUANGKOK,COMPASSVALE BOW,19,Non-Landed Properties,1,"3,100",40 to 50,400 to 500,Jul-23
RIVERVALE CREST,RIVERVALE CRESCENT,19,Non-Landed Properties,1,"3,500",80 to 90,"900 to 1,000",Jul-23
CASA ROSA,LORONG ONG LYE,19,Non-Landed Properties,3,"3,800",100 to 110,"1,100 to 1,200",Jul-23
EVERGREEN PARK,HOUGANG AVENUE 7,19,Non-Landed Properties,3,"3,800",90 to 100,"1,000 to 1,100",Jul-23
BLISS@KOVAN,SIMON LANE,19,Non-Landed Properties,1,"3,100",50 to 60,500 to 600,Jul-23
KINGSFORD WATERBAY,UPPER SERANGOON VIEW,19,Non-Landed Properties,2,"3,000",60 to 70,600 to 700,Jul-23
COMPASS HEIGHTS,SENGKANG SQUARE,19,Non-Landed Properties,2,"3,700",90 to 100,"1,000 to 1,100",Jul-23
WATERTOWN,PUNGGOL CENTRAL,19,Non-Landed Properties,1,"3,350",40 to 50,500 to 600,Jul-23
KOVAN REGENCY,KOVAN RISE,19,Non-Landed Properties,1,"3,200",40 to 50,500 to 600,Jul-23
TANGERINE GROVE,PAYA LEBAR CRESCENT,19,Non-Landed Properties,2,"3,900",80 to 90,"900 to 1,000",Jul-23
BLISS@KOVAN,SIMON LANE,19,Non-Landed Properties,2,"3,850",80 to 90,800 to 900,Jul-23
SUNGLADE,SERANGOON AVENUE 2,19,Non-Landed Properties,3,"5,000",100 to 110,"1,100 to 1,200",Jul-23
D'PAVILION,UPPER SERANGOON ROAD,19,Non-Landed Properties,4,"6,000",150 to 160,"1,600 to 1,700",Jul-23
BOTANIQUE AT BARTLEY,UPPER PAYA LEBAR ROAD,19,Non-Landed Properties,1,"3,100",40 to 50,400 to 500,Jul-23
COMPASS HEIGHTS,SENGKANG SQUARE,19,Non-Landed Properties,2,"3,300",90 to 100,"1,000 to 1,100",Jul-23
RIVERSOUND RESIDENCE,SENGKANG EAST AVENUE,19,Non-Landed Properties,3,"4,100",80 to 90,"900 to 1,000",Jul-23
STARS OF KOVAN,UPPER SERANGOON ROAD,19,Non-Landed Properties,2,"4,100",70 to 80,700 to 800,Jul-23
FLO RESIDENCE,PUNGGOL FIELD WALK,19,Non-Landed Properties,3,"4,600",90 to 100,"1,000 to 1,100",Jul-23
SPACE @ KOVAN,YIO CHU KANG ROAD,19,Non-Landed Properties,3,"3,600",90 to 100,"900 to 1,000",Jul-23
VIBES @ KOVAN,KOVAN ROAD,19,Non-Landed Properties,1,"2,800",30 to 40,300 to 400,Jul-23
RESIDENCES BOTANIQUE,YIO CHU KANG ROAD,19,Non-Landed Properties,3,"4,300",110 to 120,"1,100 to 1,200",Jul-23
CHUAN PARK (DEMOLISHED),LORONG CHUAN,19,Non-Landed Properties,2,"3,550",100 to 110,"1,100 to 1,200",Jul-23
KINGSFORD WATERBAY,UPPER SERANGOON VIEW,19,Non-Landed Properties,2,"3,000",60 to 70,600 to 700,Jul-23
FOREST WOODS,LORONG LEW LIAN,19,Non-Landed Properties,1,"3,100",40 to 50,500 to 600,Jul-23
JEWEL @ BUANGKOK,COMPASSVALE BOW,19,Non-Landed Properties,2,"3,000",60 to 70,700 to 800,Jul-23
KOVAN REGENCY,KOVAN RISE,19,Non-Landed Properties,3,"4,800",90 to 100,"1,000 to 1,100",Jul-23
WATERTOWN,PUNGGOL CENTRAL,19,Non-Landed Properties,NA,"3,100",50 to 60,600 to 700,Jul-23
WATERTOWN,PUNGGOL CENTRAL,19,Non-Landed Properties,1,"3,500",50 to 60,500 to 600,Jul-23
KOVAN MELODY,KOVAN ROAD,19,Non-Landed Properties,2,"4,100",80 to 90,800 to 900,Jul-23
BOATHOUSE RESIDENCES,UPPER SERANGOON VIEW,19,Non-Landed Properties,3,"4,000",80 to 90,800 to 900,Jul-23
RIVERVALE CREST,RIVERVALE CRESCENT,19,Non-Landed Properties,3,"4,150",110 to 120,"1,100 to 1,200",Jul-23
KENSINGTON PARK CONDOMINIUM,KENSINGTON PARK DRIVE,19,Non-Landed Properties,NA,"6,250",190 to 200,"2,100 to 2,200",Jul-23
KOVAN REGENCY,KOVAN RISE,19,Non-Landed Properties,1,"3,000",50 to 60,600 to 700,Jul-23
THE GAZANIA,HOW SUN DRIVE,19,Non-Landed Properties,2,"3,900",60 to 70,600 to 700,Jul-23
AMARANDA GARDENS,SERANGOON AVENUE 3,19,Non-Landed Properties,3,"5,200",110 to 120,"1,200 to 1,300",Jul-23
A TREASURE TROVE,PUNGGOL WALK,19,Non-Landed Properties,2,"3,600",70 to 80,700 to 800,Jul-23
THE MINTON,HOUGANG STREET 11,19,Non-Landed Properties,3,"5,400",110 to 120,"1,200 to 1,300",Jul-23
A TREASURE TROVE,PUNGGOL WALK,19,Non-Landed Properties,2,"3,150",80 to 90,"900 to 1,000",Jul-23
RIVERSAILS,UPPER SERANGOON CRESCENT,19,Non-Landed Properties,2,"4,200",80 to 90,"900 to 1,000",Jul-23
PALM GROVE CONDOMINIUM,PALM GROVE AVENUE,19,Non-Landed Properties,3,"4,200",170 to 180,"1,900 to 2,000",Jul-23
FOREST WOODS,LORONG LEW LIAN,19,Non-Landed Properties,2,"3,500",50 to 60,600 to 700,Jul-23
TERRASSE,TERRASSE LANE,19,Non-Landed Properties,3,"5,300",110 to 120,"1,200 to 1,300",Jul-23
THE TEMBUSU,TAMPINES ROAD,19,Non-Landed Properties,3,"3,300",110 to 120,"1,200 to 1,300",Jul-23
THE SUNSHINE,SUNSHINE TERRACE,19,Non-Landed Properties,3,"4,700",110 to 120,"1,200 to 1,300",Jul-23
TERRASSE,TERRASSE LANE,19,Non-Landed Properties,2,"3,800",70 to 80,700 to 800,Jul-23
CHUAN PARK (DEMOLISHED),LORONG CHUAN,19,Non-Landed Properties,2,"3,000",60 to 70,700 to 800,Jul-23
LA FIESTA,SENGKANG SQUARE,19,Non-Landed Properties,2,"3,400",70 to 80,700 to 800,Jul-23
BOATHOUSE RESIDENCES,UPPER SERANGOON VIEW,19,Non-Landed Properties,1,"3,000",50 to 60,600 to 700,Jul-23
THE GAZANIA,HOW SUN DRIVE,19,Non-Landed Properties,2,"3,800",50 to 60,600 to 700,Jul-23
GRAND REGALIA,UPPER SERANGOON ROAD,19,Non-Landed Properties,3,"7,000",210 to 220,"2,300 to 2,400",Jul-23
CASA RIVIERA,LIM TUA TOW ROAD,19,Non-Landed Properties,NA,"4,200",110 to 120,"1,200 to 1,300",Jul-23
ONEROBEY,ROBEY CRESCENT,19,Non-Landed Properties,2,"2,300",30 to 40,300 to 400,Jul-23
KINGSFORD WATERBAY,UPPER SERANGOON VIEW,19,Non-Landed Properties,3,"3,900",70 to 80,800 to 900,Jul-23
GOLDEN HEIGHTS,SERANGOON AVENUE 3,19,Non-Landed Properties,3,"4,200",110 to 120,"1,200 to 1,300",Jul-23
KENSINGTON SQUARE,JALAN LOKAM,19,Non-Landed Properties,1,"2,800",40 to 50,400 to 500,Jul-23
RIVERSOUND RESIDENCE,SENGKANG EAST AVENUE,19,Non-Landed Properties,4,"4,800",110 to 120,"1,200 to 1,300",Jul-23
GAMBIR RIDGE,GAMBIR WALK,19,Non-Landed Properties,3,"3,800",80 to 90,"900 to 1,000",Jul-23
TRILIVE,TAMPINES ROAD,19,Non-Landed Properties,2,"4,000",50 to 60,600 to 700,Jul-23
EDEN VIEW,EDEN GROVE,19,Non-Landed Properties,1,"2,800",60 to 70,600 to 700,Jul-23
KOVAN MELODY,KOVAN ROAD,19,Non-Landed Properties,3,"5,800",120 to 130,"1,200 to 1,300",Jul-23
THE TEMBUSU,TAMPINES ROAD,19,Non-Landed Properties,2,"3,800",70 to 80,700 to 800,Jul-23
JADE RESIDENCES,LEW LIAN VALE,19,Non-Landed Properties,2,"3,980",50 to 60,500 to 600,Jul-23
STARS OF KOVAN,UPPER SERANGOON ROAD,19,Non-Landed Properties,1,"2,900",40 to 50,500 to 600,Jul-23
KOVAN MELODY,KOVAN ROAD,19,Non-Landed Properties,3,"5,500",110 to 120,"1,200 to 1,300",Jul-23
COMPASS HEIGHTS,SENGKANG SQUARE,19,Non-Landed Properties,3,"4,700",120 to 130,"1,300 to 1,400",Jul-23
THE LUXURIE,COMPASSVALE ROAD,19,Non-Landed Properties,2,"4,050",80 to 90,800 to 900,Jul-23
STARS OF KOVAN,UPPER SERANGOON ROAD,19,Non-Landed Properties,2,"4,200",60 to 70,700 to 800,Jul-23
WATERTOWN,PUNGGOL CENTRAL,19,Non-Landed Properties,1,"3,400",50 to 60,500 to 600,Jul-23
STARS OF KOVAN,UPPER SERANGOON ROAD,19,Non-Landed Properties,2,"4,000",60 to 70,700 to 800,Jul-23
TERRASSE,TERRASSE LANE,19,Non-Landed Properties,2,"4,000",70 to 80,800 to 900,Jul-23
FLO RESIDENCE,PUNGGOL FIELD WALK,19,Non-Landed Properties,2,"3,800",70 to 80,700 to 800,Jul-23
CHILTERN PARK,SERANGOON AVENUE 3,19,Non-Landed Properties,3,"5,800",140 to 150,"1,500 to 1,600",Jul-23
ISUITES @ PALM,GLASGOW ROAD,19,Non-Landed Properties,3,"3,650",110 to 120,"1,100 to 1,200",Jul-23
RIVER ISLES,EDGEDALE PLAINS,19,Non-Landed Properties,2,"2,800",70 to 80,700 to 800,Jul-23
BARTLEY RESIDENCES,LORONG HOW SUN,19,Non-Landed Properties,3,"4,900",100 to 110,"1,000 to 1,100",Jul-23
A TREASURE TROVE,PUNGGOL WALK,19,Non-Landed Properties,3,"4,500",110 to 120,"1,200 to 1,300",Jul-23
SPACE @ KOVAN,YIO CHU KANG ROAD,19,Non-Landed Properties,3,"3,800",90 to 100,"1,000 to 1,100",Jul-23
A TREASURE TROVE,PUNGGOL WALK,19,Non-Landed Properties,3,"4,500",90 to 100,"1,000 to 1,100",Jul-23
THE MINTON,HOUGANG STREET 11,19,Non-Landed Properties,NA,"3,000",60 to 70,600 to 700,Jul-23
21 RICHARDS,RICHARDS AVENUE,19,Non-Landed Properties,2,"4,000",60 to 70,600 to 700,Jul-23
KINGSFORD WATERBAY,UPPER SERANGOON VIEW,19,Non-Landed Properties,2,"2,900",60 to 70,600 to 700,Jul-23
REGENTVILLE,HOUGANG STREET 92,19,Non-Landed Properties,2,"3,800",90 to 100,"900 to 1,000",Jul-23
SPACE @ KOVAN,YIO CHU KANG ROAD,19,Non-Landed Properties,2,"3,800",100 to 110,"1,100 to 1,200",Jul-23
BARTLEY RESIDENCES,LORONG HOW SUN,19,Non-Landed Properties,3,"4,900",90 to 100,"1,000 to 1,100",Jul-23
PRESTIGE POINT,UPPER PAYA LEBAR ROAD,19,Non-Landed Properties,2,"2,600",70 to 80,700 to 800,Jul-23
THE SCALA,SERANGOON AVENUE 3,19,Non-Landed Properties,2,"4,900",70 to 80,800 to 900,Jul-23
COMPASS HEIGHTS,SENGKANG SQUARE,19,Non-Landed Properties,2,"4,400",110 to 120,"1,200 to 1,300",Jul-23
EVERGREEN PARK,HOUGANG AVENUE 7,19,Non-Landed Properties,3,"3,800",90 to 100,"1,000 to 1,100",Jul-23
KENSINGTON PARK CONDOMINIUM,KENSINGTON PARK DRIVE,19,Non-Landed Properties,3,"3,200",160 to 170,"1,700 to 1,800",Jul-23
KENSINGTON PARK CONDOMINIUM,KENSINGTON PARK DRIVE,19,Non-Landed Properties,3,"4,400",160 to 170,"1,700 to 1,800",Jul-23
THE MINTON,HOUGANG STREET 11,19,Non-Landed Properties,NA,"2,750",50 to 60,500 to 600,Jul-23
PALM GROVE CONDOMINIUM,PALM GROVE AVENUE,19,Non-Landed Properties,3,"4,800",130 to 140,"1,400 to 1,500",Jul-23
PARC CENTROS,PUNGGOL CENTRAL,19,Non-Landed Properties,3,"4,200",90 to 100,"900 to 1,000",Jul-23
KINGSFORD WATERBAY,UPPER SERANGOON VIEW,19,Non-Landed Properties,1,"2,100",40 to 50,400 to 500,Jul-23
FOREST WOODS,LORONG LEW LIAN,19,Non-Landed Properties,3,"4,900",80 to 90,"900 to 1,000",Jul-23
THE SCALA,SERANGOON AVENUE 3,19,Non-Landed Properties,3,"5,500",90 to 100,"1,000 to 1,100",Jul-23
BOATHOUSE RESIDENCES,UPPER SERANGOON VIEW,19,Non-Landed Properties,2,"3,200",60 to 70,700 to 800,Jul-23
A TREASURE TROVE,PUNGGOL WALK,19,Non-Landed Properties,2,"3,350",70 to 80,700 to 800,Jul-23
KOVAN MELODY,KOVAN ROAD,19,Non-Landed Properties,2,"4,800",110 to 120,"1,200 to 1,300",Jul-23
WATERTOWN,PUNGGOL CENTRAL,19,Non-Landed Properties,1,"3,400",50 to 60,500 to 600,Jul-23
STARS OF KOVAN,UPPER SERANGOON ROAD,19,Non-Landed Properties,2,"4,000",60 to 70,700 to 800,Jul-23
SPACE @ KOVAN,YIO CHU KANG ROAD,19,Non-Landed Properties,1,"3,200",30 to 40,400 to 500,Jul-23
TERRASSE,TERRASSE LANE,19,Non-Landed Properties,2,"3,300",60 to 70,700 to 800,Jul-23
BARTLEY RESIDENCES,LORONG HOW SUN,19,Non-Landed Properties,2,"5,000",80 to 90,"900 to 1,000",Jul-23
THE TEMBUSU,TAMPINES ROAD,19,Non-Landed Properties,2,"3,800",70 to 80,700 to 800,Jul-23
THE QUARTZ,COMPASSVALE BOW,19,Non-Landed Properties,NA,"4,200",90 to 100,"1,000 to 1,100",Jul-23
SPACE @ KOVAN,YIO CHU KANG ROAD,19,Non-Landed Properties,2,"3,000",100 to 110,"1,100 to 1,200",Jul-23
KOVAN REGENCY,KOVAN RISE,19,Non-Landed Properties,2,"3,900",50 to 60,500 to 600,Jul-23
WATERTOWN,PUNGGOL CENTRAL,19,Non-Landed Properties,2,"4,200",70 to 80,800 to 900,Jul-23
BLISS@KOVAN,SIMON LANE,19,Non-Landed Properties,3,"4,650",100 to 110,"1,100 to 1,200",Jul-23
KOVAN MELODY,KOVAN ROAD,19,Non-Landed Properties,3,"4,900",110 to 120,"1,200 to 1,300",Jul-23
EDEN CREST,EDEN GROVE,19,Non-Landed Properties,3,"3,400",80 to 90,"900 to 1,000",Jul-23
KOVAN MELODY,KOVAN ROAD,19,Non-Landed Properties,3,"5,100",120 to 130,"1,300 to 1,400",Jul-23
THE CHUAN,LORONG CHUAN,19,Non-Landed Properties,4,"6,650",150 to 160,"1,600 to 1,700",Jul-23
KOVAN PRIMERA,KOVAN ROAD,19,Non-Landed Properties,3,"4,400",150 to 160,"1,600 to 1,700",Jul-23
RIVERVALE CREST,RIVERVALE CRESCENT,19,Non-Landed Properties,3,"3,500",100 to 110,"1,100 to 1,200",Jul-23
BARTLEY RESIDENCES,LORONG HOW SUN,19,Non-Landed Properties,1,"3,300",40 to 50,400 to 500,Jul-23
KOVAN REGENCY,KOVAN RISE,19,Non-Landed Properties,3,"5,800",100 to 110,"1,100 to 1,200",Jul-23
RIVER ISLES,EDGEDALE PLAINS,19,Non-Landed Properties,4,"4,850",110 to 120,"1,200 to 1,300",Jul-23
D'ZIRE,ROBEY CRESCENT,19,Non-Landed Properties,2,"2,800",70 to 80,700 to 800,Jul-23
WATERTOWN,PUNGGOL CENTRAL,19,Non-Landed Properties,NA,"3,000",50 to 60,500 to 600,Jul-23
THE LUXURIE,COMPASSVALE ROAD,19,Non-Landed Properties,1,"3,300",50 to 60,600 to 700,Jul-23
CHUAN PARK (DEMOLISHED),LORONG CHUAN,19,Non-Landed Properties,2,"2,550",100 to 110,"1,100 to 1,200",Jul-23
TERRASSE,TERRASSE LANE,19,Non-Landed Properties,1,"3,200",60 to 70,600 to 700,Jul-23
TERRASSE,TERRASSE LANE,19,Non-Landed Properties,1,"3,000",50 to 60,500 to 600,Jul-23
THE SCALA,SERANGOON AVENUE 3,19,Non-Landed Properties,1,"3,000",50 to 60,500 to 600,Jul-23
THE MINTON,HOUGANG STREET 11,19,Non-Landed Properties,3,"5,550",120 to 130,"1,300 to 1,400",Jun-23
JEWEL @ BUANGKOK,COMPASSVALE BOW,19,Non-Landed Properties,3,"4,650",110 to 120,"1,100 to 1,200",Jun-23
BOTANIQUE AT BARTLEY,UPPER PAYA LEBAR ROAD,19,Non-Landed Properties,3,"5,150",90 to 100,"1,000 to 1,100",Jun-23
RIVERSAILS,UPPER SERANGOON CRESCENT,19,Non-Landed Properties,3,"4,800",100 to 110,"1,100 to 1,200",Jun-23
REGENTVILLE,HOUGANG STREET 92,19,Non-Landed Properties,2,"3,600",90 to 100,"900 to 1,000",Jun-23
PARKWOOD RESIDENCES,YIO CHU KANG ROAD,19,Non-Landed Properties,NA,"4,500",80 to 90,"900 to 1,000",Jun-23
SPACE @ KOVAN,YIO CHU KANG ROAD,19,Non-Landed Properties,2,"3,400",50 to 60,600 to 700,Jun-23
D'ZIRE,ROBEY CRESCENT,19,Non-Landed Properties,1,"2,600",40 to 50,400 to 500,Jun-23
A TREASURE TROVE,PUNGGOL WALK,19,Non-Landed Properties,3,"5,000",110 to 120,"1,200 to 1,300",Jun-23
THE GARDEN RESIDENCES,SERANGOON NORTH VIEW,19,Non-Landed Properties,1,"3,000",40 to 50,400 to 500,Jun-23
JEWEL @ BUANGKOK,COMPASSVALE BOW,19,Non-Landed Properties,2,"3,700",60 to 70,700 to 800,Jun-23
RIVERSAILS,UPPER SERANGOON CRESCENT,19,Non-Landed Properties,2,"3,800",80 to 90,800 to 900,Jun-23
WATERTOWN,PUNGGOL CENTRAL,19,Non-Landed Properties,1,"3,000",40 to 50,500 to 600,Jun-23
EDEN CREST,EDEN GROVE,19,Non-Landed Properties,3,"4,600",80 to 90,"900 to 1,000",Jun-23
CASA CAMBIO,LIM TUA TOW ROAD,19,Non-Landed Properties,1,"2,800",30 to 40,400 to 500,Jun-23
KOVAN RESIDENCES,KOVAN ROAD,19,Non-Landed Properties,2,"4,000",80 to 90,800 to 900,Jun-23
THE TEMBUSU,TAMPINES ROAD,19,Non-Landed Properties,4,"6,500",120 to 130,"1,300 to 1,400",Jun-23
PARC VERA,HOUGANG STREET 32,19,Non-Landed Properties,2,"3,300",70 to 80,700 to 800,Jun-23
CHILTERN PARK,SERANGOON AVENUE 3,19,Non-Landed Properties,2,"4,250",80 to 90,"900 to 1,000",Jun-23
COMPASS HEIGHTS,SENGKANG SQUARE,19,Non-Landed Properties,4,"6,100",220 to 230,"2,300 to 2,400",Jun-23
ISUITES @ PALM,GLASGOW ROAD,19,Non-Landed Properties,2,"3,300",50 to 60,600 to 700,Jun-23
WATERTOWN,PUNGGOL CENTRAL,19,Non-Landed Properties,NA,"3,600",50 to 60,600 to 700,Jun-23
A TREASURE TROVE,PUNGGOL WALK,19,Non-Landed Properties,2,"3,600",80 to 90,"900 to 1,000",Jun-23
TRILIVE,TAMPINES ROAD,19,Non-Landed Properties,2,"3,000",60 to 70,600 to 700,Jun-23
RIVERVALE CREST,RIVERVALE CRESCENT,19,Non-Landed Properties,2,"3,200",80 to 90,"900 to 1,000",Jun-23
THE GAZANIA,HOW SUN DRIVE,19,Non-Landed Properties,1,"3,350",40 to 50,400 to 500,Jun-23
THE GARDEN RESIDENCES,SERANGOON NORTH VIEW,19,Non-Landed Properties,1,"3,100",40 to 50,400 to 500,Jun-23
RIVERFRONT RESIDENCES,HOUGANG AVENUE 7,19,Non-Landed Properties,NA,"3,800",50 to 60,600 to 700,Jun-23
CASA CAMBIO,LIM TUA TOW ROAD,19,Non-Landed Properties,1,"2,700",40 to 50,400 to 500,Jun-23
KOVAN RESIDENCES,KOVAN ROAD,19,Non-Landed Properties,2,"4,500",80 to 90,800 to 900,Jun-23
D'ZIRE,ROBEY CRESCENT,19,Non-Landed Properties,1,"2,750",40 to 50,400 to 500,Jun-23
BARTLEY RESIDENCES,LORONG HOW SUN,19,Non-Landed Properties,2,"4,000",70 to 80,700 to 800,Jun-23
RIO VISTA,UPPER SERANGOON VIEW,19,Non-Landed Properties,3,"4,600",110 to 120,"1,200 to 1,300",Jun-23
THE LUXURIE,COMPASSVALE ROAD,19,Non-Landed Properties,2,"3,600",60 to 70,700 to 800,Jun-23
SUITES @ PAYA LEBAR,UPPER PAYA LEBAR ROAD,19,Non-Landed Properties,NA,"2,500",30 to 40,300 to 400,Jun-23
THE LUXURIE,COMPASSVALE ROAD,19,Non-Landed Properties,3,"4,600",90 to 100,"1,000 to 1,100",Jun-23
WATERTOWN,PUNGGOL CENTRAL,19,Non-Landed Properties,3,"5,400",100 to 110,"1,100 to 1,200",Jun-23
CHOON KIM HOUSE,UPPER SERANGOON ROAD,19,Non-Landed Properties,3,"3,000",130 to 140,"1,300 to 1,400",Jun-23
FLO RESIDENCE,PUNGGOL FIELD WALK,19,Non-Landed Properties,2,"3,800",70 to 80,700 to 800,Jun-23
HOUGANG GREEN,BUANGKOK GREEN,19,Non-Landed Properties,2,"3,700",70 to 80,700 to 800,Jun-23
THE LUXURIE,COMPASSVALE ROAD,19,Non-Landed Properties,2,"3,800",70 to 80,700 to 800,Jun-23
CARDIFF RESIDENCE,CARDIFF GROVE,19,Non-Landed Properties,2,"4,000",50 to 60,500 to 600,Jun-23
CARDIFF RESIDENCE,CARDIFF GROVE,19,Non-Landed Properties,2,"3,000",50 to 60,600 to 700,Jun-23
THE LUXURIE,COMPASSVALE ROAD,19,Non-Landed Properties,3,"4,200",90 to 100,"900 to 1,000",Jun-23
RIVERSOUND RESIDENCE,SENGKANG EAST AVENUE,19,Non-Landed Properties,3,"3,800",80 to 90,"900 to 1,000",Jun-23
GLASGOW RESIDENCE,GLASGOW ROAD,19,Non-Landed Properties,NA,"2,250",30 to 40,400 to 500,Jun-23
BARTLEY RESIDENCES,LORONG HOW SUN,19,Non-Landed Properties,1,"3,300",40 to 50,400 to 500,Jun-23
THE QUARTZ,COMPASSVALE BOW,19,Non-Landed Properties,3,"5,100",120 to 130,"1,200 to 1,300",Jun-23
TRILIVE,TAMPINES ROAD,19,Non-Landed Properties,3,"4,200",80 to 90,800 to 900,Jun-23
THE PROMENADE@PELIKAT,JALAN PELIKAT,19,Non-Landed Properties,1,"3,000",40 to 50,500 to 600,Jun-23
CHUAN PARK (DEMOLISHED),LORONG CHUAN,19,Non-Landed Properties,2,"3,800",130 to 140,"1,400 to 1,500",Jun-23
REGENTVILLE,HOUGANG STREET 92,19,Non-Landed Properties,3,"4,000",100 to 110,"1,000 to 1,100",Jun-23
CARDIFF RESIDENCE,CARDIFF GROVE,19,Non-Landed Properties,2,"3,100",50 to 60,600 to 700,Jun-23
PARC CENTROS,PUNGGOL CENTRAL,19,Non-Landed Properties,3,"4,125",90 to 100,"900 to 1,000",Jun-23
PARK RESIDENCES KOVAN,UPPER SERANGOON ROAD,19,Non-Landed Properties,1,"2,600",30 to 40,300 to 400,Jun-23
STARS OF KOVAN,UPPER SERANGOON ROAD,19,Non-Landed Properties,2,"4,150",70 to 80,700 to 800,Jun-23
RIVER ISLES,EDGEDALE PLAINS,19,Non-Landed Properties,2,"3,300",70 to 80,700 to 800,Jun-23
FOREST WOODS,LORONG LEW LIAN,19,Non-Landed Properties,2,"3,900",50 to 60,600 to 700,Jun-23
THE QUARTZ,COMPASSVALE BOW,19,Non-Landed Properties,NA,"4,900",100 to 110,"1,100 to 1,200",Jun-23
PARC VERA,HOUGANG STREET 32,19,Non-Landed Properties,4,"4,500",140 to 150,"1,500 to 1,600",Jun-23
MIDTOWN RESIDENCES,UPPER SERANGOON ROAD,19,Non-Landed Properties,1,"2,800",40 to 50,400 to 500,Jun-23
HOUGANG GREEN,BUANGKOK GREEN,19,Non-Landed Properties,3,"3,500",100 to 110,"1,100 to 1,200",Jun-23
TANGERINE GROVE,PAYA LEBAR CRESCENT,19,Non-Landed Properties,2,"3,700",80 to 90,"900 to 1,000",Jun-23
THE TEMBUSU,TAMPINES ROAD,19,Non-Landed Properties,1,"2,800",40 to 50,400 to 500,Jun-23
THE GARDEN RESIDENCES,SERANGOON NORTH VIEW,19,Non-Landed Properties,1,"3,300",50 to 60,500 to 600,Jun-23
JEWEL @ BUANGKOK,COMPASSVALE BOW,19,Non-Landed Properties,3,"4,100",80 to 90,800 to 900,Jun-23
STADIA,YIO CHU KANG ROAD,19,Non-Landed Properties,2,"3,000",80 to 90,"900 to 1,000",Jun-23
THE SCALA,SERANGOON AVENUE 3,19,Non-Landed Properties,2,"4,650",80 to 90,"900 to 1,000",Jun-23
LA FIESTA,SENGKANG SQUARE,19,Non-Landed Properties,4,"6,000",100 to 110,"1,000 to 1,100",Jun-23
RIO VISTA,UPPER SERANGOON VIEW,19,Non-Landed Properties,3,"3,250",140 to 150,"1,500 to 1,600",Jun-23
KINGSFORD WATERBAY,UPPER SERANGOON VIEW,19,Non-Landed Properties,2,"3,600",60 to 70,600 to 700,Jun-23
LA FIESTA,SENGKANG SQUARE,19,Non-Landed Properties,2,"4,150",80 to 90,"900 to 1,000",Jun-23
KINGSFORD WATERBAY,UPPER SERANGOON VIEW,19,Non-Landed Properties,2,"3,600",60 to 70,600 to 700,Jun-23
KOVAN RESIDENCES,KOVAN ROAD,19,Non-Landed Properties,2,"3,600",80 to 90,800 to 900,Jun-23
KINGSFORD WATERBAY,UPPER SERANGOON VIEW,19,Non-Landed Properties,1,"2,900",40 to 50,400 to 500,Jun-23
KOVAN REGENCY,KOVAN RISE,19,Non-Landed Properties,2,"4,000",70 to 80,700 to 800,Jun-23
JEWEL @ BUANGKOK,COMPASSVALE BOW,19,Non-Landed Properties,2,"4,000",70 to 80,700 to 800,Jun-23
EVERGREEN PARK,HOUGANG AVENUE 7,19,Non-Landed Properties,3,"3,900",100 to 110,"1,000 to 1,100",Jun-23
PRESTO@UPPER SERANGOON,UPPER SERANGOON ROAD,19,Non-Landed Properties,1,"3,000",40 to 50,400 to 500,Jun-23
THE SCALA,SERANGOON AVENUE 3,19,Non-Landed Properties,2,"4,200",70 to 80,800 to 900,Jun-23
BARTLEY RESIDENCES,LORONG HOW SUN,19,Non-Landed Properties,4,"7,000",190 to 200,"2,000 to 2,100",Jun-23
AMARANDA GARDENS,SERANGOON AVENUE 3,19,Non-Landed Properties,3,"5,800",110 to 120,"1,200 to 1,300",Jun-23
LA FIESTA,SENGKANG SQUARE,19,Non-Landed Properties,4,"5,100",120 to 130,"1,300 to 1,400",Jun-23
KOVAN REGENCY,KOVAN RISE,19,Non-Landed Properties,2,"3,500",50 to 60,600 to 700,Jun-23
THE TEMBUSU,TAMPINES ROAD,19,Non-Landed Properties,1,"3,000",40 to 50,400 to 500,Jun-23
THE GAZANIA,HOW SUN DRIVE,19,Non-Landed Properties,2,"4,200",60 to 70,600 to 700,Jun-23
BARTLEY RESIDENCES,LORONG HOW SUN,19,Non-Landed Properties,1,"3,000",40 to 50,400 to 500,Jun-23
KOVAN REGENCY,KOVAN RISE,19,Non-Landed Properties,2,"4,200",70 to 80,700 to 800,Jun-23
KINGSFORD WATERBAY,UPPER SERANGOON VIEW,19,Non-Landed Properties,1,"3,000",60 to 70,600 to 700,Jun-23
THE MINTON,HOUGANG STREET 11,19,Non-Landed Properties,3,"5,000",130 to 140,"1,400 to 1,500",Jun-23
WATERTOWN,PUNGGOL CENTRAL,19,Non-Landed Properties,2,"4,100",70 to 80,800 to 900,Jun-23
WATERTOWN,PUNGGOL CENTRAL,19,Non-Landed Properties,2,"3,900",70 to 80,800 to 900,Jun-23
THE CHUAN,LORONG CHUAN,19,Non-Landed Properties,3,"8,000",140 to 150,"1,500 to 1,600",Jun-23
SUITES @ PAYA LEBAR,UPPER PAYA LEBAR ROAD,19,Non-Landed Properties,1,"3,500",30 to 40,300 to 400,Jun-23
THE LUXURIE,COMPASSVALE ROAD,19,Non-Landed Properties,2,"3,600",60 to 70,700 to 800,Jun-23
KOVAN REGENCY,KOVAN RISE,19,Non-Landed Properties,3,"4,000",80 to 90,800 to 900,Jun-23
BLISS@KOVAN,SIMON LANE,19,Non-Landed Properties,2,"4,500",80 to 90,"900 to 1,000",Jun-23
KOVAN MELODY,KOVAN ROAD,19,Non-Landed Properties,3,"5,300",110 to 120,"1,200 to 1,300",Jun-23
THE SCALA,SERANGOON AVENUE 3,19,Non-Landed Properties,3,"5,200",90 to 100,"1,000 to 1,100",Jun-23
KOVAN GRANDEUR,TAMPINES ROAD,19,Non-Landed Properties,1,"2,500",30 to 40,300 to 400,Jun-23
THE MINTON,HOUGANG STREET 11,19,Non-Landed Properties,NA,"2,700",60 to 70,700 to 800,Jun-23
THE QUINN,BARTLEY ROAD,19,Non-Landed Properties,2,"2,500",80 to 90,"900 to 1,000",Jun-23
WATERTOWN,PUNGGOL CENTRAL,19,Non-Landed Properties,NA,"3,200",50 to 60,600 to 700,Jun-23
PARC CENTROS,PUNGGOL CENTRAL,19,Non-Landed Properties,1,"3,300",40 to 50,400 to 500,Jun-23
PARC VERA,HOUGANG STREET 32,19,Non-Landed Properties,2,"3,888",80 to 90,800 to 900,Jun-23
BOTANIQUE AT BARTLEY,UPPER PAYA LEBAR ROAD,19,Non-Landed Properties,2,"4,300",60 to 70,700 to 800,Jun-23
KOVAN REGENCY,KOVAN RISE,19,Non-Landed Properties,2,"3,300",50 to 60,500 to 600,Jun-23
TREASURE GARDENS,TEOW HOCK AVENUE,19,Non-Landed Properties,2,"3,500",70 to 80,800 to 900,Jun-23
WATERTOWN,PUNGGOL CENTRAL,19,Non-Landed Properties,2,"4,650",90 to 100,"1,000 to 1,100",Jun-23
KOVAN MELODY,KOVAN ROAD,19,Non-Landed Properties,2,"4,150",80 to 90,800 to 900,Jun-23
21 RICHARDS,RICHARDS AVENUE,19,Non-Landed Properties,2,"3,400",50 to 60,600 to 700,Jun-23
THE LUXURIE,COMPASSVALE ROAD,19,Non-Landed Properties,2,"4,000",80 to 90,800 to 900,Jun-23
KOVAN REGENCY,KOVAN RISE,19,Non-Landed Properties,2,"4,000",70 to 80,700 to 800,Jun-23
CHILTERN PARK,SERANGOON AVENUE 3,19,Non-Landed Properties,2,"2,900",110 to 120,"1,200 to 1,300",Jun-23
KOVAN MELODY,KOVAN ROAD,19,Non-Landed Properties,3,"5,650",120 to 130,"1,200 to 1,300",Jun-23
CASA CAMBIO,LIM TUA TOW ROAD,19,Non-Landed Properties,2,"3,000",40 to 50,400 to 500,Jun-23
SUNGLADE,SERANGOON AVENUE 2,19,Non-Landed Properties,3,"5,000",100 to 110,"1,100 to 1,200",Jun-23
KOVAN MELODY,KOVAN ROAD,19,Non-Landed Properties,2,"4,250",80 to 90,"900 to 1,000",Jun-23
THE MINTON,HOUGANG STREET 11,19,Non-Landed Properties,3,"4,800",110 to 120,"1,200 to 1,300",Jun-23
SPACE @ KOVAN,YIO CHU KANG ROAD,19,Non-Landed Properties,1,"2,800",30 to 40,400 to 500,Jun-23
SUNGLADE,SERANGOON AVENUE 2,19,Non-Landed Properties,3,"4,800",110 to 120,"1,100 to 1,200",Jun-23
THE CHUAN,LORONG CHUAN,19,Non-Landed Properties,3,"7,000",140 to 150,"1,500 to 1,600",Jun-23
BARTLEY RESIDENCES,LORONG HOW SUN,19,Non-Landed Properties,2,"3,900",70 to 80,700 to 800,Jun-23
LA FIESTA,SENGKANG SQUARE,19,Non-Landed Properties,3,"3,900",80 to 90,800 to 900,Jun-23
STARS OF KOVAN,UPPER SERANGOON ROAD,19,Non-Landed Properties,2,"4,000",60 to 70,700 to 800,Jun-23
THE GAZANIA,HOW SUN DRIVE,19,Non-Landed Properties,2,"4,000",60 to 70,600 to 700,Jun-23
PARC CENTROS,PUNGGOL CENTRAL,19,Non-Landed Properties,2,"3,600",70 to 80,700 to 800,Jun-23
FOREST WOODS,LORONG LEW LIAN,19,Non-Landed Properties,2,"3,800",50 to 60,600 to 700,Jun-23
FOREST WOODS,LORONG LEW LIAN,19,Non-Landed Properties,2,"3,900",50 to 60,600 to 700,Jun-23
THE LUXURIE,COMPASSVALE ROAD,19,Non-Landed Properties,2,"3,500",80 to 90,800 to 900,Jun-23
SUNGLADE,SERANGOON AVENUE 2,19,Non-Landed Properties,3,"5,300",110 to 120,"1,100 to 1,200",Jun-23
RIVERSOUND RESIDENCE,SENGKANG EAST AVENUE,19,Non-Landed Properties,3,"3,400",90 to 100,"1,000 to 1,100",Jun-23
THE PROMENADE@PELIKAT,JALAN PELIKAT,19,Non-Landed Properties,1,"2,400",40 to 50,400 to 500,Jun-23
THE GAZANIA,HOW SUN DRIVE,19,Non-Landed Properties,1,"3,050",40 to 50,400 to 500,Jun-23
ROSALIA PARK,LORONG ONG LYE,19,Non-Landed Properties,2,"3,500",100 to 110,"1,100 to 1,200",Jun-23
THE MINTON,HOUGANG STREET 11,19,Non-Landed Properties,4,"5,800",150 to 160,"1,600 to 1,700",Jun-23
TRILIVE,TAMPINES ROAD,19,Non-Landed Properties,2,"3,600",50 to 60,600 to 700,Jun-23
SUITES @ KOVAN,UPPER SERANGOON ROAD,19,Non-Landed Properties,2,"3,800",70 to 80,800 to 900,Jun-23
FOREST WOODS,LORONG LEW LIAN,19,Non-Landed Properties,2,"4,100",60 to 70,700 to 800,Jun-23
CHERRYHILL,LORONG LEW LIAN,19,Non-Landed Properties,3,"3,700",110 to 120,"1,100 to 1,200",Jun-23
THE GARDEN RESIDENCES,SERANGOON NORTH VIEW,19,Non-Landed Properties,3,"4,800",70 to 80,700 to 800,Jun-23
WATERTOWN,PUNGGOL CENTRAL,19,Non-Landed Properties,1,"3,300",50 to 60,500 to 600,Jun-23
RIVER ISLES,EDGEDALE PLAINS,19,Non-Landed Properties,4,"4,600",110 to 120,"1,200 to 1,300",Jun-23
BLISS@KOVAN,SIMON LANE,19,Non-Landed Properties,1,"2,950",50 to 60,500 to 600,Jun-23
KINGSFORD WATERBAY,UPPER SERANGOON VIEW,19,Non-Landed Properties,1,"3,000",40 to 50,400 to 500,Jun-23
JEWEL @ BUANGKOK,COMPASSVALE BOW,19,Non-Landed Properties,2,"3,600",60 to 70,600 to 700,Jun-23
SAI HO BUILDING,UPPER SERANGOON ROAD,19,Non-Landed Properties,NA,"3,000",160 to 170,"1,700 to 1,800",Jun-23
THE QUARTZ,COMPASSVALE BOW,19,Non-Landed Properties,NA,"4,450",90 to 100,"1,000 to 1,100",Jun-23
KOVAN REGENCY,KOVAN RISE,19,Non-Landed Properties,3,"3,500",100 to 110,"1,100 to 1,200",Jun-23
BARTLEY RESIDENCES,LORONG HOW SUN,19,Non-Landed Properties,1,"3,000",40 to 50,400 to 500,Jun-23
WATERTOWN,PUNGGOL CENTRAL,19,Non-Landed Properties,1,"3,400",50 to 60,500 to 600,Jun-23
THE SCALA,SERANGOON AVENUE 3,19,Non-Landed Properties,2,"4,500",80 to 90,"900 to 1,000",Jun-23
KINGSFORD WATERBAY,UPPER SERANGOON VIEW,19,Non-Landed Properties,2,"3,650",60 to 70,600 to 700,Jun-23
BOTANIQUE AT BARTLEY,UPPER PAYA LEBAR ROAD,19,Non-Landed Properties,2,"4,300",60 to 70,700 to 800,Jun-23
RIVERSAILS,UPPER SERANGOON CRESCENT,19,Non-Landed Properties,3,"4,800",100 to 110,"1,100 to 1,200",Jun-23
ISUITES @ PALM,GLASGOW ROAD,19,Non-Landed Properties,3,"3,500",110 to 120,"1,100 to 1,200",Jun-23
JEWEL @ BUANGKOK,COMPASSVALE BOW,19,Non-Landed Properties,3,"4,700",100 to 110,"1,100 to 1,200",Jun-23
THE TEMBUSU,TAMPINES ROAD,19,Non-Landed Properties,2,"3,800",70 to 80,700 to 800,Jun-23
JEWEL @ BUANGKOK,COMPASSVALE BOW,19,Non-Landed Properties,1,"3,300",40 to 50,400 to 500,Jun-23
CHOON KIM HOUSE,UPPER SERANGOON ROAD,19,Non-Landed Properties,3,"3,500",100 to 110,"1,000 to 1,100",Jun-23
THE GAZANIA,HOW SUN DRIVE,19,Non-Landed Properties,3,"5,250",70 to 80,800 to 900,Jun-23
HIGHLAND CONDOMINIUM,HIGHLAND ROAD,19,Non-Landed Properties,NA,"5,000",130 to 140,"1,400 to 1,500",Jun-23
URBAN RESIDENCES,LORONG AH SOO,19,Non-Landed Properties,2,"3,500",70 to 80,800 to 900,Jun-23
ROSALIA PARK,LORONG ONG LYE,19,Non-Landed Properties,3,"4,500",130 to 140,"1,400 to 1,500",Jun-23
KINGSFORD WATERBAY,UPPER SERANGOON VIEW,19,Non-Landed Properties,3,"4,400",80 to 90,"900 to 1,000",Jun-23
CARDIFF RESIDENCE,CARDIFF GROVE,19,Non-Landed Properties,1,"2,600",30 to 40,400 to 500,Jun-23
KINGSFORD WATERBAY,UPPER SERANGOON VIEW,19,Non-Landed Properties,2,"3,500",50 to 60,600 to 700,Jun-23
WATERTOWN,PUNGGOL CENTRAL,19,Non-Landed Properties,NA,"3,400",50 to 60,500 to 600,Jun-23
RIVERVALE CREST,RIVERVALE CRESCENT,19,Non-Landed Properties,3,"4,250",150 to 160,"1,600 to 1,700",Jun-23
WATERTOWN,PUNGGOL CENTRAL,19,Non-Landed Properties,1,"3,400",50 to 60,500 to 600,Jun-23
BOATHOUSE RESIDENCES,UPPER SERANGOON VIEW,19,Non-Landed Properties,3,"4,000",100 to 110,"1,100 to 1,200",Jun-23
FOREST WOODS,LORONG LEW LIAN,19,Non-Landed Properties,3,"5,000",80 to 90,"900 to 1,000",Jun-23
WATERTOWN,PUNGGOL CENTRAL,19,Non-Landed Properties,NA,"3,300",50 to 60,600 to 700,Jun-23
RIVER ISLES,EDGEDALE PLAINS,19,Non-Landed Properties,3,"4,100",100 to 110,"1,100 to 1,200",Jun-23
WATERTOWN,PUNGGOL CENTRAL,19,Non-Landed Properties,3,"5,300",100 to 110,"1,100 to 1,200",Jun-23
THE SPRINGBLOOM,SERANGOON AVENUE 3,19,Non-Landed Properties,3,"5,000",130 to 140,"1,400 to 1,500",Jun-23
CASA CAMBIO,LIM TUA TOW ROAD,19,Non-Landed Properties,2,"3,300",50 to 60,500 to 600,Jun-23
COMPASS HEIGHTS,SENGKANG SQUARE,19,Non-Landed Properties,1,"3,200",60 to 70,600 to 700,Jun-23
STADIA,YIO CHU KANG ROAD,19,Non-Landed Properties,3,"4,300",90 to 100,"1,000 to 1,100",Jun-23
KOVAN REGENCY,KOVAN RISE,19,Non-Landed Properties,3,"5,500",90 to 100,"1,000 to 1,100",Jun-23
FOREST WOODS,LORONG LEW LIAN,19,Non-Landed Properties,3,"5,300",80 to 90,"900 to 1,000",Jun-23
SPAZIO @ KOVAN,UPPER SERANGOON ROAD,19,Non-Landed Properties,1,"2,700",40 to 50,400 to 500,Jun-23
THE TEMBUSU,TAMPINES ROAD,19,Non-Landed Properties,2,"3,800",70 to 80,700 to 800,Jun-23
RIO VISTA,UPPER SERANGOON VIEW,19,Non-Landed Properties,3,"4,800",110 to 120,"1,200 to 1,300",Jun-23
THE QUARTZ,COMPASSVALE BOW,19,Non-Landed Properties,NA,"5,000",90 to 100,"1,000 to 1,100",Jun-23
PARC CENTROS,PUNGGOL CENTRAL,19,Non-Landed Properties,1,"3,000",40 to 50,400 to 500,Jun-23
TAI PENG GARDENS,UPPER SERANGOON ROAD,19,Non-Landed Properties,NA,"4,000",100 to 110,"1,000 to 1,100",Jun-23
REGENTVILLE,HOUGANG STREET 92,19,Non-Landed Properties,3,"4,400",100 to 110,"1,100 to 1,200",Jun-23
NON-LANDED HOUSING DEVELOPMENT,UPPER SERANGOON ROAD,19,Non-Landed Properties,NA,"2,440",110 to 120,"1,200 to 1,300",Jun-23
TANGERINE GROVE,PAYA LEBAR CRESCENT,19,Non-Landed Properties,2,"4,200",110 to 120,"1,200 to 1,300",Jun-23
THE QUINN,BARTLEY ROAD,19,Non-Landed Properties,1,"3,200",50 to 60,500 to 600,Jun-23
THE MINTON,HOUGANG STREET 11,19,Non-Landed Properties,2,"4,800",120 to 130,"1,300 to 1,400",Jun-23
PALM GROVE CONDOMINIUM,PALM GROVE AVENUE,19,Non-Landed Properties,3,"4,400",130 to 140,"1,400 to 1,500",Jun-23
PALM GROVE CONDOMINIUM,PALM GROVE AVENUE,19,Non-Landed Properties,3,"4,000",130 to 140,"1,400 to 1,500",Jun-23
JEWEL @ BUANGKOK,COMPASSVALE BOW,19,Non-Landed Properties,1,"3,100",40 to 50,400 to 500,Jun-23
WATERTOWN,PUNGGOL CENTRAL,19,Non-Landed Properties,NA,"3,600",60 to 70,600 to 700,Jun-23
STARS OF KOVAN,UPPER SERANGOON ROAD,19,Non-Landed Properties,2,"3,800",60 to 70,700 to 800,Jun-23
THE MINTON,HOUGANG STREET 11,19,Non-Landed Properties,2,"4,300",120 to 130,"1,300 to 1,400",Jun-23
A TREASURE TROVE,PUNGGOL WALK,19,Non-Landed Properties,2,"4,807",90 to 100,"1,000 to 1,100",Jun-23
WATERTOWN,PUNGGOL CENTRAL,19,Non-Landed Properties,3,"5,300",100 to 110,"1,100 to 1,200",Jun-23
BOTANIQUE AT BARTLEY,UPPER PAYA LEBAR ROAD,19,Non-Landed Properties,1,"3,500",40 to 50,500 to 600,Jun-23
SUITES @ PAYA LEBAR,UPPER PAYA LEBAR ROAD,19,Non-Landed Properties,NA,"2,700",30 to 40,300 to 400,Jun-23
SUNGLADE,SERANGOON AVENUE 2,19,Non-Landed Properties,3,"4,500",100 to 110,"1,100 to 1,200",Jun-23
BARTLEY RESIDENCES,LORONG HOW SUN,19,Non-Landed Properties,2,"4,000",70 to 80,700 to 800,Jun-23
TRILIVE,TAMPINES ROAD,19,Non-Landed Properties,2,"4,000",60 to 70,600 to 700,Jun-23
RIVERSOUND RESIDENCE,SENGKANG EAST AVENUE,19,Non-Landed Properties,3,"4,300",90 to 100,"1,000 to 1,100",Jun-23
BLISS@KOVAN,SIMON LANE,19,Non-Landed Properties,3,"5,000",100 to 110,"1,100 to 1,200",Jun-23
WATERTOWN,PUNGGOL CENTRAL,19,Non-Landed Properties,3,"5,800",100 to 110,"1,100 to 1,200",Jun-23
KOVAN MELODY,KOVAN ROAD,19,Non-Landed Properties,3,"4,300",110 to 120,"1,200 to 1,300",Jun-23
CHUAN PARK (DEMOLISHED),LORONG CHUAN,19,Non-Landed Properties,2,"2,300",60 to 70,700 to 800,Jun-23
A TREASURE TROVE,PUNGGOL WALK,19,Non-Landed Properties,3,"4,750",90 to 100,"1,000 to 1,100",Jun-23
JADE RESIDENCES,LEW LIAN VALE,19,Non-Landed Properties,2,"2,900",40 to 50,500 to 600,Jun-23
KOVAN RESIDENCES,KOVAN ROAD,19,Non-Landed Properties,4,"7,500",160 to 170,"1,700 to 1,800",Jun-23
A TREASURE TROVE,PUNGGOL WALK,19,Non-Landed Properties,3,"4,000",90 to 100,"1,000 to 1,100",Jun-23
RIVERSAILS,UPPER SERANGOON CRESCENT,19,Non-Landed Properties,2,"3,700",80 to 90,"900 to 1,000",Jun-23
KINGSFORD WATERBAY,UPPER SERANGOON VIEW,19,Non-Landed Properties,1,"2,400",40 to 50,400 to 500,Jun-23
THE MINTON,HOUGANG STREET 11,19,Non-Landed Properties,3,"4,800",110 to 120,"1,200 to 1,300",Jun-23
JEWEL @ BUANGKOK,COMPASSVALE BOW,19,Non-Landed Properties,3,"4,850",110 to 120,"1,200 to 1,300",Jun-23
KOVAN RESIDENCES,KOVAN ROAD,19,Non-Landed Properties,2,"4,000",80 to 90,800 to 900,Jun-23
SPAZIO @ KOVAN,UPPER SERANGOON ROAD,19,Non-Landed Properties,1,"2,500",30 to 40,400 to 500,Jun-23
A TREASURE TROVE,PUNGGOL WALK,19,Non-Landed Properties,4,"4,800",120 to 130,"1,300 to 1,400",Jun-23
REGENTVILLE,HOUGANG STREET 92,19,Non-Landed Properties,3,"4,400",100 to 110,"1,100 to 1,200",Jun-23
A TREASURE TROVE,PUNGGOL WALK,19,Non-Landed Properties,2,"3,900",70 to 80,700 to 800,Jun-23
THE SCALA,SERANGOON AVENUE 3,19,Non-Landed Properties,2,"4,900",80 to 90,"900 to 1,000",Jun-23
KINGSFORD WATERBAY,UPPER SERANGOON VIEW,19,Non-Landed Properties,2,"3,900",60 to 70,600 to 700,Jun-23
LA FIESTA,SENGKANG SQUARE,19,Non-Landed Properties,4,"5,300",100 to 110,"1,000 to 1,100",Jun-23
SUNGLADE,SERANGOON AVENUE 2,19,Non-Landed Properties,3,"5,000",100 to 110,"1,100 to 1,200",Jun-23
CASA CAMBIO,LIM TUA TOW ROAD,19,Non-Landed Properties,1,"3,000",30 to 40,400 to 500,Jun-23
KOVAN REGENCY,KOVAN RISE,19,Non-Landed Properties,2,"4,000",70 to 80,700 to 800,Jun-23
THE LUXURIE,COMPASSVALE ROAD,19,Non-Landed Properties,1,"3,000",40 to 50,400 to 500,Jun-23
KENSINGTON SQUARE,JALAN LOKAM,19,Non-Landed Properties,1,"2,500",40 to 50,400 to 500,Jun-23
BOTANIQUE AT BARTLEY,UPPER PAYA LEBAR ROAD,19,Non-Landed Properties,2,"3,800",60 to 70,700 to 800,Jun-23
RIVER ISLES,EDGEDALE PLAINS,19,Non-Landed Properties,3,"4,200",110 to 120,"1,100 to 1,200",Jun-23
RIVERVALE CREST,RIVERVALE CRESCENT,19,Non-Landed Properties,3,"4,300",100 to 110,"1,100 to 1,200",Jun-23
BOTANIQUE AT BARTLEY,UPPER PAYA LEBAR ROAD,19,Non-Landed Properties,3,"4,500",80 to 90,"900 to 1,000",Jun-23
KOVAN MELODY,KOVAN ROAD,19,Non-Landed Properties,2,"3,500",80 to 90,"900 to 1,000",Jun-23
BOATHOUSE RESIDENCES,UPPER SERANGOON VIEW,19,Non-Landed Properties,1,"3,100",50 to 60,600 to 700,Jun-23
KOVAN RESIDENCES,KOVAN ROAD,19,Non-Landed Properties,2,"4,000",80 to 90,800 to 900,Jun-23
SUITES @ PAYA LEBAR,UPPER PAYA LEBAR ROAD,19,Non-Landed Properties,NA,"2,600",30 to 40,300 to 400,Jun-23
ISUITES @ TANI,JALAN TANI,19,Non-Landed Properties,3,"4,000",100 to 110,"1,000 to 1,100",Jun-23
SUNGLADE,SERANGOON AVENUE 2,19,Non-Landed Properties,2,"3,950",80 to 90,800 to 900,Jun-23
WATERTOWN,PUNGGOL CENTRAL,19,Non-Landed Properties,1,"3,200",40 to 50,500 to 600,Jun-23
REGENTVILLE,HOUGANG STREET 92,19,Non-Landed Properties,3,"4,428",100 to 110,"1,100 to 1,200",Jun-23
KOVAN MELODY,KOVAN ROAD,19,Non-Landed Properties,3,"5,500",120 to 130,"1,300 to 1,400",Jun-23
KOVAN REGENCY,KOVAN RISE,19,Non-Landed Properties,3,"5,000",100 to 110,"1,100 to 1,200",Jun-23
JADE RESIDENCES,LEW LIAN VALE,19,Non-Landed Properties,2,"3,200",40 to 50,500 to 600,Jun-23
URBAN RESIDENCES,LORONG AH SOO,19,Non-Landed Properties,1,"2,500",40 to 50,400 to 500,Jun-23
CENTRAL VIEW,HOUGANG STREET 11,19,Non-Landed Properties,3,"4,250",110 to 120,"1,200 to 1,300",Jun-23
THE MORNING GLORY,SIRAT ROAD,19,Non-Landed Properties,1,"3,000",90 to 100,"1,000 to 1,100",Jun-23
SPACE @ KOVAN,YIO CHU KANG ROAD,19,Non-Landed Properties,1,"2,100",40 to 50,400 to 500,Jun-23
CHUAN PARK (DEMOLISHED),LORONG CHUAN,19,Non-Landed Properties,2,"3,300",100 to 110,"1,100 to 1,200",Jun-23
FOREST WOODS,LORONG LEW LIAN,19,Non-Landed Properties,3,"5,300",80 to 90,"900 to 1,000",Jun-23
BOTANIQUE AT BARTLEY,UPPER PAYA LEBAR ROAD,19,Non-Landed Properties,2,"4,200",60 to 70,700 to 800,Jun-23
WATERTOWN,PUNGGOL CENTRAL,19,Non-Landed Properties,1,"3,100",50 to 60,500 to 600,Jun-23
CHERRYHILL,LORONG LEW LIAN,19,Non-Landed Properties,2,"2,800",90 to 100,"1,000 to 1,100",Jun-23
KOVAN REGENCY,KOVAN RISE,19,Non-Landed Properties,3,"3,300",100 to 110,"1,100 to 1,200",Jun-23
PARC CENTROS,PUNGGOL CENTRAL,19,Non-Landed Properties,1,"3,000",40 to 50,400 to 500,Jun-23
STARS OF KOVAN,UPPER SERANGOON ROAD,19,Non-Landed Properties,2,"4,300",60 to 70,700 to 800,Jun-23
JADE RESIDENCES,LEW LIAN VALE,19,Non-Landed Properties,2,"3,500",100 to 110,"1,100 to 1,200",Jun-23
THE TEMBUSU,TAMPINES ROAD,19,Non-Landed Properties,1,"3,000",40 to 50,400 to 500,Jun-23
RIO VISTA,UPPER SERANGOON VIEW,19,Non-Landed Properties,2,"4,500",90 to 100,"1,000 to 1,100",Jun-23
THE SCALA,SERANGOON AVENUE 3,19,Non-Landed Properties,3,"5,200",100 to 110,"1,000 to 1,100",Jun-23
PARC VERA,HOUGANG STREET 32,19,Non-Landed Properties,3,"4,100",100 to 110,"1,100 to 1,200",Jun-23
FONTAINE PARRY,POH HUAT ROAD,19,Non-Landed Properties,2,"3,500",80 to 90,"900 to 1,000",Jun-23
JEWEL @ BUANGKOK,COMPASSVALE BOW,19,Non-Landed Properties,1,"2,850",40 to 50,400 to 500,Jun-23
THE MINTON,HOUGANG STREET 11,19,Non-Landed Properties,3,"5,000",110 to 120,"1,200 to 1,300",Jun-23
FLO RESIDENCE,PUNGGOL FIELD WALK,19,Non-Landed Properties,2,"4,000",70 to 80,700 to 800,Jun-23
PARC CENTROS,PUNGGOL CENTRAL,19,Non-Landed Properties,3,"5,000",100 to 110,"1,100 to 1,200",Jun-23
REGENTVILLE,HOUGANG STREET 92,19,Non-Landed Properties,3,"4,500",100 to 110,"1,100 to 1,200",Jun-23
RIO VISTA,UPPER SERANGOON VIEW,19,Non-Landed Properties,3,"4,450",110 to 120,"1,200 to 1,300",Jun-23
KOVAN MELODY,KOVAN ROAD,19,Non-Landed Properties,3,"5,500",110 to 120,"1,200 to 1,300",Jun-23
JADE RESIDENCES,LEW LIAN VALE,19,Non-Landed Properties,2,"2,900",50 to 60,600 to 700,Jun-23
WATERTOWN,PUNGGOL CENTRAL,19,Non-Landed Properties,1,"3,000",50 to 60,500 to 600,Jun-23
BOTANIQUE AT BARTLEY,UPPER PAYA LEBAR ROAD,19,Non-Landed Properties,2,"4,000",60 to 70,700 to 800,Jun-23
WATERTOWN,PUNGGOL CENTRAL,19,Non-Landed Properties,1,"3,300",50 to 60,500 to 600,Jun-23
THE MINTON,HOUGANG STREET 11,19,Non-Landed Properties,2,"4,600",90 to 100,"900 to 1,000",Jun-23
THE MINTON,HOUGANG STREET 11,19,Non-Landed Properties,2,"4,450",90 to 100,"900 to 1,000",Jun-23
CHUAN PARK (DEMOLISHED),LORONG CHUAN,19,Non-Landed Properties,3,"4,356",170 to 180,"1,800 to 1,900",Jun-23
THE SCALA,SERANGOON AVENUE 3,19,Non-Landed Properties,2,"4,200",70 to 80,800 to 900,Jun-23
THE GAZANIA,HOW SUN DRIVE,19,Non-Landed Properties,NA,"5,100",70 to 80,800 to 900,Jun-23
BOTANIQUE AT BARTLEY,UPPER PAYA LEBAR ROAD,19,Non-Landed Properties,1,"3,100",40 to 50,400 to 500,Jun-23
KINGSFORD WATERBAY,UPPER SERANGOON VIEW,19,Non-Landed Properties,1,"2,750",40 to 50,400 to 500,Jun-23
TERRASSE,TERRASSE LANE,19,Non-Landed Properties,2,"4,000",80 to 90,"900 to 1,000",Jun-23
THE GARDEN RESIDENCES,SERANGOON NORTH VIEW,19,Non-Landed Properties,1,"2,900",40 to 50,400 to 500,Jun-23
SANCTUARY @ 813,UPPER SERANGOON ROAD,19,Non-Landed Properties,2,"3,400",70 to 80,700 to 800,Jun-23
THE MINTON,HOUGANG STREET 11,19,Non-Landed Properties,3,"6,300",120 to 130,"1,300 to 1,400",Jun-23
SUNGLADE,SERANGOON AVENUE 2,19,Non-Landed Properties,2,"4,000",80 to 90,800 to 900,Jun-23
RIVERSOUND RESIDENCE,SENGKANG EAST AVENUE,19,Non-Landed Properties,2,"3,400",70 to 80,700 to 800,Jun-23
URBAN RESIDENCES,LORONG AH SOO,19,Non-Landed Properties,1,"2,800",40 to 50,400 to 500,Jun-23
SUITES @ PAYA LEBAR,UPPER PAYA LEBAR ROAD,19,Non-Landed Properties,NA,"2,500",30 to 40,300 to 400,Jun-23
RIVER ISLES,EDGEDALE PLAINS,19,Non-Landed Properties,NA,"2,600",40 to 50,400 to 500,Jun-23
SUITES @ PAYA LEBAR,UPPER PAYA LEBAR ROAD,19,Non-Landed Properties,NA,"2,700",30 to 40,300 to 400,Jun-23
RIVER ISLES,EDGEDALE PLAINS,19,Non-Landed Properties,2,"3,680",70 to 80,700 to 800,Jun-23
FOREST WOODS,LORONG LEW LIAN,19,Non-Landed Properties,3,"5,000",80 to 90,"900 to 1,000",Jun-23
WATERTOWN,PUNGGOL CENTRAL,19,Non-Landed Properties,3,"5,800",100 to 110,"1,100 to 1,200",Jun-23
SUITES @ PAYA LEBAR,UPPER PAYA LEBAR ROAD,19,Non-Landed Properties,1,"2,600",30 to 40,300 to 400,Jun-23
GAMBIR RIDGE,GAMBIR WALK,19,Non-Landed Properties,3,"4,300",80 to 90,"900 to 1,000",Jun-23
KENSINGTON SQUARE,JALAN LOKAM,19,Non-Landed Properties,2,"3,800",80 to 90,"900 to 1,000",Jun-23
EVERGREEN PARK,HOUGANG AVENUE 7,19,Non-Landed Properties,3,"4,200",100 to 110,"1,000 to 1,100",Jun-23
KINGSFORD WATERBAY,UPPER SERANGOON VIEW,19,Non-Landed Properties,2,"3,500",60 to 70,600 to 700,Jun-23
STARS OF KOVAN,UPPER SERANGOON ROAD,19,Non-Landed Properties,2,"3,900",60 to 70,700 to 800,Jun-23
CASA CAMBIO,LIM TUA TOW ROAD,19,Non-Landed Properties,1,"3,000",40 to 50,400 to 500,Jun-23
THE TEMBUSU,TAMPINES ROAD,19,Non-Landed Properties,2,"3,500",70 to 80,800 to 900,Jun-23
PARC VERA,HOUGANG STREET 32,19,Non-Landed Properties,3,"4,200",100 to 110,"1,100 to 1,200",Jun-23
CHUAN PARK (DEMOLISHED),LORONG CHUAN,19,Non-Landed Properties,2,"3,500",100 to 110,"1,100 to 1,200",Jun-23
PARC CENTROS,PUNGGOL CENTRAL,19,Non-Landed Properties,4,"5,200",120 to 130,"1,300 to 1,400",Jun-23
THE GARDEN RESIDENCES,SERANGOON NORTH VIEW,19,Non-Landed Properties,2,"3,500",50 to 60,600 to 700,Jun-23
BARTLEY RESIDENCES,LORONG HOW SUN,19,Non-Landed Properties,2,"3,500",70 to 80,700 to 800,Jun-23
CHERRY GARDENS,LORONG LEW LIAN,19,Non-Landed Properties,3,"4,800",90 to 100,"1,000 to 1,100",Jun-23
THE QUARTZ,COMPASSVALE BOW,19,Non-Landed Properties,3,"5,000",120 to 130,"1,300 to 1,400",Jun-23
KINGSFORD WATERBAY,UPPER SERANGOON VIEW,19,Non-Landed Properties,2,"3,400",60 to 70,600 to 700,Jun-23
TERRASSE,TERRASSE LANE,19,Non-Landed Properties,3,"4,500",100 to 110,"1,100 to 1,200",Jun-23
KOVAN REGENCY,KOVAN RISE,19,Non-Landed Properties,2,"3,600",80 to 90,800 to 900,Jun-23
THE TEMBUSU,TAMPINES ROAD,19,Non-Landed Properties,2,"4,000",70 to 80,700 to 800,Jun-23
PARC CENTROS,PUNGGOL CENTRAL,19,Non-Landed Properties,1,"2,900",40 to 50,400 to 500,Jun-23
KOVAN MELODY,KOVAN ROAD,19,Non-Landed Properties,3,"5,200",110 to 120,"1,200 to 1,300",Jun-23
THE PROMENADE@PELIKAT,JALAN PELIKAT,19,Non-Landed Properties,1,"2,700",40 to 50,400 to 500,Jun-23
RESIDENCES BOTANIQUE,YIO CHU KANG ROAD,19,Non-Landed Properties,NA,"3,000",40 to 50,500 to 600,Jun-23
AMARANDA GARDENS,SERANGOON AVENUE 3,19,Non-Landed Properties,3,"5,500",100 to 110,"1,100 to 1,200",Jun-23
A TREASURE TROVE,PUNGGOL WALK,19,Non-Landed Properties,2,"3,000",70 to 80,700 to 800,Jun-23
THE SCALA,SERANGOON AVENUE 3,19,Non-Landed Properties,3,"5,300",90 to 100,"1,000 to 1,100",Jun-23
A TREASURE TROVE,PUNGGOL WALK,19,Non-Landed Properties,3,"4,500",90 to 100,"1,000 to 1,100",Jun-23
RIVERSAILS,UPPER SERANGOON CRESCENT,19,Non-Landed Properties,2,"3,700",80 to 90,800 to 900,Jun-23
KENSINGTON SQUARE,JALAN LOKAM,19,Non-Landed Properties,1,"3,000",40 to 50,400 to 500,Jun-23
KENSINGTON SQUARE,JALAN LOKAM,19,Non-Landed Properties,1,"2,700",40 to 50,400 to 500,Jun-23
GAMBIR RIDGE,GAMBIR WALK,19,Non-Landed Properties,2,"3,400",60 to 70,700 to 800,Jun-23
ISUITES @ PALM,GLASGOW ROAD,19,Non-Landed Properties,2,"2,900",50 to 60,600 to 700,Jun-23
THE WATERLINE,POH HUAT ROAD WEST,19,Non-Landed Properties,1,"3,000",70 to 80,800 to 900,Jun-23
FOREST WOODS,LORONG LEW LIAN,19,Non-Landed Properties,2,"3,850",60 to 70,600 to 700,Jun-23
CHOON KIM HOUSE,UPPER SERANGOON ROAD,19,Non-Landed Properties,3,"3,500",120 to 130,"1,300 to 1,400",Jun-23
CHOON KIM HOUSE,UPPER SERANGOON ROAD,19,Non-Landed Properties,3,"4,000",120 to 130,"1,300 to 1,400",Jun-23
STADIA,YIO CHU KANG ROAD,19,Non-Landed Properties,2,"2,900",80 to 90,800 to 900,Jun-23
HOUGANG GREEN,BUANGKOK GREEN,19,Non-Landed Properties,3,"4,200",100 to 110,"1,100 to 1,200",Jun-23
BARTLEY RESIDENCES,LORONG HOW SUN,19,Non-Landed Properties,1,"3,000",40 to 50,400 to 500,Jun-23
THE GAZANIA,HOW SUN DRIVE,19,Non-Landed Properties,NA,"3,900",50 to 60,600 to 700,Jun-23
KOVAN MELODY,KOVAN ROAD,19,Non-Landed Properties,2,"4,350",80 to 90,"900 to 1,000",Jun-23
GOLDEN HEIGHTS,SERANGOON AVENUE 3,19,Non-Landed Properties,3,"3,500",110 to 120,"1,200 to 1,300",Jun-23
THE TEMBUSU,TAMPINES ROAD,19,Non-Landed Properties,2,"3,800",70 to 80,700 to 800,Jun-23
KOVAN PRIMERA,KOVAN ROAD,19,Non-Landed Properties,2,"3,000",100 to 110,"1,100 to 1,200",Jun-23
KOVAN REGENCY,KOVAN RISE,19,Non-Landed Properties,2,"4,350",70 to 80,700 to 800,Jun-23
CENTRAL VIEW,HOUGANG STREET 11,19,Non-Landed Properties,3,"5,000",110 to 120,"1,200 to 1,300",Jun-23
KENSINGTON PARK CONDOMINIUM,KENSINGTON PARK DRIVE,19,Non-Landed Properties,3,"5,200",130 to 140,"1,300 to 1,400",Jun-23
SUNGLADE,SERANGOON AVENUE 2,19,Non-Landed Properties,3,"4,000",100 to 110,"1,100 to 1,200",Jun-23
COMPASS HEIGHTS,SENGKANG SQUARE,19,Non-Landed Properties,2,"3,600",90 to 100,"1,000 to 1,100",Jun-23
THE SPRINGBLOOM,SERANGOON AVENUE 3,19,Non-Landed Properties,3,"4,700",120 to 130,"1,300 to 1,400",Jun-23
SUNGLADE,SERANGOON AVENUE 2,19,Non-Landed Properties,3,"3,800",100 to 110,"1,100 to 1,200",Jun-23
BOTANIQUE AT BARTLEY,UPPER PAYA LEBAR ROAD,19,Non-Landed Properties,2,"3,750",60 to 70,600 to 700,Jun-23
THE SPRINGBLOOM,SERANGOON AVENUE 3,19,Non-Landed Properties,4,"7,800",150 to 160,"1,600 to 1,700",Jun-23
NOUVELLE PARK,POH HUAT ROAD WEST,19,Non-Landed Properties,3,"4,800",130 to 140,"1,400 to 1,500",Jun-23
FOREST WOODS,LORONG LEW LIAN,19,Non-Landed Properties,2,"4,200",60 to 70,700 to 800,Jun-23
SUNGLADE,SERANGOON AVENUE 2,19,Non-Landed Properties,3,"5,248",110 to 120,"1,200 to 1,300",Jun-23
THE SCALA,SERANGOON AVENUE 3,19,Non-Landed Properties,2,"4,400",80 to 90,800 to 900,Jun-23
KOVAN MELODY,KOVAN ROAD,19,Non-Landed Properties,3,"5,300",120 to 130,"1,200 to 1,300",Jun-23
KOVAN GRANDEUR,TAMPINES ROAD,19,Non-Landed Properties,1,"2,500",30 to 40,300 to 400,Jun-23
KINGSFORD WATERBAY,UPPER SERANGOON VIEW,19,Non-Landed Properties,2,"3,800",60 to 70,600 to 700,Jun-23
THE TEMBUSU,TAMPINES ROAD,19,Non-Landed Properties,1,"2,900",40 to 50,400 to 500,Jun-23
CHUAN PARK (DEMOLISHED),LORONG CHUAN,19,Non-Landed Properties,3,"3,000",130 to 140,"1,300 to 1,400",Jun-23
ROSALIA PARK,LORONG ONG LYE,19,Non-Landed Properties,2,"3,800",100 to 110,"1,100 to 1,200",Jun-23
THE TEMBUSU,TAMPINES ROAD,19,Non-Landed Properties,3,"4,500",90 to 100,"1,000 to 1,100",Jun-23
KINGSFORD WATERBAY,UPPER SERANGOON VIEW,19,Non-Landed Properties,3,"4,300",80 to 90,800 to 900,Jun-23
FLO RESIDENCE,PUNGGOL FIELD WALK,19,Non-Landed Properties,2,"4,200",80 to 90,800 to 900,Jun-23
FORTUNE PARK,TAMPINES ROAD,19,Non-Landed Properties,3,"3,200",90 to 100,"900 to 1,000",Jun-23
LA FIESTA,SENGKANG SQUARE,19,Non-Landed Properties,1,"3,000",40 to 50,400 to 500,Jun-23
PRESTO@UPPER SERANGOON,UPPER SERANGOON ROAD,19,Non-Landed Properties,1,"3,800",30 to 40,400 to 500,Jun-23
SUNGLADE,SERANGOON AVENUE 2,19,Non-Landed Properties,3,"4,500",100 to 110,"1,100 to 1,200",Jun-23
THE MINTON,HOUGANG STREET 11,19,Non-Landed Properties,4,"5,700",150 to 160,"1,600 to 1,700",Jun-23
ISUITES @ PALM,GLASGOW ROAD,19,Non-Landed Properties,1,"2,450",40 to 50,400 to 500,Jun-23
FOREST WOODS,LORONG LEW LIAN,19,Non-Landed Properties,2,"4,500",60 to 70,700 to 800,Jun-23
LA FIESTA,SENGKANG SQUARE,19,Non-Landed Properties,2,"3,800",60 to 70,700 to 800,Jun-23
STARS OF KOVAN,UPPER SERANGOON ROAD,19,Non-Landed Properties,1,"3,500",40 to 50,500 to 600,Jun-23
LA FIESTA,SENGKANG SQUARE,19,Non-Landed Properties,1,"3,100",40 to 50,400 to 500,Jun-23
THE TEMBUSU,TAMPINES ROAD,19,Non-Landed Properties,3,"4,900",90 to 100,"1,000 to 1,100",Jun-23
REGENTVILLE,HOUGANG STREET 92,19,Non-Landed Properties,3,"3,500",100 to 110,"1,000 to 1,100",Jun-23
CHUAN PARK (DEMOLISHED),LORONG CHUAN,19,Non-Landed Properties,2,"6,000",190 to 200,"2,000 to 2,100",Jun-23
SUNGLADE,SERANGOON AVENUE 2,19,Non-Landed Properties,2,"4,000",80 to 90,800 to 900,Jun-23
KOVAN MELODY,KOVAN ROAD,19,Non-Landed Properties,2,"4,300",80 to 90,"900 to 1,000",Jun-23
LA FIESTA,SENGKANG SQUARE,19,Non-Landed Properties,1,"3,500",40 to 50,500 to 600,Jun-23
THE SCALA,SERANGOON AVENUE 3,19,Non-Landed Properties,2,"4,700",70 to 80,800 to 900,Jun-23
THE GAZANIA,HOW SUN DRIVE,19,Non-Landed Properties,3,"5,200",70 to 80,800 to 900,Jun-23
BOTANIQUE AT BARTLEY,UPPER PAYA LEBAR ROAD,19,Non-Landed Properties,2,"3,700",60 to 70,600 to 700,Jun-23
WATERTOWN,PUNGGOL CENTRAL,19,Non-Landed Properties,1,"2,250",50 to 60,500 to 600,Jun-23
RIVER ISLES,EDGEDALE PLAINS,19,Non-Landed Properties,NA,"2,800",40 to 50,400 to 500,Jun-23
THE GAZANIA,HOW SUN DRIVE,19,Non-Landed Properties,NA,"3,200",40 to 50,400 to 500,Jun-23
TRILIVE,TAMPINES ROAD,19,Non-Landed Properties,2,"2,700",50 to 60,600 to 700,Jun-23
KINGSFORD WATERBAY,UPPER SERANGOON VIEW,19,Non-Landed Properties,1,"3,000",60 to 70,600 to 700,Jun-23
KOVAN REGENCY,KOVAN RISE,19,Non-Landed Properties,1,"3,250",40 to 50,500 to 600,Jun-23
HILBRE28,HILLSIDE DRIVE,19,Non-Landed Properties,2,"3,800",40 to 50,400 to 500,Jun-23
FORTUNE PARK,TAMPINES ROAD,19,Non-Landed Properties,3,"4,200",120 to 130,"1,200 to 1,300",Jun-23
CASA ROSA,LORONG ONG LYE,19,Non-Landed Properties,3,"4,900",100 to 110,"1,100 to 1,200",Jun-23
FONTAINE PARRY,POH HUAT ROAD,19,Non-Landed Properties,3,"4,200",110 to 120,"1,100 to 1,200",Jun-23
VIBES@UPPER SERANGOON,UPPER SERANGOON ROAD,19,Non-Landed Properties,1,"2,300",30 to 40,400 to 500,Jun-23
A TREASURE TROVE,PUNGGOL WALK,19,Non-Landed Properties,5,"9,200",390 to 400,"4,200 to 4,300",Jun-23
RIVERSOUND RESIDENCE,SENGKANG EAST AVENUE,19,Non-Landed Properties,4,"4,500",100 to 110,"1,100 to 1,200",Jun-23
RIVER ISLES,EDGEDALE PLAINS,19,Non-Landed Properties,3,"4,650",100 to 110,"1,000 to 1,100",Jun-23
TRILIVE,TAMPINES ROAD,19,Non-Landed Properties,2,"3,200",50 to 60,500 to 600,Jun-23
WATERTOWN,PUNGGOL CENTRAL,19,Non-Landed Properties,1,"3,500",50 to 60,500 to 600,Jun-23
VIBES@UPPER SERANGOON,UPPER SERANGOON ROAD,19,Non-Landed Properties,1,"3,300",40 to 50,400 to 500,Jun-23
THE VUE,UPPER PAYA LEBAR ROAD,19,Non-Landed Properties,2,"3,100",40 to 50,400 to 500,Jun-23
RIO VISTA,UPPER SERANGOON VIEW,19,Non-Landed Properties,3,"4,300",110 to 120,"1,200 to 1,300",Jun-23
RIVER ISLES,EDGEDALE PLAINS,19,Non-Landed Properties,2,"3,250",70 to 80,700 to 800,Jun-23
KOVAN RESIDENCES,KOVAN ROAD,19,Non-Landed Properties,4,"7,500",160 to 170,"1,700 to 1,800",Jun-23
THE SCALA,SERANGOON AVENUE 3,19,Non-Landed Properties,3,"4,800",90 to 100,"1,000 to 1,100",Jun-23
THE PROMENADE@PELIKAT,JALAN PELIKAT,19,Non-Landed Properties,1,"2,900",40 to 50,400 to 500,Jun-23
THE GARDEN RESIDENCES,SERANGOON NORTH VIEW,19,Non-Landed Properties,3,"5,500",100 to 110,"1,100 to 1,200",Jun-23
THE LUXURIE,COMPASSVALE ROAD,19,Non-Landed Properties,1,"3,050",40 to 50,400 to 500,Jun-23
WATERTOWN,PUNGGOL CENTRAL,19,Non-Landed Properties,1,"2,800",50 to 60,500 to 600,Jun-23
WATERTOWN,PUNGGOL CENTRAL,19,Non-Landed Properties,3,"6,260",110 to 120,"1,200 to 1,300",Jun-23
FOREST WOODS,LORONG LEW LIAN,19,Non-Landed Properties,2,"4,000",60 to 70,700 to 800,Jun-23
NON-LANDED HOUSING DEVELOPMENT,UPPER PAYA LEBAR ROAD,19,Non-Landed Properties,NA,"4,700",60 to 70,700 to 800,Jun-23
NON-LANDED HOUSING DEVELOPMENT,KOVAN ROAD,19,Non-Landed Properties,3,"3,600",170 to 180,"1,800 to 1,900",Jun-23
RIVERSOUND RESIDENCE,SENGKANG EAST AVENUE,19,Non-Landed Properties,2,"2,800",70 to 80,700 to 800,Jun-23
WATERTOWN,PUNGGOL CENTRAL,19,Non-Landed Properties,3,"5,400",110 to 120,"1,200 to 1,300",Jun-23
KINGSFORD WATERBAY,UPPER SERANGOON VIEW,19,Non-Landed Properties,1,"2,900",40 to 50,400 to 500,Jun-23
JEWEL @ BUANGKOK,COMPASSVALE BOW,19,Non-Landed Properties,1,"3,000",40 to 50,400 to 500,Jun-23
RIO VISTA,UPPER SERANGOON VIEW,19,Non-Landed Properties,3,"6,800",210 to 220,"2,200 to 2,300",Jun-23
RIVERSAILS,UPPER SERANGOON CRESCENT,19,Non-Landed Properties,3,"4,500",90 to 100,"1,000 to 1,100",Jun-23
FOREST WOODS,LORONG LEW LIAN,19,Non-Landed Properties,3,"5,000",90 to 100,"900 to 1,000",Jun-23
THE LUXURIE,COMPASSVALE ROAD,19,Non-Landed Properties,3,"4,600",90 to 100,"1,000 to 1,100",Jun-23
JANSEN 28,JANSEN ROAD,19,Non-Landed Properties,3,"3,300",110 to 120,"1,200 to 1,300",Jun-23
THE LUXURIE,COMPASSVALE ROAD,19,Non-Landed Properties,2,"4,200",90 to 100,"1,000 to 1,100",Jun-23
LA FIESTA,SENGKANG SQUARE,19,Non-Landed Properties,2,"3,600",70 to 80,700 to 800,Jun-23
THE MINTON,HOUGANG STREET 11,19,Non-Landed Properties,2,"4,500",90 to 100,"900 to 1,000",Jun-23
JEWEL @ BUANGKOK,COMPASSVALE BOW,19,Non-Landed Properties,5,"5,700",150 to 160,"1,600 to 1,700",Jun-23
REGENTVILLE,HOUGANG STREET 92,19,Non-Landed Properties,2,"3,200",90 to 100,"900 to 1,000",Jun-23
REGENTVILLE,HOUGANG STREET 92,19,Non-Landed Properties,2,"3,600",90 to 100,"1,000 to 1,100",Jun-23
CASA RIVIERA,LIM TUA TOW ROAD,19,Non-Landed Properties,NA,"3,000",120 to 130,"1,300 to 1,400",Jun-23
CHILTERN PARK,SERANGOON AVENUE 3,19,Non-Landed Properties,2,"3,800",80 to 90,"900 to 1,000",Jun-23
PARK RESIDENCES KOVAN,UPPER SERANGOON ROAD,19,Non-Landed Properties,1,"2,850",30 to 40,300 to 400,Jun-23
RIVERVALE CREST,RIVERVALE CRESCENT,19,Non-Landed Properties,3,"4,200",110 to 120,"1,100 to 1,200",Jun-23
CHUAN PARK (DEMOLISHED),LORONG CHUAN,19,Non-Landed Properties,2,"4,000",100 to 110,"1,100 to 1,200",Jun-23
TAI PENG GARDENS,UPPER SERANGOON ROAD,19,Non-Landed Properties,NA,"4,000",80 to 90,"900 to 1,000",Jun-23
THE SCALA,SERANGOON AVENUE 3,19,Non-Landed Properties,2,"3,600",80 to 90,800 to 900,Jun-23
LA FIESTA,SENGKANG SQUARE,19,Non-Landed Properties,2,"3,500",70 to 80,700 to 800,Jun-23
EVERGREEN PARK,HOUGANG AVENUE 7,19,Non-Landed Properties,3,"3,800",110 to 120,"1,200 to 1,300",Jun-23
BARTLEY RESIDENCES,LORONG HOW SUN,19,Non-Landed Properties,1,"3,100",40 to 50,400 to 500,Jun-23
THE SPRINGBLOOM,SERANGOON AVENUE 3,19,Non-Landed Properties,4,"6,500",150 to 160,"1,600 to 1,700",Jun-23
THE GAZANIA,HOW SUN DRIVE,19,Non-Landed Properties,NA,"3,300",40 to 50,400 to 500,Jun-23
JEWEL @ BUANGKOK,COMPASSVALE BOW,19,Non-Landed Properties,3,"4,500",100 to 110,"1,100 to 1,200",Jun-23
WATERTOWN,PUNGGOL CENTRAL,19,Non-Landed Properties,1,"3,200",50 to 60,500 to 600,Jun-23
STARS OF KOVAN,UPPER SERANGOON ROAD,19,Non-Landed Properties,2,"4,050",60 to 70,700 to 800,Jun-23
THE MINTON,HOUGANG STREET 11,19,Non-Landed Properties,2,"3,500",90 to 100,"900 to 1,000",Jun-23
WATERTOWN,PUNGGOL CENTRAL,19,Non-Landed Properties,2,"4,200",70 to 80,800 to 900,Jun-23
SUNSHINE LODGE,UPPER SERANGOON ROAD,19,Non-Landed Properties,4,"5,500",190 to 200,"2,000 to 2,100",Jun-23
GAMBIR RIDGE,GAMBIR WALK,19,Non-Landed Properties,3,"3,800",80 to 90,"900 to 1,000",Jun-23
PARC VERA,HOUGANG STREET 32,19,Non-Landed Properties,2,"3,250",70 to 80,700 to 800,Jun-23
PARC CENTROS,PUNGGOL CENTRAL,19,Non-Landed Properties,3,"4,500",100 to 110,"1,100 to 1,200",Jun-23
RIVERVALE CREST,RIVERVALE CRESCENT,19,Non-Landed Properties,2,"3,600",90 to 100,"900 to 1,000",Jun-23
THE MINTON,HOUGANG STREET 11,19,Non-Landed Properties,NA,"3,500",60 to 70,600 to 700,Jun-23
NON-LANDED HOUSING DEVELOPMENT,UPPER PAYA LEBAR ROAD,19,Non-Landed Properties,NA,"3,200",90 to 100,"1,000 to 1,100",Jun-23
NANYANG PARK,JALAN LIMBOK,19,Non-Landed Properties,NA,"4,000",140 to 150,"1,500 to 1,600",Jun-23
COMPASS HEIGHTS,SENGKANG SQUARE,19,Non-Landed Properties,1,"2,900",60 to 70,600 to 700,Jun-23
REGENTVILLE,HOUGANG STREET 92,19,Non-Landed Properties,3,"3,000",100 to 110,"1,100 to 1,200",May-23
THE LUXURIE,COMPASSVALE ROAD,19,Non-Landed Properties,3,"4,200",90 to 100,"900 to 1,000",May-23
RIVERSOUND RESIDENCE,SENGKANG EAST AVENUE,19,Non-Landed Properties,2,"2,800",70 to 80,700 to 800,May-23
BARTLEY RESIDENCES,LORONG HOW SUN,19,Non-Landed Properties,2,"4,800",80 to 90,"900 to 1,000",May-23
PARC CENTROS,PUNGGOL CENTRAL,19,Non-Landed Properties,3,"4,300",100 to 110,"1,100 to 1,200",May-23
KINGSFORD WATERBAY,UPPER SERANGOON VIEW,19,Non-Landed Properties,2,"3,200",60 to 70,600 to 700,May-23
THE LUXURIE,COMPASSVALE ROAD,19,Non-Landed Properties,1,"3,000",40 to 50,400 to 500,May-23
COMPASS HEIGHTS,SENGKANG SQUARE,19,Non-Landed Properties,2,"3,800",90 to 100,"1,000 to 1,100",May-23
HOUGANG GREEN,BUANGKOK GREEN,19,Non-Landed Properties,3,"4,000",100 to 110,"1,100 to 1,200",May-23
8 EDEN GROVE,EDEN GROVE,19,Non-Landed Properties,2,"3,800",90 to 100,"1,000 to 1,100",May-23
FOREST WOODS,LORONG LEW LIAN,19,Non-Landed Properties,2,"4,300",70 to 80,700 to 800,May-23
WEMBLY RESIDENCES,YIO CHU KANG ROAD,19,Non-Landed Properties,2,"3,400",80 to 90,"900 to 1,000",May-23
KOVAN MELODY,KOVAN ROAD,19,Non-Landed Properties,2,"4,050",80 to 90,"900 to 1,000",May-23
STARS OF KOVAN,UPPER SERANGOON ROAD,19,Non-Landed Properties,3,"5,000",80 to 90,"900 to 1,000",May-23
FOREST WOODS,LORONG LEW LIAN,19,Non-Landed Properties,2,"4,100",50 to 60,600 to 700,May-23
WATERTOWN,PUNGGOL CENTRAL,19,Non-Landed Properties,4,"6,500",120 to 130,"1,300 to 1,400",May-23
COMPASS HEIGHTS,SENGKANG SQUARE,19,Non-Landed Properties,3,"5,600",120 to 130,"1,200 to 1,300",May-23
PRIMO RESIDENCES,JALAN PELIKAT,19,Non-Landed Properties,1,"3,600",50 to 60,500 to 600,May-23
SUITES @ PAYA LEBAR,UPPER PAYA LEBAR ROAD,19,Non-Landed Properties,1,"2,800",30 to 40,400 to 500,May-23
RIO VISTA,UPPER SERANGOON VIEW,19,Non-Landed Properties,3,"4,000",110 to 120,"1,200 to 1,300",May-23
KOVAN MELODY,KOVAN ROAD,19,Non-Landed Properties,3,"5,000",110 to 120,"1,200 to 1,300",May-23
THE GARDEN RESIDENCES,SERANGOON NORTH VIEW,19,Non-Landed Properties,1,"3,000",40 to 50,500 to 600,May-23
THE GARDEN RESIDENCES,SERANGOON NORTH VIEW,19,Non-Landed Properties,1,"3,200",40 to 50,500 to 600,May-23
THE GAZANIA,HOW SUN DRIVE,19,Non-Landed Properties,NA,"5,900",90 to 100,"900 to 1,000",May-23
SPACE @ KOVAN,YIO CHU KANG ROAD,19,Non-Landed Properties,1,"2,200",40 to 50,400 to 500,May-23
THE SCALA,SERANGOON AVENUE 3,19,Non-Landed Properties,2,"4,000",70 to 80,800 to 900,May-23
A TREASURE TROVE,PUNGGOL WALK,19,Non-Landed Properties,2,"4,300",80 to 90,"900 to 1,000",May-23
NAUNG RESIDENCE,JALAN NAUNG,19,Non-Landed Properties,2,"4,000",90 to 100,"900 to 1,000",May-23
PARC CENTROS,PUNGGOL CENTRAL,19,Non-Landed Properties,2,"3,700",70 to 80,700 to 800,May-23
WATERTOWN,PUNGGOL CENTRAL,19,Non-Landed Properties,2,"4,400",70 to 80,800 to 900,May-23
THE MINTON,HOUGANG STREET 11,19,Non-Landed Properties,NA,"3,000",60 to 70,600 to 700,May-23
THE GAZANIA,HOW SUN DRIVE,19,Non-Landed Properties,NA,"3,450",40 to 50,400 to 500,May-23
ICB SHOPPING CENTRE,YIO CHU KANG ROAD,19,Non-Landed Properties,NA,"2,200",130 to 140,"1,400 to 1,500",May-23
BOTANIQUE AT BARTLEY,UPPER PAYA LEBAR ROAD,19,Non-Landed Properties,2,"4,600",60 to 70,700 to 800,May-23
RIVERVALE CREST,RIVERVALE CRESCENT,19,Non-Landed Properties,3,"4,100",110 to 120,"1,200 to 1,300",May-23
JADE RESIDENCES,LEW LIAN VALE,19,Non-Landed Properties,3,"3,700",60 to 70,700 to 800,May-23
RIO VISTA,UPPER SERANGOON VIEW,19,Non-Landed Properties,3,"4,350",110 to 120,"1,200 to 1,300",May-23
THE SUNNYDALE,SERANGOON AVENUE 3,19,Non-Landed Properties,2,"4,200",100 to 110,"1,100 to 1,200",May-23
CHILTERN PARK,SERANGOON AVENUE 3,19,Non-Landed Properties,3,"5,000",110 to 120,"1,200 to 1,300",May-23
BARTLEY RESIDENCES,LORONG HOW SUN,19,Non-Landed Properties,3,"4,900",90 to 100,"1,000 to 1,100",May-23
KOVAN REGENCY,KOVAN RISE,19,Non-Landed Properties,3,"5,100",90 to 100,"900 to 1,000",May-23
CASA CAMBIO,LIM TUA TOW ROAD,19,Non-Landed Properties,1,"2,500",40 to 50,400 to 500,May-23
PARC VERA,HOUGANG STREET 32,19,Non-Landed Properties,2,"4,000",80 to 90,800 to 900,May-23
REGENTVILLE,HOUGANG STREET 92,19,Non-Landed Properties,3,"4,000",100 to 110,"1,100 to 1,200",May-23
PARK RESIDENCES KOVAN,UPPER SERANGOON ROAD,19,Non-Landed Properties,1,"3,250",60 to 70,600 to 700,May-23
TANGERINE GROVE,PAYA LEBAR CRESCENT,19,Non-Landed Properties,2,"4,200",80 to 90,"900 to 1,000",May-23
THE TEMBUSU,TAMPINES ROAD,19,Non-Landed Properties,3,"4,500",90 to 100,"1,000 to 1,100",May-23
THE MINTON,HOUGANG STREET 11,19,Non-Landed Properties,NA,"3,100",60 to 70,600 to 700,May-23
KOVAN REGENCY,KOVAN RISE,19,Non-Landed Properties,3,"5,400",100 to 110,"1,100 to 1,200",May-23
THE LILIUM,HOW SUN ROAD,19,Non-Landed Properties,2,"4,100",60 to 70,700 to 800,May-23
THE GAZANIA,HOW SUN DRIVE,19,Non-Landed Properties,NA,"4,200",50 to 60,600 to 700,May-23
KENSINGTON PARK CONDOMINIUM,KENSINGTON PARK DRIVE,19,Non-Landed Properties,3,"4,350",110 to 120,"1,200 to 1,300",May-23
A TREASURE TROVE,PUNGGOL WALK,19,Non-Landed Properties,2,"4,200",80 to 90,"900 to 1,000",May-23
JEWEL @ BUANGKOK,COMPASSVALE BOW,19,Non-Landed Properties,2,"4,700",70 to 80,700 to 800,May-23
FOREST WOODS,LORONG LEW LIAN,19,Non-Landed Properties,3,"4,000",80 to 90,"900 to 1,000",May-23
KINGSFORD WATERBAY,UPPER SERANGOON VIEW,19,Non-Landed Properties,2,"3,900",60 to 70,600 to 700,May-23
THE SUNSHINE,SUNSHINE TERRACE,19,Non-Landed Properties,3,"4,300",110 to 120,"1,200 to 1,300",May-23
JEWEL @ BUANGKOK,COMPASSVALE BOW,19,Non-Landed Properties,1,"3,400",40 to 50,400 to 500,May-23
THE TEMBUSU,TAMPINES ROAD,19,Non-Landed Properties,2,"3,800",70 to 80,700 to 800,May-23
CASA CAMBIO,LIM TUA TOW ROAD,19,Non-Landed Properties,1,"2,700",30 to 40,400 to 500,May-23
RIVER ISLES,EDGEDALE PLAINS,19,Non-Landed Properties,4,"5,000",150 to 160,"1,600 to 1,700",May-23
A TREASURE TROVE,PUNGGOL WALK,19,Non-Landed Properties,2,"3,300",70 to 80,700 to 800,May-23
WATERTOWN,PUNGGOL CENTRAL,19,Non-Landed Properties,1,"3,500",50 to 60,500 to 600,May-23
PARC CENTROS,PUNGGOL CENTRAL,19,Non-Landed Properties,1,"3,000",40 to 50,400 to 500,May-23
FOREST WOODS,LORONG LEW LIAN,19,Non-Landed Properties,2,"3,800",60 to 70,600 to 700,May-23
STARS OF KOVAN,UPPER SERANGOON ROAD,19,Non-Landed Properties,1,"3,600",40 to 50,500 to 600,May-23
FOREST WOODS,LORONG LEW LIAN,19,Non-Landed Properties,2,"3,900",60 to 70,600 to 700,May-23
FOREST WOODS,LORONG LEW LIAN,19,Non-Landed Properties,3,"5,200",90 to 100,"900 to 1,000",May-23
RIVER ISLES,EDGEDALE PLAINS,19,Non-Landed Properties,3,"5,000",100 to 110,"1,100 to 1,200",May-23
RIVER ISLES,EDGEDALE PLAINS,19,Non-Landed Properties,NA,"2,700",40 to 50,400 to 500,May-23
KINGSFORD WATERBAY,UPPER SERANGOON VIEW,19,Non-Landed Properties,2,"3,400",60 to 70,600 to 700,May-23
A TREASURE TROVE,PUNGGOL WALK,19,Non-Landed Properties,2,"3,800",70 to 80,700 to 800,May-23
THE LUXURIE,COMPASSVALE ROAD,19,Non-Landed Properties,2,"3,900",60 to 70,700 to 800,May-23
KOVAN ESQUIRE,KOVAN ROAD,19,Non-Landed Properties,3,"3,800",90 to 100,"1,000 to 1,100",May-23
THE SCALA,SERANGOON AVENUE 3,19,Non-Landed Properties,2,"4,150",80 to 90,"900 to 1,000",May-23
KOVAN RESIDENCES,KOVAN ROAD,19,Non-Landed Properties,2,"4,400",80 to 90,800 to 900,May-23
GLASGOW RESIDENCE,GLASGOW ROAD,19,Non-Landed Properties,2,"2,600",50 to 60,500 to 600,May-23
CHUAN PARK (DEMOLISHED),LORONG CHUAN,19,Non-Landed Properties,2,"3,800",100 to 110,"1,100 to 1,200",May-23
KENSINGTON PARK CONDOMINIUM,KENSINGTON PARK DRIVE,19,Non-Landed Properties,3,"5,000",150 to 160,"1,600 to 1,700",May-23
BARTLEY RESIDENCES,LORONG HOW SUN,19,Non-Landed Properties,3,"4,450",100 to 110,"1,000 to 1,100",May-23
THE QUARTZ,COMPASSVALE BOW,19,Non-Landed Properties,NA,"4,699",100 to 110,"1,100 to 1,200",May-23
TRILIVE,TAMPINES ROAD,19,Non-Landed Properties,2,"3,300",50 to 60,500 to 600,May-23
A TREASURE TROVE,PUNGGOL WALK,19,Non-Landed Properties,3,"5,000",110 to 120,"1,200 to 1,300",May-23
COMPASS HEIGHTS,SENGKANG SQUARE,19,Non-Landed Properties,3,"4,800",120 to 130,"1,300 to 1,400",May-23
A TREASURE TROVE,PUNGGOL WALK,19,Non-Landed Properties,2,"3,850",90 to 100,"1,000 to 1,100",May-23
TERRASSE,TERRASSE LANE,19,Non-Landed Properties,2,"2,600",70 to 80,800 to 900,May-23
TRILIVE,TAMPINES ROAD,19,Non-Landed Properties,2,"3,700",50 to 60,600 to 700,May-23
KINGSFORD WATERBAY,UPPER SERANGOON VIEW,19,Non-Landed Properties,3,"3,800",70 to 80,800 to 900,May-23
THE GAZANIA,HOW SUN DRIVE,19,Non-Landed Properties,NA,"5,050",80 to 90,800 to 900,May-23
THE SCALA,SERANGOON AVENUE 3,19,Non-Landed Properties,1,"3,400",40 to 50,400 to 500,May-23
THE GARDEN RESIDENCES,SERANGOON NORTH VIEW,19,Non-Landed Properties,1,"3,100",50 to 60,500 to 600,May-23
PARC CENTROS,PUNGGOL CENTRAL,19,Non-Landed Properties,2,"3,998",70 to 80,700 to 800,May-23
THE CHUAN,LORONG CHUAN,19,Non-Landed Properties,3,"6,700",120 to 130,"1,300 to 1,400",May-23
KOVAN MELODY,KOVAN ROAD,19,Non-Landed Properties,3,"4,800",120 to 130,"1,300 to 1,400",May-23
THE VUE,UPPER PAYA LEBAR ROAD,19,Non-Landed Properties,1,"2,100",30 to 40,400 to 500,May-23
EDEN VIEW,EDEN GROVE,19,Non-Landed Properties,3,"4,100",90 to 100,"1,000 to 1,100",May-23
CASA CAMBIO,LIM TUA TOW ROAD,19,Non-Landed Properties,2,"3,400",60 to 70,700 to 800,May-23
CHUAN PARK (DEMOLISHED),LORONG CHUAN,19,Non-Landed Properties,3,"7,500",180 to 190,"1,900 to 2,000",May-23
CHUAN PARK (DEMOLISHED),LORONG CHUAN,19,Non-Landed Properties,3,"4,700",140 to 150,"1,500 to 1,600",May-23
KENSINGTON PARK CONDOMINIUM,KENSINGTON PARK DRIVE,19,Non-Landed Properties,3,"5,200",150 to 160,"1,600 to 1,700",May-23
KOVAN MELODY,KOVAN ROAD,19,Non-Landed Properties,3,"5,100",110 to 120,"1,200 to 1,300",May-23
THE TEMBUSU,TAMPINES ROAD,19,Non-Landed Properties,2,"4,050",70 to 80,700 to 800,May-23
A TREASURE TROVE,PUNGGOL WALK,19,Non-Landed Properties,2,"3,800",70 to 80,700 to 800,May-23
THE TEMBUSU,TAMPINES ROAD,19,Non-Landed Properties,1,"3,200",40 to 50,400 to 500,May-23
BARTLEY RESIDENCES,LORONG HOW SUN,19,Non-Landed Properties,3,"5,400",110 to 120,"1,100 to 1,200",May-23
REGENTVILLE,HOUGANG STREET 92,19,Non-Landed Properties,2,"4,500",160 to 170,"1,700 to 1,800",May-23
CHUAN PARK (DEMOLISHED),LORONG CHUAN,19,Non-Landed Properties,2,"3,500",100 to 110,"1,100 to 1,200",May-23
KINGSFORD WATERBAY,UPPER SERANGOON VIEW,19,Non-Landed Properties,1,"3,200",40 to 50,400 to 500,May-23
LA FIESTA,SENGKANG SQUARE,19,Non-Landed Properties,2,"3,700",70 to 80,700 to 800,May-23
CARDIFF RESIDENCE,CARDIFF GROVE,19,Non-Landed Properties,2,"2,950",70 to 80,700 to 800,May-23
A TREASURE TROVE,PUNGGOL WALK,19,Non-Landed Properties,2,"3,500",90 to 100,"1,000 to 1,100",May-23
THE TEMBUSU,TAMPINES ROAD,19,Non-Landed Properties,3,"5,600",110 to 120,"1,200 to 1,300",May-23
VIBES@UPPER SERANGOON,UPPER SERANGOON ROAD,19,Non-Landed Properties,1,"3,200",40 to 50,400 to 500,May-23
THE GAZANIA,HOW SUN DRIVE,19,Non-Landed Properties,NA,"4,000",50 to 60,600 to 700,May-23
A TREASURE TROVE,PUNGGOL WALK,19,Non-Landed Properties,2,"4,000",70 to 80,700 to 800,May-23
THE CHUAN,LORONG CHUAN,19,Non-Landed Properties,3,"7,300",130 to 140,"1,400 to 1,500",May-23
THE GAZANIA,HOW SUN DRIVE,19,Non-Landed Properties,NA,"5,200",70 to 80,800 to 900,May-23
BARTLEY RESIDENCES,LORONG HOW SUN,19,Non-Landed Properties,4,"6,700",120 to 130,"1,300 to 1,400",May-23
SUNGLADE,SERANGOON AVENUE 2,19,Non-Landed Properties,3,"5,500",120 to 130,"1,300 to 1,400",May-23
TERRASSE,TERRASSE LANE,19,Non-Landed Properties,2,"3,750",60 to 70,700 to 800,May-23
COMPASS HEIGHTS,SENGKANG SQUARE,19,Non-Landed Properties,3,"4,550",120 to 130,"1,300 to 1,400",May-23
THE SCALA,SERANGOON AVENUE 3,19,Non-Landed Properties,3,"8,000",160 to 170,"1,700 to 1,800",May-23
FONTAINE PARRY,POH HUAT ROAD,19,Non-Landed Properties,3,"4,250",140 to 150,"1,500 to 1,600",May-23
JEWEL @ BUANGKOK,COMPASSVALE BOW,19,Non-Landed Properties,1,"3,200",40 to 50,400 to 500,May-23
KINGSFORD WATERBAY,UPPER SERANGOON VIEW,19,Non-Landed Properties,1,"2,800",40 to 50,400 to 500,May-23
RIVERSAILS,UPPER SERANGOON CRESCENT,19,Non-Landed Properties,3,"4,500",90 to 100,"1,000 to 1,100",May-23
TANGERINE GROVE,PAYA LEBAR CRESCENT,19,Non-Landed Properties,3,"4,000",110 to 120,"1,200 to 1,300",May-23
WATERTOWN,PUNGGOL CENTRAL,19,Non-Landed Properties,1,"3,300",50 to 60,500 to 600,May-23
THE GAZANIA,HOW SUN DRIVE,19,Non-Landed Properties,NA,"3,800",50 to 60,600 to 700,May-23
FOREST WOODS,LORONG LEW LIAN,19,Non-Landed Properties,2,"4,200",60 to 70,700 to 800,May-23
RIVERSAILS,UPPER SERANGOON CRESCENT,19,Non-Landed Properties,2,"3,850",80 to 90,800 to 900,May-23
LA FIESTA,SENGKANG SQUARE,19,Non-Landed Properties,2,"3,900",60 to 70,700 to 800,May-23
CHUAN PARK (DEMOLISHED),LORONG CHUAN,19,Non-Landed Properties,2,"3,800",100 to 110,"1,100 to 1,200",May-23
THE QUINN,BARTLEY ROAD,19,Non-Landed Properties,1,"3,000",50 to 60,500 to 600,May-23
CHUAN PARK (DEMOLISHED),LORONG CHUAN,19,Non-Landed Properties,2,"3,300",60 to 70,700 to 800,May-23
WATERTOWN,PUNGGOL CENTRAL,19,Non-Landed Properties,NA,"3,600",60 to 70,600 to 700,May-23
KENSINGTON PARK CONDOMINIUM,KENSINGTON PARK DRIVE,19,Non-Landed Properties,NA,"5,000",200 to 210,"2,100 to 2,200",May-23
THE LUXURIE,COMPASSVALE ROAD,19,Non-Landed Properties,2,"3,850",80 to 90,"900 to 1,000",May-23
PARK RESIDENCES KOVAN,UPPER SERANGOON ROAD,19,Non-Landed Properties,1,"2,700",30 to 40,300 to 400,May-23
FOREST WOODS,LORONG LEW LIAN,19,Non-Landed Properties,2,"4,000",60 to 70,700 to 800,May-23
KINGSFORD WATERBAY,UPPER SERANGOON VIEW,19,Non-Landed Properties,3,"4,500",70 to 80,800 to 900,May-23
THE GAZANIA,HOW SUN DRIVE,19,Non-Landed Properties,NA,"3,200",40 to 50,400 to 500,May-23
RIVERSAILS,UPPER SERANGOON CRESCENT,19,Non-Landed Properties,2,"4,000",70 to 80,800 to 900,May-23
VIBES@UPPER SERANGOON,UPPER SERANGOON ROAD,19,Non-Landed Properties,1,"2,900",40 to 50,400 to 500,May-23
BARTLEY RESIDENCES,LORONG HOW SUN,19,Non-Landed Properties,3,"5,000",90 to 100,"1,000 to 1,100",May-23
BOTANIQUE AT BARTLEY,UPPER PAYA LEBAR ROAD,19,Non-Landed Properties,2,"3,900",60 to 70,700 to 800,May-23
NON-LANDED HOUSING DEVELOPMENT,LOWLAND ROAD,19,Non-Landed Properties,NA,"3,800",60 to 70,600 to 700,May-23
FOREST WOODS,LORONG LEW LIAN,19,Non-Landed Properties,2,"4,200",50 to 60,600 to 700,May-23
THE SCALA,SERANGOON AVENUE 3,19,Non-Landed Properties,3,"4,900",90 to 100,"1,000 to 1,100",May-23
BARTLEY RESIDENCES,LORONG HOW SUN,19,Non-Landed Properties,2,"4,000",70 to 80,700 to 800,May-23
NANYANG PARK,JALAN LIMBOK,19,Non-Landed Properties,NA,"4,300",140 to 150,"1,500 to 1,600",May-23
ISUITES @ TANI,JALAN TANI,19,Non-Landed Properties,1,"2,700",30 to 40,400 to 500,May-23
KOVAN REGENCY,KOVAN RISE,19,Non-Landed Properties,1,"2,700",50 to 60,600 to 700,May-23
BOTANIQUE AT BARTLEY,UPPER PAYA LEBAR ROAD,19,Non-Landed Properties,1,"3,600",60 to 70,600 to 700,May-23
BOATHOUSE RESIDENCES,UPPER SERANGOON VIEW,19,Non-Landed Properties,1,"2,700",50 to 60,600 to 700,May-23
JEWEL @ BUANGKOK,COMPASSVALE BOW,19,Non-Landed Properties,3,"5,500",110 to 120,"1,200 to 1,300",May-23
NAUNG RESIDENCE,JALAN NAUNG,19,Non-Landed Properties,2,"3,900",90 to 100,"1,000 to 1,100",May-23
KOVAN REGENCY,KOVAN RISE,19,Non-Landed Properties,1,"3,200",40 to 50,500 to 600,May-23
MIDTOWN RESIDENCES,UPPER SERANGOON ROAD,19,Non-Landed Properties,1,"1,950",40 to 50,400 to 500,May-23
RIVERVALE CREST,RIVERVALE CRESCENT,19,Non-Landed Properties,3,"4,000",110 to 120,"1,200 to 1,300",May-23
A TREASURE TROVE,PUNGGOL WALK,19,Non-Landed Properties,3,"4,000",90 to 100,"1,000 to 1,100",May-23
WATERTOWN,PUNGGOL CENTRAL,19,Non-Landed Properties,3,"5,700",100 to 110,"1,100 to 1,200",May-23
THE QUARTZ,COMPASSVALE BOW,19,Non-Landed Properties,NA,"4,950",90 to 100,"1,000 to 1,100",May-23
EVERGREEN PARK,HOUGANG AVENUE 7,19,Non-Landed Properties,3,"4,500",90 to 100,"1,000 to 1,100",May-23
FOREST WOODS,LORONG LEW LIAN,19,Non-Landed Properties,2,"3,950",60 to 70,600 to 700,May-23
KENSINGTON SQUARE,JALAN LOKAM,19,Non-Landed Properties,2,"3,300",80 to 90,"900 to 1,000",May-23
FLO RESIDENCE,PUNGGOL FIELD WALK,19,Non-Landed Properties,2,"3,300",70 to 80,700 to 800,May-23
PARKWOOD RESIDENCES,YIO CHU KANG ROAD,19,Non-Landed Properties,NA,"4,500",80 to 90,"900 to 1,000",May-23
LA FIESTA,SENGKANG SQUARE,19,Non-Landed Properties,3,"5,200",80 to 90,800 to 900,May-23
WATERTOWN,PUNGGOL CENTRAL,19,Non-Landed Properties,1,"3,400",40 to 50,500 to 600,May-23
KINGSFORD WATERBAY,UPPER SERANGOON VIEW,19,Non-Landed Properties,3,"4,000",80 to 90,800 to 900,May-23
WATERTOWN,PUNGGOL CENTRAL,19,Non-Landed Properties,3,"5,800",100 to 110,"1,100 to 1,200",May-23
THE PROMENADE@PELIKAT,JALAN PELIKAT,19,Non-Landed Properties,2,"3,000",80 to 90,"900 to 1,000",May-23
TERRASSE,TERRASSE LANE,19,Non-Landed Properties,2,"4,200",70 to 80,800 to 900,May-23
RIVERVALE CREST,RIVERVALE CRESCENT,19,Non-Landed Properties,3,"3,800",110 to 120,"1,200 to 1,300",May-23
RIVERSOUND RESIDENCE,SENGKANG EAST AVENUE,19,Non-Landed Properties,2,"3,000",70 to 80,700 to 800,May-23
THE TEMBUSU,TAMPINES ROAD,19,Non-Landed Properties,3,"4,500",90 to 100,"1,000 to 1,100",May-23
THE GARDEN RESIDENCES,SERANGOON NORTH VIEW,19,Non-Landed Properties,3,"4,600",70 to 80,800 to 900,May-23
THE QUINN,BARTLEY ROAD,19,Non-Landed Properties,3,"4,600",90 to 100,"1,000 to 1,100",May-23
LA FIESTA,SENGKANG SQUARE,19,Non-Landed Properties,2,"3,800",70 to 80,700 to 800,May-23
EVERGREEN PARK,HOUGANG AVENUE 7,19,Non-Landed Properties,3,"3,700",100 to 110,"1,100 to 1,200",May-23
THE SCALA,SERANGOON AVENUE 3,19,Non-Landed Properties,3,"5,200",90 to 100,"1,000 to 1,100",May-23
NON-LANDED HOUSING DEVELOPMENT,ROCHDALE ROAD,19,Non-Landed Properties,NA,"4,200",160 to 170,"1,800 to 1,900",May-23
COMPASS HEIGHTS,SENGKANG SQUARE,19,Non-Landed Properties,2,"3,500",90 to 100,"1,000 to 1,100",May-23
WATERTOWN,PUNGGOL CENTRAL,19,Non-Landed Properties,1,"3,700",50 to 60,500 to 600,May-23
THE SCALA,SERANGOON AVENUE 3,19,Non-Landed Properties,1,"3,400",40 to 50,400 to 500,May-23
PARC CENTROS,PUNGGOL CENTRAL,19,Non-Landed Properties,1,"3,000",40 to 50,400 to 500,May-23
RIVERSAILS,UPPER SERANGOON CRESCENT,19,Non-Landed Properties,2,"3,900",70 to 80,800 to 900,May-23
STARS OF KOVAN,UPPER SERANGOON ROAD,19,Non-Landed Properties,2,"4,200",60 to 70,700 to 800,May-23
CHILTERN PARK,SERANGOON AVENUE 3,19,Non-Landed Properties,3,"5,000",110 to 120,"1,200 to 1,300",May-23
THE GARDEN RESIDENCES,SERANGOON NORTH VIEW,19,Non-Landed Properties,1,"3,100",40 to 50,400 to 500,May-23
PARC VERA,HOUGANG STREET 32,19,Non-Landed Properties,2,"2,900",70 to 80,700 to 800,May-23
THE GAZANIA,HOW SUN DRIVE,19,Non-Landed Properties,NA,"4,200",50 to 60,600 to 700,May-23
STARS OF KOVAN,UPPER SERANGOON ROAD,19,Non-Landed Properties,2,"3,900",60 to 70,700 to 800,May-23
THE GAZANIA,HOW SUN DRIVE,19,Non-Landed Properties,NA,"3,500",40 to 50,400 to 500,May-23
RIVER ISLES,EDGEDALE PLAINS,19,Non-Landed Properties,3,"4,900",140 to 150,"1,500 to 1,600",May-23
PARK RESIDENCES KOVAN,UPPER SERANGOON ROAD,19,Non-Landed Properties,1,"2,850",30 to 40,300 to 400,May-23
LA FIESTA,SENGKANG SQUARE,19,Non-Landed Properties,1,"3,000",40 to 50,400 to 500,May-23
KINGSFORD WATERBAY,UPPER SERANGOON VIEW,19,Non-Landed Properties,3,"4,150",70 to 80,800 to 900,May-23
RIVERVALE CREST,RIVERVALE CRESCENT,19,Non-Landed Properties,3,"4,500",110 to 120,"1,100 to 1,200",May-23
THE MINTON,HOUGANG STREET 11,19,Non-Landed Properties,2,"4,600",90 to 100,"900 to 1,000",May-23
THE PROMENADE@PELIKAT,JALAN PELIKAT,19,Non-Landed Properties,1,"2,800",40 to 50,400 to 500,May-23
KINGSFORD WATERBAY,UPPER SERANGOON VIEW,19,Non-Landed Properties,1,"2,450",40 to 50,400 to 500,May-23
BOTANIQUE AT BARTLEY,UPPER PAYA LEBAR ROAD,19,Non-Landed Properties,1,"3,000",40 to 50,400 to 500,May-23
BARTLEY RESIDENCES,LORONG HOW SUN,19,Non-Landed Properties,1,"2,600",40 to 50,400 to 500,May-23
D'ZIRE,ROBEY CRESCENT,19,Non-Landed Properties,2,"2,900",70 to 80,700 to 800,May-23
SPACE @ KOVAN,YIO CHU KANG ROAD,19,Non-Landed Properties,1,"2,500",40 to 50,400 to 500,May-23
JEWEL @ BUANGKOK,COMPASSVALE BOW,19,Non-Landed Properties,2,"3,600",60 to 70,700 to 800,May-23
D'ZIRE,ROBEY CRESCENT,19,Non-Landed Properties,1,"2,800",40 to 50,400 to 500,May-23
THE QUINN,BARTLEY ROAD,19,Non-Landed Properties,1,"3,100",40 to 50,400 to 500,May-23
CHUAN PARK (DEMOLISHED),LORONG CHUAN,19,Non-Landed Properties,2,"3,300",130 to 140,"1,400 to 1,500",May-23
THE SCALA,SERANGOON AVENUE 3,19,Non-Landed Properties,1,"3,400",40 to 50,400 to 500,May-23
RIVERSAILS,UPPER SERANGOON CRESCENT,19,Non-Landed Properties,3,"5,100",100 to 110,"1,100 to 1,200",May-23
REGENTVILLE,HOUGANG STREET 92,19,Non-Landed Properties,2,"3,700",90 to 100,"900 to 1,000",May-23
LA FIESTA,SENGKANG SQUARE,19,Non-Landed Properties,3,"4,000",70 to 80,800 to 900,May-23
SPACE @ KOVAN,YIO CHU KANG ROAD,19,Non-Landed Properties,2,"3,500",70 to 80,700 to 800,May-23
KOVAN REGENCY,KOVAN RISE,19,Non-Landed Properties,3,"5,300",90 to 100,"900 to 1,000",May-23
CHERRYHILL,LORONG LEW LIAN,19,Non-Landed Properties,2,"3,400",90 to 100,"1,000 to 1,100",May-23
RIVERSAILS,UPPER SERANGOON CRESCENT,19,Non-Landed Properties,2,"3,800",70 to 80,800 to 900,May-23
THE SCALA,SERANGOON AVENUE 3,19,Non-Landed Properties,2,"4,700",70 to 80,800 to 900,May-23
FONTAINE PARRY,POH HUAT ROAD,19,Non-Landed Properties,2,"3,700",80 to 90,"900 to 1,000",May-23
CHILTERN PARK,SERANGOON AVENUE 3,19,Non-Landed Properties,2,"4,400",80 to 90,"900 to 1,000",May-23
WATERTOWN,PUNGGOL CENTRAL,19,Non-Landed Properties,1,"3,350",50 to 60,500 to 600,May-23
BARTLEY RESIDENCES,LORONG HOW SUN,19,Non-Landed Properties,2,"4,000",70 to 80,700 to 800,May-23
FLO RESIDENCE,PUNGGOL FIELD WALK,19,Non-Landed Properties,2,"4,200",80 to 90,800 to 900,May-23
8 EDEN GROVE,EDEN GROVE,19,Non-Landed Properties,2,"4,800",120 to 130,"1,300 to 1,400",May-23
STARS OF KOVAN,UPPER SERANGOON ROAD,19,Non-Landed Properties,2,"4,400",60 to 70,700 to 800,May-23
CHILTERN PARK,SERANGOON AVENUE 3,19,Non-Landed Properties,3,"5,300",120 to 130,"1,300 to 1,400",May-23
WATERTOWN,PUNGGOL CENTRAL,19,Non-Landed Properties,1,"3,500",50 to 60,500 to 600,May-23
PARC CENTROS,PUNGGOL CENTRAL,19,Non-Landed Properties,3,"3,500",90 to 100,"900 to 1,000",May-23
FOREST WOODS,LORONG LEW LIAN,19,Non-Landed Properties,3,"5,600",90 to 100,"1,000 to 1,100",May-23
KINGSFORD WATERBAY,UPPER SERANGOON VIEW,19,Non-Landed Properties,1,"3,000",40 to 50,400 to 500,May-23
RIVER ISLES,EDGEDALE PLAINS,19,Non-Landed Properties,3,"4,000",80 to 90,800 to 900,May-23
THE LUXURIE,COMPASSVALE ROAD,19,Non-Landed Properties,2,"3,800",70 to 80,700 to 800,May-23
THE GAZANIA,HOW SUN DRIVE,19,Non-Landed Properties,NA,"4,200",50 to 60,600 to 700,May-23
WATERTOWN,PUNGGOL CENTRAL,19,Non-Landed Properties,NA,"3,500",50 to 60,600 to 700,May-23
BARTLEY RESIDENCES,LORONG HOW SUN,19,Non-Landed Properties,3,"5,400",100 to 110,"1,000 to 1,100",May-23
REGENTVILLE,HOUGANG STREET 92,19,Non-Landed Properties,3,"4,500",100 to 110,"1,000 to 1,100",May-23
KINGSFORD WATERBAY,UPPER SERANGOON VIEW,19,Non-Landed Properties,2,"4,000",60 to 70,600 to 700,May-23
THE TEMBUSU,TAMPINES ROAD,19,Non-Landed Properties,2,"3,800",90 to 100,"1,000 to 1,100",May-23
NON-LANDED HOUSING DEVELOPMENT,BRIGHTON CRESCENT,19,Non-Landed Properties,NA,"1,650",60 to 70,700 to 800,May-23
KOVAN REGENCY,KOVAN RISE,19,Non-Landed Properties,3,"4,500",80 to 90,800 to 900,May-23
TERRASSE,TERRASSE LANE,19,Non-Landed Properties,1,"2,250",40 to 50,500 to 600,May-23
FLO RESIDENCE,PUNGGOL FIELD WALK,19,Non-Landed Properties,3,"4,700",80 to 90,"900 to 1,000",May-23
FLO RESIDENCE,PUNGGOL FIELD WALK,19,Non-Landed Properties,2,"3,600",70 to 80,700 to 800,May-23
KOVAN REGENCY,KOVAN RISE,19,Non-Landed Properties,3,"5,500",90 to 100,"900 to 1,000",May-23
THE MINTON,HOUGANG STREET 11,19,Non-Landed Properties,2,"2,900",90 to 100,"900 to 1,000",May-23
GAMBIR RIDGE,GAMBIR WALK,19,Non-Landed Properties,2,"4,500",100 to 110,"1,100 to 1,200",May-23
LA FIESTA,SENGKANG SQUARE,19,Non-Landed Properties,2,"4,100",60 to 70,700 to 800,May-23
THE SCALA,SERANGOON AVENUE 3,19,Non-Landed Properties,3,"6,000",90 to 100,"1,000 to 1,100",May-23
BOTANIQUE AT BARTLEY,UPPER PAYA LEBAR ROAD,19,Non-Landed Properties,2,"3,000",60 to 70,700 to 800,May-23
CHUAN PARK (DEMOLISHED),LORONG CHUAN,19,Non-Landed Properties,2,"3,300",60 to 70,700 to 800,May-23
KENSINGTON PARK CONDOMINIUM,KENSINGTON PARK DRIVE,19,Non-Landed Properties,NA,"5,400",180 to 190,"1,900 to 2,000",May-23
THE GAZANIA,HOW SUN DRIVE,19,Non-Landed Properties,NA,"4,200",50 to 60,600 to 700,May-23
BLISS@KOVAN,SIMON LANE,19,Non-Landed Properties,3,"5,000",110 to 120,"1,200 to 1,300",May-23
LA FIESTA,SENGKANG SQUARE,19,Non-Landed Properties,2,"3,500",60 to 70,700 to 800,May-23
A TREASURE TROVE,PUNGGOL WALK,19,Non-Landed Properties,2,"4,300",80 to 90,"900 to 1,000",May-23
PARC CENTROS,PUNGGOL CENTRAL,19,Non-Landed Properties,2,"3,900",70 to 80,700 to 800,May-23
A TREASURE TROVE,PUNGGOL WALK,19,Non-Landed Properties,3,"5,000",90 to 100,"1,000 to 1,100",May-23
A TREASURE TROVE,PUNGGOL WALK,19,Non-Landed Properties,2,"3,700",70 to 80,700 to 800,May-23
MIDTOWN RESIDENCES,UPPER SERANGOON ROAD,19,Non-Landed Properties,1,"2,600",40 to 50,400 to 500,May-23
THE CHUAN,LORONG CHUAN,19,Non-Landed Properties,2,"4,800",80 to 90,"900 to 1,000",May-23
TRILIVE,TAMPINES ROAD,19,Non-Landed Properties,3,"4,600",80 to 90,800 to 900,May-23
JEWEL @ BUANGKOK,COMPASSVALE BOW,19,Non-Landed Properties,3,"4,900",90 to 100,"900 to 1,000",May-23
KOVAN MELODY,KOVAN ROAD,19,Non-Landed Properties,4,"6,800",130 to 140,"1,400 to 1,500",May-23
PARC CENTROS,PUNGGOL CENTRAL,19,Non-Landed Properties,1,"3,000",40 to 50,400 to 500,May-23
THE LUXURIE,COMPASSVALE ROAD,19,Non-Landed Properties,2,"4,000",70 to 80,700 to 800,May-23
JEWEL @ BUANGKOK,COMPASSVALE BOW,19,Non-Landed Properties,3,"4,600",80 to 90,"900 to 1,000",May-23
KOVAN REGENCY,KOVAN RISE,19,Non-Landed Properties,2,"3,200",50 to 60,500 to 600,May-23
KENSINGTON PARK CONDOMINIUM,KENSINGTON PARK DRIVE,19,Non-Landed Properties,3,"4,300",150 to 160,"1,600 to 1,700",May-23
BARTLEY RESIDENCES,LORONG HOW SUN,19,Non-Landed Properties,2,"4,800",80 to 90,"900 to 1,000",May-23
RIVER ISLES,EDGEDALE PLAINS,19,Non-Landed Properties,3,"3,000",80 to 90,800 to 900,May-23
THE TEMBUSU,TAMPINES ROAD,19,Non-Landed Properties,2,"3,600",70 to 80,700 to 800,May-23
RIVER ISLES,EDGEDALE PLAINS,19,Non-Landed Properties,NA,"2,100",40 to 50,400 to 500,May-23
KINGSFORD WATERBAY,UPPER SERANGOON VIEW,19,Non-Landed Properties,2,"4,000",60 to 70,600 to 700,May-23
RIVERSAILS,UPPER SERANGOON CRESCENT,19,Non-Landed Properties,2,"4,200",80 to 90,800 to 900,May-23
ROSALIA PARK,LORONG ONG LYE,19,Non-Landed Properties,3,"2,500",140 to 150,"1,500 to 1,600",May-23
OASIS GARDEN,JALAN BUNGA RAMPAI,19,Non-Landed Properties,3,"4,800",120 to 130,"1,300 to 1,400",May-23
REGENTVILLE,HOUGANG STREET 92,19,Non-Landed Properties,3,"4,500",100 to 110,"1,100 to 1,200",May-23
THE LUXURIE,COMPASSVALE ROAD,19,Non-Landed Properties,3,"5,500",150 to 160,"1,600 to 1,700",May-23
GLASGOW RESIDENCE,GLASGOW ROAD,19,Non-Landed Properties,1,"2,800",40 to 50,400 to 500,May-23
RIVER ISLES,EDGEDALE PLAINS,19,Non-Landed Properties,2,"2,800",70 to 80,700 to 800,May-23
WATERTOWN,PUNGGOL CENTRAL,19,Non-Landed Properties,1,"3,500",50 to 60,500 to 600,May-23
THE LUXURIE,COMPASSVALE ROAD,19,Non-Landed Properties,2,"4,600",60 to 70,700 to 800,May-23
BARTLEY RESIDENCES,LORONG HOW SUN,19,Non-Landed Properties,2,"4,380",70 to 80,700 to 800,May-23
REGENTVILLE,HOUGANG STREET 92,19,Non-Landed Properties,2,"3,700",90 to 100,"900 to 1,000",May-23
CASA ROSA,LORONG ONG LYE,19,Non-Landed Properties,3,"4,500",120 to 130,"1,200 to 1,300",May-23
KINGSFORD WATERBAY,UPPER SERANGOON VIEW,19,Non-Landed Properties,2,"3,700",60 to 70,600 to 700,May-23
SPACE @ KOVAN,YIO CHU KANG ROAD,19,Non-Landed Properties,2,"3,000",50 to 60,600 to 700,May-23
JEWEL @ BUANGKOK,COMPASSVALE BOW,19,Non-Landed Properties,2,"4,000",60 to 70,700 to 800,May-23
RIO VISTA,UPPER SERANGOON VIEW,19,Non-Landed Properties,3,"4,300",110 to 120,"1,200 to 1,300",May-23
KENSINGTON PARK CONDOMINIUM,KENSINGTON PARK DRIVE,19,Non-Landed Properties,3,"4,000",200 to 210,"2,100 to 2,200",May-23
BARTLEY RESIDENCES,LORONG HOW SUN,19,Non-Landed Properties,3,"5,200",100 to 110,"1,100 to 1,200",May-23
WATERTOWN,PUNGGOL CENTRAL,19,Non-Landed Properties,1,"3,700",40 to 50,500 to 600,May-23
COMPASS HEIGHTS,SENGKANG SQUARE,19,Non-Landed Properties,2,"3,200",90 to 100,"1,000 to 1,100",May-23
GOLDEN HEIGHTS,SERANGOON AVENUE 3,19,Non-Landed Properties,2,"3,300",60 to 70,700 to 800,May-23
FOREST WOODS,LORONG LEW LIAN,19,Non-Landed Properties,1,"3,500",40 to 50,500 to 600,May-23
CASA ROSA,LORONG ONG LYE,19,Non-Landed Properties,3,"3,500",100 to 110,"1,100 to 1,200",May-23
EDEN VIEW,EDEN GROVE,19,Non-Landed Properties,1,"3,100",60 to 70,700 to 800,May-23
BOTANIQUE AT BARTLEY,UPPER PAYA LEBAR ROAD,19,Non-Landed Properties,2,"4,100",60 to 70,600 to 700,May-23
FOREST WOODS,LORONG LEW LIAN,19,Non-Landed Properties,2,"3,800",60 to 70,600 to 700,May-23
LA FIESTA,SENGKANG SQUARE,19,Non-Landed Properties,1,"3,000",40 to 50,400 to 500,May-23
RIVER ISLES,EDGEDALE PLAINS,19,Non-Landed Properties,3,"4,000",80 to 90,"900 to 1,000",May-23
MIDTOWN RESIDENCES,UPPER SERANGOON ROAD,19,Non-Landed Properties,1,"2,800",40 to 50,400 to 500,May-23
KOVAN MELODY,KOVAN ROAD,19,Non-Landed Properties,3,"5,000",110 to 120,"1,200 to 1,300",May-23
SANCTUARY @ 813,UPPER SERANGOON ROAD,19,Non-Landed Properties,2,"4,000",80 to 90,"900 to 1,000",May-23
CASA CAMBIO,LIM TUA TOW ROAD,19,Non-Landed Properties,2,"3,400",50 to 60,500 to 600,May-23
WATERTOWN,PUNGGOL CENTRAL,19,Non-Landed Properties,NA,"3,350",50 to 60,600 to 700,May-23
WATERTOWN,PUNGGOL CENTRAL,19,Non-Landed Properties,1,"3,200",50 to 60,500 to 600,May-23
FOREST WOODS,LORONG LEW LIAN,19,Non-Landed Properties,2,"4,300",60 to 70,700 to 800,May-23
FOREST WOODS,LORONG LEW LIAN,19,Non-Landed Properties,2,"3,700",50 to 60,600 to 700,May-23
THE GAZANIA,HOW SUN DRIVE,19,Non-Landed Properties,NA,"3,200",40 to 50,400 to 500,May-23
EVERGREEN PARK,HOUGANG AVENUE 7,19,Non-Landed Properties,3,"3,000",100 to 110,"1,100 to 1,200",May-23
WATERTOWN,PUNGGOL CENTRAL,19,Non-Landed Properties,1,"3,700",50 to 60,500 to 600,May-23
PARK RESIDENCES KOVAN,UPPER SERANGOON ROAD,19,Non-Landed Properties,1,"3,000",30 to 40,300 to 400,May-23
FOREST WOODS,LORONG LEW LIAN,19,Non-Landed Properties,2,"3,600",60 to 70,600 to 700,May-23
CHILTERN PARK,SERANGOON AVENUE 3,19,Non-Landed Properties,2,"4,000",80 to 90,"900 to 1,000",May-23
BREEZY MANSIONS,SANDILANDS ROAD,19,Non-Landed Properties,3,"3,700",90 to 100,"1,000 to 1,100",May-23
CHUAN PARK (DEMOLISHED),LORONG CHUAN,19,Non-Landed Properties,2,"3,500",100 to 110,"1,100 to 1,200",May-23
RIVERSAILS,UPPER SERANGOON CRESCENT,19,Non-Landed Properties,2,"3,800",80 to 90,800 to 900,May-23
BOTANIQUE AT BARTLEY,UPPER PAYA LEBAR ROAD,19,Non-Landed Properties,2,"3,900",60 to 70,600 to 700,May-23
KINGSFORD WATERBAY,UPPER SERANGOON VIEW,19,Non-Landed Properties,3,"3,400",70 to 80,800 to 900,May-23
A TREASURE TROVE,PUNGGOL WALK,19,Non-Landed Properties,2,"3,800",70 to 80,700 to 800,May-23
THE BENTLY RESIDENCES@KOVAN,KOVAN ROAD,19,Non-Landed Properties,3,"5,200",90 to 100,"1,000 to 1,100",May-23
FOREST WOODS,LORONG LEW LIAN,19,Non-Landed Properties,2,"4,500",60 to 70,600 to 700,May-23
RIVERSAILS,UPPER SERANGOON CRESCENT,19,Non-Landed Properties,1,"2,850",40 to 50,500 to 600,May-23
BOTANIQUE AT BARTLEY,UPPER PAYA LEBAR ROAD,19,Non-Landed Properties,1,"2,900",40 to 50,400 to 500,May-23
FLO RESIDENCE,PUNGGOL FIELD WALK,19,Non-Landed Properties,3,"4,300",80 to 90,"900 to 1,000",May-23
THE TEMBUSU,TAMPINES ROAD,19,Non-Landed Properties,2,"4,100",70 to 80,700 to 800,May-23
TERRASSE,TERRASSE LANE,19,Non-Landed Properties,2,"3,400",70 to 80,800 to 900,May-23
WATERTOWN,PUNGGOL CENTRAL,19,Non-Landed Properties,1,"3,300",40 to 50,500 to 600,May-23
KOVAN RESIDENCES,KOVAN ROAD,19,Non-Landed Properties,3,"4,700",110 to 120,"1,200 to 1,300",May-23
JEWEL @ BUANGKOK,COMPASSVALE BOW,19,Non-Landed Properties,2,"4,200",60 to 70,700 to 800,May-23
BOTANIQUE AT BARTLEY,UPPER PAYA LEBAR ROAD,19,Non-Landed Properties,2,"3,500",60 to 70,600 to 700,May-23
A TREASURE TROVE,PUNGGOL WALK,19,Non-Landed Properties,2,"4,000",70 to 80,700 to 800,May-23
RIVERSAILS,UPPER SERANGOON CRESCENT,19,Non-Landed Properties,2,"3,000",70 to 80,800 to 900,May-23
EVERGREEN PARK,HOUGANG AVENUE 7,19,Non-Landed Properties,3,"4,300",90 to 100,"1,000 to 1,100",May-23
SPAZIO @ KOVAN,UPPER SERANGOON ROAD,19,Non-Landed Properties,2,"2,800",100 to 110,"1,000 to 1,100",May-23
BARTLEY RESIDENCES,LORONG HOW SUN,19,Non-Landed Properties,3,"5,000",100 to 110,"1,000 to 1,100",May-23
TERRASSE,TERRASSE LANE,19,Non-Landed Properties,2,"4,000",70 to 80,800 to 900,May-23
RIVER ISLES,EDGEDALE PLAINS,19,Non-Landed Properties,4,"4,300",110 to 120,"1,200 to 1,300",May-23
BOTANIQUE AT BARTLEY,UPPER PAYA LEBAR ROAD,19,Non-Landed Properties,2,"3,900",60 to 70,700 to 800,May-23
BOTANIQUE AT BARTLEY,UPPER PAYA LEBAR ROAD,19,Non-Landed Properties,2,"5,350",70 to 80,800 to 900,May-23
THE LUXURIE,COMPASSVALE ROAD,19,Non-Landed Properties,2,"3,800",70 to 80,700 to 800,May-23
RIVERVALE CREST,RIVERVALE CRESCENT,19,Non-Landed Properties,3,"2,800",110 to 120,"1,200 to 1,300",May-23
SUNSHINE LODGE,UPPER SERANGOON ROAD,19,Non-Landed Properties,1,"3,100",60 to 70,700 to 800,May-23
WATERTOWN,PUNGGOL CENTRAL,19,Non-Landed Properties,1,"2,900",40 to 50,500 to 600,May-23
COMPASS HEIGHTS,SENGKANG SQUARE,19,Non-Landed Properties,2,"4,000",90 to 100,"1,000 to 1,100",May-23
STADIA,YIO CHU KANG ROAD,19,Non-Landed Properties,1,"3,200",50 to 60,500 to 600,May-23
MIDTOWN RESIDENCES,UPPER SERANGOON ROAD,19,Non-Landed Properties,2,"3,000",60 to 70,600 to 700,May-23
RIVER ISLES,EDGEDALE PLAINS,19,Non-Landed Properties,3,"3,800",80 to 90,800 to 900,May-23
REGENTVILLE,HOUGANG STREET 92,19,Non-Landed Properties,3,"4,000",100 to 110,"1,000 to 1,100",May-23
THE TEMBUSU,TAMPINES ROAD,19,Non-Landed Properties,2,"4,000",70 to 80,700 to 800,May-23
EVERGREEN PARK,HOUGANG AVENUE 7,19,Non-Landed Properties,3,"3,800",100 to 110,"1,000 to 1,100",May-23
NON-LANDED HOUSING DEVELOPMENT,ROCHDALE ROAD,19,Non-Landed Properties,NA,"4,000",90 to 100,"900 to 1,000",May-23
NON-LANDED HOUSING DEVELOPMENT,UPPER SERANGOON ROAD,19,Non-Landed Properties,NA,"2,550",110 to 120,"1,100 to 1,200",May-23
NON-LANDED HOUSING DEVELOPMENT,LIM TUA TOW ROAD,19,Non-Landed Properties,NA,"1,300",70 to 80,800 to 900,May-23
NON-LANDED HOUSING DEVELOPMENT,PILLAI ROAD,19,Non-Landed Properties,NA,"4,500",90 to 100,"900 to 1,000",May-23
MIDTOWN RESIDENCES,UPPER SERANGOON ROAD,19,Non-Landed Properties,2,"3,300",60 to 70,600 to 700,May-23
KOVAN RESIDENCES,KOVAN ROAD,19,Non-Landed Properties,3,"5,400",110 to 120,"1,200 to 1,300",May-23
BOTANIQUE AT BARTLEY,UPPER PAYA LEBAR ROAD,19,Non-Landed Properties,2,"3,300",60 to 70,700 to 800,May-23
BOATHOUSE RESIDENCES,UPPER SERANGOON VIEW,19,Non-Landed Properties,3,"3,400",80 to 90,800 to 900,May-23
FOREST WOODS,LORONG LEW LIAN,19,Non-Landed Properties,1,"3,200",40 to 50,500 to 600,May-23
STARS OF KOVAN,UPPER SERANGOON ROAD,19,Non-Landed Properties,1,"3,300",40 to 50,500 to 600,May-23
THE QUARTZ,COMPASSVALE BOW,19,Non-Landed Properties,3,"5,200",120 to 130,"1,200 to 1,300",May-23
FLO RESIDENCE,PUNGGOL FIELD WALK,19,Non-Landed Properties,3,"4,600",80 to 90,"900 to 1,000",May-23
PARC CENTROS,PUNGGOL CENTRAL,19,Non-Landed Properties,1,"3,100",40 to 50,400 to 500,May-23
BOTANIQUE AT BARTLEY,UPPER PAYA LEBAR ROAD,19,Non-Landed Properties,2,"4,000",60 to 70,600 to 700,May-23
THE COURTYARD,LIM AH PIN ROAD,19,Non-Landed Properties,3,"5,000",120 to 130,"1,200 to 1,300",May-23
PARC CENTROS,PUNGGOL CENTRAL,19,Non-Landed Properties,3,"4,200",90 to 100,"900 to 1,000",May-23
KOVAN RESIDENCES,KOVAN ROAD,19,Non-Landed Properties,4,"7,300",160 to 170,"1,700 to 1,800",May-23
JEWEL @ BUANGKOK,COMPASSVALE BOW,19,Non-Landed Properties,2,"4,000",70 to 80,700 to 800,May-23
FORTUNE PARK,TAMPINES ROAD,19,Non-Landed Properties,3,"4,400",110 to 120,"1,200 to 1,300",May-23
LA DOLCE VITA,UPPER PAYA LEBAR ROAD,19,Non-Landed Properties,1,"3,800",80 to 90,"900 to 1,000",May-23
COMPASS HEIGHTS,SENGKANG SQUARE,19,Non-Landed Properties,2,"4,200",90 to 100,"1,000 to 1,100",May-23
JEWEL @ BUANGKOK,COMPASSVALE BOW,19,Non-Landed Properties,2,"2,950",60 to 70,700 to 800,May-23
RIVER ISLES,EDGEDALE PLAINS,19,Non-Landed Properties,3,"5,000",110 to 120,"1,100 to 1,200",May-23
WATERTOWN,PUNGGOL CENTRAL,19,Non-Landed Properties,NA,"3,300",50 to 60,500 to 600,May-23
NON-LANDED HOUSING DEVELOPMENT,UPPER PAYA LEBAR ROAD,19,Non-Landed Properties,NA,"3,500",130 to 140,"1,400 to 1,500",May-23
NON-LANDED HOUSING DEVELOPMENT,YIO CHU KANG ROAD,19,Non-Landed Properties,NA,"5,800",140 to 150,"1,600 to 1,700",May-23
KOVAN REGENCY,KOVAN RISE,19,Non-Landed Properties,2,"3,800",50 to 60,600 to 700,Apr-23
A TREASURE TROVE,PUNGGOL WALK,19,Non-Landed Properties,2,"4,000",80 to 90,"900 to 1,000",Apr-23
KOVAN RESIDENCES,KOVAN ROAD,19,Non-Landed Properties,2,"3,500",80 to 90,800 to 900,Apr-23
THE VUE,UPPER PAYA LEBAR ROAD,19,Non-Landed Properties,2,"3,500",90 to 100,"1,000 to 1,100",Apr-23
RIO VISTA,UPPER SERANGOON VIEW,19,Non-Landed Properties,3,"4,800",110 to 120,"1,200 to 1,300",Apr-23
JEWEL @ BUANGKOK,COMPASSVALE BOW,19,Non-Landed Properties,2,"3,300",60 to 70,700 to 800,Apr-23
LA FIESTA,SENGKANG SQUARE,19,Non-Landed Properties,2,"4,300",80 to 90,"900 to 1,000",Apr-23
KENSINGTON SQUARE,JALAN LOKAM,19,Non-Landed Properties,2,"3,600",50 to 60,600 to 700,Apr-23
CASA CAMBIO,LIM TUA TOW ROAD,19,Non-Landed Properties,2,"3,300",50 to 60,500 to 600,Apr-23
THE MINTON,HOUGANG STREET 11,19,Non-Landed Properties,3,"4,400",110 to 120,"1,200 to 1,300",Apr-23
URBAN RESIDENCES,LORONG AH SOO,19,Non-Landed Properties,2,"3,600",80 to 90,800 to 900,Apr-23
WATERTOWN,PUNGGOL CENTRAL,19,Non-Landed Properties,1,"3,600",50 to 60,500 to 600,Apr-23
A TREASURE TROVE,PUNGGOL WALK,19,Non-Landed Properties,3,"4,800",100 to 110,"1,100 to 1,200",Apr-23
FRAGRANT GARDENS,UPPER PAYA LEBAR ROAD,19,Non-Landed Properties,4,"4,900",190 to 200,"2,100 to 2,200",Apr-23
THE SCALA,SERANGOON AVENUE 3,19,Non-Landed Properties,1,"3,300",40 to 50,400 to 500,Apr-23
KINGSFORD WATERBAY,UPPER SERANGOON VIEW,19,Non-Landed Properties,1,"2,800",40 to 50,400 to 500,Apr-23
KOVAN RESIDENCES,KOVAN ROAD,19,Non-Landed Properties,3,"5,500",110 to 120,"1,200 to 1,300",Apr-23
COMPASS HEIGHTS,SENGKANG SQUARE,19,Non-Landed Properties,2,"4,100",100 to 110,"1,100 to 1,200",Apr-23
THE SCALA,SERANGOON AVENUE 3,19,Non-Landed Properties,2,"4,800",80 to 90,"900 to 1,000",Apr-23
KOVAN MELODY,KOVAN ROAD,19,Non-Landed Properties,4,"7,000",140 to 150,"1,500 to 1,600",Apr-23
BARTLEY RESIDENCES,LORONG HOW SUN,19,Non-Landed Properties,1,"3,300",40 to 50,400 to 500,Apr-23
BOTANIQUE AT BARTLEY,UPPER PAYA LEBAR ROAD,19,Non-Landed Properties,2,"4,500",70 to 80,700 to 800,Apr-23
SUNGLADE,SERANGOON AVENUE 2,19,Non-Landed Properties,2,"4,500",90 to 100,"1,000 to 1,100",Apr-23
KINGSFORD WATERBAY,UPPER SERANGOON VIEW,19,Non-Landed Properties,3,"4,000",80 to 90,800 to 900,Apr-23
EVERGREEN PARK,HOUGANG AVENUE 7,19,Non-Landed Properties,3,"3,300",100 to 110,"1,100 to 1,200",Apr-23
FLO RESIDENCE,PUNGGOL FIELD WALK,19,Non-Landed Properties,3,"4,400",90 to 100,"1,000 to 1,100",Apr-23
BARTLEY RESIDENCES,LORONG HOW SUN,19,Non-Landed Properties,1,"3,400",40 to 50,400 to 500,Apr-23
WATERTOWN,PUNGGOL CENTRAL,19,Non-Landed Properties,1,"3,380",50 to 60,500 to 600,Apr-23
COMPASS HEIGHTS,SENGKANG SQUARE,19,Non-Landed Properties,2,"3,400",100 to 110,"1,100 to 1,200",Apr-23
REGENTVILLE,HOUGANG STREET 92,19,Non-Landed Properties,2,"3,600",90 to 100,"900 to 1,000",Apr-23
THE MINTON,HOUGANG STREET 11,19,Non-Landed Properties,2,"3,800",90 to 100,"900 to 1,000",Apr-23
THE LUXURIE,COMPASSVALE ROAD,19,Non-Landed Properties,3,"2,700",90 to 100,"900 to 1,000",Apr-23
RIVERVALE CREST,RIVERVALE CRESCENT,19,Non-Landed Properties,3,"3,500",110 to 120,"1,200 to 1,300",Apr-23
PARC CENTROS,PUNGGOL CENTRAL,19,Non-Landed Properties,1,"3,300",40 to 50,400 to 500,Apr-23
PRIMO RESIDENCES,JALAN PELIKAT,19,Non-Landed Properties,3,"4,000",130 to 140,"1,400 to 1,500",Apr-23
REGENTVILLE,HOUGANG STREET 92,19,Non-Landed Properties,3,"4,500",100 to 110,"1,100 to 1,200",Apr-23
THE PROMENADE@PELIKAT,JALAN PELIKAT,19,Non-Landed Properties,2,"3,400",80 to 90,"900 to 1,000",Apr-23
THE GAZANIA,HOW SUN DRIVE,19,Non-Landed Properties,NA,"3,500",40 to 50,400 to 500,Apr-23
COMPASS HEIGHTS,SENGKANG SQUARE,19,Non-Landed Properties,3,"5,100",120 to 130,"1,300 to 1,400",Apr-23
COMPASS HEIGHTS,SENGKANG SQUARE,19,Non-Landed Properties,2,"3,300",130 to 140,"1,400 to 1,500",Apr-23
TRILIVE,TAMPINES ROAD,19,Non-Landed Properties,2,"3,300",50 to 60,500 to 600,Apr-23
BARTLEY RESIDENCES,LORONG HOW SUN,19,Non-Landed Properties,1,"3,100",40 to 50,400 to 500,Apr-23
BOATHOUSE RESIDENCES,UPPER SERANGOON VIEW,19,Non-Landed Properties,2,"4,200",90 to 100,"1,000 to 1,100",Apr-23
RIVERSAILS,UPPER SERANGOON CRESCENT,19,Non-Landed Properties,3,"4,200",90 to 100,"1,000 to 1,100",Apr-23
MIDTOWN RESIDENCES,UPPER SERANGOON ROAD,19,Non-Landed Properties,1,"3,000",40 to 50,400 to 500,Apr-23
BOTANIQUE AT BARTLEY,UPPER PAYA LEBAR ROAD,19,Non-Landed Properties,2,"3,600",60 to 70,700 to 800,Apr-23
THE QUINN,BARTLEY ROAD,19,Non-Landed Properties,1,"3,000",50 to 60,500 to 600,Apr-23
RIVERSOUND RESIDENCE,SENGKANG EAST AVENUE,19,Non-Landed Properties,3,"4,000",90 to 100,"1,000 to 1,100",Apr-23
THE SPRINGBLOOM,SERANGOON AVENUE 3,19,Non-Landed Properties,3,"5,000",140 to 150,"1,500 to 1,600",Apr-23
THE MINTON,HOUGANG STREET 11,19,Non-Landed Properties,3,"5,400",110 to 120,"1,200 to 1,300",Apr-23
STARS OF KOVAN,UPPER SERANGOON ROAD,19,Non-Landed Properties,2,"3,600",60 to 70,700 to 800,Apr-23
KOVAN REGENCY,KOVAN RISE,19,Non-Landed Properties,2,"5,300",90 to 100,"1,000 to 1,100",Apr-23
THE SPRINGBLOOM,SERANGOON AVENUE 3,19,Non-Landed Properties,2,"4,350",100 to 110,"1,100 to 1,200",Apr-23
WATERTOWN,PUNGGOL CENTRAL,19,Non-Landed Properties,1,"3,500",40 to 50,500 to 600,Apr-23
THE QUARTZ,COMPASSVALE BOW,19,Non-Landed Properties,NA,"4,600",90 to 100,"1,000 to 1,100",Apr-23
GAMBIR RIDGE,GAMBIR WALK,19,Non-Landed Properties,2,"3,600",60 to 70,700 to 800,Apr-23
THE SPRINGBLOOM,SERANGOON AVENUE 3,19,Non-Landed Properties,2,"4,200",100 to 110,"1,100 to 1,200",Apr-23
RIVER ISLES,EDGEDALE PLAINS,19,Non-Landed Properties,2,"4,000",70 to 80,700 to 800,Apr-23
BARTLEY RESIDENCES,LORONG HOW SUN,19,Non-Landed Properties,1,"3,300",40 to 50,400 to 500,Apr-23
STADIA,YIO CHU KANG ROAD,19,Non-Landed Properties,2,"4,000",80 to 90,"900 to 1,000",Apr-23
KOVAN RESIDENCES,KOVAN ROAD,19,Non-Landed Properties,4,"6,500",160 to 170,"1,700 to 1,800",Apr-23
KINGSFORD WATERBAY,UPPER SERANGOON VIEW,19,Non-Landed Properties,2,"3,800",60 to 70,600 to 700,Apr-23
A TREASURE TROVE,PUNGGOL WALK,19,Non-Landed Properties,2,"3,800",70 to 80,700 to 800,Apr-23
KINGSFORD WATERBAY,UPPER SERANGOON VIEW,19,Non-Landed Properties,2,"3,800",60 to 70,600 to 700,Apr-23
STARS OF KOVAN,UPPER SERANGOON ROAD,19,Non-Landed Properties,2,"4,000",60 to 70,700 to 800,Apr-23
BARTLEY RESIDENCES,LORONG HOW SUN,19,Non-Landed Properties,1,"3,000",40 to 50,400 to 500,Apr-23
COMPASS HEIGHTS,SENGKANG SQUARE,19,Non-Landed Properties,3,"5,500",120 to 130,"1,300 to 1,400",Apr-23
GAMBIR RIDGE,GAMBIR WALK,19,Non-Landed Properties,2,"3,200",60 to 70,700 to 800,Apr-23
CARDIFF RESIDENCE,CARDIFF GROVE,19,Non-Landed Properties,1,"3,300",30 to 40,400 to 500,Apr-23
REGENTVILLE,HOUGANG STREET 92,19,Non-Landed Properties,3,"4,000",100 to 110,"1,100 to 1,200",Apr-23
STADIA,YIO CHU KANG ROAD,19,Non-Landed Properties,1,"3,500",60 to 70,700 to 800,Apr-23
RIVER ISLES,EDGEDALE PLAINS,19,Non-Landed Properties,3,"3,850",110 to 120,"1,200 to 1,300",Apr-23
RIVERSOUND RESIDENCE,SENGKANG EAST AVENUE,19,Non-Landed Properties,3,"4,200",90 to 100,"1,000 to 1,100",Apr-23
THE LUXURIE,COMPASSVALE ROAD,19,Non-Landed Properties,2,"3,600",60 to 70,700 to 800,Apr-23
GAMBIR RIDGE,GAMBIR WALK,19,Non-Landed Properties,3,"4,600",90 to 100,"900 to 1,000",Apr-23
STADIA,YIO CHU KANG ROAD,19,Non-Landed Properties,2,"3,800",100 to 110,"1,100 to 1,200",Apr-23
THE MINTON,HOUGANG STREET 11,19,Non-Landed Properties,3,"5,000",110 to 120,"1,200 to 1,300",Apr-23
BARTLEY RESIDENCES,LORONG HOW SUN,19,Non-Landed Properties,1,"3,300",40 to 50,400 to 500,Apr-23
KINGSFORD WATERBAY,UPPER SERANGOON VIEW,19,Non-Landed Properties,3,"4,200",80 to 90,800 to 900,Apr-23
THE SCALA,SERANGOON AVENUE 3,19,Non-Landed Properties,1,"3,400",40 to 50,400 to 500,Apr-23
THE SPRINGBLOOM,SERANGOON AVENUE 3,19,Non-Landed Properties,2,"3,900",100 to 110,"1,100 to 1,200",Apr-23
RIO VISTA,UPPER SERANGOON VIEW,19,Non-Landed Properties,2,"3,250",90 to 100,"1,000 to 1,100",Apr-23
TANGERINE GROVE,PAYA LEBAR CRESCENT,19,Non-Landed Properties,2,"3,900",80 to 90,"900 to 1,000",Apr-23
CHERRYHILL,LORONG LEW LIAN,19,Non-Landed Properties,2,"3,200",90 to 100,"1,000 to 1,100",Apr-23
FOREST WOODS,LORONG LEW LIAN,19,Non-Landed Properties,2,"4,200",50 to 60,600 to 700,Apr-23
LA FIESTA,SENGKANG SQUARE,19,Non-Landed Properties,2,"2,800",80 to 90,"900 to 1,000",Apr-23
KOVAN RESIDENCES,KOVAN ROAD,19,Non-Landed Properties,2,"4,300",80 to 90,800 to 900,Apr-23
THE BENTLY RESIDENCES@KOVAN,KOVAN ROAD,19,Non-Landed Properties,1,"2,800",40 to 50,400 to 500,Apr-23
THE GAZANIA,HOW SUN DRIVE,19,Non-Landed Properties,NA,"4,000",50 to 60,600 to 700,Apr-23
KENSINGTON SQUARE,JALAN LOKAM,19,Non-Landed Properties,2,"3,500",50 to 60,600 to 700,Apr-23
TANGERINE GROVE,PAYA LEBAR CRESCENT,19,Non-Landed Properties,3,"4,800",110 to 120,"1,100 to 1,200",Apr-23
BARTLEY RESIDENCES,LORONG HOW SUN,19,Non-Landed Properties,1,"3,300",40 to 50,400 to 500,Apr-23
CARDIFF RESIDENCE,CARDIFF GROVE,19,Non-Landed Properties,2,"3,400",50 to 60,600 to 700,Apr-23
SUMMER SCENT,KANG CHOO BIN ROAD,19,Non-Landed Properties,3,"3,600",100 to 110,"1,000 to 1,100",Apr-23
TERRASSE,TERRASSE LANE,19,Non-Landed Properties,3,"4,500",100 to 110,"1,100 to 1,200",Apr-23
STARS OF KOVAN,UPPER SERANGOON ROAD,19,Non-Landed Properties,2,"4,200",60 to 70,700 to 800,Apr-23
REGENTVILLE,HOUGANG STREET 92,19,Non-Landed Properties,3,"3,950",100 to 110,"1,100 to 1,200",Apr-23
FORTUNE PARK,TAMPINES ROAD,19,Non-Landed Properties,3,"4,500",120 to 130,"1,200 to 1,300",Apr-23
THE GAZANIA,HOW SUN DRIVE,19,Non-Landed Properties,NA,"3,400",40 to 50,400 to 500,Apr-23
FOREST WOODS,LORONG LEW LIAN,19,Non-Landed Properties,2,"4,500",60 to 70,700 to 800,Apr-23
WATERTOWN,PUNGGOL CENTRAL,19,Non-Landed Properties,1,"3,400",50 to 60,500 to 600,Apr-23
WATERTOWN,PUNGGOL CENTRAL,19,Non-Landed Properties,NA,"3,400",50 to 60,500 to 600,Apr-23
KENSINGTON PARK CONDOMINIUM,KENSINGTON PARK DRIVE,19,Non-Landed Properties,3,"4,300",110 to 120,"1,200 to 1,300",Apr-23
RIVER ISLES,EDGEDALE PLAINS,19,Non-Landed Properties,2,"2,800",70 to 80,700 to 800,Apr-23
FOREST WOODS,LORONG LEW LIAN,19,Non-Landed Properties,1,"2,800",40 to 50,500 to 600,Apr-23
STARS OF KOVAN,UPPER SERANGOON ROAD,19,Non-Landed Properties,2,"4,300",60 to 70,700 to 800,Apr-23
THE PROMENADE@PELIKAT,JALAN PELIKAT,19,Non-Landed Properties,2,"3,200",70 to 80,800 to 900,Apr-23
KENSINGTON SQUARE,JALAN LOKAM,19,Non-Landed Properties,3,"4,200",110 to 120,"1,200 to 1,300",Apr-23
THE TEMBUSU,TAMPINES ROAD,19,Non-Landed Properties,3,"5,200",90 to 100,"1,000 to 1,100",Apr-23
CASA CAMBIO,LIM TUA TOW ROAD,19,Non-Landed Properties,1,"2,900",30 to 40,400 to 500,Apr-23
A TREASURE TROVE,PUNGGOL WALK,19,Non-Landed Properties,3,"5,000",110 to 120,"1,200 to 1,300",Apr-23
JEWEL @ BUANGKOK,COMPASSVALE BOW,19,Non-Landed Properties,1,"2,900",40 to 50,400 to 500,Apr-23
FOREST WOODS,LORONG LEW LIAN,19,Non-Landed Properties,2,"3,800",50 to 60,600 to 700,Apr-23
THE LUXURIE,COMPASSVALE ROAD,19,Non-Landed Properties,2,"3,700",60 to 70,700 to 800,Apr-23
PRIMO RESIDENCES,JALAN PELIKAT,19,Non-Landed Properties,2,"3,700",100 to 110,"1,000 to 1,100",Apr-23
FOREST WOODS,LORONG LEW LIAN,19,Non-Landed Properties,2,"3,900",60 to 70,700 to 800,Apr-23
LA FIESTA,SENGKANG SQUARE,19,Non-Landed Properties,2,"3,500",90 to 100,"900 to 1,000",Apr-23
JEWEL @ BUANGKOK,COMPASSVALE BOW,19,Non-Landed Properties,3,"5,000",80 to 90,"900 to 1,000",Apr-23
PARC VERA,HOUGANG STREET 32,19,Non-Landed Properties,2,"3,600",70 to 80,700 to 800,Apr-23
A TREASURE TROVE,PUNGGOL WALK,19,Non-Landed Properties,2,"3,900",70 to 80,700 to 800,Apr-23
GOLDEN HEIGHTS,SERANGOON AVENUE 3,19,Non-Landed Properties,2,"3,700",70 to 80,700 to 800,Apr-23
LA FIESTA,SENGKANG SQUARE,19,Non-Landed Properties,3,"4,800",90 to 100,"1,000 to 1,100",Apr-23
THE SCALA,SERANGOON AVENUE 3,19,Non-Landed Properties,2,"5,000",70 to 80,800 to 900,Apr-23
JEWEL @ BUANGKOK,COMPASSVALE BOW,19,Non-Landed Properties,3,"4,300",110 to 120,"1,200 to 1,300",Apr-23
CHILTERN PARK,SERANGOON AVENUE 3,19,Non-Landed Properties,3,"3,500",120 to 130,"1,300 to 1,400",Apr-23
THE GARDEN RESIDENCES,SERANGOON NORTH VIEW,19,Non-Landed Properties,3,"5,200",80 to 90,800 to 900,Apr-23
SUNGLADE,SERANGOON AVENUE 2,19,Non-Landed Properties,3,"3,900",90 to 100,"1,000 to 1,100",Apr-23
KOVAN REGENCY,KOVAN RISE,19,Non-Landed Properties,3,"4,000",90 to 100,"900 to 1,000",Apr-23
KOVAN ESQUIRE,KOVAN ROAD,19,Non-Landed Properties,3,"3,400",100 to 110,"1,000 to 1,100",Apr-23
THE LUXURIE,COMPASSVALE ROAD,19,Non-Landed Properties,3,"4,600",90 to 100,"1,000 to 1,100",Apr-23
KOVAN REGENCY,KOVAN RISE,19,Non-Landed Properties,3,"3,800",90 to 100,"1,000 to 1,100",Apr-23
CAMBIO SUITES,LIM TUA TOW ROAD,19,Non-Landed Properties,2,"2,700",50 to 60,500 to 600,Apr-23
KENSINGTON PARK CONDOMINIUM,KENSINGTON PARK DRIVE,19,Non-Landed Properties,3,"4,000",150 to 160,"1,600 to 1,700",Apr-23
FOREST WOODS,LORONG LEW LIAN,19,Non-Landed Properties,1,"3,000",40 to 50,500 to 600,Apr-23
A TREASURE TROVE,PUNGGOL WALK,19,Non-Landed Properties,2,"4,150",80 to 90,"900 to 1,000",Apr-23
BOATHOUSE RESIDENCES,UPPER SERANGOON VIEW,19,Non-Landed Properties,3,"4,700",100 to 110,"1,100 to 1,200",Apr-23
THE MINTON,HOUGANG STREET 11,19,Non-Landed Properties,3,"7,000",130 to 140,"1,400 to 1,500",Apr-23
THE QUARTZ,COMPASSVALE BOW,19,Non-Landed Properties,NA,"5,300",110 to 120,"1,100 to 1,200",Apr-23
WEMBLY RESIDENCES,YIO CHU KANG ROAD,19,Non-Landed Properties,2,"3,800",90 to 100,"1,000 to 1,100",Apr-23
WATERTOWN,PUNGGOL CENTRAL,19,Non-Landed Properties,4,"7,000",130 to 140,"1,400 to 1,500",Apr-23
THE GARDEN RESIDENCES,SERANGOON NORTH VIEW,19,Non-Landed Properties,1,"3,200",40 to 50,400 to 500,Apr-23
BARTLEY RESIDENCES,LORONG HOW SUN,19,Non-Landed Properties,4,"5,500",120 to 130,"1,300 to 1,400",Apr-23
RIVERSAILS,UPPER SERANGOON CRESCENT,19,Non-Landed Properties,2,"3,300",80 to 90,800 to 900,Apr-23
PRIMO RESIDENCES,JALAN PELIKAT,19,Non-Landed Properties,2,"4,000",70 to 80,800 to 900,Apr-23
THE SCALA,SERANGOON AVENUE 3,19,Non-Landed Properties,2,"4,500",70 to 80,800 to 900,Apr-23
FOREST WOODS,LORONG LEW LIAN,19,Non-Landed Properties,2,"4,000",50 to 60,600 to 700,Apr-23
LA FIESTA,SENGKANG SQUARE,19,Non-Landed Properties,2,"2,500",70 to 80,700 to 800,Apr-23
HOUGANG GREEN,BUANGKOK GREEN,19,Non-Landed Properties,3,"3,200",100 to 110,"1,100 to 1,200",Apr-23
RIVER ISLES,EDGEDALE PLAINS,19,Non-Landed Properties,3,"4,700",110 to 120,"1,100 to 1,200",Apr-23
JEWEL @ BUANGKOK,COMPASSVALE BOW,19,Non-Landed Properties,2,"3,550",60 to 70,600 to 700,Apr-23
CARDIFF RESIDENCE,CARDIFF GROVE,19,Non-Landed Properties,1,"2,600",30 to 40,300 to 400,Apr-23
KOVAN RESIDENCES,KOVAN ROAD,19,Non-Landed Properties,4,"7,800",160 to 170,"1,700 to 1,800",Apr-23
TANGERINE GROVE,PAYA LEBAR CRESCENT,19,Non-Landed Properties,3,"5,150",140 to 150,"1,600 to 1,700",Apr-23
THE SCALA,SERANGOON AVENUE 3,19,Non-Landed Properties,2,"4,800",70 to 80,800 to 900,Apr-23
THE QUINN,BARTLEY ROAD,19,Non-Landed Properties,1,"3,550",50 to 60,500 to 600,Apr-23
PARC VERA,HOUGANG STREET 32,19,Non-Landed Properties,3,"4,100",100 to 110,"1,100 to 1,200",Apr-23
RESIDENCES BOTANIQUE,YIO CHU KANG ROAD,19,Non-Landed Properties,2,"4,000",90 to 100,"1,000 to 1,100",Apr-23
BLISS@KOVAN,SIMON LANE,19,Non-Landed Properties,2,"3,188",80 to 90,"900 to 1,000",Apr-23
THE GARDEN RESIDENCES,SERANGOON NORTH VIEW,19,Non-Landed Properties,3,"3,900",70 to 80,700 to 800,Apr-23
LA FIESTA,SENGKANG SQUARE,19,Non-Landed Properties,3,"4,100",80 to 90,800 to 900,Apr-23
8 EDEN GROVE,EDEN GROVE,19,Non-Landed Properties,2,"3,700",90 to 100,"1,000 to 1,100",Apr-23
LA DOLCE VITA,UPPER PAYA LEBAR ROAD,19,Non-Landed Properties,3,"5,400",120 to 130,"1,300 to 1,400",Apr-23
THE LUXURIE,COMPASSVALE ROAD,19,Non-Landed Properties,3,"4,500",90 to 100,"1,000 to 1,100",Apr-23
RIVERSAILS,UPPER SERANGOON CRESCENT,19,Non-Landed Properties,2,"2,250",80 to 90,"900 to 1,000",Apr-23
FOREST WOODS,LORONG LEW LIAN,19,Non-Landed Properties,1,"3,500",40 to 50,500 to 600,Apr-23
THE QUARTZ,COMPASSVALE BOW,19,Non-Landed Properties,NA,"4,600",100 to 110,"1,100 to 1,200",Apr-23
KENSINGTON SQUARE,JALAN LOKAM,19,Non-Landed Properties,3,"5,200",70 to 80,800 to 900,Apr-23
THE TEMBUSU,TAMPINES ROAD,19,Non-Landed Properties,1,"2,800",40 to 50,400 to 500,Apr-23
FOREST WOODS,LORONG LEW LIAN,19,Non-Landed Properties,3,"5,000",80 to 90,"900 to 1,000",Apr-23
STARS OF KOVAN,UPPER SERANGOON ROAD,19,Non-Landed Properties,1,"3,800",40 to 50,500 to 600,Apr-23
KINGSFORD WATERBAY,UPPER SERANGOON VIEW,19,Non-Landed Properties,3,"3,800",70 to 80,800 to 900,Apr-23
COMPASS HEIGHTS,SENGKANG SQUARE,19,Non-Landed Properties,2,"3,700",90 to 100,"1,000 to 1,100",Apr-23
LA FIESTA,SENGKANG SQUARE,19,Non-Landed Properties,3,"4,600",70 to 80,800 to 900,Apr-23
KOVAN MELODY,KOVAN ROAD,19,Non-Landed Properties,3,"5,000",100 to 110,"1,100 to 1,200",Apr-23
THE MINTON,HOUGANG STREET 11,19,Non-Landed Properties,NA,"2,500",50 to 60,600 to 700,Apr-23
THE SCALA,SERANGOON AVENUE 3,19,Non-Landed Properties,2,"4,200",70 to 80,800 to 900,Apr-23
CHILTERN PARK,SERANGOON AVENUE 3,19,Non-Landed Properties,3,"5,800",140 to 150,"1,500 to 1,600",Apr-23
TRILIVE,TAMPINES ROAD,19,Non-Landed Properties,2,"3,400",50 to 60,500 to 600,Apr-23
THE WATERLINE,POH HUAT ROAD WEST,19,Non-Landed Properties,3,"4,000",90 to 100,"1,000 to 1,100",Apr-23
THE MINTON,HOUGANG STREET 11,19,Non-Landed Properties,2,"4,400",90 to 100,"900 to 1,000",Apr-23
LA FIESTA,SENGKANG SQUARE,19,Non-Landed Properties,1,"3,100",40 to 50,400 to 500,Apr-23
THE MINTON,HOUGANG STREET 11,19,Non-Landed Properties,NA,"3,300",50 to 60,600 to 700,Apr-23
CASA RIVIERA,LIM TUA TOW ROAD,19,Non-Landed Properties,NA,"4,200",110 to 120,"1,200 to 1,300",Apr-23
BARTLEY RESIDENCES,LORONG HOW SUN,19,Non-Landed Properties,1,"3,300",40 to 50,400 to 500,Apr-23
RIVERSOUND RESIDENCE,SENGKANG EAST AVENUE,19,Non-Landed Properties,4,"6,000",150 to 160,"1,600 to 1,700",Apr-23
THE LUXURIE,COMPASSVALE ROAD,19,Non-Landed Properties,2,"4,000",80 to 90,800 to 900,Apr-23
VIBES @ KOVAN,KOVAN ROAD,19,Non-Landed Properties,1,"3,200",40 to 50,400 to 500,Apr-23
KINGSFORD WATERBAY,UPPER SERANGOON VIEW,19,Non-Landed Properties,3,"4,200",70 to 80,800 to 900,Apr-23
FLO RESIDENCE,PUNGGOL FIELD WALK,19,Non-Landed Properties,3,"4,000",90 to 100,"1,000 to 1,100",Apr-23
PARC CENTROS,PUNGGOL CENTRAL,19,Non-Landed Properties,1,"3,100",40 to 50,400 to 500,Apr-23
RIVERSAILS,UPPER SERANGOON CRESCENT,19,Non-Landed Properties,2,"4,000",70 to 80,800 to 900,Apr-23
WATERTOWN,PUNGGOL CENTRAL,19,Non-Landed Properties,1,"3,300",50 to 60,500 to 600,Apr-23
BOTANIQUE AT BARTLEY,UPPER PAYA LEBAR ROAD,19,Non-Landed Properties,1,"3,200",40 to 50,400 to 500,Apr-23
THE TEMBUSU,TAMPINES ROAD,19,Non-Landed Properties,2,"3,950",70 to 80,700 to 800,Apr-23
FOREST WOODS,LORONG LEW LIAN,19,Non-Landed Properties,1,"3,000",40 to 50,500 to 600,Apr-23
BLISS@KOVAN,SIMON LANE,19,Non-Landed Properties,1,"3,100",40 to 50,500 to 600,Apr-23
FLO RESIDENCE,PUNGGOL FIELD WALK,19,Non-Landed Properties,4,"4,500",120 to 130,"1,300 to 1,400",Apr-23
RIVER ISLES,EDGEDALE PLAINS,19,Non-Landed Properties,3,"3,150",80 to 90,800 to 900,Apr-23
COMPASS HEIGHTS,SENGKANG SQUARE,19,Non-Landed Properties,3,"3,900",120 to 130,"1,300 to 1,400",Apr-23
THE GAZANIA,HOW SUN DRIVE,19,Non-Landed Properties,NA,"3,500",40 to 50,400 to 500,Apr-23
THE SCALA,SERANGOON AVENUE 3,19,Non-Landed Properties,1,"3,300",40 to 50,400 to 500,Apr-23
WATERTOWN,PUNGGOL CENTRAL,19,Non-Landed Properties,1,"3,300",40 to 50,500 to 600,Apr-23
STARS OF KOVAN,UPPER SERANGOON ROAD,19,Non-Landed Properties,2,"4,400",60 to 70,700 to 800,Apr-23
A TREASURE TROVE,PUNGGOL WALK,19,Non-Landed Properties,3,"4,600",90 to 100,"1,000 to 1,100",Apr-23
RIVERSAILS,UPPER SERANGOON CRESCENT,19,Non-Landed Properties,2,"4,000",80 to 90,800 to 900,Apr-23
KINGSFORD WATERBAY,UPPER SERANGOON VIEW,19,Non-Landed Properties,1,"2,900",40 to 50,400 to 500,Apr-23
BOATHOUSE RESIDENCES,UPPER SERANGOON VIEW,19,Non-Landed Properties,1,"2,500",60 to 70,700 to 800,Apr-23
A TREASURE TROVE,PUNGGOL WALK,19,Non-Landed Properties,3,"4,500",90 to 100,"1,000 to 1,100",Apr-23
THE LUXURIE,COMPASSVALE ROAD,19,Non-Landed Properties,2,"3,600",60 to 70,700 to 800,Apr-23
CASA CAMBIO,LIM TUA TOW ROAD,19,Non-Landed Properties,2,"3,800",60 to 70,600 to 700,Apr-23
THE GARDEN RESIDENCES,SERANGOON NORTH VIEW,19,Non-Landed Properties,3,"4,000",70 to 80,700 to 800,Apr-23
FOREST WOODS,LORONG LEW LIAN,19,Non-Landed Properties,3,"5,200",80 to 90,"900 to 1,000",Apr-23
MIDTOWN RESIDENCES,UPPER SERANGOON ROAD,19,Non-Landed Properties,3,"3,850",60 to 70,600 to 700,Apr-23
THE MINTON,HOUGANG STREET 11,19,Non-Landed Properties,2,"4,500",90 to 100,"900 to 1,000",Apr-23
PARC VERA,HOUGANG STREET 32,19,Non-Landed Properties,2,"3,900",80 to 90,800 to 900,Apr-23
KINGSFORD WATERBAY,UPPER SERANGOON VIEW,19,Non-Landed Properties,1,"2,750",40 to 50,400 to 500,Apr-23
CHILTERN PARK,SERANGOON AVENUE 3,19,Non-Landed Properties,3,"4,800",110 to 120,"1,200 to 1,300",Apr-23
KOVAN MELODY,KOVAN ROAD,19,Non-Landed Properties,3,"5,200",120 to 130,"1,200 to 1,300",Apr-23
WATERTOWN,PUNGGOL CENTRAL,19,Non-Landed Properties,3,"5,900",110 to 120,"1,200 to 1,300",Apr-23
A TREASURE TROVE,PUNGGOL WALK,19,Non-Landed Properties,2,"3,750",70 to 80,700 to 800,Apr-23
AMARANDA GARDENS,SERANGOON AVENUE 3,19,Non-Landed Properties,3,"4,300",100 to 110,"1,100 to 1,200",Apr-23
KOVAN REGENCY,KOVAN RISE,19,Non-Landed Properties,3,"4,900",80 to 90,800 to 900,Apr-23
KOVAN MELODY,KOVAN ROAD,19,Non-Landed Properties,3,"5,800",120 to 130,"1,300 to 1,400",Apr-23
RESIDENCES @ JANSEN,JANSEN ROAD,19,Non-Landed Properties,2,"3,300",50 to 60,600 to 700,Apr-23
BOTANIQUE AT BARTLEY,UPPER PAYA LEBAR ROAD,19,Non-Landed Properties,2,"4,100",60 to 70,600 to 700,Apr-23
FLO RESIDENCE,PUNGGOL FIELD WALK,19,Non-Landed Properties,2,"3,500",70 to 80,700 to 800,Apr-23
BOTANIQUE AT BARTLEY,UPPER PAYA LEBAR ROAD,19,Non-Landed Properties,1,"2,850",40 to 50,500 to 600,Apr-23
THE CHUAN,LORONG CHUAN,19,Non-Landed Properties,3,"6,000",120 to 130,"1,300 to 1,400",Apr-23
THE QUARTZ,COMPASSVALE BOW,19,Non-Landed Properties,3,"4,700",110 to 120,"1,200 to 1,300",Apr-23
SPACE @ KOVAN,YIO CHU KANG ROAD,19,Non-Landed Properties,1,"2,600",30 to 40,400 to 500,Apr-23
COMPASS HEIGHTS,SENGKANG SQUARE,19,Non-Landed Properties,3,"4,750",120 to 130,"1,200 to 1,300",Apr-23
THE QUARTZ,COMPASSVALE BOW,19,Non-Landed Properties,NA,"4,250",100 to 110,"1,100 to 1,200",Apr-23
WEMBLY RESIDENCES,YIO CHU KANG ROAD,19,Non-Landed Properties,2,"3,300",80 to 90,"900 to 1,000",Apr-23
THE PROMENADE@PELIKAT,JALAN PELIKAT,19,Non-Landed Properties,2,"3,300",80 to 90,"900 to 1,000",Apr-23
THE FLORENTINE,FLORENCE ROAD,19,Non-Landed Properties,2,"3,200",80 to 90,"900 to 1,000",Apr-23
STARS OF KOVAN,UPPER SERANGOON ROAD,19,Non-Landed Properties,1,"3,050",40 to 50,500 to 600,Apr-23
KENSINGTON SQUARE,JALAN LOKAM,19,Non-Landed Properties,2,"2,800",50 to 60,600 to 700,Apr-23
KINGSFORD WATERBAY,UPPER SERANGOON VIEW,19,Non-Landed Properties,1,"3,000",40 to 50,400 to 500,Apr-23
RIVERVALE CREST,RIVERVALE CRESCENT,19,Non-Landed Properties,3,"4,100",110 to 120,"1,200 to 1,300",Apr-23
VIBES@UPPER SERANGOON,UPPER SERANGOON ROAD,19,Non-Landed Properties,1,"3,000",40 to 50,500 to 600,Apr-23
BARTLEY RESIDENCES,LORONG HOW SUN,19,Non-Landed Properties,2,"4,800",80 to 90,"900 to 1,000",Apr-23
URBAN RESIDENCES,LORONG AH SOO,19,Non-Landed Properties,1,"2,800",40 to 50,400 to 500,Apr-23
BARTLEY RESIDENCES,LORONG HOW SUN,19,Non-Landed Properties,1,"3,200",40 to 50,400 to 500,Apr-23
BOTANIQUE AT BARTLEY,UPPER PAYA LEBAR ROAD,19,Non-Landed Properties,2,"3,800",60 to 70,600 to 700,Apr-23
THE SCALA,SERANGOON AVENUE 3,19,Non-Landed Properties,3,"6,200",100 to 110,"1,000 to 1,100",Apr-23
KINGSFORD WATERBAY,UPPER SERANGOON VIEW,19,Non-Landed Properties,2,"3,500",60 to 70,600 to 700,Apr-23
BARTLEY RESIDENCES,LORONG HOW SUN,19,Non-Landed Properties,1,"3,800",40 to 50,400 to 500,Apr-23
KOVAN REGENCY,KOVAN RISE,19,Non-Landed Properties,3,"6,200",90 to 100,"1,000 to 1,100",Apr-23
TERRASSE,TERRASSE LANE,19,Non-Landed Properties,2,"3,750",80 to 90,800 to 900,Apr-23
PARC CENTROS,PUNGGOL CENTRAL,19,Non-Landed Properties,4,"6,100",120 to 130,"1,300 to 1,400",Apr-23
RIVERSAILS,UPPER SERANGOON CRESCENT,19,Non-Landed Properties,2,"4,200",70 to 80,800 to 900,Apr-23
REGENTVILLE,HOUGANG STREET 92,19,Non-Landed Properties,2,"2,500",100 to 110,"1,100 to 1,200",Apr-23
KOVAN MELODY,KOVAN ROAD,19,Non-Landed Properties,3,"5,400",110 to 120,"1,200 to 1,300",Apr-23
COMPASS HEIGHTS,SENGKANG SQUARE,19,Non-Landed Properties,3,"5,000",120 to 130,"1,300 to 1,400",Apr-23
CHILTERN PARK,SERANGOON AVENUE 3,19,Non-Landed Properties,3,"4,100",120 to 130,"1,300 to 1,400",Apr-23
TERRASSE,TERRASSE LANE,19,Non-Landed Properties,2,"3,700",80 to 90,800 to 900,Apr-23
MIDTOWN RESIDENCES,UPPER SERANGOON ROAD,19,Non-Landed Properties,2,"3,600",60 to 70,600 to 700,Apr-23
THE TEMBUSU,TAMPINES ROAD,19,Non-Landed Properties,1,"3,700",50 to 60,600 to 700,Apr-23
LA FIESTA,SENGKANG SQUARE,19,Non-Landed Properties,1,"3,400",40 to 50,400 to 500,Apr-23
KOVAN RESIDENCES,KOVAN ROAD,19,Non-Landed Properties,3,"5,300",110 to 120,"1,200 to 1,300",Apr-23
KOVAN MELODY,KOVAN ROAD,19,Non-Landed Properties,2,"4,000",80 to 90,"900 to 1,000",Apr-23
CARDIFF RESIDENCE,CARDIFF GROVE,19,Non-Landed Properties,1,"3,050",30 to 40,400 to 500,Apr-23
A TREASURE TROVE,PUNGGOL WALK,19,Non-Landed Properties,2,"4,000",80 to 90,"900 to 1,000",Apr-23
ISUITES @ PALM,GLASGOW ROAD,19,Non-Landed Properties,1,"2,400",40 to 50,400 to 500,Apr-23
KOVAN REGENCY,KOVAN RISE,19,Non-Landed Properties,2,"3,200",90 to 100,"1,000 to 1,100",Apr-23
A TREASURE TROVE,PUNGGOL WALK,19,Non-Landed Properties,2,"4,100",70 to 80,700 to 800,Apr-23
WATERTOWN,PUNGGOL CENTRAL,19,Non-Landed Properties,1,"3,500",50 to 60,500 to 600,Apr-23
BOTANIQUE AT BARTLEY,UPPER PAYA LEBAR ROAD,19,Non-Landed Properties,2,"3,900",60 to 70,600 to 700,Apr-23
COMPASS HEIGHTS,SENGKANG SQUARE,19,Non-Landed Properties,2,"4,200",90 to 100,"900 to 1,000",Apr-23
REGENTVILLE,HOUGANG STREET 92,19,Non-Landed Properties,3,"4,200",100 to 110,"1,000 to 1,100",Apr-23
THE GAZANIA,HOW SUN DRIVE,19,Non-Landed Properties,NA,"3,400",40 to 50,400 to 500,Apr-23
OASIS GARDEN,JALAN BUNGA RAMPAI,19,Non-Landed Properties,3,"4,700",110 to 120,"1,200 to 1,300",Apr-23
FLO RESIDENCE,PUNGGOL FIELD WALK,19,Non-Landed Properties,4,"4,400",110 to 120,"1,200 to 1,300",Apr-23
GAMBIR RIDGE,GAMBIR WALK,19,Non-Landed Properties,2,"3,800",60 to 70,700 to 800,Apr-23
LA FIESTA,SENGKANG SQUARE,19,Non-Landed Properties,1,"3,300",40 to 50,400 to 500,Apr-23
CHERRYHILL,LORONG LEW LIAN,19,Non-Landed Properties,2,"2,950",90 to 100,"900 to 1,000",Apr-23
GAMBIR RIDGE,GAMBIR WALK,19,Non-Landed Properties,2,"3,600",60 to 70,700 to 800,Apr-23
AMARANDA GARDENS,SERANGOON AVENUE 3,19,Non-Landed Properties,4,"5,700",120 to 130,"1,300 to 1,400",Apr-23
WATERTOWN,PUNGGOL CENTRAL,19,Non-Landed Properties,1,"3,400",50 to 60,500 to 600,Apr-23
STARS OF KOVAN,UPPER SERANGOON ROAD,19,Non-Landed Properties,2,"3,800",60 to 70,700 to 800,Apr-23
REGENTVILLE,HOUGANG STREET 92,19,Non-Landed Properties,3,"3,900",100 to 110,"1,100 to 1,200",Apr-23
PARC CENTROS,PUNGGOL CENTRAL,19,Non-Landed Properties,2,"3,600",70 to 80,700 to 800,Apr-23
THE CHUAN,LORONG CHUAN,19,Non-Landed Properties,4,"8,500",150 to 160,"1,600 to 1,700",Apr-23
NON-LANDED HOUSING DEVELOPMENT,UPPER SERANGOON ROAD,19,Non-Landed Properties,NA,"3,300",80 to 90,"900 to 1,000",Apr-23
NON-LANDED HOUSING DEVELOPMENT,BOUNDARY ROAD,19,Non-Landed Properties,NA,"2,800",80 to 90,"900 to 1,000",Apr-23
JADE RESIDENCES,LEW LIAN VALE,19,Non-Landed Properties,3,"3,000",70 to 80,800 to 900,Apr-23
LA FIESTA,SENGKANG SQUARE,19,Non-Landed Properties,1,"2,800",40 to 50,400 to 500,Apr-23
LA FIESTA,SENGKANG SQUARE,19,Non-Landed Properties,3,"4,800",90 to 100,"1,000 to 1,100",Apr-23
NOUVELLE PARK,POH HUAT ROAD WEST,19,Non-Landed Properties,3,"4,200",140 to 150,"1,500 to 1,600",Apr-23
FOREST WOODS,LORONG LEW LIAN,19,Non-Landed Properties,3,"5,700",90 to 100,"900 to 1,000",Apr-23
STARS OF KOVAN,UPPER SERANGOON ROAD,19,Non-Landed Properties,2,"4,300",60 to 70,700 to 800,Apr-23
KOVAN MELODY,KOVAN ROAD,19,Non-Landed Properties,4,"5,600",120 to 130,"1,300 to 1,400",Apr-23
CHUAN PARK (DEMOLISHED),LORONG CHUAN,19,Non-Landed Properties,2,"4,200",110 to 120,"1,200 to 1,300",Apr-23
CASA CAMBIO,LIM TUA TOW ROAD,19,Non-Landed Properties,2,"2,700",40 to 50,400 to 500,Apr-23
THE LUXURIE,COMPASSVALE ROAD,19,Non-Landed Properties,3,"4,900",90 to 100,"1,000 to 1,100",Apr-23
BOTANIQUE AT BARTLEY,UPPER PAYA LEBAR ROAD,19,Non-Landed Properties,2,"4,200",60 to 70,600 to 700,Apr-23
COMPASS HEIGHTS,SENGKANG SQUARE,19,Non-Landed Properties,3,"3,500",120 to 130,"1,200 to 1,300",Apr-23
KINGSFORD WATERBAY,UPPER SERANGOON VIEW,19,Non-Landed Properties,1,"3,000",40 to 50,400 to 500,Apr-23
THE LUXURIE,COMPASSVALE ROAD,19,Non-Landed Properties,3,"4,700",90 to 100,"1,000 to 1,100",Apr-23
WATERTOWN,PUNGGOL CENTRAL,19,Non-Landed Properties,1,"3,500",40 to 50,500 to 600,Apr-23
NON-LANDED HOUSING DEVELOPMENT,UPPER PAYA LEBAR ROAD,19,Non-Landed Properties,NA,"2,000",70 to 80,700 to 800,Apr-23
THE MINTON,HOUGANG STREET 11,19,Non-Landed Properties,NA,"2,600",60 to 70,600 to 700,Apr-23
A TREASURE TROVE,PUNGGOL WALK,19,Non-Landed Properties,2,"3,300",70 to 80,700 to 800,Apr-23
JEWEL @ BUANGKOK,COMPASSVALE BOW,19,Non-Landed Properties,2,"3,800",70 to 80,700 to 800,Apr-23
THE SPRINGBLOOM,SERANGOON AVENUE 3,19,Non-Landed Properties,3,"2,800",130 to 140,"1,400 to 1,500",Apr-23
REGENTVILLE,HOUGANG STREET 92,19,Non-Landed Properties,3,"3,800",100 to 110,"1,100 to 1,200",Apr-23
WATERTOWN,PUNGGOL CENTRAL,19,Non-Landed Properties,1,"3,200",40 to 50,500 to 600,Apr-23
ICB SHOPPING CENTRE,YIO CHU KANG ROAD,19,Non-Landed Properties,NA,"5,200",130 to 140,"1,400 to 1,500",Apr-23
FLO RESIDENCE,PUNGGOL FIELD WALK,19,Non-Landed Properties,2,"3,350",70 to 80,700 to 800,Apr-23
THE LUXURIE,COMPASSVALE ROAD,19,Non-Landed Properties,2,"3,900",70 to 80,700 to 800,Apr-23
MIDTOWN RESIDENCES,UPPER SERANGOON ROAD,19,Non-Landed Properties,1,"2,500",40 to 50,400 to 500,Apr-23
LA FIESTA,SENGKANG SQUARE,19,Non-Landed Properties,2,"3,900",60 to 70,700 to 800,Apr-23
THE GAZANIA,HOW SUN DRIVE,19,Non-Landed Properties,NA,"3,100",40 to 50,400 to 500,Apr-23
SUITES @ PAYA LEBAR,UPPER PAYA LEBAR ROAD,19,Non-Landed Properties,NA,"2,450",30 to 40,300 to 400,Apr-23
KOVAN MELODY,KOVAN ROAD,19,Non-Landed Properties,2,"4,350",90 to 100,"1,000 to 1,100",Apr-23
PARK RESIDENCES KOVAN,UPPER SERANGOON ROAD,19,Non-Landed Properties,1,"2,700",30 to 40,300 to 400,Apr-23
PARC CENTROS,PUNGGOL CENTRAL,19,Non-Landed Properties,2,"3,800",70 to 80,700 to 800,Apr-23
KOVAN MELODY,KOVAN ROAD,19,Non-Landed Properties,3,"5,800",110 to 120,"1,200 to 1,300",Apr-23
THE MINTON,HOUGANG STREET 11,19,Non-Landed Properties,2,"5,100",120 to 130,"1,300 to 1,400",Apr-23
PARC CENTROS,PUNGGOL CENTRAL,19,Non-Landed Properties,3,"5,000",100 to 110,"1,100 to 1,200",Apr-23
SPACE @ KOVAN,YIO CHU KANG ROAD,19,Non-Landed Properties,1,"3,000",40 to 50,400 to 500,Apr-23
REGENTVILLE,HOUGANG STREET 92,19,Non-Landed Properties,3,"4,000",100 to 110,"1,000 to 1,100",Apr-23
RIVERSAILS,UPPER SERANGOON CRESCENT,19,Non-Landed Properties,4,"5,000",120 to 130,"1,300 to 1,400",Apr-23
STARS OF KOVAN,UPPER SERANGOON ROAD,19,Non-Landed Properties,2,"2,700",70 to 80,700 to 800,Apr-23
THE SUNNYDALE,SERANGOON AVENUE 3,19,Non-Landed Properties,3,"5,000",130 to 140,"1,400 to 1,500",Apr-23
THE SCALA,SERANGOON AVENUE 3,19,Non-Landed Properties,2,"5,100",70 to 80,800 to 900,Apr-23
CHILTERN PARK,SERANGOON AVENUE 3,19,Non-Landed Properties,3,"3,900",80 to 90,"900 to 1,000",Apr-23
THE GARDEN RESIDENCES,SERANGOON NORTH VIEW,19,Non-Landed Properties,2,"3,800",50 to 60,600 to 700,Apr-23
THE CHUAN,LORONG CHUAN,19,Non-Landed Properties,3,"6,500",120 to 130,"1,300 to 1,400",Apr-23
RIO VISTA,UPPER SERANGOON VIEW,19,Non-Landed Properties,3,"4,700",110 to 120,"1,200 to 1,300",Apr-23
RESIDENCES BOTANIQUE,YIO CHU KANG ROAD,19,Non-Landed Properties,2,"3,500",80 to 90,800 to 900,Apr-23
THE GAZANIA,HOW SUN DRIVE,19,Non-Landed Properties,NA,"3,400",40 to 50,400 to 500,Apr-23
KENSINGTON SQUARE,JALAN LOKAM,19,Non-Landed Properties,2,"3,000",50 to 60,600 to 700,Apr-23
KOVAN RESIDENCES,KOVAN ROAD,19,Non-Landed Properties,4,"10,000",320 to 330,"3,400 to 3,500",Apr-23
KENSINGTON SQUARE,JALAN LOKAM,19,Non-Landed Properties,2,"3,900",50 to 60,600 to 700,Apr-23
KENSINGTON SQUARE,JALAN LOKAM,19,Non-Landed Properties,2,"3,600",50 to 60,600 to 700,Apr-23
REGENTVILLE,HOUGANG STREET 92,19,Non-Landed Properties,2,"4,000",90 to 100,"900 to 1,000",Apr-23
KOVAN MELODY,KOVAN ROAD,19,Non-Landed Properties,3,"4,800",120 to 130,"1,200 to 1,300",Apr-23
FORTUNE PARK,TAMPINES ROAD,19,Non-Landed Properties,3,"4,200",110 to 120,"1,200 to 1,300",Apr-23
THE MINTON,HOUGANG STREET 11,19,Non-Landed Properties,2,"4,300",100 to 110,"1,100 to 1,200",Apr-23
CHILTERN PARK,SERANGOON AVENUE 3,19,Non-Landed Properties,2,"4,800",80 to 90,"900 to 1,000",Apr-23
TREASURE GARDENS,TEOW HOCK AVENUE,19,Non-Landed Properties,3,"4,000",90 to 100,"1,000 to 1,100",Apr-23
PARC CENTROS,PUNGGOL CENTRAL,19,Non-Landed Properties,1,"3,500",40 to 50,400 to 500,Apr-23
KOVAN GRANDEUR,TAMPINES ROAD,19,Non-Landed Properties,2,"3,200",50 to 60,500 to 600,Apr-23
COMPASS HEIGHTS,SENGKANG SQUARE,19,Non-Landed Properties,3,"5,000",120 to 130,"1,300 to 1,400",Apr-23
BOATHOUSE RESIDENCES,UPPER SERANGOON VIEW,19,Non-Landed Properties,3,"4,300",90 to 100,"1,000 to 1,100",Apr-23
JEWEL @ BUANGKOK,COMPASSVALE BOW,19,Non-Landed Properties,2,"3,800",60 to 70,700 to 800,Apr-23
VIBES @ KOVAN,KOVAN ROAD,19,Non-Landed Properties,2,"4,000",70 to 80,700 to 800,Apr-23
FOREST WOODS,LORONG LEW LIAN,19,Non-Landed Properties,2,"4,000",60 to 70,700 to 800,Apr-23
THE PROMENADE@PELIKAT,JALAN PELIKAT,19,Non-Landed Properties,1,"2,500",40 to 50,400 to 500,Apr-23
THE PROMENADE@PELIKAT,JALAN PELIKAT,19,Non-Landed Properties,2,"3,700",50 to 60,600 to 700,Apr-23
PARC CENTROS,PUNGGOL CENTRAL,19,Non-Landed Properties,2,"3,700",70 to 80,700 to 800,Apr-23
REGENTVILLE,HOUGANG STREET 92,19,Non-Landed Properties,3,"4,000",100 to 110,"1,100 to 1,200",Apr-23
FLO RESIDENCE,PUNGGOL FIELD WALK,19,Non-Landed Properties,3,"4,500",80 to 90,"900 to 1,000",Apr-23
ROSALIA PARK,LORONG ONG LYE,19,Non-Landed Properties,3,"3,500",130 to 140,"1,400 to 1,500",Apr-23
PARC CENTROS,PUNGGOL CENTRAL,19,Non-Landed Properties,1,"3,300",40 to 50,400 to 500,Apr-23
TRILIVE,TAMPINES ROAD,19,Non-Landed Properties,3,"3,500",80 to 90,800 to 900,Apr-23
KOVAN REGENCY,KOVAN RISE,19,Non-Landed Properties,4,"5,700",110 to 120,"1,200 to 1,300",Apr-23
THE MINTON,HOUGANG STREET 11,19,Non-Landed Properties,3,"5,900",110 to 120,"1,200 to 1,300",Apr-23
VIBES @ KOVAN,KOVAN ROAD,19,Non-Landed Properties,1,"3,100",30 to 40,400 to 500,Apr-23
TRILIVE,TAMPINES ROAD,19,Non-Landed Properties,2,"2,000",50 to 60,500 to 600,Apr-23
BOTANIQUE AT BARTLEY,UPPER PAYA LEBAR ROAD,19,Non-Landed Properties,1,"3,400",60 to 70,600 to 700,Apr-23
KOVAN RESIDENCES,KOVAN ROAD,19,Non-Landed Properties,2,"3,500",80 to 90,800 to 900,Apr-23
FOREST WOODS,LORONG LEW LIAN,19,Non-Landed Properties,2,"2,121",50 to 60,600 to 700,Apr-23
A TREASURE TROVE,PUNGGOL WALK,19,Non-Landed Properties,2,"3,200",140 to 150,"1,500 to 1,600",Apr-23
CASA CAMBIO,LIM TUA TOW ROAD,19,Non-Landed Properties,2,"3,350",40 to 50,400 to 500,Apr-23
RIVERSAILS,UPPER SERANGOON CRESCENT,19,Non-Landed Properties,2,"2,200",80 to 90,"900 to 1,000",Apr-23
THE GAZANIA,HOW SUN DRIVE,19,Non-Landed Properties,NA,"3,300",40 to 50,400 to 500,Apr-23
THE TEMBUSU,TAMPINES ROAD,19,Non-Landed Properties,2,"3,850",70 to 80,700 to 800,Apr-23
RIVERVALE CREST,RIVERVALE CRESCENT,19,Non-Landed Properties,3,"2,600",110 to 120,"1,200 to 1,300",Apr-23
A TREASURE TROVE,PUNGGOL WALK,19,Non-Landed Properties,2,"3,800",70 to 80,700 to 800,Apr-23
CHUAN PARK (DEMOLISHED),LORONG CHUAN,19,Non-Landed Properties,2,"4,200",130 to 140,"1,400 to 1,500",Apr-23
THE QUARTZ,COMPASSVALE BOW,19,Non-Landed Properties,NA,"4,400",110 to 120,"1,100 to 1,200",Apr-23
BLISS@KOVAN,SIMON LANE,19,Non-Landed Properties,3,"5,800",110 to 120,"1,200 to 1,300",Apr-23
THE QUINN,BARTLEY ROAD,19,Non-Landed Properties,3,"4,800",110 to 120,"1,200 to 1,300",Apr-23
SUITES @ PAYA LEBAR,UPPER PAYA LEBAR ROAD,19,Non-Landed Properties,1,"2,900",30 to 40,400 to 500,Apr-23
TERRASSE,TERRASSE LANE,19,Non-Landed Properties,2,"3,500",70 to 80,800 to 900,Mar-23
FOREST WOODS,LORONG LEW LIAN,19,Non-Landed Properties,2,"3,500",50 to 60,600 to 700,Mar-23
REGENTVILLE,HOUGANG STREET 92,19,Non-Landed Properties,3,"4,500",100 to 110,"1,100 to 1,200",Mar-23
THE MINTON,HOUGANG STREET 11,19,Non-Landed Properties,2,"4,200",90 to 100,"900 to 1,000",Mar-23
KOVAN RESIDENCES,KOVAN ROAD,19,Non-Landed Properties,3,"4,200",110 to 120,"1,200 to 1,300",Mar-23
KOVAN RESIDENCES,KOVAN ROAD,19,Non-Landed Properties,2,"4,000",80 to 90,800 to 900,Mar-23
FRAGRANT GARDENS,UPPER PAYA LEBAR ROAD,19,Non-Landed Properties,2,"3,300",70 to 80,700 to 800,Mar-23
NAUNG RESIDENCE,JALAN NAUNG,19,Non-Landed Properties,2,"3,200",60 to 70,700 to 800,Mar-23
FLO RESIDENCE,PUNGGOL FIELD WALK,19,Non-Landed Properties,4,"4,400",120 to 130,"1,300 to 1,400",Mar-23
RIVERSAILS,UPPER SERANGOON CRESCENT,19,Non-Landed Properties,3,"4,500",100 to 110,"1,100 to 1,200",Mar-23
THE QUINN,BARTLEY ROAD,19,Non-Landed Properties,1,"3,200",50 to 60,500 to 600,Mar-23
THE GAZANIA,HOW SUN DRIVE,19,Non-Landed Properties,NA,"5,700",80 to 90,"900 to 1,000",Mar-23
THE BENTLY RESIDENCES@KOVAN,KOVAN ROAD,19,Non-Landed Properties,1,"2,500",40 to 50,400 to 500,Mar-23
SUNGLADE,SERANGOON AVENUE 2,19,Non-Landed Properties,3,"4,250",100 to 110,"1,100 to 1,200",Mar-23
BARTLEY RESIDENCES,LORONG HOW SUN,19,Non-Landed Properties,1,"3,050",40 to 50,400 to 500,Mar-23
REGENTVILLE,HOUGANG STREET 92,19,Non-Landed Properties,2,"3,050",90 to 100,"900 to 1,000",Mar-23
CARDIFF RESIDENCE,CARDIFF GROVE,19,Non-Landed Properties,1,"2,500",40 to 50,400 to 500,Mar-23
THE MINTON,HOUGANG STREET 11,19,Non-Landed Properties,2,"4,000",100 to 110,"1,000 to 1,100",Mar-23
JEWEL @ BUANGKOK,COMPASSVALE BOW,19,Non-Landed Properties,1,"3,200",40 to 50,400 to 500,Mar-23
KINGSFORD WATERBAY,UPPER SERANGOON VIEW,19,Non-Landed Properties,1,"2,900",40 to 50,400 to 500,Mar-23
RIVER ISLES,EDGEDALE PLAINS,19,Non-Landed Properties,3,"4,800",100 to 110,"1,100 to 1,200",Mar-23
RIVER ISLES,EDGEDALE PLAINS,19,Non-Landed Properties,2,"2,700",70 to 80,700 to 800,Mar-23
THE GAZANIA,HOW SUN DRIVE,19,Non-Landed Properties,NA,"3,450",40 to 50,400 to 500,Mar-23
WATERTOWN,PUNGGOL CENTRAL,19,Non-Landed Properties,NA,"3,500",50 to 60,500 to 600,Mar-23
BARTLEY RESIDENCES,LORONG HOW SUN,19,Non-Landed Properties,3,"4,100",100 to 110,"1,000 to 1,100",Mar-23
MIDTOWN RESIDENCES,UPPER SERANGOON ROAD,19,Non-Landed Properties,2,"3,400",60 to 70,600 to 700,Mar-23
A TREASURE TROVE,PUNGGOL WALK,19,Non-Landed Properties,3,"4,700",110 to 120,"1,200 to 1,300",Mar-23
RESIDENCES BOTANIQUE,YIO CHU KANG ROAD,19,Non-Landed Properties,NA,"3,000",40 to 50,500 to 600,Mar-23
PIN MANSIONS,LIM AH PIN ROAD,19,Non-Landed Properties,3,"5,500",100 to 110,"1,100 to 1,200",Mar-23
PARC VERA,HOUGANG STREET 32,19,Non-Landed Properties,2,"2,400",70 to 80,700 to 800,Mar-23
ISUITES @ TANI,JALAN TANI,19,Non-Landed Properties,2,"2,800",50 to 60,600 to 700,Mar-23
FOREST WOODS,LORONG LEW LIAN,19,Non-Landed Properties,2,"4,100",60 to 70,600 to 700,Mar-23
KINGSFORD WATERBAY,UPPER SERANGOON VIEW,19,Non-Landed Properties,1,"2,300",40 to 50,400 to 500,Mar-23
FOREST WOODS,LORONG LEW LIAN,19,Non-Landed Properties,2,"3,800",50 to 60,600 to 700,Mar-23
STARS OF KOVAN,UPPER SERANGOON ROAD,19,Non-Landed Properties,1,"3,400",40 to 50,500 to 600,Mar-23
FOREST WOODS,LORONG LEW LIAN,19,Non-Landed Properties,1,"2,600",40 to 50,500 to 600,Mar-23
THE MINTON,HOUGANG STREET 11,19,Non-Landed Properties,2,"4,400",100 to 110,"1,100 to 1,200",Mar-23
A TREASURE TROVE,PUNGGOL WALK,19,Non-Landed Properties,3,"5,000",90 to 100,"1,000 to 1,100",Mar-23
RIVER ISLES,EDGEDALE PLAINS,19,Non-Landed Properties,3,"4,900",80 to 90,"900 to 1,000",Mar-23
WATERTOWN,PUNGGOL CENTRAL,19,Non-Landed Properties,2,"4,000",70 to 80,800 to 900,Mar-23
COMPASS HEIGHTS,SENGKANG SQUARE,19,Non-Landed Properties,1,"3,200",60 to 70,600 to 700,Mar-23
VIBES @ KOVAN,KOVAN ROAD,19,Non-Landed Properties,2,"3,300",50 to 60,500 to 600,Mar-23
RIVERSAILS,UPPER SERANGOON CRESCENT,19,Non-Landed Properties,2,"4,000",70 to 80,800 to 900,Mar-23
PRIMO RESIDENCES,JALAN PELIKAT,19,Non-Landed Properties,1,"3,100",50 to 60,500 to 600,Mar-23
THE GARDEN RESIDENCES,SERANGOON NORTH VIEW,19,Non-Landed Properties,2,"4,400",50 to 60,600 to 700,Mar-23
JEWEL @ BUANGKOK,COMPASSVALE BOW,19,Non-Landed Properties,1,"3,200",40 to 50,400 to 500,Mar-23
KINGSFORD WATERBAY,UPPER SERANGOON VIEW,19,Non-Landed Properties,1,"3,000",40 to 50,400 to 500,Mar-23
NAUNG RESIDENCE,JALAN NAUNG,19,Non-Landed Properties,2,"3,200",60 to 70,700 to 800,Mar-23
KOVAN MELODY,KOVAN ROAD,19,Non-Landed Properties,3,"4,900",110 to 120,"1,200 to 1,300",Mar-23
THE TEMBUSU,TAMPINES ROAD,19,Non-Landed Properties,1,"3,000",40 to 50,400 to 500,Mar-23
EVERGREEN PARK,HOUGANG AVENUE 7,19,Non-Landed Properties,3,"4,300",100 to 110,"1,000 to 1,100",Mar-23
WATERTOWN,PUNGGOL CENTRAL,19,Non-Landed Properties,3,"5,850",110 to 120,"1,100 to 1,200",Mar-23
BLISS@KOVAN,SIMON LANE,19,Non-Landed Properties,1,"3,000",50 to 60,500 to 600,Mar-23
SPACE @ KOVAN,YIO CHU KANG ROAD,19,Non-Landed Properties,2,"3,450",60 to 70,700 to 800,Mar-23
BARTLEY RESIDENCES,LORONG HOW SUN,19,Non-Landed Properties,2,"4,100",80 to 90,800 to 900,Mar-23
LA FIESTA,SENGKANG SQUARE,19,Non-Landed Properties,1,"2,600",40 to 50,400 to 500,Mar-23
KINGSFORD WATERBAY,UPPER SERANGOON VIEW,19,Non-Landed Properties,2,"3,000",50 to 60,600 to 700,Mar-23
BLISS@KOVAN,SIMON LANE,19,Non-Landed Properties,3,"5,500",110 to 120,"1,200 to 1,300",Mar-23
BARTLEY RESIDENCES,LORONG HOW SUN,19,Non-Landed Properties,1,"3,350",40 to 50,400 to 500,Mar-23
A TREASURE TROVE,PUNGGOL WALK,19,Non-Landed Properties,2,"4,000",70 to 80,700 to 800,Mar-23
KOVAN REGENCY,KOVAN RISE,19,Non-Landed Properties,2,"3,300",50 to 60,500 to 600,Mar-23
RIVERSAILS,UPPER SERANGOON CRESCENT,19,Non-Landed Properties,2,"3,500",70 to 80,800 to 900,Mar-23
KENSINGTON SQUARE,JALAN LOKAM,19,Non-Landed Properties,2,"3,100",50 to 60,600 to 700,Mar-23
KOVAN MELODY,KOVAN ROAD,19,Non-Landed Properties,3,"5,500",110 to 120,"1,200 to 1,300",Mar-23
BOTANIQUE AT BARTLEY,UPPER PAYA LEBAR ROAD,19,Non-Landed Properties,2,"3,200",60 to 70,700 to 800,Mar-23
CHILTERN PARK,SERANGOON AVENUE 3,19,Non-Landed Properties,3,"4,500",110 to 120,"1,200 to 1,300",Mar-23
BOATHOUSE RESIDENCES,UPPER SERANGOON VIEW,19,Non-Landed Properties,2,"4,150",80 to 90,"900 to 1,000",Mar-23
KENSINGTON SQUARE,JALAN LOKAM,19,Non-Landed Properties,1,"3,100",40 to 50,400 to 500,Mar-23
WATERTOWN,PUNGGOL CENTRAL,19,Non-Landed Properties,1,"3,500",50 to 60,600 to 700,Mar-23
THE TEMBUSU,TAMPINES ROAD,19,Non-Landed Properties,2,"3,500",70 to 80,700 to 800,Mar-23
A TREASURE TROVE,PUNGGOL WALK,19,Non-Landed Properties,2,"3,800",70 to 80,700 to 800,Mar-23
KOVAN REGENCY,KOVAN RISE,19,Non-Landed Properties,1,"3,000",40 to 50,500 to 600,Mar-23
TERRASSE,TERRASSE LANE,19,Non-Landed Properties,2,"3,700",80 to 90,"900 to 1,000",Mar-23
PRESTO@UPPER SERANGOON,UPPER SERANGOON ROAD,19,Non-Landed Properties,1,"2,700",30 to 40,400 to 500,Mar-23
BLISS@KOVAN,SIMON LANE,19,Non-Landed Properties,3,"3,600",110 to 120,"1,200 to 1,300",Mar-23
D'ZIRE,ROBEY CRESCENT,19,Non-Landed Properties,1,"3,000",30 to 40,300 to 400,Mar-23
FLO RESIDENCE,PUNGGOL FIELD WALK,19,Non-Landed Properties,3,"4,000",80 to 90,"900 to 1,000",Mar-23
FOREST WOODS,LORONG LEW LIAN,19,Non-Landed Properties,2,"4,200",60 to 70,700 to 800,Mar-23
THE WATERLINE,POH HUAT ROAD WEST,19,Non-Landed Properties,3,"4,300",90 to 100,"1,000 to 1,100",Mar-23
A TREASURE TROVE,PUNGGOL WALK,19,Non-Landed Properties,3,"3,200",90 to 100,"1,000 to 1,100",Mar-23
JEWEL @ BUANGKOK,COMPASSVALE BOW,19,Non-Landed Properties,1,"3,300",40 to 50,400 to 500,Mar-23
RIVERSAILS,UPPER SERANGOON CRESCENT,19,Non-Landed Properties,2,"2,900",80 to 90,800 to 900,Mar-23
WATERTOWN,PUNGGOL CENTRAL,19,Non-Landed Properties,2,"3,700",70 to 80,800 to 900,Mar-23
A TREASURE TROVE,PUNGGOL WALK,19,Non-Landed Properties,2,"4,000",80 to 90,"900 to 1,000",Mar-23
SUITES @ PAYA LEBAR,UPPER PAYA LEBAR ROAD,19,Non-Landed Properties,1,"2,800",30 to 40,400 to 500,Mar-23
PARC CENTROS,PUNGGOL CENTRAL,19,Non-Landed Properties,2,"3,100",70 to 80,700 to 800,Mar-23
CASA CAMBIO,LIM TUA TOW ROAD,19,Non-Landed Properties,2,"3,100",40 to 50,400 to 500,Mar-23
STARS OF KOVAN,UPPER SERANGOON ROAD,19,Non-Landed Properties,2,"4,000",60 to 70,700 to 800,Mar-23
GAMBIR RIDGE,GAMBIR WALK,19,Non-Landed Properties,3,"4,800",80 to 90,"900 to 1,000",Mar-23
BARTLEY RESIDENCES,LORONG HOW SUN,19,Non-Landed Properties,3,"5,300",100 to 110,"1,100 to 1,200",Mar-23
SPACE @ KOVAN,YIO CHU KANG ROAD,19,Non-Landed Properties,2,"3,500",50 to 60,600 to 700,Mar-23
FLO RESIDENCE,PUNGGOL FIELD WALK,19,Non-Landed Properties,3,"4,200",90 to 100,"1,000 to 1,100",Mar-23
KINGSFORD WATERBAY,UPPER SERANGOON VIEW,19,Non-Landed Properties,3,"4,300",90 to 100,"900 to 1,000",Mar-23
CASA CAMBIO,LIM TUA TOW ROAD,19,Non-Landed Properties,2,"3,500",40 to 50,400 to 500,Mar-23
LA FIESTA,SENGKANG SQUARE,19,Non-Landed Properties,2,"3,700",60 to 70,700 to 800,Mar-23
THE GAZANIA,HOW SUN DRIVE,19,Non-Landed Properties,NA,"7,000",120 to 130,"1,300 to 1,400",Mar-23
A TREASURE TROVE,PUNGGOL WALK,19,Non-Landed Properties,3,"4,850",90 to 100,"1,000 to 1,100",Mar-23
CHUAN PARK (DEMOLISHED),LORONG CHUAN,19,Non-Landed Properties,2,"2,800",110 to 120,"1,200 to 1,300",Mar-23
WATERTOWN,PUNGGOL CENTRAL,19,Non-Landed Properties,NA,"3,600",50 to 60,600 to 700,Mar-23
THE GAZANIA,HOW SUN DRIVE,19,Non-Landed Properties,NA,"4,700",60 to 70,600 to 700,Mar-23
THE TEMBUSU,TAMPINES ROAD,19,Non-Landed Properties,2,"4,200",70 to 80,700 to 800,Mar-23
57 @ KOVAN,KOVAN ROAD,19,Non-Landed Properties,3,"4,800",110 to 120,"1,200 to 1,300",Mar-23
STADIA,YIO CHU KANG ROAD,19,Non-Landed Properties,2,"3,900",80 to 90,"900 to 1,000",Mar-23
KOVAN MELODY,KOVAN ROAD,19,Non-Landed Properties,4,"6,900",120 to 130,"1,300 to 1,400",Mar-23
SUITES @ PAYA LEBAR,UPPER PAYA LEBAR ROAD,19,Non-Landed Properties,1,"2,550",40 to 50,400 to 500,Mar-23
COMPASS HEIGHTS,SENGKANG SQUARE,19,Non-Landed Properties,3,"4,500",120 to 130,"1,300 to 1,400",Mar-23
THE SCALA,SERANGOON AVENUE 3,19,Non-Landed Properties,2,"4,600",80 to 90,"900 to 1,000",Mar-23
KINGSFORD WATERBAY,UPPER SERANGOON VIEW,19,Non-Landed Properties,1,"3,000",40 to 50,400 to 500,Mar-23
THE QUARTZ,COMPASSVALE BOW,19,Non-Landed Properties,NA,"4,600",100 to 110,"1,100 to 1,200",Mar-23
RIVER ISLES,EDGEDALE PLAINS,19,Non-Landed Properties,3,"3,600",100 to 110,"1,100 to 1,200",Mar-23
AMARANDA GARDENS,SERANGOON AVENUE 3,19,Non-Landed Properties,3,"5,700",110 to 120,"1,200 to 1,300",Mar-23
EVERGREEN PARK,HOUGANG AVENUE 7,19,Non-Landed Properties,3,"3,500",110 to 120,"1,200 to 1,300",Mar-23
THE MINTON,HOUGANG STREET 11,19,Non-Landed Properties,2,"4,300",100 to 110,"1,000 to 1,100",Mar-23
THE GAZANIA,HOW SUN DRIVE,19,Non-Landed Properties,NA,"4,700",60 to 70,600 to 700,Mar-23
LA FIESTA,SENGKANG SQUARE,19,Non-Landed Properties,2,"3,900",60 to 70,700 to 800,Mar-23
BOTANIQUE AT BARTLEY,UPPER PAYA LEBAR ROAD,19,Non-Landed Properties,1,"3,500",40 to 50,500 to 600,Mar-23
RIVER ISLES,EDGEDALE PLAINS,19,Non-Landed Properties,3,"6,700",190 to 200,"2,000 to 2,100",Mar-23
THE GAZANIA,HOW SUN DRIVE,19,Non-Landed Properties,NA,"4,800",60 to 70,600 to 700,Mar-23
THE PROMENADE@PELIKAT,JALAN PELIKAT,19,Non-Landed Properties,1,"2,500",40 to 50,400 to 500,Mar-23
RIVERSAILS,UPPER SERANGOON CRESCENT,19,Non-Landed Properties,2,"3,000",80 to 90,800 to 900,Mar-23
PARC CENTROS,PUNGGOL CENTRAL,19,Non-Landed Properties,1,"2,600",40 to 50,400 to 500,Mar-23
KINGSFORD WATERBAY,UPPER SERANGOON VIEW,19,Non-Landed Properties,1,"3,000",40 to 50,400 to 500,Mar-23
SUNGLADE,SERANGOON AVENUE 2,19,Non-Landed Properties,3,"4,500",100 to 110,"1,000 to 1,100",Mar-23
A TREASURE TROVE,PUNGGOL WALK,19,Non-Landed Properties,3,"4,500",90 to 100,"1,000 to 1,100",Mar-23
GAMBIR RIDGE,GAMBIR WALK,19,Non-Landed Properties,1,"3,300",60 to 70,700 to 800,Mar-23
VIBES @ KOVAN,KOVAN ROAD,19,Non-Landed Properties,1,"3,000",40 to 50,400 to 500,Mar-23
WATERTOWN,PUNGGOL CENTRAL,19,Non-Landed Properties,1,"3,100",40 to 50,500 to 600,Mar-23
KOVAN GRANDEUR,TAMPINES ROAD,19,Non-Landed Properties,2,"5,500",80 to 90,"900 to 1,000",Mar-23
BARTLEY RESIDENCES,LORONG HOW SUN,19,Non-Landed Properties,1,"3,200",40 to 50,400 to 500,Mar-23
URBAN RESIDENCES,LORONG AH SOO,19,Non-Landed Properties,1,"2,800",40 to 50,400 to 500,Mar-23
CHUAN PARK (DEMOLISHED),LORONG CHUAN,19,Non-Landed Properties,2,"6,200",190 to 200,"2,000 to 2,100",Mar-23
THE LUXURIE,COMPASSVALE ROAD,19,Non-Landed Properties,3,"3,800",90 to 100,"900 to 1,000",Mar-23
WATERTOWN,PUNGGOL CENTRAL,19,Non-Landed Properties,1,"3,000",40 to 50,500 to 600,Mar-23
KOVANA,KOVAN ROAD,19,Non-Landed Properties,3,"4,500",100 to 110,"1,100 to 1,200",Mar-23
A TREASURE TROVE,PUNGGOL WALK,19,Non-Landed Properties,3,"4,600",110 to 120,"1,200 to 1,300",Mar-23
PARK RESIDENCES KOVAN,UPPER SERANGOON ROAD,19,Non-Landed Properties,1,"2,800",30 to 40,300 to 400,Mar-23
KENSINGTON SQUARE,JALAN LOKAM,19,Non-Landed Properties,2,"3,600",80 to 90,"900 to 1,000",Mar-23
KINGSFORD WATERBAY,UPPER SERANGOON VIEW,19,Non-Landed Properties,1,"3,000",40 to 50,400 to 500,Mar-23
THE GAZANIA,HOW SUN DRIVE,19,Non-Landed Properties,NA,"4,100",50 to 60,600 to 700,Mar-23
STARS OF KOVAN,UPPER SERANGOON ROAD,19,Non-Landed Properties,1,"3,400",40 to 50,500 to 600,Mar-23
AMARANDA GARDENS,SERANGOON AVENUE 3,19,Non-Landed Properties,3,"4,200",100 to 110,"1,100 to 1,200",Mar-23
THE LUXURIE,COMPASSVALE ROAD,19,Non-Landed Properties,3,"4,300",90 to 100,"1,000 to 1,100",Mar-23
THE MINTON,HOUGANG STREET 11,19,Non-Landed Properties,NA,"3,600",60 to 70,600 to 700,Mar-23
PARK RESIDENCES KOVAN,UPPER SERANGOON ROAD,19,Non-Landed Properties,1,"2,500",30 to 40,300 to 400,Mar-23
THE GARDEN RESIDENCES,SERANGOON NORTH VIEW,19,Non-Landed Properties,3,"4,100",70 to 80,700 to 800,Mar-23
CHUAN PARK (DEMOLISHED),LORONG CHUAN,19,Non-Landed Properties,2,"2,300",100 to 110,"1,100 to 1,200",Mar-23
RIVER ISLES,EDGEDALE PLAINS,19,Non-Landed Properties,NA,"2,300",40 to 50,400 to 500,Mar-23
KINGSFORD WATERBAY,UPPER SERANGOON VIEW,19,Non-Landed Properties,3,"4,200",80 to 90,800 to 900,Mar-23
THE LUXURIE,COMPASSVALE ROAD,19,Non-Landed Properties,2,"3,200",70 to 80,700 to 800,Mar-23
CHUAN PARK (DEMOLISHED),LORONG CHUAN,19,Non-Landed Properties,3,"3,100",130 to 140,"1,400 to 1,500",Mar-23
CASA CAMBIO,LIM TUA TOW ROAD,19,Non-Landed Properties,2,"3,400",50 to 60,600 to 700,Mar-23
BOATHOUSE RESIDENCES,UPPER SERANGOON VIEW,19,Non-Landed Properties,1,"3,000",50 to 60,600 to 700,Mar-23
THE GAZANIA,HOW SUN DRIVE,19,Non-Landed Properties,NA,"3,500",40 to 50,400 to 500,Mar-23
THE PROMENADE@PELIKAT,JALAN PELIKAT,19,Non-Landed Properties,1,"3,000",40 to 50,400 to 500,Mar-23
THE YARDLEY,UPPER SERANGOON ROAD,19,Non-Landed Properties,3,"4,800",110 to 120,"1,200 to 1,300",Mar-23
THE TEMBUSU,TAMPINES ROAD,19,Non-Landed Properties,3,"5,300",110 to 120,"1,200 to 1,300",Mar-23
HIGHLAND CONDOMINIUM,HIGHLAND ROAD,19,Non-Landed Properties,NA,"5,000",130 to 140,"1,400 to 1,500",Mar-23
CHERRYHILL,LORONG LEW LIAN,19,Non-Landed Properties,3,"6,700",160 to 170,"1,800 to 1,900",Mar-23
PARC CENTROS,PUNGGOL CENTRAL,19,Non-Landed Properties,1,"2,700",40 to 50,400 to 500,Mar-23
FOREST WOODS,LORONG LEW LIAN,19,Non-Landed Properties,4,"6,500",110 to 120,"1,200 to 1,300",Mar-23
CASA CAMBIO,LIM TUA TOW ROAD,19,Non-Landed Properties,2,"3,000",60 to 70,600 to 700,Mar-23
FOREST WOODS,LORONG LEW LIAN,19,Non-Landed Properties,1,"3,500",40 to 50,500 to 600,Mar-23
ISUITES @ PALM,GLASGOW ROAD,19,Non-Landed Properties,3,"3,500",110 to 120,"1,100 to 1,200",Mar-23
RIO VISTA,UPPER SERANGOON VIEW,19,Non-Landed Properties,2,"4,000",90 to 100,"1,000 to 1,100",Mar-23
CHUAN PARK (DEMOLISHED),LORONG CHUAN,19,Non-Landed Properties,2,"4,500",110 to 120,"1,200 to 1,300",Mar-23
FOREST WOODS,LORONG LEW LIAN,19,Non-Landed Properties,3,"5,500",80 to 90,"900 to 1,000",Mar-23
FOREST WOODS,LORONG LEW LIAN,19,Non-Landed Properties,2,"3,500",60 to 70,600 to 700,Mar-23
THE LILIUM,HOW SUN ROAD,19,Non-Landed Properties,2,"4,480",60 to 70,600 to 700,Mar-23
FLO RESIDENCE,PUNGGOL FIELD WALK,19,Non-Landed Properties,2,"4,000",70 to 80,700 to 800,Mar-23
FLO RESIDENCE,PUNGGOL FIELD WALK,19,Non-Landed Properties,3,"4,380",90 to 100,"1,000 to 1,100",Mar-23
TREASURE MANSIONS,ROSYTH AVENUE,19,Non-Landed Properties,2,"3,700",80 to 90,800 to 900,Mar-23
COMPASS HEIGHTS,SENGKANG SQUARE,19,Non-Landed Properties,1,"2,550",50 to 60,600 to 700,Mar-23
TRILIVE,TAMPINES ROAD,19,Non-Landed Properties,2,"3,200",50 to 60,500 to 600,Mar-23
PARC VERA,HOUGANG STREET 32,19,Non-Landed Properties,2,"3,600",70 to 80,700 to 800,Mar-23
KINGSFORD WATERBAY,UPPER SERANGOON VIEW,19,Non-Landed Properties,3,"4,450",70 to 80,800 to 900,Mar-23
FLO RESIDENCE,PUNGGOL FIELD WALK,19,Non-Landed Properties,3,"4,250",120 to 130,"1,300 to 1,400",Mar-23
LA DOLCE VITA,UPPER PAYA LEBAR ROAD,19,Non-Landed Properties,2,"5,000",150 to 160,"1,600 to 1,700",Mar-23
KOVAN MELODY,KOVAN ROAD,19,Non-Landed Properties,3,"5,800",120 to 130,"1,200 to 1,300",Mar-23
JADE RESIDENCES,LEW LIAN VALE,19,Non-Landed Properties,4,"5,300",170 to 180,"1,900 to 2,000",Mar-23
CHERRYHILL,LORONG LEW LIAN,19,Non-Landed Properties,3,"3,400",130 to 140,"1,400 to 1,500",Mar-23
SUMMER SCENT,KANG CHOO BIN ROAD,19,Non-Landed Properties,3,"3,000",130 to 140,"1,400 to 1,500",Mar-23
FONTAINE PARRY,POH HUAT ROAD,19,Non-Landed Properties,2,"2,800",70 to 80,800 to 900,Mar-23
ROSYTH VILLE,ROSYTH ROAD,19,Non-Landed Properties,3,"4,250",100 to 110,"1,100 to 1,200",Mar-23
THE GAZANIA,HOW SUN DRIVE,19,Non-Landed Properties,NA,"5,730",80 to 90,"900 to 1,000",Mar-23
BOTANIQUE AT BARTLEY,UPPER PAYA LEBAR ROAD,19,Non-Landed Properties,1,"3,500",40 to 50,400 to 500,Mar-23
PRIMO RESIDENCES,JALAN PELIKAT,19,Non-Landed Properties,2,"3,300",70 to 80,800 to 900,Mar-23
RIVERSOUND RESIDENCE,SENGKANG EAST AVENUE,19,Non-Landed Properties,3,"3,850",90 to 100,"1,000 to 1,100",Mar-23
THE SCALA,SERANGOON AVENUE 3,19,Non-Landed Properties,1,"3,200",40 to 50,400 to 500,Mar-23
EDEN CREST,EDEN GROVE,19,Non-Landed Properties,3,"3,900",80 to 90,800 to 900,Mar-23
THE LUXURIE,COMPASSVALE ROAD,19,Non-Landed Properties,2,"4,100",80 to 90,800 to 900,Mar-23
CHILTERN PARK,SERANGOON AVENUE 3,19,Non-Landed Properties,3,"4,500",110 to 120,"1,200 to 1,300",Mar-23
FOREST WOODS,LORONG LEW LIAN,19,Non-Landed Properties,2,"2,403",50 to 60,600 to 700,Mar-23
CHEN JING JUE MANSIONS,CHUAN HOE AVENUE,19,Non-Landed Properties,NA,"5,000",210 to 220,"2,200 to 2,300",Mar-23
THE LUXURIE,COMPASSVALE ROAD,19,Non-Landed Properties,1,"3,000",40 to 50,400 to 500,Mar-23
KINGSFORD WATERBAY,UPPER SERANGOON VIEW,19,Non-Landed Properties,3,"4,100",80 to 90,800 to 900,Mar-23
LA FIESTA,SENGKANG SQUARE,19,Non-Landed Properties,3,"3,200",80 to 90,800 to 900,Mar-23
KOVAN MELODY,KOVAN ROAD,19,Non-Landed Properties,3,"4,600",110 to 120,"1,200 to 1,300",Mar-23
KINGSFORD WATERBAY,UPPER SERANGOON VIEW,19,Non-Landed Properties,1,"3,000",40 to 50,400 to 500,Mar-23
KOVAN RESIDENCES,KOVAN ROAD,19,Non-Landed Properties,2,"4,200",80 to 90,800 to 900,Mar-23
FONTAINE PARRY,POH HUAT ROAD,19,Non-Landed Properties,3,"3,800",110 to 120,"1,200 to 1,300",Mar-23
CASA CAMBIO,LIM TUA TOW ROAD,19,Non-Landed Properties,2,"3,500",60 to 70,700 to 800,Mar-23
A TREASURE TROVE,PUNGGOL WALK,19,Non-Landed Properties,2,"3,900",70 to 80,700 to 800,Mar-23
RIVERSOUND RESIDENCE,SENGKANG EAST AVENUE,19,Non-Landed Properties,1,"2,900",40 to 50,400 to 500,Mar-23
MIDTOWN RESIDENCES,UPPER SERANGOON ROAD,19,Non-Landed Properties,2,"3,650",60 to 70,600 to 700,Mar-23
THE GAZANIA,HOW SUN DRIVE,19,Non-Landed Properties,NA,"3,400",40 to 50,400 to 500,Mar-23
THE LUXURIE,COMPASSVALE ROAD,19,Non-Landed Properties,1,"3,200",40 to 50,400 to 500,Mar-23
RIVERSOUND RESIDENCE,SENGKANG EAST AVENUE,19,Non-Landed Properties,3,"3,000",90 to 100,"1,000 to 1,100",Mar-23
WATERTOWN,PUNGGOL CENTRAL,19,Non-Landed Properties,NA,"3,100",50 to 60,600 to 700,Mar-23
FOREST WOODS,LORONG LEW LIAN,19,Non-Landed Properties,3,"5,600",90 to 100,"900 to 1,000",Mar-23
THE VUE,UPPER PAYA LEBAR ROAD,19,Non-Landed Properties,1,"2,900",40 to 50,400 to 500,Mar-23
WATERTOWN,PUNGGOL CENTRAL,19,Non-Landed Properties,NA,"3,500",50 to 60,600 to 700,Mar-23
KINGSFORD WATERBAY,UPPER SERANGOON VIEW,19,Non-Landed Properties,2,"3,600",60 to 70,600 to 700,Mar-23
FOREST WOODS,LORONG LEW LIAN,19,Non-Landed Properties,2,"4,000",60 to 70,600 to 700,Mar-23
WATERTOWN,PUNGGOL CENTRAL,19,Non-Landed Properties,1,"3,400",50 to 60,500 to 600,Mar-23
CASA CAMBIO,LIM TUA TOW ROAD,19,Non-Landed Properties,1,"3,000",40 to 50,400 to 500,Mar-23
A TREASURE TROVE,PUNGGOL WALK,19,Non-Landed Properties,2,"4,000",70 to 80,700 to 800,Mar-23
TERRASSE,TERRASSE LANE,19,Non-Landed Properties,2,"3,000",70 to 80,800 to 900,Mar-23
KOVAN MELODY,KOVAN ROAD,19,Non-Landed Properties,2,"4,300",70 to 80,800 to 900,Mar-23
A TREASURE TROVE,PUNGGOL WALK,19,Non-Landed Properties,2,"4,100",70 to 80,700 to 800,Mar-23
KINGSFORD WATERBAY,UPPER SERANGOON VIEW,19,Non-Landed Properties,2,"3,300",60 to 70,700 to 800,Mar-23
SUMMER SCENT,KANG CHOO BIN ROAD,19,Non-Landed Properties,2,"2,800",100 to 110,"1,100 to 1,200",Mar-23
BLISS@KOVAN,SIMON LANE,19,Non-Landed Properties,2,"4,500",80 to 90,"900 to 1,000",Mar-23
THE SCALA,SERANGOON AVENUE 3,19,Non-Landed Properties,2,"4,900",80 to 90,"900 to 1,000",Mar-23
THE SCALA,SERANGOON AVENUE 3,19,Non-Landed Properties,1,"3,288",40 to 50,400 to 500,Mar-23
TREASURE GARDENS,TEOW HOCK AVENUE,19,Non-Landed Properties,3,"4,200",90 to 100,"1,000 to 1,100",Mar-23
AMARANDA GARDENS,SERANGOON AVENUE 3,19,Non-Landed Properties,3,"5,100",110 to 120,"1,200 to 1,300",Mar-23
NON-LANDED HOUSING DEVELOPMENT,BOUNDARY ROAD,19,Non-Landed Properties,NA,"3,700",70 to 80,800 to 900,Mar-23
BARTLEY RESIDENCES,LORONG HOW SUN,19,Non-Landed Properties,3,"5,000",100 to 110,"1,000 to 1,100",Mar-23
KOVAN MELODY,KOVAN ROAD,19,Non-Landed Properties,2,"4,500",80 to 90,"900 to 1,000",Mar-23
THE PROMENADE@PELIKAT,JALAN PELIKAT,19,Non-Landed Properties,1,"2,350",40 to 50,400 to 500,Mar-23
THE MINTON,HOUGANG STREET 11,19,Non-Landed Properties,4,"6,200",150 to 160,"1,600 to 1,700",Mar-23
THE VUE,UPPER PAYA LEBAR ROAD,19,Non-Landed Properties,1,"2,500",30 to 40,400 to 500,Mar-23
JEWEL @ BUANGKOK,COMPASSVALE BOW,19,Non-Landed Properties,1,"3,000",40 to 50,400 to 500,Mar-23
JEWEL @ BUANGKOK,COMPASSVALE BOW,19,Non-Landed Properties,3,"4,200",80 to 90,800 to 900,Mar-23
RIVERSAILS,UPPER SERANGOON CRESCENT,19,Non-Landed Properties,2,"3,300",70 to 80,800 to 900,Mar-23
A TREASURE TROVE,PUNGGOL WALK,19,Non-Landed Properties,2,"3,400",70 to 80,700 to 800,Mar-23
KENSINGTON PARK CONDOMINIUM,KENSINGTON PARK DRIVE,19,Non-Landed Properties,3,"4,400",150 to 160,"1,600 to 1,700",Mar-23
KINGSFORD WATERBAY,UPPER SERANGOON VIEW,19,Non-Landed Properties,2,"3,500",50 to 60,600 to 700,Mar-23
RIVERSAILS,UPPER SERANGOON CRESCENT,19,Non-Landed Properties,2,"2,000",70 to 80,800 to 900,Mar-23
KINGSFORD WATERBAY,UPPER SERANGOON VIEW,19,Non-Landed Properties,2,"3,500",50 to 60,600 to 700,Mar-23
LA FIESTA,SENGKANG SQUARE,19,Non-Landed Properties,1,"2,600",40 to 50,400 to 500,Mar-23
D'PAVILION,UPPER SERANGOON ROAD,19,Non-Landed Properties,3,"5,500",120 to 130,"1,200 to 1,300",Mar-23
CARDIFF RESIDENCE,CARDIFF GROVE,19,Non-Landed Properties,1,"2,600",30 to 40,400 to 500,Mar-23
THE SCALA,SERANGOON AVENUE 3,19,Non-Landed Properties,1,"3,500",40 to 50,400 to 500,Mar-23
PARC CENTROS,PUNGGOL CENTRAL,19,Non-Landed Properties,1,"3,000",40 to 50,400 to 500,Mar-23
A TREASURE TROVE,PUNGGOL WALK,19,Non-Landed Properties,3,"4,200",90 to 100,"1,000 to 1,100",Mar-23
FORTUNE PARK,TAMPINES ROAD,19,Non-Landed Properties,3,"4,000",110 to 120,"1,200 to 1,300",Mar-23
CASA CAMBIO,LIM TUA TOW ROAD,19,Non-Landed Properties,2,"4,400",90 to 100,"900 to 1,000",Mar-23
THE FLORENTINE,FLORENCE ROAD,19,Non-Landed Properties,2,"3,500",80 to 90,"900 to 1,000",Mar-23
SUNGLADE,SERANGOON AVENUE 2,19,Non-Landed Properties,3,"4,400",100 to 110,"1,100 to 1,200",Mar-23
TERRASSE,TERRASSE LANE,19,Non-Landed Properties,2,"3,600",80 to 90,800 to 900,Mar-23
KOVAN REGENCY,KOVAN RISE,19,Non-Landed Properties,2,"3,200",50 to 60,500 to 600,Mar-23
WATERTOWN,PUNGGOL CENTRAL,19,Non-Landed Properties,NA,"3,500",50 to 60,600 to 700,Mar-23
THE GARDEN RESIDENCES,SERANGOON NORTH VIEW,19,Non-Landed Properties,1,"2,750",40 to 50,500 to 600,Mar-23
KINGSFORD WATERBAY,UPPER SERANGOON VIEW,19,Non-Landed Properties,1,"2,800",40 to 50,400 to 500,Mar-23
EDEN VIEW,EDEN GROVE,19,Non-Landed Properties,3,"4,600",90 to 100,"1,000 to 1,100",Mar-23
NON-LANDED HOUSING DEVELOPMENT,FLOWER ROAD,19,Non-Landed Properties,NA,"3,350",100 to 110,"1,100 to 1,200",Mar-23
CASA ROSA,LORONG ONG LYE,19,Non-Landed Properties,3,"3,600",90 to 100,"1,000 to 1,100",Mar-23
KINGSFORD WATERBAY,UPPER SERANGOON VIEW,19,Non-Landed Properties,1,"2,700",40 to 50,400 to 500,Mar-23
THE SUNSHINE,SUNSHINE TERRACE,19,Non-Landed Properties,3,"4,000",100 to 110,"1,100 to 1,200",Mar-23
RIVERVALE CREST,RIVERVALE CRESCENT,19,Non-Landed Properties,3,"4,500",130 to 140,"1,400 to 1,500",Mar-23
JEWEL @ BUANGKOK,COMPASSVALE BOW,19,Non-Landed Properties,1,"3,200",40 to 50,400 to 500,Mar-23
THE MINTON,HOUGANG STREET 11,19,Non-Landed Properties,3,"2,700",130 to 140,"1,400 to 1,500",Mar-23
FOREST WOODS,LORONG LEW LIAN,19,Non-Landed Properties,2,"3,800",50 to 60,600 to 700,Mar-23
GAMBIR RIDGE,GAMBIR WALK,19,Non-Landed Properties,1,"3,000",60 to 70,700 to 800,Mar-23
SUITES @ PAYA LEBAR,UPPER PAYA LEBAR ROAD,19,Non-Landed Properties,1,"2,600",30 to 40,300 to 400,Mar-23
WATERTOWN,PUNGGOL CENTRAL,19,Non-Landed Properties,1,"3,200",40 to 50,500 to 600,Mar-23
THE GAZANIA,HOW SUN DRIVE,19,Non-Landed Properties,NA,"4,000",50 to 60,600 to 700,Mar-23
THE LUXURIE,COMPASSVALE ROAD,19,Non-Landed Properties,1,"2,800",40 to 50,400 to 500,Mar-23
WATERTOWN,PUNGGOL CENTRAL,19,Non-Landed Properties,4,"6,200",120 to 130,"1,300 to 1,400",Mar-23
THE QUARTZ,COMPASSVALE BOW,19,Non-Landed Properties,NA,"4,400",90 to 100,"1,000 to 1,100",Mar-23
KINGSFORD WATERBAY,UPPER SERANGOON VIEW,19,Non-Landed Properties,1,"2,800",40 to 50,400 to 500,Mar-23
RIVER ISLES,EDGEDALE PLAINS,19,Non-Landed Properties,3,"4,500",100 to 110,"1,000 to 1,100",Mar-23
KOVAN RESIDENCES,KOVAN ROAD,19,Non-Landed Properties,3,"5,800",110 to 120,"1,200 to 1,300",Mar-23
THE GAZANIA,HOW SUN DRIVE,19,Non-Landed Properties,NA,"4,000",60 to 70,600 to 700,Mar-23
RIVER ISLES,EDGEDALE PLAINS,19,Non-Landed Properties,3,"3,800",80 to 90,"900 to 1,000",Mar-23
KINGSFORD WATERBAY,UPPER SERANGOON VIEW,19,Non-Landed Properties,2,"3,600",60 to 70,600 to 700,Mar-23
WATERTOWN,PUNGGOL CENTRAL,19,Non-Landed Properties,1,"3,600",50 to 60,500 to 600,Mar-23
MIDTOWN RESIDENCES,UPPER SERANGOON ROAD,19,Non-Landed Properties,2,"3,450",60 to 70,600 to 700,Mar-23
NON-LANDED HOUSING DEVELOPMENT,UPPER SERANGOON ROAD,19,Non-Landed Properties,NA,"3,200",90 to 100,"1,000 to 1,100",Mar-23
KOVAN RESIDENCES,KOVAN ROAD,19,Non-Landed Properties,4,"6,500",160 to 170,"1,700 to 1,800",Mar-23
RIVERSAILS,UPPER SERANGOON CRESCENT,19,Non-Landed Properties,3,"4,000",90 to 100,"1,000 to 1,100",Mar-23
SPACE @ KOVAN,YIO CHU KANG ROAD,19,Non-Landed Properties,1,"3,100",50 to 60,500 to 600,Mar-23
LA FIESTA,SENGKANG SQUARE,19,Non-Landed Properties,3,"4,100",70 to 80,800 to 900,Mar-23
HOUGANG GREEN,BUANGKOK GREEN,19,Non-Landed Properties,2,"3,500",70 to 80,700 to 800,Mar-23
SERANGOON GARDEN ESTATE,LICHFIELD ROAD,19,Non-Landed Properties,NA,"3,850",140 to 150,"1,500 to 1,600",Mar-23
TRILIVE,TAMPINES ROAD,19,Non-Landed Properties,3,"4,900",80 to 90,"900 to 1,000",Mar-23
THE GAZANIA,HOW SUN DRIVE,19,Non-Landed Properties,NA,"4,500",60 to 70,600 to 700,Mar-23
SPAZIO @ KOVAN,UPPER SERANGOON ROAD,19,Non-Landed Properties,3,"3,900",60 to 70,600 to 700,Mar-23
KINGSFORD WATERBAY,UPPER SERANGOON VIEW,19,Non-Landed Properties,2,"3,800",60 to 70,600 to 700,Mar-23
THE PROMENADE@PELIKAT,JALAN PELIKAT,19,Non-Landed Properties,2,"3,500",80 to 90,"900 to 1,000",Mar-23
CHERRYHILL,LORONG LEW LIAN,19,Non-Landed Properties,3,"4,300",100 to 110,"1,000 to 1,100",Mar-23
KOVAN REGENCY,KOVAN RISE,19,Non-Landed Properties,2,"4,100",70 to 80,700 to 800,Mar-23
KINGSFORD WATERBAY,UPPER SERANGOON VIEW,19,Non-Landed Properties,1,"2,800",40 to 50,400 to 500,Mar-23
THE QUARTZ,COMPASSVALE BOW,19,Non-Landed Properties,NA,"4,500",90 to 100,"1,000 to 1,100",Mar-23
KINGSFORD WATERBAY,UPPER SERANGOON VIEW,19,Non-Landed Properties,2,"3,500",60 to 70,600 to 700,Mar-23
LA FIESTA,SENGKANG SQUARE,19,Non-Landed Properties,2,"3,750",70 to 80,700 to 800,Mar-23
THE MINTON,HOUGANG STREET 11,19,Non-Landed Properties,3,"4,500",170 to 180,"1,800 to 1,900",Mar-23
LA FIESTA,SENGKANG SQUARE,19,Non-Landed Properties,2,"4,000",90 to 100,"900 to 1,000",Mar-23
LA FIESTA,SENGKANG SQUARE,19,Non-Landed Properties,1,"3,200",40 to 50,400 to 500,Mar-23
RIVERSAILS,UPPER SERANGOON CRESCENT,19,Non-Landed Properties,3,"4,800",120 to 130,"1,300 to 1,400",Mar-23
COMPASS HEIGHTS,SENGKANG SQUARE,19,Non-Landed Properties,2,"3,800",90 to 100,"900 to 1,000",Mar-23
PARC VERA,HOUGANG STREET 32,19,Non-Landed Properties,2,"3,700",70 to 80,700 to 800,Mar-23
CASA CAMBIO,LIM TUA TOW ROAD,19,Non-Landed Properties,2,"4,400",90 to 100,"900 to 1,000",Mar-23
SUITES @ PAYA LEBAR,UPPER PAYA LEBAR ROAD,19,Non-Landed Properties,1,"4,000",110 to 120,"1,200 to 1,300",Mar-23
THE PROMENADE@PELIKAT,JALAN PELIKAT,19,Non-Landed Properties,1,"2,100",40 to 50,500 to 600,Mar-23
TAI PENG GARDENS,UPPER SERANGOON ROAD,19,Non-Landed Properties,NA,"5,500",90 to 100,"1,000 to 1,100",Mar-23
KINGSFORD WATERBAY,UPPER SERANGOON VIEW,19,Non-Landed Properties,1,"2,500",40 to 50,400 to 500,Mar-23
KINGSFORD WATERBAY,UPPER SERANGOON VIEW,19,Non-Landed Properties,3,"4,000",80 to 90,800 to 900,Mar-23
LA FIESTA,SENGKANG SQUARE,19,Non-Landed Properties,2,"3,800",70 to 80,700 to 800,Mar-23
SUITES @ PAYA LEBAR,UPPER PAYA LEBAR ROAD,19,Non-Landed Properties,2,"3,700",60 to 70,600 to 700,Mar-23
CHILTERN PARK,SERANGOON AVENUE 3,19,Non-Landed Properties,3,"5,500",140 to 150,"1,500 to 1,600",Mar-23
A TREASURE TROVE,PUNGGOL WALK,19,Non-Landed Properties,3,"4,750",90 to 100,"1,000 to 1,100",Mar-23
RIVERSAILS,UPPER SERANGOON CRESCENT,19,Non-Landed Properties,1,"3,000",40 to 50,500 to 600,Mar-23
KOVAN MELODY,KOVAN ROAD,19,Non-Landed Properties,3,"4,200",100 to 110,"1,100 to 1,200",Mar-23
THE TEMBUSU,TAMPINES ROAD,19,Non-Landed Properties,4,"6,000",120 to 130,"1,300 to 1,400",Mar-23
THE GARDEN RESIDENCES,SERANGOON NORTH VIEW,19,Non-Landed Properties,2,"3,950",50 to 60,600 to 700,Mar-23
THE QUINN,BARTLEY ROAD,19,Non-Landed Properties,2,"4,000",70 to 80,700 to 800,Mar-23
JEWEL @ BUANGKOK,COMPASSVALE BOW,19,Non-Landed Properties,3,"3,800",80 to 90,800 to 900,Mar-23
WATERTOWN,PUNGGOL CENTRAL,19,Non-Landed Properties,1,"3,500",50 to 60,500 to 600,Mar-23
CHUAN PARK (DEMOLISHED),LORONG CHUAN,19,Non-Landed Properties,2,"2,100",110 to 120,"1,200 to 1,300",Mar-23
SANCTUARY @ 813,UPPER SERANGOON ROAD,19,Non-Landed Properties,1,"2,200",40 to 50,400 to 500,Mar-23
THE LUXURIE,COMPASSVALE ROAD,19,Non-Landed Properties,3,"5,300",160 to 170,"1,700 to 1,800",Mar-23
URBAN RESIDENCES,LORONG AH SOO,19,Non-Landed Properties,1,"2,000",40 to 50,500 to 600,Mar-23
KOVAN GRANDEUR,TAMPINES ROAD,19,Non-Landed Properties,NA,"2,500",30 to 40,300 to 400,Mar-23
THE PROMENADE@PELIKAT,JALAN PELIKAT,19,Non-Landed Properties,2,"3,250",50 to 60,600 to 700,Mar-23
RIVERVALE CREST,RIVERVALE CRESCENT,19,Non-Landed Properties,3,"4,300",100 to 110,"1,100 to 1,200",Mar-23
SPACE @ KOVAN,YIO CHU KANG ROAD,19,Non-Landed Properties,1,"1,800",30 to 40,400 to 500,Mar-23
SUITES @ KOVAN,UPPER SERANGOON ROAD,19,Non-Landed Properties,2,"3,700",70 to 80,800 to 900,Mar-23
SUITES @ PAYA LEBAR,UPPER PAYA LEBAR ROAD,19,Non-Landed Properties,NA,"2,600",30 to 40,300 to 400,Mar-23
GAMBIR RIDGE,GAMBIR WALK,19,Non-Landed Properties,4,"5,900",110 to 120,"1,200 to 1,300",Mar-23
KINGSFORD WATERBAY,UPPER SERANGOON VIEW,19,Non-Landed Properties,2,"3,500",60 to 70,600 to 700,Mar-23
THE GARDEN RESIDENCES,SERANGOON NORTH VIEW,19,Non-Landed Properties,2,"4,000",50 to 60,600 to 700,Mar-23
THE GAZANIA,HOW SUN DRIVE,19,Non-Landed Properties,NA,"3,500",40 to 50,400 to 500,Mar-23
URBAN RESIDENCES,LORONG AH SOO,19,Non-Landed Properties,1,"2,100",40 to 50,400 to 500,Mar-23
LA FIESTA,SENGKANG SQUARE,19,Non-Landed Properties,3,"4,000",70 to 80,800 to 900,Mar-23
WATERTOWN,PUNGGOL CENTRAL,19,Non-Landed Properties,3,"5,700",100 to 110,"1,100 to 1,200",Mar-23
JEWEL @ BUANGKOK,COMPASSVALE BOW,19,Non-Landed Properties,1,"3,000",40 to 50,400 to 500,Mar-23
WATERTOWN,PUNGGOL CENTRAL,19,Non-Landed Properties,1,"3,000",40 to 50,500 to 600,Mar-23
CHILTERN PARK,SERANGOON AVENUE 3,19,Non-Landed Properties,2,"4,100",100 to 110,"1,000 to 1,100",Mar-23
ISUITES @ PALM,GLASGOW ROAD,19,Non-Landed Properties,2,"3,250",50 to 60,600 to 700,Mar-23
JEWEL @ BUANGKOK,COMPASSVALE BOW,19,Non-Landed Properties,3,"4,800",100 to 110,"1,100 to 1,200",Mar-23
RIVERSAILS,UPPER SERANGOON CRESCENT,19,Non-Landed Properties,2,"4,000",80 to 90,"900 to 1,000",Mar-23
THE GARDEN RESIDENCES,SERANGOON NORTH VIEW,19,Non-Landed Properties,1,"3,350",40 to 50,500 to 600,Mar-23
PARC VERA,HOUGANG STREET 32,19,Non-Landed Properties,2,"3,500",60 to 70,700 to 800,Mar-23
THE MINTON,HOUGANG STREET 11,19,Non-Landed Properties,NA,"2,600",50 to 60,500 to 600,Mar-23
REGENTVILLE,HOUGANG STREET 92,19,Non-Landed Properties,2,"3,500",90 to 100,"900 to 1,000",Mar-23
THE VUE,UPPER PAYA LEBAR ROAD,19,Non-Landed Properties,3,"3,400",80 to 90,800 to 900,Mar-23
BOATHOUSE RESIDENCES,UPPER SERANGOON VIEW,19,Non-Landed Properties,3,"4,500",100 to 110,"1,100 to 1,200",Mar-23
WATERTOWN,PUNGGOL CENTRAL,19,Non-Landed Properties,1,"3,500",50 to 60,500 to 600,Mar-23
A TREASURE TROVE,PUNGGOL WALK,19,Non-Landed Properties,2,"2,250",70 to 80,700 to 800,Mar-23
KOVAN MELODY,KOVAN ROAD,19,Non-Landed Properties,2,"4,300",70 to 80,800 to 900,Mar-23
ROSYTH VILLE,ROSYTH ROAD,19,Non-Landed Properties,3,"4,700",90 to 100,"1,000 to 1,100",Mar-23
KINGSFORD WATERBAY,UPPER SERANGOON VIEW,19,Non-Landed Properties,2,"3,550",60 to 70,600 to 700,Mar-23
THE MINTON,HOUGANG STREET 11,19,Non-Landed Properties,2,"4,100",100 to 110,"1,000 to 1,100",Mar-23
JEWEL @ BUANGKOK,COMPASSVALE BOW,19,Non-Landed Properties,1,"2,750",40 to 50,400 to 500,Mar-23
FRAGRANT GARDENS,UPPER PAYA LEBAR ROAD,19,Non-Landed Properties,4,"4,400",190 to 200,"2,100 to 2,200",Mar-23
ROSALIA PARK,LORONG ONG LYE,19,Non-Landed Properties,3,"4,100",130 to 140,"1,400 to 1,500",Mar-23
LA FIESTA,SENGKANG SQUARE,19,Non-Landed Properties,3,"4,350",80 to 90,800 to 900,Mar-23
PARC CENTROS,PUNGGOL CENTRAL,19,Non-Landed Properties,1,"3,000",40 to 50,400 to 500,Mar-23
LA FIESTA,SENGKANG SQUARE,19,Non-Landed Properties,3,"4,600",90 to 100,"1,000 to 1,100",Mar-23
SANCTUARY @ 813,UPPER SERANGOON ROAD,19,Non-Landed Properties,2,"3,600",70 to 80,700 to 800,Mar-23
RIVERSAILS,UPPER SERANGOON CRESCENT,19,Non-Landed Properties,2,"3,800",80 to 90,800 to 900,Mar-23
RIO VISTA,UPPER SERANGOON VIEW,19,Non-Landed Properties,3,"4,500",110 to 120,"1,200 to 1,300",Mar-23
KOVAN REGENCY,KOVAN RISE,19,Non-Landed Properties,3,"6,000",100 to 110,"1,100 to 1,200",Mar-23
A TREASURE TROVE,PUNGGOL WALK,19,Non-Landed Properties,2,"3,500",70 to 80,700 to 800,Mar-23
COMPASS HEIGHTS,SENGKANG SQUARE,19,Non-Landed Properties,3,"3,900",120 to 130,"1,300 to 1,400",Mar-23
STADIA,YIO CHU KANG ROAD,19,Non-Landed Properties,2,"4,000",80 to 90,"900 to 1,000",Mar-23
COMPASS HEIGHTS,SENGKANG SQUARE,19,Non-Landed Properties,3,"4,000",110 to 120,"1,200 to 1,300",Mar-23
RIVER ISLES,EDGEDALE PLAINS,19,Non-Landed Properties,NA,"1,900",40 to 50,400 to 500,Mar-23
FOREST WOODS,LORONG LEW LIAN,19,Non-Landed Properties,2,"4,500",60 to 70,600 to 700,Mar-23
THE LUXURIE,COMPASSVALE ROAD,19,Non-Landed Properties,2,"4,000",60 to 70,700 to 800,Mar-23
TAI PENG GARDENS,UPPER SERANGOON ROAD,19,Non-Landed Properties,NA,"3,100",80 to 90,"900 to 1,000",Mar-23
STARS OF KOVAN,UPPER SERANGOON ROAD,19,Non-Landed Properties,3,"4,500",90 to 100,"900 to 1,000",Mar-23
THE MINTON,HOUGANG STREET 11,19,Non-Landed Properties,2,"4,200",100 to 110,"1,000 to 1,100",Mar-23
TAI PENG GARDENS,UPPER SERANGOON ROAD,19,Non-Landed Properties,NA,"3,000",90 to 100,"900 to 1,000",Mar-23
COMPASS HEIGHTS,SENGKANG SQUARE,19,Non-Landed Properties,1,"2,800",60 to 70,600 to 700,Mar-23
CHERRYHILL,LORONG LEW LIAN,19,Non-Landed Properties,3,"3,500",140 to 150,"1,500 to 1,600",Mar-23
TANGERINE GROVE,PAYA LEBAR CRESCENT,19,Non-Landed Properties,2,"3,500",80 to 90,"900 to 1,000",Mar-23
THE SPRINGBLOOM,SERANGOON AVENUE 3,19,Non-Landed Properties,2,"3,800",100 to 110,"1,100 to 1,200",Mar-23
KINGSFORD WATERBAY,UPPER SERANGOON VIEW,19,Non-Landed Properties,1,"2,500",40 to 50,400 to 500,Mar-23
FOREST WOODS,LORONG LEW LIAN,19,Non-Landed Properties,3,"4,200",70 to 80,700 to 800,Mar-23
ROSYTH RESIDENCE,ROSYTH ROAD,19,Non-Landed Properties,2,"3,500",80 to 90,"900 to 1,000",Mar-23
FOREST WOODS,LORONG LEW LIAN,19,Non-Landed Properties,4,"7,000",110 to 120,"1,200 to 1,300",Mar-23
THE TEMBUSU,TAMPINES ROAD,19,Non-Landed Properties,3,"4,000",90 to 100,"1,000 to 1,100",Mar-23
ISUITES @ PALM,GLASGOW ROAD,19,Non-Landed Properties,2,"2,600",70 to 80,800 to 900,Mar-23
COMPASS HEIGHTS,SENGKANG SQUARE,19,Non-Landed Properties,3,"3,600",110 to 120,"1,200 to 1,300",Mar-23
FOREST WOODS,LORONG LEW LIAN,19,Non-Landed Properties,NA,"6,000",110 to 120,"1,200 to 1,300",Mar-23
NON-LANDED HOUSING DEVELOPMENT,PILLAI ROAD,19,Non-Landed Properties,NA,"4,500",100 to 110,"1,000 to 1,100",Mar-23
NON-LANDED HOUSING DEVELOPMENT,UPPER SERANGOON ROAD,19,Non-Landed Properties,NA,"3,800",130 to 140,"1,400 to 1,500",Mar-23
NON-LANDED HOUSING DEVELOPMENT,UPPER SERANGOON ROAD,19,Non-Landed Properties,NA,"3,000",100 to 110,"1,000 to 1,100",Mar-23
NON-LANDED HOUSING DEVELOPMENT,LIM TUA TOW ROAD,19,Non-Landed Properties,NA,"2,000",70 to 80,800 to 900,Mar-23
NON-LANDED HOUSING DEVELOPMENT,UPPER SERANGOON ROAD,19,Non-Landed Properties,NA,"3,000",90 to 100,"1,000 to 1,100",Mar-23
NON-LANDED HOUSING DEVELOPMENT,UPPER SERANGOON ROAD,19,Non-Landed Properties,NA,"3,000",90 to 100,"1,000 to 1,100",Mar-23
KOVAN MELODY,KOVAN ROAD,19,Non-Landed Properties,2,"4,000",70 to 80,800 to 900,Mar-23
LA FIESTA,SENGKANG SQUARE,19,Non-Landed Properties,3,"5,000",90 to 100,"1,000 to 1,100",Mar-23
THE MINTON,HOUGANG STREET 11,19,Non-Landed Properties,2,"4,900",90 to 100,"900 to 1,000",Mar-23
TRILIVE,TAMPINES ROAD,19,Non-Landed Properties,3,"4,250",80 to 90,"900 to 1,000",Mar-23
CHUAN PARK (DEMOLISHED),LORONG CHUAN,19,Non-Landed Properties,2,"1,800",50 to 60,600 to 700,Mar-23
CENTRAL VIEW,HOUGANG STREET 11,19,Non-Landed Properties,3,"3,800",110 to 120,"1,100 to 1,200",Mar-23
STARS OF KOVAN,UPPER SERANGOON ROAD,19,Non-Landed Properties,2,"4,300",60 to 70,700 to 800,Mar-23
A TREASURE TROVE,PUNGGOL WALK,19,Non-Landed Properties,2,"3,500",70 to 80,700 to 800,Mar-23
SERANGOON GARDEN ESTATE,MAJU AVENUE,19,Non-Landed Properties,NA,"6,800",260 to 270,"2,800 to 2,900",Mar-23
THE PROMENADE@PELIKAT,JALAN PELIKAT,19,Non-Landed Properties,1,"2,100",40 to 50,400 to 500,Mar-23
RIVERSAILS,UPPER SERANGOON CRESCENT,19,Non-Landed Properties,2,"2,700",80 to 90,"900 to 1,000",Mar-23
NON-LANDED HOUSING DEVELOPMENT,EDEN GROVE,19,Non-Landed Properties,3,"5,000",100 to 110,"1,100 to 1,200",Mar-23
SPACE @ KOVAN,YIO CHU KANG ROAD,19,Non-Landed Properties,2,"4,000",90 to 100,"1,000 to 1,100",Mar-23
THE GAZANIA,HOW SUN DRIVE,19,Non-Landed Properties,NA,"3,500",40 to 50,400 to 500,Mar-23
FLO RESIDENCE,PUNGGOL FIELD WALK,19,Non-Landed Properties,3,"4,600",80 to 90,"900 to 1,000",Mar-23
THE MINTON,HOUGANG STREET 11,19,Non-Landed Properties,2,"5,600",140 to 150,"1,500 to 1,600",Mar-23
KOVAN MELODY,KOVAN ROAD,19,Non-Landed Properties,2,"4,000",80 to 90,"900 to 1,000",Mar-23
LA FIESTA,SENGKANG SQUARE,19,Non-Landed Properties,3,"4,000",70 to 80,800 to 900,Mar-23
KOVAN REGENCY,KOVAN RISE,19,Non-Landed Properties,3,"3,500",100 to 110,"1,100 to 1,200",Mar-23
PARC VERA,HOUGANG STREET 32,19,Non-Landed Properties,2,"3,500",70 to 80,700 to 800,Mar-23
THE SCALA,SERANGOON AVENUE 3,19,Non-Landed Properties,2,"4,800",70 to 80,800 to 900,Mar-23
RIVERSAILS,UPPER SERANGOON CRESCENT,19,Non-Landed Properties,1,"2,400",40 to 50,500 to 600,Mar-23
MIDTOWN RESIDENCES,UPPER SERANGOON ROAD,19,Non-Landed Properties,2,"4,600",80 to 90,800 to 900,Mar-23
WATERTOWN,PUNGGOL CENTRAL,19,Non-Landed Properties,NA,"3,300",50 to 60,500 to 600,Mar-23
KJ MANSION,ROSYTH ROAD,19,Non-Landed Properties,3,"5,300",140 to 150,"1,500 to 1,600",Mar-23
FOREST WOODS,LORONG LEW LIAN,19,Non-Landed Properties,NA,"3,350",60 to 70,600 to 700,Mar-23
THE LUXURIE,COMPASSVALE ROAD,19,Non-Landed Properties,2,"3,400",70 to 80,700 to 800,Mar-23
KINGSFORD WATERBAY,UPPER SERANGOON VIEW,19,Non-Landed Properties,3,"3,600",80 to 90,"900 to 1,000",Mar-23
VIBES @ KOVAN,KOVAN ROAD,19,Non-Landed Properties,2,"2,800",80 to 90,800 to 900,Mar-23
OASIS GARDEN,JALAN BUNGA RAMPAI,19,Non-Landed Properties,2,"3,700",80 to 90,"900 to 1,000",Mar-23
THE QUINN,BARTLEY ROAD,19,Non-Landed Properties,1,"2,500",50 to 60,500 to 600,Mar-23
RIO VISTA,UPPER SERANGOON VIEW,19,Non-Landed Properties,3,"4,000",110 to 120,"1,200 to 1,300",Mar-23
WATERTOWN,PUNGGOL CENTRAL,19,Non-Landed Properties,NA,"3,600",50 to 60,600 to 700,Mar-23
THE LUXURIE,COMPASSVALE ROAD,19,Non-Landed Properties,2,"4,200",70 to 80,700 to 800,Mar-23
THE QUARTZ,COMPASSVALE BOW,19,Non-Landed Properties,NA,"4,200",90 to 100,"1,000 to 1,100",Mar-23
SPAZIO @ KOVAN,UPPER SERANGOON ROAD,19,Non-Landed Properties,3,"3,000",70 to 80,700 to 800,Mar-23
KINGSFORD WATERBAY,UPPER SERANGOON VIEW,19,Non-Landed Properties,2,"3,600",60 to 70,600 to 700,Mar-23
KINGSFORD WATERBAY,UPPER SERANGOON VIEW,19,Non-Landed Properties,1,"3,200",40 to 50,400 to 500,Mar-23
THE SPRINGBLOOM,SERANGOON AVENUE 3,19,Non-Landed Properties,4,"6,500",140 to 150,"1,600 to 1,700",Mar-23
WATERTOWN,PUNGGOL CENTRAL,19,Non-Landed Properties,2,"3,800",70 to 80,800 to 900,Mar-23
KINGSFORD WATERBAY,UPPER SERANGOON VIEW,19,Non-Landed Properties,2,"3,500",60 to 70,600 to 700,Mar-23
WATERTOWN,PUNGGOL CENTRAL,19,Non-Landed Properties,1,"3,800",50 to 60,500 to 600,Mar-23
LA FIESTA,SENGKANG SQUARE,19,Non-Landed Properties,2,"4,000",60 to 70,700 to 800,Mar-23
GOLDEN HEIGHTS,SERANGOON AVENUE 3,19,Non-Landed Properties,3,"3,800",110 to 120,"1,200 to 1,300",Mar-23
RIVER ISLES,EDGEDALE PLAINS,19,Non-Landed Properties,3,"4,100",80 to 90,800 to 900,Mar-23
RIVERSOUND RESIDENCE,SENGKANG EAST AVENUE,19,Non-Landed Properties,3,"3,800",80 to 90,"900 to 1,000",Mar-23
TAI PENG GARDENS,UPPER SERANGOON ROAD,19,Non-Landed Properties,NA,"4,500",90 to 100,"900 to 1,000",Mar-23
THE FLORENTINE,FLORENCE ROAD,19,Non-Landed Properties,2,"3,700",80 to 90,"900 to 1,000",Feb-23
A TREASURE TROVE,PUNGGOL WALK,19,Non-Landed Properties,3,"4,300",90 to 100,"1,000 to 1,100",Feb-23
SPACE @ KOVAN,YIO CHU KANG ROAD,19,Non-Landed Properties,2,"3,200",50 to 60,500 to 600,Feb-23
CARDIFF RESIDENCE,CARDIFF GROVE,19,Non-Landed Properties,1,"2,600",30 to 40,400 to 500,Feb-23
VIBES @ KOVAN,KOVAN ROAD,19,Non-Landed Properties,1,"2,700",30 to 40,300 to 400,Feb-23
CHILTERN PARK,SERANGOON AVENUE 3,19,Non-Landed Properties,2,"4,200",80 to 90,"900 to 1,000",Feb-23
CHERRYHILL,LORONG LEW LIAN,19,Non-Landed Properties,3,"3,400",130 to 140,"1,400 to 1,500",Feb-23
BARTLEY RESIDENCES,LORONG HOW SUN,19,Non-Landed Properties,1,"3,200",40 to 50,400 to 500,Feb-23
LA FIESTA,SENGKANG SQUARE,19,Non-Landed Properties,1,"2,500",40 to 50,500 to 600,Feb-23
CARDIFF RESIDENCE,CARDIFF GROVE,19,Non-Landed Properties,1,"3,000",40 to 50,400 to 500,Feb-23
VIBES@UPPER SERANGOON,UPPER SERANGOON ROAD,19,Non-Landed Properties,2,"3,450",60 to 70,700 to 800,Feb-23
KOVAN MELODY,KOVAN ROAD,19,Non-Landed Properties,3,"5,000",100 to 110,"1,100 to 1,200",Feb-23
NAUNG RESIDENCE,JALAN NAUNG,19,Non-Landed Properties,1,"3,500",50 to 60,500 to 600,Feb-23
THE GAZANIA,HOW SUN DRIVE,19,Non-Landed Properties,NA,"3,550",40 to 50,400 to 500,Feb-23
BOTANIQUE AT BARTLEY,UPPER PAYA LEBAR ROAD,19,Non-Landed Properties,1,"3,300",40 to 50,400 to 500,Feb-23
THE TEMBUSU,TAMPINES ROAD,19,Non-Landed Properties,1,"3,300",40 to 50,400 to 500,Feb-23
KOVAN GRANDEUR,TAMPINES ROAD,19,Non-Landed Properties,NA,"1,800",30 to 40,300 to 400,Feb-23
SPACE @ KOVAN,YIO CHU KANG ROAD,19,Non-Landed Properties,2,"3,100",50 to 60,500 to 600,Feb-23
BARTLEY RESIDENCES,LORONG HOW SUN,19,Non-Landed Properties,2,"3,900",80 to 90,800 to 900,Feb-23
COMPASS HEIGHTS,SENGKANG SQUARE,19,Non-Landed Properties,1,"3,000",60 to 70,600 to 700,Feb-23
SUNGLADE,SERANGOON AVENUE 2,19,Non-Landed Properties,2,"5,000",80 to 90,"900 to 1,000",Feb-23
A TREASURE TROVE,PUNGGOL WALK,19,Non-Landed Properties,2,"3,900",70 to 80,700 to 800,Feb-23
KINGSFORD WATERBAY,UPPER SERANGOON VIEW,19,Non-Landed Properties,3,"3,500",80 to 90,800 to 900,Feb-23
THE SCALA,SERANGOON AVENUE 3,19,Non-Landed Properties,2,"4,650",70 to 80,800 to 900,Feb-23
KINGSFORD WATERBAY,UPPER SERANGOON VIEW,19,Non-Landed Properties,1,"2,600",40 to 50,400 to 500,Feb-23
THE GAZANIA,HOW SUN DRIVE,19,Non-Landed Properties,NA,"3,500",40 to 50,400 to 500,Feb-23
RIVERSAILS,UPPER SERANGOON CRESCENT,19,Non-Landed Properties,2,"4,000",80 to 90,"900 to 1,000",Feb-23
KOVAN RESIDENCES,KOVAN ROAD,19,Non-Landed Properties,4,"7,000",130 to 140,"1,400 to 1,500",Feb-23
CHUAN PARK (DEMOLISHED),LORONG CHUAN,19,Non-Landed Properties,2,"3,100",110 to 120,"1,200 to 1,300",Feb-23
CENTRAL VIEW,HOUGANG STREET 11,19,Non-Landed Properties,3,"4,800",100 to 110,"1,100 to 1,200",Feb-23
BARTLEY RESIDENCES,LORONG HOW SUN,19,Non-Landed Properties,2,"3,500",70 to 80,700 to 800,Feb-23
FOREST WOODS,LORONG LEW LIAN,19,Non-Landed Properties,NA,"3,150",40 to 50,500 to 600,Feb-23
LA FIESTA,SENGKANG SQUARE,19,Non-Landed Properties,3,"4,200",70 to 80,800 to 900,Feb-23
KINGSFORD WATERBAY,UPPER SERANGOON VIEW,19,Non-Landed Properties,3,"4,800",90 to 100,"1,000 to 1,100",Feb-23
TRILIVE,TAMPINES ROAD,19,Non-Landed Properties,2,"3,400",60 to 70,600 to 700,Feb-23
KINGSFORD WATERBAY,UPPER SERANGOON VIEW,19,Non-Landed Properties,1,"3,000",40 to 50,400 to 500,Feb-23
WATERTOWN,PUNGGOL CENTRAL,19,Non-Landed Properties,2,"4,100",80 to 90,"900 to 1,000",Feb-23
JADE RESIDENCES,LEW LIAN VALE,19,Non-Landed Properties,3,"4,000",60 to 70,700 to 800,Feb-23
BARTLEY RESIDENCES,LORONG HOW SUN,19,Non-Landed Properties,2,"3,500",70 to 80,700 to 800,Feb-23
JEWEL @ BUANGKOK,COMPASSVALE BOW,19,Non-Landed Properties,1,"3,050",40 to 50,500 to 600,Feb-23
FOREST WOODS,LORONG LEW LIAN,19,Non-Landed Properties,1,"3,250",40 to 50,500 to 600,Feb-23
LA FIESTA,SENGKANG SQUARE,19,Non-Landed Properties,2,"3,600",60 to 70,700 to 800,Feb-23
TRILIVE,TAMPINES ROAD,19,Non-Landed Properties,2,"3,300",50 to 60,500 to 600,Feb-23
KINGSFORD WATERBAY,UPPER SERANGOON VIEW,19,Non-Landed Properties,4,"5,000",110 to 120,"1,200 to 1,300",Feb-23
BARTLEY RESIDENCES,LORONG HOW SUN,19,Non-Landed Properties,3,"5,000",100 to 110,"1,000 to 1,100",Feb-23
BARTLEY RESIDENCES,LORONG HOW SUN,19,Non-Landed Properties,1,"3,300",40 to 50,400 to 500,Feb-23
CASA CAMBIO,LIM TUA TOW ROAD,19,Non-Landed Properties,2,"3,500",60 to 70,600 to 700,Feb-23
FOREST WOODS,LORONG LEW LIAN,19,Non-Landed Properties,1,"3,500",40 to 50,500 to 600,Feb-23
THE GAZANIA,HOW SUN DRIVE,19,Non-Landed Properties,NA,"3,500",40 to 50,400 to 500,Feb-23
THE MINTON,HOUGANG STREET 11,19,Non-Landed Properties,2,"4,100",90 to 100,"900 to 1,000",Feb-23
JEWEL @ BUANGKOK,COMPASSVALE BOW,19,Non-Landed Properties,2,"3,700",70 to 80,700 to 800,Feb-23
WATERTOWN,PUNGGOL CENTRAL,19,Non-Landed Properties,1,"3,600",50 to 60,500 to 600,Feb-23
PARC CENTROS,PUNGGOL CENTRAL,19,Non-Landed Properties,1,"3,200",40 to 50,400 to 500,Feb-23
STARS OF KOVAN,UPPER SERANGOON ROAD,19,Non-Landed Properties,2,"4,500",60 to 70,700 to 800,Feb-23
TRILIVE,TAMPINES ROAD,19,Non-Landed Properties,2,"3,500",60 to 70,600 to 700,Feb-23
TRILIVE,TAMPINES ROAD,19,Non-Landed Properties,2,"3,300",50 to 60,500 to 600,Feb-23
BOTANIQUE AT BARTLEY,UPPER PAYA LEBAR ROAD,19,Non-Landed Properties,2,"4,000",60 to 70,600 to 700,Feb-23
CASA CAMBIO,LIM TUA TOW ROAD,19,Non-Landed Properties,2,"3,000",40 to 50,400 to 500,Feb-23
BARTLEY RESIDENCES,LORONG HOW SUN,19,Non-Landed Properties,1,"3,200",40 to 50,400 to 500,Feb-23
SUNGLADE,SERANGOON AVENUE 2,19,Non-Landed Properties,2,"3,600",70 to 80,700 to 800,Feb-23
THE YARDLEY,UPPER SERANGOON ROAD,19,Non-Landed Properties,3,"5,800",110 to 120,"1,200 to 1,300",Feb-23
A TREASURE TROVE,PUNGGOL WALK,19,Non-Landed Properties,3,"4,500",90 to 100,"1,000 to 1,100",Feb-23
WATERTOWN,PUNGGOL CENTRAL,19,Non-Landed Properties,1,"3,000",50 to 60,500 to 600,Feb-23
KOVAN REGENCY,KOVAN RISE,19,Non-Landed Properties,3,"4,900",90 to 100,"900 to 1,000",Feb-23
FLO RESIDENCE,PUNGGOL FIELD WALK,19,Non-Landed Properties,3,"5,488",90 to 100,"1,000 to 1,100",Feb-23
SPACE @ KOVAN,YIO CHU KANG ROAD,19,Non-Landed Properties,3,"3,900",80 to 90,800 to 900,Feb-23
LA FIESTA,SENGKANG SQUARE,19,Non-Landed Properties,3,"4,800",90 to 100,"900 to 1,000",Feb-23
THE GARDEN RESIDENCES,SERANGOON NORTH VIEW,19,Non-Landed Properties,3,"5,200",80 to 90,"900 to 1,000",Feb-23
WATERTOWN,PUNGGOL CENTRAL,19,Non-Landed Properties,4,"5,800",120 to 130,"1,300 to 1,400",Feb-23
PRESTIGE POINT,UPPER PAYA LEBAR ROAD,19,Non-Landed Properties,2,"2,000",60 to 70,600 to 700,Feb-23
KOVAN ESQUIRE,KOVAN ROAD,19,Non-Landed Properties,3,"2,800",100 to 110,"1,000 to 1,100",Feb-23
STARS OF KOVAN,UPPER SERANGOON ROAD,19,Non-Landed Properties,1,"3,500",40 to 50,500 to 600,Feb-23
THE SCALA,SERANGOON AVENUE 3,19,Non-Landed Properties,2,"4,200",80 to 90,"900 to 1,000",Feb-23
FOREST WOODS,LORONG LEW LIAN,19,Non-Landed Properties,1,"3,000",40 to 50,500 to 600,Feb-23
BARTLEY RESIDENCES,LORONG HOW SUN,19,Non-Landed Properties,1,"3,000",40 to 50,400 to 500,Feb-23
KOVAN REGENCY,KOVAN RISE,19,Non-Landed Properties,2,"3,000",50 to 60,600 to 700,Feb-23
BARTLEY RESIDENCES,LORONG HOW SUN,19,Non-Landed Properties,1,"3,000",40 to 50,400 to 500,Feb-23
FOREST WOODS,LORONG LEW LIAN,19,Non-Landed Properties,NA,"3,500",40 to 50,500 to 600,Feb-23
THE LUXURIE,COMPASSVALE ROAD,19,Non-Landed Properties,3,"4,300",90 to 100,"1,000 to 1,100",Feb-23
THE LUXURIE,COMPASSVALE ROAD,19,Non-Landed Properties,2,"3,550",60 to 70,700 to 800,Feb-23
THE GAZANIA,HOW SUN DRIVE,19,Non-Landed Properties,NA,"3,600",40 to 50,400 to 500,Feb-23
THE PROMENADE@PELIKAT,JALAN PELIKAT,19,Non-Landed Properties,1,"1,850",40 to 50,400 to 500,Feb-23
CHERRYHILL,LORONG LEW LIAN,19,Non-Landed Properties,2,"2,500",90 to 100,"900 to 1,000",Feb-23
FOREST WOODS,LORONG LEW LIAN,19,Non-Landed Properties,2,"4,300",50 to 60,600 to 700,Feb-23
BOTANIQUE AT BARTLEY,UPPER PAYA LEBAR ROAD,19,Non-Landed Properties,2,"4,300",70 to 80,700 to 800,Feb-23
CHOON KIM HOUSE,UPPER SERANGOON ROAD,19,Non-Landed Properties,3,"3,800",120 to 130,"1,300 to 1,400",Feb-23
KOVAN REGENCY,KOVAN RISE,19,Non-Landed Properties,2,"3,300",50 to 60,500 to 600,Feb-23
STARS OF KOVAN,UPPER SERANGOON ROAD,19,Non-Landed Properties,1,"2,900",40 to 50,500 to 600,Feb-23
BARTLEY RESIDENCES,LORONG HOW SUN,19,Non-Landed Properties,3,"4,800",90 to 100,"1,000 to 1,100",Feb-23
KOVAN MELODY,KOVAN ROAD,19,Non-Landed Properties,3,"3,900",100 to 110,"1,100 to 1,200",Feb-23
THE TEMBUSU,TAMPINES ROAD,19,Non-Landed Properties,2,"4,200",70 to 80,700 to 800,Feb-23
STARS OF KOVAN,UPPER SERANGOON ROAD,19,Non-Landed Properties,3,"5,200",80 to 90,"900 to 1,000",Feb-23
KINGSFORD WATERBAY,UPPER SERANGOON VIEW,19,Non-Landed Properties,3,"4,200",70 to 80,800 to 900,Feb-23
RIVERSOUND RESIDENCE,SENGKANG EAST AVENUE,19,Non-Landed Properties,4,"5,000",120 to 130,"1,200 to 1,300",Feb-23
BOTANIQUE AT BARTLEY,UPPER PAYA LEBAR ROAD,19,Non-Landed Properties,1,"3,500",40 to 50,400 to 500,Feb-23
WATERTOWN,PUNGGOL CENTRAL,19,Non-Landed Properties,2,"4,100",80 to 90,"900 to 1,000",Feb-23
STADIA,YIO CHU KANG ROAD,19,Non-Landed Properties,1,"3,400",50 to 60,500 to 600,Feb-23
LA FIESTA,SENGKANG SQUARE,19,Non-Landed Properties,2,"3,550",60 to 70,700 to 800,Feb-23
BOTANIQUE AT BARTLEY,UPPER PAYA LEBAR ROAD,19,Non-Landed Properties,2,"3,800",60 to 70,700 to 800,Feb-23
LA FIESTA,SENGKANG SQUARE,19,Non-Landed Properties,2,"4,000",70 to 80,700 to 800,Feb-23
GLASGOW RESIDENCE,GLASGOW ROAD,19,Non-Landed Properties,2,"2,700",60 to 70,600 to 700,Feb-23
WATERTOWN,PUNGGOL CENTRAL,19,Non-Landed Properties,2,"3,200",80 to 90,"900 to 1,000",Feb-23
CHUAN PARK (DEMOLISHED),LORONG CHUAN,19,Non-Landed Properties,2,"3,150",100 to 110,"1,100 to 1,200",Feb-23
FOREST WOODS,LORONG LEW LIAN,19,Non-Landed Properties,NA,"3,400",40 to 50,500 to 600,Feb-23
BARTLEY RESIDENCES,LORONG HOW SUN,19,Non-Landed Properties,3,"5,400",100 to 110,"1,000 to 1,100",Feb-23
LA FIESTA,SENGKANG SQUARE,19,Non-Landed Properties,3,"4,200",90 to 100,"1,000 to 1,100",Feb-23
PARC CENTROS,PUNGGOL CENTRAL,19,Non-Landed Properties,2,"4,500",70 to 80,700 to 800,Feb-23
THE QUARTZ,COMPASSVALE BOW,19,Non-Landed Properties,NA,"4,900",100 to 110,"1,100 to 1,200",Feb-23
BOATHOUSE RESIDENCES,UPPER SERANGOON VIEW,19,Non-Landed Properties,2,"3,600",80 to 90,"900 to 1,000",Feb-23
THE QUINN,BARTLEY ROAD,19,Non-Landed Properties,1,"3,300",50 to 60,500 to 600,Feb-23
WATERTOWN,PUNGGOL CENTRAL,19,Non-Landed Properties,NA,"3,600",50 to 60,500 to 600,Feb-23
REGENTVILLE,HOUGANG STREET 92,19,Non-Landed Properties,3,"2,700",100 to 110,"1,100 to 1,200",Feb-23
LA FIESTA,SENGKANG SQUARE,19,Non-Landed Properties,3,"4,400",90 to 100,"1,000 to 1,100",Feb-23
THE GARDEN RESIDENCES,SERANGOON NORTH VIEW,19,Non-Landed Properties,2,"4,000",60 to 70,600 to 700,Feb-23
CHERRYHILL,LORONG LEW LIAN,19,Non-Landed Properties,3,"5,600",150 to 160,"1,600 to 1,700",Feb-23
KINGSFORD WATERBAY,UPPER SERANGOON VIEW,19,Non-Landed Properties,3,"5,800",140 to 150,"1,500 to 1,600",Feb-23
THE LUXURIE,COMPASSVALE ROAD,19,Non-Landed Properties,3,"3,200",90 to 100,"900 to 1,000",Feb-23
VIBES @ KOVAN,KOVAN ROAD,19,Non-Landed Properties,1,"2,200",30 to 40,400 to 500,Feb-23
TERRASSE,TERRASSE LANE,19,Non-Landed Properties,2,"4,200",70 to 80,800 to 900,Feb-23
BARTLEY RESIDENCES,LORONG HOW SUN,19,Non-Landed Properties,3,"5,400",90 to 100,"1,000 to 1,100",Feb-23
THE SCALA,SERANGOON AVENUE 3,19,Non-Landed Properties,3,"6,500",90 to 100,"1,000 to 1,100",Feb-23
THE GAZANIA,HOW SUN DRIVE,19,Non-Landed Properties,NA,"3,500",40 to 50,400 to 500,Feb-23
KENSINGTON SQUARE,JALAN LOKAM,19,Non-Landed Properties,2,"3,500",50 to 60,600 to 700,Feb-23
TERRASSE,TERRASSE LANE,19,Non-Landed Properties,2,"4,000",80 to 90,"900 to 1,000",Feb-23
BARTLEY RESIDENCES,LORONG HOW SUN,19,Non-Landed Properties,2,"3,500",100 to 110,"1,100 to 1,200",Feb-23
RIVER ISLES,EDGEDALE PLAINS,19,Non-Landed Properties,3,"4,500",100 to 110,"1,100 to 1,200",Feb-23
LA FIESTA,SENGKANG SQUARE,19,Non-Landed Properties,2,"3,800",70 to 80,700 to 800,Feb-23
THE LUXURIE,COMPASSVALE ROAD,19,Non-Landed Properties,2,"3,400",60 to 70,700 to 800,Feb-23
JANSEN 28,JANSEN ROAD,19,Non-Landed Properties,3,"2,500",100 to 110,"1,000 to 1,100",Feb-23
JEWEL @ BUANGKOK,COMPASSVALE BOW,19,Non-Landed Properties,2,"4,100",60 to 70,700 to 800,Feb-23
BLISS@KOVAN,SIMON LANE,19,Non-Landed Properties,2,"4,650",80 to 90,"900 to 1,000",Feb-23
THE GARDEN RESIDENCES,SERANGOON NORTH VIEW,19,Non-Landed Properties,3,"4,500",70 to 80,700 to 800,Feb-23
RIO VISTA,UPPER SERANGOON VIEW,19,Non-Landed Properties,3,"5,000",160 to 170,"1,700 to 1,800",Feb-23
COMPASS HEIGHTS,SENGKANG SQUARE,19,Non-Landed Properties,3,"4,400",210 to 220,"2,300 to 2,400",Feb-23
SPACE @ KOVAN,YIO CHU KANG ROAD,19,Non-Landed Properties,1,"3,200",30 to 40,300 to 400,Feb-23
CHUAN PARK (DEMOLISHED),LORONG CHUAN,19,Non-Landed Properties,2,"3,300",110 to 120,"1,200 to 1,300",Feb-23
BARTLEY RESIDENCES,LORONG HOW SUN,19,Non-Landed Properties,2,"3,350",80 to 90,800 to 900,Feb-23
THE SCALA,SERANGOON AVENUE 3,19,Non-Landed Properties,4,"7,500",110 to 120,"1,200 to 1,300",Feb-23
REGENTVILLE,HOUGANG STREET 92,19,Non-Landed Properties,2,"3,500",90 to 100,"900 to 1,000",Feb-23
STARS OF KOVAN,UPPER SERANGOON ROAD,19,Non-Landed Properties,1,"3,600",40 to 50,500 to 600,Feb-23
A TREASURE TROVE,PUNGGOL WALK,19,Non-Landed Properties,3,"4,300",110 to 120,"1,200 to 1,300",Feb-23
EDEN CREST,EDEN GROVE,19,Non-Landed Properties,3,"3,800",80 to 90,"900 to 1,000",Feb-23
FOREST WOODS,LORONG LEW LIAN,19,Non-Landed Properties,2,"3,800",50 to 60,600 to 700,Feb-23
PARC VERA,HOUGANG STREET 32,19,Non-Landed Properties,2,"3,600",70 to 80,700 to 800,Feb-23
CHILTERN PARK,SERANGOON AVENUE 3,19,Non-Landed Properties,3,"4,600",120 to 130,"1,300 to 1,400",Feb-23
KINGSFORD WATERBAY,UPPER SERANGOON VIEW,19,Non-Landed Properties,2,"3,450",60 to 70,600 to 700,Feb-23
A TREASURE TROVE,PUNGGOL WALK,19,Non-Landed Properties,3,"5,000",130 to 140,"1,300 to 1,400",Feb-23
MIDTOWN RESIDENCES,UPPER SERANGOON ROAD,19,Non-Landed Properties,2,"3,800",60 to 70,600 to 700,Feb-23
RIVERVALE CREST,RIVERVALE CRESCENT,19,Non-Landed Properties,3,"4,100",110 to 120,"1,200 to 1,300",Feb-23
CASA CAMBIO,LIM TUA TOW ROAD,19,Non-Landed Properties,2,"2,900",40 to 50,400 to 500,Feb-23
KINGSFORD WATERBAY,UPPER SERANGOON VIEW,19,Non-Landed Properties,1,"2,200",40 to 50,400 to 500,Feb-23
PRESTIGE POINT,UPPER PAYA LEBAR ROAD,19,Non-Landed Properties,2,"2,500",40 to 50,400 to 500,Feb-23
BARTLEY RESIDENCES,LORONG HOW SUN,19,Non-Landed Properties,2,"4,200",80 to 90,"900 to 1,000",Feb-23
FLO RESIDENCE,PUNGGOL FIELD WALK,19,Non-Landed Properties,3,"4,500",90 to 100,"1,000 to 1,100",Feb-23
KOVAN MELODY,KOVAN ROAD,19,Non-Landed Properties,3,"5,600",110 to 120,"1,200 to 1,300",Feb-23
NAUNG RESIDENCE,JALAN NAUNG,19,Non-Landed Properties,1,"2,800",50 to 60,500 to 600,Feb-23
JADE RESIDENCES,LEW LIAN VALE,19,Non-Landed Properties,2,"3,500",50 to 60,500 to 600,Feb-23
THE MINTON,HOUGANG STREET 11,19,Non-Landed Properties,2,"4,000",90 to 100,"900 to 1,000",Feb-23
LA DOLCE VITA,UPPER PAYA LEBAR ROAD,19,Non-Landed Properties,2,"4,500",100 to 110,"1,100 to 1,200",Feb-23
JEWEL @ BUANGKOK,COMPASSVALE BOW,19,Non-Landed Properties,3,"5,400",100 to 110,"1,100 to 1,200",Feb-23
PARC CENTROS,PUNGGOL CENTRAL,19,Non-Landed Properties,1,"3,100",40 to 50,400 to 500,Feb-23
REGENTVILLE,HOUGANG STREET 92,19,Non-Landed Properties,3,"3,300",100 to 110,"1,100 to 1,200",Feb-23
BOTANIQUE AT BARTLEY,UPPER PAYA LEBAR ROAD,19,Non-Landed Properties,2,"4,500",60 to 70,700 to 800,Feb-23
THE SCALA,SERANGOON AVENUE 3,19,Non-Landed Properties,4,"7,200",110 to 120,"1,200 to 1,300",Feb-23
BOTANIQUE AT BARTLEY,UPPER PAYA LEBAR ROAD,19,Non-Landed Properties,2,"4,500",60 to 70,700 to 800,Feb-23
BARTLEY RESIDENCES,LORONG HOW SUN,19,Non-Landed Properties,2,"4,700",80 to 90,800 to 900,Feb-23
TRILIVE,TAMPINES ROAD,19,Non-Landed Properties,2,"3,000",50 to 60,500 to 600,Feb-23
BARTLEY RESIDENCES,LORONG HOW SUN,19,Non-Landed Properties,2,"4,250",80 to 90,"900 to 1,000",Feb-23
BOTANIQUE AT BARTLEY,UPPER PAYA LEBAR ROAD,19,Non-Landed Properties,2,"3,500",60 to 70,700 to 800,Feb-23
THE MINTON,HOUGANG STREET 11,19,Non-Landed Properties,4,"5,200",150 to 160,"1,600 to 1,700",Feb-23
GAMBIR RIDGE,GAMBIR WALK,19,Non-Landed Properties,2,"3,600",60 to 70,700 to 800,Feb-23
RIO VISTA,UPPER SERANGOON VIEW,19,Non-Landed Properties,4,"4,100",120 to 130,"1,300 to 1,400",Feb-23
WATERTOWN,PUNGGOL CENTRAL,19,Non-Landed Properties,NA,"3,210",50 to 60,500 to 600,Feb-23
BARTLEY RESIDENCES,LORONG HOW SUN,19,Non-Landed Properties,3,"5,688",100 to 110,"1,100 to 1,200",Feb-23
KINGSFORD WATERBAY,UPPER SERANGOON VIEW,19,Non-Landed Properties,1,"2,700",60 to 70,600 to 700,Feb-23
WATERTOWN,PUNGGOL CENTRAL,19,Non-Landed Properties,2,"4,500",70 to 80,800 to 900,Feb-23
KENSINGTON SQUARE,JALAN LOKAM,19,Non-Landed Properties,2,"3,000",50 to 60,600 to 700,Feb-23
KINGSFORD WATERBAY,UPPER SERANGOON VIEW,19,Non-Landed Properties,2,"3,600",60 to 70,600 to 700,Feb-23
PRESTO@UPPER SERANGOON,UPPER SERANGOON ROAD,19,Non-Landed Properties,1,"3,000",30 to 40,400 to 500,Feb-23
RIVERSAILS,UPPER SERANGOON CRESCENT,19,Non-Landed Properties,1,"2,000",40 to 50,500 to 600,Feb-23
A TREASURE TROVE,PUNGGOL WALK,19,Non-Landed Properties,2,"3,600",70 to 80,700 to 800,Feb-23
A TREASURE TROVE,PUNGGOL WALK,19,Non-Landed Properties,3,"4,500",100 to 110,"1,100 to 1,200",Feb-23
LA FIESTA,SENGKANG SQUARE,19,Non-Landed Properties,3,"4,500",90 to 100,"900 to 1,000",Feb-23
BARTLEY RESIDENCES,LORONG HOW SUN,19,Non-Landed Properties,2,"3,900",70 to 80,700 to 800,Feb-23
WATERTOWN,PUNGGOL CENTRAL,19,Non-Landed Properties,3,"5,000",110 to 120,"1,200 to 1,300",Feb-23
JADE RESIDENCES,LEW LIAN VALE,19,Non-Landed Properties,2,"3,500",40 to 50,500 to 600,Feb-23
BOTANIQUE AT BARTLEY,UPPER PAYA LEBAR ROAD,19,Non-Landed Properties,1,"3,100",40 to 50,400 to 500,Feb-23
WATERTOWN,PUNGGOL CENTRAL,19,Non-Landed Properties,NA,"3,350",50 to 60,600 to 700,Feb-23
COMPASS HEIGHTS,SENGKANG SQUARE,19,Non-Landed Properties,3,"5,200",110 to 120,"1,200 to 1,300",Feb-23
BARTLEY RESIDENCES,LORONG HOW SUN,19,Non-Landed Properties,2,"3,600",70 to 80,700 to 800,Feb-23
THE TEMBUSU,TAMPINES ROAD,19,Non-Landed Properties,3,"3,000",110 to 120,"1,200 to 1,300",Feb-23
THE MINTON,HOUGANG STREET 11,19,Non-Landed Properties,2,"4,600",90 to 100,"900 to 1,000",Feb-23
NOUVELLE PARK,POH HUAT ROAD WEST,19,Non-Landed Properties,3,"4,200",100 to 110,"1,100 to 1,200",Feb-23
JEWEL @ BUANGKOK,COMPASSVALE BOW,19,Non-Landed Properties,2,"3,800",70 to 80,700 to 800,Feb-23
KOVAN MELODY,KOVAN ROAD,19,Non-Landed Properties,3,"5,500",110 to 120,"1,200 to 1,300",Feb-23
FOREST WOODS,LORONG LEW LIAN,19,Non-Landed Properties,NA,"3,800",60 to 70,600 to 700,Feb-23
ISUITES @ PALM,GLASGOW ROAD,19,Non-Landed Properties,1,"2,800",40 to 50,400 to 500,Feb-23
BOTANIQUE AT BARTLEY,UPPER PAYA LEBAR ROAD,19,Non-Landed Properties,3,"2,600",100 to 110,"1,100 to 1,200",Feb-23
THE GARDEN RESIDENCES,SERANGOON NORTH VIEW,19,Non-Landed Properties,2,"4,000",50 to 60,600 to 700,Feb-23
THE PROMENADE@PELIKAT,JALAN PELIKAT,19,Non-Landed Properties,2,"3,400",80 to 90,"900 to 1,000",Feb-23
RIVERSOUND RESIDENCE,SENGKANG EAST AVENUE,19,Non-Landed Properties,3,"5,000",90 to 100,"1,000 to 1,100",Feb-23
THE SCALA,SERANGOON AVENUE 3,19,Non-Landed Properties,3,"4,150",90 to 100,"1,000 to 1,100",Feb-23
RIO VISTA,UPPER SERANGOON VIEW,19,Non-Landed Properties,3,"4,200",110 to 120,"1,200 to 1,300",Feb-23
THE MINTON,HOUGANG STREET 11,19,Non-Landed Properties,2,"3,800",90 to 100,"900 to 1,000",Feb-23
THE BENTLY RESIDENCES@KOVAN,KOVAN ROAD,19,Non-Landed Properties,2,"3,200",50 to 60,500 to 600,Feb-23
THE GAZANIA,HOW SUN DRIVE,19,Non-Landed Properties,NA,"4,400",50 to 60,600 to 700,Feb-23
CAMBIO SUITES,LIM TUA TOW ROAD,19,Non-Landed Properties,3,"3,150",70 to 80,800 to 900,Feb-23
THE GAZANIA,HOW SUN DRIVE,19,Non-Landed Properties,NA,"3,450",40 to 50,400 to 500,Feb-23
KENSINGTON SQUARE,JALAN LOKAM,19,Non-Landed Properties,2,"3,100",50 to 60,600 to 700,Feb-23
RIVER ISLES,EDGEDALE PLAINS,19,Non-Landed Properties,3,"3,500",80 to 90,800 to 900,Feb-23
THE SCALA,SERANGOON AVENUE 3,19,Non-Landed Properties,2,"4,500",80 to 90,"900 to 1,000",Feb-23
A TREASURE TROVE,PUNGGOL WALK,19,Non-Landed Properties,4,"5,000",120 to 130,"1,300 to 1,400",Feb-23
KOVAN GRANDEUR,TAMPINES ROAD,19,Non-Landed Properties,NA,"2,600",30 to 40,300 to 400,Feb-23
CARDIFF RESIDENCE,CARDIFF GROVE,19,Non-Landed Properties,1,"2,900",40 to 50,400 to 500,Feb-23
THE GARDEN RESIDENCES,SERANGOON NORTH VIEW,19,Non-Landed Properties,3,"4,600",70 to 80,800 to 900,Feb-23
NON-LANDED HOUSING DEVELOPMENT,UPPER PAYA LEBAR ROAD,19,Non-Landed Properties,NA,"1,500",80 to 90,"900 to 1,000",Feb-23
THE SCALA,SERANGOON AVENUE 3,19,Non-Landed Properties,2,"7,000",130 to 140,"1,400 to 1,500",Feb-23
TRILIVE,TAMPINES ROAD,19,Non-Landed Properties,3,"3,500",80 to 90,"900 to 1,000",Feb-23
TRILIVE,TAMPINES ROAD,19,Non-Landed Properties,2,"2,800",60 to 70,600 to 700,Feb-23
THE GARDEN RESIDENCES,SERANGOON NORTH VIEW,19,Non-Landed Properties,3,"5,200",80 to 90,"900 to 1,000",Feb-23
KOVAN MELODY,KOVAN ROAD,19,Non-Landed Properties,4,"7,500",170 to 180,"1,800 to 1,900",Feb-23
SPAZIO @ KOVAN,UPPER SERANGOON ROAD,19,Non-Landed Properties,2,"3,150",40 to 50,400 to 500,Feb-23
FORTUNE PARK,TAMPINES ROAD,19,Non-Landed Properties,3,"3,200",110 to 120,"1,200 to 1,300",Feb-23
CHUAN PARK (DEMOLISHED),LORONG CHUAN,19,Non-Landed Properties,2,"3,000",100 to 110,"1,100 to 1,200",Feb-23
WATERTOWN,PUNGGOL CENTRAL,19,Non-Landed Properties,1,"2,800",40 to 50,500 to 600,Feb-23
THE SCALA,SERANGOON AVENUE 3,19,Non-Landed Properties,2,"5,500",90 to 100,"1,000 to 1,100",Feb-23
MIDTOWN RESIDENCES,UPPER SERANGOON ROAD,19,Non-Landed Properties,1,"1,800",40 to 50,400 to 500,Feb-23
THE TEMBUSU,TAMPINES ROAD,19,Non-Landed Properties,1,"2,700",40 to 50,400 to 500,Feb-23
JEWEL @ BUANGKOK,COMPASSVALE BOW,19,Non-Landed Properties,2,"3,800",60 to 70,700 to 800,Feb-23
NON-LANDED HOUSING DEVELOPMENT,UPPER PAYA LEBAR ROAD,19,Non-Landed Properties,3,"2,400",100 to 110,"1,100 to 1,200",Feb-23
JEWEL @ BUANGKOK,COMPASSVALE BOW,19,Non-Landed Properties,2,"3,500",60 to 70,700 to 800,Feb-23
GOLDEN HEIGHTS,SERANGOON AVENUE 3,19,Non-Landed Properties,3,"5,400",110 to 120,"1,100 to 1,200",Feb-23
SUNGLADE,SERANGOON AVENUE 2,19,Non-Landed Properties,3,"3,800",100 to 110,"1,000 to 1,100",Feb-23
FOREST WOODS,LORONG LEW LIAN,19,Non-Landed Properties,2,"4,000",60 to 70,600 to 700,Feb-23
HOUGANG GREEN,BUANGKOK GREEN,19,Non-Landed Properties,2,"4,200",70 to 80,700 to 800,Feb-23
JADE RESIDENCES,LEW LIAN VALE,19,Non-Landed Properties,3,"4,500",60 to 70,700 to 800,Feb-23
PARC CENTROS,PUNGGOL CENTRAL,19,Non-Landed Properties,3,"3,900",120 to 130,"1,300 to 1,400",Feb-23
CHILTERN PARK,SERANGOON AVENUE 3,19,Non-Landed Properties,3,"3,950",110 to 120,"1,200 to 1,300",Feb-23
CHILTERN PARK,SERANGOON AVENUE 3,19,Non-Landed Properties,2,"4,700",80 to 90,"900 to 1,000",Feb-23
SPACE @ KOVAN,YIO CHU KANG ROAD,19,Non-Landed Properties,2,"3,600",50 to 60,600 to 700,Feb-23
BOATHOUSE RESIDENCES,UPPER SERANGOON VIEW,19,Non-Landed Properties,1,"2,500",60 to 70,700 to 800,Feb-23
WATERTOWN,PUNGGOL CENTRAL,19,Non-Landed Properties,1,"3,350",50 to 60,500 to 600,Feb-23
PARC CENTROS,PUNGGOL CENTRAL,19,Non-Landed Properties,1,"3,200",40 to 50,400 to 500,Feb-23
THE SCALA,SERANGOON AVENUE 3,19,Non-Landed Properties,1,"3,100",40 to 50,400 to 500,Feb-23
THE SPRINGBLOOM,SERANGOON AVENUE 3,19,Non-Landed Properties,2,"4,500",100 to 110,"1,100 to 1,200",Feb-23
THE SCALA,SERANGOON AVENUE 3,19,Non-Landed Properties,2,"5,600",80 to 90,"900 to 1,000",Feb-23
CASA CAMBIO,LIM TUA TOW ROAD,19,Non-Landed Properties,2,"3,900",60 to 70,600 to 700,Feb-23
THE WATERLINE,POH HUAT ROAD WEST,19,Non-Landed Properties,2,"3,600",100 to 110,"1,100 to 1,200",Feb-23
WATERTOWN,PUNGGOL CENTRAL,19,Non-Landed Properties,2,"4,400",80 to 90,"900 to 1,000",Feb-23
RIVERSOUND RESIDENCE,SENGKANG EAST AVENUE,19,Non-Landed Properties,3,"4,300",90 to 100,"1,000 to 1,100",Feb-23
GAMBIR RIDGE,GAMBIR WALK,19,Non-Landed Properties,3,"4,500",80 to 90,"900 to 1,000",Feb-23
FOREST WOODS,LORONG LEW LIAN,19,Non-Landed Properties,2,"4,300",60 to 70,600 to 700,Feb-23
KINGSFORD WATERBAY,UPPER SERANGOON VIEW,19,Non-Landed Properties,3,"3,500",80 to 90,800 to 900,Feb-23
BOTANIQUE AT BARTLEY,UPPER PAYA LEBAR ROAD,19,Non-Landed Properties,2,"4,100",60 to 70,600 to 700,Feb-23
A TREASURE TROVE,PUNGGOL WALK,19,Non-Landed Properties,2,"3,900",70 to 80,700 to 800,Feb-23
STARS OF KOVAN,UPPER SERANGOON ROAD,19,Non-Landed Properties,2,"4,200",70 to 80,700 to 800,Feb-23
BARTLEY RESIDENCES,LORONG HOW SUN,19,Non-Landed Properties,2,"3,800",70 to 80,700 to 800,Feb-23
URBAN RESIDENCES,LORONG AH SOO,19,Non-Landed Properties,1,"2,800",40 to 50,400 to 500,Feb-23
MIDTOWN RESIDENCES,UPPER SERANGOON ROAD,19,Non-Landed Properties,2,"3,600",60 to 70,700 to 800,Feb-23
FOREST WOODS,LORONG LEW LIAN,19,Non-Landed Properties,2,"4,300",60 to 70,600 to 700,Feb-23
THE TEMBUSU,TAMPINES ROAD,19,Non-Landed Properties,2,"3,600",70 to 80,700 to 800,Feb-23
NON-LANDED HOUSING DEVELOPMENT,JALAN LABU AYER,19,Non-Landed Properties,NA,"4,200",120 to 130,"1,200 to 1,300",Feb-23
JEWEL @ BUANGKOK,COMPASSVALE BOW,19,Non-Landed Properties,1,"2,000",40 to 50,400 to 500,Feb-23
THE LUXURIE,COMPASSVALE ROAD,19,Non-Landed Properties,3,"4,400",90 to 100,"900 to 1,000",Feb-23
FONTAINE PARRY,POH HUAT ROAD,19,Non-Landed Properties,2,"2,865",80 to 90,"900 to 1,000",Feb-23
THE SCALA,SERANGOON AVENUE 3,19,Non-Landed Properties,2,"4,600",70 to 80,800 to 900,Feb-23
TRILIVE,TAMPINES ROAD,19,Non-Landed Properties,2,"3,300",60 to 70,600 to 700,Feb-23
PARC CENTROS,PUNGGOL CENTRAL,19,Non-Landed Properties,2,"3,400",70 to 80,700 to 800,Feb-23
STARS OF KOVAN,UPPER SERANGOON ROAD,19,Non-Landed Properties,1,"3,500",40 to 50,500 to 600,Feb-23
THE LUXURIE,COMPASSVALE ROAD,19,Non-Landed Properties,3,"4,400",90 to 100,"1,000 to 1,100",Feb-23
BOTANIQUE AT BARTLEY,UPPER PAYA LEBAR ROAD,19,Non-Landed Properties,3,"4,800",80 to 90,"900 to 1,000",Feb-23
PARC CENTROS,PUNGGOL CENTRAL,19,Non-Landed Properties,3,"4,350",100 to 110,"1,100 to 1,200",Feb-23
RIO VISTA,UPPER SERANGOON VIEW,19,Non-Landed Properties,3,"4,500",110 to 120,"1,200 to 1,300",Feb-23
LA FIESTA,SENGKANG SQUARE,19,Non-Landed Properties,3,"4,800",70 to 80,800 to 900,Feb-23
WATERTOWN,PUNGGOL CENTRAL,19,Non-Landed Properties,NA,"3,500",50 to 60,600 to 700,Feb-23
A TREASURE TROVE,PUNGGOL WALK,19,Non-Landed Properties,3,"4,900",110 to 120,"1,200 to 1,300",Feb-23
THE SCALA,SERANGOON AVENUE 3,19,Non-Landed Properties,1,"3,100",50 to 60,500 to 600,Feb-23
LA FIESTA,SENGKANG SQUARE,19,Non-Landed Properties,1,"2,800",40 to 50,400 to 500,Feb-23
NAUNG RESIDENCE,JALAN NAUNG,19,Non-Landed Properties,2,"2,300",60 to 70,700 to 800,Feb-23
A TREASURE TROVE,PUNGGOL WALK,19,Non-Landed Properties,3,"4,250",90 to 100,"1,000 to 1,100",Feb-23
D'ZIRE,ROBEY CRESCENT,19,Non-Landed Properties,1,"2,900",40 to 50,400 to 500,Feb-23
57 @ KOVAN,KOVAN ROAD,19,Non-Landed Properties,3,"4,000",110 to 120,"1,200 to 1,300",Feb-23
BARTLEY RESIDENCES,LORONG HOW SUN,19,Non-Landed Properties,1,"2,500",40 to 50,400 to 500,Feb-23
FOREST WOODS,LORONG LEW LIAN,19,Non-Landed Properties,2,"4,300",60 to 70,700 to 800,Feb-23
THE LUXURIE,COMPASSVALE ROAD,19,Non-Landed Properties,2,"4,300",80 to 90,800 to 900,Feb-23
BARTLEY RESIDENCES,LORONG HOW SUN,19,Non-Landed Properties,2,"3,600",70 to 80,800 to 900,Feb-23
THE GARDEN RESIDENCES,SERANGOON NORTH VIEW,19,Non-Landed Properties,2,"3,550",60 to 70,600 to 700,Feb-23
JEWEL @ BUANGKOK,COMPASSVALE BOW,19,Non-Landed Properties,1,"3,200",40 to 50,400 to 500,Feb-23
COMPASS HEIGHTS,SENGKANG SQUARE,19,Non-Landed Properties,3,"4,400",120 to 130,"1,300 to 1,400",Feb-23
THE QUARTZ,COMPASSVALE BOW,19,Non-Landed Properties,NA,"4,200",90 to 100,"1,000 to 1,100",Feb-23
CHUAN PARK (DEMOLISHED),LORONG CHUAN,19,Non-Landed Properties,2,"3,150",100 to 110,"1,100 to 1,200",Feb-23
SUNGLADE,SERANGOON AVENUE 2,19,Non-Landed Properties,2,"4,500",80 to 90,"900 to 1,000",Feb-23
RIVERSAILS,UPPER SERANGOON CRESCENT,19,Non-Landed Properties,2,"4,000",80 to 90,800 to 900,Feb-23
RIVERSAILS,UPPER SERANGOON CRESCENT,19,Non-Landed Properties,2,"3,800",80 to 90,800 to 900,Feb-23
CHUAN PARK (DEMOLISHED),LORONG CHUAN,19,Non-Landed Properties,3,"5,000",140 to 150,"1,500 to 1,600",Feb-23
RIO VISTA,UPPER SERANGOON VIEW,19,Non-Landed Properties,3,"3,950",110 to 120,"1,200 to 1,300",Feb-23
RIVERVALE CREST,RIVERVALE CRESCENT,19,Non-Landed Properties,3,"3,200",110 to 120,"1,200 to 1,300",Feb-23
THE SUNNYDALE,SERANGOON AVENUE 3,19,Non-Landed Properties,3,"5,200",120 to 130,"1,200 to 1,300",Feb-23
RIVER ISLES,EDGEDALE PLAINS,19,Non-Landed Properties,3,"3,350",80 to 90,800 to 900,Feb-23
KOVAN MELODY,KOVAN ROAD,19,Non-Landed Properties,3,"4,800",100 to 110,"1,100 to 1,200",Feb-23
WATERTOWN,PUNGGOL CENTRAL,19,Non-Landed Properties,3,"4,750",100 to 110,"1,100 to 1,200",Feb-23
SUNGLADE,SERANGOON AVENUE 2,19,Non-Landed Properties,4,"7,000",160 to 170,"1,700 to 1,800",Feb-23
GOLDEN HEIGHTS,SERANGOON AVENUE 3,19,Non-Landed Properties,3,"5,900",110 to 120,"1,200 to 1,300",Feb-23
KOVAN RESIDENCES,KOVAN ROAD,19,Non-Landed Properties,5,"12,500",420 to 430,"4,500 to 4,600",Feb-23
GRAND REGALIA,UPPER SERANGOON ROAD,19,Non-Landed Properties,3,"3,800",110 to 120,"1,200 to 1,300",Feb-23
THE SCALA,SERANGOON AVENUE 3,19,Non-Landed Properties,2,"4,000",80 to 90,800 to 900,Feb-23
CHUAN PARK (DEMOLISHED),LORONG CHUAN,19,Non-Landed Properties,3,"3,400",140 to 150,"1,500 to 1,600",Feb-23
THE SPRINGBLOOM,SERANGOON AVENUE 3,19,Non-Landed Properties,2,"3,800",100 to 110,"1,000 to 1,100",Feb-23
PARC VERA,HOUGANG STREET 32,19,Non-Landed Properties,2,"3,500",70 to 80,700 to 800,Feb-23
WATERTOWN,PUNGGOL CENTRAL,19,Non-Landed Properties,NA,"3,100",50 to 60,600 to 700,Feb-23
THE MINTON,HOUGANG STREET 11,19,Non-Landed Properties,2,"4,600",90 to 100,"900 to 1,000",Feb-23
CARDIFF RESIDENCE,CARDIFF GROVE,19,Non-Landed Properties,2,"2,800",50 to 60,600 to 700,Feb-23
WATERTOWN,PUNGGOL CENTRAL,19,Non-Landed Properties,2,"3,750",70 to 80,800 to 900,Feb-23
THE SCALA,SERANGOON AVENUE 3,19,Non-Landed Properties,2,"4,200",70 to 80,800 to 900,Feb-23
RIVERSOUND RESIDENCE,SENGKANG EAST AVENUE,19,Non-Landed Properties,3,"4,550",80 to 90,"900 to 1,000",Feb-23
KOVAN MELODY,KOVAN ROAD,19,Non-Landed Properties,2,"4,500",70 to 80,800 to 900,Feb-23
THE PROMENADE@PELIKAT,JALAN PELIKAT,19,Non-Landed Properties,1,"2,550",40 to 50,400 to 500,Feb-23
KOVAN RESIDENCES,KOVAN ROAD,19,Non-Landed Properties,3,"5,000",110 to 120,"1,200 to 1,300",Feb-23
FRAGRANT GARDENS,UPPER PAYA LEBAR ROAD,19,Non-Landed Properties,3,"3,200",110 to 120,"1,200 to 1,300",Feb-23
RIVER ISLES,EDGEDALE PLAINS,19,Non-Landed Properties,3,"3,300",80 to 90,"900 to 1,000",Feb-23
KOVAN MELODY,KOVAN ROAD,19,Non-Landed Properties,2,"4,200",80 to 90,"900 to 1,000",Feb-23
THE SCALA,SERANGOON AVENUE 3,19,Non-Landed Properties,1,"3,650",40 to 50,400 to 500,Feb-23
BOATHOUSE RESIDENCES,UPPER SERANGOON VIEW,19,Non-Landed Properties,3,"4,800",110 to 120,"1,200 to 1,300",Feb-23
WATERTOWN,PUNGGOL CENTRAL,19,Non-Landed Properties,3,"4,000",100 to 110,"1,100 to 1,200",Feb-23
SUNGLADE,SERANGOON AVENUE 2,19,Non-Landed Properties,3,"4,300",100 to 110,"1,100 to 1,200",Feb-23
BOTANIQUE AT BARTLEY,UPPER PAYA LEBAR ROAD,19,Non-Landed Properties,2,"4,000",60 to 70,700 to 800,Feb-23
THE VUE,UPPER PAYA LEBAR ROAD,19,Non-Landed Properties,1,"2,550",30 to 40,400 to 500,Feb-23
PARC CENTROS,PUNGGOL CENTRAL,19,Non-Landed Properties,1,"2,800",40 to 50,400 to 500,Feb-23
THE QUARTZ,COMPASSVALE BOW,19,Non-Landed Properties,NA,"4,500",90 to 100,"1,000 to 1,100",Feb-23
FLO RESIDENCE,PUNGGOL FIELD WALK,19,Non-Landed Properties,3,"4,000",90 to 100,"1,000 to 1,100",Feb-23
JADE RESIDENCES,LEW LIAN VALE,19,Non-Landed Properties,2,"3,200",50 to 60,500 to 600,Feb-23
CENTRAL VIEW,HOUGANG STREET 11,19,Non-Landed Properties,2,"2,800",90 to 100,"900 to 1,000",Feb-23
THE SPRINGBLOOM,SERANGOON AVENUE 3,19,Non-Landed Properties,3,"5,000",120 to 130,"1,300 to 1,400",Feb-23
WATERTOWN,PUNGGOL CENTRAL,19,Non-Landed Properties,3,"4,600",100 to 110,"1,100 to 1,200",Feb-23
KINGSFORD WATERBAY,UPPER SERANGOON VIEW,19,Non-Landed Properties,1,"2,100",40 to 50,400 to 500,Feb-23
WATERTOWN,PUNGGOL CENTRAL,19,Non-Landed Properties,NA,"3,600",50 to 60,600 to 700,Feb-23
WATERTOWN,PUNGGOL CENTRAL,19,Non-Landed Properties,2,"4,400",70 to 80,800 to 900,Feb-23
COMPASS HEIGHTS,SENGKANG SQUARE,19,Non-Landed Properties,2,"3,900",90 to 100,"1,000 to 1,100",Feb-23
MIDTOWN RESIDENCES,UPPER SERANGOON ROAD,19,Non-Landed Properties,1,"2,800",40 to 50,400 to 500,Feb-23
CAMBIO SUITES,LIM TUA TOW ROAD,19,Non-Landed Properties,2,"2,800",40 to 50,500 to 600,Feb-23
THE SCALA,SERANGOON AVENUE 3,19,Non-Landed Properties,1,"3,300",40 to 50,400 to 500,Feb-23
BARTLEY RESIDENCES,LORONG HOW SUN,19,Non-Landed Properties,4,"5,200",140 to 150,"1,600 to 1,700",Feb-23
PARC CENTROS,PUNGGOL CENTRAL,19,Non-Landed Properties,2,"3,800",70 to 80,700 to 800,Feb-23
STARS OF KOVAN,UPPER SERANGOON ROAD,19,Non-Landed Properties,1,"2,800",40 to 50,500 to 600,Feb-23
BARTLEY RESIDENCES,LORONG HOW SUN,19,Non-Landed Properties,2,"4,100",80 to 90,800 to 900,Feb-23
THE PROMENADE@PELIKAT,JALAN PELIKAT,19,Non-Landed Properties,1,"2,200",40 to 50,400 to 500,Feb-23
THE GAZANIA,HOW SUN DRIVE,19,Non-Landed Properties,NA,"3,588",40 to 50,400 to 500,Feb-23
TRILIVE,TAMPINES ROAD,19,Non-Landed Properties,2,"3,500",50 to 60,500 to 600,Feb-23
KINGSFORD WATERBAY,UPPER SERANGOON VIEW,19,Non-Landed Properties,2,"3,500",60 to 70,600 to 700,Feb-23
RIVERSAILS,UPPER SERANGOON CRESCENT,19,Non-Landed Properties,1,"3,000",60 to 70,600 to 700,Feb-23
TAI PENG GARDENS,UPPER SERANGOON ROAD,19,Non-Landed Properties,NA,"3,200",90 to 100,"900 to 1,000",Feb-23
LA FIESTA,SENGKANG SQUARE,19,Non-Landed Properties,3,"3,800",80 to 90,800 to 900,Feb-23
EVERGREEN PARK,HOUGANG AVENUE 7,19,Non-Landed Properties,3,"2,800",90 to 100,"1,000 to 1,100",Feb-23
KINGSFORD WATERBAY,UPPER SERANGOON VIEW,19,Non-Landed Properties,2,"3,800",60 to 70,600 to 700,Feb-23
RIVERSAILS,UPPER SERANGOON CRESCENT,19,Non-Landed Properties,2,"3,900",70 to 80,800 to 900,Feb-23
KJ MANSION,ROSYTH ROAD,19,Non-Landed Properties,3,"5,800",140 to 150,"1,500 to 1,600",Feb-23
COMPASS HEIGHTS,SENGKANG SQUARE,19,Non-Landed Properties,1,"3,200",60 to 70,600 to 700,Feb-23
KINGSFORD WATERBAY,UPPER SERANGOON VIEW,19,Non-Landed Properties,2,"4,100",60 to 70,600 to 700,Feb-23
A TREASURE TROVE,PUNGGOL WALK,19,Non-Landed Properties,4,"4,500",120 to 130,"1,300 to 1,400",Feb-23
RIVERSAILS,UPPER SERANGOON CRESCENT,19,Non-Landed Properties,1,"3,100",40 to 50,500 to 600,Feb-23
KENSINGTON SQUARE,JALAN LOKAM,19,Non-Landed Properties,2,"3,000",50 to 60,600 to 700,Feb-23
STARS OF KOVAN,UPPER SERANGOON ROAD,19,Non-Landed Properties,2,"4,200",60 to 70,700 to 800,Feb-23
KOVAN REGENCY,KOVAN RISE,19,Non-Landed Properties,3,"3,900",90 to 100,"900 to 1,000",Feb-23
REGENTVILLE,HOUGANG STREET 92,19,Non-Landed Properties,3,"4,000",100 to 110,"1,100 to 1,200",Feb-23
KOVAN RESIDENCES,KOVAN ROAD,19,Non-Landed Properties,4,"6,800",160 to 170,"1,700 to 1,800",Feb-23
EVERGREEN PARK,HOUGANG AVENUE 7,19,Non-Landed Properties,3,"4,200",100 to 110,"1,000 to 1,100",Feb-23
STARS OF KOVAN,UPPER SERANGOON ROAD,19,Non-Landed Properties,3,"5,000",90 to 100,"900 to 1,000",Feb-23
KOVAN REGENCY,KOVAN RISE,19,Non-Landed Properties,3,"5,300",100 to 110,"1,100 to 1,200",Feb-23
BARTLEY RESIDENCES,LORONG HOW SUN,19,Non-Landed Properties,2,"3,600",70 to 80,700 to 800,Feb-23
BOATHOUSE RESIDENCES,UPPER SERANGOON VIEW,19,Non-Landed Properties,2,"4,000",80 to 90,"900 to 1,000",Feb-23
SUITES @ PAYA LEBAR,UPPER PAYA LEBAR ROAD,19,Non-Landed Properties,NA,"1,850",30 to 40,300 to 400,Feb-23
WATERTOWN,PUNGGOL CENTRAL,19,Non-Landed Properties,NA,"2,640",50 to 60,600 to 700,Feb-23
BARTLEY RESIDENCES,LORONG HOW SUN,19,Non-Landed Properties,1,"3,000",40 to 50,400 to 500,Feb-23
CASA CAMBIO,LIM TUA TOW ROAD,19,Non-Landed Properties,2,"3,500",40 to 50,400 to 500,Feb-23
WATERTOWN,PUNGGOL CENTRAL,19,Non-Landed Properties,1,"3,300",50 to 60,500 to 600,Feb-23
A TREASURE TROVE,PUNGGOL WALK,19,Non-Landed Properties,3,"4,000",100 to 110,"1,100 to 1,200",Feb-23
LA FIESTA,SENGKANG SQUARE,19,Non-Landed Properties,1,"2,700",40 to 50,400 to 500,Feb-23
STARS OF KOVAN,UPPER SERANGOON ROAD,19,Non-Landed Properties,2,"3,900",60 to 70,700 to 800,Feb-23
PARC CENTROS,PUNGGOL CENTRAL,19,Non-Landed Properties,3,"4,200",100 to 110,"1,100 to 1,200",Feb-23
D'ZIRE,ROBEY CRESCENT,19,Non-Landed Properties,2,"3,550",50 to 60,600 to 700,Feb-23
KINGSFORD WATERBAY,UPPER SERANGOON VIEW,19,Non-Landed Properties,2,"3,200",60 to 70,600 to 700,Feb-23
KINGSFORD WATERBAY,UPPER SERANGOON VIEW,19,Non-Landed Properties,2,"3,800",60 to 70,600 to 700,Feb-23
REGENTVILLE,HOUGANG STREET 92,19,Non-Landed Properties,2,"3,000",100 to 110,"1,100 to 1,200",Feb-23
WATERTOWN,PUNGGOL CENTRAL,19,Non-Landed Properties,1,"3,200",40 to 50,500 to 600,Feb-23
COMPASS HEIGHTS,SENGKANG SQUARE,19,Non-Landed Properties,3,"4,000",120 to 130,"1,300 to 1,400",Feb-23
REGENTVILLE,HOUGANG STREET 92,19,Non-Landed Properties,2,"2,500",90 to 100,"900 to 1,000",Feb-23
THE MINTON,HOUGANG STREET 11,19,Non-Landed Properties,2,"4,700",90 to 100,"900 to 1,000",Feb-23
CHERRYHILL,LORONG LEW LIAN,19,Non-Landed Properties,3,"5,600",130 to 140,"1,400 to 1,500",Feb-23
THE LUXURIE,COMPASSVALE ROAD,19,Non-Landed Properties,2,"4,400",70 to 80,700 to 800,Feb-23
BOATHOUSE RESIDENCES,UPPER SERANGOON VIEW,19,Non-Landed Properties,1,"2,650",60 to 70,700 to 800,Feb-23
THE MINTON,HOUGANG STREET 11,19,Non-Landed Properties,NA,"2,500",50 to 60,500 to 600,Feb-23
WATERTOWN,PUNGGOL CENTRAL,19,Non-Landed Properties,NA,"3,450",50 to 60,500 to 600,Feb-23
CENTRAL VIEW,HOUGANG STREET 11,19,Non-Landed Properties,2,"3,600",80 to 90,"900 to 1,000",Feb-23
KINGSFORD WATERBAY,UPPER SERANGOON VIEW,19,Non-Landed Properties,2,"3,500",60 to 70,600 to 700,Feb-23
HOUGANG GREEN,BUANGKOK GREEN,19,Non-Landed Properties,3,"3,800",100 to 110,"1,100 to 1,200",Feb-23
REGENTVILLE,HOUGANG STREET 92,19,Non-Landed Properties,3,"4,600",100 to 110,"1,100 to 1,200",Feb-23
KOVAN REGENCY,KOVAN RISE,19,Non-Landed Properties,3,"4,000",90 to 100,"1,000 to 1,100",Feb-23
LA DOLCE VITA,UPPER PAYA LEBAR ROAD,19,Non-Landed Properties,3,"4,200",130 to 140,"1,400 to 1,500",Feb-23
WATERTOWN,PUNGGOL CENTRAL,19,Non-Landed Properties,NA,"2,500",50 to 60,500 to 600,Feb-23
RIVERSOUND RESIDENCE,SENGKANG EAST AVENUE,19,Non-Landed Properties,2,"3,200",70 to 80,700 to 800,Feb-23
KINGSFORD WATERBAY,UPPER SERANGOON VIEW,19,Non-Landed Properties,2,"3,500",50 to 60,600 to 700,Feb-23
BLISS@KOVAN,SIMON LANE,19,Non-Landed Properties,1,"2,900",50 to 60,600 to 700,Feb-23
STARS OF KOVAN,UPPER SERANGOON ROAD,19,Non-Landed Properties,2,"3,200",70 to 80,700 to 800,Feb-23
THE LUXURIE,COMPASSVALE ROAD,19,Non-Landed Properties,3,"4,150",90 to 100,"900 to 1,000",Feb-23
CHOON KIM HOUSE,UPPER SERANGOON ROAD,19,Non-Landed Properties,3,"4,000",90 to 100,"1,000 to 1,100",Feb-23
COMPASS HEIGHTS,SENGKANG SQUARE,19,Non-Landed Properties,2,"3,650",90 to 100,"1,000 to 1,100",Feb-23
NON-LANDED HOUSING DEVELOPMENT,BOUNDARY ROAD,19,Non-Landed Properties,NA,"2,400",80 to 90,800 to 900,Feb-23
ISUITES @ PALM,GLASGOW ROAD,19,Non-Landed Properties,1,"2,650",40 to 50,400 to 500,Feb-23
CASA CAMBIO,LIM TUA TOW ROAD,19,Non-Landed Properties,1,"3,000",30 to 40,400 to 500,Feb-23
BOATHOUSE RESIDENCES,UPPER SERANGOON VIEW,19,Non-Landed Properties,4,"4,000",130 to 140,"1,400 to 1,500",Feb-23
REGENTVILLE,HOUGANG STREET 92,19,Non-Landed Properties,3,"3,900",100 to 110,"1,100 to 1,200",Feb-23
NON-LANDED HOUSING DEVELOPMENT,EDEN GROVE,19,Non-Landed Properties,3,"3,400",90 to 100,"900 to 1,000",Feb-23
RIVERSAILS,UPPER SERANGOON CRESCENT,19,Non-Landed Properties,2,"2,250",70 to 80,800 to 900,Feb-23
SPAZIO @ KOVAN,UPPER SERANGOON ROAD,19,Non-Landed Properties,1,"2,300",30 to 40,400 to 500,Feb-23
STARS OF KOVAN,UPPER SERANGOON ROAD,19,Non-Landed Properties,2,"3,600",70 to 80,700 to 800,Feb-23
FLO RESIDENCE,PUNGGOL FIELD WALK,19,Non-Landed Properties,3,"3,800",90 to 100,"1,000 to 1,100",Feb-23
BLISS@KOVAN,SIMON LANE,19,Non-Landed Properties,1,"2,300",40 to 50,500 to 600,Feb-23
KINGSFORD WATERBAY,UPPER SERANGOON VIEW,19,Non-Landed Properties,2,"3,500",60 to 70,600 to 700,Feb-23
WATERTOWN,PUNGGOL CENTRAL,19,Non-Landed Properties,NA,"3,150",50 to 60,500 to 600,Jan-23
A TREASURE TROVE,PUNGGOL WALK,19,Non-Landed Properties,2,"4,000",70 to 80,700 to 800,Jan-23
LA FIESTA,SENGKANG SQUARE,19,Non-Landed Properties,1,"3,000",40 to 50,400 to 500,Jan-23
CHUAN PARK (DEMOLISHED),LORONG CHUAN,19,Non-Landed Properties,2,"5,000",130 to 140,"1,400 to 1,500",Jan-23
PARC CENTROS,PUNGGOL CENTRAL,19,Non-Landed Properties,2,"3,900",70 to 80,700 to 800,Jan-23
FLO RESIDENCE,PUNGGOL FIELD WALK,19,Non-Landed Properties,3,"4,500",90 to 100,"900 to 1,000",Jan-23
LA FIESTA,SENGKANG SQUARE,19,Non-Landed Properties,1,"3,000",40 to 50,400 to 500,Jan-23
WATERTOWN,PUNGGOL CENTRAL,19,Non-Landed Properties,3,"6,300",100 to 110,"1,100 to 1,200",Jan-23
FOREST WOODS,LORONG LEW LIAN,19,Non-Landed Properties,2,"3,700",60 to 70,700 to 800,Jan-23
THE LUXURIE,COMPASSVALE ROAD,19,Non-Landed Properties,3,"4,600",90 to 100,"1,000 to 1,100",Jan-23
BARTLEY RESIDENCES,LORONG HOW SUN,19,Non-Landed Properties,2,"3,500",70 to 80,700 to 800,Jan-23
THE GARDEN RESIDENCES,SERANGOON NORTH VIEW,19,Non-Landed Properties,1,"3,400",40 to 50,500 to 600,Jan-23
WATERTOWN,PUNGGOL CENTRAL,19,Non-Landed Properties,3,"3,500",100 to 110,"1,100 to 1,200",Jan-23
FOREST WOODS,LORONG LEW LIAN,19,Non-Landed Properties,1,"2,650",40 to 50,500 to 600,Jan-23
GAMBIR RIDGE,GAMBIR WALK,19,Non-Landed Properties,2,"3,700",60 to 70,700 to 800,Jan-23
THE SCALA,SERANGOON AVENUE 3,19,Non-Landed Properties,1,"3,400",40 to 50,400 to 500,Jan-23
GAMBIR RIDGE,GAMBIR WALK,19,Non-Landed Properties,2,"3,800",70 to 80,700 to 800,Jan-23
THE SUNNYDALE,SERANGOON AVENUE 3,19,Non-Landed Properties,3,"4,400",120 to 130,"1,300 to 1,400",Jan-23
VIBES@UPPER SERANGOON,UPPER SERANGOON ROAD,19,Non-Landed Properties,1,"3,200",40 to 50,400 to 500,Jan-23
PALM GROVE CONDOMINIUM,PALM GROVE AVENUE,19,Non-Landed Properties,3,"3,800",130 to 140,"1,400 to 1,500",Jan-23
RIVERVALE CREST,RIVERVALE CRESCENT,19,Non-Landed Properties,3,"4,200",110 to 120,"1,200 to 1,300",Jan-23
FLO RESIDENCE,PUNGGOL FIELD WALK,19,Non-Landed Properties,3,"4,000",80 to 90,"900 to 1,000",Jan-23
CASA RIVIERA,LIM TUA TOW ROAD,19,Non-Landed Properties,NA,"4,100",110 to 120,"1,200 to 1,300",Jan-23
FOREST WOODS,LORONG LEW LIAN,19,Non-Landed Properties,1,"3,300",40 to 50,500 to 600,Jan-23
COMPASS HEIGHTS,SENGKANG SQUARE,19,Non-Landed Properties,2,"3,700",90 to 100,"1,000 to 1,100",Jan-23
PARC CENTROS,PUNGGOL CENTRAL,19,Non-Landed Properties,1,"2,800",40 to 50,400 to 500,Jan-23
THE SCALA,SERANGOON AVENUE 3,19,Non-Landed Properties,2,"4,500",80 to 90,800 to 900,Jan-23
KINGSFORD WATERBAY,UPPER SERANGOON VIEW,19,Non-Landed Properties,3,"3,500",80 to 90,800 to 900,Jan-23
KINGSFORD WATERBAY,UPPER SERANGOON VIEW,19,Non-Landed Properties,1,"3,000",60 to 70,600 to 700,Jan-23
REGENTVILLE,HOUGANG STREET 92,19,Non-Landed Properties,2,"4,100",90 to 100,"900 to 1,000",Jan-23
BOTANIQUE AT BARTLEY,UPPER PAYA LEBAR ROAD,19,Non-Landed Properties,1,"3,050",50 to 60,500 to 600,Jan-23
KOVAN ESQUIRE,KOVAN ROAD,19,Non-Landed Properties,3,"2,500",90 to 100,"1,000 to 1,100",Jan-23
PARK RESIDENCES KOVAN,UPPER SERANGOON ROAD,19,Non-Landed Properties,1,"2,900",30 to 40,300 to 400,Jan-23
TRILIVE,TAMPINES ROAD,19,Non-Landed Properties,2,"3,300",50 to 60,600 to 700,Jan-23
RIVERSOUND RESIDENCE,SENGKANG EAST AVENUE,19,Non-Landed Properties,1,"2,300",40 to 50,400 to 500,Jan-23
RIVERSOUND RESIDENCE,SENGKANG EAST AVENUE,19,Non-Landed Properties,2,"3,400",70 to 80,700 to 800,Jan-23
RIVER ISLES,EDGEDALE PLAINS,19,Non-Landed Properties,3,"3,300",100 to 110,"1,100 to 1,200",Jan-23
JEWEL @ BUANGKOK,COMPASSVALE BOW,19,Non-Landed Properties,3,"4,000",80 to 90,"900 to 1,000",Jan-23
RIVERSAILS,UPPER SERANGOON CRESCENT,19,Non-Landed Properties,1,"2,600",40 to 50,500 to 600,Jan-23
CHOON KIM HOUSE,UPPER SERANGOON ROAD,19,Non-Landed Properties,3,"4,000",120 to 130,"1,300 to 1,400",Jan-23
STARS OF KOVAN,UPPER SERANGOON ROAD,19,Non-Landed Properties,1,"3,200",40 to 50,500 to 600,Jan-23
BOTANIQUE AT BARTLEY,UPPER PAYA LEBAR ROAD,19,Non-Landed Properties,3,"4,500",100 to 110,"1,100 to 1,200",Jan-23
THE SUNNYDALE,SERANGOON AVENUE 3,19,Non-Landed Properties,3,"5,500",110 to 120,"1,200 to 1,300",Jan-23
BOTANIQUE AT BARTLEY,UPPER PAYA LEBAR ROAD,19,Non-Landed Properties,2,"5,000",60 to 70,700 to 800,Jan-23
CASA CAMBIO,LIM TUA TOW ROAD,19,Non-Landed Properties,2,"2,800",40 to 50,400 to 500,Jan-23
THE LUXURIE,COMPASSVALE ROAD,19,Non-Landed Properties,2,"3,500",70 to 80,700 to 800,Jan-23
THE SUNSHINE,SUNSHINE TERRACE,19,Non-Landed Properties,3,"3,200",100 to 110,"1,100 to 1,200",Jan-23
WATERTOWN,PUNGGOL CENTRAL,19,Non-Landed Properties,2,"3,900",70 to 80,800 to 900,Jan-23
THE CHUAN,LORONG CHUAN,19,Non-Landed Properties,2,"4,500",80 to 90,"900 to 1,000",Jan-23
THE LUXURIE,COMPASSVALE ROAD,19,Non-Landed Properties,3,"4,700",90 to 100,"1,000 to 1,100",Jan-23
CARDIFF RESIDENCE,CARDIFF GROVE,19,Non-Landed Properties,2,"4,000",50 to 60,500 to 600,Jan-23
THE PROMENADE@PELIKAT,JALAN PELIKAT,19,Non-Landed Properties,2,"3,200",80 to 90,"900 to 1,000",Jan-23
BOTANIQUE AT BARTLEY,UPPER PAYA LEBAR ROAD,19,Non-Landed Properties,1,"3,300",40 to 50,400 to 500,Jan-23
THE LUXURIE,COMPASSVALE ROAD,19,Non-Landed Properties,3,"4,350",90 to 100,"1,000 to 1,100",Jan-23
WATERTOWN,PUNGGOL CENTRAL,19,Non-Landed Properties,2,"3,600",70 to 80,800 to 900,Jan-23
BARTLEY RESIDENCES,LORONG HOW SUN,19,Non-Landed Properties,1,"2,400",40 to 50,400 to 500,Jan-23
SPACE @ KOVAN,YIO CHU KANG ROAD,19,Non-Landed Properties,2,"3,900",90 to 100,"1,000 to 1,100",Jan-23
WATERTOWN,PUNGGOL CENTRAL,19,Non-Landed Properties,1,"2,800",40 to 50,500 to 600,Jan-23
HILBRE28,HILLSIDE DRIVE,19,Non-Landed Properties,3,"3,300",70 to 80,800 to 900,Jan-23
LA FIESTA,SENGKANG SQUARE,19,Non-Landed Properties,2,"3,600",70 to 80,700 to 800,Jan-23
RIVERSOUND RESIDENCE,SENGKANG EAST AVENUE,19,Non-Landed Properties,4,"4,100",110 to 120,"1,200 to 1,300",Jan-23
BLISS@KOVAN,SIMON LANE,19,Non-Landed Properties,1,"2,550",50 to 60,500 to 600,Jan-23
THE SCALA,SERANGOON AVENUE 3,19,Non-Landed Properties,2,"4,000",80 to 90,"900 to 1,000",Jan-23
THE LUXURIE,COMPASSVALE ROAD,19,Non-Landed Properties,2,"3,900",70 to 80,700 to 800,Jan-23
FOREST WOODS,LORONG LEW LIAN,19,Non-Landed Properties,1,"3,600",40 to 50,500 to 600,Jan-23
A TREASURE TROVE,PUNGGOL WALK,19,Non-Landed Properties,3,"4,300",90 to 100,"1,000 to 1,100",Jan-23
RESIDENCES BOTANIQUE,YIO CHU KANG ROAD,19,Non-Landed Properties,2,"3,900",80 to 90,800 to 900,Jan-23
THE MINTON,HOUGANG STREET 11,19,Non-Landed Properties,3,"4,600",110 to 120,"1,200 to 1,300",Jan-23
BOTANIQUE AT BARTLEY,UPPER PAYA LEBAR ROAD,19,Non-Landed Properties,2,"3,900",60 to 70,600 to 700,Jan-23
THE PROMENADE@PELIKAT,JALAN PELIKAT,19,Non-Landed Properties,1,"2,600",40 to 50,400 to 500,Jan-23
STARS OF KOVAN,UPPER SERANGOON ROAD,19,Non-Landed Properties,1,"3,200",40 to 50,500 to 600,Jan-23
ICB SHOPPING CENTRE,YIO CHU KANG ROAD,19,Non-Landed Properties,NA,"2,050",130 to 140,"1,400 to 1,500",Jan-23
FLO RESIDENCE,PUNGGOL FIELD WALK,19,Non-Landed Properties,3,"3,650",80 to 90,"900 to 1,000",Jan-23
BARTLEY RESIDENCES,LORONG HOW SUN,19,Non-Landed Properties,2,"3,800",70 to 80,700 to 800,Jan-23
JEWEL @ BUANGKOK,COMPASSVALE BOW,19,Non-Landed Properties,3,"4,600",100 to 110,"1,100 to 1,200",Jan-23
A TREASURE TROVE,PUNGGOL WALK,19,Non-Landed Properties,2,"3,500",70 to 80,700 to 800,Jan-23
THE SCALA,SERANGOON AVENUE 3,19,Non-Landed Properties,3,"4,800",90 to 100,"1,000 to 1,100",Jan-23
EDEN VIEW,EDEN GROVE,19,Non-Landed Properties,3,"3,600",100 to 110,"1,000 to 1,100",Jan-23
FOREST WOODS,LORONG LEW LIAN,19,Non-Landed Properties,2,"3,900",60 to 70,700 to 800,Jan-23
LA DOLCE VITA,UPPER PAYA LEBAR ROAD,19,Non-Landed Properties,3,"7,500",200 to 210,"2,100 to 2,200",Jan-23
FLO RESIDENCE,PUNGGOL FIELD WALK,19,Non-Landed Properties,3,"3,900",90 to 100,"1,000 to 1,100",Jan-23
BOTANIQUE AT BARTLEY,UPPER PAYA LEBAR ROAD,19,Non-Landed Properties,2,"4,000",60 to 70,700 to 800,Jan-23
FOREST WOODS,LORONG LEW LIAN,19,Non-Landed Properties,3,"6,000",80 to 90,"900 to 1,000",Jan-23
THE VUE,UPPER PAYA LEBAR ROAD,19,Non-Landed Properties,1,"2,350",30 to 40,400 to 500,Jan-23
THE SPRINGBLOOM,SERANGOON AVENUE 3,19,Non-Landed Properties,3,"6,700",170 to 180,"1,800 to 1,900",Jan-23
THE SCALA,SERANGOON AVENUE 3,19,Non-Landed Properties,4,"7,000",110 to 120,"1,200 to 1,300",Jan-23
STARS OF KOVAN,UPPER SERANGOON ROAD,19,Non-Landed Properties,1,"3,100",40 to 50,500 to 600,Jan-23
THE GARDEN RESIDENCES,SERANGOON NORTH VIEW,19,Non-Landed Properties,3,"4,800",70 to 80,700 to 800,Jan-23
COMPASS HEIGHTS,SENGKANG SQUARE,19,Non-Landed Properties,3,"5,200",110 to 120,"1,200 to 1,300",Jan-23
KOVAN RESIDENCES,KOVAN ROAD,19,Non-Landed Properties,2,"4,000",80 to 90,800 to 900,Jan-23
STARS OF KOVAN,UPPER SERANGOON ROAD,19,Non-Landed Properties,1,"3,400",40 to 50,500 to 600,Jan-23
CASA CAMBIO,LIM TUA TOW ROAD,19,Non-Landed Properties,2,"3,800",60 to 70,700 to 800,Jan-23
CHILTERN PARK,SERANGOON AVENUE 3,19,Non-Landed Properties,2,"3,800",100 to 110,"1,100 to 1,200",Jan-23
KOVAN RESIDENCES,KOVAN ROAD,19,Non-Landed Properties,4,"7,200",160 to 170,"1,700 to 1,800",Jan-23
CHUAN PARK (DEMOLISHED),LORONG CHUAN,19,Non-Landed Properties,2,"3,400",100 to 110,"1,100 to 1,200",Jan-23
FOREST WOODS,LORONG LEW LIAN,19,Non-Landed Properties,2,"4,300",60 to 70,700 to 800,Jan-23
BOTANIQUE AT BARTLEY,UPPER PAYA LEBAR ROAD,19,Non-Landed Properties,3,"5,200",80 to 90,"900 to 1,000",Jan-23
STARS OF KOVAN,UPPER SERANGOON ROAD,19,Non-Landed Properties,1,"3,500",40 to 50,500 to 600,Jan-23
THE PROMENADE@PELIKAT,JALAN PELIKAT,19,Non-Landed Properties,2,"3,300",70 to 80,800 to 900,Jan-23
KINGSFORD WATERBAY,UPPER SERANGOON VIEW,19,Non-Landed Properties,2,"3,600",60 to 70,600 to 700,Jan-23
GLASGOW RESIDENCE,GLASGOW ROAD,19,Non-Landed Properties,2,"2,900",60 to 70,600 to 700,Jan-23
THE GARDEN RESIDENCES,SERANGOON NORTH VIEW,19,Non-Landed Properties,1,"3,300",40 to 50,400 to 500,Jan-23
THE SCALA,SERANGOON AVENUE 3,19,Non-Landed Properties,1,"3,300",40 to 50,400 to 500,Jan-23
SIMON PLAZA,KOVAN ROAD,19,Non-Landed Properties,NA,"4,000",150 to 160,"1,600 to 1,700",Jan-23
AMARANDA GARDENS,SERANGOON AVENUE 3,19,Non-Landed Properties,3,"5,500",100 to 110,"1,100 to 1,200",Jan-23
THE TEMBUSU,TAMPINES ROAD,19,Non-Landed Properties,2,"3,000",70 to 80,700 to 800,Jan-23
CHILTERN PARK,SERANGOON AVENUE 3,19,Non-Landed Properties,3,"3,900",110 to 120,"1,200 to 1,300",Jan-23
WATERTOWN,PUNGGOL CENTRAL,19,Non-Landed Properties,2,"3,800",70 to 80,800 to 900,Jan-23
FOREST WOODS,LORONG LEW LIAN,19,Non-Landed Properties,2,"4,200",50 to 60,600 to 700,Jan-23
SUNGLADE,SERANGOON AVENUE 2,19,Non-Landed Properties,2,"4,400",90 to 100,"1,000 to 1,100",Jan-23
LA FIESTA,SENGKANG SQUARE,19,Non-Landed Properties,2,"3,500",60 to 70,700 to 800,Jan-23
CHUAN PARK (DEMOLISHED),LORONG CHUAN,19,Non-Landed Properties,2,"3,200",100 to 110,"1,100 to 1,200",Jan-23
STARS OF KOVAN,UPPER SERANGOON ROAD,19,Non-Landed Properties,3,"3,850",80 to 90,"900 to 1,000",Jan-23
CHUAN PARK (DEMOLISHED),LORONG CHUAN,19,Non-Landed Properties,2,"4,500",190 to 200,"2,000 to 2,100",Jan-23
JEWEL @ BUANGKOK,COMPASSVALE BOW,19,Non-Landed Properties,3,"2,800",80 to 90,800 to 900,Jan-23
AMARANDA GARDENS,SERANGOON AVENUE 3,19,Non-Landed Properties,3,"4,500",100 to 110,"1,100 to 1,200",Jan-23
REGENTVILLE,HOUGANG STREET 92,19,Non-Landed Properties,3,"4,500",100 to 110,"1,100 to 1,200",Jan-23
THE TEMBUSU,TAMPINES ROAD,19,Non-Landed Properties,4,"5,900",120 to 130,"1,300 to 1,400",Jan-23
RIVERVALE CREST,RIVERVALE CRESCENT,19,Non-Landed Properties,3,"3,600",110 to 120,"1,100 to 1,200",Jan-23
GLASGOW RESIDENCE,GLASGOW ROAD,19,Non-Landed Properties,2,"3,700",60 to 70,600 to 700,Jan-23
STARS OF KOVAN,UPPER SERANGOON ROAD,19,Non-Landed Properties,1,"3,250",40 to 50,500 to 600,Jan-23
HOUGANG GREEN,BUANGKOK GREEN,19,Non-Landed Properties,3,"4,300",100 to 110,"1,100 to 1,200",Jan-23
THE MINTON,HOUGANG STREET 11,19,Non-Landed Properties,2,"4,200",90 to 100,"900 to 1,000",Jan-23
KINGSFORD WATERBAY,UPPER SERANGOON VIEW,19,Non-Landed Properties,1,"2,850",40 to 50,400 to 500,Jan-23
JEWEL @ BUANGKOK,COMPASSVALE BOW,19,Non-Landed Properties,2,"3,800",60 to 70,700 to 800,Jan-23
THE TEMBUSU,TAMPINES ROAD,19,Non-Landed Properties,1,"2,800",40 to 50,400 to 500,Jan-23
A TREASURE TROVE,PUNGGOL WALK,19,Non-Landed Properties,3,"4,800",110 to 120,"1,200 to 1,300",Jan-23
RIVERSOUND RESIDENCE,SENGKANG EAST AVENUE,19,Non-Landed Properties,3,"4,150",80 to 90,"900 to 1,000",Jan-23
THE QUARTZ,COMPASSVALE BOW,19,Non-Landed Properties,NA,"4,600",150 to 160,"1,600 to 1,700",Jan-23
TANGERINE GROVE,PAYA LEBAR CRESCENT,19,Non-Landed Properties,3,"4,200",110 to 120,"1,200 to 1,300",Jan-23
21 RICHARDS,RICHARDS AVENUE,19,Non-Landed Properties,1,"2,900",30 to 40,400 to 500,Jan-23
WATERTOWN,PUNGGOL CENTRAL,19,Non-Landed Properties,2,"2,900",70 to 80,800 to 900,Jan-23
BARTLEY RESIDENCES,LORONG HOW SUN,19,Non-Landed Properties,1,"2,700",40 to 50,400 to 500,Jan-23
KOVAN GRANDEUR,TAMPINES ROAD,19,Non-Landed Properties,1,"2,300",30 to 40,300 to 400,Jan-23
WATERTOWN,PUNGGOL CENTRAL,19,Non-Landed Properties,3,"6,200",100 to 110,"1,100 to 1,200",Jan-23
THE SCALA,SERANGOON AVENUE 3,19,Non-Landed Properties,2,"3,800",80 to 90,800 to 900,Jan-23
CHUAN PARK (DEMOLISHED),LORONG CHUAN,19,Non-Landed Properties,2,"4,000",100 to 110,"1,100 to 1,200",Jan-23
LA FIESTA,SENGKANG SQUARE,19,Non-Landed Properties,1,"3,000",40 to 50,400 to 500,Jan-23
LA FIESTA,SENGKANG SQUARE,19,Non-Landed Properties,3,"4,200",90 to 100,"1,000 to 1,100",Jan-23
PARC CENTROS,PUNGGOL CENTRAL,19,Non-Landed Properties,1,"2,800",40 to 50,400 to 500,Jan-23
KOVAN REGENCY,KOVAN RISE,19,Non-Landed Properties,2,"3,000",50 to 60,500 to 600,Jan-23
WATERTOWN,PUNGGOL CENTRAL,19,Non-Landed Properties,1,"3,500",40 to 50,500 to 600,Jan-23
3@SANDILANDS,SANDILANDS ROAD,19,Non-Landed Properties,2,"2,600",70 to 80,700 to 800,Jan-23
BAYOU RESIDENCE,UPPER PAYA LEBAR ROAD,19,Non-Landed Properties,3,"3,000",80 to 90,"900 to 1,000",Jan-23
THE SCALA,SERANGOON AVENUE 3,19,Non-Landed Properties,1,"3,000",40 to 50,400 to 500,Jan-23
TANGERINE GROVE,PAYA LEBAR CRESCENT,19,Non-Landed Properties,3,"5,000",140 to 150,"1,600 to 1,700",Jan-23
TERRASSE,TERRASSE LANE,19,Non-Landed Properties,3,"5,900",140 to 150,"1,500 to 1,600",Jan-23
KOVAN REGENCY,KOVAN RISE,19,Non-Landed Properties,2,"3,700",70 to 80,700 to 800,Jan-23
NON-LANDED HOUSING DEVELOPMENT,UPPER PAYA LEBAR ROAD,19,Non-Landed Properties,NA,"10,000",110 to 120,"1,200 to 1,300",Jan-23
GLASGOW RESIDENCE,GLASGOW ROAD,19,Non-Landed Properties,NA,"2,600",30 to 40,400 to 500,Jan-23
RIVERVALE CREST,RIVERVALE CRESCENT,19,Non-Landed Properties,2,"2,300",90 to 100,"900 to 1,000",Jan-23
WATERTOWN,PUNGGOL CENTRAL,19,Non-Landed Properties,3,"5,000",100 to 110,"1,100 to 1,200",Jan-23
REGENTVILLE,HOUGANG STREET 92,19,Non-Landed Properties,2,"3,600",90 to 100,"900 to 1,000",Jan-23
JEWEL @ BUANGKOK,COMPASSVALE BOW,19,Non-Landed Properties,2,"3,800",60 to 70,700 to 800,Jan-23
THE LUXURIE,COMPASSVALE ROAD,19,Non-Landed Properties,2,"3,300",70 to 80,700 to 800,Jan-23
THE TEMBUSU,TAMPINES ROAD,19,Non-Landed Properties,1,"3,000",40 to 50,400 to 500,Jan-23
JEWEL @ BUANGKOK,COMPASSVALE BOW,19,Non-Landed Properties,2,"3,200",60 to 70,700 to 800,Jan-23
WATERTOWN,PUNGGOL CENTRAL,19,Non-Landed Properties,1,"3,600",40 to 50,500 to 600,Jan-23
KOVAN MELODY,KOVAN ROAD,19,Non-Landed Properties,3,"5,400",120 to 130,"1,300 to 1,400",Jan-23
BOATHOUSE RESIDENCES,UPPER SERANGOON VIEW,19,Non-Landed Properties,1,"2,900",60 to 70,700 to 800,Jan-23
KINGSFORD WATERBAY,UPPER SERANGOON VIEW,19,Non-Landed Properties,1,"2,900",40 to 50,400 to 500,Jan-23
A TREASURE TROVE,PUNGGOL WALK,19,Non-Landed Properties,2,"2,800",90 to 100,"1,000 to 1,100",Jan-23
THE LUXURIE,COMPASSVALE ROAD,19,Non-Landed Properties,2,"3,700",60 to 70,700 to 800,Jan-23
JEWEL @ BUANGKOK,COMPASSVALE BOW,19,Non-Landed Properties,2,"3,800",60 to 70,700 to 800,Jan-23
BARTLEY RESIDENCES,LORONG HOW SUN,19,Non-Landed Properties,3,"5,600",100 to 110,"1,100 to 1,200",Jan-23
KOVAN MELODY,KOVAN ROAD,19,Non-Landed Properties,3,"5,300",100 to 110,"1,100 to 1,200",Jan-23
THE MINTON,HOUGANG STREET 11,19,Non-Landed Properties,3,"5,200",120 to 130,"1,300 to 1,400",Jan-23
THE QUARTZ,COMPASSVALE BOW,19,Non-Landed Properties,NA,"4,800",90 to 100,"1,000 to 1,100",Jan-23
PARC CENTROS,PUNGGOL CENTRAL,19,Non-Landed Properties,2,"3,500",70 to 80,700 to 800,Jan-23
VIBES@UPPER SERANGOON,UPPER SERANGOON ROAD,19,Non-Landed Properties,1,"3,500",30 to 40,400 to 500,Jan-23
ROSALIA PARK,LORONG ONG LYE,19,Non-Landed Properties,3,"4,200",130 to 140,"1,400 to 1,500",Jan-23
OASIS GARDEN,JALAN BUNGA RAMPAI,19,Non-Landed Properties,2,"4,500",80 to 90,"900 to 1,000",Jan-23
WATERTOWN,PUNGGOL CENTRAL,19,Non-Landed Properties,1,"3,250",40 to 50,500 to 600,Jan-23
STARS OF KOVAN,UPPER SERANGOON ROAD,19,Non-Landed Properties,1,"2,600",40 to 50,500 to 600,Jan-23
WATERTOWN,PUNGGOL CENTRAL,19,Non-Landed Properties,1,"2,500",50 to 60,500 to 600,Jan-23
THE MINTON,HOUGANG STREET 11,19,Non-Landed Properties,2,"4,100",90 to 100,"900 to 1,000",Jan-23
THE GARDEN RESIDENCES,SERANGOON NORTH VIEW,19,Non-Landed Properties,3,"4,300",70 to 80,700 to 800,Jan-23
FORTUNE PARK,TAMPINES ROAD,19,Non-Landed Properties,3,"3,900",110 to 120,"1,100 to 1,200",Jan-23
FLO RESIDENCE,PUNGGOL FIELD WALK,19,Non-Landed Properties,3,"4,100",80 to 90,"900 to 1,000",Jan-23
WATERTOWN,PUNGGOL CENTRAL,19,Non-Landed Properties,NA,"3,200",50 to 60,500 to 600,Jan-23
EVERGREEN PARK,HOUGANG AVENUE 7,19,Non-Landed Properties,3,"4,350",100 to 110,"1,000 to 1,100",Jan-23
MIDTOWN RESIDENCES,UPPER SERANGOON ROAD,19,Non-Landed Properties,2,"3,600",60 to 70,600 to 700,Jan-23
PARC CENTROS,PUNGGOL CENTRAL,19,Non-Landed Properties,1,"2,100",50 to 60,500 to 600,Jan-23
KOVAN REGENCY,KOVAN RISE,19,Non-Landed Properties,3,"5,800",100 to 110,"1,100 to 1,200",Jan-23
PRESTIGE POINT,UPPER PAYA LEBAR ROAD,19,Non-Landed Properties,3,"3,000",80 to 90,"900 to 1,000",Jan-23
PARK RESIDENCES KOVAN,UPPER SERANGOON ROAD,19,Non-Landed Properties,1,"2,750",30 to 40,300 to 400,Jan-23
THE SPRINGBLOOM,SERANGOON AVENUE 3,19,Non-Landed Properties,3,"4,600",100 to 110,"1,100 to 1,200",Jan-23
THE WATERLINE,POH HUAT ROAD WEST,19,Non-Landed Properties,1,"2,800",70 to 80,700 to 800,Jan-23
ISUITES @ PALM,GLASGOW ROAD,19,Non-Landed Properties,2,"3,300",50 to 60,600 to 700,Jan-23
TERRASSE,TERRASSE LANE,19,Non-Landed Properties,3,"4,650",140 to 150,"1,500 to 1,600",Jan-23
THE LUXURIE,COMPASSVALE ROAD,19,Non-Landed Properties,3,"4,500",90 to 100,"1,000 to 1,100",Jan-23
THE GARDEN RESIDENCES,SERANGOON NORTH VIEW,19,Non-Landed Properties,2,"3,500",50 to 60,600 to 700,Jan-23
MIDTOWN RESIDENCES,UPPER SERANGOON ROAD,19,Non-Landed Properties,1,"2,900",40 to 50,400 to 500,Jan-23
PEOPLE'S GARDEN,LORONG 1 REALTY PARK,19,Non-Landed Properties,NA,"4,500",110 to 120,"1,200 to 1,300",Jan-23
AMARANDA GARDENS,SERANGOON AVENUE 3,19,Non-Landed Properties,4,"9,500",220 to 230,"2,400 to 2,500",Jan-23
KOVAN RESIDENCES,KOVAN ROAD,19,Non-Landed Properties,3,"4,400",110 to 120,"1,200 to 1,300",Jan-23
RIO VISTA,UPPER SERANGOON VIEW,19,Non-Landed Properties,3,"4,500",110 to 120,"1,200 to 1,300",Jan-23
BARTLEY RESIDENCES,LORONG HOW SUN,19,Non-Landed Properties,1,"3,200",40 to 50,400 to 500,Jan-23
THE SPRINGBLOOM,SERANGOON AVENUE 3,19,Non-Landed Properties,2,"4,000",100 to 110,"1,100 to 1,200",Jan-23
THE SCALA,SERANGOON AVENUE 3,19,Non-Landed Properties,2,"4,000",70 to 80,800 to 900,Jan-23
THE QUINN,BARTLEY ROAD,19,Non-Landed Properties,1,"4,650",90 to 100,"1,000 to 1,100",Jan-23
BARTLEY RESIDENCES,LORONG HOW SUN,19,Non-Landed Properties,3,"5,500",100 to 110,"1,000 to 1,100",Jan-23
A TREASURE TROVE,PUNGGOL WALK,19,Non-Landed Properties,3,"4,500",90 to 100,"1,000 to 1,100",Jan-23
WATERTOWN,PUNGGOL CENTRAL,19,Non-Landed Properties,1,"3,100",40 to 50,500 to 600,Jan-23
FOREST WOODS,LORONG LEW LIAN,19,Non-Landed Properties,NA,"5,250",80 to 90,"900 to 1,000",Jan-23
A TREASURE TROVE,PUNGGOL WALK,19,Non-Landed Properties,3,"4,300",100 to 110,"1,100 to 1,200",Jan-23
FONTAINE PARRY,POH HUAT ROAD,19,Non-Landed Properties,2,"3,800",80 to 90,"900 to 1,000",Jan-23
WATERTOWN,PUNGGOL CENTRAL,19,Non-Landed Properties,1,"3,400",50 to 60,500 to 600,Jan-23
KENSINGTON PARK CONDOMINIUM,KENSINGTON PARK DRIVE,19,Non-Landed Properties,3,"3,800",160 to 170,"1,700 to 1,800",Jan-23
THE GARDEN RESIDENCES,SERANGOON NORTH VIEW,19,Non-Landed Properties,1,"3,600",40 to 50,400 to 500,Jan-23
THE SCALA,SERANGOON AVENUE 3,19,Non-Landed Properties,2,"4,800",70 to 80,800 to 900,Jan-23
LA FIESTA,SENGKANG SQUARE,19,Non-Landed Properties,1,"3,200",40 to 50,400 to 500,Jan-23
THE LUXURIE,COMPASSVALE ROAD,19,Non-Landed Properties,4,"6,000",120 to 130,"1,300 to 1,400",Jan-23
STARS OF KOVAN,UPPER SERANGOON ROAD,19,Non-Landed Properties,2,"4,000",60 to 70,700 to 800,Jan-23
JEWEL @ BUANGKOK,COMPASSVALE BOW,19,Non-Landed Properties,1,"3,000",40 to 50,400 to 500,Jan-23
BARTLEY RESIDENCES,LORONG HOW SUN,19,Non-Landed Properties,2,"4,500",80 to 90,"900 to 1,000",Jan-23
SUITES @ PAYA LEBAR,UPPER PAYA LEBAR ROAD,19,Non-Landed Properties,1,"2,700",30 to 40,400 to 500,Jan-23
CASA CAMBIO,LIM TUA TOW ROAD,19,Non-Landed Properties,1,"2,600",40 to 50,400 to 500,Jan-23
A TREASURE TROVE,PUNGGOL WALK,19,Non-Landed Properties,2,"3,950",70 to 80,700 to 800,Jan-23
TRILIVE,TAMPINES ROAD,19,Non-Landed Properties,2,"3,200",50 to 60,500 to 600,Jan-23
THE PROMENADE@PELIKAT,JALAN PELIKAT,19,Non-Landed Properties,1,"2,700",40 to 50,400 to 500,Jan-23
FLO RESIDENCE,PUNGGOL FIELD WALK,19,Non-Landed Properties,2,"4,000",70 to 80,700 to 800,Jan-23
BOTANIQUE AT BARTLEY,UPPER PAYA LEBAR ROAD,19,Non-Landed Properties,1,"3,300",40 to 50,500 to 600,Jan-23
URBAN RESIDENCES,LORONG AH SOO,19,Non-Landed Properties,1,"2,900",40 to 50,400 to 500,Jan-23
WATERTOWN,PUNGGOL CENTRAL,19,Non-Landed Properties,3,"5,650",100 to 110,"1,100 to 1,200",Jan-23
REGENTVILLE,HOUGANG STREET 92,19,Non-Landed Properties,3,"3,200",100 to 110,"1,100 to 1,200",Jan-23
A TREASURE TROVE,PUNGGOL WALK,19,Non-Landed Properties,2,"3,900",70 to 80,700 to 800,Jan-23
KINGSFORD WATERBAY,UPPER SERANGOON VIEW,19,Non-Landed Properties,2,"3,500",60 to 70,600 to 700,Jan-23
KINGSFORD WATERBAY,UPPER SERANGOON VIEW,19,Non-Landed Properties,3,"4,000",70 to 80,800 to 900,Jan-23
CHUAN PARK (DEMOLISHED),LORONG CHUAN,19,Non-Landed Properties,2,"4,000",190 to 200,"2,000 to 2,100",Jan-23
KOVAN RESIDENCES,KOVAN ROAD,19,Non-Landed Properties,2,"4,200",80 to 90,800 to 900,Jan-23
A TREASURE TROVE,PUNGGOL WALK,19,Non-Landed Properties,2,"3,300",70 to 80,700 to 800,Jan-23
MIDTOWN RESIDENCES,UPPER SERANGOON ROAD,19,Non-Landed Properties,2,"3,300",50 to 60,600 to 700,Jan-23
JEWEL @ BUANGKOK,COMPASSVALE BOW,19,Non-Landed Properties,3,"4,000",80 to 90,800 to 900,Jan-23
CASA RIVIERA,LIM TUA TOW ROAD,19,Non-Landed Properties,NA,"3,900",100 to 110,"1,100 to 1,200",Jan-23
A TREASURE TROVE,PUNGGOL WALK,19,Non-Landed Properties,2,"3,200",70 to 80,700 to 800,Jan-23
CHILTERN PARK,SERANGOON AVENUE 3,19,Non-Landed Properties,3,"2,800",140 to 150,"1,500 to 1,600",Jan-23
THE LUXURIE,COMPASSVALE ROAD,19,Non-Landed Properties,2,"3,000",70 to 80,700 to 800,Jan-23
JADE RESIDENCES,LEW LIAN VALE,19,Non-Landed Properties,3,"3,300",60 to 70,700 to 800,Jan-23
THE CHUAN,LORONG CHUAN,19,Non-Landed Properties,3,"6,500",110 to 120,"1,200 to 1,300",Jan-23
SPACE @ KOVAN,YIO CHU KANG ROAD,19,Non-Landed Properties,2,"3,000",50 to 60,600 to 700,Jan-23
THE CHUAN,LORONG CHUAN,19,Non-Landed Properties,2,"5,100",80 to 90,"900 to 1,000",Jan-23
THE SCALA,SERANGOON AVENUE 3,19,Non-Landed Properties,2,"3,800",70 to 80,800 to 900,Jan-23
THE SCALA,SERANGOON AVENUE 3,19,Non-Landed Properties,2,"5,150",70 to 80,800 to 900,Jan-23
VIBES @ KOVAN,KOVAN ROAD,19,Non-Landed Properties,2,"3,100",80 to 90,"900 to 1,000",Jan-23
THE LUXURIE,COMPASSVALE ROAD,19,Non-Landed Properties,3,"4,400",90 to 100,"1,000 to 1,100",Jan-23
FOREST WOODS,LORONG LEW LIAN,19,Non-Landed Properties,NA,"4,300",50 to 60,600 to 700,Jan-23
PALM HAVEN,PALM GROVE AVENUE,19,Non-Landed Properties,3,"4,550",180 to 190,"1,900 to 2,000",Jan-23
LA FIESTA,SENGKANG SQUARE,19,Non-Landed Properties,4,"5,700",130 to 140,"1,400 to 1,500",Jan-23
CHILTERN PARK,SERANGOON AVENUE 3,19,Non-Landed Properties,4,"6,200",150 to 160,"1,600 to 1,700",Jan-23
SUNGLADE,SERANGOON AVENUE 2,19,Non-Landed Properties,3,"4,500",90 to 100,"1,000 to 1,100",Jan-23
THE MINTON,HOUGANG STREET 11,19,Non-Landed Properties,NA,"2,500",50 to 60,500 to 600,Jan-23
CHILTERN PARK,SERANGOON AVENUE 3,19,Non-Landed Properties,3,"7,000",140 to 150,"1,500 to 1,600",Jan-23
CHILTERN PARK,SERANGOON AVENUE 3,19,Non-Landed Properties,3,"6,000",140 to 150,"1,500 to 1,600",Jan-23
BLISS@KOVAN,SIMON LANE,19,Non-Landed Properties,2,"3,100",80 to 90,"900 to 1,000",Jan-23
AMARANDA GARDENS,SERANGOON AVENUE 3,19,Non-Landed Properties,3,"5,100",110 to 120,"1,100 to 1,200",Jan-23
GOLDEN HEIGHTS,SERANGOON AVENUE 3,19,Non-Landed Properties,3,"5,600",110 to 120,"1,200 to 1,300",Jan-23
CARDIFF RESIDENCE,CARDIFF GROVE,19,Non-Landed Properties,1,"2,000",30 to 40,400 to 500,Jan-23
CARDIFF RESIDENCE,CARDIFF GROVE,19,Non-Landed Properties,1,"2,800",30 to 40,400 to 500,Jan-23
NON-LANDED HOUSING DEVELOPMENT,UPPER PAYA LEBAR ROAD,19,Non-Landed Properties,NA,"1,500",80 to 90,800 to 900,Jan-23
THE GARDEN RESIDENCES,SERANGOON NORTH VIEW,19,Non-Landed Properties,1,"3,000",40 to 50,400 to 500,Jan-23
KOVAN GRANDEUR,TAMPINES ROAD,19,Non-Landed Properties,1,"3,500",30 to 40,300 to 400,Jan-23
A TREASURE TROVE,PUNGGOL WALK,19,Non-Landed Properties,3,"4,200",100 to 110,"1,100 to 1,200",Jan-23
THE MINTON,HOUGANG STREET 11,19,Non-Landed Properties,2,"3,600",90 to 100,"900 to 1,000",Jan-23
RIVERSAILS,UPPER SERANGOON CRESCENT,19,Non-Landed Properties,1,"2,800",60 to 70,600 to 700,Jan-23
RESIDENCES BOTANIQUE,YIO CHU KANG ROAD,19,Non-Landed Properties,3,"4,800",110 to 120,"1,100 to 1,200",Jan-23
LA FIESTA,SENGKANG SQUARE,19,Non-Landed Properties,2,"3,450",60 to 70,700 to 800,Jan-23
KENSINGTON SQUARE,JALAN LOKAM,19,Non-Landed Properties,1,"3,200",40 to 50,400 to 500,Jan-23
KENSINGTON SQUARE,JALAN LOKAM,19,Non-Landed Properties,2,"3,250",80 to 90,"900 to 1,000",Jan-23
FORTUNE PARK,TAMPINES ROAD,19,Non-Landed Properties,3,"3,800",90 to 100,"900 to 1,000",Jan-23
STARS OF KOVAN,UPPER SERANGOON ROAD,19,Non-Landed Properties,2,"4,000",60 to 70,700 to 800,Jan-23
CHILTERN PARK,SERANGOON AVENUE 3,19,Non-Landed Properties,3,"3,500",120 to 130,"1,300 to 1,400",Jan-23
TERRASSE,TERRASSE LANE,19,Non-Landed Properties,3,"3,800",100 to 110,"1,100 to 1,200",Jan-23
CARDIFF RESIDENCE,CARDIFF GROVE,19,Non-Landed Properties,1,"3,300",30 to 40,400 to 500,Jan-23
THE PROMENADE@PELIKAT,JALAN PELIKAT,19,Non-Landed Properties,1,"2,600",30 to 40,400 to 500,Jan-23
CARDIFF RESIDENCE,CARDIFF GROVE,19,Non-Landed Properties,2,"3,000",50 to 60,600 to 700,Jan-23
RIVERSAILS,UPPER SERANGOON CRESCENT,19,Non-Landed Properties,1,"2,900",40 to 50,500 to 600,Jan-23
KINGSFORD WATERBAY,UPPER SERANGOON VIEW,19,Non-Landed Properties,1,"2,880",40 to 50,400 to 500,Jan-23
LA FIESTA,SENGKANG SQUARE,19,Non-Landed Properties,2,"2,550",60 to 70,700 to 800,Jan-23
STARS OF KOVAN,UPPER SERANGOON ROAD,19,Non-Landed Properties,2,"4,500",60 to 70,700 to 800,Jan-23
RIVERSAILS,UPPER SERANGOON CRESCENT,19,Non-Landed Properties,2,"2,700",80 to 90,800 to 900,Jan-23
RIVER ISLES,EDGEDALE PLAINS,19,Non-Landed Properties,3,"4,500",80 to 90,800 to 900,Jan-23
JEWEL @ BUANGKOK,COMPASSVALE BOW,19,Non-Landed Properties,1,"3,150",50 to 60,500 to 600,Jan-23
PARC CENTROS,PUNGGOL CENTRAL,19,Non-Landed Properties,3,"4,550",100 to 110,"1,100 to 1,200",Jan-23
BARTLEY RESIDENCES,LORONG HOW SUN,19,Non-Landed Properties,1,"3,100",40 to 50,400 to 500,Jan-23
THE GARDEN RESIDENCES,SERANGOON NORTH VIEW,19,Non-Landed Properties,2,"3,600",60 to 70,600 to 700,Jan-23
KOVAN REGENCY,KOVAN RISE,19,Non-Landed Properties,1,"3,200",40 to 50,500 to 600,Jan-23
CHUAN PARK (DEMOLISHED),LORONG CHUAN,19,Non-Landed Properties,3,"5,600",140 to 150,"1,500 to 1,600",Jan-23
WATERTOWN,PUNGGOL CENTRAL,19,Non-Landed Properties,1,"3,500",50 to 60,500 to 600,Jan-23
LA FIESTA,SENGKANG SQUARE,19,Non-Landed Properties,2,"3,800",60 to 70,700 to 800,Jan-23
FOREST WOODS,LORONG LEW LIAN,19,Non-Landed Properties,1,"2,900",40 to 50,500 to 600,Jan-23
FLO RESIDENCE,PUNGGOL FIELD WALK,19,Non-Landed Properties,3,"4,450",80 to 90,"900 to 1,000",Jan-23
FOREST WOODS,LORONG LEW LIAN,19,Non-Landed Properties,1,"3,600",40 to 50,500 to 600,Jan-23
GAMBIR RIDGE,GAMBIR WALK,19,Non-Landed Properties,2,"3,650",60 to 70,700 to 800,Jan-23
THE QUINN,BARTLEY ROAD,19,Non-Landed Properties,3,"4,500",90 to 100,"1,000 to 1,100",Jan-23
STARS OF KOVAN,UPPER SERANGOON ROAD,19,Non-Landed Properties,3,"4,500",80 to 90,"900 to 1,000",Jan-23
THE MINTON,HOUGANG STREET 11,19,Non-Landed Properties,2,"3,100",90 to 100,"900 to 1,000",Jan-23
PARC VERA,HOUGANG STREET 32,19,Non-Landed Properties,3,"4,400",100 to 110,"1,100 to 1,200",Jan-23
SUITES @ PAYA LEBAR,UPPER PAYA LEBAR ROAD,19,Non-Landed Properties,NA,"3,500",50 to 60,600 to 700,Jan-23
PARC CENTROS,PUNGGOL CENTRAL,19,Non-Landed Properties,3,"4,200",90 to 100,"900 to 1,000",Jan-23
PARC VERA,HOUGANG STREET 32,19,Non-Landed Properties,2,"3,350",80 to 90,800 to 900,Jan-23
MIDTOWN RESIDENCES,UPPER SERANGOON ROAD,19,Non-Landed Properties,1,"1,850",40 to 50,400 to 500,Jan-23
LA FIESTA,SENGKANG SQUARE,19,Non-Landed Properties,2,"3,500",60 to 70,700 to 800,Jan-23
CHERRYHILL,LORONG LEW LIAN,19,Non-Landed Properties,2,"3,800",90 to 100,"1,000 to 1,100",Jan-23
CASA CAMBIO,LIM TUA TOW ROAD,19,Non-Landed Properties,1,"3,050",30 to 40,400 to 500,Jan-23
LA FIESTA,SENGKANG SQUARE,19,Non-Landed Properties,3,"3,500",90 to 100,"1,000 to 1,100",Jan-23
BOTANIQUE AT BARTLEY,UPPER PAYA LEBAR ROAD,19,Non-Landed Properties,2,"4,000",60 to 70,600 to 700,Jan-23
MIDTOWN RESIDENCES,UPPER SERANGOON ROAD,19,Non-Landed Properties,2,"3,300",50 to 60,600 to 700,Jan-23
KINGSFORD WATERBAY,UPPER SERANGOON VIEW,19,Non-Landed Properties,2,"3,500",60 to 70,600 to 700,Jan-23
JEWEL @ BUANGKOK,COMPASSVALE BOW,19,Non-Landed Properties,2,"3,300",60 to 70,700 to 800,Jan-23
KOVAN MELODY,KOVAN ROAD,19,Non-Landed Properties,3,"6,000",100 to 110,"1,100 to 1,200",Jan-23
THE SUNSHINE,SUNSHINE TERRACE,19,Non-Landed Properties,3,"5,750",100 to 110,"1,100 to 1,200",Jan-23
JADE RESIDENCES,LEW LIAN VALE,19,Non-Landed Properties,3,"4,000",60 to 70,700 to 800,Jan-23
KOVAN MELODY,KOVAN ROAD,19,Non-Landed Properties,3,"5,400",110 to 120,"1,200 to 1,300",Jan-23
THE VUE,UPPER PAYA LEBAR ROAD,19,Non-Landed Properties,1,"2,000",30 to 40,400 to 500,Jan-23
GAMBIR RIDGE,GAMBIR WALK,19,Non-Landed Properties,1,"2,600",50 to 60,600 to 700,Jan-23
THE MINTON,HOUGANG STREET 11,19,Non-Landed Properties,NA,"3,100",60 to 70,600 to 700,Jan-23
HOUGANG GREEN,BUANGKOK GREEN,19,Non-Landed Properties,3,"3,400",100 to 110,"1,100 to 1,200",Jan-23
CHUAN PARK (DEMOLISHED),LORONG CHUAN,19,Non-Landed Properties,2,"3,100",100 to 110,"1,100 to 1,200",Jan-23
THE SCALA,SERANGOON AVENUE 3,19,Non-Landed Properties,2,"3,800",40 to 50,400 to 500,Jan-23
WATERTOWN,PUNGGOL CENTRAL,19,Non-Landed Properties,NA,"2,800",50 to 60,600 to 700,Jan-23
A TREASURE TROVE,PUNGGOL WALK,19,Non-Landed Properties,3,"4,400",100 to 110,"1,100 to 1,200",Jan-23
STARS OF KOVAN,UPPER SERANGOON ROAD,19,Non-Landed Properties,1,"3,100",40 to 50,500 to 600,Jan-23
PARC CENTROS,PUNGGOL CENTRAL,19,Non-Landed Properties,2,"3,700",70 to 80,700 to 800,Jan-23
KENSINGTON PARK CONDOMINIUM,KENSINGTON PARK DRIVE,19,Non-Landed Properties,3,"4,300",160 to 170,"1,700 to 1,800",Jan-23
RIO VISTA,UPPER SERANGOON VIEW,19,Non-Landed Properties,3,"3,800",110 to 120,"1,200 to 1,300",Jan-23
FOREST WOODS,LORONG LEW LIAN,19,Non-Landed Properties,1,"3,200",40 to 50,500 to 600,Jan-23
CHILTERN PARK,SERANGOON AVENUE 3,19,Non-Landed Properties,2,"4,000",80 to 90,"900 to 1,000",Jan-23
THE CHUAN,LORONG CHUAN,19,Non-Landed Properties,4,"8,000",150 to 160,"1,600 to 1,700",Jan-23
CHILTERN PARK,SERANGOON AVENUE 3,19,Non-Landed Properties,3,"3,500",110 to 120,"1,200 to 1,300",Jan-23
FLO RESIDENCE,PUNGGOL FIELD WALK,19,Non-Landed Properties,2,"3,400",80 to 90,800 to 900,Jan-23
BOTANIQUE AT BARTLEY,UPPER PAYA LEBAR ROAD,19,Non-Landed Properties,1,"2,900",40 to 50,400 to 500,Jan-23
THE QUARTZ,COMPASSVALE BOW,19,Non-Landed Properties,3,"4,400",120 to 130,"1,300 to 1,400",Jan-23
BOTANIQUE AT BARTLEY,UPPER PAYA LEBAR ROAD,19,Non-Landed Properties,2,"3,800",60 to 70,600 to 700,Jan-23
WATERTOWN,PUNGGOL CENTRAL,19,Non-Landed Properties,3,"4,500",100 to 110,"1,100 to 1,200",Jan-23
PARC CENTROS,PUNGGOL CENTRAL,19,Non-Landed Properties,3,"4,200",90 to 100,"900 to 1,000",Jan-23
WATERTOWN,PUNGGOL CENTRAL,19,Non-Landed Properties,1,"3,000",40 to 50,500 to 600,Jan-23
LA FIESTA,SENGKANG SQUARE,19,Non-Landed Properties,2,"4,100",60 to 70,700 to 800,Jan-23
THE TEMBUSU,TAMPINES ROAD,19,Non-Landed Properties,2,"4,200",70 to 80,700 to 800,Jan-23
TANGERINE GROVE,PAYA LEBAR CRESCENT,19,Non-Landed Properties,3,"4,700",130 to 140,"1,400 to 1,500",Jan-23
LEITH GROVE,LEITH PARK,19,Non-Landed Properties,2,"2,400",70 to 80,800 to 900,Jan-23
THE QUINN,BARTLEY ROAD,19,Non-Landed Properties,2,"3,000",80 to 90,800 to 900,Jan-23
CARDIFF RESIDENCE,CARDIFF GROVE,19,Non-Landed Properties,2,"3,500",50 to 60,600 to 700,Jan-23
FONTAINE PARRY,POH HUAT ROAD,19,Non-Landed Properties,3,"4,800",110 to 120,"1,200 to 1,300",Jan-23
LA FIESTA,SENGKANG SQUARE,19,Non-Landed Properties,3,"4,300",70 to 80,800 to 900,Jan-23
RIVERSAILS,UPPER SERANGOON CRESCENT,19,Non-Landed Properties,2,"3,600",80 to 90,"900 to 1,000",Jan-23
URBAN RESIDENCES,LORONG AH SOO,19,Non-Landed Properties,2,"4,000",110 to 120,"1,200 to 1,300",Jan-23
JEWEL @ BUANGKOK,COMPASSVALE BOW,19,Non-Landed Properties,2,"3,100",60 to 70,600 to 700,Jan-23
LA FIESTA,SENGKANG SQUARE,19,Non-Landed Properties,1,"3,100",40 to 50,400 to 500,Jan-23
JEWEL @ BUANGKOK,COMPASSVALE BOW,19,Non-Landed Properties,2,"3,000",60 to 70,700 to 800,Jan-23
PARC CENTROS,PUNGGOL CENTRAL,19,Non-Landed Properties,3,"4,000",90 to 100,"900 to 1,000",Jan-23
KOVAN REGENCY,KOVAN RISE,19,Non-Landed Properties,1,"2,900",40 to 50,500 to 600,Jan-23
THE MINTON,HOUGANG STREET 11,19,Non-Landed Properties,3,"5,000",130 to 140,"1,400 to 1,500",Jan-23
KOVAN CREST,KOVAN ROAD,19,Non-Landed Properties,3,"3,300",110 to 120,"1,200 to 1,300",Jan-23
WATERTOWN,PUNGGOL CENTRAL,19,Non-Landed Properties,NA,"2,500",50 to 60,600 to 700,Jan-23
NON-LANDED HOUSING DEVELOPMENT,LOWLAND ROAD,19,Non-Landed Properties,NA,"1,500",70 to 80,700 to 800,Jan-23
NON-LANDED HOUSING DEVELOPMENT,UPPER PAYA LEBAR ROAD,19,Non-Landed Properties,NA,"2,800",60 to 70,700 to 800,Jan-23
NON-LANDED HOUSING DEVELOPMENT,LIM TUA TOW ROAD,19,Non-Landed Properties,NA,"1,800",70 to 80,800 to 900,Jan-23
NON-LANDED HOUSING DEVELOPMENT,BRIGHTON CRESCENT,19,Non-Landed Properties,NA,"3,000",80 to 90,"900 to 1,000",Jan-23
THE QUINN,BARTLEY ROAD,19,Non-Landed Properties,1,"2,300",50 to 60,500 to 600,Jan-23
NON-LANDED HOUSING DEVELOPMENT,UPPER SERANGOON ROAD,19,Non-Landed Properties,NA,"2,600",130 to 140,"1,400 to 1,500",Jan-23
THE MINTON,HOUGANG STREET 11,19,Non-Landed Properties,2,"3,950",90 to 100,"900 to 1,000",Jan-23
GAMBIR RIDGE,GAMBIR WALK,19,Non-Landed Properties,1,"3,000",50 to 60,500 to 600,Jan-23
KOVAN PRIMERA,KOVAN ROAD,19,Non-Landed Properties,2,"2,500",80 to 90,"900 to 1,000",Jan-23
FONTAINE PARRY,POH HUAT ROAD,19,Non-Landed Properties,2,"4,100",100 to 110,"1,000 to 1,100",Jan-23
PARC CENTROS,PUNGGOL CENTRAL,19,Non-Landed Properties,3,"3,600",90 to 100,"900 to 1,000",Jan-23
JADE RESIDENCES,LEW LIAN VALE,19,Non-Landed Properties,3,"2,800",70 to 80,800 to 900,Jan-23
THE BENTLY RESIDENCES@KOVAN,KOVAN ROAD,19,Non-Landed Properties,1,"3,000",40 to 50,400 to 500,Jan-23
THE PROMENADE@PELIKAT,JALAN PELIKAT,19,Non-Landed Properties,2,"3,150",80 to 90,800 to 900,Jan-23
PARC VERA,HOUGANG STREET 32,19,Non-Landed Properties,2,"2,850",60 to 70,700 to 800,Jan-23
CASA CAMBIO,LIM TUA TOW ROAD,19,Non-Landed Properties,3,"4,500",110 to 120,"1,200 to 1,300",Jan-23
THE SCALA,SERANGOON AVENUE 3,19,Non-Landed Properties,2,"4,800",80 to 90,800 to 900,Jan-23
JEWEL @ BUANGKOK,COMPASSVALE BOW,19,Non-Landed Properties,3,"4,100",80 to 90,800 to 900,Jan-23
THE MINTON,HOUGANG STREET 11,19,Non-Landed Properties,2,"3,400",100 to 110,"1,000 to 1,100",Jan-23
KOVAN MELODY,KOVAN ROAD,19,Non-Landed Properties,3,"7,800",120 to 130,"1,200 to 1,300",Jan-23
WATERTOWN,PUNGGOL CENTRAL,19,Non-Landed Properties,3,"5,600",120 to 130,"1,300 to 1,400",Jan-23
KENSINGTON PARK CONDOMINIUM,KENSINGTON PARK DRIVE,19,Non-Landed Properties,3,"4,500",150 to 160,"1,600 to 1,700",Jan-23
TRILIVE,TAMPINES ROAD,19,Non-Landed Properties,3,"4,700",80 to 90,800 to 900,Jan-23
CASA CAMBIO,LIM TUA TOW ROAD,19,Non-Landed Properties,2,"3,200",50 to 60,500 to 600,Jan-23
ICB SHOPPING CENTRE,YIO CHU KANG ROAD,19,Non-Landed Properties,NA,"1,700",130 to 140,"1,400 to 1,500",Jan-23
CARDIFF RESIDENCE,CARDIFF GROVE,19,Non-Landed Properties,1,"2,400",30 to 40,400 to 500,Jan-23
JADE RESIDENCES,LEW LIAN VALE,19,Non-Landed Properties,3,"4,050",70 to 80,700 to 800,Jan-23
D'ZIRE,ROBEY CRESCENT,19,Non-Landed Properties,2,"3,100",70 to 80,700 to 800,Jan-23
THE GARDEN RESIDENCES,SERANGOON NORTH VIEW,19,Non-Landed Properties,1,"3,200",40 to 50,400 to 500,Jan-23
WATERTOWN,PUNGGOL CENTRAL,19,Non-Landed Properties,NA,"3,500",50 to 60,500 to 600,Jan-23
JEWEL @ BUANGKOK,COMPASSVALE BOW,19,Non-Landed Properties,3,"3,200",80 to 90,800 to 900,Jan-23
REGENTVILLE,HOUGANG STREET 92,19,Non-Landed Properties,2,"3,400",90 to 100,"900 to 1,000",Jan-23
LA FIESTA,SENGKANG SQUARE,19,Non-Landed Properties,2,"3,600",70 to 80,700 to 800,Jan-23
SERANGOON GARDEN ESTATE,KENSINGTON PARK ROAD,19,Non-Landed Properties,NA,"3,800",80 to 90,"900 to 1,000",Jan-23
SANCTUARY @ 813,UPPER SERANGOON ROAD,19,Non-Landed Properties,2,"4,200",80 to 90,800 to 900,Jan-23
FONTAINE PARRY,POH HUAT ROAD,19,Non-Landed Properties,2,"5,100",130 to 140,"1,400 to 1,500",Jan-23
THE SPRINGBLOOM,SERANGOON AVENUE 3,19,Non-Landed Properties,3,"5,000",120 to 130,"1,300 to 1,400",Jan-23
KOVAN REGENCY,KOVAN RISE,19,Non-Landed Properties,2,"3,500",50 to 60,500 to 600,Jan-23
RIVERVALE CREST,RIVERVALE CRESCENT,19,Non-Landed Properties,3,"3,000",110 to 120,"1,200 to 1,300",Jan-23
URBAN RESIDENCES,LORONG AH SOO,19,Non-Landed Properties,2,"3,100",70 to 80,800 to 900,Jan-23
RIVERSAILS,UPPER SERANGOON CRESCENT,19,Non-Landed Properties,1,"3,250",40 to 50,500 to 600,Jan-23
FRAGRANT GARDENS,UPPER PAYA LEBAR ROAD,19,Non-Landed Properties,4,"4,400",190 to 200,"2,100 to 2,200",Jan-23
THE COURTYARD,LIM AH PIN ROAD,19,Non-Landed Properties,3,"4,500",110 to 120,"1,200 to 1,300",Jan-23
RIVER ISLES,EDGEDALE PLAINS,19,Non-Landed Properties,NA,"1,900",40 to 50,400 to 500,Jan-23
A TREASURE TROVE,PUNGGOL WALK,19,Non-Landed Properties,3,"4,650",100 to 110,"1,100 to 1,200",Jan-23
WATERTOWN,PUNGGOL CENTRAL,19,Non-Landed Properties,NA,"3,600",50 to 60,500 to 600,Jan-23
OASIS GARDEN,JALAN BUNGA RAMPAI,19,Non-Landed Properties,3,"4,700",110 to 120,"1,200 to 1,300",Jan-23
BARTLEY RESIDENCES,LORONG HOW SUN,19,Non-Landed Properties,2,"4,500",80 to 90,"900 to 1,000",Jan-23
THE GARDEN RESIDENCES,SERANGOON NORTH VIEW,19,Non-Landed Properties,3,"4,100",70 to 80,700 to 800,Jan-23
SUNGLADE,SERANGOON AVENUE 2,19,Non-Landed Properties,2,"3,000",80 to 90,800 to 900,Jan-23
BARTLEY RESIDENCES,LORONG HOW SUN,19,Non-Landed Properties,1,"2,700",40 to 50,400 to 500,Jan-23
THE SCALA,SERANGOON AVENUE 3,19,Non-Landed Properties,3,"4,400",90 to 100,"1,000 to 1,100",Jan-23
CHILTERN PARK,SERANGOON AVENUE 3,19,Non-Landed Properties,2,"3,600",80 to 90,"900 to 1,000",Jan-23
THE LUXURIE,COMPASSVALE ROAD,19,Non-Landed Properties,2,"3,550",70 to 80,700 to 800,Jan-23
CHUAN PARK (DEMOLISHED),LORONG CHUAN,19,Non-Landed Properties,2,"3,000",60 to 70,700 to 800,Jan-23
WATERTOWN,PUNGGOL CENTRAL,19,Non-Landed Properties,2,"3,800",80 to 90,"900 to 1,000",Jan-23
AMARANDA GARDENS,SERANGOON AVENUE 3,19,Non-Landed Properties,3,"4,200",100 to 110,"1,100 to 1,200",Jan-23
CASA CAMBIO,LIM TUA TOW ROAD,19,Non-Landed Properties,2,"3,000",60 to 70,600 to 700,Jan-23
KOVAN GRANDEUR,TAMPINES ROAD,19,Non-Landed Properties,2,"2,950",50 to 60,500 to 600,Jan-23
THE LUXURIE,COMPASSVALE ROAD,19,Non-Landed Properties,2,"4,000",70 to 80,700 to 800,Jan-23
THE LUXURIE,COMPASSVALE ROAD,19,Non-Landed Properties,2,"2,800",60 to 70,700 to 800,Jan-23
THE GARDEN RESIDENCES,SERANGOON NORTH VIEW,19,Non-Landed Properties,2,"3,800",60 to 70,700 to 800,Jan-23
THE QUARTZ,COMPASSVALE BOW,19,Non-Landed Properties,NA,"5,000",100 to 110,"1,100 to 1,200",Jan-23
WATERTOWN,PUNGGOL CENTRAL,19,Non-Landed Properties,1,"3,300",50 to 60,500 to 600,Jan-23
RIVERSOUND RESIDENCE,SENGKANG EAST AVENUE,19,Non-Landed Properties,4,"5,400",120 to 130,"1,300 to 1,400",Jan-23
THE GARDEN RESIDENCES,SERANGOON NORTH VIEW,19,Non-Landed Properties,1,"3,050",40 to 50,400 to 500,Jan-23
JEWEL @ BUANGKOK,COMPASSVALE BOW,19,Non-Landed Properties,3,"3,500",80 to 90,"900 to 1,000",Jan-23
BARTLEY RESIDENCES,LORONG HOW SUN,19,Non-Landed Properties,2,"3,200",80 to 90,800 to 900,Jan-23
BOTANIQUE AT BARTLEY,UPPER PAYA LEBAR ROAD,19,Non-Landed Properties,2,"3,500",60 to 70,700 to 800,Jan-23
A TREASURE TROVE,PUNGGOL WALK,19,Non-Landed Properties,2,"4,500",90 to 100,"1,000 to 1,100",Jan-23
TRILIVE,TAMPINES ROAD,19,Non-Landed Properties,2,"3,500",50 to 60,500 to 600,Jan-23
THE PROMENADE@PELIKAT,JALAN PELIKAT,19,Non-Landed Properties,2,"3,400",80 to 90,"900 to 1,000",Jan-23
WATERTOWN,PUNGGOL CENTRAL,19,Non-Landed Properties,1,"2,800",40 to 50,500 to 600,Jan-23
A TREASURE TROVE,PUNGGOL WALK,19,Non-Landed Properties,2,"3,300",80 to 90,"900 to 1,000",Jan-23
CHERRYHILL,LORONG LEW LIAN,19,Non-Landed Properties,3,"2,750",130 to 140,"1,300 to 1,400",Jan-23
EVERGREEN PARK,HOUGANG AVENUE 7,19,Non-Landed Properties,3,"3,000",100 to 110,"1,000 to 1,100",Jan-23
BARTLEY RESIDENCES,LORONG HOW SUN,19,Non-Landed Properties,2,"3,400",70 to 80,700 to 800,Jan-23
WATERTOWN,PUNGGOL CENTRAL,19,Non-Landed Properties,NA,"2,600",50 to 60,600 to 700,Jan-23
RIVERSAILS,UPPER SERANGOON CRESCENT,19,Non-Landed Properties,1,"2,100",40 to 50,500 to 600,Jan-23
JEWEL @ BUANGKOK,COMPASSVALE BOW,19,Non-Landed Properties,1,"3,200",50 to 60,500 to 600,Jan-23
CHUAN PARK (DEMOLISHED),LORONG CHUAN,19,Non-Landed Properties,2,"4,500",100 to 110,"1,100 to 1,200",Jan-23
THE SCALA,SERANGOON AVENUE 3,19,Non-Landed Properties,3,"4,600",90 to 100,"1,000 to 1,100",Jan-23
LA FIESTA,SENGKANG SQUARE,19,Non-Landed Properties,3,"4,000",70 to 80,800 to 900,Jan-23
THE FLORENTINE,FLORENCE ROAD,19,Non-Landed Properties,2,"2,800",80 to 90,"900 to 1,000",Jan-23
CHERRYHILL,LORONG LEW LIAN,19,Non-Landed Properties,3,"4,370",150 to 160,"1,600 to 1,700",Jan-23
WATERTOWN,PUNGGOL CENTRAL,19,Non-Landed Properties,1,"3,300",50 to 60,500 to 600,Jan-23
SPACE @ KOVAN,YIO CHU KANG ROAD,19,Non-Landed Properties,1,"2,700",30 to 40,400 to 500,Jan-23
WATERTOWN,PUNGGOL CENTRAL,19,Non-Landed Properties,NA,"3,200",50 to 60,500 to 600,Jan-23
REGENTVILLE,HOUGANG STREET 92,19,Non-Landed Properties,3,"3,500",100 to 110,"1,100 to 1,200",Jan-23
SPACE @ KOVAN,YIO CHU KANG ROAD,19,Non-Landed Properties,2,"3,500",100 to 110,"1,100 to 1,200",Jan-23
PARC VERA,HOUGANG STREET 32,19,Non-Landed Properties,3,"4,000",100 to 110,"1,100 to 1,200",Jan-23
SPACE @ KOVAN,YIO CHU KANG ROAD,19,Non-Landed Properties,1,"2,500",40 to 50,400 to 500,Jan-23
WATERTOWN,PUNGGOL CENTRAL,19,Non-Landed Properties,1,"2,750",50 to 60,600 to 700,Jan-23
SUNGLADE,SERANGOON AVENUE 2,19,Non-Landed Properties,3,"4,650",110 to 120,"1,200 to 1,300",Jan-23
NAUNG RESIDENCE,JALAN NAUNG,19,Non-Landed Properties,2,"2,900",60 to 70,700 to 800,Jan-23
CARDIFF RESIDENCE,CARDIFF GROVE,19,Non-Landed Properties,1,"2,500",30 to 40,400 to 500,Jan-23
KOVAN REGENCY,KOVAN RISE,19,Non-Landed Properties,2,"2,800",50 to 60,500 to 600,Jan-23
KENSINGTON PARK CONDOMINIUM,KENSINGTON PARK DRIVE,19,Non-Landed Properties,3,"5,500",110 to 120,"1,200 to 1,300",Jan-23
KOVAN RESIDENCES,KOVAN ROAD,19,Non-Landed Properties,2,"3,500",80 to 90,800 to 900,Jan-23
CHILTERN PARK,SERANGOON AVENUE 3,19,Non-Landed Properties,2,"4,100",80 to 90,"900 to 1,000",Jan-23
JEWEL @ BUANGKOK,COMPASSVALE BOW,19,Non-Landed Properties,2,"3,200",70 to 80,700 to 800,Jan-23
PARC VERA,HOUGANG STREET 32,19,Non-Landed Properties,3,"4,000",100 to 110,"1,100 to 1,200",Jan-23
CHUAN PARK (DEMOLISHED),LORONG CHUAN,19,Non-Landed Properties,2,"4,300",100 to 110,"1,100 to 1,200",Jan-23
BOATHOUSE RESIDENCES,UPPER SERANGOON VIEW,19,Non-Landed Properties,1,"3,000",50 to 60,600 to 700,Jan-23
A TREASURE TROVE,PUNGGOL WALK,19,Non-Landed Properties,2,"3,900",70 to 80,700 to 800,Jan-23
SUITES @ PAYA LEBAR,UPPER PAYA LEBAR ROAD,19,Non-Landed Properties,1,"2,300",30 to 40,300 to 400,Jan-23
LA FIESTA,SENGKANG SQUARE,19,Non-Landed Properties,3,"4,000",70 to 80,800 to 900,Jan-23
KOVAN GRANDEUR,TAMPINES ROAD,19,Non-Landed Properties,2,"3,200",50 to 60,500 to 600,Jan-23
BOATHOUSE RESIDENCES,UPPER SERANGOON VIEW,19,Non-Landed Properties,4,"4,000",130 to 140,"1,400 to 1,500",Jan-23
SPAZIO @ KOVAN,UPPER SERANGOON ROAD,19,Non-Landed Properties,2,"2,800",50 to 60,500 to 600,Jan-23
TERRASSE,TERRASSE LANE,19,Non-Landed Properties,1,"2,500",50 to 60,500 to 600,Jan-23
COMPASS HEIGHTS,SENGKANG SQUARE,19,Non-Landed Properties,2,"2,900",90 to 100,"1,000 to 1,100",Jan-23
URBAN RESIDENCES,LORONG AH SOO,19,Non-Landed Properties,1,"2,800",40 to 50,400 to 500,Jan-23
THE QUINN,BARTLEY ROAD,19,Non-Landed Properties,2,"3,500",100 to 110,"1,100 to 1,200",Jan-23
BARTLEY RESIDENCES,LORONG HOW SUN,19,Non-Landed Properties,2,"4,200",80 to 90,"900 to 1,000",Jan-23
WATERTOWN,PUNGGOL CENTRAL,19,Non-Landed Properties,3,"5,600",100 to 110,"1,100 to 1,200",Jan-23
TRILIVE,TAMPINES ROAD,19,Non-Landed Properties,2,"2,500",50 to 60,500 to 600,Jan-23
NAUNG RESIDENCE,JALAN NAUNG,19,Non-Landed Properties,2,"3,500",60 to 70,700 to 800,Jan-23
CARDIFF RESIDENCE,CARDIFF GROVE,19,Non-Landed Properties,2,"3,200",50 to 60,500 to 600,Jan-23
THE TEMBUSU,TAMPINES ROAD,19,Non-Landed Properties,1,"2,850",40 to 50,400 to 500,Jan-23
CHOON KIM HOUSE,UPPER SERANGOON ROAD,19,Non-Landed Properties,3,"2,700",100 to 110,"1,000 to 1,100",Jan-23
THE BENTLY RESIDENCES@KOVAN,KOVAN ROAD,19,Non-Landed Properties,2,"3,600",50 to 60,600 to 700,Jan-23
FRAGRANT GARDENS,UPPER PAYA LEBAR ROAD,19,Non-Landed Properties,2,"2,300",70 to 80,800 to 900,Jan-23
HILBRE28,HILLSIDE DRIVE,19,Non-Landed Properties,3,"4,300",70 to 80,800 to 900,Jan-23
PARC CENTROS,PUNGGOL CENTRAL,19,Non-Landed Properties,1,"2,800",40 to 50,400 to 500,Jan-23
STARS OF KOVAN,UPPER SERANGOON ROAD,19,Non-Landed Properties,1,"2,700",40 to 50,500 to 600,Jan-23
REGENTVILLE,HOUGANG STREET 92,19,Non-Landed Properties,2,"2,950",90 to 100,"900 to 1,000",Jan-23
RIVERSAILS,UPPER SERANGOON CRESCENT,19,Non-Landed Properties,2,"3,400",80 to 90,800 to 900,Jan-23
