Project Name,Street Name,Postal District,Property Type,No of Bedroom,Monthly Rent ($),Floor Area (SQM),Floor Area (SQFT),Lease Commencement Date
ROOTS @ TRANSIT,TRANSIT ROAD,26,Non-Landed Properties,1,"2,650",40 to 50,400 to 500,Apr-26
CASTLE GREEN,YIO CHU KANG ROAD,26,Non-Landed Properties,3,"4,700",100 to 110,"1,100 to 1,200",Apr-26
BULLION PARK,LENTOR LOOP,26,Non-Landed Properties,2,"2,800",70 to 80,800 to 900,Apr-26
LENTOR MODERN,LENTOR CENTRAL,26,Non-Landed Properties,2,"3,800",60 to 70,600 to 700,Apr-26
LENTOR MODERN,LENTOR CENTRAL,26,Non-Landed Properties,2,"4,050",60 to 70,600 to 700,Apr-26
LENTOR MODERN,LENTOR CENTRAL,26,Non-Landed Properties,4,"8,800",140 to 150,"1,500 to 1,600",Apr-26
LENTOR MODERN,LENTOR CENTRAL,26,Non-Landed Properties,2,"3,900",60 to 70,700 to 800,Apr-26
LENTOR MODERN,LENTOR CENTRAL,26,Non-Landed Properties,2,"3,750",60 to 70,600 to 700,Apr-26
THE CALROSE,YIO CHU KANG ROAD,26,Non-Landed Properties,4,"5,350",130 to 140,"1,400 to 1,500",Apr-26
LENTOR MODERN,LENTOR CENTRAL,26,Non-Landed Properties,4,"8,500",140 to 150,"1,500 to 1,600",Apr-26
LENTOR MODERN,LENTOR CENTRAL,26,Non-Landed Properties,1,"3,000",40 to 50,500 to 600,Apr-26
LENTOR MODERN,LENTOR CENTRAL,26,Non-Landed Properties,2,"3,750",60 to 70,600 to 700,Apr-26
MEADOWS @ PEIRCE,UPPER THOMSON ROAD,26,Non-Landed Properties,1,"3,000",50 to 60,600 to 700,Apr-26
THE CALROSE,YIO CHU KANG ROAD,26,Non-Landed Properties,3,"4,800",110 to 120,"1,200 to 1,300",Apr-26
THE CALROSE,YIO CHU KANG ROAD,26,Non-Landed Properties,3,"4,700",110 to 120,"1,200 to 1,300",Apr-26
THE BROOKS I,SPRINGSIDE WALK,26,Non-Landed Properties,2,"3,200",60 to 70,700 to 800,Apr-26
LENTOR MODERN,LENTOR CENTRAL,26,Non-Landed Properties,3,"5,500",90 to 100,"900 to 1,000",Apr-26
MEADOWS @ PEIRCE,UPPER THOMSON ROAD,26,Non-Landed Properties,2,"4,000",80 to 90,"900 to 1,000",Apr-26
LENTOR MODERN,LENTOR CENTRAL,26,Non-Landed Properties,1,"3,800",40 to 50,500 to 600,Apr-26
BULLION PARK,LENTOR LOOP,26,Non-Landed Properties,2,"3,100",70 to 80,800 to 900,Apr-26
CASTLE GREEN,YIO CHU KANG ROAD,26,Non-Landed Properties,3,"4,600",100 to 110,"1,100 to 1,200",Apr-26
NON-LANDED HOUSING DEVELOPMENT,UPPER THOMSON ROAD,26,Non-Landed Properties,NA,"4,800",110 to 120,"1,100 to 1,200",Apr-26
BULLION PARK,LENTOR LOOP,26,Non-Landed Properties,3,"4,500",110 to 120,"1,200 to 1,300",Apr-26
NON-LANDED HOUSING DEVELOPMENT,UPPER THOMSON ROAD,26,Non-Landed Properties,NA,"3,100",110 to 120,"1,100 to 1,200",Apr-26
THOMSON GROVE,YIO CHU KANG ROAD,26,Non-Landed Properties,3,"5,000",130 to 140,"1,400 to 1,500",Apr-26
LENTOR MODERN,LENTOR CENTRAL,26,Non-Landed Properties,2,"3,950",60 to 70,700 to 800,Apr-26
LENTOR MODERN,LENTOR CENTRAL,26,Non-Landed Properties,2,"4,100",60 to 70,700 to 800,Apr-26
THE CALROSE,YIO CHU KANG ROAD,26,Non-Landed Properties,2,"3,800",90 to 100,"900 to 1,000",Apr-26
SEASONS PARK,YIO CHU KANG ROAD,26,Non-Landed Properties,2,"3,700",90 to 100,"1,000 to 1,100",Apr-26
THE ESSENCE,CHONG KUO ROAD,26,Non-Landed Properties,2,"3,100",60 to 70,700 to 800,Apr-26
LENTOR MODERN,LENTOR CENTRAL,26,Non-Landed Properties,3,"5,300",90 to 100,"900 to 1,000",Apr-26
MEADOWS @ PEIRCE,UPPER THOMSON ROAD,26,Non-Landed Properties,3,"5,000",200 to 210,"2,200 to 2,300",Apr-26
BULLION PARK,LENTOR LOOP,26,Non-Landed Properties,2,"3,600",70 to 80,800 to 900,Apr-26
LENTOR MODERN,LENTOR CENTRAL,26,Non-Landed Properties,2,"3,900",60 to 70,700 to 800,Apr-26
CASTLE GREEN,YIO CHU KANG ROAD,26,Non-Landed Properties,2,"3,550",80 to 90,"900 to 1,000",Apr-26
BULLION PARK,LENTOR LOOP,26,Non-Landed Properties,2,"3,400",70 to 80,800 to 900,Apr-26
LENTOR MODERN,LENTOR CENTRAL,26,Non-Landed Properties,2,"3,600",60 to 70,600 to 700,Apr-26
THE CALROSE,YIO CHU KANG ROAD,26,Non-Landed Properties,4,"5,300",130 to 140,"1,400 to 1,500",Apr-26
LENTOR MODERN,LENTOR CENTRAL,26,Non-Landed Properties,2,"4,500",60 to 70,600 to 700,Apr-26
LENTOR MODERN,LENTOR CENTRAL,26,Non-Landed Properties,2,"3,950",60 to 70,700 to 800,Apr-26
HONG HENG MANSIONS,SEMBAWANG ROAD,26,Non-Landed Properties,3,"3,100",80 to 90,"900 to 1,000",Apr-26
LENTOR MODERN,LENTOR CENTRAL,26,Non-Landed Properties,3,"5,300",90 to 100,"900 to 1,000",Apr-26
MEADOWS @ PEIRCE,UPPER THOMSON ROAD,26,Non-Landed Properties,3,"4,150",110 to 120,"1,100 to 1,200",Apr-26
LENTOR MODERN,LENTOR CENTRAL,26,Non-Landed Properties,2,"4,000",60 to 70,700 to 800,Apr-26
LENTOR MODERN,LENTOR CENTRAL,26,Non-Landed Properties,3,"5,000",100 to 110,"1,100 to 1,200",Apr-26
BULLION PARK,LENTOR LOOP,26,Non-Landed Properties,3,"4,650",200 to 210,"2,200 to 2,300",Apr-26
HONG HENG MANSIONS,SEMBAWANG ROAD,26,Non-Landed Properties,3,"2,800",110 to 120,"1,200 to 1,300",Apr-26
LENTOR MODERN,LENTOR CENTRAL,26,Non-Landed Properties,2,"4,300",60 to 70,700 to 800,Apr-26
LENTOR MODERN,LENTOR CENTRAL,26,Non-Landed Properties,2,"3,900",60 to 70,600 to 700,Apr-26
LENTOR MODERN,LENTOR CENTRAL,26,Non-Landed Properties,2,"4,200",60 to 70,700 to 800,Apr-26
THE CALROSE,YIO CHU KANG ROAD,26,Non-Landed Properties,3,"5,200",180 to 190,"2,000 to 2,100",Apr-26
CASTLE GREEN,YIO CHU KANG ROAD,26,Non-Landed Properties,2,"2,700",80 to 90,"900 to 1,000",Apr-26
BULLION PARK,LENTOR LOOP,26,Non-Landed Properties,2,"3,500",70 to 80,800 to 900,Apr-26
LENTOR MODERN,LENTOR CENTRAL,26,Non-Landed Properties,2,"4,500",60 to 70,700 to 800,Apr-26
LENTOR MODERN,LENTOR CENTRAL,26,Non-Landed Properties,2,"4,200",60 to 70,700 to 800,Apr-26
BULLION PARK,LENTOR LOOP,26,Non-Landed Properties,3,"4,250",110 to 120,"1,200 to 1,300",Apr-26
THOMSON GROVE,YIO CHU KANG ROAD,26,Non-Landed Properties,3,"4,000",130 to 140,"1,400 to 1,500",Apr-26
LENTOR MODERN,LENTOR CENTRAL,26,Non-Landed Properties,2,"3,800",60 to 70,700 to 800,Mar-26
SEASONS PARK,YIO CHU KANG ROAD,26,Non-Landed Properties,3,"5,600",150 to 160,"1,600 to 1,700",Mar-26
LENTOR MODERN,LENTOR CENTRAL,26,Non-Landed Properties,2,"4,200",60 to 70,700 to 800,Mar-26
LENTOR MODERN,LENTOR CENTRAL,26,Non-Landed Properties,1,"3,300",40 to 50,500 to 600,Mar-26
LENTOR MODERN,LENTOR CENTRAL,26,Non-Landed Properties,3,"5,350",100 to 110,"1,100 to 1,200",Mar-26
LENTOR MODERN,LENTOR CENTRAL,26,Non-Landed Properties,2,"4,200",60 to 70,700 to 800,Mar-26
HONG HENG MANSIONS,SEMBAWANG ROAD,26,Non-Landed Properties,3,"3,000",110 to 120,"1,200 to 1,300",Mar-26
THE BROOKS II,SPRINGSIDE GREEN,26,Non-Landed Properties,1,"3,000",50 to 60,500 to 600,Mar-26
BULLION PARK,LENTOR LOOP,26,Non-Landed Properties,3,"4,050",110 to 120,"1,200 to 1,300",Mar-26
LENTOR MODERN,LENTOR CENTRAL,26,Non-Landed Properties,2,"4,000",60 to 70,700 to 800,Mar-26
CASTLE GREEN,YIO CHU KANG ROAD,26,Non-Landed Properties,2,"3,650",80 to 90,"900 to 1,000",Mar-26
LENTOR MODERN,LENTOR CENTRAL,26,Non-Landed Properties,3,"5,600",90 to 100,"900 to 1,000",Mar-26
LENTOR MODERN,LENTOR CENTRAL,26,Non-Landed Properties,NA,"5,900",100 to 110,"1,100 to 1,200",Mar-26
LENTOR MODERN,LENTOR CENTRAL,26,Non-Landed Properties,1,"3,250",40 to 50,500 to 600,Mar-26
LENTOR MODERN,LENTOR CENTRAL,26,Non-Landed Properties,1,"3,300",40 to 50,500 to 600,Mar-26
MEADOWS @ PEIRCE,UPPER THOMSON ROAD,26,Non-Landed Properties,4,"7,000",280 to 290,"3,000 to 3,100",Mar-26
BULLION PARK,LENTOR LOOP,26,Non-Landed Properties,3,"4,300",110 to 120,"1,200 to 1,300",Mar-26
LENTOR MODERN,LENTOR CENTRAL,26,Non-Landed Properties,NA,"4,300",60 to 70,700 to 800,Mar-26
LENTOR MODERN,LENTOR CENTRAL,26,Non-Landed Properties,1,"3,500",40 to 50,500 to 600,Mar-26
BULLION PARK,LENTOR LOOP,26,Non-Landed Properties,2,"3,200",70 to 80,800 to 900,Mar-26
SEASONS PARK,YIO CHU KANG ROAD,26,Non-Landed Properties,4,"8,500",260 to 270,"2,800 to 2,900",Mar-26
LENTOR MODERN,LENTOR CENTRAL,26,Non-Landed Properties,2,"3,800",60 to 70,700 to 800,Mar-26
THOMSON GROVE,YIO CHU KANG ROAD,26,Non-Landed Properties,3,"4,300",130 to 140,"1,400 to 1,500",Mar-26
LENTOR MODERN,LENTOR CENTRAL,26,Non-Landed Properties,2,"3,700",60 to 70,600 to 700,Mar-26
LENTOR MODERN,LENTOR CENTRAL,26,Non-Landed Properties,NA,"4,400",60 to 70,700 to 800,Mar-26
SEASONS PARK,YIO CHU KANG ROAD,26,Non-Landed Properties,2,"3,700",100 to 110,"1,100 to 1,200",Mar-26
MEADOWS @ PEIRCE,UPPER THOMSON ROAD,26,Non-Landed Properties,2,"3,500",80 to 90,"900 to 1,000",Mar-26
MEADOWS @ PEIRCE,UPPER THOMSON ROAD,26,Non-Landed Properties,1,"3,000",50 to 60,600 to 700,Mar-26
MEADOWS @ PEIRCE,UPPER THOMSON ROAD,26,Non-Landed Properties,3,"4,400",110 to 120,"1,100 to 1,200",Mar-26
LENTOR MODERN,LENTOR CENTRAL,26,Non-Landed Properties,3,"6,650",100 to 110,"1,100 to 1,200",Mar-26
LENTOR MODERN,LENTOR CENTRAL,26,Non-Landed Properties,2,"4,500",60 to 70,700 to 800,Mar-26
THE CALROSE,YIO CHU KANG ROAD,26,Non-Landed Properties,3,"5,500",100 to 110,"1,100 to 1,200",Mar-26
THE CALROSE,YIO CHU KANG ROAD,26,Non-Landed Properties,2,"4,500",90 to 100,"1,000 to 1,100",Mar-26
LENTOR MODERN,LENTOR CENTRAL,26,Non-Landed Properties,3,"6,000",90 to 100,"900 to 1,000",Mar-26
BULLION PARK,LENTOR LOOP,26,Non-Landed Properties,3,"4,500",110 to 120,"1,200 to 1,300",Mar-26
BULLION PARK,LENTOR LOOP,26,Non-Landed Properties,2,"3,350",70 to 80,800 to 900,Mar-26
LENTOR MODERN,LENTOR CENTRAL,26,Non-Landed Properties,1,"4,000",40 to 50,500 to 600,Mar-26
THE BROOKS I,SPRINGSIDE WALK,26,Non-Landed Properties,2,"3,500",70 to 80,800 to 900,Mar-26
THE CALROSE,YIO CHU KANG ROAD,26,Non-Landed Properties,4,"5,500",130 to 140,"1,400 to 1,500",Mar-26
LENTOR MODERN,LENTOR CENTRAL,26,Non-Landed Properties,3,"5,300",90 to 100,"900 to 1,000",Mar-26
LENTOR MODERN,LENTOR CENTRAL,26,Non-Landed Properties,2,"4,000",60 to 70,700 to 800,Mar-26
LENTOR MODERN,LENTOR CENTRAL,26,Non-Landed Properties,1,"3,200",40 to 50,500 to 600,Mar-26
LENTOR MODERN,LENTOR CENTRAL,26,Non-Landed Properties,4,"8,150",140 to 150,"1,500 to 1,600",Mar-26
THE ESSENCE,CHONG KUO ROAD,26,Non-Landed Properties,2,"3,800",90 to 100,"1,000 to 1,100",Mar-26
LENTOR MODERN,LENTOR CENTRAL,26,Non-Landed Properties,NA,"4,400",60 to 70,700 to 800,Mar-26
THE CALROSE,YIO CHU KANG ROAD,26,Non-Landed Properties,4,"5,400",130 to 140,"1,400 to 1,500",Mar-26
CASTLE GREEN,YIO CHU KANG ROAD,26,Non-Landed Properties,3,"4,300",140 to 150,"1,500 to 1,600",Mar-26
BULLION PARK,LENTOR LOOP,26,Non-Landed Properties,2,"3,300",70 to 80,800 to 900,Mar-26
CASTLE GREEN,YIO CHU KANG ROAD,26,Non-Landed Properties,2,"3,700",100 to 110,"1,100 to 1,200",Mar-26
BULLION PARK,LENTOR LOOP,26,Non-Landed Properties,2,"2,950",70 to 80,800 to 900,Mar-26
CASTLE GREEN,YIO CHU KANG ROAD,26,Non-Landed Properties,4,"5,100",130 to 140,"1,400 to 1,500",Mar-26
CASTLE GREEN,YIO CHU KANG ROAD,26,Non-Landed Properties,2,"3,200",80 to 90,"900 to 1,000",Mar-26
LENTOR MODERN,LENTOR CENTRAL,26,Non-Landed Properties,3,"6,400",100 to 110,"1,100 to 1,200",Mar-26
MEADOWS @ PEIRCE,UPPER THOMSON ROAD,26,Non-Landed Properties,3,"4,400",110 to 120,"1,100 to 1,200",Mar-26
MEADOWS @ PEIRCE,UPPER THOMSON ROAD,26,Non-Landed Properties,3,"5,200",110 to 120,"1,200 to 1,300",Mar-26
MEADOWS @ PEIRCE,UPPER THOMSON ROAD,26,Non-Landed Properties,3,"4,500",110 to 120,"1,200 to 1,300",Mar-26
MEADOWS @ PEIRCE,UPPER THOMSON ROAD,26,Non-Landed Properties,1,"3,000",50 to 60,600 to 700,Mar-26
LENTOR MODERN,LENTOR CENTRAL,26,Non-Landed Properties,NA,"4,000",60 to 70,600 to 700,Mar-26
MEADOWS @ PEIRCE,UPPER THOMSON ROAD,26,Non-Landed Properties,3,"4,100",110 to 120,"1,200 to 1,300",Mar-26
LENTOR MODERN,LENTOR CENTRAL,26,Non-Landed Properties,2,"4,500",60 to 70,700 to 800,Mar-26
SEASONS PARK,YIO CHU KANG ROAD,26,Non-Landed Properties,3,"4,500",110 to 120,"1,200 to 1,300",Mar-26
LENTOR MODERN,LENTOR CENTRAL,26,Non-Landed Properties,NA,"3,200",40 to 50,500 to 600,Mar-26
LENTOR MODERN,LENTOR CENTRAL,26,Non-Landed Properties,NA,"4,100",60 to 70,700 to 800,Feb-26
LENTOR MODERN,LENTOR CENTRAL,26,Non-Landed Properties,2,"3,800",60 to 70,600 to 700,Feb-26
BULLION PARK,LENTOR LOOP,26,Non-Landed Properties,2,"3,100",70 to 80,800 to 900,Feb-26
BULLION PARK,LENTOR LOOP,26,Non-Landed Properties,2,"3,300",70 to 80,800 to 900,Feb-26
SEASONS PARK,YIO CHU KANG ROAD,26,Non-Landed Properties,2,"3,650",100 to 110,"1,100 to 1,200",Feb-26
THE CALROSE,YIO CHU KANG ROAD,26,Non-Landed Properties,3,"4,600",110 to 120,"1,200 to 1,300",Feb-26
SEASONS PARK,YIO CHU KANG ROAD,26,Non-Landed Properties,2,"3,800",90 to 100,"1,000 to 1,100",Feb-26
BULLION PARK,LENTOR LOOP,26,Non-Landed Properties,2,"2,700",70 to 80,800 to 900,Feb-26
BULLION PARK,LENTOR LOOP,26,Non-Landed Properties,2,"3,200",70 to 80,800 to 900,Feb-26
CASTLE GREEN,YIO CHU KANG ROAD,26,Non-Landed Properties,2,"3,000",80 to 90,"900 to 1,000",Feb-26
LENTOR MODERN,LENTOR CENTRAL,26,Non-Landed Properties,NA,"4,000",100 to 110,"1,100 to 1,200",Feb-26
LENTOR MODERN,LENTOR CENTRAL,26,Non-Landed Properties,NA,"3,800",60 to 70,600 to 700,Feb-26
LENTOR MODERN,LENTOR CENTRAL,26,Non-Landed Properties,2,"4,100",60 to 70,700 to 800,Feb-26
LENTOR MODERN,LENTOR CENTRAL,26,Non-Landed Properties,NA,"4,100",60 to 70,700 to 800,Feb-26
HONG HENG MANSIONS,SEMBAWANG ROAD,26,Non-Landed Properties,3,"3,400",110 to 120,"1,200 to 1,300",Feb-26
THE CALROSE,YIO CHU KANG ROAD,26,Non-Landed Properties,4,"6,100",240 to 250,"2,600 to 2,700",Feb-26
MEADOWS @ PEIRCE,UPPER THOMSON ROAD,26,Non-Landed Properties,3,"4,000",110 to 120,"1,200 to 1,300",Feb-26
SEASONS PARK,YIO CHU KANG ROAD,26,Non-Landed Properties,2,"3,300",90 to 100,"1,000 to 1,100",Feb-26
SEASONS PARK,YIO CHU KANG ROAD,26,Non-Landed Properties,3,"4,500",120 to 130,"1,200 to 1,300",Feb-26
ROOTS @ TRANSIT,TRANSIT ROAD,26,Non-Landed Properties,2,"2,900",60 to 70,600 to 700,Feb-26
BULLION PARK,LENTOR LOOP,26,Non-Landed Properties,2,"2,800",70 to 80,800 to 900,Feb-26
CASTLE GREEN,YIO CHU KANG ROAD,26,Non-Landed Properties,2,"3,600",80 to 90,"900 to 1,000",Feb-26
SEASONS PARK,YIO CHU KANG ROAD,26,Non-Landed Properties,3,"4,150",110 to 120,"1,200 to 1,300",Feb-26
LENTOR MODERN,LENTOR CENTRAL,26,Non-Landed Properties,NA,"3,400",40 to 50,500 to 600,Feb-26
LENTOR MODERN,LENTOR CENTRAL,26,Non-Landed Properties,2,"4,500",60 to 70,700 to 800,Feb-26
THOMSON GROVE,YIO CHU KANG ROAD,26,Non-Landed Properties,3,"5,700",140 to 150,"1,500 to 1,600",Feb-26
SEASONS PARK,YIO CHU KANG ROAD,26,Non-Landed Properties,2,"3,700",90 to 100,"1,000 to 1,100",Feb-26
LENTOR MODERN,LENTOR CENTRAL,26,Non-Landed Properties,NA,"8,500",140 to 150,"1,500 to 1,600",Feb-26
LENTOR MODERN,LENTOR CENTRAL,26,Non-Landed Properties,NA,"3,200",40 to 50,500 to 600,Feb-26
LENTOR MODERN,LENTOR CENTRAL,26,Non-Landed Properties,NA,"3,250",40 to 50,500 to 600,Feb-26
LENTOR MODERN,LENTOR CENTRAL,26,Non-Landed Properties,NA,"4,400",60 to 70,700 to 800,Feb-26
THOMSON GROVE,YIO CHU KANG ROAD,26,Non-Landed Properties,3,"5,000",130 to 140,"1,400 to 1,500",Feb-26
MEADOWS @ PEIRCE,UPPER THOMSON ROAD,26,Non-Landed Properties,3,"4,200",140 to 150,"1,500 to 1,600",Feb-26
CASTLE GREEN,YIO CHU KANG ROAD,26,Non-Landed Properties,3,"4,380",100 to 110,"1,100 to 1,200",Feb-26
LENTOR MODERN,LENTOR CENTRAL,26,Non-Landed Properties,NA,"5,780",100 to 110,"1,100 to 1,200",Jan-26
LENTOR MODERN,LENTOR CENTRAL,26,Non-Landed Properties,NA,"3,750",60 to 70,600 to 700,Jan-26
LENTOR MODERN,LENTOR CENTRAL,26,Non-Landed Properties,NA,"6,100",100 to 110,"1,100 to 1,200",Jan-26
MEADOWS @ PEIRCE,UPPER THOMSON ROAD,26,Non-Landed Properties,3,"5,000",200 to 210,"2,200 to 2,300",Jan-26
MEADOWS @ PEIRCE,UPPER THOMSON ROAD,26,Non-Landed Properties,3,"4,400",110 to 120,"1,200 to 1,300",Jan-26
BULLION PARK,LENTOR LOOP,26,Non-Landed Properties,3,"4,900",150 to 160,"1,600 to 1,700",Jan-26
CASTLE GREEN,YIO CHU KANG ROAD,26,Non-Landed Properties,3,"3,925",120 to 130,"1,300 to 1,400",Jan-26
LENTOR MODERN,LENTOR CENTRAL,26,Non-Landed Properties,NA,"5,400",90 to 100,"900 to 1,000",Jan-26
LENTOR MODERN,LENTOR CENTRAL,26,Non-Landed Properties,NA,"3,400",40 to 50,500 to 600,Jan-26
CASTLE GREEN,YIO CHU KANG ROAD,26,Non-Landed Properties,3,"4,700",110 to 120,"1,200 to 1,300",Jan-26
THOMSON GROVE,YIO CHU KANG ROAD,26,Non-Landed Properties,3,"4,550",130 to 140,"1,400 to 1,500",Jan-26
THE BROOKS II,SPRINGSIDE GREEN,26,Non-Landed Properties,2,"3,300",60 to 70,700 to 800,Jan-26
CASTLE GREEN,YIO CHU KANG ROAD,26,Non-Landed Properties,3,"3,825",110 to 120,"1,200 to 1,300",Jan-26
BULLION PARK,LENTOR LOOP,26,Non-Landed Properties,3,"3,800",110 to 120,"1,200 to 1,300",Jan-26
NON-LANDED HOUSING DEVELOPMENT,UPPER THOMSON ROAD,26,Non-Landed Properties,NA,"3,600",120 to 130,"1,300 to 1,400",Jan-26
BULLION PARK,LENTOR LOOP,26,Non-Landed Properties,2,"3,500",70 to 80,800 to 900,Jan-26
CASTLE GREEN,YIO CHU KANG ROAD,26,Non-Landed Properties,3,"4,000",100 to 110,"1,100 to 1,200",Jan-26
BULLION PARK,LENTOR LOOP,26,Non-Landed Properties,2,"3,500",70 to 80,800 to 900,Jan-26
LENTOR MODERN,LENTOR CENTRAL,26,Non-Landed Properties,NA,"6,400",90 to 100,"900 to 1,000",Jan-26
CASTLE GREEN,YIO CHU KANG ROAD,26,Non-Landed Properties,3,"4,400",100 to 110,"1,100 to 1,200",Jan-26
THE CALROSE,YIO CHU KANG ROAD,26,Non-Landed Properties,3,"4,700",130 to 140,"1,400 to 1,500",Jan-26
CASTLE GREEN,YIO CHU KANG ROAD,26,Non-Landed Properties,3,"4,050",100 to 110,"1,100 to 1,200",Jan-26
MEADOWS @ PEIRCE,UPPER THOMSON ROAD,26,Non-Landed Properties,3,"4,950",140 to 150,"1,500 to 1,600",Jan-26
LENTOR MODERN,LENTOR CENTRAL,26,Non-Landed Properties,NA,"6,500",100 to 110,"1,100 to 1,200",Jan-26
THE CALROSE,YIO CHU KANG ROAD,26,Non-Landed Properties,3,"5,000",110 to 120,"1,200 to 1,300",Jan-26
LENTOR MODERN,LENTOR CENTRAL,26,Non-Landed Properties,NA,"7,600",140 to 150,"1,500 to 1,600",Jan-26
LENTOR MODERN,LENTOR CENTRAL,26,Non-Landed Properties,NA,"5,800",100 to 110,"1,100 to 1,200",Jan-26
FOREST HILLS CONDOMINIUM,TRANSIT ROAD,26,Non-Landed Properties,3,"4,300",140 to 150,"1,500 to 1,600",Jan-26
THE CALROSE,YIO CHU KANG ROAD,26,Non-Landed Properties,2,"4,300",150 to 160,"1,600 to 1,700",Jan-26
LENTOR MODERN,LENTOR CENTRAL,26,Non-Landed Properties,NA,"8,100",140 to 150,"1,500 to 1,600",Jan-26
LENTOR MODERN,LENTOR CENTRAL,26,Non-Landed Properties,NA,"4,100",60 to 70,700 to 800,Jan-26
BULLION PARK,LENTOR LOOP,26,Non-Landed Properties,2,"2,900",70 to 80,800 to 900,Jan-26
LENTOR MODERN,LENTOR CENTRAL,26,Non-Landed Properties,NA,"8,350",140 to 150,"1,500 to 1,600",Jan-26
CASTLE GREEN,YIO CHU KANG ROAD,26,Non-Landed Properties,3,"4,000",100 to 110,"1,100 to 1,200",Jan-26
LENTOR MODERN,LENTOR CENTRAL,26,Non-Landed Properties,NA,"4,200",60 to 70,700 to 800,Jan-26
BULLION PARK,LENTOR LOOP,26,Non-Landed Properties,3,"4,200",110 to 120,"1,200 to 1,300",Jan-26
SEASONS PARK,YIO CHU KANG ROAD,26,Non-Landed Properties,3,"4,250",110 to 120,"1,200 to 1,300",Jan-26
THE CALROSE,YIO CHU KANG ROAD,26,Non-Landed Properties,3,"5,200",100 to 110,"1,100 to 1,200",Jan-26
CASTLE GREEN,YIO CHU KANG ROAD,26,Non-Landed Properties,2,"3,400",80 to 90,"900 to 1,000",Jan-26
MEADOWS @ PEIRCE,UPPER THOMSON ROAD,26,Non-Landed Properties,2,"3,500",80 to 90,"900 to 1,000",Jan-26
NON-LANDED HOUSING DEVELOPMENT,UPPER THOMSON ROAD,26,Non-Landed Properties,NA,"13,000",450 to 460,"4,800 to 4,900",Jan-26
THE CALROSE,YIO CHU KANG ROAD,26,Non-Landed Properties,4,"5,000",230 to 240,"2,500 to 2,600",Jan-26
MEADOWS @ PEIRCE,UPPER THOMSON ROAD,26,Non-Landed Properties,3,"5,300",200 to 210,"2,200 to 2,300",Jan-26
FOREST HILLS CONDOMINIUM,TRANSIT ROAD,26,Non-Landed Properties,3,"3,800",100 to 110,"1,100 to 1,200",Jan-26
LENTOR MODERN,LENTOR CENTRAL,26,Non-Landed Properties,NA,"4,300",60 to 70,700 to 800,Jan-26
LENTOR MODERN,LENTOR CENTRAL,26,Non-Landed Properties,NA,"4,200",60 to 70,700 to 800,Jan-26
MEADOWS @ PEIRCE,UPPER THOMSON ROAD,26,Non-Landed Properties,3,"5,000",140 to 150,"1,500 to 1,600",Jan-26
CASTLE GREEN,YIO CHU KANG ROAD,26,Non-Landed Properties,2,"4,200",80 to 90,"900 to 1,000",Jan-26
THE ESSENCE,CHONG KUO ROAD,26,Non-Landed Properties,2,"3,300",60 to 70,700 to 800,Dec-25
CASTLE GREEN,YIO CHU KANG ROAD,26,Non-Landed Properties,2,"3,400",80 to 90,"900 to 1,000",Dec-25
LENTOR MODERN,LENTOR CENTRAL,26,Non-Landed Properties,NA,"3,500",40 to 50,500 to 600,Dec-25
CASTLE GREEN,YIO CHU KANG ROAD,26,Non-Landed Properties,2,"3,050",80 to 90,"900 to 1,000",Dec-25
THE CALROSE,YIO CHU KANG ROAD,26,Non-Landed Properties,3,"4,728",100 to 110,"1,100 to 1,200",Dec-25
SEASONS PARK,YIO CHU KANG ROAD,26,Non-Landed Properties,2,"3,800",100 to 110,"1,100 to 1,200",Dec-25
SEASONS PARK,YIO CHU KANG ROAD,26,Non-Landed Properties,3,"4,500",110 to 120,"1,200 to 1,300",Dec-25
CASTLE GREEN,YIO CHU KANG ROAD,26,Non-Landed Properties,2,"3,400",80 to 90,"900 to 1,000",Dec-25
MEADOWS @ PEIRCE,UPPER THOMSON ROAD,26,Non-Landed Properties,3,"4,600",140 to 150,"1,500 to 1,600",Dec-25
MEADOWS @ PEIRCE,UPPER THOMSON ROAD,26,Non-Landed Properties,1,"3,000",50 to 60,600 to 700,Dec-25
THE CALROSE,YIO CHU KANG ROAD,26,Non-Landed Properties,3,"5,600",200 to 210,"2,200 to 2,300",Dec-25
SEASONS PARK,YIO CHU KANG ROAD,26,Non-Landed Properties,2,"3,800",90 to 100,"1,000 to 1,100",Dec-25
BULLION PARK,LENTOR LOOP,26,Non-Landed Properties,2,"3,400",70 to 80,800 to 900,Dec-25
LENTOR MODERN,LENTOR CENTRAL,26,Non-Landed Properties,NA,"6,000",90 to 100,"900 to 1,000",Dec-25
THE CALROSE,YIO CHU KANG ROAD,26,Non-Landed Properties,2,"4,000",100 to 110,"1,000 to 1,100",Dec-25
CASTLE GREEN,YIO CHU KANG ROAD,26,Non-Landed Properties,2,"3,400",80 to 90,"900 to 1,000",Dec-25
CASTLE GREEN,YIO CHU KANG ROAD,26,Non-Landed Properties,3,"4,000",110 to 120,"1,200 to 1,300",Dec-25
CASTLE GREEN,YIO CHU KANG ROAD,26,Non-Landed Properties,2,"3,300",80 to 90,"900 to 1,000",Dec-25
CASTLE GREEN,YIO CHU KANG ROAD,26,Non-Landed Properties,2,"3,500",80 to 90,"900 to 1,000",Dec-25
MEADOWS @ PEIRCE,UPPER THOMSON ROAD,26,Non-Landed Properties,5,"7,000",230 to 240,"2,400 to 2,500",Dec-25
MEADOWS @ PEIRCE,UPPER THOMSON ROAD,26,Non-Landed Properties,1,"2,950",50 to 60,600 to 700,Dec-25
HONG HENG GARDEN,SEMBAWANG ROAD,26,Non-Landed Properties,NA,"5,000",210 to 220,"2,300 to 2,400",Dec-25
CASTLE GREEN,YIO CHU KANG ROAD,26,Non-Landed Properties,2,"3,400",80 to 90,"900 to 1,000",Dec-25
BULLION PARK,LENTOR LOOP,26,Non-Landed Properties,3,"3,900",110 to 120,"1,200 to 1,300",Dec-25
CASTLE GREEN,YIO CHU KANG ROAD,26,Non-Landed Properties,2,"3,400",80 to 90,"900 to 1,000",Dec-25
MEADOWS @ PEIRCE,UPPER THOMSON ROAD,26,Non-Landed Properties,3,"4,300",110 to 120,"1,100 to 1,200",Dec-25
SEASONS PARK,YIO CHU KANG ROAD,26,Non-Landed Properties,3,"4,200",110 to 120,"1,200 to 1,300",Dec-25
THE CALROSE,YIO CHU KANG ROAD,26,Non-Landed Properties,3,"6,500",200 to 210,"2,200 to 2,300",Dec-25
HONG HENG MANSIONS,SEMBAWANG ROAD,26,Non-Landed Properties,3,"3,850",120 to 130,"1,300 to 1,400",Dec-25
MEADOWS @ PEIRCE,UPPER THOMSON ROAD,26,Non-Landed Properties,2,"4,000",80 to 90,"900 to 1,000",Dec-25
BULLION PARK,LENTOR LOOP,26,Non-Landed Properties,3,"4,500",110 to 120,"1,200 to 1,300",Dec-25
BULLION PARK,LENTOR LOOP,26,Non-Landed Properties,3,"4,000",110 to 120,"1,200 to 1,300",Dec-25
SEASONS PARK,YIO CHU KANG ROAD,26,Non-Landed Properties,1,"3,000",100 to 110,"1,000 to 1,100",Dec-25
THE CALROSE,YIO CHU KANG ROAD,26,Non-Landed Properties,4,"5,200",140 to 150,"1,500 to 1,600",Dec-25
MEADOWS @ PEIRCE,UPPER THOMSON ROAD,26,Non-Landed Properties,1,"3,000",50 to 60,600 to 700,Dec-25
THE CALROSE,YIO CHU KANG ROAD,26,Non-Landed Properties,2,"3,600",100 to 110,"1,100 to 1,200",Dec-25
MEADOWS @ PEIRCE,UPPER THOMSON ROAD,26,Non-Landed Properties,1,"2,800",50 to 60,600 to 700,Dec-25
MEADOWS @ PEIRCE,UPPER THOMSON ROAD,26,Non-Landed Properties,3,"4,500",110 to 120,"1,100 to 1,200",Dec-25
THE CALROSE,YIO CHU KANG ROAD,26,Non-Landed Properties,3,"4,700",100 to 110,"1,100 to 1,200",Dec-25
MEADOWS @ PEIRCE,UPPER THOMSON ROAD,26,Non-Landed Properties,2,"3,500",80 to 90,"900 to 1,000",Dec-25
CASTLE GREEN,YIO CHU KANG ROAD,26,Non-Landed Properties,2,"3,200",80 to 90,"900 to 1,000",Dec-25
THE CALROSE,YIO CHU KANG ROAD,26,Non-Landed Properties,2,"4,000",100 to 110,"1,000 to 1,100",Dec-25
MEADOWS @ PEIRCE,UPPER THOMSON ROAD,26,Non-Landed Properties,2,"3,500",110 to 120,"1,200 to 1,300",Dec-25
BULLION PARK,LENTOR LOOP,26,Non-Landed Properties,3,"4,100",110 to 120,"1,200 to 1,300",Dec-25
THOMSON GROVE,YIO CHU KANG ROAD,26,Non-Landed Properties,3,"7,000",260 to 270,"2,800 to 2,900",Dec-25
THE CALROSE,YIO CHU KANG ROAD,26,Non-Landed Properties,3,"4,800",100 to 110,"1,100 to 1,200",Dec-25
LENTOR MODERN,LENTOR CENTRAL,26,Non-Landed Properties,NA,"4,200",60 to 70,700 to 800,Dec-25
HONG HENG MANSIONS,SEMBAWANG ROAD,26,Non-Landed Properties,3,"3,000",120 to 130,"1,300 to 1,400",Dec-25
CASTLE GREEN,YIO CHU KANG ROAD,26,Non-Landed Properties,2,"3,200",80 to 90,"900 to 1,000",Dec-25
CASTLE GREEN,YIO CHU KANG ROAD,26,Non-Landed Properties,3,"4,700",100 to 110,"1,100 to 1,200",Nov-25
CASTLE GREEN,YIO CHU KANG ROAD,26,Non-Landed Properties,2,"3,200",80 to 90,"900 to 1,000",Nov-25
HONG HENG MANSIONS,SEMBAWANG ROAD,26,Non-Landed Properties,3,"4,000",120 to 130,"1,300 to 1,400",Nov-25
CASTLE GREEN,YIO CHU KANG ROAD,26,Non-Landed Properties,4,"5,000",130 to 140,"1,400 to 1,500",Nov-25
THE CALROSE,YIO CHU KANG ROAD,26,Non-Landed Properties,3,"4,400",100 to 110,"1,100 to 1,200",Nov-25
CASTLE GREEN,YIO CHU KANG ROAD,26,Non-Landed Properties,4,"5,200",130 to 140,"1,400 to 1,500",Nov-25
MEADOWS @ PEIRCE,UPPER THOMSON ROAD,26,Non-Landed Properties,3,"5,200",160 to 170,"1,700 to 1,800",Nov-25
THOMSON GROVE,YIO CHU KANG ROAD,26,Non-Landed Properties,3,"4,100",130 to 140,"1,400 to 1,500",Nov-25
CASTLE GREEN,YIO CHU KANG ROAD,26,Non-Landed Properties,2,"3,350",80 to 90,"900 to 1,000",Nov-25
BULLION PARK,LENTOR LOOP,26,Non-Landed Properties,3,"3,500",110 to 120,"1,200 to 1,300",Nov-25
SEASONS PARK,YIO CHU KANG ROAD,26,Non-Landed Properties,2,"3,400",90 to 100,"1,000 to 1,100",Nov-25
BULLION PARK,LENTOR LOOP,26,Non-Landed Properties,3,"3,900",110 to 120,"1,200 to 1,300",Nov-25
MEADOWS @ PEIRCE,UPPER THOMSON ROAD,26,Non-Landed Properties,4,"6,400",170 to 180,"1,800 to 1,900",Nov-25
SEASONS PARK,YIO CHU KANG ROAD,26,Non-Landed Properties,2,"3,600",90 to 100,"1,000 to 1,100",Nov-25
BULLION PARK,LENTOR LOOP,26,Non-Landed Properties,2,"3,200",70 to 80,800 to 900,Nov-25
BULLION PARK,LENTOR LOOP,26,Non-Landed Properties,2,"3,200",70 to 80,800 to 900,Nov-25
THE CALROSE,YIO CHU KANG ROAD,26,Non-Landed Properties,3,"4,700",100 to 110,"1,100 to 1,200",Nov-25
MEADOWS @ PEIRCE,UPPER THOMSON ROAD,26,Non-Landed Properties,4,"6,000",190 to 200,"2,100 to 2,200",Nov-25
BULLION PARK,LENTOR LOOP,26,Non-Landed Properties,3,"4,200",110 to 120,"1,200 to 1,300",Nov-25
BULLION PARK,LENTOR LOOP,26,Non-Landed Properties,2,"3,250",70 to 80,800 to 900,Nov-25
THE CALROSE,YIO CHU KANG ROAD,26,Non-Landed Properties,3,"5,600",200 to 210,"2,100 to 2,200",Nov-25
SEASONS PARK,YIO CHU KANG ROAD,26,Non-Landed Properties,2,"3,600",90 to 100,"1,000 to 1,100",Nov-25
BULLION PARK,LENTOR LOOP,26,Non-Landed Properties,3,"4,000",110 to 120,"1,200 to 1,300",Nov-25
THE CALROSE,YIO CHU KANG ROAD,26,Non-Landed Properties,3,"4,800",130 to 140,"1,400 to 1,500",Nov-25
CASTLE GREEN,YIO CHU KANG ROAD,26,Non-Landed Properties,2,"3,450",100 to 110,"1,100 to 1,200",Nov-25
FOREST HILLS CONDOMINIUM,TRANSIT ROAD,26,Non-Landed Properties,3,"3,800",110 to 120,"1,100 to 1,200",Nov-25
THE CALROSE,YIO CHU KANG ROAD,26,Non-Landed Properties,4,"5,000",130 to 140,"1,300 to 1,400",Nov-25
CASTLE GREEN,YIO CHU KANG ROAD,26,Non-Landed Properties,3,"4,500",110 to 120,"1,200 to 1,300",Nov-25
CASTLE GREEN,YIO CHU KANG ROAD,26,Non-Landed Properties,2,"3,600",80 to 90,"900 to 1,000",Nov-25
SEASONS PARK,YIO CHU KANG ROAD,26,Non-Landed Properties,3,"4,400",110 to 120,"1,200 to 1,300",Nov-25
THE ESSENCE,CHONG KUO ROAD,26,Non-Landed Properties,3,"4,700",110 to 120,"1,200 to 1,300",Nov-25
MEADOWS @ PEIRCE,UPPER THOMSON ROAD,26,Non-Landed Properties,3,"4,000",110 to 120,"1,200 to 1,300",Oct-25
MEADOWS @ PEIRCE,UPPER THOMSON ROAD,26,Non-Landed Properties,3,"4,800",110 to 120,"1,100 to 1,200",Oct-25
MEADOWS @ PEIRCE,UPPER THOMSON ROAD,26,Non-Landed Properties,4,"6,800",250 to 260,"2,700 to 2,800",Oct-25
THE BROOKS II,SPRINGSIDE GREEN,26,Non-Landed Properties,1,"2,800",50 to 60,500 to 600,Oct-25
CASTLE GREEN,YIO CHU KANG ROAD,26,Non-Landed Properties,3,"4,400",100 to 110,"1,100 to 1,200",Oct-25
BULLION PARK,LENTOR LOOP,26,Non-Landed Properties,3,"4,100",110 to 120,"1,200 to 1,300",Oct-25
THE CALROSE,YIO CHU KANG ROAD,26,Non-Landed Properties,2,"4,600",100 to 110,"1,000 to 1,100",Oct-25
CASTLE GREEN,YIO CHU KANG ROAD,26,Non-Landed Properties,4,"5,200",130 to 140,"1,400 to 1,500",Oct-25
BULLION PARK,LENTOR LOOP,26,Non-Landed Properties,2,"3,000",70 to 80,800 to 900,Oct-25
MEADOWS @ PEIRCE,UPPER THOMSON ROAD,26,Non-Landed Properties,1,"3,000",50 to 60,600 to 700,Oct-25
MEADOWS @ PEIRCE,UPPER THOMSON ROAD,26,Non-Landed Properties,2,"4,150",110 to 120,"1,100 to 1,200",Oct-25
THE CALROSE,YIO CHU KANG ROAD,26,Non-Landed Properties,2,"3,800",90 to 100,"900 to 1,000",Oct-25
MEADOWS @ PEIRCE,UPPER THOMSON ROAD,26,Non-Landed Properties,2,"3,450",80 to 90,"900 to 1,000",Oct-25
SEASONS PARK,YIO CHU KANG ROAD,26,Non-Landed Properties,2,"3,800",90 to 100,"1,000 to 1,100",Oct-25
THOMSON GROVE,YIO CHU KANG ROAD,26,Non-Landed Properties,3,"4,600",130 to 140,"1,400 to 1,500",Oct-25
MEADOWS @ PEIRCE,UPPER THOMSON ROAD,26,Non-Landed Properties,4,"6,600",190 to 200,"2,000 to 2,100",Oct-25
THE ESSENCE,CHONG KUO ROAD,26,Non-Landed Properties,2,"3,600",60 to 70,700 to 800,Oct-25
MEADOWS @ PEIRCE,UPPER THOMSON ROAD,26,Non-Landed Properties,2,"3,700",110 to 120,"1,200 to 1,300",Oct-25
MEADOWS @ PEIRCE,UPPER THOMSON ROAD,26,Non-Landed Properties,2,"3,600",80 to 90,"900 to 1,000",Oct-25
MEADOWS @ PEIRCE,UPPER THOMSON ROAD,26,Non-Landed Properties,2,"3,300",80 to 90,"900 to 1,000",Oct-25
THE CALROSE,YIO CHU KANG ROAD,26,Non-Landed Properties,2,"4,250",80 to 90,"900 to 1,000",Oct-25
THE CALROSE,YIO CHU KANG ROAD,26,Non-Landed Properties,3,"4,700",100 to 110,"1,100 to 1,200",Oct-25
MEADOWS @ PEIRCE,UPPER THOMSON ROAD,26,Non-Landed Properties,2,"3,600",80 to 90,"900 to 1,000",Oct-25
BULLION PARK,LENTOR LOOP,26,Non-Landed Properties,3,"4,000",110 to 120,"1,200 to 1,300",Oct-25
BULLION PARK,LENTOR LOOP,26,Non-Landed Properties,3,"3,900",110 to 120,"1,200 to 1,300",Oct-25
CASTLE GREEN,YIO CHU KANG ROAD,26,Non-Landed Properties,2,"3,400",80 to 90,"900 to 1,000",Oct-25
CASTLE GREEN,YIO CHU KANG ROAD,26,Non-Landed Properties,2,"3,500",100 to 110,"1,100 to 1,200",Oct-25
THOMSON GROVE,YIO CHU KANG ROAD,26,Non-Landed Properties,3,"4,300",130 to 140,"1,400 to 1,500",Oct-25
MEADOWS @ PEIRCE,UPPER THOMSON ROAD,26,Non-Landed Properties,3,"5,500",200 to 210,"2,200 to 2,300",Oct-25
CASTLE GREEN,YIO CHU KANG ROAD,26,Non-Landed Properties,2,"3,400",100 to 110,"1,100 to 1,200",Oct-25
THOMSON GROVE,YIO CHU KANG ROAD,26,Non-Landed Properties,3,"4,200",130 to 140,"1,400 to 1,500",Oct-25
SEASONS PARK,YIO CHU KANG ROAD,26,Non-Landed Properties,3,"5,800",110 to 120,"1,200 to 1,300",Sep-25
THE CALROSE,YIO CHU KANG ROAD,26,Non-Landed Properties,3,"4,700",120 to 130,"1,300 to 1,400",Sep-25
BULLION PARK,LENTOR LOOP,26,Non-Landed Properties,2,"3,200",70 to 80,800 to 900,Sep-25
MEADOWS @ PEIRCE,UPPER THOMSON ROAD,26,Non-Landed Properties,3,"3,900",110 to 120,"1,200 to 1,300",Sep-25
THE CALROSE,YIO CHU KANG ROAD,26,Non-Landed Properties,4,"5,500",130 to 140,"1,400 to 1,500",Sep-25
SEASONS PARK,YIO CHU KANG ROAD,26,Non-Landed Properties,3,"4,900",120 to 130,"1,200 to 1,300",Sep-25
THE CALROSE,YIO CHU KANG ROAD,26,Non-Landed Properties,4,"5,000",140 to 150,"1,500 to 1,600",Sep-25
MEADOWS @ PEIRCE,UPPER THOMSON ROAD,26,Non-Landed Properties,1,"3,000",50 to 60,600 to 700,Sep-25
THE ESSENCE,CHONG KUO ROAD,26,Non-Landed Properties,2,"3,850",90 to 100,"1,000 to 1,100",Sep-25
CASTLE GREEN,YIO CHU KANG ROAD,26,Non-Landed Properties,4,"4,000",130 to 140,"1,400 to 1,500",Sep-25
CASTLE GREEN,YIO CHU KANG ROAD,26,Non-Landed Properties,2,"3,400",80 to 90,"900 to 1,000",Sep-25
THE CALROSE,YIO CHU KANG ROAD,26,Non-Landed Properties,3,"4,300",100 to 110,"1,100 to 1,200",Sep-25
MEADOWS @ PEIRCE,UPPER THOMSON ROAD,26,Non-Landed Properties,3,"3,800",130 to 140,"1,400 to 1,500",Sep-25
THE CALROSE,YIO CHU KANG ROAD,26,Non-Landed Properties,2,"3,900",80 to 90,"900 to 1,000",Sep-25
THE CALROSE,YIO CHU KANG ROAD,26,Non-Landed Properties,3,"4,600",110 to 120,"1,200 to 1,300",Sep-25
THE BROOKS I,SPRINGSIDE WALK,26,Non-Landed Properties,2,"3,600",100 to 110,"1,100 to 1,200",Sep-25
THE CALROSE,YIO CHU KANG ROAD,26,Non-Landed Properties,3,"5,000",110 to 120,"1,200 to 1,300",Sep-25
THE CALROSE,YIO CHU KANG ROAD,26,Non-Landed Properties,3,"4,700",100 to 110,"1,100 to 1,200",Sep-25
SEASONS PARK,YIO CHU KANG ROAD,26,Non-Landed Properties,3,"4,600",120 to 130,"1,200 to 1,300",Sep-25
MEADOWS @ PEIRCE,UPPER THOMSON ROAD,26,Non-Landed Properties,3,"2,800",110 to 120,"1,200 to 1,300",Sep-25
THE BROOKS II,SPRINGSIDE GREEN,26,Non-Landed Properties,2,"3,600",100 to 110,"1,100 to 1,200",Sep-25
MEADOWS @ PEIRCE,UPPER THOMSON ROAD,26,Non-Landed Properties,1,"2,900",50 to 60,600 to 700,Sep-25
THE CALROSE,YIO CHU KANG ROAD,26,Non-Landed Properties,3,"4,600",110 to 120,"1,200 to 1,300",Sep-25
THOMSON GROVE,YIO CHU KANG ROAD,26,Non-Landed Properties,3,"4,550",140 to 150,"1,500 to 1,600",Sep-25
THOMSON GROVE,YIO CHU KANG ROAD,26,Non-Landed Properties,3,"4,800",130 to 140,"1,400 to 1,500",Sep-25
CASTLE GREEN,YIO CHU KANG ROAD,26,Non-Landed Properties,3,"4,600",100 to 110,"1,100 to 1,200",Sep-25
THE CALROSE,YIO CHU KANG ROAD,26,Non-Landed Properties,3,"4,800",130 to 140,"1,400 to 1,500",Sep-25
BULLION PARK,LENTOR LOOP,26,Non-Landed Properties,2,"3,050",70 to 80,800 to 900,Aug-25
BULLION PARK,LENTOR LOOP,26,Non-Landed Properties,3,"4,100",110 to 120,"1,200 to 1,300",Aug-25
BULLION PARK,LENTOR LOOP,26,Non-Landed Properties,3,"4,100",110 to 120,"1,200 to 1,300",Aug-25
BULLION PARK,LENTOR LOOP,26,Non-Landed Properties,2,"3,200",70 to 80,800 to 900,Aug-25
THOMSON GROVE,YIO CHU KANG ROAD,26,Non-Landed Properties,3,"4,600",140 to 150,"1,500 to 1,600",Aug-25
CASTLE GREEN,YIO CHU KANG ROAD,26,Non-Landed Properties,3,"4,000",100 to 110,"1,100 to 1,200",Aug-25
MEADOWS @ PEIRCE,UPPER THOMSON ROAD,26,Non-Landed Properties,1,"2,850",50 to 60,600 to 700,Aug-25
SEASONS PARK,YIO CHU KANG ROAD,26,Non-Landed Properties,2,"3,500",90 to 100,"1,000 to 1,100",Aug-25
THE CALROSE,YIO CHU KANG ROAD,26,Non-Landed Properties,3,"4,600",100 to 110,"1,100 to 1,200",Aug-25
THE CALROSE,YIO CHU KANG ROAD,26,Non-Landed Properties,2,"3,950",100 to 110,"1,000 to 1,100",Aug-25
THE CALROSE,YIO CHU KANG ROAD,26,Non-Landed Properties,4,"6,000",130 to 140,"1,400 to 1,500",Aug-25
MEADOWS @ PEIRCE,UPPER THOMSON ROAD,26,Non-Landed Properties,2,"3,650",80 to 90,"900 to 1,000",Aug-25
THE CALROSE,YIO CHU KANG ROAD,26,Non-Landed Properties,3,"4,350",120 to 130,"1,300 to 1,400",Aug-25
SEASONS PARK,YIO CHU KANG ROAD,26,Non-Landed Properties,2,"3,400",90 to 100,"1,000 to 1,100",Aug-25
SEASONS PARK,YIO CHU KANG ROAD,26,Non-Landed Properties,2,"2,800",100 to 110,"1,100 to 1,200",Aug-25
MEADOWS @ PEIRCE,UPPER THOMSON ROAD,26,Non-Landed Properties,3,"3,800",140 to 150,"1,500 to 1,600",Aug-25
MEADOWS @ PEIRCE,UPPER THOMSON ROAD,26,Non-Landed Properties,3,"4,200",110 to 120,"1,200 to 1,300",Aug-25
MEADOWS @ PEIRCE,UPPER THOMSON ROAD,26,Non-Landed Properties,3,"5,050",130 to 140,"1,400 to 1,500",Aug-25
CASTLE GREEN,YIO CHU KANG ROAD,26,Non-Landed Properties,3,"3,600",80 to 90,"900 to 1,000",Aug-25
THE CALROSE,YIO CHU KANG ROAD,26,Non-Landed Properties,3,"4,700",110 to 120,"1,200 to 1,300",Aug-25
MEADOWS @ PEIRCE,UPPER THOMSON ROAD,26,Non-Landed Properties,4,"6,500",170 to 180,"1,800 to 1,900",Aug-25
TEACHER'S HOUSING ESTATE,KALIDASA AVENUE,26,Non-Landed Properties,NA,"3,900",110 to 120,"1,100 to 1,200",Aug-25
CASTLE GREEN,YIO CHU KANG ROAD,26,Non-Landed Properties,3,"3,800",100 to 110,"1,100 to 1,200",Aug-25
MEADOWS @ PEIRCE,UPPER THOMSON ROAD,26,Non-Landed Properties,3,"3,900",130 to 140,"1,400 to 1,500",Aug-25
BULLION PARK,LENTOR LOOP,26,Non-Landed Properties,2,"3,500",70 to 80,800 to 900,Aug-25
MEADOWS @ PEIRCE,UPPER THOMSON ROAD,26,Non-Landed Properties,2,"3,900",110 to 120,"1,100 to 1,200",Aug-25
BULLION PARK,LENTOR LOOP,26,Non-Landed Properties,3,"3,700",110 to 120,"1,200 to 1,300",Aug-25
MEADOWS @ PEIRCE,UPPER THOMSON ROAD,26,Non-Landed Properties,2,"3,600",80 to 90,"900 to 1,000",Aug-25
BULLION PARK,LENTOR LOOP,26,Non-Landed Properties,3,"3,900",110 to 120,"1,200 to 1,300",Aug-25
SEASONS PARK,YIO CHU KANG ROAD,26,Non-Landed Properties,2,"3,200",90 to 100,"1,000 to 1,100",Jul-25
CASTLE GREEN,YIO CHU KANG ROAD,26,Non-Landed Properties,2,"3,300",80 to 90,"900 to 1,000",Jul-25
BULLION PARK,LENTOR LOOP,26,Non-Landed Properties,2,"3,300",70 to 80,800 to 900,Jul-25
BULLION PARK,LENTOR LOOP,26,Non-Landed Properties,2,"3,100",70 to 80,800 to 900,Jul-25
BULLION PARK,LENTOR LOOP,26,Non-Landed Properties,2,"3,300",70 to 80,800 to 900,Jul-25
SEASONS PARK,YIO CHU KANG ROAD,26,Non-Landed Properties,3,"4,600",120 to 130,"1,200 to 1,300",Jul-25
THE CALROSE,YIO CHU KANG ROAD,26,Non-Landed Properties,2,"4,000",80 to 90,"900 to 1,000",Jul-25
SEASONS PARK,YIO CHU KANG ROAD,26,Non-Landed Properties,3,"4,250",120 to 130,"1,200 to 1,300",Jul-25
HONG HENG MANSIONS,SEMBAWANG ROAD,26,Non-Landed Properties,3,"2,350",80 to 90,"900 to 1,000",Jul-25
MEADOWS @ PEIRCE,UPPER THOMSON ROAD,26,Non-Landed Properties,4,"5,900",170 to 180,"1,800 to 1,900",Jul-25
MEADOWS @ PEIRCE,UPPER THOMSON ROAD,26,Non-Landed Properties,3,"3,700",130 to 140,"1,400 to 1,500",Jul-25
SEASONS PARK,YIO CHU KANG ROAD,26,Non-Landed Properties,2,"3,500",90 to 100,"1,000 to 1,100",Jul-25
CASTLE GREEN,YIO CHU KANG ROAD,26,Non-Landed Properties,3,"4,400",110 to 120,"1,200 to 1,300",Jul-25
MEADOWS @ PEIRCE,UPPER THOMSON ROAD,26,Non-Landed Properties,2,"3,300",90 to 100,"900 to 1,000",Jul-25
THE BROOKS I,SPRINGSIDE WALK,26,Non-Landed Properties,2,"3,000",60 to 70,700 to 800,Jul-25
SEASONS PARK,YIO CHU KANG ROAD,26,Non-Landed Properties,3,"3,900",110 to 120,"1,200 to 1,300",Jul-25
NON-LANDED HOUSING DEVELOPMENT,UPPER THOMSON ROAD,26,Non-Landed Properties,NA,"4,900",110 to 120,"1,100 to 1,200",Jul-25
MEADOWS @ PEIRCE,UPPER THOMSON ROAD,26,Non-Landed Properties,4,"6,300",190 to 200,"2,000 to 2,100",Jul-25
MEADOWS @ PEIRCE,UPPER THOMSON ROAD,26,Non-Landed Properties,4,"6,500",280 to 290,"3,000 to 3,100",Jul-25
MEADOWS @ PEIRCE,UPPER THOMSON ROAD,26,Non-Landed Properties,3,"5,000",130 to 140,"1,400 to 1,500",Jul-25
BULLION PARK,LENTOR LOOP,26,Non-Landed Properties,2,"3,200",70 to 80,800 to 900,Jul-25
BULLION PARK,LENTOR LOOP,26,Non-Landed Properties,2,"3,100",70 to 80,800 to 900,Jul-25
BULLION PARK,LENTOR LOOP,26,Non-Landed Properties,3,"4,200",110 to 120,"1,200 to 1,300",Jul-25
NON-LANDED HOUSING DEVELOPMENT,UPPER THOMSON ROAD,26,Non-Landed Properties,NA,"5,200",160 to 170,"1,700 to 1,800",Jul-25
THOMSON GROVE,YIO CHU KANG ROAD,26,Non-Landed Properties,3,"5,000",130 to 140,"1,400 to 1,500",Jul-25
CASTLE GREEN,YIO CHU KANG ROAD,26,Non-Landed Properties,3,"4,000",100 to 110,"1,100 to 1,200",Jul-25
CASTLE GREEN,YIO CHU KANG ROAD,26,Non-Landed Properties,2,"4,000",80 to 90,"900 to 1,000",Jul-25
THE BROOKS II,SPRINGSIDE GREEN,26,Non-Landed Properties,1,"3,000",50 to 60,500 to 600,Jul-25
BULLION PARK,LENTOR LOOP,26,Non-Landed Properties,3,"4,000",110 to 120,"1,200 to 1,300",Jul-25
MEADOWS @ PEIRCE,UPPER THOMSON ROAD,26,Non-Landed Properties,4,"5,600",170 to 180,"1,800 to 1,900",Jul-25
ROOTS @ TRANSIT,TRANSIT ROAD,26,Non-Landed Properties,1,"2,388",40 to 50,400 to 500,Jul-25
CASTLE GREEN,YIO CHU KANG ROAD,26,Non-Landed Properties,2,"3,650",80 to 90,"900 to 1,000",Jul-25
MEADOWS @ PEIRCE,UPPER THOMSON ROAD,26,Non-Landed Properties,3,"4,000",140 to 150,"1,500 to 1,600",Jul-25
ROOTS @ TRANSIT,TRANSIT ROAD,26,Non-Landed Properties,1,"2,600",40 to 50,500 to 600,Jul-25
THOMSON GROVE,YIO CHU KANG ROAD,26,Non-Landed Properties,3,"3,600",130 to 140,"1,400 to 1,500",Jul-25
ROOTS @ TRANSIT,TRANSIT ROAD,26,Non-Landed Properties,2,"2,800",60 to 70,600 to 700,Jul-25
CASTLE GREEN,YIO CHU KANG ROAD,26,Non-Landed Properties,3,"4,200",100 to 110,"1,100 to 1,200",Jul-25
BULLION PARK,LENTOR LOOP,26,Non-Landed Properties,2,"3,300",70 to 80,800 to 900,Jun-25
BULLION PARK,LENTOR LOOP,26,Non-Landed Properties,3,"4,300",110 to 120,"1,200 to 1,300",Jun-25
THE BROOKS I,SPRINGSIDE WALK,26,Non-Landed Properties,1,"2,700",50 to 60,500 to 600,Jun-25
THE CALROSE,YIO CHU KANG ROAD,26,Non-Landed Properties,3,"4,800",110 to 120,"1,200 to 1,300",Jun-25
MEADOWS @ PEIRCE,UPPER THOMSON ROAD,26,Non-Landed Properties,1,"2,900",50 to 60,600 to 700,Jun-25
MEADOWS @ PEIRCE,UPPER THOMSON ROAD,26,Non-Landed Properties,4,"5,700",170 to 180,"1,800 to 1,900",Jun-25
MEADOWS @ PEIRCE,UPPER THOMSON ROAD,26,Non-Landed Properties,2,"3,600",90 to 100,"1,000 to 1,100",Jun-25
THE CALROSE,YIO CHU KANG ROAD,26,Non-Landed Properties,3,"4,600",120 to 130,"1,300 to 1,400",Jun-25
THE ESSENCE,CHONG KUO ROAD,26,Non-Landed Properties,2,"3,300",60 to 70,600 to 700,Jun-25
THE BROOKS II,SPRINGSIDE GREEN,26,Non-Landed Properties,2,"3,500",70 to 80,800 to 900,Jun-25
NON-LANDED HOUSING DEVELOPMENT,UPPER THOMSON ROAD,26,Non-Landed Properties,NA,"9,500",110 to 120,"1,100 to 1,200",Jun-25
MEADOWS @ PEIRCE,UPPER THOMSON ROAD,26,Non-Landed Properties,2,"4,000",80 to 90,"900 to 1,000",Jun-25
CASTLE GREEN,YIO CHU KANG ROAD,26,Non-Landed Properties,2,"3,380",80 to 90,"900 to 1,000",Jun-25
CASTLE GREEN,YIO CHU KANG ROAD,26,Non-Landed Properties,2,"3,400",80 to 90,"900 to 1,000",Jun-25
BULLION PARK,LENTOR LOOP,26,Non-Landed Properties,3,"4,000",110 to 120,"1,200 to 1,300",Jun-25
SPRINGLEAF GARDEN,THONG SOON AVENUE,26,Non-Landed Properties,NA,"5,000",160 to 170,"1,700 to 1,800",Jun-25
MEADOWS @ PEIRCE,UPPER THOMSON ROAD,26,Non-Landed Properties,2,"4,200",110 to 120,"1,100 to 1,200",Jun-25
THE CALROSE,YIO CHU KANG ROAD,26,Non-Landed Properties,3,"4,500",100 to 110,"1,100 to 1,200",Jun-25
CASTLE GREEN,YIO CHU KANG ROAD,26,Non-Landed Properties,3,"4,500",110 to 120,"1,200 to 1,300",Jun-25
HONG HENG MANSIONS,SEMBAWANG ROAD,26,Non-Landed Properties,3,"3,100",80 to 90,"900 to 1,000",Jun-25
BULLION PARK,LENTOR LOOP,26,Non-Landed Properties,2,"3,250",70 to 80,800 to 900,Jun-25
BULLION PARK,LENTOR LOOP,26,Non-Landed Properties,2,"3,000",70 to 80,800 to 900,Jun-25
THE CALROSE,YIO CHU KANG ROAD,26,Non-Landed Properties,3,"4,600",120 to 130,"1,300 to 1,400",Jun-25
THE CALROSE,YIO CHU KANG ROAD,26,Non-Landed Properties,4,"4,300",130 to 140,"1,400 to 1,500",Jun-25
CASTLE GREEN,YIO CHU KANG ROAD,26,Non-Landed Properties,2,"3,700",80 to 90,"900 to 1,000",Jun-25
CASTLE GREEN,YIO CHU KANG ROAD,26,Non-Landed Properties,2,"3,500",80 to 90,"900 to 1,000",Jun-25
BULLION PARK,LENTOR LOOP,26,Non-Landed Properties,3,"4,000",110 to 120,"1,200 to 1,300",Jun-25
CASTLE GREEN,YIO CHU KANG ROAD,26,Non-Landed Properties,2,"3,900",80 to 90,"900 to 1,000",May-25
THE CALROSE,YIO CHU KANG ROAD,26,Non-Landed Properties,3,"4,800",130 to 140,"1,400 to 1,500",May-25
CASTLE GREEN,YIO CHU KANG ROAD,26,Non-Landed Properties,2,"3,400",80 to 90,"900 to 1,000",May-25
NON-LANDED HOUSING DEVELOPMENT,SEMBAWANG ROAD,26,Non-Landed Properties,NA,"11,500",210 to 220,"2,300 to 2,400",May-25
BULLION PARK,LENTOR LOOP,26,Non-Landed Properties,3,"4,200",110 to 120,"1,200 to 1,300",May-25
MEADOWS @ PEIRCE,UPPER THOMSON ROAD,26,Non-Landed Properties,1,"3,000",50 to 60,600 to 700,May-25
MEADOWS @ PEIRCE,UPPER THOMSON ROAD,26,Non-Landed Properties,3,"5,100",130 to 140,"1,400 to 1,500",May-25
SEASONS PARK,YIO CHU KANG ROAD,26,Non-Landed Properties,2,"3,700",90 to 100,"1,000 to 1,100",May-25
THE BROOKS II,SPRINGSIDE GREEN,26,Non-Landed Properties,2,"3,300",60 to 70,700 to 800,May-25
BULLION PARK,LENTOR LOOP,26,Non-Landed Properties,2,"3,000",70 to 80,800 to 900,May-25
BULLION PARK,LENTOR LOOP,26,Non-Landed Properties,2,"3,280",70 to 80,800 to 900,May-25
BULLION PARK,LENTOR LOOP,26,Non-Landed Properties,3,"4,000",110 to 120,"1,200 to 1,300",May-25
MEADOWS @ PEIRCE,UPPER THOMSON ROAD,26,Non-Landed Properties,2,"3,500",80 to 90,"900 to 1,000",May-25
MEADOWS @ PEIRCE,UPPER THOMSON ROAD,26,Non-Landed Properties,1,"2,900",50 to 60,600 to 700,May-25
SEASONS PARK,YIO CHU KANG ROAD,26,Non-Landed Properties,3,"4,500",120 to 130,"1,200 to 1,300",May-25
MEADOWS @ PEIRCE,UPPER THOMSON ROAD,26,Non-Landed Properties,3,"5,400",200 to 210,"2,200 to 2,300",May-25
SEASONS PARK,YIO CHU KANG ROAD,26,Non-Landed Properties,2,"3,600",90 to 100,"1,000 to 1,100",May-25
BULLION PARK,LENTOR LOOP,26,Non-Landed Properties,2,"3,400",70 to 80,800 to 900,May-25
FOREST HILLS CONDOMINIUM,TRANSIT ROAD,26,Non-Landed Properties,3,"4,800",110 to 120,"1,100 to 1,200",May-25
SEASONS PARK,YIO CHU KANG ROAD,26,Non-Landed Properties,3,"4,100",120 to 130,"1,200 to 1,300",May-25
BULLION PARK,LENTOR LOOP,26,Non-Landed Properties,2,"3,000",70 to 80,800 to 900,May-25
THE BROOKS I,SPRINGSIDE WALK,26,Non-Landed Properties,1,"2,600",50 to 60,500 to 600,May-25
CASTLE GREEN,YIO CHU KANG ROAD,26,Non-Landed Properties,2,"3,200",80 to 90,"900 to 1,000",May-25
BULLION PARK,LENTOR LOOP,26,Non-Landed Properties,2,"3,200",70 to 80,800 to 900,May-25
BULLION PARK,LENTOR LOOP,26,Non-Landed Properties,2,"3,050",70 to 80,800 to 900,May-25
MEADOWS @ PEIRCE,UPPER THOMSON ROAD,26,Non-Landed Properties,1,"2,700",50 to 60,600 to 700,May-25
THE BROOKS I,SPRINGSIDE WALK,26,Non-Landed Properties,1,"2,800",50 to 60,500 to 600,May-25
MEADOWS @ PEIRCE,UPPER THOMSON ROAD,26,Non-Landed Properties,3,"4,150",110 to 120,"1,200 to 1,300",May-25
THE ESSENCE,CHONG KUO ROAD,26,Non-Landed Properties,2,"3,200",60 to 70,700 to 800,May-25
MEADOWS @ PEIRCE,UPPER THOMSON ROAD,26,Non-Landed Properties,2,"3,800",110 to 120,"1,100 to 1,200",May-25
BULLION PARK,LENTOR LOOP,26,Non-Landed Properties,2,"3,300",70 to 80,800 to 900,May-25
SEASONS PARK,YIO CHU KANG ROAD,26,Non-Landed Properties,3,"4,400",110 to 120,"1,200 to 1,300",May-25
NON-LANDED HOUSING DEVELOPMENT,UPPER THOMSON ROAD,26,Non-Landed Properties,NA,"5,000",180 to 190,"1,900 to 2,000",May-25
MEADOWS @ PEIRCE,UPPER THOMSON ROAD,26,Non-Landed Properties,4,"7,300",280 to 290,"3,000 to 3,100",May-25
BULLION PARK,LENTOR LOOP,26,Non-Landed Properties,2,"2,800",70 to 80,800 to 900,Apr-25
SEASONS PARK,YIO CHU KANG ROAD,26,Non-Landed Properties,2,"3,600",100 to 110,"1,100 to 1,200",Apr-25
MEADOWS @ PEIRCE,UPPER THOMSON ROAD,26,Non-Landed Properties,3,"4,000",110 to 120,"1,100 to 1,200",Apr-25
THE CALROSE,YIO CHU KANG ROAD,26,Non-Landed Properties,3,"5,600",200 to 210,"2,200 to 2,300",Apr-25
THE CALROSE,YIO CHU KANG ROAD,26,Non-Landed Properties,3,"4,900",110 to 120,"1,200 to 1,300",Apr-25
FOREST HILLS CONDOMINIUM,TRANSIT ROAD,26,Non-Landed Properties,2,"3,950",120 to 130,"1,300 to 1,400",Apr-25
THE CALROSE,YIO CHU KANG ROAD,26,Non-Landed Properties,4,"5,200",130 to 140,"1,400 to 1,500",Apr-25
MEADOWS @ PEIRCE,UPPER THOMSON ROAD,26,Non-Landed Properties,1,"2,900",50 to 60,600 to 700,Apr-25
BULLION PARK,LENTOR LOOP,26,Non-Landed Properties,2,"3,500",70 to 80,800 to 900,Apr-25
CASTLE GREEN,YIO CHU KANG ROAD,26,Non-Landed Properties,3,"4,200",100 to 110,"1,100 to 1,200",Apr-25
CASTLE GREEN,YIO CHU KANG ROAD,26,Non-Landed Properties,2,"3,300",80 to 90,"900 to 1,000",Apr-25
THE CALROSE,YIO CHU KANG ROAD,26,Non-Landed Properties,3,"4,800",100 to 110,"1,100 to 1,200",Apr-25
THOMSON GROVE,YIO CHU KANG ROAD,26,Non-Landed Properties,3,"5,000",140 to 150,"1,500 to 1,600",Apr-25
NON-LANDED HOUSING DEVELOPMENT,SEMBAWANG ROAD,26,Non-Landed Properties,NA,"4,200",90 to 100,"1,000 to 1,100",Apr-25
NON-LANDED HOUSING DEVELOPMENT,UPPER THOMSON ROAD,26,Non-Landed Properties,NA,"3,100",110 to 120,"1,100 to 1,200",Apr-25
MEADOWS @ PEIRCE,UPPER THOMSON ROAD,26,Non-Landed Properties,1,"2,900",50 to 60,600 to 700,Apr-25
CASTLE GREEN,YIO CHU KANG ROAD,26,Non-Landed Properties,3,"4,000",100 to 110,"1,100 to 1,200",Apr-25
MEADOWS @ PEIRCE,UPPER THOMSON ROAD,26,Non-Landed Properties,2,"3,600",80 to 90,"900 to 1,000",Apr-25
MEADOWS @ PEIRCE,UPPER THOMSON ROAD,26,Non-Landed Properties,2,"4,000",80 to 90,"900 to 1,000",Apr-25
SEASONS PARK,YIO CHU KANG ROAD,26,Non-Landed Properties,2,"3,800",130 to 140,"1,400 to 1,500",Apr-25
CASTLE GREEN,YIO CHU KANG ROAD,26,Non-Landed Properties,2,"3,550",80 to 90,"900 to 1,000",Apr-25
MEADOWS @ PEIRCE,UPPER THOMSON ROAD,26,Non-Landed Properties,1,"2,750",50 to 60,600 to 700,Apr-25
CASTLE GREEN,YIO CHU KANG ROAD,26,Non-Landed Properties,3,"4,400",100 to 110,"1,100 to 1,200",Apr-25
BULLION PARK,LENTOR LOOP,26,Non-Landed Properties,3,"4,000",110 to 120,"1,200 to 1,300",Apr-25
CASTLE GREEN,YIO CHU KANG ROAD,26,Non-Landed Properties,3,"4,000",100 to 110,"1,100 to 1,200",Apr-25
THOMSON GROVE,YIO CHU KANG ROAD,26,Non-Landed Properties,3,"4,000",130 to 140,"1,400 to 1,500",Apr-25
BULLION PARK,LENTOR LOOP,26,Non-Landed Properties,2,"3,500",70 to 80,800 to 900,Apr-25
SEASONS PARK,YIO CHU KANG ROAD,26,Non-Landed Properties,2,"4,100",90 to 100,"1,000 to 1,100",Apr-25
BULLION PARK,LENTOR LOOP,26,Non-Landed Properties,3,"4,300",110 to 120,"1,200 to 1,300",Apr-25
MEADOWS @ PEIRCE,UPPER THOMSON ROAD,26,Non-Landed Properties,3,"4,100",110 to 120,"1,200 to 1,300",Apr-25
SEASONS PARK,YIO CHU KANG ROAD,26,Non-Landed Properties,3,"4,150",120 to 130,"1,200 to 1,300",Apr-25
FOREST HILLS CONDOMINIUM,TRANSIT ROAD,26,Non-Landed Properties,3,"3,800",100 to 110,"1,100 to 1,200",Apr-25
MEADOWS @ PEIRCE,UPPER THOMSON ROAD,26,Non-Landed Properties,4,"7,300",240 to 250,"2,500 to 2,600",Apr-25
HONG HENG GARDEN,SEMBAWANG ROAD,26,Non-Landed Properties,NA,"5,000",210 to 220,"2,300 to 2,400",Apr-25
NON-LANDED HOUSING DEVELOPMENT,UPPER THOMSON ROAD,26,Non-Landed Properties,NA,"4,000",110 to 120,"1,100 to 1,200",Apr-25
THOMSON GROVE,YIO CHU KANG ROAD,26,Non-Landed Properties,3,"5,000",130 to 140,"1,400 to 1,500",Mar-25
MEADOWS @ PEIRCE,UPPER THOMSON ROAD,26,Non-Landed Properties,1,"2,800",50 to 60,600 to 700,Mar-25
SEASONS PARK,YIO CHU KANG ROAD,26,Non-Landed Properties,3,"4,300",110 to 120,"1,200 to 1,300",Mar-25
SEASONS PARK,YIO CHU KANG ROAD,26,Non-Landed Properties,2,"3,300",90 to 100,"1,000 to 1,100",Mar-25
THE BROOKS II,SPRINGSIDE GREEN,26,Non-Landed Properties,1,"3,000",50 to 60,500 to 600,Mar-25
MEADOWS @ PEIRCE,UPPER THOMSON ROAD,26,Non-Landed Properties,4,"6,300",170 to 180,"1,800 to 1,900",Mar-25
CASTLE GREEN,YIO CHU KANG ROAD,26,Non-Landed Properties,3,"4,400",100 to 110,"1,100 to 1,200",Mar-25
THE CALROSE,YIO CHU KANG ROAD,26,Non-Landed Properties,2,"4,380",90 to 100,"1,000 to 1,100",Mar-25
THE CALROSE,YIO CHU KANG ROAD,26,Non-Landed Properties,3,"5,100",180 to 190,"2,000 to 2,100",Mar-25
THE CALROSE,YIO CHU KANG ROAD,26,Non-Landed Properties,3,"4,700",110 to 120,"1,200 to 1,300",Mar-25
BULLION PARK,LENTOR LOOP,26,Non-Landed Properties,2,"3,300",70 to 80,800 to 900,Mar-25
SEASONS PARK,YIO CHU KANG ROAD,26,Non-Landed Properties,2,"3,200",90 to 100,"1,000 to 1,100",Mar-25
SEASONS PARK,YIO CHU KANG ROAD,26,Non-Landed Properties,3,"4,627",110 to 120,"1,200 to 1,300",Mar-25
THE CALROSE,YIO CHU KANG ROAD,26,Non-Landed Properties,2,"4,100",100 to 110,"1,000 to 1,100",Mar-25
BULLION PARK,LENTOR LOOP,26,Non-Landed Properties,3,"3,950",110 to 120,"1,200 to 1,300",Mar-25
MEADOWS @ PEIRCE,UPPER THOMSON ROAD,26,Non-Landed Properties,3,"4,300",110 to 120,"1,100 to 1,200",Mar-25
CASTLE GREEN,YIO CHU KANG ROAD,26,Non-Landed Properties,2,"3,850",80 to 90,"900 to 1,000",Mar-25
MEADOWS @ PEIRCE,UPPER THOMSON ROAD,26,Non-Landed Properties,3,"5,100",130 to 140,"1,400 to 1,500",Mar-25
THOMSON GROVE,YIO CHU KANG ROAD,26,Non-Landed Properties,3,"8,300",260 to 270,"2,800 to 2,900",Mar-25
BULLION PARK,LENTOR LOOP,26,Non-Landed Properties,2,"3,100",70 to 80,800 to 900,Mar-25
CASTLE GREEN,YIO CHU KANG ROAD,26,Non-Landed Properties,2,"3,400",80 to 90,"900 to 1,000",Mar-25
ROOTS @ TRANSIT,TRANSIT ROAD,26,Non-Landed Properties,2,"3,200",60 to 70,600 to 700,Mar-25
THE CALROSE,YIO CHU KANG ROAD,26,Non-Landed Properties,4,"5,400",130 to 140,"1,400 to 1,500",Mar-25
SEASONS PARK,YIO CHU KANG ROAD,26,Non-Landed Properties,2,"3,200",90 to 100,"1,000 to 1,100",Mar-25
THOMSON GROVE,YIO CHU KANG ROAD,26,Non-Landed Properties,3,"4,400",130 to 140,"1,400 to 1,500",Mar-25
CASTLE GREEN,YIO CHU KANG ROAD,26,Non-Landed Properties,2,"3,700",100 to 110,"1,100 to 1,200",Mar-25
HONG HENG GARDEN,SEMBAWANG ROAD,26,Non-Landed Properties,NA,"4,000",250 to 260,"2,700 to 2,800",Mar-25
CASTLE GREEN,YIO CHU KANG ROAD,26,Non-Landed Properties,3,"3,850",100 to 110,"1,100 to 1,200",Mar-25
CASTLE GREEN,YIO CHU KANG ROAD,26,Non-Landed Properties,2,"3,600",100 to 110,"1,100 to 1,200",Feb-25
BULLION PARK,LENTOR LOOP,26,Non-Landed Properties,3,"3,000",110 to 120,"1,200 to 1,300",Feb-25
SEASONS PARK,YIO CHU KANG ROAD,26,Non-Landed Properties,2,"3,550",100 to 110,"1,100 to 1,200",Feb-25
BULLION PARK,LENTOR LOOP,26,Non-Landed Properties,2,"3,200",70 to 80,800 to 900,Feb-25
MEADOWS @ PEIRCE,UPPER THOMSON ROAD,26,Non-Landed Properties,3,"5,150",200 to 210,"2,200 to 2,300",Feb-25
BULLION PARK,LENTOR LOOP,26,Non-Landed Properties,3,"4,000",110 to 120,"1,200 to 1,300",Feb-25
BULLION PARK,LENTOR LOOP,26,Non-Landed Properties,2,"3,000",70 to 80,800 to 900,Feb-25
SEASONS PARK,YIO CHU KANG ROAD,26,Non-Landed Properties,2,"3,300",90 to 100,"1,000 to 1,100",Feb-25
CASTLE GREEN,YIO CHU KANG ROAD,26,Non-Landed Properties,3,"3,800",100 to 110,"1,100 to 1,200",Feb-25
THE BROOKS II,SPRINGSIDE GREEN,26,Non-Landed Properties,1,"3,100",50 to 60,500 to 600,Feb-25
BULLION PARK,LENTOR LOOP,26,Non-Landed Properties,2,"2,800",70 to 80,800 to 900,Feb-25
THE CALROSE,YIO CHU KANG ROAD,26,Non-Landed Properties,3,"4,500",120 to 130,"1,300 to 1,400",Feb-25
MEADOWS @ PEIRCE,UPPER THOMSON ROAD,26,Non-Landed Properties,3,"3,400",110 to 120,"1,100 to 1,200",Feb-25
BULLION PARK,LENTOR LOOP,26,Non-Landed Properties,3,"4,000",110 to 120,"1,200 to 1,300",Feb-25
BULLION PARK,LENTOR LOOP,26,Non-Landed Properties,3,"3,950",110 to 120,"1,200 to 1,300",Feb-25
CASTLE GREEN,YIO CHU KANG ROAD,26,Non-Landed Properties,3,"4,000",100 to 110,"1,100 to 1,200",Feb-25
MEADOWS @ PEIRCE,UPPER THOMSON ROAD,26,Non-Landed Properties,3,"4,500",140 to 150,"1,500 to 1,600",Feb-25
MEADOWS @ PEIRCE,UPPER THOMSON ROAD,26,Non-Landed Properties,3,"5,050",130 to 140,"1,400 to 1,500",Feb-25
THE CALROSE,YIO CHU KANG ROAD,26,Non-Landed Properties,2,"3,500",150 to 160,"1,600 to 1,700",Feb-25
MEADOWS @ PEIRCE,UPPER THOMSON ROAD,26,Non-Landed Properties,4,"10,000",240 to 250,"2,500 to 2,600",Feb-25
MEADOWS @ PEIRCE,UPPER THOMSON ROAD,26,Non-Landed Properties,3,"5,500",160 to 170,"1,700 to 1,800",Feb-25
BULLION PARK,LENTOR LOOP,26,Non-Landed Properties,2,"3,150",70 to 80,800 to 900,Jan-25
CASTLE GREEN,YIO CHU KANG ROAD,26,Non-Landed Properties,2,"3,650",80 to 90,"900 to 1,000",Jan-25
CASTLE GREEN,YIO CHU KANG ROAD,26,Non-Landed Properties,2,"3,500",80 to 90,"900 to 1,000",Jan-25
CASTLE GREEN,YIO CHU KANG ROAD,26,Non-Landed Properties,3,"3,925",120 to 130,"1,300 to 1,400",Jan-25
ROOTS @ TRANSIT,TRANSIT ROAD,26,Non-Landed Properties,2,"3,300",60 to 70,600 to 700,Jan-25
CASTLE GREEN,YIO CHU KANG ROAD,26,Non-Landed Properties,3,"3,750",110 to 120,"1,200 to 1,300",Jan-25
THOMSON GROVE,YIO CHU KANG ROAD,26,Non-Landed Properties,3,"3,950",130 to 140,"1,400 to 1,500",Jan-25
BULLION PARK,LENTOR LOOP,26,Non-Landed Properties,2,"3,300",70 to 80,800 to 900,Jan-25
MEADOWS @ PEIRCE,UPPER THOMSON ROAD,26,Non-Landed Properties,3,"5,100",130 to 140,"1,400 to 1,500",Jan-25
MEADOWS @ PEIRCE,UPPER THOMSON ROAD,26,Non-Landed Properties,3,"5,200",160 to 170,"1,700 to 1,800",Jan-25
BULLION PARK,LENTOR LOOP,26,Non-Landed Properties,2,"3,200",70 to 80,800 to 900,Jan-25
THE CALROSE,YIO CHU KANG ROAD,26,Non-Landed Properties,2,"3,800",100 to 110,"1,100 to 1,200",Jan-25
SEASONS PARK,YIO CHU KANG ROAD,26,Non-Landed Properties,2,"3,600",90 to 100,"1,000 to 1,100",Jan-25
BULLION PARK,LENTOR LOOP,26,Non-Landed Properties,3,"3,800",110 to 120,"1,200 to 1,300",Jan-25
MEADOWS @ PEIRCE,UPPER THOMSON ROAD,26,Non-Landed Properties,2,"3,600",80 to 90,"900 to 1,000",Jan-25
THE CALROSE,YIO CHU KANG ROAD,26,Non-Landed Properties,3,"4,400",100 to 110,"1,100 to 1,200",Jan-25
SEASONS PARK,YIO CHU KANG ROAD,26,Non-Landed Properties,3,"3,888",120 to 130,"1,200 to 1,300",Jan-25
ROOTS @ TRANSIT,TRANSIT ROAD,26,Non-Landed Properties,1,"2,600",40 to 50,500 to 600,Jan-25
BULLION PARK,LENTOR LOOP,26,Non-Landed Properties,2,"2,900",70 to 80,800 to 900,Jan-25
SEASONS PARK,YIO CHU KANG ROAD,26,Non-Landed Properties,2,"3,800",100 to 110,"1,100 to 1,200",Jan-25
MEADOWS @ PEIRCE,UPPER THOMSON ROAD,26,Non-Landed Properties,4,"6,200",170 to 180,"1,800 to 1,900",Jan-25
SPRINGLEAF GARDEN,THONG SOON AVENUE,26,Non-Landed Properties,NA,"4,500",160 to 170,"1,700 to 1,800",Jan-25
CASTLE GREEN,YIO CHU KANG ROAD,26,Non-Landed Properties,3,"4,600",110 to 120,"1,200 to 1,300",Jan-25
BULLION PARK,LENTOR LOOP,26,Non-Landed Properties,3,"3,700",110 to 120,"1,200 to 1,300",Jan-25
MEADOWS @ PEIRCE,UPPER THOMSON ROAD,26,Non-Landed Properties,3,"4,300",110 to 120,"1,200 to 1,300",Jan-25
CASTLE GREEN,YIO CHU KANG ROAD,26,Non-Landed Properties,3,"4,080",140 to 150,"1,500 to 1,600",Jan-25
THE CALROSE,YIO CHU KANG ROAD,26,Non-Landed Properties,3,"4,600",100 to 110,"1,100 to 1,200",Jan-25
NON-LANDED HOUSING DEVELOPMENT,UPPER THOMSON ROAD,26,Non-Landed Properties,NA,"12,000",450 to 460,"4,800 to 4,900",Jan-25
CASTLE GREEN,YIO CHU KANG ROAD,26,Non-Landed Properties,2,"3,600",80 to 90,"900 to 1,000",Jan-25
BULLION PARK,LENTOR LOOP,26,Non-Landed Properties,2,"2,600",70 to 80,800 to 900,Jan-25
SEASONS PARK,YIO CHU KANG ROAD,26,Non-Landed Properties,3,"3,600",110 to 120,"1,200 to 1,300",Jan-25
CASTLE GREEN,YIO CHU KANG ROAD,26,Non-Landed Properties,2,"3,800",80 to 90,"900 to 1,000",Dec-24
MEADOWS @ PEIRCE,UPPER THOMSON ROAD,26,Non-Landed Properties,4,"6,800",170 to 180,"1,800 to 1,900",Dec-24
CASTLE GREEN,YIO CHU KANG ROAD,26,Non-Landed Properties,2,"3,200",80 to 90,"900 to 1,000",Dec-24
FOREST HILLS CONDOMINIUM,TRANSIT ROAD,26,Non-Landed Properties,3,"3,900",100 to 110,"1,100 to 1,200",Dec-24
CASTLE GREEN,YIO CHU KANG ROAD,26,Non-Landed Properties,3,"4,000",100 to 110,"1,100 to 1,200",Dec-24
THE CALROSE,YIO CHU KANG ROAD,26,Non-Landed Properties,3,"4,900",110 to 120,"1,200 to 1,300",Dec-24
MEADOWS @ PEIRCE,UPPER THOMSON ROAD,26,Non-Landed Properties,4,"5,900",170 to 180,"1,800 to 1,900",Dec-24
MEADOWS @ PEIRCE,UPPER THOMSON ROAD,26,Non-Landed Properties,2,"3,500",80 to 90,"900 to 1,000",Dec-24
THE CALROSE,YIO CHU KANG ROAD,26,Non-Landed Properties,3,"4,200",110 to 120,"1,200 to 1,300",Dec-24
THE CALROSE,YIO CHU KANG ROAD,26,Non-Landed Properties,3,"5,000",110 to 120,"1,200 to 1,300",Dec-24
BULLION PARK,LENTOR LOOP,26,Non-Landed Properties,3,"4,300",100 to 110,"1,100 to 1,200",Dec-24
CASTLE GREEN,YIO CHU KANG ROAD,26,Non-Landed Properties,2,"3,450",80 to 90,"900 to 1,000",Dec-24
MEADOWS @ PEIRCE,UPPER THOMSON ROAD,26,Non-Landed Properties,4,"6,300",170 to 180,"1,800 to 1,900",Dec-24
MEADOWS @ PEIRCE,UPPER THOMSON ROAD,26,Non-Landed Properties,3,"5,600",130 to 140,"1,400 to 1,500",Dec-24
MEADOWS @ PEIRCE,UPPER THOMSON ROAD,26,Non-Landed Properties,1,"2,900",50 to 60,600 to 700,Dec-24
CASTLE GREEN,YIO CHU KANG ROAD,26,Non-Landed Properties,2,"4,400",100 to 110,"1,100 to 1,200",Dec-24
CASTLE GREEN,YIO CHU KANG ROAD,26,Non-Landed Properties,2,"3,900",80 to 90,"900 to 1,000",Dec-24
MEADOWS @ PEIRCE,UPPER THOMSON ROAD,26,Non-Landed Properties,4,"6,200",170 to 180,"1,800 to 1,900",Dec-24
MEADOWS @ PEIRCE,UPPER THOMSON ROAD,26,Non-Landed Properties,2,"3,400",80 to 90,"900 to 1,000",Dec-24
THOMSON GROVE,YIO CHU KANG ROAD,26,Non-Landed Properties,3,"4,700",130 to 140,"1,400 to 1,500",Dec-24
MEADOWS @ PEIRCE,UPPER THOMSON ROAD,26,Non-Landed Properties,3,"5,200",140 to 150,"1,500 to 1,600",Dec-24
SEASONS PARK,YIO CHU KANG ROAD,26,Non-Landed Properties,2,"3,500",100 to 110,"1,100 to 1,200",Dec-24
MEADOWS @ PEIRCE,UPPER THOMSON ROAD,26,Non-Landed Properties,1,"3,000",50 to 60,600 to 700,Dec-24
THE CALROSE,YIO CHU KANG ROAD,26,Non-Landed Properties,3,"5,100",120 to 130,"1,300 to 1,400",Dec-24
SEASONS PARK,YIO CHU KANG ROAD,26,Non-Landed Properties,2,"3,300",90 to 100,"1,000 to 1,100",Dec-24
MEADOWS @ PEIRCE,UPPER THOMSON ROAD,26,Non-Landed Properties,2,"3,500",80 to 90,"900 to 1,000",Dec-24
THE CALROSE,YIO CHU KANG ROAD,26,Non-Landed Properties,2,"4,200",100 to 110,"1,000 to 1,100",Dec-24
CASTLE GREEN,YIO CHU KANG ROAD,26,Non-Landed Properties,3,"4,100",100 to 110,"1,100 to 1,200",Dec-24
CASTLE GREEN,YIO CHU KANG ROAD,26,Non-Landed Properties,3,"4,500",100 to 110,"1,100 to 1,200",Dec-24
BULLION PARK,LENTOR LOOP,26,Non-Landed Properties,3,"4,200",110 to 120,"1,200 to 1,300",Dec-24
HONG HENG MANSIONS,SEMBAWANG ROAD,26,Non-Landed Properties,3,"3,000",80 to 90,"900 to 1,000",Dec-24
CASTLE GREEN,YIO CHU KANG ROAD,26,Non-Landed Properties,3,"4,600",100 to 110,"1,100 to 1,200",Dec-24
BULLION PARK,LENTOR LOOP,26,Non-Landed Properties,3,"4,300",110 to 120,"1,200 to 1,300",Dec-24
MEADOWS @ PEIRCE,UPPER THOMSON ROAD,26,Non-Landed Properties,3,"4,300",110 to 120,"1,200 to 1,300",Dec-24
MEADOWS @ PEIRCE,UPPER THOMSON ROAD,26,Non-Landed Properties,1,"3,050",50 to 60,600 to 700,Dec-24
BULLION PARK,LENTOR LOOP,26,Non-Landed Properties,3,"5,000",170 to 180,"1,800 to 1,900",Dec-24
SEASONS PARK,YIO CHU KANG ROAD,26,Non-Landed Properties,2,"3,550",90 to 100,"1,000 to 1,100",Dec-24
CASTLE GREEN,YIO CHU KANG ROAD,26,Non-Landed Properties,2,"3,200",80 to 90,"900 to 1,000",Dec-24
NON-LANDED HOUSING DEVELOPMENT,UPPER THOMSON ROAD,26,Non-Landed Properties,NA,"5,000",80 to 90,"900 to 1,000",Dec-24
CASTLE GREEN,YIO CHU KANG ROAD,26,Non-Landed Properties,3,"4,700",100 to 110,"1,100 to 1,200",Nov-24
CASTLE GREEN,YIO CHU KANG ROAD,26,Non-Landed Properties,3,"4,300",100 to 110,"1,100 to 1,200",Nov-24
BULLION PARK,LENTOR LOOP,26,Non-Landed Properties,2,"3,200",70 to 80,800 to 900,Nov-24
CASTLE GREEN,YIO CHU KANG ROAD,26,Non-Landed Properties,2,"3,500",80 to 90,"900 to 1,000",Nov-24
BULLION PARK,LENTOR LOOP,26,Non-Landed Properties,2,"3,000",70 to 80,800 to 900,Nov-24
CASTLE GREEN,YIO CHU KANG ROAD,26,Non-Landed Properties,4,"4,800",130 to 140,"1,400 to 1,500",Nov-24
CASTLE GREEN,YIO CHU KANG ROAD,26,Non-Landed Properties,3,"4,000",100 to 110,"1,100 to 1,200",Nov-24
THE CALROSE,YIO CHU KANG ROAD,26,Non-Landed Properties,3,"4,500",110 to 120,"1,200 to 1,300",Nov-24
BULLION PARK,LENTOR LOOP,26,Non-Landed Properties,3,"3,900",110 to 120,"1,200 to 1,300",Nov-24
THE BROOKS I,SPRINGSIDE WALK,26,Non-Landed Properties,1,"2,900",50 to 60,500 to 600,Nov-24
MEADOWS @ PEIRCE,UPPER THOMSON ROAD,26,Non-Landed Properties,3,"4,000",110 to 120,"1,100 to 1,200",Nov-24
THOMSON GROVE,YIO CHU KANG ROAD,26,Non-Landed Properties,3,"4,100",130 to 140,"1,400 to 1,500",Nov-24
BULLION PARK,LENTOR LOOP,26,Non-Landed Properties,3,"3,500",110 to 120,"1,200 to 1,300",Nov-24
CASTLE GREEN,YIO CHU KANG ROAD,26,Non-Landed Properties,2,"3,600",80 to 90,"900 to 1,000",Nov-24
CASTLE GREEN,YIO CHU KANG ROAD,26,Non-Landed Properties,2,"3,200",80 to 90,"900 to 1,000",Nov-24
THE CALROSE,YIO CHU KANG ROAD,26,Non-Landed Properties,3,"4,700",110 to 120,"1,200 to 1,300",Nov-24
THE ESSENCE,CHONG KUO ROAD,26,Non-Landed Properties,2,"3,600",90 to 100,"1,000 to 1,100",Nov-24
SEASONS PARK,YIO CHU KANG ROAD,26,Non-Landed Properties,2,"3,400",90 to 100,"1,000 to 1,100",Nov-24
THE CALROSE,YIO CHU KANG ROAD,26,Non-Landed Properties,3,"4,800",110 to 120,"1,200 to 1,300",Nov-24
MEADOWS @ PEIRCE,UPPER THOMSON ROAD,26,Non-Landed Properties,3,"4,550",200 to 210,"2,200 to 2,300",Nov-24
THE CALROSE,YIO CHU KANG ROAD,26,Non-Landed Properties,4,"7,500",230 to 240,"2,500 to 2,600",Nov-24
CASTLE GREEN,YIO CHU KANG ROAD,26,Non-Landed Properties,3,"4,000",110 to 120,"1,200 to 1,300",Nov-24
BULLION PARK,LENTOR LOOP,26,Non-Landed Properties,2,"3,200",70 to 80,800 to 900,Nov-24
HONG HENG GARDEN,SEMBAWANG ROAD,26,Non-Landed Properties,NA,"4,000",190 to 200,"2,000 to 2,100",Nov-24
THE CALROSE,YIO CHU KANG ROAD,26,Non-Landed Properties,3,"4,600",100 to 110,"1,100 to 1,200",Nov-24
THOMSON GROVE,YIO CHU KANG ROAD,26,Non-Landed Properties,3,"4,800",130 to 140,"1,400 to 1,500",Oct-24
MEADOWS @ PEIRCE,UPPER THOMSON ROAD,26,Non-Landed Properties,3,"4,000",110 to 120,"1,200 to 1,300",Oct-24
THOMSON GROVE,YIO CHU KANG ROAD,26,Non-Landed Properties,3,"4,400",130 to 140,"1,400 to 1,500",Oct-24
SEASONS PARK,YIO CHU KANG ROAD,26,Non-Landed Properties,3,"4,400",120 to 130,"1,200 to 1,300",Oct-24
MEADOWS @ PEIRCE,UPPER THOMSON ROAD,26,Non-Landed Properties,4,"6,100",180 to 190,"2,000 to 2,100",Oct-24
BULLION PARK,LENTOR LOOP,26,Non-Landed Properties,2,"3,200",70 to 80,800 to 900,Oct-24
THE ESSENCE,CHONG KUO ROAD,26,Non-Landed Properties,2,"3,500",60 to 70,700 to 800,Oct-24
BULLION PARK,LENTOR LOOP,26,Non-Landed Properties,3,"3,900",110 to 120,"1,200 to 1,300",Oct-24
BULLION PARK,LENTOR LOOP,26,Non-Landed Properties,2,"3,300",70 to 80,800 to 900,Oct-24
MEADOWS @ PEIRCE,UPPER THOMSON ROAD,26,Non-Landed Properties,1,"3,000",50 to 60,600 to 700,Oct-24
MEADOWS @ PEIRCE,UPPER THOMSON ROAD,26,Non-Landed Properties,2,"3,400",80 to 90,"900 to 1,000",Oct-24
THE CALROSE,YIO CHU KANG ROAD,26,Non-Landed Properties,2,"3,800",100 to 110,"1,000 to 1,100",Oct-24
MEADOWS @ PEIRCE,UPPER THOMSON ROAD,26,Non-Landed Properties,1,"2,800",50 to 60,600 to 700,Oct-24
BULLION PARK,LENTOR LOOP,26,Non-Landed Properties,2,"3,650",70 to 80,800 to 900,Oct-24
MEADOWS @ PEIRCE,UPPER THOMSON ROAD,26,Non-Landed Properties,2,"3,600",110 to 120,"1,200 to 1,300",Oct-24
SEASONS PARK,YIO CHU KANG ROAD,26,Non-Landed Properties,2,"3,700",100 to 110,"1,100 to 1,200",Oct-24
BULLION PARK,LENTOR LOOP,26,Non-Landed Properties,3,"3,700",110 to 120,"1,200 to 1,300",Oct-24
CASTLE GREEN,YIO CHU KANG ROAD,26,Non-Landed Properties,3,"3,700",100 to 110,"1,100 to 1,200",Oct-24
CASTLE GREEN,YIO CHU KANG ROAD,26,Non-Landed Properties,3,"4,350",100 to 110,"1,100 to 1,200",Oct-24
CASTLE GREEN,YIO CHU KANG ROAD,26,Non-Landed Properties,2,"3,400",100 to 110,"1,100 to 1,200",Oct-24
BULLION PARK,LENTOR LOOP,26,Non-Landed Properties,3,"4,000",110 to 120,"1,200 to 1,300",Oct-24
HONG HENG MANSIONS,SEMBAWANG ROAD,26,Non-Landed Properties,3,"3,000",110 to 120,"1,200 to 1,300",Oct-24
MEADOWS @ PEIRCE,UPPER THOMSON ROAD,26,Non-Landed Properties,3,"5,500",200 to 210,"2,200 to 2,300",Oct-24
BULLION PARK,LENTOR LOOP,26,Non-Landed Properties,2,"3,300",70 to 80,800 to 900,Oct-24
FOREST HILLS CONDOMINIUM,TRANSIT ROAD,26,Non-Landed Properties,3,"4,500",100 to 110,"1,100 to 1,200",Oct-24
CASTLE GREEN,YIO CHU KANG ROAD,26,Non-Landed Properties,2,"3,750",80 to 90,"900 to 1,000",Sep-24
MEADOWS @ PEIRCE,UPPER THOMSON ROAD,26,Non-Landed Properties,1,"2,900",50 to 60,600 to 700,Sep-24
CASTLE GREEN,YIO CHU KANG ROAD,26,Non-Landed Properties,2,"3,200",80 to 90,"900 to 1,000",Sep-24
SEASONS PARK,YIO CHU KANG ROAD,26,Non-Landed Properties,3,"3,000",120 to 130,"1,200 to 1,300",Sep-24
THE BROOKS I,SPRINGSIDE WALK,26,Non-Landed Properties,2,"3,350",70 to 80,800 to 900,Sep-24
THE BROOKS II,SPRINGSIDE GREEN,26,Non-Landed Properties,2,"3,800",100 to 110,"1,100 to 1,200",Sep-24
CASTLE GREEN,YIO CHU KANG ROAD,26,Non-Landed Properties,2,"3,500",80 to 90,"900 to 1,000",Sep-24
NON-LANDED HOUSING DEVELOPMENT,UPPER THOMSON ROAD,26,Non-Landed Properties,NA,"4,200",90 to 100,"900 to 1,000",Sep-24
CASTLE GREEN,YIO CHU KANG ROAD,26,Non-Landed Properties,3,"4,300",110 to 120,"1,200 to 1,300",Sep-24
CASTLE GREEN,YIO CHU KANG ROAD,26,Non-Landed Properties,2,"3,900",100 to 110,"1,100 to 1,200",Sep-24
FOREST HILLS CONDOMINIUM,TRANSIT ROAD,26,Non-Landed Properties,3,"3,600",100 to 110,"1,100 to 1,200",Sep-24
THE CALROSE,YIO CHU KANG ROAD,26,Non-Landed Properties,2,"3,700",90 to 100,"1,000 to 1,100",Sep-24
THOMSON GROVE,YIO CHU KANG ROAD,26,Non-Landed Properties,3,"4,100",130 to 140,"1,400 to 1,500",Sep-24
SEASONS PARK,YIO CHU KANG ROAD,26,Non-Landed Properties,1,"3,200",100 to 110,"1,000 to 1,100",Sep-24
CASTLE GREEN,YIO CHU KANG ROAD,26,Non-Landed Properties,2,"2,600",80 to 90,"900 to 1,000",Sep-24
SEASONS PARK,YIO CHU KANG ROAD,26,Non-Landed Properties,2,"3,500",90 to 100,"1,000 to 1,100",Sep-24
ROOTS @ TRANSIT,TRANSIT ROAD,26,Non-Landed Properties,1,"2,700",40 to 50,400 to 500,Sep-24
CASTLE GREEN,YIO CHU KANG ROAD,26,Non-Landed Properties,2,"3,500",80 to 90,"900 to 1,000",Sep-24
NON-LANDED HOUSING DEVELOPMENT,UPPER THOMSON ROAD,26,Non-Landed Properties,NA,"4,200",90 to 100,"900 to 1,000",Sep-24
SPRINGLEAF GARDEN,THONG SOON AVENUE,26,Non-Landed Properties,NA,"4,500",160 to 170,"1,700 to 1,800",Sep-24
CASTLE GREEN,YIO CHU KANG ROAD,26,Non-Landed Properties,3,"3,200",100 to 110,"1,100 to 1,200",Sep-24
SEASONS PARK,YIO CHU KANG ROAD,26,Non-Landed Properties,3,"4,200",110 to 120,"1,200 to 1,300",Sep-24
THE CALROSE,YIO CHU KANG ROAD,26,Non-Landed Properties,3,"4,600",110 to 120,"1,200 to 1,300",Sep-24
CASTLE GREEN,YIO CHU KANG ROAD,26,Non-Landed Properties,2,"3,400",80 to 90,"900 to 1,000",Sep-24
MEADOWS @ PEIRCE,UPPER THOMSON ROAD,26,Non-Landed Properties,3,"3,700",110 to 120,"1,100 to 1,200",Sep-24
BULLION PARK,LENTOR LOOP,26,Non-Landed Properties,3,"4,000",110 to 120,"1,200 to 1,300",Sep-24
HONG HENG GARDEN,SEMBAWANG ROAD,26,Non-Landed Properties,NA,"3,000",170 to 180,"1,800 to 1,900",Sep-24
THOMSON GROVE,YIO CHU KANG ROAD,26,Non-Landed Properties,3,"4,300",140 to 150,"1,500 to 1,600",Sep-24
BULLION PARK,LENTOR LOOP,26,Non-Landed Properties,2,"3,100",70 to 80,800 to 900,Sep-24
THE CALROSE,YIO CHU KANG ROAD,26,Non-Landed Properties,3,"5,800",190 to 200,"2,100 to 2,200",Sep-24
MEADOWS @ PEIRCE,UPPER THOMSON ROAD,26,Non-Landed Properties,4,"6,300",170 to 180,"1,800 to 1,900",Sep-24
BULLION PARK,LENTOR LOOP,26,Non-Landed Properties,3,"3,800",110 to 120,"1,200 to 1,300",Aug-24
BULLION PARK,LENTOR LOOP,26,Non-Landed Properties,3,"4,000",110 to 120,"1,200 to 1,300",Aug-24
BULLION PARK,LENTOR LOOP,26,Non-Landed Properties,2,"3,050",70 to 80,800 to 900,Aug-24
THE CALROSE,YIO CHU KANG ROAD,26,Non-Landed Properties,4,"5,300",130 to 140,"1,400 to 1,500",Aug-24
BULLION PARK,LENTOR LOOP,26,Non-Landed Properties,3,"3,750",110 to 120,"1,200 to 1,300",Aug-24
BULLION PARK,LENTOR LOOP,26,Non-Landed Properties,2,"2,900",70 to 80,800 to 900,Aug-24
THE BROOKS II,SPRINGSIDE GREEN,26,Non-Landed Properties,2,"3,400",60 to 70,700 to 800,Aug-24
HONG HENG MANSIONS,SEMBAWANG ROAD,26,Non-Landed Properties,3,"2,800",110 to 120,"1,200 to 1,300",Aug-24
THE CALROSE,YIO CHU KANG ROAD,26,Non-Landed Properties,3,"5,500",200 to 210,"2,100 to 2,200",Aug-24
MEADOWS @ PEIRCE,UPPER THOMSON ROAD,26,Non-Landed Properties,3,"4,600",110 to 120,"1,200 to 1,300",Aug-24
THOMSON GROVE,YIO CHU KANG ROAD,26,Non-Landed Properties,4,"6,100",190 to 200,"2,100 to 2,200",Aug-24
THE BROOKS II,SPRINGSIDE GREEN,26,Non-Landed Properties,2,"4,700",100 to 110,"1,100 to 1,200",Aug-24
NON-LANDED HOUSING DEVELOPMENT,UPPER THOMSON ROAD,26,Non-Landed Properties,NA,"4,800",80 to 90,"900 to 1,000",Aug-24
MEADOWS @ PEIRCE,UPPER THOMSON ROAD,26,Non-Landed Properties,1,"3,000",50 to 60,600 to 700,Aug-24
BULLION PARK,LENTOR LOOP,26,Non-Landed Properties,3,"4,000",110 to 120,"1,200 to 1,300",Aug-24
NON-LANDED HOUSING DEVELOPMENT,UPPER THOMSON ROAD,26,Non-Landed Properties,NA,"4,300",90 to 100,"900 to 1,000",Aug-24
BULLION PARK,LENTOR LOOP,26,Non-Landed Properties,3,"2,900",110 to 120,"1,200 to 1,300",Aug-24
MEADOWS @ PEIRCE,UPPER THOMSON ROAD,26,Non-Landed Properties,2,"3,700",80 to 90,"900 to 1,000",Aug-24
SEASONS PARK,YIO CHU KANG ROAD,26,Non-Landed Properties,3,"4,380",110 to 120,"1,200 to 1,300",Aug-24
THE ESSENCE,CHONG KUO ROAD,26,Non-Landed Properties,2,"3,400",60 to 70,600 to 700,Aug-24
THE CALROSE,YIO CHU KANG ROAD,26,Non-Landed Properties,3,"4,800",110 to 120,"1,200 to 1,300",Aug-24
THOMSON GROVE,YIO CHU KANG ROAD,26,Non-Landed Properties,3,"3,600",140 to 150,"1,500 to 1,600",Aug-24
SEASONS PARK,YIO CHU KANG ROAD,26,Non-Landed Properties,2,"2,600",100 to 110,"1,100 to 1,200",Aug-24
CASTLE GREEN,YIO CHU KANG ROAD,26,Non-Landed Properties,2,"3,450",80 to 90,"900 to 1,000",Aug-24
MEADOWS @ PEIRCE,UPPER THOMSON ROAD,26,Non-Landed Properties,3,"5,050",130 to 140,"1,400 to 1,500",Aug-24
HONG HENG MANSIONS,SEMBAWANG ROAD,26,Non-Landed Properties,3,"4,200",110 to 120,"1,200 to 1,300",Aug-24
THE CALROSE,YIO CHU KANG ROAD,26,Non-Landed Properties,3,"4,700",110 to 120,"1,200 to 1,300",Aug-24
BULLION PARK,LENTOR LOOP,26,Non-Landed Properties,2,"2,800",70 to 80,800 to 900,Aug-24
SEASONS PARK,YIO CHU KANG ROAD,26,Non-Landed Properties,2,"3,400",90 to 100,"1,000 to 1,100",Aug-24
MEADOWS @ PEIRCE,UPPER THOMSON ROAD,26,Non-Landed Properties,1,"2,900",50 to 60,600 to 700,Aug-24
FOREST HILLS CONDOMINIUM,TRANSIT ROAD,26,Non-Landed Properties,2,"3,750",90 to 100,"1,000 to 1,100",Aug-24
HONG HENG MANSIONS,SEMBAWANG ROAD,26,Non-Landed Properties,3,"2,900",80 to 90,"900 to 1,000",Aug-24
SEASONS PARK,YIO CHU KANG ROAD,26,Non-Landed Properties,2,"3,400",90 to 100,"1,000 to 1,100",Aug-24
MEADOWS @ PEIRCE,UPPER THOMSON ROAD,26,Non-Landed Properties,1,"3,250",50 to 60,600 to 700,Aug-24
MEADOWS @ PEIRCE,UPPER THOMSON ROAD,26,Non-Landed Properties,4,"6,300",190 to 200,"2,000 to 2,100",Aug-24
THE BROOKS II,SPRINGSIDE GREEN,26,Non-Landed Properties,2,"3,300",70 to 80,800 to 900,Aug-24
BULLION PARK,LENTOR LOOP,26,Non-Landed Properties,3,"4,200",110 to 120,"1,200 to 1,300",Aug-24
BULLION PARK,LENTOR LOOP,26,Non-Landed Properties,2,"3,500",70 to 80,800 to 900,Aug-24
HONG HENG MANSIONS,SEMBAWANG ROAD,26,Non-Landed Properties,3,"3,300",110 to 120,"1,200 to 1,300",Jul-24
MEADOWS @ PEIRCE,UPPER THOMSON ROAD,26,Non-Landed Properties,3,"4,100",110 to 120,"1,200 to 1,300",Jul-24
SEASONS PARK,YIO CHU KANG ROAD,26,Non-Landed Properties,2,"3,800",90 to 100,"1,000 to 1,100",Jul-24
BULLION PARK,LENTOR LOOP,26,Non-Landed Properties,2,"3,100",70 to 80,800 to 900,Jul-24
CASTLE GREEN,YIO CHU KANG ROAD,26,Non-Landed Properties,2,"3,650",80 to 90,"900 to 1,000",Jul-24
BULLION PARK,LENTOR LOOP,26,Non-Landed Properties,2,"3,300",70 to 80,800 to 900,Jul-24
THE CALROSE,YIO CHU KANG ROAD,26,Non-Landed Properties,4,"5,400",140 to 150,"1,500 to 1,600",Jul-24
MEADOWS @ PEIRCE,UPPER THOMSON ROAD,26,Non-Landed Properties,4,"6,200",170 to 180,"1,800 to 1,900",Jul-24
THOMSON GROVE,YIO CHU KANG ROAD,26,Non-Landed Properties,3,"4,200",140 to 150,"1,500 to 1,600",Jul-24
ROOTS @ TRANSIT,TRANSIT ROAD,26,Non-Landed Properties,2,"2,800",50 to 60,500 to 600,Jul-24
SEASONS PARK,YIO CHU KANG ROAD,26,Non-Landed Properties,3,"4,500",120 to 130,"1,200 to 1,300",Jul-24
BULLION PARK,LENTOR LOOP,26,Non-Landed Properties,2,"3,400",70 to 80,800 to 900,Jul-24
MEADOWS @ PEIRCE,UPPER THOMSON ROAD,26,Non-Landed Properties,2,"4,000",110 to 120,"1,100 to 1,200",Jul-24
BULLION PARK,LENTOR LOOP,26,Non-Landed Properties,2,"2,700",70 to 80,800 to 900,Jul-24
MEADOWS @ PEIRCE,UPPER THOMSON ROAD,26,Non-Landed Properties,3,"4,200",110 to 120,"1,100 to 1,200",Jul-24
MEADOWS @ PEIRCE,UPPER THOMSON ROAD,26,Non-Landed Properties,1,"3,000",50 to 60,600 to 700,Jul-24
ROOTS @ TRANSIT,TRANSIT ROAD,26,Non-Landed Properties,1,"2,500",40 to 50,500 to 600,Jul-24
MEADOWS @ PEIRCE,UPPER THOMSON ROAD,26,Non-Landed Properties,2,"3,600",80 to 90,"900 to 1,000",Jul-24
MEADOWS @ PEIRCE,UPPER THOMSON ROAD,26,Non-Landed Properties,4,"6,500",240 to 250,"2,500 to 2,600",Jul-24
MEADOWS @ PEIRCE,UPPER THOMSON ROAD,26,Non-Landed Properties,1,"2,900",50 to 60,600 to 700,Jul-24
NON-LANDED HOUSING DEVELOPMENT,SEMBAWANG ROAD,26,Non-Landed Properties,NA,"4,000",90 to 100,"1,000 to 1,100",Jul-24
MEADOWS @ PEIRCE,UPPER THOMSON ROAD,26,Non-Landed Properties,4,"7,300",250 to 260,"2,700 to 2,800",Jul-24
BULLION PARK,LENTOR LOOP,26,Non-Landed Properties,2,"3,200",70 to 80,800 to 900,Jul-24
CASTLE GREEN,YIO CHU KANG ROAD,26,Non-Landed Properties,2,"3,200",80 to 90,"900 to 1,000",Jul-24
NON-LANDED HOUSING DEVELOPMENT,UPPER THOMSON ROAD,26,Non-Landed Properties,NA,"5,100",110 to 120,"1,100 to 1,200",Jul-24
THOMSON GROVE,YIO CHU KANG ROAD,26,Non-Landed Properties,3,"3,900",130 to 140,"1,400 to 1,500",Jul-24
THE ESSENCE,CHONG KUO ROAD,26,Non-Landed Properties,2,"3,650",90 to 100,"1,000 to 1,100",Jul-24
THOMSON GROVE,YIO CHU KANG ROAD,26,Non-Landed Properties,3,"3,800",140 to 150,"1,500 to 1,600",Jul-24
THE CALROSE,YIO CHU KANG ROAD,26,Non-Landed Properties,3,"4,600",110 to 120,"1,200 to 1,300",Jul-24
ROOTS @ TRANSIT,TRANSIT ROAD,26,Non-Landed Properties,2,"3,000",50 to 60,500 to 600,Jul-24
THE CALROSE,YIO CHU KANG ROAD,26,Non-Landed Properties,2,"3,680",80 to 90,"900 to 1,000",Jul-24
MEADOWS @ PEIRCE,UPPER THOMSON ROAD,26,Non-Landed Properties,3,"4,200",110 to 120,"1,100 to 1,200",Jul-24
MEADOWS @ PEIRCE,UPPER THOMSON ROAD,26,Non-Landed Properties,4,"7,000",260 to 270,"2,800 to 2,900",Jul-24
NON-LANDED HOUSING DEVELOPMENT,UPPER THOMSON ROAD,26,Non-Landed Properties,NA,"4,500",160 to 170,"1,700 to 1,800",Jul-24
CASTLE GREEN,YIO CHU KANG ROAD,26,Non-Landed Properties,3,"3,700",110 to 120,"1,200 to 1,300",Jul-24
NON-LANDED HOUSING DEVELOPMENT,UPPER THOMSON ROAD,26,Non-Landed Properties,NA,"3,200",110 to 120,"1,100 to 1,200",Jul-24
THE CALROSE,YIO CHU KANG ROAD,26,Non-Landed Properties,3,"5,100",110 to 120,"1,200 to 1,300",Jul-24
THE CALROSE,YIO CHU KANG ROAD,26,Non-Landed Properties,3,"4,600",110 to 120,"1,200 to 1,300",Jul-24
MEADOWS @ PEIRCE,UPPER THOMSON ROAD,26,Non-Landed Properties,1,"2,900",50 to 60,600 to 700,Jun-24
THOMSON GROVE,YIO CHU KANG ROAD,26,Non-Landed Properties,3,"7,600",260 to 270,"2,800 to 2,900",Jun-24
HONG HENG MANSIONS,SEMBAWANG ROAD,26,Non-Landed Properties,3,"3,200",120 to 130,"1,300 to 1,400",Jun-24
BULLION PARK,LENTOR LOOP,26,Non-Landed Properties,3,"3,900",110 to 120,"1,200 to 1,300",Jun-24
CASTLE GREEN,YIO CHU KANG ROAD,26,Non-Landed Properties,3,"4,700",110 to 120,"1,200 to 1,300",Jun-24
SEASONS PARK,YIO CHU KANG ROAD,26,Non-Landed Properties,2,"3,600",100 to 110,"1,100 to 1,200",Jun-24
SEASONS PARK,YIO CHU KANG ROAD,26,Non-Landed Properties,2,"3,600",90 to 100,"1,000 to 1,100",Jun-24
CASTLE GREEN,YIO CHU KANG ROAD,26,Non-Landed Properties,3,"3,500",100 to 110,"1,100 to 1,200",Jun-24
THE ESSENCE,CHONG KUO ROAD,26,Non-Landed Properties,2,"3,800",90 to 100,"1,000 to 1,100",Jun-24
CASTLE GREEN,YIO CHU KANG ROAD,26,Non-Landed Properties,2,"3,350",80 to 90,"900 to 1,000",Jun-24
THE CALROSE,YIO CHU KANG ROAD,26,Non-Landed Properties,3,"4,500",110 to 120,"1,200 to 1,300",Jun-24
MEADOWS @ PEIRCE,UPPER THOMSON ROAD,26,Non-Landed Properties,3,"4,000",110 to 120,"1,100 to 1,200",Jun-24
THE CALROSE,YIO CHU KANG ROAD,26,Non-Landed Properties,3,"4,500",110 to 120,"1,200 to 1,300",Jun-24
BULLION PARK,LENTOR LOOP,26,Non-Landed Properties,2,"3,250",70 to 80,800 to 900,Jun-24
CASTLE GREEN,YIO CHU KANG ROAD,26,Non-Landed Properties,3,"4,200",100 to 110,"1,100 to 1,200",Jun-24
CASTLE GREEN,YIO CHU KANG ROAD,26,Non-Landed Properties,3,"4,600",110 to 120,"1,200 to 1,300",Jun-24
THE CALROSE,YIO CHU KANG ROAD,26,Non-Landed Properties,3,"4,600",120 to 130,"1,300 to 1,400",Jun-24
BULLION PARK,LENTOR LOOP,26,Non-Landed Properties,3,"6,400",170 to 180,"1,800 to 1,900",Jun-24
BULLION PARK,LENTOR LOOP,26,Non-Landed Properties,2,"3,000",70 to 80,800 to 900,Jun-24
BULLION PARK,LENTOR LOOP,26,Non-Landed Properties,2,"3,600",70 to 80,800 to 900,Jun-24
MEADOWS @ PEIRCE,UPPER THOMSON ROAD,26,Non-Landed Properties,1,"2,800",50 to 60,600 to 700,Jun-24
CASTLE GREEN,YIO CHU KANG ROAD,26,Non-Landed Properties,2,"3,900",80 to 90,"900 to 1,000",May-24
THE BROOKS II,SPRINGSIDE GREEN,26,Non-Landed Properties,2,"3,200",60 to 70,700 to 800,May-24
SEASONS PARK,YIO CHU KANG ROAD,26,Non-Landed Properties,3,"4,300",120 to 130,"1,200 to 1,300",May-24
BULLION PARK,LENTOR LOOP,26,Non-Landed Properties,2,"3,000",70 to 80,800 to 900,May-24
CASTLE GREEN,YIO CHU KANG ROAD,26,Non-Landed Properties,2,"3,200",80 to 90,"900 to 1,000",May-24
THE CALROSE,YIO CHU KANG ROAD,26,Non-Landed Properties,3,"4,900",110 to 120,"1,200 to 1,300",May-24
THE ESSENCE,CHONG KUO ROAD,26,Non-Landed Properties,2,"3,800",90 to 100,"1,000 to 1,100",May-24
SEASONS PARK,YIO CHU KANG ROAD,26,Non-Landed Properties,2,"3,800",90 to 100,"1,000 to 1,100",May-24
MEADOWS @ PEIRCE,UPPER THOMSON ROAD,26,Non-Landed Properties,3,"3,900",110 to 120,"1,100 to 1,200",May-24
BULLION PARK,LENTOR LOOP,26,Non-Landed Properties,2,"3,050",70 to 80,800 to 900,May-24
CASTLE GREEN,YIO CHU KANG ROAD,26,Non-Landed Properties,3,"4,000",100 to 110,"1,100 to 1,200",May-24
SPRINGLEAF GARDEN,THONG SOON AVENUE,26,Non-Landed Properties,NA,"4,500",140 to 150,"1,500 to 1,600",May-24
MEADOWS @ PEIRCE,UPPER THOMSON ROAD,26,Non-Landed Properties,1,"2,700",50 to 60,600 to 700,May-24
CASTLE GREEN,YIO CHU KANG ROAD,26,Non-Landed Properties,3,"3,700",100 to 110,"1,100 to 1,200",May-24
MEADOWS @ PEIRCE,UPPER THOMSON ROAD,26,Non-Landed Properties,2,"3,500",80 to 90,"900 to 1,000",May-24
BULLION PARK,LENTOR LOOP,26,Non-Landed Properties,2,"3,400",70 to 80,800 to 900,May-24
BULLION PARK,LENTOR LOOP,26,Non-Landed Properties,3,"3,700",110 to 120,"1,200 to 1,300",May-24
MEADOWS @ PEIRCE,UPPER THOMSON ROAD,26,Non-Landed Properties,3,"5,100",140 to 150,"1,500 to 1,600",May-24
NON-LANDED HOUSING DEVELOPMENT,SEMBAWANG ROAD,26,Non-Landed Properties,NA,"6,000",180 to 190,"1,900 to 2,000",May-24
MEADOWS @ PEIRCE,UPPER THOMSON ROAD,26,Non-Landed Properties,3,"4,500",110 to 120,"1,100 to 1,200",May-24
FOREST HILLS CONDOMINIUM,TRANSIT ROAD,26,Non-Landed Properties,4,"5,500",160 to 170,"1,700 to 1,800",May-24
FOREST HILLS CONDOMINIUM,TRANSIT ROAD,26,Non-Landed Properties,3,"3,800",110 to 120,"1,100 to 1,200",May-24
BULLION PARK,LENTOR LOOP,26,Non-Landed Properties,2,"3,150",70 to 80,800 to 900,May-24
THE CALROSE,YIO CHU KANG ROAD,26,Non-Landed Properties,2,"3,800",90 to 100,"900 to 1,000",May-24
TEACHER'S HOUSING ESTATE,KALIDASA AVENUE,26,Non-Landed Properties,NA,"4,850",90 to 100,"900 to 1,000",May-24
ROOTS @ TRANSIT,TRANSIT ROAD,26,Non-Landed Properties,2,"1,200",50 to 60,500 to 600,May-24
CASTLE GREEN,YIO CHU KANG ROAD,26,Non-Landed Properties,2,"3,600",80 to 90,"900 to 1,000",May-24
THE CALROSE,YIO CHU KANG ROAD,26,Non-Landed Properties,4,"5,200",130 to 140,"1,400 to 1,500",Apr-24
ROOTS @ TRANSIT,TRANSIT ROAD,26,Non-Landed Properties,1,"2,500",40 to 50,400 to 500,Apr-24
THE CALROSE,YIO CHU KANG ROAD,26,Non-Landed Properties,3,"4,600",110 to 120,"1,200 to 1,300",Apr-24
CASTLE GREEN,YIO CHU KANG ROAD,26,Non-Landed Properties,2,"3,500",80 to 90,"900 to 1,000",Apr-24
MEADOWS @ PEIRCE,UPPER THOMSON ROAD,26,Non-Landed Properties,3,"4,100",110 to 120,"1,200 to 1,300",Apr-24
MEADOWS @ PEIRCE,UPPER THOMSON ROAD,26,Non-Landed Properties,2,"4,000",80 to 90,"900 to 1,000",Apr-24
SEASONS PARK,YIO CHU KANG ROAD,26,Non-Landed Properties,3,"3,950",120 to 130,"1,200 to 1,300",Apr-24
CASTLE GREEN,YIO CHU KANG ROAD,26,Non-Landed Properties,4,"4,000",130 to 140,"1,400 to 1,500",Apr-24
BULLION PARK,LENTOR LOOP,26,Non-Landed Properties,2,"3,000",70 to 80,700 to 800,Apr-24
MEADOWS @ PEIRCE,UPPER THOMSON ROAD,26,Non-Landed Properties,1,"3,300",50 to 60,600 to 700,Apr-24
CASTLE GREEN,YIO CHU KANG ROAD,26,Non-Landed Properties,2,"4,500",100 to 110,"1,100 to 1,200",Apr-24
HONG HENG GARDEN,SEMBAWANG ROAD,26,Non-Landed Properties,NA,"2,700",170 to 180,"1,800 to 1,900",Apr-24
THE CALROSE,YIO CHU KANG ROAD,26,Non-Landed Properties,3,"4,200",100 to 110,"1,100 to 1,200",Apr-24
THE CALROSE,YIO CHU KANG ROAD,26,Non-Landed Properties,3,"4,300",110 to 120,"1,200 to 1,300",Apr-24
BULLION PARK,LENTOR LOOP,26,Non-Landed Properties,3,"4,300",110 to 120,"1,200 to 1,300",Apr-24
NON-LANDED HOUSING DEVELOPMENT,UPPER THOMSON ROAD,26,Non-Landed Properties,NA,"4,800",110 to 120,"1,100 to 1,200",Apr-24
NON-LANDED HOUSING DEVELOPMENT,UPPER THOMSON ROAD,26,Non-Landed Properties,NA,"2,900",110 to 120,"1,100 to 1,200",Apr-24
THE BROOKS II,SPRINGSIDE GREEN,26,Non-Landed Properties,2,"3,200",60 to 70,700 to 800,Apr-24
CASTLE GREEN,YIO CHU KANG ROAD,26,Non-Landed Properties,3,"4,150",100 to 110,"1,100 to 1,200",Apr-24
THE CALROSE,YIO CHU KANG ROAD,26,Non-Landed Properties,2,"4,250",100 to 110,"1,000 to 1,100",Apr-24
CASTLE GREEN,YIO CHU KANG ROAD,26,Non-Landed Properties,3,"4,400",100 to 110,"1,100 to 1,200",Apr-24
THE CALROSE,YIO CHU KANG ROAD,26,Non-Landed Properties,4,"5,200",130 to 140,"1,400 to 1,500",Apr-24
ROOTS @ TRANSIT,TRANSIT ROAD,26,Non-Landed Properties,2,"2,800",60 to 70,600 to 700,Apr-24
HONG HENG MANSIONS,SEMBAWANG ROAD,26,Non-Landed Properties,3,"3,100",80 to 90,"900 to 1,000",Apr-24
BULLION PARK,LENTOR LOOP,26,Non-Landed Properties,2,"3,500",70 to 80,800 to 900,Apr-24
BULLION PARK,LENTOR LOOP,26,Non-Landed Properties,3,"4,500",200 to 210,"2,200 to 2,300",Apr-24
HONG HENG MANSIONS,SEMBAWANG ROAD,26,Non-Landed Properties,3,"4,000",120 to 130,"1,300 to 1,400",Apr-24
MEADOWS @ PEIRCE,UPPER THOMSON ROAD,26,Non-Landed Properties,2,"4,000",110 to 120,"1,200 to 1,300",Apr-24
HONG HENG MANSIONS,SEMBAWANG ROAD,26,Non-Landed Properties,3,"4,000",120 to 130,"1,300 to 1,400",Apr-24
CASTLE GREEN,YIO CHU KANG ROAD,26,Non-Landed Properties,2,"2,500",80 to 90,"900 to 1,000",Apr-24
THE CALROSE,YIO CHU KANG ROAD,26,Non-Landed Properties,3,"5,200",180 to 190,"2,000 to 2,100",Mar-24
CASTLE GREEN,YIO CHU KANG ROAD,26,Non-Landed Properties,2,"3,550",80 to 90,"900 to 1,000",Mar-24
BULLION PARK,LENTOR LOOP,26,Non-Landed Properties,2,"3,000",70 to 80,800 to 900,Mar-24
THE CALROSE,YIO CHU KANG ROAD,26,Non-Landed Properties,4,"5,100",130 to 140,"1,400 to 1,500",Mar-24
THOMSON GROVE,YIO CHU KANG ROAD,26,Non-Landed Properties,3,"4,600",130 to 140,"1,400 to 1,500",Mar-24
BULLION PARK,LENTOR LOOP,26,Non-Landed Properties,2,"3,200",70 to 80,700 to 800,Mar-24
MEADOWS @ PEIRCE,UPPER THOMSON ROAD,26,Non-Landed Properties,1,"3,100",50 to 60,600 to 700,Mar-24
MEADOWS @ PEIRCE,UPPER THOMSON ROAD,26,Non-Landed Properties,3,"5,700",130 to 140,"1,400 to 1,500",Mar-24
MEADOWS @ PEIRCE,UPPER THOMSON ROAD,26,Non-Landed Properties,4,"7,000",280 to 290,"3,000 to 3,100",Mar-24
BULLION PARK,LENTOR LOOP,26,Non-Landed Properties,3,"3,950",100 to 110,"1,100 to 1,200",Mar-24
BULLION PARK,LENTOR LOOP,26,Non-Landed Properties,2,"2,900",70 to 80,800 to 900,Mar-24
THE CALROSE,YIO CHU KANG ROAD,26,Non-Landed Properties,2,"4,200",90 to 100,"1,000 to 1,100",Mar-24
SEASONS PARK,YIO CHU KANG ROAD,26,Non-Landed Properties,2,"3,500",100 to 110,"1,100 to 1,200",Mar-24
CASTLE GREEN,YIO CHU KANG ROAD,26,Non-Landed Properties,2,"3,200",80 to 90,"900 to 1,000",Mar-24
NON-LANDED HOUSING DEVELOPMENT,SEMBAWANG ROAD,26,Non-Landed Properties,NA,"3,900",90 to 100,"1,000 to 1,100",Mar-24
BULLION PARK,LENTOR LOOP,26,Non-Landed Properties,2,"3,300",70 to 80,700 to 800,Mar-24
THE CALROSE,YIO CHU KANG ROAD,26,Non-Landed Properties,3,"5,500",100 to 110,"1,100 to 1,200",Mar-24
SEASONS PARK,YIO CHU KANG ROAD,26,Non-Landed Properties,2,"3,150",100 to 110,"1,100 to 1,200",Mar-24
SEASONS PARK,YIO CHU KANG ROAD,26,Non-Landed Properties,3,"4,100",110 to 120,"1,200 to 1,300",Mar-24
THE CALROSE,YIO CHU KANG ROAD,26,Non-Landed Properties,4,"5,300",130 to 140,"1,400 to 1,500",Mar-24
CASTLE GREEN,YIO CHU KANG ROAD,26,Non-Landed Properties,4,"5,100",130 to 140,"1,400 to 1,500",Mar-24
MEADOWS @ PEIRCE,UPPER THOMSON ROAD,26,Non-Landed Properties,3,"4,000",110 to 120,"1,100 to 1,200",Mar-24
MEADOWS @ PEIRCE,UPPER THOMSON ROAD,26,Non-Landed Properties,3,"4,100",110 to 120,"1,200 to 1,300",Mar-24
BULLION PARK,LENTOR LOOP,26,Non-Landed Properties,2,"3,000",70 to 80,800 to 900,Mar-24
MEADOWS @ PEIRCE,UPPER THOMSON ROAD,26,Non-Landed Properties,4,"8,000",280 to 290,"3,000 to 3,100",Mar-24
BULLION PARK,LENTOR LOOP,26,Non-Landed Properties,2,"3,200",70 to 80,800 to 900,Mar-24
THE CALROSE,YIO CHU KANG ROAD,26,Non-Landed Properties,4,"5,400",130 to 140,"1,400 to 1,500",Mar-24
MEADOWS @ PEIRCE,UPPER THOMSON ROAD,26,Non-Landed Properties,3,"4,500",110 to 120,"1,200 to 1,300",Mar-24
BULLION PARK,LENTOR LOOP,26,Non-Landed Properties,3,"5,000",170 to 180,"1,800 to 1,900",Mar-24
THE CALROSE,YIO CHU KANG ROAD,26,Non-Landed Properties,2,"3,850",100 to 110,"1,100 to 1,200",Mar-24
SEASONS PARK,YIO CHU KANG ROAD,26,Non-Landed Properties,2,"3,200",90 to 100,"1,000 to 1,100",Mar-24
CASTLE GREEN,YIO CHU KANG ROAD,26,Non-Landed Properties,3,"4,300",140 to 150,"1,500 to 1,600",Mar-24
CASTLE GREEN,YIO CHU KANG ROAD,26,Non-Landed Properties,4,"5,200",130 to 140,"1,400 to 1,500",Mar-24
MEADOWS @ PEIRCE,UPPER THOMSON ROAD,26,Non-Landed Properties,5,"7,500",230 to 240,"2,500 to 2,600",Feb-24
SEASONS PARK,YIO CHU KANG ROAD,26,Non-Landed Properties,2,"3,400",90 to 100,"1,000 to 1,100",Feb-24
THE BROOKS II,SPRINGSIDE GREEN,26,Non-Landed Properties,2,"3,200",60 to 70,700 to 800,Feb-24
BULLION PARK,LENTOR LOOP,26,Non-Landed Properties,2,"3,100",70 to 80,700 to 800,Feb-24
BULLION PARK,LENTOR LOOP,26,Non-Landed Properties,2,"3,000",70 to 80,800 to 900,Feb-24
BULLION PARK,LENTOR LOOP,26,Non-Landed Properties,2,"3,000",70 to 80,700 to 800,Feb-24
THE CALROSE,YIO CHU KANG ROAD,26,Non-Landed Properties,2,"4,000",80 to 90,"900 to 1,000",Feb-24
THE CALROSE,YIO CHU KANG ROAD,26,Non-Landed Properties,3,"4,600",110 to 120,"1,200 to 1,300",Feb-24
SEASONS PARK,YIO CHU KANG ROAD,26,Non-Landed Properties,2,"3,800",90 to 100,"1,000 to 1,100",Feb-24
THE CALROSE,YIO CHU KANG ROAD,26,Non-Landed Properties,3,"5,200",110 to 120,"1,200 to 1,300",Feb-24
THE CALROSE,YIO CHU KANG ROAD,26,Non-Landed Properties,3,"4,900",110 to 120,"1,200 to 1,300",Feb-24
BULLION PARK,LENTOR LOOP,26,Non-Landed Properties,2,"2,700",70 to 80,800 to 900,Feb-24
THE ESSENCE,CHONG KUO ROAD,26,Non-Landed Properties,NA,"4,000",70 to 80,800 to 900,Feb-24
SEASONS PARK,YIO CHU KANG ROAD,26,Non-Landed Properties,2,"3,500",90 to 100,"1,000 to 1,100",Feb-24
MEADOWS @ PEIRCE,UPPER THOMSON ROAD,26,Non-Landed Properties,4,"7,200",280 to 290,"3,000 to 3,100",Feb-24
THE CALROSE,YIO CHU KANG ROAD,26,Non-Landed Properties,4,"5,800",240 to 250,"2,600 to 2,700",Feb-24
SEASONS PARK,YIO CHU KANG ROAD,26,Non-Landed Properties,3,"4,500",120 to 130,"1,200 to 1,300",Feb-24
SEASONS PARK,YIO CHU KANG ROAD,26,Non-Landed Properties,2,"3,500",90 to 100,"1,000 to 1,100",Feb-24
ROOTS @ TRANSIT,TRANSIT ROAD,26,Non-Landed Properties,1,"3,200",40 to 50,500 to 600,Feb-24
SEASONS PARK,YIO CHU KANG ROAD,26,Non-Landed Properties,3,"4,500",120 to 130,"1,200 to 1,300",Feb-24
MEADOWS @ PEIRCE,UPPER THOMSON ROAD,26,Non-Landed Properties,3,"4,200",110 to 120,"1,200 to 1,300",Feb-24
BULLION PARK,LENTOR LOOP,26,Non-Landed Properties,2,"2,700",70 to 80,800 to 900,Feb-24
BULLION PARK,LENTOR LOOP,26,Non-Landed Properties,2,"3,900",70 to 80,700 to 800,Feb-24
NON-LANDED HOUSING DEVELOPMENT,SEMBAWANG ROAD,26,Non-Landed Properties,NA,"4,300",90 to 100,"1,000 to 1,100",Feb-24
THOMSON GROVE,YIO CHU KANG ROAD,26,Non-Landed Properties,3,"6,200",260 to 270,"2,800 to 2,900",Feb-24
THOMSON GROVE,YIO CHU KANG ROAD,26,Non-Landed Properties,3,"4,400",130 to 140,"1,400 to 1,500",Feb-24
CASTLE GREEN,YIO CHU KANG ROAD,26,Non-Landed Properties,2,"3,400",80 to 90,"900 to 1,000",Feb-24
MEADOWS @ PEIRCE,UPPER THOMSON ROAD,26,Non-Landed Properties,3,"4,500",140 to 150,"1,500 to 1,600",Feb-24
MEADOWS @ PEIRCE,UPPER THOMSON ROAD,26,Non-Landed Properties,3,"5,500",160 to 170,"1,700 to 1,800",Feb-24
CASTLE GREEN,YIO CHU KANG ROAD,26,Non-Landed Properties,3,"4,380",100 to 110,"1,100 to 1,200",Feb-24
SEASONS PARK,YIO CHU KANG ROAD,26,Non-Landed Properties,2,"3,700",90 to 100,"1,000 to 1,100",Feb-24
BULLION PARK,LENTOR LOOP,26,Non-Landed Properties,2,"3,150",70 to 80,800 to 900,Jan-24
HONG HENG MANSIONS,SEMBAWANG ROAD,26,Non-Landed Properties,3,"3,100",80 to 90,"900 to 1,000",Jan-24
THE CALROSE,YIO CHU KANG ROAD,26,Non-Landed Properties,3,"5,000",120 to 130,"1,300 to 1,400",Jan-24
MEADOWS @ PEIRCE,UPPER THOMSON ROAD,26,Non-Landed Properties,3,"5,000",200 to 210,"2,200 to 2,300",Jan-24
MEADOWS @ PEIRCE,UPPER THOMSON ROAD,26,Non-Landed Properties,3,"4,450",110 to 120,"1,200 to 1,300",Jan-24
BULLION PARK,LENTOR LOOP,26,Non-Landed Properties,3,"4,000",110 to 120,"1,200 to 1,300",Jan-24
BULLION PARK,LENTOR LOOP,26,Non-Landed Properties,3,"4,900",150 to 160,"1,600 to 1,700",Jan-24
CASTLE GREEN,YIO CHU KANG ROAD,26,Non-Landed Properties,3,"4,100",120 to 130,"1,300 to 1,400",Jan-24
SEASONS PARK,YIO CHU KANG ROAD,26,Non-Landed Properties,3,"4,200",120 to 130,"1,200 to 1,300",Jan-24
BULLION PARK,LENTOR LOOP,26,Non-Landed Properties,2,"3,500",70 to 80,800 to 900,Jan-24
MEADOWS @ PEIRCE,UPPER THOMSON ROAD,26,Non-Landed Properties,3,"4,500",140 to 150,"1,500 to 1,600",Jan-24
CASTLE GREEN,YIO CHU KANG ROAD,26,Non-Landed Properties,3,"3,700",110 to 120,"1,200 to 1,300",Jan-24
THE BROOKS II,SPRINGSIDE GREEN,26,Non-Landed Properties,2,"3,833",60 to 70,700 to 800,Jan-24
BULLION PARK,LENTOR LOOP,26,Non-Landed Properties,3,"3,500",110 to 120,"1,200 to 1,300",Jan-24
THOMSON GROVE,YIO CHU KANG ROAD,26,Non-Landed Properties,3,"3,800",130 to 140,"1,400 to 1,500",Jan-24
NON-LANDED HOUSING DEVELOPMENT,UPPER THOMSON ROAD,26,Non-Landed Properties,NA,"3,600",120 to 130,"1,300 to 1,400",Jan-24
MEADOWS @ PEIRCE,UPPER THOMSON ROAD,26,Non-Landed Properties,3,"4,400",160 to 170,"1,700 to 1,800",Jan-24
MEADOWS @ PEIRCE,UPPER THOMSON ROAD,26,Non-Landed Properties,1,"3,300",50 to 60,600 to 700,Jan-24
MEADOWS @ PEIRCE,UPPER THOMSON ROAD,26,Non-Landed Properties,3,"4,000",110 to 120,"1,100 to 1,200",Jan-24
MEADOWS @ PEIRCE,UPPER THOMSON ROAD,26,Non-Landed Properties,1,"3,200",50 to 60,600 to 700,Jan-24
THE CALROSE,YIO CHU KANG ROAD,26,Non-Landed Properties,3,"5,280",130 to 140,"1,400 to 1,500",Jan-24
THE ESSENCE,CHONG KUO ROAD,26,Non-Landed Properties,NA,"3,800",90 to 100,"1,000 to 1,100",Jan-24
THE CALROSE,YIO CHU KANG ROAD,26,Non-Landed Properties,2,"3,700",90 to 100,"900 to 1,000",Jan-24
MEADOWS @ PEIRCE,UPPER THOMSON ROAD,26,Non-Landed Properties,1,"3,100",50 to 60,600 to 700,Jan-24
CASTLE GREEN,YIO CHU KANG ROAD,26,Non-Landed Properties,3,"3,500",100 to 110,"1,100 to 1,200",Jan-24
THE CALROSE,YIO CHU KANG ROAD,26,Non-Landed Properties,2,"4,100",100 to 110,"1,100 to 1,200",Jan-24
BULLION PARK,LENTOR LOOP,26,Non-Landed Properties,2,"3,100",70 to 80,800 to 900,Jan-24
CASTLE GREEN,YIO CHU KANG ROAD,26,Non-Landed Properties,2,"3,600",80 to 90,"900 to 1,000",Jan-24
MEADOWS @ PEIRCE,UPPER THOMSON ROAD,26,Non-Landed Properties,2,"3,500",110 to 120,"1,100 to 1,200",Jan-24
THE CALROSE,YIO CHU KANG ROAD,26,Non-Landed Properties,3,"4,500",200 to 210,"2,100 to 2,200",Jan-24
SEASONS PARK,YIO CHU KANG ROAD,26,Non-Landed Properties,3,"4,200",110 to 120,"1,200 to 1,300",Jan-24
CASTLE GREEN,YIO CHU KANG ROAD,26,Non-Landed Properties,2,"3,400",80 to 90,"900 to 1,000",Jan-24
THE BROOKS II,SPRINGSIDE GREEN,26,Non-Landed Properties,1,"3,000",50 to 60,500 to 600,Jan-24
CASTLE GREEN,YIO CHU KANG ROAD,26,Non-Landed Properties,3,"3,300",80 to 90,"900 to 1,000",Jan-24
MEADOWS @ PEIRCE,UPPER THOMSON ROAD,26,Non-Landed Properties,4,"7,700",240 to 250,"2,500 to 2,600",Jan-24
CASTLE GREEN,YIO CHU KANG ROAD,26,Non-Landed Properties,2,"3,300",80 to 90,"900 to 1,000",Jan-24
MEADOWS @ PEIRCE,UPPER THOMSON ROAD,26,Non-Landed Properties,3,"4,100",110 to 120,"1,200 to 1,300",Jan-24
CASTLE GREEN,YIO CHU KANG ROAD,26,Non-Landed Properties,2,"3,600",80 to 90,"900 to 1,000",Jan-24
ROOTS @ TRANSIT,TRANSIT ROAD,26,Non-Landed Properties,2,"3,200",50 to 60,500 to 600,Jan-24
MEADOWS @ PEIRCE,UPPER THOMSON ROAD,26,Non-Landed Properties,2,"3,650",80 to 90,"900 to 1,000",Jan-24
THE CALROSE,YIO CHU KANG ROAD,26,Non-Landed Properties,2,"4,050",100 to 110,"1,100 to 1,200",Dec-23
THE CALROSE,YIO CHU KANG ROAD,26,Non-Landed Properties,3,"5,800",200 to 210,"2,200 to 2,300",Dec-23
THE CALROSE,YIO CHU KANG ROAD,26,Non-Landed Properties,4,"5,400",140 to 150,"1,500 to 1,600",Dec-23
CASTLE GREEN,YIO CHU KANG ROAD,26,Non-Landed Properties,2,"3,500",80 to 90,"900 to 1,000",Dec-23
SEASONS PARK,YIO CHU KANG ROAD,26,Non-Landed Properties,2,"3,800",90 to 100,"1,000 to 1,100",Dec-23
THE CALROSE,YIO CHU KANG ROAD,26,Non-Landed Properties,3,"5,600",200 to 210,"2,200 to 2,300",Dec-23
HONG HENG GARDEN,SEMBAWANG ROAD,26,Non-Landed Properties,NA,"4,000",190 to 200,"2,000 to 2,100",Dec-23
CASTLE GREEN,YIO CHU KANG ROAD,26,Non-Landed Properties,2,"3,500",80 to 90,"900 to 1,000",Dec-23
CASTLE GREEN,YIO CHU KANG ROAD,26,Non-Landed Properties,3,"3,600",100 to 110,"1,100 to 1,200",Dec-23
MEADOWS @ PEIRCE,UPPER THOMSON ROAD,26,Non-Landed Properties,3,"5,800",130 to 140,"1,400 to 1,500",Dec-23
MEADOWS @ PEIRCE,UPPER THOMSON ROAD,26,Non-Landed Properties,4,"6,000",170 to 180,"1,800 to 1,900",Dec-23
CASTLE GREEN,YIO CHU KANG ROAD,26,Non-Landed Properties,2,"3,600",80 to 90,"900 to 1,000",Dec-23
THOMSON GROVE,YIO CHU KANG ROAD,26,Non-Landed Properties,3,"5,300",130 to 140,"1,400 to 1,500",Dec-23
MEADOWS @ PEIRCE,UPPER THOMSON ROAD,26,Non-Landed Properties,3,"4,300",110 to 120,"1,100 to 1,200",Dec-23
HONG HENG MANSIONS,SEMBAWANG ROAD,26,Non-Landed Properties,3,"3,850",120 to 130,"1,300 to 1,400",Dec-23
MEADOWS @ PEIRCE,UPPER THOMSON ROAD,26,Non-Landed Properties,3,"4,000",110 to 120,"1,100 to 1,200",Dec-23
CASTLE GREEN,YIO CHU KANG ROAD,26,Non-Landed Properties,2,"3,900",80 to 90,"900 to 1,000",Dec-23
BULLION PARK,LENTOR LOOP,26,Non-Landed Properties,3,"3,700",110 to 120,"1,200 to 1,300",Dec-23
THE CALROSE,YIO CHU KANG ROAD,26,Non-Landed Properties,4,"5,000",140 to 150,"1,500 to 1,600",Dec-23
MEADOWS @ PEIRCE,UPPER THOMSON ROAD,26,Non-Landed Properties,1,"2,900",50 to 60,600 to 700,Dec-23
SEASONS PARK,YIO CHU KANG ROAD,26,Non-Landed Properties,2,"3,300",90 to 100,"1,000 to 1,100",Dec-23
BULLION PARK,LENTOR LOOP,26,Non-Landed Properties,2,"3,800",70 to 80,800 to 900,Dec-23
ROOTS @ TRANSIT,TRANSIT ROAD,26,Non-Landed Properties,2,"3,200",50 to 60,500 to 600,Dec-23
CASTLE GREEN,YIO CHU KANG ROAD,26,Non-Landed Properties,2,"3,700",100 to 110,"1,100 to 1,200",Dec-23
CASTLE GREEN,YIO CHU KANG ROAD,26,Non-Landed Properties,2,"3,200",80 to 90,"900 to 1,000",Dec-23
THE CALROSE,YIO CHU KANG ROAD,26,Non-Landed Properties,3,"4,300",130 to 140,"1,400 to 1,500",Dec-23
HONG HENG MANSIONS,SEMBAWANG ROAD,26,Non-Landed Properties,3,"3,150",120 to 130,"1,300 to 1,400",Dec-23
BULLION PARK,LENTOR LOOP,26,Non-Landed Properties,3,"4,200",110 to 120,"1,200 to 1,300",Dec-23
THE CALROSE,YIO CHU KANG ROAD,26,Non-Landed Properties,3,"4,800",100 to 110,"1,100 to 1,200",Dec-23
BULLION PARK,LENTOR LOOP,26,Non-Landed Properties,2,"2,600",70 to 80,800 to 900,Dec-23
CASTLE GREEN,YIO CHU KANG ROAD,26,Non-Landed Properties,3,"4,400",100 to 110,"1,100 to 1,200",Nov-23
HONG HENG MANSIONS,SEMBAWANG ROAD,26,Non-Landed Properties,3,"3,700",120 to 130,"1,300 to 1,400",Nov-23
SEASONS PARK,YIO CHU KANG ROAD,26,Non-Landed Properties,3,"6,060",120 to 130,"1,200 to 1,300",Nov-23
THE CALROSE,YIO CHU KANG ROAD,26,Non-Landed Properties,3,"4,650",110 to 120,"1,200 to 1,300",Nov-23
CASTLE GREEN,YIO CHU KANG ROAD,26,Non-Landed Properties,2,"3,800",80 to 90,"900 to 1,000",Nov-23
CASTLE GREEN,YIO CHU KANG ROAD,26,Non-Landed Properties,4,"5,000",130 to 140,"1,400 to 1,500",Nov-23
CASTLE GREEN,YIO CHU KANG ROAD,26,Non-Landed Properties,3,"4,000",100 to 110,"1,100 to 1,200",Nov-23
MEADOWS @ PEIRCE,UPPER THOMSON ROAD,26,Non-Landed Properties,4,"6,500",170 to 180,"1,800 to 1,900",Nov-23
BULLION PARK,LENTOR LOOP,26,Non-Landed Properties,3,"3,900",110 to 120,"1,200 to 1,300",Nov-23
MEADOWS @ PEIRCE,UPPER THOMSON ROAD,26,Non-Landed Properties,4,"6,600",240 to 250,"2,500 to 2,600",Nov-23
BULLION PARK,LENTOR LOOP,26,Non-Landed Properties,3,"3,500",110 to 120,"1,200 to 1,300",Nov-23
THOMSON GROVE,YIO CHU KANG ROAD,26,Non-Landed Properties,3,"3,900",130 to 140,"1,400 to 1,500",Nov-23
MEADOWS @ PEIRCE,UPPER THOMSON ROAD,26,Non-Landed Properties,4,"7,300",280 to 290,"3,000 to 3,100",Nov-23
MEADOWS @ PEIRCE,UPPER THOMSON ROAD,26,Non-Landed Properties,3,"4,200",110 to 120,"1,200 to 1,300",Nov-23
CASTLE GREEN,YIO CHU KANG ROAD,26,Non-Landed Properties,2,"4,300",100 to 110,"1,100 to 1,200",Nov-23
THE BROOKS I,SPRINGSIDE WALK,26,Non-Landed Properties,1,"2,900",50 to 60,500 to 600,Nov-23
SEASONS PARK,YIO CHU KANG ROAD,26,Non-Landed Properties,2,"3,400",90 to 100,"1,000 to 1,100",Nov-23
MEADOWS @ PEIRCE,UPPER THOMSON ROAD,26,Non-Landed Properties,3,"4,300",110 to 120,"1,100 to 1,200",Nov-23
THE CALROSE,YIO CHU KANG ROAD,26,Non-Landed Properties,2,"4,100",90 to 100,"900 to 1,000",Nov-23
BULLION PARK,LENTOR LOOP,26,Non-Landed Properties,2,"3,550",70 to 80,800 to 900,Nov-23
SEASONS PARK,YIO CHU KANG ROAD,26,Non-Landed Properties,2,"3,700",90 to 100,"1,000 to 1,100",Nov-23
SEASONS PARK,YIO CHU KANG ROAD,26,Non-Landed Properties,2,"3,550",100 to 110,"1,100 to 1,200",Nov-23
MEADOWS @ PEIRCE,UPPER THOMSON ROAD,26,Non-Landed Properties,4,"6,000",190 to 200,"2,100 to 2,200",Nov-23
SEASONS PARK,YIO CHU KANG ROAD,26,Non-Landed Properties,2,"3,000",90 to 100,"1,000 to 1,100",Nov-23
THE CALROSE,YIO CHU KANG ROAD,26,Non-Landed Properties,3,"4,800",100 to 110,"1,100 to 1,200",Nov-23
FOREST HILLS CONDOMINIUM,TRANSIT ROAD,26,Non-Landed Properties,3,"3,800",110 to 120,"1,100 to 1,200",Nov-23
NON-LANDED HOUSING DEVELOPMENT,UPPER THOMSON ROAD,26,Non-Landed Properties,NA,"2,000",110 to 120,"1,100 to 1,200",Nov-23
SEASONS PARK,YIO CHU KANG ROAD,26,Non-Landed Properties,3,"4,000",120 to 130,"1,200 to 1,300",Nov-23
BULLION PARK,LENTOR LOOP,26,Non-Landed Properties,2,"3,200",70 to 80,800 to 900,Nov-23
SEASONS PARK,YIO CHU KANG ROAD,26,Non-Landed Properties,2,"3,800",90 to 100,"1,000 to 1,100",Nov-23
THE CALROSE,YIO CHU KANG ROAD,26,Non-Landed Properties,3,"4,600",100 to 110,"1,100 to 1,200",Nov-23
MEADOWS @ PEIRCE,UPPER THOMSON ROAD,26,Non-Landed Properties,4,"6,400",170 to 180,"1,800 to 1,900",Nov-23
BULLION PARK,LENTOR LOOP,26,Non-Landed Properties,3,"3,500",110 to 120,"1,200 to 1,300",Nov-23
CASTLE GREEN,YIO CHU KANG ROAD,26,Non-Landed Properties,2,"3,750",100 to 110,"1,100 to 1,200",Nov-23
THOMSON GROVE,YIO CHU KANG ROAD,26,Non-Landed Properties,3,"4,400",130 to 140,"1,400 to 1,500",Oct-23
MEADOWS @ PEIRCE,UPPER THOMSON ROAD,26,Non-Landed Properties,3,"4,000",110 to 120,"1,200 to 1,300",Oct-23
THE CALROSE,YIO CHU KANG ROAD,26,Non-Landed Properties,4,"4,600",130 to 140,"1,300 to 1,400",Oct-23
MEADOWS @ PEIRCE,UPPER THOMSON ROAD,26,Non-Landed Properties,4,"7,200",250 to 260,"2,700 to 2,800",Oct-23
FOREST HILLS CONDOMINIUM,TRANSIT ROAD,26,Non-Landed Properties,3,"4,000",110 to 120,"1,100 to 1,200",Oct-23
FOREST HILLS CONDOMINIUM,TRANSIT ROAD,26,Non-Landed Properties,3,"4,000",140 to 150,"1,500 to 1,600",Oct-23
MEADOWS @ PEIRCE,UPPER THOMSON ROAD,26,Non-Landed Properties,3,"4,100",160 to 170,"1,700 to 1,800",Oct-23
CASTLE GREEN,YIO CHU KANG ROAD,26,Non-Landed Properties,3,"4,000",100 to 110,"1,100 to 1,200",Oct-23
BULLION PARK,LENTOR LOOP,26,Non-Landed Properties,3,"4,000",110 to 120,"1,200 to 1,300",Oct-23
MEADOWS @ PEIRCE,UPPER THOMSON ROAD,26,Non-Landed Properties,1,"3,300",50 to 60,600 to 700,Oct-23
THE CALROSE,YIO CHU KANG ROAD,26,Non-Landed Properties,2,"4,000",100 to 110,"1,000 to 1,100",Oct-23
MEADOWS @ PEIRCE,UPPER THOMSON ROAD,26,Non-Landed Properties,3,"4,300",110 to 120,"1,100 to 1,200",Oct-23
THE CALROSE,YIO CHU KANG ROAD,26,Non-Landed Properties,2,"3,900",90 to 100,"900 to 1,000",Oct-23
MEADOWS @ PEIRCE,UPPER THOMSON ROAD,26,Non-Landed Properties,2,"4,300",110 to 120,"1,100 to 1,200",Oct-23
CASTLE GREEN,YIO CHU KANG ROAD,26,Non-Landed Properties,3,"4,500",100 to 110,"1,100 to 1,200",Oct-23
SEASONS PARK,YIO CHU KANG ROAD,26,Non-Landed Properties,2,"3,800",90 to 100,"1,000 to 1,100",Oct-23
MEADOWS @ PEIRCE,UPPER THOMSON ROAD,26,Non-Landed Properties,2,"3,400",80 to 90,"900 to 1,000",Oct-23
MEADOWS @ PEIRCE,UPPER THOMSON ROAD,26,Non-Landed Properties,4,"6,600",190 to 200,"2,000 to 2,100",Oct-23
THE ESSENCE,CHONG KUO ROAD,26,Non-Landed Properties,NA,"3,600",60 to 70,700 to 800,Oct-23
MEADOWS @ PEIRCE,UPPER THOMSON ROAD,26,Non-Landed Properties,2,"3,800",80 to 90,"900 to 1,000",Oct-23
THE CALROSE,YIO CHU KANG ROAD,26,Non-Landed Properties,2,"4,500",80 to 90,"900 to 1,000",Oct-23
CASTLE GREEN,YIO CHU KANG ROAD,26,Non-Landed Properties,3,"4,400",110 to 120,"1,200 to 1,300",Oct-23
BULLION PARK,LENTOR LOOP,26,Non-Landed Properties,3,"3,600",110 to 120,"1,200 to 1,300",Oct-23
BULLION PARK,LENTOR LOOP,26,Non-Landed Properties,3,"4,000",110 to 120,"1,200 to 1,300",Oct-23
MEADOWS @ PEIRCE,UPPER THOMSON ROAD,26,Non-Landed Properties,2,"4,150",80 to 90,"900 to 1,000",Oct-23
CASTLE GREEN,YIO CHU KANG ROAD,26,Non-Landed Properties,2,"3,400",100 to 110,"1,100 to 1,200",Oct-23
HONG HENG MANSIONS,SEMBAWANG ROAD,26,Non-Landed Properties,3,"2,800",110 to 120,"1,200 to 1,300",Oct-23
THOMSON GROVE,YIO CHU KANG ROAD,26,Non-Landed Properties,3,"4,200",130 to 140,"1,400 to 1,500",Oct-23
MEADOWS @ PEIRCE,UPPER THOMSON ROAD,26,Non-Landed Properties,3,"5,500",200 to 210,"2,200 to 2,300",Oct-23
ROOTS @ TRANSIT,TRANSIT ROAD,26,Non-Landed Properties,1,"3,200",40 to 50,500 to 600,Oct-23
THOMSON GROVE,YIO CHU KANG ROAD,26,Non-Landed Properties,3,"4,500",130 to 140,"1,400 to 1,500",Oct-23
BULLION PARK,LENTOR LOOP,26,Non-Landed Properties,2,"2,900",70 to 80,800 to 900,Oct-23
FOREST HILLS CONDOMINIUM,TRANSIT ROAD,26,Non-Landed Properties,3,"3,800",100 to 110,"1,100 to 1,200",Oct-23
BULLION PARK,LENTOR LOOP,26,Non-Landed Properties,3,"4,150",110 to 120,"1,200 to 1,300",Sep-23
MEADOWS @ PEIRCE,UPPER THOMSON ROAD,26,Non-Landed Properties,3,"3,500",140 to 150,"1,500 to 1,600",Sep-23
CASTLE GREEN,YIO CHU KANG ROAD,26,Non-Landed Properties,2,"3,500",80 to 90,"900 to 1,000",Sep-23
MEADOWS @ PEIRCE,UPPER THOMSON ROAD,26,Non-Landed Properties,3,"4,100",110 to 120,"1,200 to 1,300",Sep-23
THE CALROSE,YIO CHU KANG ROAD,26,Non-Landed Properties,3,"4,700",180 to 190,"2,000 to 2,100",Sep-23
THE BROOKS II,SPRINGSIDE GREEN,26,Non-Landed Properties,2,"4,000",100 to 110,"1,100 to 1,200",Sep-23
MEADOWS @ PEIRCE,UPPER THOMSON ROAD,26,Non-Landed Properties,3,"5,700",130 to 140,"1,400 to 1,500",Sep-23
THE ESSENCE,CHONG KUO ROAD,26,Non-Landed Properties,NA,"4,000",90 to 100,"1,000 to 1,100",Sep-23
MEADOWS @ PEIRCE,UPPER THOMSON ROAD,26,Non-Landed Properties,1,"3,000",50 to 60,600 to 700,Sep-23
THE CALROSE,YIO CHU KANG ROAD,26,Non-Landed Properties,3,"5,500",200 to 210,"2,100 to 2,200",Sep-23
BULLION PARK,LENTOR LOOP,26,Non-Landed Properties,3,"4,000",110 to 120,"1,200 to 1,300",Sep-23
MEADOWS @ PEIRCE,UPPER THOMSON ROAD,26,Non-Landed Properties,5,"7,000",230 to 240,"2,400 to 2,500",Sep-23
CASTLE GREEN,YIO CHU KANG ROAD,26,Non-Landed Properties,4,"4,500",130 to 140,"1,400 to 1,500",Sep-23
BULLION PARK,LENTOR LOOP,26,Non-Landed Properties,3,"3,200",110 to 120,"1,200 to 1,300",Sep-23
CASTLE GREEN,YIO CHU KANG ROAD,26,Non-Landed Properties,4,"4,650",130 to 140,"1,400 to 1,500",Sep-23
CASTLE GREEN,YIO CHU KANG ROAD,26,Non-Landed Properties,2,"3,600",80 to 90,"900 to 1,000",Sep-23
THE CALROSE,YIO CHU KANG ROAD,26,Non-Landed Properties,3,"4,200",100 to 110,"1,100 to 1,200",Sep-23
SEASONS PARK,YIO CHU KANG ROAD,26,Non-Landed Properties,1,"3,400",100 to 110,"1,000 to 1,100",Sep-23
FOREST HILLS CONDOMINIUM,TRANSIT ROAD,26,Non-Landed Properties,2,"4,100",120 to 130,"1,300 to 1,400",Sep-23
CASTLE GREEN,YIO CHU KANG ROAD,26,Non-Landed Properties,2,"3,500",80 to 90,"900 to 1,000",Sep-23
CASTLE GREEN,YIO CHU KANG ROAD,26,Non-Landed Properties,3,"4,550",110 to 120,"1,200 to 1,300",Sep-23
THOMSON GROVE,YIO CHU KANG ROAD,26,Non-Landed Properties,3,"5,000",130 to 140,"1,400 to 1,500",Sep-23
THE BROOKS I,SPRINGSIDE WALK,26,Non-Landed Properties,2,"4,500",100 to 110,"1,100 to 1,200",Sep-23
HONG HENG MANSIONS,SEMBAWANG ROAD,26,Non-Landed Properties,3,"2,800",110 to 120,"1,200 to 1,300",Sep-23
THE CALROSE,YIO CHU KANG ROAD,26,Non-Landed Properties,3,"4,700",100 to 110,"1,100 to 1,200",Sep-23
MEADOWS @ PEIRCE,UPPER THOMSON ROAD,26,Non-Landed Properties,3,"2,800",110 to 120,"1,200 to 1,300",Sep-23
SEASONS PARK,YIO CHU KANG ROAD,26,Non-Landed Properties,2,"3,600",90 to 100,"1,000 to 1,100",Sep-23
MEADOWS @ PEIRCE,UPPER THOMSON ROAD,26,Non-Landed Properties,3,"4,300",110 to 120,"1,100 to 1,200",Sep-23
BULLION PARK,LENTOR LOOP,26,Non-Landed Properties,2,"3,100",70 to 80,800 to 900,Sep-23
THOMSON GROVE,YIO CHU KANG ROAD,26,Non-Landed Properties,3,"4,800",130 to 140,"1,400 to 1,500",Sep-23
MEADOWS @ PEIRCE,UPPER THOMSON ROAD,26,Non-Landed Properties,3,"3,700",110 to 120,"1,100 to 1,200",Sep-23
THE CALROSE,YIO CHU KANG ROAD,26,Non-Landed Properties,4,"5,400",130 to 140,"1,400 to 1,500",Sep-23
BULLION PARK,LENTOR LOOP,26,Non-Landed Properties,3,"3,600",110 to 120,"1,200 to 1,300",Sep-23
THE ESSENCE,CHONG KUO ROAD,26,Non-Landed Properties,NA,"3,800",60 to 70,600 to 700,Sep-23
CASTLE GREEN,YIO CHU KANG ROAD,26,Non-Landed Properties,3,"4,100",100 to 110,"1,100 to 1,200",Sep-23
BULLION PARK,LENTOR LOOP,26,Non-Landed Properties,3,"3,900",110 to 120,"1,200 to 1,300",Aug-23
BULLION PARK,LENTOR LOOP,26,Non-Landed Properties,2,"3,200",70 to 80,800 to 900,Aug-23
MEADOWS @ PEIRCE,UPPER THOMSON ROAD,26,Non-Landed Properties,3,"3,200",140 to 150,"1,500 to 1,600",Aug-23
BULLION PARK,LENTOR LOOP,26,Non-Landed Properties,3,"4,200",110 to 120,"1,200 to 1,300",Aug-23
THOMSON GROVE,YIO CHU KANG ROAD,26,Non-Landed Properties,3,"4,600",140 to 150,"1,500 to 1,600",Aug-23
THE CALROSE,YIO CHU KANG ROAD,26,Non-Landed Properties,3,"6,200",190 to 200,"2,100 to 2,200",Aug-23
SEASONS PARK,YIO CHU KANG ROAD,26,Non-Landed Properties,3,"4,680",110 to 120,"1,200 to 1,300",Aug-23
BULLION PARK,LENTOR LOOP,26,Non-Landed Properties,3,"4,200",110 to 120,"1,200 to 1,300",Aug-23
BULLION PARK,LENTOR LOOP,26,Non-Landed Properties,2,"3,000",70 to 80,800 to 900,Aug-23
CASTLE GREEN,YIO CHU KANG ROAD,26,Non-Landed Properties,3,"2,500",100 to 110,"1,100 to 1,200",Aug-23
SEASONS PARK,YIO CHU KANG ROAD,26,Non-Landed Properties,3,"5,300",110 to 120,"1,200 to 1,300",Aug-23
SEASONS PARK,YIO CHU KANG ROAD,26,Non-Landed Properties,2,"3,200",90 to 100,"1,000 to 1,100",Aug-23
THOMSON GROVE,YIO CHU KANG ROAD,26,Non-Landed Properties,3,"4,000",130 to 140,"1,400 to 1,500",Aug-23
MEADOWS @ PEIRCE,UPPER THOMSON ROAD,26,Non-Landed Properties,3,"4,200",110 to 120,"1,200 to 1,300",Aug-23
SEASONS PARK,YIO CHU KANG ROAD,26,Non-Landed Properties,2,"2,500",100 to 110,"1,100 to 1,200",Aug-23
THE CALROSE,YIO CHU KANG ROAD,26,Non-Landed Properties,3,"4,800",110 to 120,"1,200 to 1,300",Aug-23
MEADOWS @ PEIRCE,UPPER THOMSON ROAD,26,Non-Landed Properties,3,"5,250",130 to 140,"1,400 to 1,500",Aug-23
MEADOWS @ PEIRCE,UPPER THOMSON ROAD,26,Non-Landed Properties,2,"3,400",80 to 90,"900 to 1,000",Aug-23
BULLION PARK,LENTOR LOOP,26,Non-Landed Properties,2,"2,800",70 to 80,800 to 900,Aug-23
THE CALROSE,YIO CHU KANG ROAD,26,Non-Landed Properties,3,"4,700",110 to 120,"1,200 to 1,300",Aug-23
CASTLE GREEN,YIO CHU KANG ROAD,26,Non-Landed Properties,3,"4,250",100 to 110,"1,100 to 1,200",Aug-23
THE CALROSE,YIO CHU KANG ROAD,26,Non-Landed Properties,3,"4,500",110 to 120,"1,200 to 1,300",Aug-23
SEASONS PARK,YIO CHU KANG ROAD,26,Non-Landed Properties,2,"3,400",90 to 100,"1,000 to 1,100",Aug-23
HONG HENG GARDEN,SEMBAWANG ROAD,26,Non-Landed Properties,NA,"4,000",190 to 200,"2,000 to 2,100",Aug-23
MEADOWS @ PEIRCE,UPPER THOMSON ROAD,26,Non-Landed Properties,4,"6,500",170 to 180,"1,800 to 1,900",Aug-23
MEADOWS @ PEIRCE,UPPER THOMSON ROAD,26,Non-Landed Properties,2,"4,300",110 to 120,"1,100 to 1,200",Aug-23
BULLION PARK,LENTOR LOOP,26,Non-Landed Properties,3,"3,800",110 to 120,"1,200 to 1,300",Aug-23
BULLION PARK,LENTOR LOOP,26,Non-Landed Properties,3,"4,400",110 to 120,"1,200 to 1,300",Aug-23
BULLION PARK,LENTOR LOOP,26,Non-Landed Properties,3,"3,800",110 to 120,"1,200 to 1,300",Aug-23
CASTLE GREEN,YIO CHU KANG ROAD,26,Non-Landed Properties,4,"4,500",130 to 140,"1,400 to 1,500",Aug-23
CASTLE GREEN,YIO CHU KANG ROAD,26,Non-Landed Properties,3,"3,500",100 to 110,"1,100 to 1,200",Aug-23
TEACHER'S HOUSING ESTATE,KALIDASA AVENUE,26,Non-Landed Properties,NA,"3,800",110 to 120,"1,100 to 1,200",Aug-23
THOMSON GROVE,YIO CHU KANG ROAD,26,Non-Landed Properties,3,"4,500",130 to 140,"1,400 to 1,500",Aug-23
BULLION PARK,LENTOR LOOP,26,Non-Landed Properties,3,"3,600",110 to 120,"1,200 to 1,300",Aug-23
MEADOWS @ PEIRCE,UPPER THOMSON ROAD,26,Non-Landed Properties,2,"3,700",80 to 90,"900 to 1,000",Aug-23
BULLION PARK,LENTOR LOOP,26,Non-Landed Properties,3,"4,300",110 to 120,"1,200 to 1,300",Aug-23
THE BROOKS II,SPRINGSIDE GREEN,26,Non-Landed Properties,2,"3,500",70 to 80,800 to 900,Jul-23
MEADOWS @ PEIRCE,UPPER THOMSON ROAD,26,Non-Landed Properties,1,"2,900",50 to 60,600 to 700,Jul-23
CASTLE GREEN,YIO CHU KANG ROAD,26,Non-Landed Properties,2,"4,000",80 to 90,"900 to 1,000",Jul-23
CASTLE GREEN,YIO CHU KANG ROAD,26,Non-Landed Properties,2,"3,500",80 to 90,"900 to 1,000",Jul-23
BULLION PARK,LENTOR LOOP,26,Non-Landed Properties,3,"2,500",110 to 120,"1,200 to 1,300",Jul-23
MEADOWS @ PEIRCE,UPPER THOMSON ROAD,26,Non-Landed Properties,3,"4,500",160 to 170,"1,700 to 1,800",Jul-23
FOREST HILLS CONDOMINIUM,TRANSIT ROAD,26,Non-Landed Properties,3,"4,200",100 to 110,"1,100 to 1,200",Jul-23
BULLION PARK,LENTOR LOOP,26,Non-Landed Properties,2,"3,300",70 to 80,800 to 900,Jul-23
THE CALROSE,YIO CHU KANG ROAD,26,Non-Landed Properties,3,"6,500",200 to 210,"2,100 to 2,200",Jul-23
MEADOWS @ PEIRCE,UPPER THOMSON ROAD,26,Non-Landed Properties,1,"3,300",50 to 60,600 to 700,Jul-23
MEADOWS @ PEIRCE,UPPER THOMSON ROAD,26,Non-Landed Properties,2,"3,500",80 to 90,"900 to 1,000",Jul-23
MEADOWS @ PEIRCE,UPPER THOMSON ROAD,26,Non-Landed Properties,1,"2,700",50 to 60,600 to 700,Jul-23
BULLION PARK,LENTOR LOOP,26,Non-Landed Properties,2,"2,700",70 to 80,800 to 900,Jul-23
MEADOWS @ PEIRCE,UPPER THOMSON ROAD,26,Non-Landed Properties,2,"4,500",80 to 90,"900 to 1,000",Jul-23
MEADOWS @ PEIRCE,UPPER THOMSON ROAD,26,Non-Landed Properties,4,"6,300",170 to 180,"1,800 to 1,900",Jul-23
MEADOWS @ PEIRCE,UPPER THOMSON ROAD,26,Non-Landed Properties,3,"4,200",110 to 120,"1,100 to 1,200",Jul-23
MEADOWS @ PEIRCE,UPPER THOMSON ROAD,26,Non-Landed Properties,2,"3,300",90 to 100,"900 to 1,000",Jul-23
MEADOWS @ PEIRCE,UPPER THOMSON ROAD,26,Non-Landed Properties,3,"3,100",140 to 150,"1,500 to 1,600",Jul-23
ROOTS @ TRANSIT,TRANSIT ROAD,26,Non-Landed Properties,1,"2,900",40 to 50,400 to 500,Jul-23
MEADOWS @ PEIRCE,UPPER THOMSON ROAD,26,Non-Landed Properties,4,"6,500",190 to 200,"2,000 to 2,100",Jul-23
BULLION PARK,LENTOR LOOP,26,Non-Landed Properties,2,"3,200",70 to 80,800 to 900,Jul-23
BULLION PARK,LENTOR LOOP,26,Non-Landed Properties,2,"3,000",70 to 80,800 to 900,Jul-23
CASTLE GREEN,YIO CHU KANG ROAD,26,Non-Landed Properties,2,"3,650",80 to 90,"900 to 1,000",Jul-23
THOMSON GROVE,YIO CHU KANG ROAD,26,Non-Landed Properties,3,"3,650",130 to 140,"1,400 to 1,500",Jul-23
BULLION PARK,LENTOR LOOP,26,Non-Landed Properties,3,"3,900",110 to 120,"1,200 to 1,300",Jul-23
MEADOWS @ PEIRCE,UPPER THOMSON ROAD,26,Non-Landed Properties,4,"6,500",280 to 290,"3,000 to 3,100",Jul-23
MEADOWS @ PEIRCE,UPPER THOMSON ROAD,26,Non-Landed Properties,3,"4,500",110 to 120,"1,100 to 1,200",Jul-23
CASTLE GREEN,YIO CHU KANG ROAD,26,Non-Landed Properties,3,"4,900",110 to 120,"1,200 to 1,300",Jul-23
MEADOWS @ PEIRCE,UPPER THOMSON ROAD,26,Non-Landed Properties,3,"5,000",200 to 210,"2,200 to 2,300",Jul-23
THE BROOKS II,SPRINGSIDE GREEN,26,Non-Landed Properties,1,"3,000",50 to 60,500 to 600,Jul-23
MEADOWS @ PEIRCE,UPPER THOMSON ROAD,26,Non-Landed Properties,5,"7,300",230 to 240,"2,500 to 2,600",Jul-23
THE CALROSE,YIO CHU KANG ROAD,26,Non-Landed Properties,3,"5,300",130 to 140,"1,400 to 1,500",Jul-23
CASTLE GREEN,YIO CHU KANG ROAD,26,Non-Landed Properties,3,"4,000",100 to 110,"1,100 to 1,200",Jul-23
THOMSON GROVE,YIO CHU KANG ROAD,26,Non-Landed Properties,3,"5,200",130 to 140,"1,400 to 1,500",Jul-23
NON-LANDED HOUSING DEVELOPMENT,UPPER THOMSON ROAD,26,Non-Landed Properties,NA,"4,500",160 to 170,"1,700 to 1,800",Jul-23
CASTLE GREEN,YIO CHU KANG ROAD,26,Non-Landed Properties,2,"3,900",100 to 110,"1,100 to 1,200",Jul-23
CASTLE GREEN,YIO CHU KANG ROAD,26,Non-Landed Properties,2,"4,000",80 to 90,"900 to 1,000",Jun-23
THE BROOKS I,SPRINGSIDE WALK,26,Non-Landed Properties,3,"4,700",90 to 100,"1,000 to 1,100",Jun-23
BULLION PARK,LENTOR LOOP,26,Non-Landed Properties,3,"3,400",110 to 120,"1,200 to 1,300",Jun-23
BULLION PARK,LENTOR LOOP,26,Non-Landed Properties,2,"3,100",70 to 80,700 to 800,Jun-23
MEADOWS @ PEIRCE,UPPER THOMSON ROAD,26,Non-Landed Properties,2,"4,000",80 to 90,"900 to 1,000",Jun-23
CASTLE GREEN,YIO CHU KANG ROAD,26,Non-Landed Properties,2,"3,500",80 to 90,"900 to 1,000",Jun-23
CASTLE GREEN,YIO CHU KANG ROAD,26,Non-Landed Properties,2,"3,400",80 to 90,"900 to 1,000",Jun-23
BULLION PARK,LENTOR LOOP,26,Non-Landed Properties,3,"4,000",110 to 120,"1,200 to 1,300",Jun-23
CASTLE GREEN,YIO CHU KANG ROAD,26,Non-Landed Properties,2,"4,000",80 to 90,"900 to 1,000",Jun-23
THE CALROSE,YIO CHU KANG ROAD,26,Non-Landed Properties,3,"4,800",110 to 120,"1,200 to 1,300",Jun-23
MEADOWS @ PEIRCE,UPPER THOMSON ROAD,26,Non-Landed Properties,1,"3,000",50 to 60,600 to 700,Jun-23
HONG HENG MANSIONS,SEMBAWANG ROAD,26,Non-Landed Properties,3,"2,400",80 to 90,"900 to 1,000",Jun-23
CASTLE GREEN,YIO CHU KANG ROAD,26,Non-Landed Properties,3,"4,000",100 to 110,"1,100 to 1,200",Jun-23
THOMSON GROVE,YIO CHU KANG ROAD,26,Non-Landed Properties,3,"4,850",130 to 140,"1,400 to 1,500",Jun-23
CASTLE GREEN,YIO CHU KANG ROAD,26,Non-Landed Properties,3,"4,000",100 to 110,"1,100 to 1,200",Jun-23
BULLION PARK,LENTOR LOOP,26,Non-Landed Properties,2,"3,200",70 to 80,800 to 900,Jun-23
THE CALROSE,YIO CHU KANG ROAD,26,Non-Landed Properties,4,"4,300",130 to 140,"1,400 to 1,500",Jun-23
THE BROOKS I,SPRINGSIDE WALK,26,Non-Landed Properties,1,"3,000",50 to 60,500 to 600,Jun-23
BULLION PARK,LENTOR LOOP,26,Non-Landed Properties,3,"3,800",110 to 120,"1,200 to 1,300",Jun-23
BULLION PARK,LENTOR LOOP,26,Non-Landed Properties,3,"5,000",110 to 120,"1,200 to 1,300",Jun-23
BULLION PARK,LENTOR LOOP,26,Non-Landed Properties,3,"4,700",110 to 120,"1,200 to 1,300",Jun-23
CASTLE GREEN,YIO CHU KANG ROAD,26,Non-Landed Properties,2,"3,900",80 to 90,"900 to 1,000",May-23
MEADOWS @ PEIRCE,UPPER THOMSON ROAD,26,Non-Landed Properties,1,"3,200",50 to 60,600 to 700,May-23
BULLION PARK,LENTOR LOOP,26,Non-Landed Properties,3,"4,200",110 to 120,"1,200 to 1,300",May-23
SEASONS PARK,YIO CHU KANG ROAD,26,Non-Landed Properties,2,"4,000",90 to 100,"1,000 to 1,100",May-23
MEADOWS @ PEIRCE,UPPER THOMSON ROAD,26,Non-Landed Properties,3,"5,500",130 to 140,"1,400 to 1,500",May-23
BULLION PARK,LENTOR LOOP,26,Non-Landed Properties,2,"3,000",70 to 80,800 to 900,May-23
BULLION PARK,LENTOR LOOP,26,Non-Landed Properties,2,"3,280",70 to 80,800 to 900,May-23
FOREST HILLS CONDOMINIUM,TRANSIT ROAD,26,Non-Landed Properties,3,"4,000",100 to 110,"1,100 to 1,200",May-23
CASTLE GREEN,YIO CHU KANG ROAD,26,Non-Landed Properties,2,"3,500",80 to 90,"900 to 1,000",May-23
SEASONS PARK,YIO CHU KANG ROAD,26,Non-Landed Properties,2,"3,800",90 to 100,"1,000 to 1,100",May-23
CASTLE GREEN,YIO CHU KANG ROAD,26,Non-Landed Properties,2,"4,000",80 to 90,"900 to 1,000",May-23
THE CALROSE,YIO CHU KANG ROAD,26,Non-Landed Properties,3,"4,200",130 to 140,"1,400 to 1,500",May-23
SEASONS PARK,YIO CHU KANG ROAD,26,Non-Landed Properties,2,"2,300",90 to 100,"1,000 to 1,100",May-23
BULLION PARK,LENTOR LOOP,26,Non-Landed Properties,2,"3,200",70 to 80,700 to 800,May-23
THOMSON GROVE,YIO CHU KANG ROAD,26,Non-Landed Properties,3,"3,900",130 to 140,"1,400 to 1,500",May-23
THE BROOKS II,SPRINGSIDE GREEN,26,Non-Landed Properties,2,"4,000",70 to 80,800 to 900,May-23
THOMSON GROVE,YIO CHU KANG ROAD,26,Non-Landed Properties,3,"6,100",200 to 210,"2,100 to 2,200",May-23
BULLION PARK,LENTOR LOOP,26,Non-Landed Properties,2,"3,100",70 to 80,800 to 900,May-23
CASTLE GREEN,YIO CHU KANG ROAD,26,Non-Landed Properties,3,"4,200",100 to 110,"1,100 to 1,200",May-23
CASTLE GREEN,YIO CHU KANG ROAD,26,Non-Landed Properties,3,"4,000",100 to 110,"1,100 to 1,200",May-23
MEADOWS @ PEIRCE,UPPER THOMSON ROAD,26,Non-Landed Properties,1,"2,300",50 to 60,600 to 700,May-23
MEADOWS @ PEIRCE,UPPER THOMSON ROAD,26,Non-Landed Properties,2,"3,500",80 to 90,"900 to 1,000",May-23
BULLION PARK,LENTOR LOOP,26,Non-Landed Properties,3,"4,100",110 to 120,"1,200 to 1,300",May-23
MEADOWS @ PEIRCE,UPPER THOMSON ROAD,26,Non-Landed Properties,3,"5,500",140 to 150,"1,500 to 1,600",May-23
THOMSON GROVE,YIO CHU KANG ROAD,26,Non-Landed Properties,3,"5,300",130 to 140,"1,400 to 1,500",May-23
SEASONS PARK,YIO CHU KANG ROAD,26,Non-Landed Properties,4,"5,500",140 to 150,"1,500 to 1,600",May-23
MEADOWS @ PEIRCE,UPPER THOMSON ROAD,26,Non-Landed Properties,2,"3,500",110 to 120,"1,100 to 1,200",May-23
SEASONS PARK,YIO CHU KANG ROAD,26,Non-Landed Properties,2,"4,200",100 to 110,"1,100 to 1,200",Apr-23
CASTLE GREEN,YIO CHU KANG ROAD,26,Non-Landed Properties,2,"4,000",80 to 90,"900 to 1,000",Apr-23
BULLION PARK,LENTOR LOOP,26,Non-Landed Properties,2,"2,700",70 to 80,800 to 900,Apr-23
CASTLE GREEN,YIO CHU KANG ROAD,26,Non-Landed Properties,2,"3,100",80 to 90,"900 to 1,000",Apr-23
THE CALROSE,YIO CHU KANG ROAD,26,Non-Landed Properties,3,"4,800",110 to 120,"1,200 to 1,300",Apr-23
THE BROOKS I,SPRINGSIDE WALK,26,Non-Landed Properties,2,"3,700",60 to 70,700 to 800,Apr-23
MEADOWS @ PEIRCE,UPPER THOMSON ROAD,26,Non-Landed Properties,1,"3,300",50 to 60,600 to 700,Apr-23
SEASONS PARK,YIO CHU KANG ROAD,26,Non-Landed Properties,3,"3,800",120 to 130,"1,200 to 1,300",Apr-23
BULLION PARK,LENTOR LOOP,26,Non-Landed Properties,2,"2,800",70 to 80,700 to 800,Apr-23
THOMSON GROVE,YIO CHU KANG ROAD,26,Non-Landed Properties,3,"5,000",140 to 150,"1,500 to 1,600",Apr-23
THOMSON GROVE,YIO CHU KANG ROAD,26,Non-Landed Properties,3,"5,300",130 to 140,"1,400 to 1,500",Apr-23
CASTLE GREEN,YIO CHU KANG ROAD,26,Non-Landed Properties,2,"3,700",80 to 90,"900 to 1,000",Apr-23
SEASONS PARK,YIO CHU KANG ROAD,26,Non-Landed Properties,2,"4,300",90 to 100,"1,000 to 1,100",Apr-23
BULLION PARK,LENTOR LOOP,26,Non-Landed Properties,3,"2,900",110 to 120,"1,200 to 1,300",Apr-23
NON-LANDED HOUSING DEVELOPMENT,UPPER THOMSON ROAD,26,Non-Landed Properties,NA,"2,500",110 to 120,"1,100 to 1,200",Apr-23
CASTLE GREEN,YIO CHU KANG ROAD,26,Non-Landed Properties,3,"4,800",100 to 110,"1,100 to 1,200",Apr-23
CASTLE GREEN,YIO CHU KANG ROAD,26,Non-Landed Properties,2,"3,700",80 to 90,"900 to 1,000",Apr-23
MEADOWS @ PEIRCE,UPPER THOMSON ROAD,26,Non-Landed Properties,2,"4,000",80 to 90,"900 to 1,000",Apr-23
SEASONS PARK,YIO CHU KANG ROAD,26,Non-Landed Properties,2,"3,700",130 to 140,"1,400 to 1,500",Apr-23
ROOTS @ TRANSIT,TRANSIT ROAD,26,Non-Landed Properties,2,"4,300",60 to 70,600 to 700,Apr-23
NON-LANDED HOUSING DEVELOPMENT,SEMBAWANG ROAD,26,Non-Landed Properties,NA,"3,500",90 to 100,"1,000 to 1,100",Apr-23
FOREST HILLS CONDOMINIUM,TRANSIT ROAD,26,Non-Landed Properties,3,"4,800",100 to 110,"1,100 to 1,200",Apr-23
THOMSON GROVE,YIO CHU KANG ROAD,26,Non-Landed Properties,3,"5,000",130 to 140,"1,400 to 1,500",Apr-23
NON-LANDED HOUSING DEVELOPMENT,UPPER THOMSON ROAD,26,Non-Landed Properties,NA,"3,501",80 to 90,"900 to 1,000",Apr-23
SEASONS PARK,YIO CHU KANG ROAD,26,Non-Landed Properties,3,"4,500",110 to 120,"1,200 to 1,300",Apr-23
CASTLE GREEN,YIO CHU KANG ROAD,26,Non-Landed Properties,2,"2,200",80 to 90,"900 to 1,000",Apr-23
CASTLE GREEN,YIO CHU KANG ROAD,26,Non-Landed Properties,4,"4,800",120 to 130,"1,300 to 1,400",Apr-23
SEASONS PARK,YIO CHU KANG ROAD,26,Non-Landed Properties,3,"4,300",120 to 130,"1,200 to 1,300",Apr-23
THE CALROSE,YIO CHU KANG ROAD,26,Non-Landed Properties,2,"4,500",90 to 100,"1,000 to 1,100",Apr-23
HONG HENG GARDEN,SEMBAWANG ROAD,26,Non-Landed Properties,NA,"5,000",210 to 220,"2,300 to 2,400",Apr-23
THOMSON GROVE,YIO CHU KANG ROAD,26,Non-Landed Properties,3,"5,000",130 to 140,"1,400 to 1,500",Apr-23
MEADOWS @ PEIRCE,UPPER THOMSON ROAD,26,Non-Landed Properties,3,"4,400",110 to 120,"1,200 to 1,300",Apr-23
BULLION PARK,LENTOR LOOP,26,Non-Landed Properties,3,"4,200",110 to 120,"1,200 to 1,300",Apr-23
BULLION PARK,LENTOR LOOP,26,Non-Landed Properties,2,"2,800",70 to 80,800 to 900,Apr-23
BULLION PARK,LENTOR LOOP,26,Non-Landed Properties,2,"3,500",70 to 80,800 to 900,Apr-23
ROOTS @ TRANSIT,TRANSIT ROAD,26,Non-Landed Properties,1,"3,000",40 to 50,500 to 600,Apr-23
BULLION PARK,LENTOR LOOP,26,Non-Landed Properties,2,"3,500",70 to 80,800 to 900,Apr-23
SEASONS PARK,YIO CHU KANG ROAD,26,Non-Landed Properties,2,"4,250",90 to 100,"1,000 to 1,100",Apr-23
SEASONS PARK,YIO CHU KANG ROAD,26,Non-Landed Properties,2,"4,200",100 to 110,"1,100 to 1,200",Apr-23
CASTLE GREEN,YIO CHU KANG ROAD,26,Non-Landed Properties,3,"4,000",100 to 110,"1,100 to 1,200",Mar-23
THE CALROSE,YIO CHU KANG ROAD,26,Non-Landed Properties,3,"3,800",120 to 130,"1,300 to 1,400",Mar-23
THE CALROSE,YIO CHU KANG ROAD,26,Non-Landed Properties,2,"4,100",100 to 110,"1,000 to 1,100",Mar-23
BULLION PARK,LENTOR LOOP,26,Non-Landed Properties,2,"3,000",70 to 80,700 to 800,Mar-23
MEADOWS @ PEIRCE,UPPER THOMSON ROAD,26,Non-Landed Properties,4,"6,300",170 to 180,"1,800 to 1,900",Mar-23
THE CALROSE,YIO CHU KANG ROAD,26,Non-Landed Properties,3,"5,100",180 to 190,"2,000 to 2,100",Mar-23
CASTLE GREEN,YIO CHU KANG ROAD,26,Non-Landed Properties,2,"2,400",80 to 90,"900 to 1,000",Mar-23
THE BROOKS I,SPRINGSIDE WALK,26,Non-Landed Properties,2,"3,900",60 to 70,700 to 800,Mar-23
THE BROOKS II,SPRINGSIDE GREEN,26,Non-Landed Properties,1,"3,000",50 to 60,500 to 600,Mar-23
BULLION PARK,LENTOR LOOP,26,Non-Landed Properties,3,"4,000",100 to 110,"1,100 to 1,200",Mar-23
CASTLE GREEN,YIO CHU KANG ROAD,26,Non-Landed Properties,4,"4,500",120 to 130,"1,300 to 1,400",Mar-23
THE CALROSE,YIO CHU KANG ROAD,26,Non-Landed Properties,2,"4,500",100 to 110,"1,000 to 1,100",Mar-23
THE CALROSE,YIO CHU KANG ROAD,26,Non-Landed Properties,4,"5,500",130 to 140,"1,400 to 1,500",Mar-23
THOMSON GROVE,YIO CHU KANG ROAD,26,Non-Landed Properties,3,"5,600",130 to 140,"1,400 to 1,500",Mar-23
MEADOWS @ PEIRCE,UPPER THOMSON ROAD,26,Non-Landed Properties,3,"4,300",110 to 120,"1,100 to 1,200",Mar-23
SEASONS PARK,YIO CHU KANG ROAD,26,Non-Landed Properties,3,"4,000",110 to 120,"1,200 to 1,300",Mar-23
SEASONS PARK,YIO CHU KANG ROAD,26,Non-Landed Properties,3,"3,900",110 to 120,"1,200 to 1,300",Mar-23
BULLION PARK,LENTOR LOOP,26,Non-Landed Properties,2,"3,600",70 to 80,800 to 900,Mar-23
SEASONS PARK,YIO CHU KANG ROAD,26,Non-Landed Properties,2,"3,500",90 to 100,"1,000 to 1,100",Mar-23
SEASONS PARK,YIO CHU KANG ROAD,26,Non-Landed Properties,2,"3,600",90 to 100,"1,000 to 1,100",Mar-23
THOMSON GROVE,YIO CHU KANG ROAD,26,Non-Landed Properties,3,"8,300",260 to 270,"2,800 to 2,900",Mar-23
MEADOWS @ PEIRCE,UPPER THOMSON ROAD,26,Non-Landed Properties,3,"4,400",130 to 140,"1,400 to 1,500",Mar-23
BULLION PARK,LENTOR LOOP,26,Non-Landed Properties,2,"3,500",70 to 80,700 to 800,Mar-23
HONG HENG GARDEN,SEMBAWANG ROAD,26,Non-Landed Properties,NA,"3,200",250 to 260,"2,700 to 2,800",Mar-23
CASTLE GREEN,YIO CHU KANG ROAD,26,Non-Landed Properties,3,"3,000",100 to 110,"1,100 to 1,200",Mar-23
CASTLE GREEN,YIO CHU KANG ROAD,26,Non-Landed Properties,2,"3,400",80 to 90,"900 to 1,000",Feb-23
THE BROOKS II,SPRINGSIDE GREEN,26,Non-Landed Properties,2,"3,400",60 to 70,700 to 800,Feb-23
MEADOWS @ PEIRCE,UPPER THOMSON ROAD,26,Non-Landed Properties,1,"3,000",50 to 60,600 to 700,Feb-23
BULLION PARK,LENTOR LOOP,26,Non-Landed Properties,2,"3,000",70 to 80,700 to 800,Feb-23
MEADOWS @ PEIRCE,UPPER THOMSON ROAD,26,Non-Landed Properties,3,"4,800",200 to 210,"2,200 to 2,300",Feb-23
CASTLE GREEN,YIO CHU KANG ROAD,26,Non-Landed Properties,2,"3,200",80 to 90,"900 to 1,000",Feb-23
THE CALROSE,YIO CHU KANG ROAD,26,Non-Landed Properties,3,"4,600",110 to 120,"1,200 to 1,300",Feb-23
SEASONS PARK,YIO CHU KANG ROAD,26,Non-Landed Properties,2,"3,600",90 to 100,"1,000 to 1,100",Feb-23
THE CALROSE,YIO CHU KANG ROAD,26,Non-Landed Properties,2,"4,100",100 to 110,"1,100 to 1,200",Feb-23
SEASONS PARK,YIO CHU KANG ROAD,26,Non-Landed Properties,2,"3,700",90 to 100,"1,000 to 1,100",Feb-23
THE BROOKS II,SPRINGSIDE GREEN,26,Non-Landed Properties,2,"3,800",70 to 80,800 to 900,Feb-23
MEADOWS @ PEIRCE,UPPER THOMSON ROAD,26,Non-Landed Properties,3,"5,000",140 to 150,"1,500 to 1,600",Feb-23
BULLION PARK,LENTOR LOOP,26,Non-Landed Properties,3,"3,800",100 to 110,"1,100 to 1,200",Feb-23
TEACHER'S HOUSING ESTATE,KALIDASA AVENUE,26,Non-Landed Properties,NA,"4,500",90 to 100,"900 to 1,000",Feb-23
CASTLE GREEN,YIO CHU KANG ROAD,26,Non-Landed Properties,3,"3,800",100 to 110,"1,100 to 1,200",Feb-23
BULLION PARK,LENTOR LOOP,26,Non-Landed Properties,3,"3,300",110 to 120,"1,200 to 1,300",Feb-23
SEASONS PARK,YIO CHU KANG ROAD,26,Non-Landed Properties,2,"3,000",90 to 100,"1,000 to 1,100",Feb-23
BULLION PARK,LENTOR LOOP,26,Non-Landed Properties,2,"3,800",70 to 80,700 to 800,Feb-23
THE CALROSE,YIO CHU KANG ROAD,26,Non-Landed Properties,3,"3,400",120 to 130,"1,300 to 1,400",Jan-23
BULLION PARK,LENTOR LOOP,26,Non-Landed Properties,3,"2,700",100 to 110,"1,100 to 1,200",Jan-23
BULLION PARK,LENTOR LOOP,26,Non-Landed Properties,3,"3,480",110 to 120,"1,200 to 1,300",Jan-23
SEASONS PARK,YIO CHU KANG ROAD,26,Non-Landed Properties,2,"3,000",90 to 100,"1,000 to 1,100",Jan-23
CASTLE GREEN,YIO CHU KANG ROAD,26,Non-Landed Properties,3,"3,500",120 to 130,"1,300 to 1,400",Jan-23
MEADOWS @ PEIRCE,UPPER THOMSON ROAD,26,Non-Landed Properties,2,"4,000",80 to 90,"900 to 1,000",Jan-23
CASTLE GREEN,YIO CHU KANG ROAD,26,Non-Landed Properties,3,"3,200",110 to 120,"1,100 to 1,200",Jan-23
MEADOWS @ PEIRCE,UPPER THOMSON ROAD,26,Non-Landed Properties,1,"3,300",50 to 60,600 to 700,Jan-23
CASTLE GREEN,YIO CHU KANG ROAD,26,Non-Landed Properties,3,"4,300",100 to 110,"1,100 to 1,200",Jan-23
NON-LANDED HOUSING DEVELOPMENT,UPPER THOMSON ROAD,26,Non-Landed Properties,NA,"3,400",110 to 120,"1,200 to 1,300",Jan-23
CASTLE GREEN,YIO CHU KANG ROAD,26,Non-Landed Properties,3,"3,500",100 to 110,"1,100 to 1,200",Jan-23
MEADOWS @ PEIRCE,UPPER THOMSON ROAD,26,Non-Landed Properties,1,"3,200",50 to 60,600 to 700,Jan-23
THE CALROSE,YIO CHU KANG ROAD,26,Non-Landed Properties,2,"4,500",80 to 90,"900 to 1,000",Jan-23
SEASONS PARK,YIO CHU KANG ROAD,26,Non-Landed Properties,2,"4,000",90 to 100,"1,000 to 1,100",Jan-23
SEASONS PARK,YIO CHU KANG ROAD,26,Non-Landed Properties,2,"3,800",90 to 100,"1,000 to 1,100",Jan-23
BULLION PARK,LENTOR LOOP,26,Non-Landed Properties,2,"3,000",70 to 80,800 to 900,Jan-23
MEADOWS @ PEIRCE,UPPER THOMSON ROAD,26,Non-Landed Properties,3,"5,200",130 to 140,"1,400 to 1,500",Jan-23
CASTLE GREEN,YIO CHU KANG ROAD,26,Non-Landed Properties,2,"4,000",80 to 90,"900 to 1,000",Jan-23
SEASONS PARK,YIO CHU KANG ROAD,26,Non-Landed Properties,3,"4,000",100 to 110,"1,100 to 1,200",Jan-23
BULLION PARK,LENTOR LOOP,26,Non-Landed Properties,3,"4,200",110 to 120,"1,200 to 1,300",Jan-23
ROOTS @ TRANSIT,TRANSIT ROAD,26,Non-Landed Properties,2,"3,300",60 to 70,600 to 700,Jan-23
MEADOWS @ PEIRCE,UPPER THOMSON ROAD,26,Non-Landed Properties,1,"2,700",50 to 60,600 to 700,Jan-23
NON-LANDED HOUSING DEVELOPMENT,UPPER THOMSON ROAD,26,Non-Landed Properties,NA,"3,300",110 to 120,"1,100 to 1,200",Jan-23
NON-LANDED HOUSING DEVELOPMENT,UPPER THOMSON ROAD,26,Non-Landed Properties,NA,"2,500",80 to 90,"900 to 1,000",Jan-23
BULLION PARK,LENTOR LOOP,26,Non-Landed Properties,2,"3,300",70 to 80,800 to 900,Jan-23
CASTLE GREEN,YIO CHU KANG ROAD,26,Non-Landed Properties,2,"3,200",80 to 90,"900 to 1,000",Jan-23
CASTLE GREEN,YIO CHU KANG ROAD,26,Non-Landed Properties,3,"3,000",100 to 110,"1,100 to 1,200",Jan-23
MEADOWS @ PEIRCE,UPPER THOMSON ROAD,26,Non-Landed Properties,4,"6,500",240 to 250,"2,500 to 2,600",Jan-23
MEADOWS @ PEIRCE,UPPER THOMSON ROAD,26,Non-Landed Properties,2,"3,000",80 to 90,"900 to 1,000",Jan-23
CASTLE GREEN,YIO CHU KANG ROAD,26,Non-Landed Properties,3,"3,700",110 to 120,"1,100 to 1,200",Jan-23
MEADOWS @ PEIRCE,UPPER THOMSON ROAD,26,Non-Landed Properties,3,"4,000",130 to 140,"1,400 to 1,500",Jan-23
BULLION PARK,LENTOR LOOP,26,Non-Landed Properties,3,"3,800",110 to 120,"1,200 to 1,300",Jan-23
CASTLE GREEN,YIO CHU KANG ROAD,26,Non-Landed Properties,2,"3,500",80 to 90,"900 to 1,000",Jan-23
SEASONS PARK,YIO CHU KANG ROAD,26,Non-Landed Properties,3,"3,000",110 to 120,"1,200 to 1,300",Jan-23
THE CALROSE,YIO CHU KANG ROAD,26,Non-Landed Properties,3,"4,688",120 to 130,"1,300 to 1,400",Dec-22
CASTLE GREEN,YIO CHU KANG ROAD,26,Non-Landed Properties,2,"3,000",100 to 110,"1,100 to 1,200",Dec-22
CASTLE GREEN,YIO CHU KANG ROAD,26,Non-Landed Properties,2,"3,800",120 to 130,"1,300 to 1,400",Dec-22
THE CALROSE,YIO CHU KANG ROAD,26,Non-Landed Properties,2,"3,000",120 to 130,"1,200 to 1,300",Dec-22
CASTLE GREEN,YIO CHU KANG ROAD,26,Non-Landed Properties,3,"3,400",100 to 110,"1,100 to 1,200",Dec-22
SEASONS PARK,YIO CHU KANG ROAD,26,Non-Landed Properties,3,"4,000",120 to 130,"1,200 to 1,300",Dec-22
SEASONS PARK,YIO CHU KANG ROAD,26,Non-Landed Properties,2,"3,150",90 to 100,"1,000 to 1,100",Dec-22
CASTLE GREEN,YIO CHU KANG ROAD,26,Non-Landed Properties,3,"3,500",100 to 110,"1,100 to 1,200",Dec-22
NON-LANDED HOUSING DEVELOPMENT,THONG SOON AVENUE,26,Non-Landed Properties,00,"5,300",140 to 150,"1,500 to 1,600",Dec-22
THE CALROSE,YIO CHU KANG ROAD,26,Non-Landed Properties,3,"3,500",110 to 120,"1,200 to 1,300",Dec-22
MEADOWS @ PEIRCE,UPPER THOMSON ROAD,26,Non-Landed Properties,1,"2,800",50 to 60,600 to 700,Dec-22
MEADOWS @ PEIRCE,UPPER THOMSON ROAD,26,Non-Landed Properties,4,"4,800",170 to 180,"1,800 to 1,900",Dec-22
MEADOWS @ PEIRCE,UPPER THOMSON ROAD,26,Non-Landed Properties,2,"3,500",90 to 100,"900 to 1,000",Dec-22
THE CALROSE,YIO CHU KANG ROAD,26,Non-Landed Properties,3,"5,000",110 to 120,"1,200 to 1,300",Dec-22
CASTLE GREEN,YIO CHU KANG ROAD,26,Non-Landed Properties,2,"3,400",80 to 90,"900 to 1,000",Dec-22
BULLION PARK,LENTOR LOOP,26,Non-Landed Properties,2,"3,300",70 to 80,800 to 900,Dec-22
CASTLE GREEN,YIO CHU KANG ROAD,26,Non-Landed Properties,2,"4,000",80 to 90,"900 to 1,000",Dec-22
SEASONS PARK,YIO CHU KANG ROAD,26,Non-Landed Properties,2,"2,700",90 to 100,"1,000 to 1,100",Dec-22
MEADOWS @ PEIRCE,UPPER THOMSON ROAD,26,Non-Landed Properties,4,"4,900",180 to 190,"2,000 to 2,100",Dec-22
MEADOWS @ PEIRCE,UPPER THOMSON ROAD,26,Non-Landed Properties,3,"6,200",130 to 140,"1,400 to 1,500",Dec-22
CASTLE GREEN,YIO CHU KANG ROAD,26,Non-Landed Properties,2,"2,900",80 to 90,"900 to 1,000",Dec-22
BULLION PARK,LENTOR LOOP,26,Non-Landed Properties,2,"4,700",110 to 120,"1,200 to 1,300",Dec-22
CASTLE GREEN,YIO CHU KANG ROAD,26,Non-Landed Properties,2,"2,600",80 to 90,"900 to 1,000",Dec-22
ROOTS @ TRANSIT,TRANSIT ROAD,26,Non-Landed Properties,1,"3,500",40 to 50,500 to 600,Dec-22
MEADOWS @ PEIRCE,UPPER THOMSON ROAD,26,Non-Landed Properties,3,"4,000",110 to 120,"1,100 to 1,200",Dec-22
THOMSON GROVE,YIO CHU KANG ROAD,26,Non-Landed Properties,3,"5,100",130 to 140,"1,400 to 1,500",Dec-22
BULLION PARK,LENTOR LOOP,26,Non-Landed Properties,3,"3,400",110 to 120,"1,200 to 1,300",Dec-22
SEASONS PARK,YIO CHU KANG ROAD,26,Non-Landed Properties,3,"3,900",110 to 120,"1,200 to 1,300",Dec-22
MEADOWS @ PEIRCE,UPPER THOMSON ROAD,26,Non-Landed Properties,1,"2,500",50 to 60,600 to 700,Dec-22
MEADOWS @ PEIRCE,UPPER THOMSON ROAD,26,Non-Landed Properties,2,"2,950",80 to 90,"900 to 1,000",Dec-22
SEASONS PARK,YIO CHU KANG ROAD,26,Non-Landed Properties,2,"3,000",90 to 100,"1,000 to 1,100",Dec-22
FOREST HILLS CONDOMINIUM,TRANSIT ROAD,26,Non-Landed Properties,3,"4,450",100 to 110,"1,100 to 1,200",Dec-22
CASTLE GREEN,YIO CHU KANG ROAD,26,Non-Landed Properties,2,"4,000",80 to 90,"900 to 1,000",Dec-22
THE CALROSE,YIO CHU KANG ROAD,26,Non-Landed Properties,4,"4,500",240 to 250,"2,600 to 2,700",Dec-22
THE CALROSE,YIO CHU KANG ROAD,26,Non-Landed Properties,3,"4,039",100 to 110,"1,000 to 1,100",Dec-22
CASTLE GREEN,YIO CHU KANG ROAD,26,Non-Landed Properties,3,"4,200",100 to 110,"1,100 to 1,200",Dec-22
MEADOWS @ PEIRCE,UPPER THOMSON ROAD,26,Non-Landed Properties,2,"4,200",110 to 120,"1,100 to 1,200",Dec-22
CASTLE GREEN,YIO CHU KANG ROAD,26,Non-Landed Properties,2,"4,000",80 to 90,"900 to 1,000",Dec-22
MEADOWS @ PEIRCE,UPPER THOMSON ROAD,26,Non-Landed Properties,3,"4,900",110 to 120,"1,200 to 1,300",Dec-22
HONG HENG MANSIONS,SEMBAWANG ROAD,26,Non-Landed Properties,3,"2,550",80 to 90,"900 to 1,000",Dec-22
NON-LANDED HOUSING DEVELOPMENT,UPPER THOMSON ROAD,26,Non-Landed Properties,NA,"5,000",80 to 90,"900 to 1,000",Dec-22
MEADOWS @ PEIRCE,UPPER THOMSON ROAD,26,Non-Landed Properties,4,"4,000",170 to 180,"1,800 to 1,900",Dec-22
BULLION PARK,LENTOR LOOP,26,Non-Landed Properties,3,"3,500",110 to 120,"1,200 to 1,300",Dec-22
HONG HENG MANSIONS,SEMBAWANG ROAD,26,Non-Landed Properties,3,"2,500",120 to 130,"1,300 to 1,400",Dec-22
BULLION PARK,LENTOR LOOP,26,Non-Landed Properties,3,"4,300",110 to 120,"1,200 to 1,300",Dec-22
CASTLE GREEN,YIO CHU KANG ROAD,26,Non-Landed Properties,3,"4,600",100 to 110,"1,100 to 1,200",Dec-22
MEADOWS @ PEIRCE,UPPER THOMSON ROAD,26,Non-Landed Properties,1,"3,200",50 to 60,600 to 700,Nov-22
CASTLE GREEN,YIO CHU KANG ROAD,26,Non-Landed Properties,3,"3,850",100 to 110,"1,100 to 1,200",Nov-22
CASTLE GREEN,YIO CHU KANG ROAD,26,Non-Landed Properties,3,"3,400",100 to 110,"1,100 to 1,200",Nov-22
BULLION PARK,LENTOR LOOP,26,Non-Landed Properties,3,"3,200",110 to 120,"1,200 to 1,300",Nov-22
THE CALROSE,YIO CHU KANG ROAD,26,Non-Landed Properties,3,"4,200",110 to 120,"1,200 to 1,300",Nov-22
MEADOWS @ PEIRCE,UPPER THOMSON ROAD,26,Non-Landed Properties,1,"3,300",50 to 60,600 to 700,Nov-22
BULLION PARK,LENTOR LOOP,26,Non-Landed Properties,2,"2,700",70 to 80,800 to 900,Nov-22
CASTLE GREEN,YIO CHU KANG ROAD,26,Non-Landed Properties,2,"4,000",100 to 110,"1,100 to 1,200",Nov-22
BULLION PARK,LENTOR LOOP,26,Non-Landed Properties,2,"3,000",70 to 80,800 to 900,Nov-22
THE CALROSE,YIO CHU KANG ROAD,26,Non-Landed Properties,3,"4,800",110 to 120,"1,200 to 1,300",Nov-22
CASTLE GREEN,YIO CHU KANG ROAD,26,Non-Landed Properties,3,"3,300",100 to 110,"1,100 to 1,200",Nov-22
MEADOWS @ PEIRCE,UPPER THOMSON ROAD,26,Non-Landed Properties,1,"3,100",50 to 60,600 to 700,Nov-22
BULLION PARK,LENTOR LOOP,26,Non-Landed Properties,2,"4,000",70 to 80,800 to 900,Nov-22
BULLION PARK,LENTOR LOOP,26,Non-Landed Properties,3,"2,650",110 to 120,"1,200 to 1,300",Nov-22
THOMSON GROVE,YIO CHU KANG ROAD,26,Non-Landed Properties,3,"3,700",130 to 140,"1,400 to 1,500",Nov-22
CASTLE GREEN,YIO CHU KANG ROAD,26,Non-Landed Properties,2,"3,500",80 to 90,"900 to 1,000",Nov-22
THE BROOKS I,SPRINGSIDE WALK,26,Non-Landed Properties,3,"5,500",90 to 100,"1,000 to 1,100",Nov-22
MEADOWS @ PEIRCE,UPPER THOMSON ROAD,26,Non-Landed Properties,3,"2,900",110 to 120,"1,200 to 1,300",Nov-22
CASTLE GREEN,YIO CHU KANG ROAD,26,Non-Landed Properties,2,"3,200",80 to 90,"900 to 1,000",Nov-22
THE CALROSE,YIO CHU KANG ROAD,26,Non-Landed Properties,3,"6,000",200 to 210,"2,200 to 2,300",Nov-22
CASTLE GREEN,YIO CHU KANG ROAD,26,Non-Landed Properties,2,"3,900",100 to 110,"1,100 to 1,200",Nov-22
MEADOWS @ PEIRCE,UPPER THOMSON ROAD,26,Non-Landed Properties,2,"3,400",80 to 90,"900 to 1,000",Nov-22
THOMSON GROVE,YIO CHU KANG ROAD,26,Non-Landed Properties,3,"4,000",130 to 140,"1,400 to 1,500",Nov-22
BULLION PARK,LENTOR LOOP,26,Non-Landed Properties,3,"3,450",110 to 120,"1,200 to 1,300",Nov-22
THE CALROSE,YIO CHU KANG ROAD,26,Non-Landed Properties,3,"4,500",140 to 150,"1,500 to 1,600",Nov-22
MEADOWS @ PEIRCE,UPPER THOMSON ROAD,26,Non-Landed Properties,3,"4,900",200 to 210,"2,200 to 2,300",Nov-22
SEASONS PARK,YIO CHU KANG ROAD,26,Non-Landed Properties,3,"4,000",120 to 130,"1,200 to 1,300",Nov-22
CASTLE GREEN,YIO CHU KANG ROAD,26,Non-Landed Properties,3,"3,500",110 to 120,"1,200 to 1,300",Nov-22
BULLION PARK,LENTOR LOOP,26,Non-Landed Properties,2,"2,600",70 to 80,800 to 900,Nov-22
BULLION PARK,LENTOR LOOP,26,Non-Landed Properties,2,"2,800",70 to 80,800 to 900,Nov-22
SEASONS PARK,YIO CHU KANG ROAD,26,Non-Landed Properties,3,"3,200",120 to 130,"1,200 to 1,300",Nov-22
THE CALROSE,YIO CHU KANG ROAD,26,Non-Landed Properties,3,"3,600",120 to 130,"1,300 to 1,400",Nov-22
THOMSON GROVE,YIO CHU KANG ROAD,26,Non-Landed Properties,3,"4,800",130 to 140,"1,400 to 1,500",Nov-22
THOMSON GROVE,YIO CHU KANG ROAD,26,Non-Landed Properties,3,"3,600",130 to 140,"1,400 to 1,500",Oct-22
MEADOWS @ PEIRCE,UPPER THOMSON ROAD,26,Non-Landed Properties,3,"4,000",110 to 120,"1,200 to 1,300",Oct-22
SEASONS PARK,YIO CHU KANG ROAD,26,Non-Landed Properties,2,"3,800",90 to 100,"1,000 to 1,100",Oct-22
THE BROOKS I,SPRINGSIDE WALK,26,Non-Landed Properties,1,"2,500",50 to 60,500 to 600,Oct-22
THE CALROSE,YIO CHU KANG ROAD,26,Non-Landed Properties,3,"3,800",120 to 130,"1,300 to 1,400",Oct-22
THE CALROSE,YIO CHU KANG ROAD,26,Non-Landed Properties,2,"4,100",90 to 100,"900 to 1,000",Oct-22
MEADOWS @ PEIRCE,UPPER THOMSON ROAD,26,Non-Landed Properties,3,"5,500",160 to 170,"1,700 to 1,800",Oct-22
MEADOWS @ PEIRCE,UPPER THOMSON ROAD,26,Non-Landed Properties,1,"3,300",50 to 60,600 to 700,Oct-22
CASTLE GREEN,YIO CHU KANG ROAD,26,Non-Landed Properties,2,"2,700",80 to 90,"900 to 1,000",Oct-22
BULLION PARK,LENTOR LOOP,26,Non-Landed Properties,2,"2,800",70 to 80,800 to 900,Oct-22
BULLION PARK,LENTOR LOOP,26,Non-Landed Properties,2,"3,500",70 to 80,800 to 900,Oct-22
THE CALROSE,YIO CHU KANG ROAD,26,Non-Landed Properties,2,"3,800",120 to 130,"1,200 to 1,300",Oct-22
SEASONS PARK,YIO CHU KANG ROAD,26,Non-Landed Properties,2,"4,000",100 to 110,"1,100 to 1,200",Oct-22
BULLION PARK,LENTOR LOOP,26,Non-Landed Properties,2,"2,900",70 to 80,800 to 900,Oct-22
CASTLE GREEN,YIO CHU KANG ROAD,26,Non-Landed Properties,3,"3,700",100 to 110,"1,100 to 1,200",Oct-22
THE CALROSE,YIO CHU KANG ROAD,26,Non-Landed Properties,2,"3,400",170 to 180,"1,800 to 1,900",Oct-22
BULLION PARK,LENTOR LOOP,26,Non-Landed Properties,3,"3,000",110 to 120,"1,200 to 1,300",Oct-22
BULLION PARK,LENTOR LOOP,26,Non-Landed Properties,3,"2,900",110 to 120,"1,200 to 1,300",Oct-22
MEADOWS @ PEIRCE,UPPER THOMSON ROAD,26,Non-Landed Properties,4,"6,000",170 to 180,"1,800 to 1,900",Oct-22
BULLION PARK,LENTOR LOOP,26,Non-Landed Properties,2,"2,900",70 to 80,800 to 900,Oct-22
HONG HENG MANSIONS,SEMBAWANG ROAD,26,Non-Landed Properties,3,"2,700",110 to 120,"1,200 to 1,300",Oct-22
FOREST HILLS CONDOMINIUM,TRANSIT ROAD,26,Non-Landed Properties,3,"4,200",100 to 110,"1,100 to 1,200",Oct-22
SEASONS PARK,YIO CHU KANG ROAD,26,Non-Landed Properties,2,"3,800",90 to 100,"1,000 to 1,100",Oct-22
MEADOWS @ PEIRCE,UPPER THOMSON ROAD,26,Non-Landed Properties,3,"5,500",200 to 210,"2,200 to 2,300",Oct-22
BULLION PARK,LENTOR LOOP,26,Non-Landed Properties,2,"2,650",70 to 80,800 to 900,Oct-22
THE BROOKS I,SPRINGSIDE WALK,26,Non-Landed Properties,2,"3,500",70 to 80,800 to 900,Sep-22
MEADOWS @ PEIRCE,UPPER THOMSON ROAD,26,Non-Landed Properties,1,"2,450",50 to 60,600 to 700,Sep-22
THE CALROSE,YIO CHU KANG ROAD,26,Non-Landed Properties,2,"3,800",150 to 160,"1,600 to 1,700",Sep-22
THE BROOKS II,SPRINGSIDE GREEN,26,Non-Landed Properties,2,"3,600",100 to 110,"1,100 to 1,200",Sep-22
THE CALROSE,YIO CHU KANG ROAD,26,Non-Landed Properties,4,"4,800",140 to 150,"1,500 to 1,600",Sep-22
NON-LANDED HOUSING DEVELOPMENT,UPPER THOMSON ROAD,26,Non-Landed Properties,NA,"3,500",80 to 90,"900 to 1,000",Sep-22
CASTLE GREEN,YIO CHU KANG ROAD,26,Non-Landed Properties,2,"2,550",80 to 90,"900 to 1,000",Sep-22
THE CALROSE,YIO CHU KANG ROAD,26,Non-Landed Properties,2,"3,200",90 to 100,"1,000 to 1,100",Sep-22
MEADOWS @ PEIRCE,UPPER THOMSON ROAD,26,Non-Landed Properties,3,"3,200",110 to 120,"1,100 to 1,200",Sep-22
BULLION PARK,LENTOR LOOP,26,Non-Landed Properties,3,"2,800",110 to 120,"1,200 to 1,300",Sep-22
CASTLE GREEN,YIO CHU KANG ROAD,26,Non-Landed Properties,2,"2,400",80 to 90,"900 to 1,000",Sep-22
SEASONS PARK,YIO CHU KANG ROAD,26,Non-Landed Properties,3,"6,400",120 to 130,"1,200 to 1,300",Sep-22
BULLION PARK,LENTOR LOOP,26,Non-Landed Properties,2,"2,200",70 to 80,800 to 900,Sep-22
MEADOWS @ PEIRCE,UPPER THOMSON ROAD,26,Non-Landed Properties,3,"3,000",110 to 120,"1,100 to 1,200",Sep-22
HONG HENG GARDEN,SEMBAWANG ROAD,26,Non-Landed Properties,NA,"2,600",170 to 180,"1,800 to 1,900",Sep-22
NON-LANDED HOUSING DEVELOPMENT,UPPER THOMSON ROAD,26,Non-Landed Properties,NA,"3,400",90 to 100,"900 to 1,000",Sep-22
BULLION PARK,LENTOR LOOP,26,Non-Landed Properties,3,"3,600",110 to 120,"1,200 to 1,300",Sep-22
MEADOWS @ PEIRCE,UPPER THOMSON ROAD,26,Non-Landed Properties,3,"3,000",110 to 120,"1,200 to 1,300",Sep-22
SEASONS PARK,YIO CHU KANG ROAD,26,Non-Landed Properties,3,"3,100",110 to 120,"1,200 to 1,300",Sep-22
THOMSON GROVE,YIO CHU KANG ROAD,26,Non-Landed Properties,3,"3,700",140 to 150,"1,500 to 1,600",Sep-22
FOREST HILLS CONDOMINIUM,TRANSIT ROAD,26,Non-Landed Properties,3,"3,000",100 to 110,"1,100 to 1,200",Sep-22
THE CALROSE,YIO CHU KANG ROAD,26,Non-Landed Properties,3,"3,900",130 to 140,"1,400 to 1,500",Sep-22
BULLION PARK,LENTOR LOOP,26,Non-Landed Properties,2,"3,200",70 to 80,800 to 900,Sep-22
CASTLE GREEN,YIO CHU KANG ROAD,26,Non-Landed Properties,2,"3,200",80 to 90,"900 to 1,000",Sep-22
HONG HENG MANSIONS,SEMBAWANG ROAD,26,Non-Landed Properties,3,"2,300",80 to 90,"900 to 1,000",Sep-22
BULLION PARK,LENTOR LOOP,26,Non-Landed Properties,3,"3,100",110 to 120,"1,200 to 1,300",Aug-22
MEADOWS @ PEIRCE,UPPER THOMSON ROAD,26,Non-Landed Properties,3,"2,800",110 to 120,"1,200 to 1,300",Aug-22
BULLION PARK,LENTOR LOOP,26,Non-Landed Properties,2,"3,000",70 to 80,800 to 900,Aug-22
THE CALROSE,YIO CHU KANG ROAD,26,Non-Landed Properties,3,"4,200",190 to 200,"2,000 to 2,100",Aug-22
HONG HENG MANSIONS,SEMBAWANG ROAD,26,Non-Landed Properties,3,"2,600",110 to 120,"1,200 to 1,300",Aug-22
BULLION PARK,LENTOR LOOP,26,Non-Landed Properties,2,"2,200",70 to 80,800 to 900,Aug-22
SEASONS PARK,YIO CHU KANG ROAD,26,Non-Landed Properties,2,"3,200",90 to 100,"1,000 to 1,100",Aug-22
MEADOWS @ PEIRCE,UPPER THOMSON ROAD,26,Non-Landed Properties,3,"4,800",110 to 120,"1,200 to 1,300",Aug-22
NON-LANDED HOUSING DEVELOPMENT,SEMBAWANG ROAD,26,Non-Landed Properties,NA,"2,800",90 to 100,"1,000 to 1,100",Aug-22
CASTLE GREEN,YIO CHU KANG ROAD,26,Non-Landed Properties,2,"3,000",80 to 90,"900 to 1,000",Aug-22
NON-LANDED HOUSING DEVELOPMENT,UPPER THOMSON ROAD,26,Non-Landed Properties,NA,"3,650",80 to 90,"900 to 1,000",Aug-22
NON-LANDED HOUSING DEVELOPMENT,UPPER THOMSON ROAD,26,Non-Landed Properties,NA,"2,800",90 to 100,"900 to 1,000",Aug-22
MEADOWS @ PEIRCE,UPPER THOMSON ROAD,26,Non-Landed Properties,1,"2,000",50 to 60,600 to 700,Aug-22
BULLION PARK,LENTOR LOOP,26,Non-Landed Properties,3,"2,400",110 to 120,"1,200 to 1,300",Aug-22
BULLION PARK,LENTOR LOOP,26,Non-Landed Properties,3,"2,300",110 to 120,"1,200 to 1,300",Aug-22
MEADOWS @ PEIRCE,UPPER THOMSON ROAD,26,Non-Landed Properties,3,"4,500",200 to 210,"2,200 to 2,300",Aug-22
THOMSON GROVE,YIO CHU KANG ROAD,26,Non-Landed Properties,3,"3,300",140 to 150,"1,500 to 1,600",Aug-22
SEASONS PARK,YIO CHU KANG ROAD,26,Non-Landed Properties,2,"2,200",100 to 110,"1,100 to 1,200",Aug-22
MEADOWS @ PEIRCE,UPPER THOMSON ROAD,26,Non-Landed Properties,3,"3,800",110 to 120,"1,100 to 1,200",Aug-22
BULLION PARK,LENTOR LOOP,26,Non-Landed Properties,3,"3,200",110 to 120,"1,200 to 1,300",Aug-22
MEADOWS @ PEIRCE,UPPER THOMSON ROAD,26,Non-Landed Properties,2,"2,700",80 to 90,"900 to 1,000",Aug-22
BULLION PARK,LENTOR LOOP,26,Non-Landed Properties,2,"2,200",70 to 80,800 to 900,Aug-22
MEADOWS @ PEIRCE,UPPER THOMSON ROAD,26,Non-Landed Properties,1,"2,600",50 to 60,600 to 700,Aug-22
SEASONS PARK,YIO CHU KANG ROAD,26,Non-Landed Properties,2,"2,750",90 to 100,"1,000 to 1,100",Aug-22
SEASONS PARK,YIO CHU KANG ROAD,26,Non-Landed Properties,2,"3,000",90 to 100,"1,000 to 1,100",Aug-22
BULLION PARK,LENTOR LOOP,26,Non-Landed Properties,3,"3,000",110 to 120,"1,200 to 1,300",Aug-22
SEASONS PARK,YIO CHU KANG ROAD,26,Non-Landed Properties,2,"2,800",90 to 100,"1,000 to 1,100",Aug-22
NON-LANDED HOUSING DEVELOPMENT,UPPER THOMSON ROAD,26,Non-Landed Properties,NA,"1,500",80 to 90,"900 to 1,000",Aug-22
NON-LANDED HOUSING DEVELOPMENT,SEMBAWANG ROAD,26,Non-Landed Properties,NA,"1,200",90 to 100,"1,000 to 1,100",Aug-22
BULLION PARK,LENTOR LOOP,26,Non-Landed Properties,3,"6,400",170 to 180,"1,800 to 1,900",Aug-22
BULLION PARK,LENTOR LOOP,26,Non-Landed Properties,3,"2,850",110 to 120,"1,200 to 1,300",Aug-22
BULLION PARK,LENTOR LOOP,26,Non-Landed Properties,3,"2,450",110 to 120,"1,200 to 1,300",Aug-22
THOMSON GROVE,YIO CHU KANG ROAD,26,Non-Landed Properties,3,"3,300",130 to 140,"1,400 to 1,500",Aug-22
MEADOWS @ PEIRCE,UPPER THOMSON ROAD,26,Non-Landed Properties,1,"2,100",50 to 60,600 to 700,Aug-22
BULLION PARK,LENTOR LOOP,26,Non-Landed Properties,2,"2,500",70 to 80,800 to 900,Aug-22
THE CALROSE,YIO CHU KANG ROAD,26,Non-Landed Properties,3,"6,000",190 to 200,"2,100 to 2,200",Aug-22
HONG HENG MANSIONS,SEMBAWANG ROAD,26,Non-Landed Properties,3,"2,400",80 to 90,"900 to 1,000",Aug-22
MEADOWS @ PEIRCE,UPPER THOMSON ROAD,26,Non-Landed Properties,3,"3,700",130 to 140,"1,400 to 1,500",Aug-22
BULLION PARK,LENTOR LOOP,26,Non-Landed Properties,2,"2,500",70 to 80,800 to 900,Aug-22
BULLION PARK,LENTOR LOOP,26,Non-Landed Properties,3,"2,500",110 to 120,"1,200 to 1,300",Aug-22
BULLION PARK,LENTOR LOOP,26,Non-Landed Properties,3,"3,100",110 to 120,"1,200 to 1,300",Aug-22
SEASONS PARK,YIO CHU KANG ROAD,26,Non-Landed Properties,2,"3,500",100 to 110,"1,100 to 1,200",Aug-22
MEADOWS @ PEIRCE,UPPER THOMSON ROAD,26,Non-Landed Properties,3,"4,000",110 to 120,"1,200 to 1,300",Jul-22
THE CALROSE,YIO CHU KANG ROAD,26,Non-Landed Properties,3,"3,500",200 to 210,"2,100 to 2,200",Jul-22
CASTLE GREEN,YIO CHU KANG ROAD,26,Non-Landed Properties,2,"2,600",80 to 90,"900 to 1,000",Jul-22
BULLION PARK,LENTOR LOOP,26,Non-Landed Properties,2,"3,500",70 to 80,800 to 900,Jul-22
ROOTS @ TRANSIT,TRANSIT ROAD,26,Non-Landed Properties,2,"2,800",50 to 60,500 to 600,Jul-22
SEASONS PARK,YIO CHU KANG ROAD,26,Non-Landed Properties,3,"4,500",120 to 130,"1,200 to 1,300",Jul-22
BULLION PARK,LENTOR LOOP,26,Non-Landed Properties,2,"3,100",70 to 80,800 to 900,Jul-22
THE CALROSE,YIO CHU KANG ROAD,26,Non-Landed Properties,3,"3,900",110 to 120,"1,200 to 1,300",Jul-22
SEASONS PARK,YIO CHU KANG ROAD,26,Non-Landed Properties,2,"2,100",90 to 100,"1,000 to 1,100",Jul-22
MEADOWS @ PEIRCE,UPPER THOMSON ROAD,26,Non-Landed Properties,3,"4,200",110 to 120,"1,100 to 1,200",Jul-22
MEADOWS @ PEIRCE,UPPER THOMSON ROAD,26,Non-Landed Properties,1,"2,000",50 to 60,600 to 700,Jul-22
BULLION PARK,LENTOR LOOP,26,Non-Landed Properties,2,"2,200",70 to 80,800 to 900,Jul-22
THE CALROSE,YIO CHU KANG ROAD,26,Non-Landed Properties,4,"4,000",130 to 140,"1,400 to 1,500",Jul-22
BULLION PARK,LENTOR LOOP,26,Non-Landed Properties,3,"3,000",110 to 120,"1,200 to 1,300",Jul-22
MEADOWS @ PEIRCE,UPPER THOMSON ROAD,26,Non-Landed Properties,3,"4,000",110 to 120,"1,200 to 1,300",Jul-22
MEADOWS @ PEIRCE,UPPER THOMSON ROAD,26,Non-Landed Properties,3,"2,800",110 to 120,"1,100 to 1,200",Jul-22
THOMSON GROVE,YIO CHU KANG ROAD,26,Non-Landed Properties,3,"3,000",140 to 150,"1,500 to 1,600",Jul-22
ROOTS @ TRANSIT,TRANSIT ROAD,26,Non-Landed Properties,2,"2,800",60 to 70,600 to 700,Jul-22
MEADOWS @ PEIRCE,UPPER THOMSON ROAD,26,Non-Landed Properties,2,"2,700",90 to 100,"900 to 1,000",Jul-22
BULLION PARK,LENTOR LOOP,26,Non-Landed Properties,2,"2,300",70 to 80,800 to 900,Jul-22
CASTLE GREEN,YIO CHU KANG ROAD,26,Non-Landed Properties,3,"3,400",100 to 110,"1,100 to 1,200",Jul-22
BULLION PARK,LENTOR LOOP,26,Non-Landed Properties,3,"2,750",110 to 120,"1,200 to 1,300",Jul-22
BULLION PARK,LENTOR LOOP,26,Non-Landed Properties,2,"3,200",70 to 80,800 to 900,Jul-22
HONG HENG MANSIONS,SEMBAWANG ROAD,26,Non-Landed Properties,3,"2,900",110 to 120,"1,200 to 1,300",Jul-22
MEADOWS @ PEIRCE,UPPER THOMSON ROAD,26,Non-Landed Properties,4,"7,000",190 to 200,"2,000 to 2,100",Jul-22
CASTLE GREEN,YIO CHU KANG ROAD,26,Non-Landed Properties,3,"3,400",100 to 110,"1,100 to 1,200",Jul-22
THOMSON GROVE,YIO CHU KANG ROAD,26,Non-Landed Properties,3,"3,900",130 to 140,"1,400 to 1,500",Jul-22
THE CALROSE,YIO CHU KANG ROAD,26,Non-Landed Properties,3,"3,900",110 to 120,"1,200 to 1,300",Jul-22
BULLION PARK,LENTOR LOOP,26,Non-Landed Properties,2,"2,400",70 to 80,800 to 900,Jul-22
TEACHER'S HOUSING ESTATE,KALIDASA AVENUE,26,Non-Landed Properties,NA,"2,500",200 to 210,"2,100 to 2,200",Jul-22
MEADOWS @ PEIRCE,UPPER THOMSON ROAD,26,Non-Landed Properties,4,"6,000",250 to 260,"2,700 to 2,800",Jul-22
NON-LANDED HOUSING DEVELOPMENT,UPPER THOMSON ROAD,26,Non-Landed Properties,NA,"2,800",110 to 120,"1,100 to 1,200",Jul-22
SEASONS PARK,YIO CHU KANG ROAD,26,Non-Landed Properties,3,"4,100",110 to 120,"1,200 to 1,300",Jul-22
NON-LANDED HOUSING DEVELOPMENT,UPPER THOMSON ROAD,26,Non-Landed Properties,NA,"3,580",110 to 120,"1,100 to 1,200",Jul-22
THOMSON GROVE,YIO CHU KANG ROAD,26,Non-Landed Properties,3,"3,200",140 to 150,"1,500 to 1,600",Jul-22
MEADOWS @ PEIRCE,UPPER THOMSON ROAD,26,Non-Landed Properties,3,"3,600",110 to 120,"1,200 to 1,300",Jul-22
THE CALROSE,YIO CHU KANG ROAD,26,Non-Landed Properties,4,"4,600",230 to 240,"2,500 to 2,600",Jul-22
BULLION PARK,LENTOR LOOP,26,Non-Landed Properties,2,"2,200",70 to 80,800 to 900,Jul-22
CASTLE GREEN,YIO CHU KANG ROAD,26,Non-Landed Properties,3,"3,500",110 to 120,"1,200 to 1,300",Jul-22
THE CALROSE,YIO CHU KANG ROAD,26,Non-Landed Properties,3,"3,000",110 to 120,"1,200 to 1,300",Jul-22
SEASONS PARK,YIO CHU KANG ROAD,26,Non-Landed Properties,3,"2,500",120 to 130,"1,200 to 1,300",Jul-22
MEADOWS @ PEIRCE,UPPER THOMSON ROAD,26,Non-Landed Properties,3,"4,400",140 to 150,"1,500 to 1,600",Jul-22
CASTLE GREEN,YIO CHU KANG ROAD,26,Non-Landed Properties,2,"2,400",80 to 90,"900 to 1,000",Jul-22
THE CALROSE,YIO CHU KANG ROAD,26,Non-Landed Properties,2,"2,800",80 to 90,"900 to 1,000",Jul-22
THE CALROSE,YIO CHU KANG ROAD,26,Non-Landed Properties,3,"4,000",110 to 120,"1,200 to 1,300",Jul-22
THOMSON GROVE,YIO CHU KANG ROAD,26,Non-Landed Properties,3,"2,300",130 to 140,"1,400 to 1,500",Jul-22
HONG HENG MANSIONS,SEMBAWANG ROAD,26,Non-Landed Properties,3,"2,700",120 to 130,"1,300 to 1,400",Jun-22
BULLION PARK,LENTOR LOOP,26,Non-Landed Properties,3,"3,300",110 to 120,"1,200 to 1,300",Jun-22
CASTLE GREEN,YIO CHU KANG ROAD,26,Non-Landed Properties,2,"2,700",100 to 110,"1,100 to 1,200",Jun-22
CASTLE GREEN,YIO CHU KANG ROAD,26,Non-Landed Properties,3,"3,300",100 to 110,"1,100 to 1,200",Jun-22
MEADOWS @ PEIRCE,UPPER THOMSON ROAD,26,Non-Landed Properties,2,"3,000",80 to 90,"900 to 1,000",Jun-22
BULLION PARK,LENTOR LOOP,26,Non-Landed Properties,3,"4,300",110 to 120,"1,200 to 1,300",Jun-22
MEADOWS @ PEIRCE,UPPER THOMSON ROAD,26,Non-Landed Properties,1,"2,900",50 to 60,600 to 700,Jun-22
THE CALROSE,YIO CHU KANG ROAD,26,Non-Landed Properties,4,"4,900",130 to 140,"1,400 to 1,500",Jun-22
SEASONS PARK,YIO CHU KANG ROAD,26,Non-Landed Properties,2,"2,900",90 to 100,"1,000 to 1,100",Jun-22
BULLION PARK,LENTOR LOOP,26,Non-Landed Properties,3,"3,700",110 to 120,"1,200 to 1,300",Jun-22
THE BROOKS I,SPRINGSIDE WALK,26,Non-Landed Properties,1,"2,700",50 to 60,500 to 600,Jun-22
CASTLE GREEN,YIO CHU KANG ROAD,26,Non-Landed Properties,3,"3,500",110 to 120,"1,200 to 1,300",Jun-22
CASTLE GREEN,YIO CHU KANG ROAD,26,Non-Landed Properties,2,"2,500",80 to 90,"900 to 1,000",Jun-22
THE CALROSE,YIO CHU KANG ROAD,26,Non-Landed Properties,3,"4,150",110 to 120,"1,200 to 1,300",Jun-22
THOMSON GROVE,YIO CHU KANG ROAD,26,Non-Landed Properties,3,"3,500",130 to 140,"1,400 to 1,500",Jun-22
THE CALROSE,YIO CHU KANG ROAD,26,Non-Landed Properties,3,"3,400",180 to 190,"2,000 to 2,100",Jun-22
MEADOWS @ PEIRCE,UPPER THOMSON ROAD,26,Non-Landed Properties,3,"4,300",110 to 120,"1,200 to 1,300",Jun-22
SEASONS PARK,YIO CHU KANG ROAD,26,Non-Landed Properties,2,"3,500",90 to 100,"1,000 to 1,100",Jun-22
THE CALROSE,YIO CHU KANG ROAD,26,Non-Landed Properties,4,"4,500",140 to 150,"1,500 to 1,600",Jun-22
BULLION PARK,LENTOR LOOP,26,Non-Landed Properties,3,"3,300",110 to 120,"1,200 to 1,300",Jun-22
MEADOWS @ PEIRCE,UPPER THOMSON ROAD,26,Non-Landed Properties,2,"3,500",110 to 120,"1,100 to 1,200",Jun-22
BULLION PARK,LENTOR LOOP,26,Non-Landed Properties,2,"2,300",70 to 80,800 to 900,Jun-22
MEADOWS @ PEIRCE,UPPER THOMSON ROAD,26,Non-Landed Properties,1,"2,000",50 to 60,600 to 700,Jun-22
CASTLE GREEN,YIO CHU KANG ROAD,26,Non-Landed Properties,2,"3,300",100 to 110,"1,100 to 1,200",Jun-22
BULLION PARK,LENTOR LOOP,26,Non-Landed Properties,3,"2,950",110 to 120,"1,200 to 1,300",Jun-22
CASTLE GREEN,YIO CHU KANG ROAD,26,Non-Landed Properties,3,"3,100",100 to 110,"1,100 to 1,200",May-22
CASTLE GREEN,YIO CHU KANG ROAD,26,Non-Landed Properties,2,"2,750",80 to 90,"900 to 1,000",May-22
BULLION PARK,LENTOR LOOP,26,Non-Landed Properties,2,"2,500",70 to 80,800 to 900,May-22
THE CALROSE,YIO CHU KANG ROAD,26,Non-Landed Properties,3,"3,300",120 to 130,"1,300 to 1,400",May-22
BULLION PARK,LENTOR LOOP,26,Non-Landed Properties,2,"2,400",70 to 80,800 to 900,May-22
THE BROOKS II,SPRINGSIDE GREEN,26,Non-Landed Properties,2,"3,000",60 to 70,700 to 800,May-22
MEADOWS @ PEIRCE,UPPER THOMSON ROAD,26,Non-Landed Properties,1,"2,000",50 to 60,600 to 700,May-22
HONG HENG MANSIONS,SEMBAWANG ROAD,26,Non-Landed Properties,3,"2,600",110 to 120,"1,200 to 1,300",May-22
SEASONS PARK,YIO CHU KANG ROAD,26,Non-Landed Properties,3,"2,700",110 to 120,"1,200 to 1,300",May-22
MEADOWS @ PEIRCE,UPPER THOMSON ROAD,26,Non-Landed Properties,3,"3,900",110 to 120,"1,100 to 1,200",May-22
BULLION PARK,LENTOR LOOP,26,Non-Landed Properties,3,"2,900",110 to 120,"1,200 to 1,300",May-22
THOMSON GROVE,YIO CHU KANG ROAD,26,Non-Landed Properties,3,"3,900",130 to 140,"1,400 to 1,500",May-22
CASTLE GREEN,YIO CHU KANG ROAD,26,Non-Landed Properties,3,"3,100",100 to 110,"1,100 to 1,200",May-22
FOREST HILLS CONDOMINIUM,TRANSIT ROAD,26,Non-Landed Properties,2,"4,000",90 to 100,"1,000 to 1,100",May-22
CASTLE GREEN,YIO CHU KANG ROAD,26,Non-Landed Properties,2,"2,700",80 to 90,"900 to 1,000",May-22
BULLION PARK,LENTOR LOOP,26,Non-Landed Properties,2,"2,250",70 to 80,800 to 900,May-22
MEADOWS @ PEIRCE,UPPER THOMSON ROAD,26,Non-Landed Properties,4,"5,100",170 to 180,"1,800 to 1,900",May-22
MEADOWS @ PEIRCE,UPPER THOMSON ROAD,26,Non-Landed Properties,1,"1,900",50 to 60,600 to 700,May-22
THOMSON GROVE,YIO CHU KANG ROAD,26,Non-Landed Properties,3,"4,000",130 to 140,"1,400 to 1,500",May-22
MEADOWS @ PEIRCE,UPPER THOMSON ROAD,26,Non-Landed Properties,4,"6,200",170 to 180,"1,800 to 1,900",May-22
THE CALROSE,YIO CHU KANG ROAD,26,Non-Landed Properties,3,"3,400",110 to 120,"1,200 to 1,300",May-22
CASTLE GREEN,YIO CHU KANG ROAD,26,Non-Landed Properties,2,"2,800",80 to 90,"900 to 1,000",May-22
THOMSON GROVE,YIO CHU KANG ROAD,26,Non-Landed Properties,3,"2,700",130 to 140,"1,400 to 1,500",May-22
NON-LANDED HOUSING DEVELOPMENT,UPPER THOMSON ROAD,26,Non-Landed Properties,NA,"1,200",100 to 110,"1,100 to 1,200",May-22
BULLION PARK,LENTOR LOOP,26,Non-Landed Properties,2,"2,300",70 to 80,800 to 900,May-22
THE CALROSE,YIO CHU KANG ROAD,26,Non-Landed Properties,2,"3,600",90 to 100,"900 to 1,000",May-22
CASTLE GREEN,YIO CHU KANG ROAD,26,Non-Landed Properties,2,"2,800",80 to 90,"900 to 1,000",May-22
SEASONS PARK,YIO CHU KANG ROAD,26,Non-Landed Properties,2,"3,500",90 to 100,"1,000 to 1,100",May-22
HONG HENG GARDEN,SEMBAWANG ROAD,26,Non-Landed Properties,NA,"3,600",210 to 220,"2,300 to 2,400",May-22
NON-LANDED HOUSING DEVELOPMENT,UPPER THOMSON ROAD,26,Non-Landed Properties,NA,"2,800",180 to 190,"1,900 to 2,000",May-22
BULLION PARK,LENTOR LOOP,26,Non-Landed Properties,3,"2,800",110 to 120,"1,200 to 1,300",May-22
NON-LANDED HOUSING DEVELOPMENT,SEMBAWANG ROAD,26,Non-Landed Properties,NA,"3,800",90 to 100,"1,000 to 1,100",May-22
ROOTS @ TRANSIT,TRANSIT ROAD,26,Non-Landed Properties,1,"2,600",40 to 50,400 to 500,May-22
MEADOWS @ PEIRCE,UPPER THOMSON ROAD,26,Non-Landed Properties,2,"2,700",80 to 90,"900 to 1,000",May-22
BULLION PARK,LENTOR LOOP,26,Non-Landed Properties,3,"2,800",110 to 120,"1,200 to 1,300",Apr-22
THE CALROSE,YIO CHU KANG ROAD,26,Non-Landed Properties,4,"3,500",130 to 140,"1,300 to 1,400",Apr-22
THE CALROSE,YIO CHU KANG ROAD,26,Non-Landed Properties,4,"4,000",130 to 140,"1,400 to 1,500",Apr-22
SEASONS PARK,YIO CHU KANG ROAD,26,Non-Landed Properties,2,"3,450",100 to 110,"1,100 to 1,200",Apr-22
THE CALROSE,YIO CHU KANG ROAD,26,Non-Landed Properties,2,"2,750",100 to 110,"1,100 to 1,200",Apr-22
THE CALROSE,YIO CHU KANG ROAD,26,Non-Landed Properties,3,"3,200",110 to 120,"1,200 to 1,300",Apr-22
MEADOWS @ PEIRCE,UPPER THOMSON ROAD,26,Non-Landed Properties,3,"3,400",110 to 120,"1,200 to 1,300",Apr-22
MEADOWS @ PEIRCE,UPPER THOMSON ROAD,26,Non-Landed Properties,1,"2,000",50 to 60,600 to 700,Apr-22
MEADOWS @ PEIRCE,UPPER THOMSON ROAD,26,Non-Landed Properties,2,"2,950",80 to 90,"900 to 1,000",Apr-22
MEADOWS @ PEIRCE,UPPER THOMSON ROAD,26,Non-Landed Properties,4,"6,200",260 to 270,"2,800 to 2,900",Apr-22
BULLION PARK,LENTOR LOOP,26,Non-Landed Properties,2,"2,200",70 to 80,800 to 900,Apr-22
THOMSON GROVE,YIO CHU KANG ROAD,26,Non-Landed Properties,3,"3,000",140 to 150,"1,500 to 1,600",Apr-22
NON-LANDED HOUSING DEVELOPMENT,UPPER THOMSON ROAD,26,Non-Landed Properties,NA,"2,400",110 to 120,"1,100 to 1,200",Apr-22
NON-LANDED HOUSING DEVELOPMENT,UPPER THOMSON ROAD,26,Non-Landed Properties,NA,"3,900",110 to 120,"1,100 to 1,200",Apr-22
HONG HENG GARDEN,SEMBAWANG ROAD,26,Non-Landed Properties,NA,"2,500",170 to 180,"1,800 to 1,900",Apr-22
BULLION PARK,LENTOR LOOP,26,Non-Landed Properties,3,"2,850",110 to 120,"1,200 to 1,300",Apr-22
CASTLE GREEN,YIO CHU KANG ROAD,26,Non-Landed Properties,3,"3,900",100 to 110,"1,100 to 1,200",Apr-22
THE CALROSE,YIO CHU KANG ROAD,26,Non-Landed Properties,4,"4,100",130 to 140,"1,400 to 1,500",Apr-22
SEASONS PARK,YIO CHU KANG ROAD,26,Non-Landed Properties,2,"2,400",90 to 100,"1,000 to 1,100",Apr-22
BULLION PARK,LENTOR LOOP,26,Non-Landed Properties,2,"2,850",70 to 80,800 to 900,Apr-22
HONG HENG MANSIONS,SEMBAWANG ROAD,26,Non-Landed Properties,3,"2,200",80 to 90,"900 to 1,000",Apr-22
ROOTS @ TRANSIT,TRANSIT ROAD,26,Non-Landed Properties,1,"2,600",40 to 50,500 to 600,Apr-22
CASTLE GREEN,YIO CHU KANG ROAD,26,Non-Landed Properties,3,"3,400",100 to 110,"1,100 to 1,200",Apr-22
SEASONS PARK,YIO CHU KANG ROAD,26,Non-Landed Properties,2,"2,500",100 to 110,"1,100 to 1,200",Apr-22
ROOTS @ TRANSIT,TRANSIT ROAD,26,Non-Landed Properties,1,"2,600",40 to 50,400 to 500,Apr-22
THE CALROSE,YIO CHU KANG ROAD,26,Non-Landed Properties,2,"2,800",90 to 100,"1,000 to 1,100",Apr-22
CASTLE GREEN,YIO CHU KANG ROAD,26,Non-Landed Properties,2,"1,950",80 to 90,"900 to 1,000",Apr-22
ROOTS @ TRANSIT,TRANSIT ROAD,26,Non-Landed Properties,1,"2,400",40 to 50,500 to 600,Apr-22
THE CALROSE,YIO CHU KANG ROAD,26,Non-Landed Properties,3,"3,800",110 to 120,"1,200 to 1,300",Apr-22
MEADOWS @ PEIRCE,UPPER THOMSON ROAD,26,Non-Landed Properties,2,"2,600",110 to 120,"1,200 to 1,300",Apr-22
CASTLE GREEN,YIO CHU KANG ROAD,26,Non-Landed Properties,3,"3,300",100 to 110,"1,100 to 1,200",Apr-22
CASTLE GREEN,YIO CHU KANG ROAD,26,Non-Landed Properties,3,"2,900",110 to 120,"1,200 to 1,300",Apr-22
FOREST HILLS CONDOMINIUM,TRANSIT ROAD,26,Non-Landed Properties,3,"3,000",100 to 110,"1,100 to 1,200",Apr-22
MEADOWS @ PEIRCE,UPPER THOMSON ROAD,26,Non-Landed Properties,3,"3,000",110 to 120,"1,200 to 1,300",Apr-22
CASTLE GREEN,YIO CHU KANG ROAD,26,Non-Landed Properties,2,"2,200",80 to 90,"900 to 1,000",Apr-22
CASTLE GREEN,YIO CHU KANG ROAD,26,Non-Landed Properties,2,"2,400",80 to 90,"900 to 1,000",Mar-22
MEADOWS @ PEIRCE,UPPER THOMSON ROAD,26,Non-Landed Properties,4,"6,500",240 to 250,"2,500 to 2,600",Mar-22
SEASONS PARK,YIO CHU KANG ROAD,26,Non-Landed Properties,2,"2,700",90 to 100,"1,000 to 1,100",Mar-22
MEADOWS @ PEIRCE,UPPER THOMSON ROAD,26,Non-Landed Properties,1,"2,100",50 to 60,600 to 700,Mar-22
BULLION PARK,LENTOR LOOP,26,Non-Landed Properties,2,"2,500",70 to 80,800 to 900,Mar-22
CASTLE GREEN,YIO CHU KANG ROAD,26,Non-Landed Properties,2,"2,400",80 to 90,"900 to 1,000",Mar-22
MEADOWS @ PEIRCE,UPPER THOMSON ROAD,26,Non-Landed Properties,4,"6,000",280 to 290,"3,000 to 3,100",Mar-22
BULLION PARK,LENTOR LOOP,26,Non-Landed Properties,3,"3,200",110 to 120,"1,200 to 1,300",Mar-22
MEADOWS @ PEIRCE,UPPER THOMSON ROAD,26,Non-Landed Properties,1,"2,000",50 to 60,600 to 700,Mar-22
HONG HENG MANSIONS,SEMBAWANG ROAD,26,Non-Landed Properties,3,"2,400",120 to 130,"1,300 to 1,400",Mar-22
SEASONS PARK,YIO CHU KANG ROAD,26,Non-Landed Properties,2,"3,000",100 to 110,"1,100 to 1,200",Mar-22
CASTLE GREEN,YIO CHU KANG ROAD,26,Non-Landed Properties,2,"2,500",80 to 90,"900 to 1,000",Mar-22
SEASONS PARK,YIO CHU KANG ROAD,26,Non-Landed Properties,3,"3,150",110 to 120,"1,200 to 1,300",Mar-22
THE CALROSE,YIO CHU KANG ROAD,26,Non-Landed Properties,4,"4,600",130 to 140,"1,400 to 1,500",Mar-22
SEASONS PARK,YIO CHU KANG ROAD,26,Non-Landed Properties,2,"2,600",90 to 100,"1,000 to 1,100",Mar-22
CASTLE GREEN,YIO CHU KANG ROAD,26,Non-Landed Properties,2,"2,400",80 to 90,"900 to 1,000",Mar-22
SEASONS PARK,YIO CHU KANG ROAD,26,Non-Landed Properties,2,"2,100",90 to 100,"1,000 to 1,100",Mar-22
BULLION PARK,LENTOR LOOP,26,Non-Landed Properties,3,"4,300",170 to 180,"1,800 to 1,900",Mar-22
CASTLE GREEN,YIO CHU KANG ROAD,26,Non-Landed Properties,3,"3,050",100 to 110,"1,100 to 1,200",Mar-22
CASTLE GREEN,YIO CHU KANG ROAD,26,Non-Landed Properties,2,"2,800",80 to 90,"900 to 1,000",Mar-22
THOMSON GROVE,YIO CHU KANG ROAD,26,Non-Landed Properties,3,"2,500",130 to 140,"1,400 to 1,500",Mar-22
THE BROOKS II,SPRINGSIDE GREEN,26,Non-Landed Properties,2,"2,200",60 to 70,700 to 800,Mar-22
THE BROOKS I,SPRINGSIDE WALK,26,Non-Landed Properties,3,"3,500",90 to 100,"1,000 to 1,100",Mar-22
FOREST HILLS CONDOMINIUM,TRANSIT ROAD,26,Non-Landed Properties,3,"3,400",100 to 110,"1,100 to 1,200",Mar-22
CASTLE GREEN,YIO CHU KANG ROAD,26,Non-Landed Properties,3,"2,600",100 to 110,"1,100 to 1,200",Mar-22
THE CALROSE,YIO CHU KANG ROAD,26,Non-Landed Properties,2,"2,750",100 to 110,"1,100 to 1,200",Mar-22
SEASONS PARK,YIO CHU KANG ROAD,26,Non-Landed Properties,2,"2,500",90 to 100,"1,000 to 1,100",Mar-22
MEADOWS @ PEIRCE,UPPER THOMSON ROAD,26,Non-Landed Properties,3,"2,900",110 to 120,"1,200 to 1,300",Mar-22
BULLION PARK,LENTOR LOOP,26,Non-Landed Properties,2,"2,300",70 to 80,800 to 900,Feb-22
CASTLE GREEN,YIO CHU KANG ROAD,26,Non-Landed Properties,4,"2,800",130 to 140,"1,400 to 1,500",Feb-22
SEASONS PARK,YIO CHU KANG ROAD,26,Non-Landed Properties,2,"3,300",100 to 110,"1,100 to 1,200",Feb-22
MEADOWS @ PEIRCE,UPPER THOMSON ROAD,26,Non-Landed Properties,1,"1,900",50 to 60,600 to 700,Feb-22
BULLION PARK,LENTOR LOOP,26,Non-Landed Properties,2,"2,100",70 to 80,800 to 900,Feb-22
CASTLE GREEN,YIO CHU KANG ROAD,26,Non-Landed Properties,3,"2,800",110 to 120,"1,200 to 1,300",Feb-22
CASTLE GREEN,YIO CHU KANG ROAD,26,Non-Landed Properties,3,"3,800",140 to 150,"1,500 to 1,600",Feb-22
SEASONS PARK,YIO CHU KANG ROAD,26,Non-Landed Properties,2,"3,000",90 to 100,"1,000 to 1,100",Feb-22
NON-LANDED HOUSING DEVELOPMENT,UPPER THOMSON ROAD,26,Non-Landed Properties,NA,"4,000",110 to 120,"1,100 to 1,200",Feb-22
BULLION PARK,LENTOR LOOP,26,Non-Landed Properties,2,"2,000",70 to 80,800 to 900,Feb-22
THE CALROSE,YIO CHU KANG ROAD,26,Non-Landed Properties,3,"3,400",120 to 130,"1,300 to 1,400",Feb-22
SEASONS PARK,YIO CHU KANG ROAD,26,Non-Landed Properties,2,"2,050",100 to 110,"1,100 to 1,200",Feb-22
THE BROOKS II,SPRINGSIDE GREEN,26,Non-Landed Properties,2,"2,800",70 to 80,800 to 900,Feb-22
THOMSON GROVE,YIO CHU KANG ROAD,26,Non-Landed Properties,3,"6,100",260 to 270,"2,800 to 2,900",Feb-22
THE CALROSE,YIO CHU KANG ROAD,26,Non-Landed Properties,2,"2,750",100 to 110,"1,000 to 1,100",Feb-22
BULLION PARK,LENTOR LOOP,26,Non-Landed Properties,2,"1,900",70 to 80,800 to 900,Feb-22
THOMSON GROVE,YIO CHU KANG ROAD,26,Non-Landed Properties,3,"2,500",130 to 140,"1,400 to 1,500",Feb-22
BULLION PARK,LENTOR LOOP,26,Non-Landed Properties,3,"2,750",110 to 120,"1,200 to 1,300",Feb-22
CASTLE GREEN,YIO CHU KANG ROAD,26,Non-Landed Properties,2,"2,200",80 to 90,"900 to 1,000",Feb-22
THE CALROSE,YIO CHU KANG ROAD,26,Non-Landed Properties,4,"4,100",130 to 140,"1,400 to 1,500",Feb-22
CASTLE GREEN,YIO CHU KANG ROAD,26,Non-Landed Properties,2,"2,800",80 to 90,"900 to 1,000",Feb-22
MEADOWS @ PEIRCE,UPPER THOMSON ROAD,26,Non-Landed Properties,1,"2,900",50 to 60,600 to 700,Feb-22
BULLION PARK,LENTOR LOOP,26,Non-Landed Properties,3,"2,500",110 to 120,"1,200 to 1,300",Feb-22
SEASONS PARK,YIO CHU KANG ROAD,26,Non-Landed Properties,2,"2,250",90 to 100,"1,000 to 1,100",Feb-22
BULLION PARK,LENTOR LOOP,26,Non-Landed Properties,2,"2,100",70 to 80,800 to 900,Feb-22
CASTLE GREEN,YIO CHU KANG ROAD,26,Non-Landed Properties,3,"3,000",100 to 110,"1,100 to 1,200",Feb-22
BULLION PARK,LENTOR LOOP,26,Non-Landed Properties,2,"2,100",70 to 80,800 to 900,Jan-22
SEASONS PARK,YIO CHU KANG ROAD,26,Non-Landed Properties,2,"3,300",90 to 100,"1,000 to 1,100",Jan-22
BULLION PARK,LENTOR LOOP,26,Non-Landed Properties,3,"2,600",110 to 120,"1,200 to 1,300",Jan-22
BULLION PARK,LENTOR LOOP,26,Non-Landed Properties,3,"2,900",110 to 120,"1,200 to 1,300",Jan-22
CASTLE GREEN,YIO CHU KANG ROAD,26,Non-Landed Properties,3,"2,900",120 to 130,"1,300 to 1,400",Jan-22
MEADOWS @ PEIRCE,UPPER THOMSON ROAD,26,Non-Landed Properties,3,"3,300",140 to 150,"1,500 to 1,600",Jan-22
CASTLE GREEN,YIO CHU KANG ROAD,26,Non-Landed Properties,2,"2,500",80 to 90,"900 to 1,000",Jan-22
SEASONS PARK,YIO CHU KANG ROAD,26,Non-Landed Properties,4,"6,200",260 to 270,"2,800 to 2,900",Jan-22
THE CALROSE,YIO CHU KANG ROAD,26,Non-Landed Properties,4,"4,000",130 to 140,"1,400 to 1,500",Jan-22
CASTLE GREEN,YIO CHU KANG ROAD,26,Non-Landed Properties,3,"2,700",110 to 120,"1,200 to 1,300",Jan-22
THOMSON GROVE,YIO CHU KANG ROAD,26,Non-Landed Properties,3,"2,700",130 to 140,"1,400 to 1,500",Jan-22
THE BROOKS II,SPRINGSIDE GREEN,26,Non-Landed Properties,2,"2,700",60 to 70,700 to 800,Jan-22
BULLION PARK,LENTOR LOOP,26,Non-Landed Properties,2,"2,750",70 to 80,800 to 900,Jan-22
MEADOWS @ PEIRCE,UPPER THOMSON ROAD,26,Non-Landed Properties,3,"3,800",160 to 170,"1,700 to 1,800",Jan-22
MEADOWS @ PEIRCE,UPPER THOMSON ROAD,26,Non-Landed Properties,3,"4,050",200 to 210,"2,200 to 2,300",Jan-22
NON-LANDED HOUSING DEVELOPMENT,UPPER THOMSON ROAD,26,Non-Landed Properties,NA,"2,700",120 to 130,"1,300 to 1,400",Jan-22
MEADOWS @ PEIRCE,UPPER THOMSON ROAD,26,Non-Landed Properties,1,"2,200",50 to 60,600 to 700,Jan-22
NON-LANDED HOUSING DEVELOPMENT,UPPER THOMSON ROAD,26,Non-Landed Properties,NA,"15,000",250 to 260,"2,700 to 2,800",Jan-22
MEADOWS @ PEIRCE,UPPER THOMSON ROAD,26,Non-Landed Properties,1,"2,200",50 to 60,600 to 700,Jan-22
CASTLE GREEN,YIO CHU KANG ROAD,26,Non-Landed Properties,3,"2,500",100 to 110,"1,100 to 1,200",Jan-22
THE CALROSE,YIO CHU KANG ROAD,26,Non-Landed Properties,2,"2,850",100 to 110,"1,100 to 1,200",Jan-22
THE BROOKS II,SPRINGSIDE GREEN,26,Non-Landed Properties,2,"2,900",60 to 70,700 to 800,Jan-22
THE CALROSE,YIO CHU KANG ROAD,26,Non-Landed Properties,3,"3,400",120 to 130,"1,300 to 1,400",Jan-22
MEADOWS @ PEIRCE,UPPER THOMSON ROAD,26,Non-Landed Properties,3,"3,300",110 to 120,"1,100 to 1,200",Jan-22
THE CALROSE,YIO CHU KANG ROAD,26,Non-Landed Properties,3,"3,200",100 to 110,"1,100 to 1,200",Jan-22
CASTLE GREEN,YIO CHU KANG ROAD,26,Non-Landed Properties,3,"3,200",100 to 110,"1,100 to 1,200",Jan-22
MEADOWS @ PEIRCE,UPPER THOMSON ROAD,26,Non-Landed Properties,2,"3,000",110 to 120,"1,100 to 1,200",Jan-22
ROOTS @ TRANSIT,TRANSIT ROAD,26,Non-Landed Properties,2,"2,600",60 to 70,600 to 700,Jan-22
SEASONS PARK,YIO CHU KANG ROAD,26,Non-Landed Properties,3,"2,900",110 to 120,"1,200 to 1,300",Jan-22
BULLION PARK,LENTOR LOOP,26,Non-Landed Properties,3,"3,600",200 to 210,"2,200 to 2,300",Jan-22
THOMSON GROVE,YIO CHU KANG ROAD,26,Non-Landed Properties,3,"4,500",200 to 210,"2,100 to 2,200",Jan-22
CASTLE GREEN,YIO CHU KANG ROAD,26,Non-Landed Properties,3,"3,000",100 to 110,"1,100 to 1,200",Jan-22
CASTLE GREEN,YIO CHU KANG ROAD,26,Non-Landed Properties,3,"2,400",80 to 90,"900 to 1,000",Jan-22
CASTLE GREEN,YIO CHU KANG ROAD,26,Non-Landed Properties,2,"2,380",80 to 90,"900 to 1,000",Jan-22
THE CALROSE,YIO CHU KANG ROAD,26,Non-Landed Properties,4,"4,100",130 to 140,"1,400 to 1,500",Jan-22
MEADOWS @ PEIRCE,UPPER THOMSON ROAD,26,Non-Landed Properties,3,"2,800",110 to 120,"1,100 to 1,200",Jan-22
CASTLE GREEN,YIO CHU KANG ROAD,26,Non-Landed Properties,4,"3,900",130 to 140,"1,400 to 1,500",Jan-22
MEADOWS @ PEIRCE,UPPER THOMSON ROAD,26,Non-Landed Properties,2,"2,900",80 to 90,"900 to 1,000",Jan-22
CASTLE GREEN,YIO CHU KANG ROAD,26,Non-Landed Properties,2,"2,300",80 to 90,"900 to 1,000",Jan-22
BULLION PARK,LENTOR LOOP,26,Non-Landed Properties,2,"2,000",70 to 80,800 to 900,Dec-21
BULLION PARK,LENTOR LOOP,26,Non-Landed Properties,3,"2,700",110 to 120,"1,200 to 1,300",Dec-21
MEADOWS @ PEIRCE,UPPER THOMSON ROAD,26,Non-Landed Properties,4,"5,000",170 to 180,"1,800 to 1,900",Dec-21
THE CALROSE,YIO CHU KANG ROAD,26,Non-Landed Properties,2,"3,000",100 to 110,"1,100 to 1,200",Dec-21
BULLION PARK,LENTOR LOOP,26,Non-Landed Properties,2,"2,200",70 to 80,800 to 900,Dec-21
ROOTS @ TRANSIT,TRANSIT ROAD,26,Non-Landed Properties,2,"3,000",50 to 60,500 to 600,Dec-21
THE CALROSE,YIO CHU KANG ROAD,26,Non-Landed Properties,4,"4,200",140 to 150,"1,500 to 1,600",Dec-21
MEADOWS @ PEIRCE,UPPER THOMSON ROAD,26,Non-Landed Properties,1,"2,100",50 to 60,600 to 700,Dec-21
CASTLE GREEN,YIO CHU KANG ROAD,26,Non-Landed Properties,2,"2,250",80 to 90,"900 to 1,000",Dec-21
FOREST HILLS CONDOMINIUM,TRANSIT ROAD,26,Non-Landed Properties,3,"3,500",100 to 110,"1,100 to 1,200",Dec-21
CASTLE GREEN,YIO CHU KANG ROAD,26,Non-Landed Properties,4,"3,000",130 to 140,"1,400 to 1,500",Dec-21
CASTLE GREEN,YIO CHU KANG ROAD,26,Non-Landed Properties,2,"2,200",80 to 90,"900 to 1,000",Dec-21
SEASONS PARK,YIO CHU KANG ROAD,26,Non-Landed Properties,2,"2,800",100 to 110,"1,100 to 1,200",Dec-21
CASTLE GREEN,YIO CHU KANG ROAD,26,Non-Landed Properties,2,"2,100",80 to 90,"900 to 1,000",Dec-21
THE CALROSE,YIO CHU KANG ROAD,26,Non-Landed Properties,3,"3,400",110 to 120,"1,200 to 1,300",Dec-21
BULLION PARK,LENTOR LOOP,26,Non-Landed Properties,2,"2,400",70 to 80,800 to 900,Dec-21
MEADOWS @ PEIRCE,UPPER THOMSON ROAD,26,Non-Landed Properties,4,"4,800",170 to 180,"1,800 to 1,900",Dec-21
CASTLE GREEN,YIO CHU KANG ROAD,26,Non-Landed Properties,3,"3,200",100 to 110,"1,100 to 1,200",Dec-21
CASTLE GREEN,YIO CHU KANG ROAD,26,Non-Landed Properties,2,"2,700",80 to 90,"900 to 1,000",Dec-21
THE CALROSE,YIO CHU KANG ROAD,26,Non-Landed Properties,2,"2,900",100 to 110,"1,000 to 1,100",Dec-21
MEADOWS @ PEIRCE,UPPER THOMSON ROAD,26,Non-Landed Properties,3,"2,900",110 to 120,"1,100 to 1,200",Dec-21
SEASONS PARK,YIO CHU KANG ROAD,26,Non-Landed Properties,2,"2,400",90 to 100,"1,000 to 1,100",Dec-21
CASTLE GREEN,YIO CHU KANG ROAD,26,Non-Landed Properties,2,"2,300",80 to 90,"900 to 1,000",Dec-21
CASTLE GREEN,YIO CHU KANG ROAD,26,Non-Landed Properties,2,"2,100",80 to 90,"900 to 1,000",Dec-21
BULLION PARK,LENTOR LOOP,26,Non-Landed Properties,2,"2,400",70 to 80,800 to 900,Dec-21
CASTLE GREEN,YIO CHU KANG ROAD,26,Non-Landed Properties,2,"2,300",80 to 90,"900 to 1,000",Dec-21
CASTLE GREEN,YIO CHU KANG ROAD,26,Non-Landed Properties,2,"2,500",100 to 110,"1,100 to 1,200",Dec-21
BULLION PARK,LENTOR LOOP,26,Non-Landed Properties,3,"2,700",110 to 120,"1,200 to 1,300",Dec-21
MEADOWS @ PEIRCE,UPPER THOMSON ROAD,26,Non-Landed Properties,4,"4,800",280 to 290,"3,000 to 3,100",Dec-21
THE CALROSE,YIO CHU KANG ROAD,26,Non-Landed Properties,4,"4,300",140 to 150,"1,500 to 1,600",Dec-21
MEADOWS @ PEIRCE,UPPER THOMSON ROAD,26,Non-Landed Properties,1,"1,900",50 to 60,600 to 700,Dec-21
CASTLE GREEN,YIO CHU KANG ROAD,26,Non-Landed Properties,2,"2,750",80 to 90,"900 to 1,000",Dec-21
SEASONS PARK,YIO CHU KANG ROAD,26,Non-Landed Properties,2,"2,200",90 to 100,"1,000 to 1,100",Dec-21
MEADOWS @ PEIRCE,UPPER THOMSON ROAD,26,Non-Landed Properties,2,"2,450",80 to 90,"900 to 1,000",Dec-21
ROOTS @ TRANSIT,TRANSIT ROAD,26,Non-Landed Properties,2,"2,500",50 to 60,500 to 600,Dec-21
CASTLE GREEN,YIO CHU KANG ROAD,26,Non-Landed Properties,3,"2,900",100 to 110,"1,100 to 1,200",Dec-21
CASTLE GREEN,YIO CHU KANG ROAD,26,Non-Landed Properties,2,"3,050",80 to 90,"900 to 1,000",Dec-21
BULLION PARK,LENTOR LOOP,26,Non-Landed Properties,3,"3,500",110 to 120,"1,200 to 1,300",Dec-21
CASTLE GREEN,YIO CHU KANG ROAD,26,Non-Landed Properties,3,"2,500",100 to 110,"1,100 to 1,200",Dec-21
THE CALROSE,YIO CHU KANG ROAD,26,Non-Landed Properties,4,"3,200",130 to 140,"1,400 to 1,500",Dec-21
SEASONS PARK,YIO CHU KANG ROAD,26,Non-Landed Properties,2,"2,300",90 to 100,"1,000 to 1,100",Dec-21
HONG HENG MANSIONS,SEMBAWANG ROAD,26,Non-Landed Properties,3,"2,000",120 to 130,"1,300 to 1,400",Dec-21
BULLION PARK,LENTOR LOOP,26,Non-Landed Properties,3,"2,900",110 to 120,"1,200 to 1,300",Dec-21
BULLION PARK,LENTOR LOOP,26,Non-Landed Properties,3,"2,550",110 to 120,"1,200 to 1,300",Dec-21
CASTLE GREEN,YIO CHU KANG ROAD,26,Non-Landed Properties,3,"3,100",100 to 110,"1,100 to 1,200",Nov-21
CASTLE GREEN,YIO CHU KANG ROAD,26,Non-Landed Properties,3,"2,750",100 to 110,"1,100 to 1,200",Nov-21
BULLION PARK,LENTOR LOOP,26,Non-Landed Properties,3,"2,800",110 to 120,"1,200 to 1,300",Nov-21
THOMSON GROVE,YIO CHU KANG ROAD,26,Non-Landed Properties,3,"2,600",130 to 140,"1,400 to 1,500",Nov-21
MEADOWS @ PEIRCE,UPPER THOMSON ROAD,26,Non-Landed Properties,1,"2,100",50 to 60,600 to 700,Nov-21
MEADOWS @ PEIRCE,UPPER THOMSON ROAD,26,Non-Landed Properties,2,"2,450",80 to 90,"900 to 1,000",Nov-21
THE CALROSE,YIO CHU KANG ROAD,26,Non-Landed Properties,3,"3,000",120 to 130,"1,300 to 1,400",Nov-21
FOREST HILLS CONDOMINIUM,TRANSIT ROAD,26,Non-Landed Properties,2,"3,500",90 to 100,"1,000 to 1,100",Nov-21
THE CALROSE,YIO CHU KANG ROAD,26,Non-Landed Properties,3,"2,850",110 to 120,"1,200 to 1,300",Nov-21
CASTLE GREEN,YIO CHU KANG ROAD,26,Non-Landed Properties,4,"3,200",130 to 140,"1,400 to 1,500",Nov-21
SEASONS PARK,YIO CHU KANG ROAD,26,Non-Landed Properties,2,"2,150",90 to 100,"1,000 to 1,100",Nov-21
MEADOWS @ PEIRCE,UPPER THOMSON ROAD,26,Non-Landed Properties,3,"3,300",160 to 170,"1,700 to 1,800",Nov-21
THE CALROSE,YIO CHU KANG ROAD,26,Non-Landed Properties,3,"3,100",100 to 110,"1,100 to 1,200",Nov-21
MEADOWS @ PEIRCE,UPPER THOMSON ROAD,26,Non-Landed Properties,4,"5,700",170 to 180,"1,800 to 1,900",Nov-21
HONG HENG MANSIONS,SEMBAWANG ROAD,26,Non-Landed Properties,3,"2,700",120 to 130,"1,300 to 1,400",Nov-21
BULLION PARK,LENTOR LOOP,26,Non-Landed Properties,3,"2,750",110 to 120,"1,200 to 1,300",Nov-21
THOMSON GROVE,YIO CHU KANG ROAD,26,Non-Landed Properties,3,"2,500",130 to 140,"1,400 to 1,500",Nov-21
BULLION PARK,LENTOR LOOP,26,Non-Landed Properties,3,"2,650",110 to 120,"1,200 to 1,300",Nov-21
MEADOWS @ PEIRCE,UPPER THOMSON ROAD,26,Non-Landed Properties,4,"6,500",280 to 290,"3,000 to 3,100",Nov-21
HONG HENG MANSIONS,SEMBAWANG ROAD,26,Non-Landed Properties,3,"3,000",120 to 130,"1,300 to 1,400",Nov-21
CASTLE GREEN,YIO CHU KANG ROAD,26,Non-Landed Properties,2,"3,000",80 to 90,"900 to 1,000",Nov-21
SEASONS PARK,YIO CHU KANG ROAD,26,Non-Landed Properties,2,"3,000",90 to 100,"1,000 to 1,100",Nov-21
SEASONS PARK,YIO CHU KANG ROAD,26,Non-Landed Properties,2,"2,750",90 to 100,"1,000 to 1,100",Nov-21
ROOTS @ TRANSIT,TRANSIT ROAD,26,Non-Landed Properties,1,"1,900",40 to 50,400 to 500,Nov-21
SEASONS PARK,YIO CHU KANG ROAD,26,Non-Landed Properties,3,"3,200",120 to 130,"1,200 to 1,300",Nov-21
THE CALROSE,YIO CHU KANG ROAD,26,Non-Landed Properties,3,"3,600",120 to 130,"1,300 to 1,400",Nov-21
CASTLE GREEN,YIO CHU KANG ROAD,26,Non-Landed Properties,3,"2,900",110 to 120,"1,200 to 1,300",Nov-21
CASTLE GREEN,YIO CHU KANG ROAD,26,Non-Landed Properties,2,"2,800",80 to 90,"900 to 1,000",Nov-21
BULLION PARK,LENTOR LOOP,26,Non-Landed Properties,2,"2,000",70 to 80,800 to 900,Nov-21
CASTLE GREEN,YIO CHU KANG ROAD,26,Non-Landed Properties,2,"2,400",80 to 90,"900 to 1,000",Nov-21
BULLION PARK,LENTOR LOOP,26,Non-Landed Properties,3,"2,600",110 to 120,"1,200 to 1,300",Nov-21
THE CALROSE,YIO CHU KANG ROAD,26,Non-Landed Properties,3,"3,800",110 to 120,"1,200 to 1,300",Nov-21
CASTLE GREEN,YIO CHU KANG ROAD,26,Non-Landed Properties,3,"3,000",110 to 120,"1,200 to 1,300",Nov-21
THE CALROSE,YIO CHU KANG ROAD,26,Non-Landed Properties,3,"3,200",100 to 110,"1,100 to 1,200",Nov-21
CASTLE GREEN,YIO CHU KANG ROAD,26,Non-Landed Properties,2,"2,500",100 to 110,"1,100 to 1,200",Nov-21
THOMSON GROVE,YIO CHU KANG ROAD,26,Non-Landed Properties,3,"3,300",130 to 140,"1,400 to 1,500",Oct-21
MEADOWS @ PEIRCE,UPPER THOMSON ROAD,26,Non-Landed Properties,3,"3,000",110 to 120,"1,200 to 1,300",Oct-21
MEADOWS @ PEIRCE,UPPER THOMSON ROAD,26,Non-Landed Properties,4,"6,100",250 to 260,"2,700 to 2,800",Oct-21
THE CALROSE,YIO CHU KANG ROAD,26,Non-Landed Properties,3,"2,600",100 to 110,"1,100 to 1,200",Oct-21
MEADOWS @ PEIRCE,UPPER THOMSON ROAD,26,Non-Landed Properties,4,"5,200",280 to 290,"3,000 to 3,100",Oct-21
BULLION PARK,LENTOR LOOP,26,Non-Landed Properties,2,"2,000",70 to 80,800 to 900,Oct-21
FOREST HILLS CONDOMINIUM,TRANSIT ROAD,26,Non-Landed Properties,3,"3,300",140 to 150,"1,500 to 1,600",Oct-21
CASTLE GREEN,YIO CHU KANG ROAD,26,Non-Landed Properties,3,"3,000",100 to 110,"1,100 to 1,200",Oct-21
CASTLE GREEN,YIO CHU KANG ROAD,26,Non-Landed Properties,3,"3,200",100 to 110,"1,100 to 1,200",Oct-21
CASTLE GREEN,YIO CHU KANG ROAD,26,Non-Landed Properties,2,"2,700",80 to 90,"900 to 1,000",Oct-21
BULLION PARK,LENTOR LOOP,26,Non-Landed Properties,2,"2,200",70 to 80,800 to 900,Oct-21
THOMSON GROVE,YIO CHU KANG ROAD,26,Non-Landed Properties,3,"3,100",130 to 140,"1,400 to 1,500",Oct-21
THE CALROSE,YIO CHU KANG ROAD,26,Non-Landed Properties,2,"2,600",90 to 100,"900 to 1,000",Oct-21
MEADOWS @ PEIRCE,UPPER THOMSON ROAD,26,Non-Landed Properties,2,"2,750",110 to 120,"1,100 to 1,200",Oct-21
CASTLE GREEN,YIO CHU KANG ROAD,26,Non-Landed Properties,3,"3,400",100 to 110,"1,100 to 1,200",Oct-21
BULLION PARK,LENTOR LOOP,26,Non-Landed Properties,2,"1,950",70 to 80,800 to 900,Oct-21
BULLION PARK,LENTOR LOOP,26,Non-Landed Properties,2,"2,200",70 to 80,800 to 900,Oct-21
CASTLE GREEN,YIO CHU KANG ROAD,26,Non-Landed Properties,2,"2,500",80 to 90,"900 to 1,000",Oct-21
THE CALROSE,YIO CHU KANG ROAD,26,Non-Landed Properties,4,"3,450",130 to 140,"1,400 to 1,500",Oct-21
BULLION PARK,LENTOR LOOP,26,Non-Landed Properties,2,"2,150",70 to 80,800 to 900,Oct-21
SEASONS PARK,YIO CHU KANG ROAD,26,Non-Landed Properties,3,"2,900",110 to 120,"1,200 to 1,300",Oct-21
MEADOWS @ PEIRCE,UPPER THOMSON ROAD,26,Non-Landed Properties,2,"2,500",80 to 90,"900 to 1,000",Oct-21
THOMSON GROVE,YIO CHU KANG ROAD,26,Non-Landed Properties,3,"3,000",130 to 140,"1,400 to 1,500",Oct-21
THE CALROSE,YIO CHU KANG ROAD,26,Non-Landed Properties,4,"3,400",130 to 140,"1,400 to 1,500",Oct-21
CASTLE GREEN,YIO CHU KANG ROAD,26,Non-Landed Properties,4,"2,700",130 to 140,"1,400 to 1,500",Oct-21
BULLION PARK,LENTOR LOOP,26,Non-Landed Properties,2,"2,200",70 to 80,800 to 900,Oct-21
HONG HENG MANSIONS,SEMBAWANG ROAD,26,Non-Landed Properties,3,"2,600",110 to 120,"1,200 to 1,300",Oct-21
FOREST HILLS CONDOMINIUM,TRANSIT ROAD,26,Non-Landed Properties,3,"3,500",100 to 110,"1,100 to 1,200",Oct-21
BULLION PARK,LENTOR LOOP,26,Non-Landed Properties,2,"2,300",70 to 80,800 to 900,Oct-21
BULLION PARK,LENTOR LOOP,26,Non-Landed Properties,2,"2,350",70 to 80,800 to 900,Oct-21
SPRINGLEAF GARDEN,THONG SOON AVENUE,26,Non-Landed Properties,NA,"2,500",160 to 170,"1,700 to 1,800",Oct-21
CASTLE GREEN,YIO CHU KANG ROAD,26,Non-Landed Properties,2,"2,050",100 to 110,"1,100 to 1,200",Oct-21
BULLION PARK,LENTOR LOOP,26,Non-Landed Properties,3,"2,800",110 to 120,"1,200 to 1,300",Oct-21
MEADOWS @ PEIRCE,UPPER THOMSON ROAD,26,Non-Landed Properties,3,"5,500",200 to 210,"2,200 to 2,300",Oct-21
SEASONS PARK,YIO CHU KANG ROAD,26,Non-Landed Properties,2,"2,300",100 to 110,"1,100 to 1,200",Oct-21
SEASONS PARK,YIO CHU KANG ROAD,26,Non-Landed Properties,3,"2,700",110 to 120,"1,200 to 1,300",Oct-21
MEADOWS @ PEIRCE,UPPER THOMSON ROAD,26,Non-Landed Properties,3,"3,200",200 to 210,"2,200 to 2,300",Oct-21
SEASONS PARK,YIO CHU KANG ROAD,26,Non-Landed Properties,2,"2,600",90 to 100,"1,000 to 1,100",Oct-21
BULLION PARK,LENTOR LOOP,26,Non-Landed Properties,3,"2,600",110 to 120,"1,200 to 1,300",Sep-21
CASTLE GREEN,YIO CHU KANG ROAD,26,Non-Landed Properties,2,"2,600",80 to 90,"900 to 1,000",Sep-21
MEADOWS @ PEIRCE,UPPER THOMSON ROAD,26,Non-Landed Properties,2,"2,500",80 to 90,"900 to 1,000",Sep-21
THE CALROSE,YIO CHU KANG ROAD,26,Non-Landed Properties,2,"2,650",90 to 100,"900 to 1,000",Sep-21
SEASONS PARK,YIO CHU KANG ROAD,26,Non-Landed Properties,2,"2,600",90 to 100,"1,000 to 1,100",Sep-21
BULLION PARK,LENTOR LOOP,26,Non-Landed Properties,3,"2,800",110 to 120,"1,200 to 1,300",Sep-21
HONG HENG MANSIONS,SEMBAWANG ROAD,26,Non-Landed Properties,3,"2,600",110 to 120,"1,200 to 1,300",Sep-21
MEADOWS @ PEIRCE,UPPER THOMSON ROAD,26,Non-Landed Properties,1,"2,000",50 to 60,600 to 700,Sep-21
MEADOWS @ PEIRCE,UPPER THOMSON ROAD,26,Non-Landed Properties,2,"2,700",80 to 90,"900 to 1,000",Sep-21
THE CALROSE,YIO CHU KANG ROAD,26,Non-Landed Properties,4,"3,200",130 to 140,"1,400 to 1,500",Sep-21
THE BROOKS II,SPRINGSIDE GREEN,26,Non-Landed Properties,2,"3,600",100 to 110,"1,100 to 1,200",Sep-21
MEADOWS @ PEIRCE,UPPER THOMSON ROAD,26,Non-Landed Properties,1,"2,200",50 to 60,600 to 700,Sep-21
MEADOWS @ PEIRCE,UPPER THOMSON ROAD,26,Non-Landed Properties,3,"3,380",140 to 150,"1,500 to 1,600",Sep-21
CASTLE GREEN,YIO CHU KANG ROAD,26,Non-Landed Properties,2,"2,500",80 to 90,"900 to 1,000",Sep-21
CASTLE GREEN,YIO CHU KANG ROAD,26,Non-Landed Properties,2,"2,250",80 to 90,"900 to 1,000",Sep-21
BULLION PARK,LENTOR LOOP,26,Non-Landed Properties,3,"2,500",110 to 120,"1,200 to 1,300",Sep-21
BULLION PARK,LENTOR LOOP,26,Non-Landed Properties,3,"2,600",110 to 120,"1,200 to 1,300",Sep-21
CASTLE GREEN,YIO CHU KANG ROAD,26,Non-Landed Properties,4,"2,800",130 to 140,"1,400 to 1,500",Sep-21
BULLION PARK,LENTOR LOOP,26,Non-Landed Properties,3,"3,550",150 to 160,"1,600 to 1,700",Sep-21
ROOTS @ TRANSIT,TRANSIT ROAD,26,Non-Landed Properties,2,"2,300",50 to 60,500 to 600,Sep-21
CASTLE GREEN,YIO CHU KANG ROAD,26,Non-Landed Properties,2,"2,500",80 to 90,"900 to 1,000",Sep-21
FOREST HILLS CONDOMINIUM,TRANSIT ROAD,26,Non-Landed Properties,2,"3,200",120 to 130,"1,300 to 1,400",Sep-21
CASTLE GREEN,YIO CHU KANG ROAD,26,Non-Landed Properties,2,"2,400",80 to 90,"900 to 1,000",Sep-21
MEADOWS @ PEIRCE,UPPER THOMSON ROAD,26,Non-Landed Properties,3,"3,475",130 to 140,"1,400 to 1,500",Sep-21
HONG HENG MANSIONS,SEMBAWANG ROAD,26,Non-Landed Properties,3,"2,200",110 to 120,"1,200 to 1,300",Sep-21
THE BROOKS I,SPRINGSIDE WALK,26,Non-Landed Properties,2,"2,800",100 to 110,"1,100 to 1,200",Sep-21
FOREST HILLS CONDOMINIUM,TRANSIT ROAD,26,Non-Landed Properties,3,"2,300",100 to 110,"1,100 to 1,200",Sep-21
MEADOWS @ PEIRCE,UPPER THOMSON ROAD,26,Non-Landed Properties,3,"2,800",110 to 120,"1,100 to 1,200",Sep-21
THE CALROSE,YIO CHU KANG ROAD,26,Non-Landed Properties,4,"4,600",130 to 140,"1,400 to 1,500",Sep-21
MEADOWS @ PEIRCE,UPPER THOMSON ROAD,26,Non-Landed Properties,3,"2,600",110 to 120,"1,200 to 1,300",Sep-21
BULLION PARK,LENTOR LOOP,26,Non-Landed Properties,3,"3,800",170 to 180,"1,800 to 1,900",Sep-21
THE CALROSE,YIO CHU KANG ROAD,26,Non-Landed Properties,3,"2,800",110 to 120,"1,200 to 1,300",Sep-21
THOMSON GROVE,YIO CHU KANG ROAD,26,Non-Landed Properties,3,"2,700",130 to 140,"1,400 to 1,500",Sep-21
THE CALROSE,YIO CHU KANG ROAD,26,Non-Landed Properties,3,"2,900",130 to 140,"1,400 to 1,500",Sep-21
MEADOWS @ PEIRCE,UPPER THOMSON ROAD,26,Non-Landed Properties,4,"3,800",170 to 180,"1,800 to 1,900",Sep-21
HONG HENG GARDEN,SEMBAWANG ROAD,26,Non-Landed Properties,NA,"2,300",170 to 180,"1,800 to 1,900",Sep-21
THE CALROSE,YIO CHU KANG ROAD,26,Non-Landed Properties,3,"3,000",100 to 110,"1,100 to 1,200",Sep-21
BULLION PARK,LENTOR LOOP,26,Non-Landed Properties,2,"2,300",70 to 80,800 to 900,Sep-21
THOMSON GROVE,YIO CHU KANG ROAD,26,Non-Landed Properties,3,"2,950",130 to 140,"1,400 to 1,500",Sep-21
MEADOWS @ PEIRCE,UPPER THOMSON ROAD,26,Non-Landed Properties,5,"5,600",230 to 240,"2,400 to 2,500",Sep-21
THOMSON GROVE,YIO CHU KANG ROAD,26,Non-Landed Properties,3,"2,550",140 to 150,"1,500 to 1,600",Sep-21
SEASONS PARK,YIO CHU KANG ROAD,26,Non-Landed Properties,3,"3,500",110 to 120,"1,200 to 1,300",Aug-21
SEASONS PARK,YIO CHU KANG ROAD,26,Non-Landed Properties,3,"3,200",110 to 120,"1,200 to 1,300",Aug-21
BULLION PARK,LENTOR LOOP,26,Non-Landed Properties,2,"2,200",70 to 80,800 to 900,Aug-21
BULLION PARK,LENTOR LOOP,26,Non-Landed Properties,3,"2,800",110 to 120,"1,200 to 1,300",Aug-21
THE CALROSE,YIO CHU KANG ROAD,26,Non-Landed Properties,4,"3,450",130 to 140,"1,400 to 1,500",Aug-21
NON-LANDED HOUSING DEVELOPMENT,SEMBAWANG ROAD,26,Non-Landed Properties,NA,"2,100",90 to 100,"1,000 to 1,100",Aug-21
SEASONS PARK,YIO CHU KANG ROAD,26,Non-Landed Properties,2,"2,600",90 to 100,"1,000 to 1,100",Aug-21
BULLION PARK,LENTOR LOOP,26,Non-Landed Properties,3,"2,300",110 to 120,"1,200 to 1,300",Aug-21
BULLION PARK,LENTOR LOOP,26,Non-Landed Properties,3,"2,200",110 to 120,"1,200 to 1,300",Aug-21
MEADOWS @ PEIRCE,UPPER THOMSON ROAD,26,Non-Landed Properties,1,"1,850",50 to 60,600 to 700,Aug-21
MEADOWS @ PEIRCE,UPPER THOMSON ROAD,26,Non-Landed Properties,3,"3,850",200 to 210,"2,200 to 2,300",Aug-21
MEADOWS @ PEIRCE,UPPER THOMSON ROAD,26,Non-Landed Properties,3,"2,800",110 to 120,"1,200 to 1,300",Aug-21
THE CALROSE,YIO CHU KANG ROAD,26,Non-Landed Properties,3,"3,100",110 to 120,"1,200 to 1,300",Aug-21
CASTLE GREEN,YIO CHU KANG ROAD,26,Non-Landed Properties,2,"2,500",100 to 110,"1,100 to 1,200",Aug-21
BULLION PARK,LENTOR LOOP,26,Non-Landed Properties,2,"2,000",70 to 80,800 to 900,Aug-21
MEADOWS @ PEIRCE,UPPER THOMSON ROAD,26,Non-Landed Properties,2,"2,300",80 to 90,"900 to 1,000",Aug-21
THOMSON GROVE,YIO CHU KANG ROAD,26,Non-Landed Properties,3,"2,300",140 to 150,"1,500 to 1,600",Aug-21
BULLION PARK,LENTOR LOOP,26,Non-Landed Properties,3,"2,650",110 to 120,"1,200 to 1,300",Aug-21
BULLION PARK,LENTOR LOOP,26,Non-Landed Properties,2,"1,900",70 to 80,800 to 900,Aug-21
THE CALROSE,YIO CHU KANG ROAD,26,Non-Landed Properties,3,"2,700",110 to 120,"1,200 to 1,300",Aug-21
SEASONS PARK,YIO CHU KANG ROAD,26,Non-Landed Properties,2,"2,150",90 to 100,"1,000 to 1,100",Aug-21
CASTLE GREEN,YIO CHU KANG ROAD,26,Non-Landed Properties,3,"3,000",100 to 110,"1,100 to 1,200",Aug-21
CASTLE GREEN,YIO CHU KANG ROAD,26,Non-Landed Properties,3,"2,800",100 to 110,"1,100 to 1,200",Aug-21
THOMSON GROVE,YIO CHU KANG ROAD,26,Non-Landed Properties,3,"3,100",130 to 140,"1,400 to 1,500",Aug-21
BULLION PARK,LENTOR LOOP,26,Non-Landed Properties,2,"1,950",70 to 80,800 to 900,Aug-21
CASTLE GREEN,YIO CHU KANG ROAD,26,Non-Landed Properties,2,"2,000",80 to 90,"900 to 1,000",Aug-21
MEADOWS @ PEIRCE,UPPER THOMSON ROAD,26,Non-Landed Properties,2,"2,400",80 to 90,"900 to 1,000",Aug-21
BULLION PARK,LENTOR LOOP,26,Non-Landed Properties,3,"2,600",110 to 120,"1,200 to 1,300",Aug-21
BULLION PARK,LENTOR LOOP,26,Non-Landed Properties,3,"2,650",110 to 120,"1,200 to 1,300",Aug-21
MEADOWS @ PEIRCE,UPPER THOMSON ROAD,26,Non-Landed Properties,3,"3,100",130 to 140,"1,400 to 1,500",Aug-21
CASTLE GREEN,YIO CHU KANG ROAD,26,Non-Landed Properties,3,"3,000",100 to 110,"1,100 to 1,200",Aug-21
CASTLE GREEN,YIO CHU KANG ROAD,26,Non-Landed Properties,2,"2,600",100 to 110,"1,100 to 1,200",Aug-21
CASTLE GREEN,YIO CHU KANG ROAD,26,Non-Landed Properties,4,"3,300",130 to 140,"1,400 to 1,500",Aug-21
BULLION PARK,LENTOR LOOP,26,Non-Landed Properties,3,"2,600",110 to 120,"1,200 to 1,300",Aug-21
BULLION PARK,LENTOR LOOP,26,Non-Landed Properties,3,"2,850",110 to 120,"1,200 to 1,300",Aug-21
TEACHER'S HOUSING ESTATE,KALIDASA AVENUE,26,Non-Landed Properties,NA,"2,800",110 to 120,"1,100 to 1,200",Aug-21
SEASONS PARK,YIO CHU KANG ROAD,26,Non-Landed Properties,3,"2,500",120 to 130,"1,200 to 1,300",Aug-21
BULLION PARK,LENTOR LOOP,26,Non-Landed Properties,3,"2,100",110 to 120,"1,200 to 1,300",Aug-21
THE BROOKS II,SPRINGSIDE GREEN,26,Non-Landed Properties,2,"2,500",70 to 80,800 to 900,Jul-21
MEADOWS @ PEIRCE,UPPER THOMSON ROAD,26,Non-Landed Properties,3,"2,800",110 to 120,"1,200 to 1,300",Jul-21
BULLION PARK,LENTOR LOOP,26,Non-Landed Properties,3,"2,200",110 to 120,"1,200 to 1,300",Jul-21
MEADOWS @ PEIRCE,UPPER THOMSON ROAD,26,Non-Landed Properties,3,"3,500",160 to 170,"1,700 to 1,800",Jul-21
CASTLE GREEN,YIO CHU KANG ROAD,26,Non-Landed Properties,2,"2,400",80 to 90,"900 to 1,000",Jul-21
MEADOWS @ PEIRCE,UPPER THOMSON ROAD,26,Non-Landed Properties,4,"4,750",250 to 260,"2,700 to 2,800",Jul-21
BULLION PARK,LENTOR LOOP,26,Non-Landed Properties,3,"3,300",110 to 120,"1,200 to 1,300",Jul-21
THE CALROSE,YIO CHU KANG ROAD,26,Non-Landed Properties,3,"2,800",110 to 120,"1,200 to 1,300",Jul-21
MEADOWS @ PEIRCE,UPPER THOMSON ROAD,26,Non-Landed Properties,2,"2,500",80 to 90,"900 to 1,000",Jul-21
MEADOWS @ PEIRCE,UPPER THOMSON ROAD,26,Non-Landed Properties,1,"2,000",50 to 60,600 to 700,Jul-21
BULLION PARK,LENTOR LOOP,26,Non-Landed Properties,2,"1,950",70 to 80,800 to 900,Jul-21
MEADOWS @ PEIRCE,UPPER THOMSON ROAD,26,Non-Landed Properties,2,"2,850",80 to 90,"900 to 1,000",Jul-21
THOMSON GROVE,YIO CHU KANG ROAD,26,Non-Landed Properties,3,"2,500",140 to 150,"1,500 to 1,600",Jul-21
SEASONS PARK,YIO CHU KANG ROAD,26,Non-Landed Properties,3,"2,650",110 to 120,"1,200 to 1,300",Jul-21
MEADOWS @ PEIRCE,UPPER THOMSON ROAD,26,Non-Landed Properties,3,"2,550",110 to 120,"1,100 to 1,200",Jul-21
MEADOWS @ PEIRCE,UPPER THOMSON ROAD,26,Non-Landed Properties,2,"2,300",90 to 100,"900 to 1,000",Jul-21
BULLION PARK,LENTOR LOOP,26,Non-Landed Properties,2,"2,100",70 to 80,800 to 900,Jul-21
THE CALROSE,YIO CHU KANG ROAD,26,Non-Landed Properties,2,"2,400",90 to 100,"900 to 1,000",Jul-21
BULLION PARK,LENTOR LOOP,26,Non-Landed Properties,2,"2,100",70 to 80,800 to 900,Jul-21
MEADOWS @ PEIRCE,UPPER THOMSON ROAD,26,Non-Landed Properties,5,"6,800",230 to 240,"2,500 to 2,600",Jul-21
BULLION PARK,LENTOR LOOP,26,Non-Landed Properties,2,"2,050",70 to 80,800 to 900,Jul-21
THE CALROSE,YIO CHU KANG ROAD,26,Non-Landed Properties,2,"2,300",80 to 90,"900 to 1,000",Jul-21
MEADOWS @ PEIRCE,UPPER THOMSON ROAD,26,Non-Landed Properties,3,"3,900",160 to 170,"1,700 to 1,800",Jul-21
CASTLE GREEN,YIO CHU KANG ROAD,26,Non-Landed Properties,3,"2,500",100 to 110,"1,100 to 1,200",Jul-21
NON-LANDED HOUSING DEVELOPMENT,UPPER THOMSON ROAD,26,Non-Landed Properties,NA,"2,550",160 to 170,"1,700 to 1,800",Jul-21
BULLION PARK,LENTOR LOOP,26,Non-Landed Properties,3,"2,900",110 to 120,"1,200 to 1,300",Jul-21
BULLION PARK,LENTOR LOOP,26,Non-Landed Properties,2,"2,200",70 to 80,800 to 900,Jul-21
MEADOWS @ PEIRCE,UPPER THOMSON ROAD,26,Non-Landed Properties,3,"3,500",200 to 210,"2,200 to 2,300",Jul-21
SEASONS PARK,YIO CHU KANG ROAD,26,Non-Landed Properties,2,"1,900",90 to 100,"1,000 to 1,100",Jul-21
THE CALROSE,YIO CHU KANG ROAD,26,Non-Landed Properties,3,"2,800",110 to 120,"1,200 to 1,300",Jul-21
MEADOWS @ PEIRCE,UPPER THOMSON ROAD,26,Non-Landed Properties,4,"4,350",190 to 200,"2,000 to 2,100",Jul-21
SEASONS PARK,YIO CHU KANG ROAD,26,Non-Landed Properties,3,"2,500",120 to 130,"1,200 to 1,300",Jul-21
THE BROOKS II,SPRINGSIDE GREEN,26,Non-Landed Properties,1,"2,300",50 to 60,500 to 600,Jul-21
THOMSON GROVE,YIO CHU KANG ROAD,26,Non-Landed Properties,3,"2,400",130 to 140,"1,400 to 1,500",Jul-21
MEADOWS @ PEIRCE,UPPER THOMSON ROAD,26,Non-Landed Properties,4,"4,800",250 to 260,"2,700 to 2,800",Jul-21
BULLION PARK,LENTOR LOOP,26,Non-Landed Properties,2,"2,100",70 to 80,800 to 900,Jul-21
SEASONS PARK,YIO CHU KANG ROAD,26,Non-Landed Properties,1,"1,800",100 to 110,"1,000 to 1,100",Jun-21
BULLION PARK,LENTOR LOOP,26,Non-Landed Properties,2,"2,250",70 to 80,800 to 900,Jun-21
CASTLE GREEN,YIO CHU KANG ROAD,26,Non-Landed Properties,2,"2,100",80 to 90,"900 to 1,000",Jun-21
BULLION PARK,LENTOR LOOP,26,Non-Landed Properties,2,"2,500",70 to 80,800 to 900,Jun-21
THE CALROSE,YIO CHU KANG ROAD,26,Non-Landed Properties,4,"4,100",130 to 140,"1,400 to 1,500",Jun-21
CASTLE GREEN,YIO CHU KANG ROAD,26,Non-Landed Properties,4,"3,000",130 to 140,"1,400 to 1,500",Jun-21
THE CALROSE,YIO CHU KANG ROAD,26,Non-Landed Properties,3,"3,500",110 to 120,"1,200 to 1,300",Jun-21
CASTLE GREEN,YIO CHU KANG ROAD,26,Non-Landed Properties,2,"2,300",120 to 130,"1,300 to 1,400",Jun-21
THOMSON GROVE,YIO CHU KANG ROAD,26,Non-Landed Properties,3,"2,400",130 to 140,"1,400 to 1,500",Jun-21
THOMSON GROVE,YIO CHU KANG ROAD,26,Non-Landed Properties,3,"6,000",260 to 270,"2,800 to 2,900",Jun-21
CASTLE GREEN,YIO CHU KANG ROAD,26,Non-Landed Properties,2,"2,100",80 to 90,"900 to 1,000",Jun-21
THE CALROSE,YIO CHU KANG ROAD,26,Non-Landed Properties,2,"2,550",100 to 110,"1,100 to 1,200",Jun-21
MEADOWS @ PEIRCE,UPPER THOMSON ROAD,26,Non-Landed Properties,2,"2,950",110 to 120,"1,100 to 1,200",Jun-21
CASTLE GREEN,YIO CHU KANG ROAD,26,Non-Landed Properties,2,"2,130",80 to 90,"900 to 1,000",Jun-21
TEACHER'S HOUSING ESTATE,KALIDASA AVENUE,26,Non-Landed Properties,NA,"2,500",110 to 120,"1,100 to 1,200",Jun-21
HONG HENG MANSIONS,SEMBAWANG ROAD,26,Non-Landed Properties,3,"1,900",80 to 90,"900 to 1,000",Jun-21
CASTLE GREEN,YIO CHU KANG ROAD,26,Non-Landed Properties,2,"2,350",80 to 90,"900 to 1,000",Jun-21
SEASONS PARK,YIO CHU KANG ROAD,26,Non-Landed Properties,3,"2,400",120 to 130,"1,200 to 1,300",Jun-21
MEADOWS @ PEIRCE,UPPER THOMSON ROAD,26,Non-Landed Properties,4,"5,000",170 to 180,"1,800 to 1,900",Jun-21
THE CALROSE,YIO CHU KANG ROAD,26,Non-Landed Properties,3,"2,900",120 to 130,"1,300 to 1,400",Jun-21
BULLION PARK,LENTOR LOOP,26,Non-Landed Properties,3,"2,600",110 to 120,"1,200 to 1,300",Jun-21
THOMSON GROVE,YIO CHU KANG ROAD,26,Non-Landed Properties,3,"2,200",130 to 140,"1,400 to 1,500",Jun-21
HONG HENG MANSIONS,SEMBAWANG ROAD,26,Non-Landed Properties,3,"1,900",80 to 90,"900 to 1,000",Jun-21
MEADOWS @ PEIRCE,UPPER THOMSON ROAD,26,Non-Landed Properties,1,"2,200",50 to 60,600 to 700,Jun-21
FOREST HILLS CONDOMINIUM,TRANSIT ROAD,26,Non-Landed Properties,3,"2,800",110 to 120,"1,200 to 1,300",Jun-21
CASTLE GREEN,YIO CHU KANG ROAD,26,Non-Landed Properties,2,"2,300",80 to 90,"900 to 1,000",Jun-21
THOMSON GROVE,YIO CHU KANG ROAD,26,Non-Landed Properties,3,"2,650",130 to 140,"1,400 to 1,500",Jun-21
BULLION PARK,LENTOR LOOP,26,Non-Landed Properties,3,"2,600",110 to 120,"1,200 to 1,300",Jun-21
BULLION PARK,LENTOR LOOP,26,Non-Landed Properties,3,"2,900",110 to 120,"1,200 to 1,300",Jun-21
THOMSON GROVE,YIO CHU KANG ROAD,26,Non-Landed Properties,3,"3,100",130 to 140,"1,400 to 1,500",Jun-21
HONG HENG MANSIONS,SEMBAWANG ROAD,26,Non-Landed Properties,3,"1,900",80 to 90,"900 to 1,000",Jun-21
THE CALROSE,YIO CHU KANG ROAD,26,Non-Landed Properties,4,"3,300",130 to 140,"1,400 to 1,500",Jun-21
BULLION PARK,LENTOR LOOP,26,Non-Landed Properties,3,"2,600",110 to 120,"1,200 to 1,300",Jun-21
THOMSON GROVE,YIO CHU KANG ROAD,26,Non-Landed Properties,3,"2,600",130 to 140,"1,400 to 1,500",Jun-21
MEADOWS @ PEIRCE,UPPER THOMSON ROAD,26,Non-Landed Properties,4,"4,600",170 to 180,"1,800 to 1,900",Jun-21
CASTLE GREEN,YIO CHU KANG ROAD,26,Non-Landed Properties,3,"3,000",110 to 120,"1,200 to 1,300",May-21
BULLION PARK,LENTOR LOOP,26,Non-Landed Properties,2,"2,000",70 to 80,800 to 900,May-21
MEADOWS @ PEIRCE,UPPER THOMSON ROAD,26,Non-Landed Properties,5,"4,700",230 to 240,"2,500 to 2,600",May-21
MEADOWS @ PEIRCE,UPPER THOMSON ROAD,26,Non-Landed Properties,1,"2,000",50 to 60,600 to 700,May-21
HONG HENG MANSIONS,SEMBAWANG ROAD,26,Non-Landed Properties,3,"2,600",110 to 120,"1,200 to 1,300",May-21
SEASONS PARK,YIO CHU KANG ROAD,26,Non-Landed Properties,3,"2,500",110 to 120,"1,200 to 1,300",May-21
MEADOWS @ PEIRCE,UPPER THOMSON ROAD,26,Non-Landed Properties,4,"5,000",190 to 200,"2,000 to 2,100",May-21
TEACHER'S HOUSING ESTATE,KALIDASA AVENUE,26,Non-Landed Properties,NA,"2,400",110 to 120,"1,100 to 1,200",May-21
BULLION PARK,LENTOR LOOP,26,Non-Landed Properties,2,"2,250",70 to 80,800 to 900,May-21
BULLION PARK,LENTOR LOOP,26,Non-Landed Properties,2,"2,200",70 to 80,800 to 900,May-21
MEADOWS @ PEIRCE,UPPER THOMSON ROAD,26,Non-Landed Properties,1,"1,900",50 to 60,600 to 700,May-21
CASTLE GREEN,YIO CHU KANG ROAD,26,Non-Landed Properties,3,"2,700",100 to 110,"1,100 to 1,200",May-21
THE BROOKS I,SPRINGSIDE WALK,26,Non-Landed Properties,1,"2,200",50 to 60,500 to 600,May-21
THE CALROSE,YIO CHU KANG ROAD,26,Non-Landed Properties,2,"2,400",100 to 110,"1,100 to 1,200",May-21
BULLION PARK,LENTOR LOOP,26,Non-Landed Properties,2,"2,100",70 to 80,800 to 900,May-21
MEADOWS @ PEIRCE,UPPER THOMSON ROAD,26,Non-Landed Properties,3,"2,750",110 to 120,"1,200 to 1,300",May-21
