Project Name,Transacted Price ($),Area (SQFT),Unit Price ($ PSF),Sale Date,Street Name,Type of Sale,Type of Area,Area (SQM),Unit Price ($ PSM),Nett Price($),Property Type,Number of Units,Tenure,Postal District,Market Segment,Floor Level
TENGAH GARDEN RESIDENCES,"2,296,000","1,022.58","2,245",May-26,TENGAH GARDEN AVENUE,New Sale,Strata,95,"24,168",-,Apartment,1,99 yrs lease commencing from 2025,24,Outside Central Region,06 to 10
TENGAH GARDEN RESIDENCES,"2,204,000","1,033.34","2,133",May-26,TENGAH GARDEN AVENUE,New Sale,Strata,96,"22,958",-,Apartment,1,99 yrs lease commencing from 2025,24,Outside Central Region,06 to 10
TENGAH GARDEN RESIDENCES,"1,238,000",624.31,"1,983",May-26,TENGAH GARDEN AVENUE,New Sale,Strata,58,"21,345",-,Apartment,1,99 yrs lease commencing from 2025,24,Outside Central Region,11 to 15
TENGAH GARDEN RESIDENCES,"1,246,000",624.31,"1,996",May-26,TENGAH GARDEN AVENUE,New Sale,Strata,58,"21,483",-,Apartment,1,99 yrs lease commencing from 2025,24,Outside Central Region,11 to 15
TENGAH GARDEN RESIDENCES,"1,430,000",667.37,"2,143",May-26,TENGAH GARDEN AVENUE,New Sale,Strata,62,"23,065",-,Apartment,1,99 yrs lease commencing from 2025,24,Outside Central Region,06 to 10
TENGAH GARDEN RESIDENCES,"1,562,000",753.48,"2,073",May-26,TENGAH GARDEN AVENUE,New Sale,Strata,70,"22,314",-,Apartment,1,99 yrs lease commencing from 2025,24,Outside Central Region,06 to 10
TENGAH GARDEN RESIDENCES,"1,594,000",753.48,"2,116",May-26,TENGAH GARDEN AVENUE,New Sale,Strata,70,"22,771",-,Apartment,1,99 yrs lease commencing from 2025,24,Outside Central Region,06 to 10
TENGAH GARDEN RESIDENCES,"1,525,000",753.48,"2,024",May-26,TENGAH GARDEN AVENUE,New Sale,Strata,70,"21,786",-,Apartment,1,99 yrs lease commencing from 2025,24,Outside Central Region,06 to 10
TENGAH GARDEN RESIDENCES,"2,792,000","1,259.39","2,217",May-26,TENGAH GARDEN AVENUE,New Sale,Strata,117,"23,863",-,Apartment,1,99 yrs lease commencing from 2025,24,Outside Central Region,06 to 10
TENGAH GARDEN RESIDENCES,"2,863,000","1,259.39","2,273",May-26,TENGAH GARDEN AVENUE,New Sale,Strata,117,"24,470",-,Apartment,1,99 yrs lease commencing from 2025,24,Outside Central Region,11 to 15
TENGAH GARDEN RESIDENCES,"2,558,000","1,140.98","2,242",May-26,TENGAH GARDEN AVENUE,New Sale,Strata,106,"24,132",-,Apartment,1,99 yrs lease commencing from 2025,24,Outside Central Region,11 to 15
TENGAH GARDEN RESIDENCES,"1,924,000",904.18,"2,128",May-26,TENGAH GARDEN AVENUE,New Sale,Strata,84,"22,905",-,Apartment,1,99 yrs lease commencing from 2025,24,Outside Central Region,06 to 10
TENGAH GARDEN RESIDENCES,"2,318,000","1,033.34","2,243",May-26,TENGAH GARDEN AVENUE,New Sale,Strata,96,"24,146",-,Apartment,1,99 yrs lease commencing from 2025,24,Outside Central Region,11 to 15
TENGAH GARDEN RESIDENCES,"2,829,000","1,259.39","2,246",May-26,TENGAH GARDEN AVENUE,New Sale,Strata,117,"24,179",-,Apartment,1,99 yrs lease commencing from 2025,24,Outside Central Region,11 to 15
TENGAH GARDEN RESIDENCES,"2,880,000","1,248.62","2,307",May-26,TENGAH GARDEN AVENUE,New Sale,Strata,116,"24,828",-,Apartment,1,99 yrs lease commencing from 2025,24,Outside Central Region,11 to 15
TENGAH GARDEN RESIDENCES,"2,867,000","1,248.62","2,296",May-26,TENGAH GARDEN AVENUE,New Sale,Strata,116,"24,716",-,Apartment,1,99 yrs lease commencing from 2025,24,Outside Central Region,11 to 15
TENGAH GARDEN RESIDENCES,"2,893,000","1,248.62","2,317",May-26,TENGAH GARDEN AVENUE,New Sale,Strata,116,"24,940",-,Apartment,1,99 yrs lease commencing from 2025,24,Outside Central Region,11 to 15
TENGAH GARDEN RESIDENCES,"2,842,000","1,259.39","2,257",Apr-26,TENGAH GARDEN AVENUE,New Sale,Strata,117,"24,291",-,Apartment,1,99 yrs lease commencing from 2025,24,Outside Central Region,11 to 15
TENGAH GARDEN RESIDENCES,"1,525,000",753.48,"2,024",Apr-26,TENGAH GARDEN AVENUE,New Sale,Strata,70,"21,786",-,Apartment,1,99 yrs lease commencing from 2025,24,Outside Central Region,01 to 05
TENGAH GARDEN RESIDENCES,"2,254,000","1,033.34","2,181",Apr-26,TENGAH GARDEN AVENUE,New Sale,Strata,96,"23,479",-,Apartment,1,99 yrs lease commencing from 2025,24,Outside Central Region,11 to 15
TENGAH GARDEN RESIDENCES,"2,252,000","1,033.34","2,179",Apr-26,TENGAH GARDEN AVENUE,New Sale,Strata,96,"23,458",-,Apartment,1,99 yrs lease commencing from 2025,24,Outside Central Region,11 to 15
TENGAH GARDEN RESIDENCES,"1,282,000",656.6,"1,952",Apr-26,TENGAH GARDEN AVENUE,New Sale,Strata,61,"21,016",-,Apartment,1,99 yrs lease commencing from 2025,24,Outside Central Region,01 to 05
TENGAH GARDEN RESIDENCES,"1,511,000",753.48,"2,005",Apr-26,TENGAH GARDEN AVENUE,New Sale,Strata,70,"21,586",-,Apartment,1,99 yrs lease commencing from 2025,24,Outside Central Region,01 to 05
TENGAH GARDEN RESIDENCES,"1,578,000",753.48,"2,094",Apr-26,TENGAH GARDEN AVENUE,New Sale,Strata,70,"22,543",-,Apartment,1,99 yrs lease commencing from 2025,24,Outside Central Region,06 to 10
TENGAH GARDEN RESIDENCES,"1,613,000",753.48,"2,141",Apr-26,TENGAH GARDEN AVENUE,New Sale,Strata,70,"23,043",-,Apartment,1,99 yrs lease commencing from 2025,24,Outside Central Region,11 to 15
TENGAH GARDEN RESIDENCES,"1,631,000",753.48,"2,165",Apr-26,TENGAH GARDEN AVENUE,New Sale,Strata,70,"23,300",-,Apartment,1,99 yrs lease commencing from 2025,24,Outside Central Region,11 to 15
TENGAH GARDEN RESIDENCES,"2,161,000","1,011.82","2,136",Apr-26,TENGAH GARDEN AVENUE,New Sale,Strata,94,"22,989",-,Apartment,1,99 yrs lease commencing from 2025,24,Outside Central Region,06 to 10
TENGAH GARDEN RESIDENCES,"2,171,000","1,011.82","2,146",Apr-26,TENGAH GARDEN AVENUE,New Sale,Strata,94,"23,096",-,Apartment,1,99 yrs lease commencing from 2025,24,Outside Central Region,06 to 10
TENGAH GARDEN RESIDENCES,"2,276,000","1,022.58","2,226",Apr-26,TENGAH GARDEN AVENUE,New Sale,Strata,95,"23,958",-,Apartment,1,99 yrs lease commencing from 2025,24,Outside Central Region,11 to 15
TENGAH GARDEN RESIDENCES,"2,316,000","1,022.58","2,265",Apr-26,TENGAH GARDEN AVENUE,New Sale,Strata,95,"24,379",-,Apartment,1,99 yrs lease commencing from 2025,24,Outside Central Region,11 to 15
TENGAH GARDEN RESIDENCES,"1,142,000",624.31,"1,829",Apr-26,TENGAH GARDEN AVENUE,New Sale,Strata,58,"19,690",-,Apartment,1,99 yrs lease commencing from 2025,24,Outside Central Region,01 to 05
TENGAH GARDEN RESIDENCES,"1,866,000",904.18,"2,064",Apr-26,TENGAH GARDEN AVENUE,New Sale,Strata,84,"22,214",-,Apartment,1,99 yrs lease commencing from 2025,24,Outside Central Region,01 to 05
TENGAH GARDEN RESIDENCES,"1,318,000",667.37,"1,975",Apr-26,TENGAH GARDEN AVENUE,New Sale,Strata,62,"21,258",-,Apartment,1,99 yrs lease commencing from 2025,24,Outside Central Region,01 to 05
TENGAH GARDEN RESIDENCES,"2,051,000",979.52,"2,094",Apr-26,TENGAH GARDEN AVENUE,New Sale,Strata,91,"22,538",-,Apartment,1,99 yrs lease commencing from 2025,24,Outside Central Region,06 to 10
TENGAH GARDEN RESIDENCES,"1,218,000",624.31,"1,951",Apr-26,TENGAH GARDEN AVENUE,New Sale,Strata,58,"21,000",-,Apartment,1,99 yrs lease commencing from 2025,24,Outside Central Region,11 to 15
TENGAH GARDEN RESIDENCES,"1,226,000",624.31,"1,964",Apr-26,TENGAH GARDEN AVENUE,New Sale,Strata,58,"21,138",-,Apartment,1,99 yrs lease commencing from 2025,24,Outside Central Region,11 to 15
TENGAH GARDEN RESIDENCES,"1,892,000",904.18,"2,093",Apr-26,TENGAH GARDEN AVENUE,New Sale,Strata,84,"22,524",-,Apartment,1,99 yrs lease commencing from 2025,24,Outside Central Region,01 to 05
TENGAH GARDEN RESIDENCES,"1,142,000",624.31,"1,829",Apr-26,TENGAH GARDEN AVENUE,New Sale,Strata,58,"19,690",-,Apartment,1,99 yrs lease commencing from 2025,24,Outside Central Region,01 to 05
TENGAH GARDEN RESIDENCES,"1,204,000",624.31,"1,929",Apr-26,TENGAH GARDEN AVENUE,New Sale,Strata,58,"20,759",-,Apartment,1,99 yrs lease commencing from 2025,24,Outside Central Region,11 to 15
TENGAH GARDEN RESIDENCES,"1,577,000",753.48,"2,093",Apr-26,TENGAH GARDEN AVENUE,New Sale,Strata,70,"22,529",-,Apartment,1,99 yrs lease commencing from 2025,24,Outside Central Region,11 to 15
TENGAH GARDEN RESIDENCES,"1,595,000",753.48,"2,117",Apr-26,TENGAH GARDEN AVENUE,New Sale,Strata,70,"22,786",-,Apartment,1,99 yrs lease commencing from 2025,24,Outside Central Region,11 to 15
TENGAH GARDEN RESIDENCES,"2,284,000","1,033.34","2,210",Apr-26,TENGAH GARDEN AVENUE,New Sale,Strata,96,"23,792",-,Apartment,1,99 yrs lease commencing from 2025,24,Outside Central Region,11 to 15
TENGAH GARDEN RESIDENCES,"2,211,000","1,033.34","2,140",Apr-26,TENGAH GARDEN AVENUE,New Sale,Strata,96,"23,031",-,Apartment,1,99 yrs lease commencing from 2025,24,Outside Central Region,01 to 05
TENGAH GARDEN RESIDENCES,"2,178,000","1,033.34","2,108",Apr-26,TENGAH GARDEN AVENUE,New Sale,Strata,96,"22,688",-,Apartment,1,99 yrs lease commencing from 2025,24,Outside Central Region,01 to 05
TENGAH GARDEN RESIDENCES,"1,502,000",667.37,"2,251",Apr-26,TENGAH GARDEN AVENUE,New Sale,Strata,62,"24,226",-,Apartment,1,99 yrs lease commencing from 2025,24,Outside Central Region,16 to 20
TENGAH GARDEN RESIDENCES,"2,803,000","1,248.62","2,245",Apr-26,TENGAH GARDEN AVENUE,New Sale,Strata,116,"24,164",-,Apartment,1,99 yrs lease commencing from 2025,24,Outside Central Region,06 to 10
TENGAH GARDEN RESIDENCES,"2,786,000","1,259.39","2,212",Apr-26,TENGAH GARDEN AVENUE,New Sale,Strata,117,"23,812",-,Apartment,1,99 yrs lease commencing from 2025,24,Outside Central Region,06 to 10
TENGAH GARDEN RESIDENCES,"1,514,000",753.48,"2,009",Apr-26,TENGAH GARDEN AVENUE,New Sale,Strata,70,"21,629",-,Apartment,1,99 yrs lease commencing from 2025,24,Outside Central Region,01 to 05
TENGAH GARDEN RESIDENCES,"1,012,000",516.67,"1,959",Apr-26,TENGAH GARDEN AVENUE,New Sale,Strata,48,"21,083",-,Apartment,1,99 yrs lease commencing from 2025,24,Outside Central Region,01 to 05
TENGAH GARDEN RESIDENCES,"1,511,000",753.48,"2,005",Apr-26,TENGAH GARDEN AVENUE,New Sale,Strata,70,"21,586",-,Apartment,1,99 yrs lease commencing from 2025,24,Outside Central Region,01 to 05
TENGAH GARDEN RESIDENCES,"1,268,000",656.6,"1,931",Apr-26,TENGAH GARDEN AVENUE,New Sale,Strata,61,"20,787",-,Apartment,1,99 yrs lease commencing from 2025,24,Outside Central Region,01 to 05
TENGAH GARDEN RESIDENCES,"1,289,000",656.6,"1,963",Apr-26,TENGAH GARDEN AVENUE,New Sale,Strata,61,"21,131",-,Apartment,1,99 yrs lease commencing from 2025,24,Outside Central Region,01 to 05
TENGAH GARDEN RESIDENCES,"1,682,000",828.83,"2,029",Apr-26,TENGAH GARDEN AVENUE,New Sale,Strata,77,"21,844",-,Apartment,1,99 yrs lease commencing from 2025,24,Outside Central Region,01 to 05
TENGAH GARDEN RESIDENCES,"1,518,000",753.48,"2,015",Apr-26,TENGAH GARDEN AVENUE,New Sale,Strata,70,"21,686",-,Apartment,1,99 yrs lease commencing from 2025,24,Outside Central Region,01 to 05
TENGAH GARDEN RESIDENCES,"1,518,000",753.48,"2,015",Apr-26,TENGAH GARDEN AVENUE,New Sale,Strata,70,"21,686",-,Apartment,1,99 yrs lease commencing from 2025,24,Outside Central Region,01 to 05
TENGAH GARDEN RESIDENCES,"1,664,000",818.06,"2,034",Apr-26,TENGAH GARDEN AVENUE,New Sale,Strata,76,"21,895",-,Apartment,1,99 yrs lease commencing from 2025,24,Outside Central Region,01 to 05
TENGAH GARDEN RESIDENCES,"1,275,000",656.6,"1,942",Apr-26,TENGAH GARDEN AVENUE,New Sale,Strata,61,"20,902",-,Apartment,1,99 yrs lease commencing from 2025,24,Outside Central Region,01 to 05
TENGAH GARDEN RESIDENCES,"1,296,000",656.6,"1,974",Apr-26,TENGAH GARDEN AVENUE,New Sale,Strata,61,"21,246",-,Apartment,1,99 yrs lease commencing from 2025,24,Outside Central Region,01 to 05
TENGAH GARDEN RESIDENCES,"1,691,000",828.83,"2,040",Apr-26,TENGAH GARDEN AVENUE,New Sale,Strata,77,"21,961",-,Apartment,1,99 yrs lease commencing from 2025,24,Outside Central Region,01 to 05
TENGAH GARDEN RESIDENCES,"1,525,000",753.48,"2,024",Apr-26,TENGAH GARDEN AVENUE,New Sale,Strata,70,"21,786",-,Apartment,1,99 yrs lease commencing from 2025,24,Outside Central Region,01 to 05
TENGAH GARDEN RESIDENCES,"1,673,000",818.06,"2,045",Apr-26,TENGAH GARDEN AVENUE,New Sale,Strata,76,"22,013",-,Apartment,1,99 yrs lease commencing from 2025,24,Outside Central Region,01 to 05
TENGAH GARDEN RESIDENCES,"1,282,000",656.6,"1,952",Apr-26,TENGAH GARDEN AVENUE,New Sale,Strata,61,"21,016",-,Apartment,1,99 yrs lease commencing from 2025,24,Outside Central Region,01 to 05
TENGAH GARDEN RESIDENCES,"1,532,000",753.48,"2,033",Apr-26,TENGAH GARDEN AVENUE,New Sale,Strata,70,"21,886",-,Apartment,1,99 yrs lease commencing from 2025,24,Outside Central Region,06 to 10
TENGAH GARDEN RESIDENCES,"1,532,000",753.48,"2,033",Apr-26,TENGAH GARDEN AVENUE,New Sale,Strata,70,"21,886",-,Apartment,1,99 yrs lease commencing from 2025,24,Outside Central Region,06 to 10
TENGAH GARDEN RESIDENCES,"1,310,000",656.6,"1,995",Apr-26,TENGAH GARDEN AVENUE,New Sale,Strata,61,"21,475",-,Apartment,1,99 yrs lease commencing from 2025,24,Outside Central Region,06 to 10
TENGAH GARDEN RESIDENCES,"1,709,000",828.83,"2,062",Apr-26,TENGAH GARDEN AVENUE,New Sale,Strata,77,"22,195",-,Apartment,1,99 yrs lease commencing from 2025,24,Outside Central Region,06 to 10
TENGAH GARDEN RESIDENCES,"1,539,000",753.48,"2,043",Apr-26,TENGAH GARDEN AVENUE,New Sale,Strata,70,"21,986",-,Apartment,1,99 yrs lease commencing from 2025,24,Outside Central Region,06 to 10
TENGAH GARDEN RESIDENCES,"1,539,000",753.48,"2,043",Apr-26,TENGAH GARDEN AVENUE,New Sale,Strata,70,"21,986",-,Apartment,1,99 yrs lease commencing from 2025,24,Outside Central Region,06 to 10
TENGAH GARDEN RESIDENCES,"1,691,000",818.06,"2,067",Apr-26,TENGAH GARDEN AVENUE,New Sale,Strata,76,"22,250",-,Apartment,1,99 yrs lease commencing from 2025,24,Outside Central Region,06 to 10
TENGAH GARDEN RESIDENCES,"1,560,000",753.48,"2,070",Apr-26,TENGAH GARDEN AVENUE,New Sale,Strata,70,"22,286",-,Apartment,1,99 yrs lease commencing from 2025,24,Outside Central Region,06 to 10
TENGAH GARDEN RESIDENCES,"1,337,000",656.6,"2,036",Apr-26,TENGAH GARDEN AVENUE,New Sale,Strata,61,"21,918",-,Apartment,1,99 yrs lease commencing from 2025,24,Outside Central Region,06 to 10
TENGAH GARDEN RESIDENCES,"1,578,000",753.48,"2,094",Apr-26,TENGAH GARDEN AVENUE,New Sale,Strata,70,"22,543",-,Apartment,1,99 yrs lease commencing from 2025,24,Outside Central Region,06 to 10
TENGAH GARDEN RESIDENCES,"1,587,000",753.48,"2,106",Apr-26,TENGAH GARDEN AVENUE,New Sale,Strata,70,"22,671",-,Apartment,1,99 yrs lease commencing from 2025,24,Outside Central Region,11 to 15
TENGAH GARDEN RESIDENCES,"1,604,000",753.48,"2,129",Apr-26,TENGAH GARDEN AVENUE,New Sale,Strata,70,"22,914",-,Apartment,1,99 yrs lease commencing from 2025,24,Outside Central Region,11 to 15
TENGAH GARDEN RESIDENCES,"1,604,000",753.48,"2,129",Apr-26,TENGAH GARDEN AVENUE,New Sale,Strata,70,"22,914",-,Apartment,1,99 yrs lease commencing from 2025,24,Outside Central Region,11 to 15
TENGAH GARDEN RESIDENCES,"1,383,000",656.6,"2,106",Apr-26,TENGAH GARDEN AVENUE,New Sale,Strata,61,"22,672",-,Apartment,1,99 yrs lease commencing from 2025,24,Outside Central Region,11 to 15
TENGAH GARDEN RESIDENCES,"1,613,000",753.48,"2,141",Apr-26,TENGAH GARDEN AVENUE,New Sale,Strata,70,"23,043",-,Apartment,1,99 yrs lease commencing from 2025,24,Outside Central Region,11 to 15
TENGAH GARDEN RESIDENCES,"1,392,000",656.6,"2,120",Apr-26,TENGAH GARDEN AVENUE,New Sale,Strata,61,"22,820",-,Apartment,1,99 yrs lease commencing from 2025,24,Outside Central Region,11 to 15
TENGAH GARDEN RESIDENCES,"1,622,000",753.48,"2,153",Apr-26,TENGAH GARDEN AVENUE,New Sale,Strata,70,"23,171",-,Apartment,1,99 yrs lease commencing from 2025,24,Outside Central Region,11 to 15
TENGAH GARDEN RESIDENCES,"1,622,000",753.48,"2,153",Apr-26,TENGAH GARDEN AVENUE,New Sale,Strata,70,"23,171",-,Apartment,1,99 yrs lease commencing from 2025,24,Outside Central Region,11 to 15
TENGAH GARDEN RESIDENCES,"1,378,000",656.6,"2,099",Apr-26,TENGAH GARDEN AVENUE,New Sale,Strata,61,"22,590",-,Apartment,1,99 yrs lease commencing from 2025,24,Outside Central Region,11 to 15
TENGAH GARDEN RESIDENCES,"1,401,000",656.6,"2,134",Apr-26,TENGAH GARDEN AVENUE,New Sale,Strata,61,"22,967",-,Apartment,1,99 yrs lease commencing from 2025,24,Outside Central Region,11 to 15
TENGAH GARDEN RESIDENCES,"1,812,000",828.83,"2,186",Apr-26,TENGAH GARDEN AVENUE,New Sale,Strata,77,"23,532",-,Apartment,1,99 yrs lease commencing from 2025,24,Outside Central Region,11 to 15
TENGAH GARDEN RESIDENCES,"1,631,000",753.48,"2,165",Apr-26,TENGAH GARDEN AVENUE,New Sale,Strata,70,"23,300",-,Apartment,1,99 yrs lease commencing from 2025,24,Outside Central Region,11 to 15
TENGAH GARDEN RESIDENCES,"1,410,000",656.6,"2,147",Apr-26,TENGAH GARDEN AVENUE,New Sale,Strata,61,"23,115",-,Apartment,1,99 yrs lease commencing from 2025,24,Outside Central Region,16 to 20
TENGAH GARDEN RESIDENCES,"1,822,000",828.83,"2,198",Apr-26,TENGAH GARDEN AVENUE,New Sale,Strata,77,"23,662",-,Apartment,1,99 yrs lease commencing from 2025,24,Outside Central Region,16 to 20
TENGAH GARDEN RESIDENCES,"1,640,000",753.48,"2,177",Apr-26,TENGAH GARDEN AVENUE,New Sale,Strata,70,"23,429",-,Apartment,1,99 yrs lease commencing from 2025,24,Outside Central Region,16 to 20
TENGAH GARDEN RESIDENCES,"1,640,000",753.48,"2,177",Apr-26,TENGAH GARDEN AVENUE,New Sale,Strata,70,"23,429",-,Apartment,1,99 yrs lease commencing from 2025,24,Outside Central Region,16 to 20
TENGAH GARDEN RESIDENCES,"2,167,000","1,011.82","2,142",Apr-26,TENGAH GARDEN AVENUE,New Sale,Strata,94,"23,053",-,Apartment,1,99 yrs lease commencing from 2025,24,Outside Central Region,01 to 05
TENGAH GARDEN RESIDENCES,"2,105,000","1,011.82","2,080",Apr-26,TENGAH GARDEN AVENUE,New Sale,Strata,94,"22,394",-,Apartment,1,99 yrs lease commencing from 2025,24,Outside Central Region,01 to 05
TENGAH GARDEN RESIDENCES,"2,163,000","1,011.82","2,138",Apr-26,TENGAH GARDEN AVENUE,New Sale,Strata,94,"23,011",-,Apartment,1,99 yrs lease commencing from 2025,24,Outside Central Region,01 to 05
TENGAH GARDEN RESIDENCES,"2,186,000","1,022.58","2,138",Apr-26,TENGAH GARDEN AVENUE,New Sale,Strata,95,"23,011",-,Apartment,1,99 yrs lease commencing from 2025,24,Outside Central Region,01 to 05
TENGAH GARDEN RESIDENCES,"2,101,000","1,011.82","2,076",Apr-26,TENGAH GARDEN AVENUE,New Sale,Strata,94,"22,351",-,Apartment,1,99 yrs lease commencing from 2025,24,Outside Central Region,01 to 05
TENGAH GARDEN RESIDENCES,"1,958,000",968.76,"2,021",Apr-26,TENGAH GARDEN AVENUE,New Sale,Strata,90,"21,756",-,Apartment,1,99 yrs lease commencing from 2025,24,Outside Central Region,01 to 05
TENGAH GARDEN RESIDENCES,"2,172,000","1,011.82","2,147",Apr-26,TENGAH GARDEN AVENUE,New Sale,Strata,94,"23,106",-,Apartment,1,99 yrs lease commencing from 2025,24,Outside Central Region,01 to 05
TENGAH GARDEN RESIDENCES,"2,195,000","1,022.58","2,147",Apr-26,TENGAH GARDEN AVENUE,New Sale,Strata,95,"23,105",-,Apartment,1,99 yrs lease commencing from 2025,24,Outside Central Region,01 to 05
TENGAH GARDEN RESIDENCES,"2,110,000","1,011.82","2,085",Apr-26,TENGAH GARDEN AVENUE,New Sale,Strata,94,"22,447",-,Apartment,1,99 yrs lease commencing from 2025,24,Outside Central Region,01 to 05
TENGAH GARDEN RESIDENCES,"1,967,000",968.76,"2,030",Apr-26,TENGAH GARDEN AVENUE,New Sale,Strata,90,"21,856",-,Apartment,1,99 yrs lease commencing from 2025,24,Outside Central Region,01 to 05
TENGAH GARDEN RESIDENCES,"2,181,000","1,011.82","2,156",Apr-26,TENGAH GARDEN AVENUE,New Sale,Strata,94,"23,202",-,Apartment,1,99 yrs lease commencing from 2025,24,Outside Central Region,01 to 05
TENGAH GARDEN RESIDENCES,"2,204,000","1,022.58","2,155",Apr-26,TENGAH GARDEN AVENUE,New Sale,Strata,95,"23,200",-,Apartment,1,99 yrs lease commencing from 2025,24,Outside Central Region,01 to 05
TENGAH GARDEN RESIDENCES,"2,119,000","1,011.82","2,094",Apr-26,TENGAH GARDEN AVENUE,New Sale,Strata,94,"22,543",-,Apartment,1,99 yrs lease commencing from 2025,24,Outside Central Region,01 to 05
TENGAH GARDEN RESIDENCES,"1,976,000",968.76,"2,040",Apr-26,TENGAH GARDEN AVENUE,New Sale,Strata,90,"21,956",-,Apartment,1,99 yrs lease commencing from 2025,24,Outside Central Region,01 to 05
TENGAH GARDEN RESIDENCES,"2,190,000","1,011.82","2,164",Apr-26,TENGAH GARDEN AVENUE,New Sale,Strata,94,"23,298",-,Apartment,1,99 yrs lease commencing from 2025,24,Outside Central Region,06 to 10
TENGAH GARDEN RESIDENCES,"2,213,000","1,022.58","2,164",Apr-26,TENGAH GARDEN AVENUE,New Sale,Strata,95,"23,295",-,Apartment,1,99 yrs lease commencing from 2025,24,Outside Central Region,06 to 10
TENGAH GARDEN RESIDENCES,"2,128,000","1,011.82","2,103",Apr-26,TENGAH GARDEN AVENUE,New Sale,Strata,94,"22,638",-,Apartment,1,99 yrs lease commencing from 2025,24,Outside Central Region,06 to 10
TENGAH GARDEN RESIDENCES,"2,199,000","1,011.82","2,173",Apr-26,TENGAH GARDEN AVENUE,New Sale,Strata,94,"23,394",-,Apartment,1,99 yrs lease commencing from 2025,24,Outside Central Region,06 to 10
TENGAH GARDEN RESIDENCES,"2,222,000","1,022.58","2,173",Apr-26,TENGAH GARDEN AVENUE,New Sale,Strata,95,"23,389",-,Apartment,1,99 yrs lease commencing from 2025,24,Outside Central Region,06 to 10
TENGAH GARDEN RESIDENCES,"2,137,000","1,011.82","2,112",Apr-26,TENGAH GARDEN AVENUE,New Sale,Strata,94,"22,734",-,Apartment,1,99 yrs lease commencing from 2025,24,Outside Central Region,06 to 10
TENGAH GARDEN RESIDENCES,"1,994,000",968.76,"2,058",Apr-26,TENGAH GARDEN AVENUE,New Sale,Strata,90,"22,156",-,Apartment,1,99 yrs lease commencing from 2025,24,Outside Central Region,06 to 10
TENGAH GARDEN RESIDENCES,"2,296,000","1,022.58","2,245",Apr-26,TENGAH GARDEN AVENUE,New Sale,Strata,95,"24,168",-,Apartment,1,99 yrs lease commencing from 2025,24,Outside Central Region,11 to 15
TENGAH GARDEN RESIDENCES,"2,211,000","1,011.82","2,185",Apr-26,TENGAH GARDEN AVENUE,New Sale,Strata,94,"23,521",-,Apartment,1,99 yrs lease commencing from 2025,24,Outside Central Region,11 to 15
TENGAH GARDEN RESIDENCES,"2,306,000","1,022.58","2,255",Apr-26,TENGAH GARDEN AVENUE,New Sale,Strata,95,"24,274",-,Apartment,1,99 yrs lease commencing from 2025,24,Outside Central Region,11 to 15
TENGAH GARDEN RESIDENCES,"2,221,000","1,011.82","2,195",Apr-26,TENGAH GARDEN AVENUE,New Sale,Strata,94,"23,628",-,Apartment,1,99 yrs lease commencing from 2025,24,Outside Central Region,11 to 15
TENGAH GARDEN RESIDENCES,"2,293,000","1,011.82","2,266",Apr-26,TENGAH GARDEN AVENUE,New Sale,Strata,94,"24,394",-,Apartment,1,99 yrs lease commencing from 2025,24,Outside Central Region,11 to 15
TENGAH GARDEN RESIDENCES,"2,231,000","1,011.82","2,205",Apr-26,TENGAH GARDEN AVENUE,New Sale,Strata,94,"23,734",-,Apartment,1,99 yrs lease commencing from 2025,24,Outside Central Region,11 to 15
TENGAH GARDEN RESIDENCES,"2,303,000","1,011.82","2,276",Apr-26,TENGAH GARDEN AVENUE,New Sale,Strata,94,"24,500",-,Apartment,1,99 yrs lease commencing from 2025,24,Outside Central Region,11 to 15
TENGAH GARDEN RESIDENCES,"2,326,000","1,022.58","2,275",Apr-26,TENGAH GARDEN AVENUE,New Sale,Strata,95,"24,484",-,Apartment,1,99 yrs lease commencing from 2025,24,Outside Central Region,11 to 15
TENGAH GARDEN RESIDENCES,"2,241,000","1,011.82","2,215",Apr-26,TENGAH GARDEN AVENUE,New Sale,Strata,94,"23,840",-,Apartment,1,99 yrs lease commencing from 2025,24,Outside Central Region,11 to 15
TENGAH GARDEN RESIDENCES,"2,313,000","1,011.82","2,286",Apr-26,TENGAH GARDEN AVENUE,New Sale,Strata,94,"24,606",-,Apartment,1,99 yrs lease commencing from 2025,24,Outside Central Region,16 to 20
TENGAH GARDEN RESIDENCES,"2,336,000","1,022.58","2,284",Apr-26,TENGAH GARDEN AVENUE,New Sale,Strata,95,"24,589",-,Apartment,1,99 yrs lease commencing from 2025,24,Outside Central Region,16 to 20
TENGAH GARDEN RESIDENCES,"2,251,000","1,011.82","2,225",Apr-26,TENGAH GARDEN AVENUE,New Sale,Strata,94,"23,947",-,Apartment,1,99 yrs lease commencing from 2025,24,Outside Central Region,16 to 20
TENGAH GARDEN RESIDENCES,"1,985,000",979.52,"2,026",Apr-26,TENGAH GARDEN AVENUE,New Sale,Strata,91,"21,813",-,Apartment,1,99 yrs lease commencing from 2025,24,Outside Central Region,01 to 05
TENGAH GARDEN RESIDENCES,"980,000",484.38,"2,023",Apr-26,TENGAH GARDEN AVENUE,New Sale,Strata,45,"21,778",-,Apartment,1,99 yrs lease commencing from 2025,24,Outside Central Region,01 to 05
TENGAH GARDEN RESIDENCES,"2,148,000","1,033.34","2,079",Apr-26,TENGAH GARDEN AVENUE,New Sale,Strata,96,"22,375",-,Apartment,1,99 yrs lease commencing from 2025,24,Outside Central Region,01 to 05
TENGAH GARDEN RESIDENCES,"1,697,000",828.83,"2,047",Apr-26,TENGAH GARDEN AVENUE,New Sale,Strata,77,"22,039",-,Apartment,1,99 yrs lease commencing from 2025,24,Outside Central Region,01 to 05
TENGAH GARDEN RESIDENCES,"1,142,000",624.31,"1,829",Apr-26,TENGAH GARDEN AVENUE,New Sale,Strata,58,"19,690",-,Apartment,1,99 yrs lease commencing from 2025,24,Outside Central Region,01 to 05
TENGAH GARDEN RESIDENCES,"1,138,000",624.31,"1,823",Apr-26,TENGAH GARDEN AVENUE,New Sale,Strata,58,"19,621",-,Apartment,1,99 yrs lease commencing from 2025,24,Outside Central Region,01 to 05
TENGAH GARDEN RESIDENCES,"1,981,000",979.52,"2,022",Apr-26,TENGAH GARDEN AVENUE,New Sale,Strata,91,"21,769",-,Apartment,1,99 yrs lease commencing from 2025,24,Outside Central Region,01 to 05
TENGAH GARDEN RESIDENCES,"1,857,000",904.18,"2,054",Apr-26,TENGAH GARDEN AVENUE,New Sale,Strata,84,"22,107",-,Apartment,1,99 yrs lease commencing from 2025,24,Outside Central Region,01 to 05
TENGAH GARDEN RESIDENCES,"1,311,000",667.37,"1,964",Apr-26,TENGAH GARDEN AVENUE,New Sale,Strata,62,"21,145",-,Apartment,1,99 yrs lease commencing from 2025,24,Outside Central Region,01 to 05
TENGAH GARDEN RESIDENCES,"1,311,000",667.37,"1,964",Apr-26,TENGAH GARDEN AVENUE,New Sale,Strata,62,"21,145",-,Apartment,1,99 yrs lease commencing from 2025,24,Outside Central Region,01 to 05
TENGAH GARDEN RESIDENCES,"2,144,000","1,033.34","2,075",Apr-26,TENGAH GARDEN AVENUE,New Sale,Strata,96,"22,333",-,Apartment,1,99 yrs lease commencing from 2025,24,Outside Central Region,01 to 05
TENGAH GARDEN RESIDENCES,"1,693,000",828.83,"2,043",Apr-26,TENGAH GARDEN AVENUE,New Sale,Strata,77,"21,987",-,Apartment,1,99 yrs lease commencing from 2025,24,Outside Central Region,01 to 05
TENGAH GARDEN RESIDENCES,"1,138,000",624.31,"1,823",Apr-26,TENGAH GARDEN AVENUE,New Sale,Strata,58,"19,621",-,Apartment,1,99 yrs lease commencing from 2025,24,Outside Central Region,01 to 05
TENGAH GARDEN RESIDENCES,"1,144,000",624.31,"1,832",Apr-26,TENGAH GARDEN AVENUE,New Sale,Strata,58,"19,724",-,Apartment,1,99 yrs lease commencing from 2025,24,Outside Central Region,01 to 05
TENGAH GARDEN RESIDENCES,"1,990,000",979.52,"2,032",Apr-26,TENGAH GARDEN AVENUE,New Sale,Strata,91,"21,868",-,Apartment,1,99 yrs lease commencing from 2025,24,Outside Central Region,01 to 05
TENGAH GARDEN RESIDENCES,"1,318,000",667.37,"1,975",Apr-26,TENGAH GARDEN AVENUE,New Sale,Strata,62,"21,258",-,Apartment,1,99 yrs lease commencing from 2025,24,Outside Central Region,01 to 05
TENGAH GARDEN RESIDENCES,"2,153,000","1,033.34","2,084",Apr-26,TENGAH GARDEN AVENUE,New Sale,Strata,96,"22,427",-,Apartment,1,99 yrs lease commencing from 2025,24,Outside Central Region,01 to 05
TENGAH GARDEN RESIDENCES,"1,702,000",828.83,"2,054",Apr-26,TENGAH GARDEN AVENUE,New Sale,Strata,77,"22,104",-,Apartment,1,99 yrs lease commencing from 2025,24,Outside Central Region,01 to 05
TENGAH GARDEN RESIDENCES,"1,144,000",624.31,"1,832",Apr-26,TENGAH GARDEN AVENUE,New Sale,Strata,58,"19,724",-,Apartment,1,99 yrs lease commencing from 2025,24,Outside Central Region,01 to 05
TENGAH GARDEN RESIDENCES,"1,150,000",624.31,"1,842",Apr-26,TENGAH GARDEN AVENUE,New Sale,Strata,58,"19,828",-,Apartment,1,99 yrs lease commencing from 2025,24,Outside Central Region,01 to 05
TENGAH GARDEN RESIDENCES,"1,999,000",979.52,"2,041",Apr-26,TENGAH GARDEN AVENUE,New Sale,Strata,91,"21,967",-,Apartment,1,99 yrs lease commencing from 2025,24,Outside Central Region,01 to 05
TENGAH GARDEN RESIDENCES,"1,875,000",904.18,"2,074",Apr-26,TENGAH GARDEN AVENUE,New Sale,Strata,84,"22,321",-,Apartment,1,99 yrs lease commencing from 2025,24,Outside Central Region,01 to 05
TENGAH GARDEN RESIDENCES,"1,325,000",667.37,"1,985",Apr-26,TENGAH GARDEN AVENUE,New Sale,Strata,62,"21,371",-,Apartment,1,99 yrs lease commencing from 2025,24,Outside Central Region,01 to 05
TENGAH GARDEN RESIDENCES,"1,325,000",667.37,"1,985",Apr-26,TENGAH GARDEN AVENUE,New Sale,Strata,62,"21,371",-,Apartment,1,99 yrs lease commencing from 2025,24,Outside Central Region,01 to 05
TENGAH GARDEN RESIDENCES,"2,162,000","1,033.34","2,092",Apr-26,TENGAH GARDEN AVENUE,New Sale,Strata,96,"22,521",-,Apartment,1,99 yrs lease commencing from 2025,24,Outside Central Region,01 to 05
TENGAH GARDEN RESIDENCES,"1,711,000",828.83,"2,064",Apr-26,TENGAH GARDEN AVENUE,New Sale,Strata,77,"22,221",-,Apartment,1,99 yrs lease commencing from 2025,24,Outside Central Region,01 to 05
TENGAH GARDEN RESIDENCES,"1,150,000",624.31,"1,842",Apr-26,TENGAH GARDEN AVENUE,New Sale,Strata,58,"19,828",-,Apartment,1,99 yrs lease commencing from 2025,24,Outside Central Region,01 to 05
TENGAH GARDEN RESIDENCES,"2,008,000",979.52,"2,050",Apr-26,TENGAH GARDEN AVENUE,New Sale,Strata,91,"22,066",-,Apartment,1,99 yrs lease commencing from 2025,24,Outside Central Region,06 to 10
TENGAH GARDEN RESIDENCES,"1,332,000",667.37,"1,996",Apr-26,TENGAH GARDEN AVENUE,New Sale,Strata,62,"21,484",-,Apartment,1,99 yrs lease commencing from 2025,24,Outside Central Region,06 to 10
TENGAH GARDEN RESIDENCES,"2,171,000","1,033.34","2,101",Apr-26,TENGAH GARDEN AVENUE,New Sale,Strata,96,"22,615",-,Apartment,1,99 yrs lease commencing from 2025,24,Outside Central Region,06 to 10
TENGAH GARDEN RESIDENCES,"1,720,000",828.83,"2,075",Apr-26,TENGAH GARDEN AVENUE,New Sale,Strata,77,"22,338",-,Apartment,1,99 yrs lease commencing from 2025,24,Outside Central Region,06 to 10
TENGAH GARDEN RESIDENCES,"1,156,000",624.31,"1,852",Apr-26,TENGAH GARDEN AVENUE,New Sale,Strata,58,"19,931",-,Apartment,1,99 yrs lease commencing from 2025,24,Outside Central Region,06 to 10
TENGAH GARDEN RESIDENCES,"1,162,000",624.31,"1,861",Apr-26,TENGAH GARDEN AVENUE,New Sale,Strata,58,"20,034",-,Apartment,1,99 yrs lease commencing from 2025,24,Outside Central Region,06 to 10
TENGAH GARDEN RESIDENCES,"2,017,000",979.52,"2,059",Apr-26,TENGAH GARDEN AVENUE,New Sale,Strata,91,"22,165",-,Apartment,1,99 yrs lease commencing from 2025,24,Outside Central Region,06 to 10
TENGAH GARDEN RESIDENCES,"2,180,000","1,033.34","2,110",Apr-26,TENGAH GARDEN AVENUE,New Sale,Strata,96,"22,708",-,Apartment,1,99 yrs lease commencing from 2025,24,Outside Central Region,06 to 10
TENGAH GARDEN RESIDENCES,"1,729,000",828.83,"2,086",Apr-26,TENGAH GARDEN AVENUE,New Sale,Strata,77,"22,455",-,Apartment,1,99 yrs lease commencing from 2025,24,Outside Central Region,06 to 10
TENGAH GARDEN RESIDENCES,"1,162,000",624.31,"1,861",Apr-26,TENGAH GARDEN AVENUE,New Sale,Strata,58,"20,034",-,Apartment,1,99 yrs lease commencing from 2025,24,Outside Central Region,06 to 10
TENGAH GARDEN RESIDENCES,"2,214,000","1,033.34","2,143",Apr-26,TENGAH GARDEN AVENUE,New Sale,Strata,96,"23,063",-,Apartment,1,99 yrs lease commencing from 2025,24,Outside Central Region,06 to 10
TENGAH GARDEN RESIDENCES,"1,196,000",624.31,"1,916",Apr-26,TENGAH GARDEN AVENUE,New Sale,Strata,58,"20,621",-,Apartment,1,99 yrs lease commencing from 2025,24,Outside Central Region,06 to 10
TENGAH GARDEN RESIDENCES,"2,061,000",979.52,"2,104",Apr-26,TENGAH GARDEN AVENUE,New Sale,Strata,91,"22,648",-,Apartment,1,99 yrs lease commencing from 2025,24,Outside Central Region,06 to 10
TENGAH GARDEN RESIDENCES,"2,224,000","1,033.34","2,152",Apr-26,TENGAH GARDEN AVENUE,New Sale,Strata,96,"23,167",-,Apartment,1,99 yrs lease commencing from 2025,24,Outside Central Region,06 to 10
TENGAH GARDEN RESIDENCES,"1,196,000",624.31,"1,916",Apr-26,TENGAH GARDEN AVENUE,New Sale,Strata,58,"20,621",-,Apartment,1,99 yrs lease commencing from 2025,24,Outside Central Region,06 to 10
TENGAH GARDEN RESIDENCES,"2,071,000",979.52,"2,114",Apr-26,TENGAH GARDEN AVENUE,New Sale,Strata,91,"22,758",-,Apartment,1,99 yrs lease commencing from 2025,24,Outside Central Region,11 to 15
TENGAH GARDEN RESIDENCES,"2,234,000","1,033.34","2,162",Apr-26,TENGAH GARDEN AVENUE,New Sale,Strata,96,"23,271",-,Apartment,1,99 yrs lease commencing from 2025,24,Outside Central Region,11 to 15
TENGAH GARDEN RESIDENCES,"2,091,000",979.52,"2,135",Apr-26,TENGAH GARDEN AVENUE,New Sale,Strata,91,"22,978",-,Apartment,1,99 yrs lease commencing from 2025,24,Outside Central Region,11 to 15
TENGAH GARDEN RESIDENCES,"2,254,000","1,033.34","2,181",Apr-26,TENGAH GARDEN AVENUE,New Sale,Strata,96,"23,479",-,Apartment,1,99 yrs lease commencing from 2025,24,Outside Central Region,11 to 15
TENGAH GARDEN RESIDENCES,"2,101,000",979.52,"2,145",Apr-26,TENGAH GARDEN AVENUE,New Sale,Strata,91,"23,088",-,Apartment,1,99 yrs lease commencing from 2025,24,Outside Central Region,11 to 15
TENGAH GARDEN RESIDENCES,"1,412,000",667.37,"2,116",Apr-26,TENGAH GARDEN AVENUE,New Sale,Strata,62,"22,774",-,Apartment,1,99 yrs lease commencing from 2025,24,Outside Central Region,11 to 15
TENGAH GARDEN RESIDENCES,"2,264,000","1,033.34","2,191",Apr-26,TENGAH GARDEN AVENUE,New Sale,Strata,96,"23,583",-,Apartment,1,99 yrs lease commencing from 2025,24,Outside Central Region,11 to 15
TENGAH GARDEN RESIDENCES,"1,812,000",828.83,"2,186",Apr-26,TENGAH GARDEN AVENUE,New Sale,Strata,77,"23,532",-,Apartment,1,99 yrs lease commencing from 2025,24,Outside Central Region,11 to 15
TENGAH GARDEN RESIDENCES,"1,226,000",624.31,"1,964",Apr-26,TENGAH GARDEN AVENUE,New Sale,Strata,58,"21,138",-,Apartment,1,99 yrs lease commencing from 2025,24,Outside Central Region,11 to 15
TENGAH GARDEN RESIDENCES,"1,234,000",624.31,"1,977",Apr-26,TENGAH GARDEN AVENUE,New Sale,Strata,58,"21,276",-,Apartment,1,99 yrs lease commencing from 2025,24,Outside Central Region,11 to 15
TENGAH GARDEN RESIDENCES,"2,111,000",979.52,"2,155",Apr-26,TENGAH GARDEN AVENUE,New Sale,Strata,91,"23,198",-,Apartment,1,99 yrs lease commencing from 2025,24,Outside Central Region,11 to 15
TENGAH GARDEN RESIDENCES,"1,421,000",667.37,"2,129",Apr-26,TENGAH GARDEN AVENUE,New Sale,Strata,62,"22,919",-,Apartment,1,99 yrs lease commencing from 2025,24,Outside Central Region,11 to 15
TENGAH GARDEN RESIDENCES,"2,274,000","1,033.34","2,201",Apr-26,TENGAH GARDEN AVENUE,New Sale,Strata,96,"23,688",-,Apartment,1,99 yrs lease commencing from 2025,24,Outside Central Region,11 to 15
TENGAH GARDEN RESIDENCES,"1,822,000",828.83,"2,198",Apr-26,TENGAH GARDEN AVENUE,New Sale,Strata,77,"23,662",-,Apartment,1,99 yrs lease commencing from 2025,24,Outside Central Region,11 to 15
TENGAH GARDEN RESIDENCES,"1,234,000",624.31,"1,977",Apr-26,TENGAH GARDEN AVENUE,New Sale,Strata,58,"21,276",-,Apartment,1,99 yrs lease commencing from 2025,24,Outside Central Region,11 to 15
TENGAH GARDEN RESIDENCES,"1,242,000",624.31,"1,989",Apr-26,TENGAH GARDEN AVENUE,New Sale,Strata,58,"21,414",-,Apartment,1,99 yrs lease commencing from 2025,24,Outside Central Region,11 to 15
TENGAH GARDEN RESIDENCES,"2,121,000",979.52,"2,165",Apr-26,TENGAH GARDEN AVENUE,New Sale,Strata,91,"23,308",-,Apartment,1,99 yrs lease commencing from 2025,24,Outside Central Region,11 to 15
TENGAH GARDEN RESIDENCES,"1,430,000",667.37,"2,143",Apr-26,TENGAH GARDEN AVENUE,New Sale,Strata,62,"23,065",-,Apartment,1,99 yrs lease commencing from 2025,24,Outside Central Region,11 to 15
TENGAH GARDEN RESIDENCES,"1,430,000",667.37,"2,143",Apr-26,TENGAH GARDEN AVENUE,New Sale,Strata,62,"23,065",-,Apartment,1,99 yrs lease commencing from 2025,24,Outside Central Region,11 to 15
TENGAH GARDEN RESIDENCES,"2,284,000","1,033.34","2,210",Apr-26,TENGAH GARDEN AVENUE,New Sale,Strata,96,"23,792",-,Apartment,1,99 yrs lease commencing from 2025,24,Outside Central Region,11 to 15
TENGAH GARDEN RESIDENCES,"1,242,000",624.31,"1,989",Apr-26,TENGAH GARDEN AVENUE,New Sale,Strata,58,"21,414",-,Apartment,1,99 yrs lease commencing from 2025,24,Outside Central Region,11 to 15
TENGAH GARDEN RESIDENCES,"1,250,000",624.31,"2,002",Apr-26,TENGAH GARDEN AVENUE,New Sale,Strata,58,"21,552",-,Apartment,1,99 yrs lease commencing from 2025,24,Outside Central Region,16 to 20
TENGAH GARDEN RESIDENCES,"2,131,000",979.52,"2,176",Apr-26,TENGAH GARDEN AVENUE,New Sale,Strata,91,"23,418",-,Apartment,1,99 yrs lease commencing from 2025,24,Outside Central Region,16 to 20
TENGAH GARDEN RESIDENCES,"1,439,000",667.37,"2,156",Apr-26,TENGAH GARDEN AVENUE,New Sale,Strata,62,"23,210",-,Apartment,1,99 yrs lease commencing from 2025,24,Outside Central Region,16 to 20
TENGAH GARDEN RESIDENCES,"1,439,000",667.37,"2,156",Apr-26,TENGAH GARDEN AVENUE,New Sale,Strata,62,"23,210",-,Apartment,1,99 yrs lease commencing from 2025,24,Outside Central Region,16 to 20
TENGAH GARDEN RESIDENCES,"2,294,000","1,033.34","2,220",Apr-26,TENGAH GARDEN AVENUE,New Sale,Strata,96,"23,896",-,Apartment,1,99 yrs lease commencing from 2025,24,Outside Central Region,16 to 20
TENGAH GARDEN RESIDENCES,"1,250,000",624.31,"2,002",Apr-26,TENGAH GARDEN AVENUE,New Sale,Strata,58,"21,552",-,Apartment,1,99 yrs lease commencing from 2025,24,Outside Central Region,16 to 20
TENGAH GARDEN RESIDENCES,"1,124,000",624.31,"1,800",Apr-26,TENGAH GARDEN AVENUE,New Sale,Strata,58,"19,379",-,Apartment,1,99 yrs lease commencing from 2025,24,Outside Central Region,01 to 05
TENGAH GARDEN RESIDENCES,"1,012,000",516.67,"1,959",Apr-26,TENGAH GARDEN AVENUE,New Sale,Strata,48,"21,083",-,Apartment,1,99 yrs lease commencing from 2025,24,Outside Central Region,01 to 05
TENGAH GARDEN RESIDENCES,"1,110,000",624.31,"1,778",Apr-26,TENGAH GARDEN AVENUE,New Sale,Strata,58,"19,138",-,Apartment,1,99 yrs lease commencing from 2025,24,Outside Central Region,01 to 05
TENGAH GARDEN RESIDENCES,"1,781,000",904.18,"1,970",Apr-26,TENGAH GARDEN AVENUE,New Sale,Strata,84,"21,202",-,Apartment,1,99 yrs lease commencing from 2025,24,Outside Central Region,01 to 05
TENGAH GARDEN RESIDENCES,"1,588,000",796.54,"1,994",Apr-26,TENGAH GARDEN AVENUE,New Sale,Strata,74,"21,459",-,Apartment,1,99 yrs lease commencing from 2025,24,Outside Central Region,01 to 05
TENGAH GARDEN RESIDENCES,"1,484,000",753.48,"1,970",Apr-26,TENGAH GARDEN AVENUE,New Sale,Strata,70,"21,200",-,Apartment,1,99 yrs lease commencing from 2025,24,Outside Central Region,01 to 05
TENGAH GARDEN RESIDENCES,"2,001,000",990.29,"2,021",Apr-26,TENGAH GARDEN AVENUE,New Sale,Strata,92,"21,750",-,Apartment,1,99 yrs lease commencing from 2025,24,Outside Central Region,01 to 05
TENGAH GARDEN RESIDENCES,"1,888,000",904.18,"2,088",Apr-26,TENGAH GARDEN AVENUE,New Sale,Strata,84,"22,476",-,Apartment,1,99 yrs lease commencing from 2025,24,Outside Central Region,01 to 05
TENGAH GARDEN RESIDENCES,"1,138,000",624.31,"1,823",Apr-26,TENGAH GARDEN AVENUE,New Sale,Strata,58,"19,621",-,Apartment,1,99 yrs lease commencing from 2025,24,Outside Central Region,01 to 05
TENGAH GARDEN RESIDENCES,"1,119,000",624.31,"1,792",Apr-26,TENGAH GARDEN AVENUE,New Sale,Strata,58,"19,293",-,Apartment,1,99 yrs lease commencing from 2025,24,Outside Central Region,01 to 05
TENGAH GARDEN RESIDENCES,"1,790,000",904.18,"1,980",Apr-26,TENGAH GARDEN AVENUE,New Sale,Strata,84,"21,310",-,Apartment,1,99 yrs lease commencing from 2025,24,Outside Central Region,01 to 05
TENGAH GARDEN RESIDENCES,"1,600,000",796.54,"2,009",Apr-26,TENGAH GARDEN AVENUE,New Sale,Strata,74,"21,622",-,Apartment,1,99 yrs lease commencing from 2025,24,Outside Central Region,01 to 05
TENGAH GARDEN RESIDENCES,"1,491,000",753.48,"1,979",Apr-26,TENGAH GARDEN AVENUE,New Sale,Strata,70,"21,300",-,Apartment,1,99 yrs lease commencing from 2025,24,Outside Central Region,01 to 05
TENGAH GARDEN RESIDENCES,"2,010,000",990.29,"2,030",Apr-26,TENGAH GARDEN AVENUE,New Sale,Strata,92,"21,848",-,Apartment,1,99 yrs lease commencing from 2025,24,Outside Central Region,01 to 05
TENGAH GARDEN RESIDENCES,"1,897,000",904.18,"2,098",Apr-26,TENGAH GARDEN AVENUE,New Sale,Strata,84,"22,583",-,Apartment,1,99 yrs lease commencing from 2025,24,Outside Central Region,01 to 05
TENGAH GARDEN RESIDENCES,"1,144,000",624.31,"1,832",Apr-26,TENGAH GARDEN AVENUE,New Sale,Strata,58,"19,724",-,Apartment,1,99 yrs lease commencing from 2025,24,Outside Central Region,01 to 05
TENGAH GARDEN RESIDENCES,"1,128,000",624.31,"1,807",Apr-26,TENGAH GARDEN AVENUE,New Sale,Strata,58,"19,448",-,Apartment,1,99 yrs lease commencing from 2025,24,Outside Central Region,01 to 05
TENGAH GARDEN RESIDENCES,"1,799,000",904.18,"1,990",Apr-26,TENGAH GARDEN AVENUE,New Sale,Strata,84,"21,417",-,Apartment,1,99 yrs lease commencing from 2025,24,Outside Central Region,01 to 05
TENGAH GARDEN RESIDENCES,"1,612,000",796.54,"2,024",Apr-26,TENGAH GARDEN AVENUE,New Sale,Strata,74,"21,784",-,Apartment,1,99 yrs lease commencing from 2025,24,Outside Central Region,01 to 05
TENGAH GARDEN RESIDENCES,"1,498,000",753.48,"1,988",Apr-26,TENGAH GARDEN AVENUE,New Sale,Strata,70,"21,400",-,Apartment,1,99 yrs lease commencing from 2025,24,Outside Central Region,01 to 05
TENGAH GARDEN RESIDENCES,"2,019,000",990.29,"2,039",Apr-26,TENGAH GARDEN AVENUE,New Sale,Strata,92,"21,946",-,Apartment,1,99 yrs lease commencing from 2025,24,Outside Central Region,01 to 05
TENGAH GARDEN RESIDENCES,"1,906,000",904.18,"2,108",Apr-26,TENGAH GARDEN AVENUE,New Sale,Strata,84,"22,690",-,Apartment,1,99 yrs lease commencing from 2025,24,Outside Central Region,01 to 05
TENGAH GARDEN RESIDENCES,"1,150,000",624.31,"1,842",Apr-26,TENGAH GARDEN AVENUE,New Sale,Strata,58,"19,828",-,Apartment,1,99 yrs lease commencing from 2025,24,Outside Central Region,01 to 05
TENGAH GARDEN RESIDENCES,"1,137,000",624.31,"1,821",Apr-26,TENGAH GARDEN AVENUE,New Sale,Strata,58,"19,603",-,Apartment,1,99 yrs lease commencing from 2025,24,Outside Central Region,06 to 10
TENGAH GARDEN RESIDENCES,"1,808,000",904.18,"2,000",Apr-26,TENGAH GARDEN AVENUE,New Sale,Strata,84,"21,524",-,Apartment,1,99 yrs lease commencing from 2025,24,Outside Central Region,06 to 10
TENGAH GARDEN RESIDENCES,"2,028,000",990.29,"2,048",Apr-26,TENGAH GARDEN AVENUE,New Sale,Strata,92,"22,043",-,Apartment,1,99 yrs lease commencing from 2025,24,Outside Central Region,06 to 10
TENGAH GARDEN RESIDENCES,"1,915,000",904.18,"2,118",Apr-26,TENGAH GARDEN AVENUE,New Sale,Strata,84,"22,798",-,Apartment,1,99 yrs lease commencing from 2025,24,Outside Central Region,06 to 10
TENGAH GARDEN RESIDENCES,"1,156,000",624.31,"1,852",Apr-26,TENGAH GARDEN AVENUE,New Sale,Strata,58,"19,931",-,Apartment,1,99 yrs lease commencing from 2025,24,Outside Central Region,06 to 10
TENGAH GARDEN RESIDENCES,"1,144,000",624.31,"1,832",Apr-26,TENGAH GARDEN AVENUE,New Sale,Strata,58,"19,724",-,Apartment,1,99 yrs lease commencing from 2025,24,Outside Central Region,06 to 10
TENGAH GARDEN RESIDENCES,"1,817,000",904.18,"2,010",Apr-26,TENGAH GARDEN AVENUE,New Sale,Strata,84,"21,631",-,Apartment,1,99 yrs lease commencing from 2025,24,Outside Central Region,06 to 10
TENGAH GARDEN RESIDENCES,"1,635,000",796.54,"2,053",Apr-26,TENGAH GARDEN AVENUE,New Sale,Strata,74,"22,095",-,Apartment,1,99 yrs lease commencing from 2025,24,Outside Central Region,06 to 10
TENGAH GARDEN RESIDENCES,"1,512,000",753.48,"2,007",Apr-26,TENGAH GARDEN AVENUE,New Sale,Strata,70,"21,600",-,Apartment,1,99 yrs lease commencing from 2025,24,Outside Central Region,06 to 10
TENGAH GARDEN RESIDENCES,"2,037,000",990.29,"2,057",Apr-26,TENGAH GARDEN AVENUE,New Sale,Strata,92,"22,141",-,Apartment,1,99 yrs lease commencing from 2025,24,Outside Central Region,06 to 10
TENGAH GARDEN RESIDENCES,"1,924,000",904.18,"2,128",Apr-26,TENGAH GARDEN AVENUE,New Sale,Strata,84,"22,905",-,Apartment,1,99 yrs lease commencing from 2025,24,Outside Central Region,06 to 10
TENGAH GARDEN RESIDENCES,"1,162,000",624.31,"1,861",Apr-26,TENGAH GARDEN AVENUE,New Sale,Strata,58,"20,034",-,Apartment,1,99 yrs lease commencing from 2025,24,Outside Central Region,06 to 10
TENGAH GARDEN RESIDENCES,"1,533,000",753.48,"2,035",Apr-26,TENGAH GARDEN AVENUE,New Sale,Strata,70,"21,900",-,Apartment,1,99 yrs lease commencing from 2025,24,Outside Central Region,06 to 10
TENGAH GARDEN RESIDENCES,"1,180,000",624.31,"1,890",Apr-26,TENGAH GARDEN AVENUE,New Sale,Strata,58,"20,345",-,Apartment,1,99 yrs lease commencing from 2025,24,Outside Central Region,06 to 10
TENGAH GARDEN RESIDENCES,"1,167,000",624.31,"1,869",Apr-26,TENGAH GARDEN AVENUE,New Sale,Strata,58,"20,121",-,Apartment,1,99 yrs lease commencing from 2025,24,Outside Central Region,06 to 10
TENGAH GARDEN RESIDENCES,"1,542,000",753.48,"2,047",Apr-26,TENGAH GARDEN AVENUE,New Sale,Strata,70,"22,029",-,Apartment,1,99 yrs lease commencing from 2025,24,Outside Central Region,06 to 10
TENGAH GARDEN RESIDENCES,"1,188,000",624.31,"1,903",Apr-26,TENGAH GARDEN AVENUE,New Sale,Strata,58,"20,483",-,Apartment,1,99 yrs lease commencing from 2025,24,Outside Central Region,06 to 10
TENGAH GARDEN RESIDENCES,"1,178,000",624.31,"1,887",Apr-26,TENGAH GARDEN AVENUE,New Sale,Strata,58,"20,310",-,Apartment,1,99 yrs lease commencing from 2025,24,Outside Central Region,06 to 10
TENGAH GARDEN RESIDENCES,"1,551,000",753.48,"2,058",Apr-26,TENGAH GARDEN AVENUE,New Sale,Strata,70,"22,157",-,Apartment,1,99 yrs lease commencing from 2025,24,Outside Central Region,06 to 10
TENGAH GARDEN RESIDENCES,"1,196,000",624.31,"1,916",Apr-26,TENGAH GARDEN AVENUE,New Sale,Strata,58,"20,621",-,Apartment,1,99 yrs lease commencing from 2025,24,Outside Central Region,06 to 10
TENGAH GARDEN RESIDENCES,"1,186,000",624.31,"1,900",Apr-26,TENGAH GARDEN AVENUE,New Sale,Strata,58,"20,448",-,Apartment,1,99 yrs lease commencing from 2025,24,Outside Central Region,11 to 15
TENGAH GARDEN RESIDENCES,"1,560,000",753.48,"2,070",Apr-26,TENGAH GARDEN AVENUE,New Sale,Strata,70,"22,286",-,Apartment,1,99 yrs lease commencing from 2025,24,Outside Central Region,11 to 15
TENGAH GARDEN RESIDENCES,"1,200,000",624.31,"1,922",Apr-26,TENGAH GARDEN AVENUE,New Sale,Strata,58,"20,690",-,Apartment,1,99 yrs lease commencing from 2025,24,Outside Central Region,11 to 15
TENGAH GARDEN RESIDENCES,"1,997,000",904.18,"2,209",Apr-26,TENGAH GARDEN AVENUE,New Sale,Strata,84,"23,774",-,Apartment,1,99 yrs lease commencing from 2025,24,Outside Central Region,11 to 15
TENGAH GARDEN RESIDENCES,"1,218,000",624.31,"1,951",Apr-26,TENGAH GARDEN AVENUE,New Sale,Strata,58,"21,000",-,Apartment,1,99 yrs lease commencing from 2025,24,Outside Central Region,11 to 15
TENGAH GARDEN RESIDENCES,"1,208,000",624.31,"1,935",Apr-26,TENGAH GARDEN AVENUE,New Sale,Strata,58,"20,828",-,Apartment,1,99 yrs lease commencing from 2025,24,Outside Central Region,11 to 15
TENGAH GARDEN RESIDENCES,"1,586,000",753.48,"2,105",Apr-26,TENGAH GARDEN AVENUE,New Sale,Strata,70,"22,657",-,Apartment,1,99 yrs lease commencing from 2025,24,Outside Central Region,11 to 15
TENGAH GARDEN RESIDENCES,"2,007,000",904.18,"2,220",Apr-26,TENGAH GARDEN AVENUE,New Sale,Strata,84,"23,893",-,Apartment,1,99 yrs lease commencing from 2025,24,Outside Central Region,11 to 15
TENGAH GARDEN RESIDENCES,"1,216,000",624.31,"1,948",Apr-26,TENGAH GARDEN AVENUE,New Sale,Strata,58,"20,966",-,Apartment,1,99 yrs lease commencing from 2025,24,Outside Central Region,11 to 15
TENGAH GARDEN RESIDENCES,"2,131,000",990.29,"2,152",Apr-26,TENGAH GARDEN AVENUE,New Sale,Strata,92,"23,163",-,Apartment,1,99 yrs lease commencing from 2025,24,Outside Central Region,11 to 15
TENGAH GARDEN RESIDENCES,"2,017,000",904.18,"2,231",Apr-26,TENGAH GARDEN AVENUE,New Sale,Strata,84,"24,012",-,Apartment,1,99 yrs lease commencing from 2025,24,Outside Central Region,11 to 15
TENGAH GARDEN RESIDENCES,"1,234,000",624.31,"1,977",Apr-26,TENGAH GARDEN AVENUE,New Sale,Strata,58,"21,276",-,Apartment,1,99 yrs lease commencing from 2025,24,Outside Central Region,11 to 15
TENGAH GARDEN RESIDENCES,"1,224,000",624.31,"1,961",Apr-26,TENGAH GARDEN AVENUE,New Sale,Strata,58,"21,103",-,Apartment,1,99 yrs lease commencing from 2025,24,Outside Central Region,11 to 15
TENGAH GARDEN RESIDENCES,"1,604,000",753.48,"2,129",Apr-26,TENGAH GARDEN AVENUE,New Sale,Strata,70,"22,914",-,Apartment,1,99 yrs lease commencing from 2025,24,Outside Central Region,11 to 15
TENGAH GARDEN RESIDENCES,"2,141,000",990.29,"2,162",Apr-26,TENGAH GARDEN AVENUE,New Sale,Strata,92,"23,272",-,Apartment,1,99 yrs lease commencing from 2025,24,Outside Central Region,11 to 15
TENGAH GARDEN RESIDENCES,"2,027,000",904.18,"2,242",Apr-26,TENGAH GARDEN AVENUE,New Sale,Strata,84,"24,131",-,Apartment,1,99 yrs lease commencing from 2025,24,Outside Central Region,11 to 15
TENGAH GARDEN RESIDENCES,"1,242,000",624.31,"1,989",Apr-26,TENGAH GARDEN AVENUE,New Sale,Strata,58,"21,414",-,Apartment,1,99 yrs lease commencing from 2025,24,Outside Central Region,11 to 15
TENGAH GARDEN RESIDENCES,"1,232,000",624.31,"1,973",Apr-26,TENGAH GARDEN AVENUE,New Sale,Strata,58,"21,241",-,Apartment,1,99 yrs lease commencing from 2025,24,Outside Central Region,16 to 20
TENGAH GARDEN RESIDENCES,"1,930,000",904.18,"2,135",Apr-26,TENGAH GARDEN AVENUE,New Sale,Strata,84,"22,976",-,Apartment,1,99 yrs lease commencing from 2025,24,Outside Central Region,16 to 20
TENGAH GARDEN RESIDENCES,"1,748,000",796.54,"2,195",Apr-26,TENGAH GARDEN AVENUE,New Sale,Strata,74,"23,622",-,Apartment,1,99 yrs lease commencing from 2025,24,Outside Central Region,16 to 20
TENGAH GARDEN RESIDENCES,"1,613,000",753.48,"2,141",Apr-26,TENGAH GARDEN AVENUE,New Sale,Strata,70,"23,043",-,Apartment,1,99 yrs lease commencing from 2025,24,Outside Central Region,16 to 20
TENGAH GARDEN RESIDENCES,"2,151,000",990.29,"2,172",Apr-26,TENGAH GARDEN AVENUE,New Sale,Strata,92,"23,380",-,Apartment,1,99 yrs lease commencing from 2025,24,Outside Central Region,16 to 20
TENGAH GARDEN RESIDENCES,"2,037,000",904.18,"2,253",Apr-26,TENGAH GARDEN AVENUE,New Sale,Strata,84,"24,250",-,Apartment,1,99 yrs lease commencing from 2025,24,Outside Central Region,16 to 20
TENGAH GARDEN RESIDENCES,"1,250,000",624.31,"2,002",Apr-26,TENGAH GARDEN AVENUE,New Sale,Strata,58,"21,552",-,Apartment,1,99 yrs lease commencing from 2025,24,Outside Central Region,16 to 20
TENGAH GARDEN RESIDENCES,"990,000",484.38,"2,044",Apr-26,TENGAH GARDEN AVENUE,New Sale,Strata,45,"22,000",-,Apartment,1,99 yrs lease commencing from 2025,24,Outside Central Region,01 to 05
TENGAH GARDEN RESIDENCES,"1,314,000",667.37,"1,969",Apr-26,TENGAH GARDEN AVENUE,New Sale,Strata,62,"21,194",-,Apartment,1,99 yrs lease commencing from 2025,24,Outside Central Region,01 to 05
TENGAH GARDEN RESIDENCES,"2,148,000","1,033.34","2,079",Apr-26,TENGAH GARDEN AVENUE,New Sale,Strata,96,"22,375",-,Apartment,1,99 yrs lease commencing from 2025,24,Outside Central Region,01 to 05
TENGAH GARDEN RESIDENCES,"1,188,000",624.31,"1,903",Apr-26,TENGAH GARDEN AVENUE,New Sale,Strata,58,"20,483",-,Apartment,1,99 yrs lease commencing from 2025,24,Outside Central Region,01 to 05
TENGAH GARDEN RESIDENCES,"1,184,000",624.31,"1,896",Apr-26,TENGAH GARDEN AVENUE,New Sale,Strata,58,"20,414",-,Apartment,1,99 yrs lease commencing from 2025,24,Outside Central Region,01 to 05
TENGAH GARDEN RESIDENCES,"1,857,000",904.18,"2,054",Apr-26,TENGAH GARDEN AVENUE,New Sale,Strata,84,"22,107",-,Apartment,1,99 yrs lease commencing from 2025,24,Outside Central Region,01 to 05
TENGAH GARDEN RESIDENCES,"1,311,000",667.37,"1,964",Apr-26,TENGAH GARDEN AVENUE,New Sale,Strata,62,"21,145",-,Apartment,1,99 yrs lease commencing from 2025,24,Outside Central Region,01 to 05
TENGAH GARDEN RESIDENCES,"1,311,000",667.37,"1,964",Apr-26,TENGAH GARDEN AVENUE,New Sale,Strata,62,"21,145",-,Apartment,1,99 yrs lease commencing from 2025,24,Outside Central Region,01 to 05
TENGAH GARDEN RESIDENCES,"2,144,000","1,033.34","2,075",Apr-26,TENGAH GARDEN AVENUE,New Sale,Strata,96,"22,333",-,Apartment,1,99 yrs lease commencing from 2025,24,Outside Central Region,01 to 05
TENGAH GARDEN RESIDENCES,"1,184,000",624.31,"1,896",Apr-26,TENGAH GARDEN AVENUE,New Sale,Strata,58,"20,414",-,Apartment,1,99 yrs lease commencing from 2025,24,Outside Central Region,01 to 05
TENGAH GARDEN RESIDENCES,"1,190,000",624.31,"1,906",Apr-26,TENGAH GARDEN AVENUE,New Sale,Strata,58,"20,517",-,Apartment,1,99 yrs lease commencing from 2025,24,Outside Central Region,01 to 05
TENGAH GARDEN RESIDENCES,"1,866,000",904.18,"2,064",Apr-26,TENGAH GARDEN AVENUE,New Sale,Strata,84,"22,214",-,Apartment,1,99 yrs lease commencing from 2025,24,Outside Central Region,01 to 05
TENGAH GARDEN RESIDENCES,"1,318,000",667.37,"1,975",Apr-26,TENGAH GARDEN AVENUE,New Sale,Strata,62,"21,258",-,Apartment,1,99 yrs lease commencing from 2025,24,Outside Central Region,01 to 05
TENGAH GARDEN RESIDENCES,"1,318,000",667.37,"1,975",Apr-26,TENGAH GARDEN AVENUE,New Sale,Strata,62,"21,258",-,Apartment,1,99 yrs lease commencing from 2025,24,Outside Central Region,01 to 05
TENGAH GARDEN RESIDENCES,"2,153,000","1,033.34","2,084",Apr-26,TENGAH GARDEN AVENUE,New Sale,Strata,96,"22,427",-,Apartment,1,99 yrs lease commencing from 2025,24,Outside Central Region,01 to 05
TENGAH GARDEN RESIDENCES,"1,669,000",828.83,"2,014",Apr-26,TENGAH GARDEN AVENUE,New Sale,Strata,77,"21,675",-,Apartment,1,99 yrs lease commencing from 2025,24,Outside Central Region,01 to 05
TENGAH GARDEN RESIDENCES,"1,190,000",624.31,"1,906",Apr-26,TENGAH GARDEN AVENUE,New Sale,Strata,58,"20,517",-,Apartment,1,99 yrs lease commencing from 2025,24,Outside Central Region,01 to 05
TENGAH GARDEN RESIDENCES,"1,196,000",624.31,"1,916",Apr-26,TENGAH GARDEN AVENUE,New Sale,Strata,58,"20,621",-,Apartment,1,99 yrs lease commencing from 2025,24,Outside Central Region,01 to 05
TENGAH GARDEN RESIDENCES,"1,875,000",904.18,"2,074",Apr-26,TENGAH GARDEN AVENUE,New Sale,Strata,84,"22,321",-,Apartment,1,99 yrs lease commencing from 2025,24,Outside Central Region,01 to 05
TENGAH GARDEN RESIDENCES,"1,325,000",667.37,"1,985",Apr-26,TENGAH GARDEN AVENUE,New Sale,Strata,62,"21,371",-,Apartment,1,99 yrs lease commencing from 2025,24,Outside Central Region,01 to 05
TENGAH GARDEN RESIDENCES,"1,325,000",667.37,"1,985",Apr-26,TENGAH GARDEN AVENUE,New Sale,Strata,62,"21,371",-,Apartment,1,99 yrs lease commencing from 2025,24,Outside Central Region,01 to 05
TENGAH GARDEN RESIDENCES,"2,162,000","1,033.34","2,092",Apr-26,TENGAH GARDEN AVENUE,New Sale,Strata,96,"22,521",-,Apartment,1,99 yrs lease commencing from 2025,24,Outside Central Region,01 to 05
TENGAH GARDEN RESIDENCES,"1,678,000",828.83,"2,025",Apr-26,TENGAH GARDEN AVENUE,New Sale,Strata,77,"21,792",-,Apartment,1,99 yrs lease commencing from 2025,24,Outside Central Region,01 to 05
TENGAH GARDEN RESIDENCES,"1,196,000",624.31,"1,916",Apr-26,TENGAH GARDEN AVENUE,New Sale,Strata,58,"20,621",-,Apartment,1,99 yrs lease commencing from 2025,24,Outside Central Region,01 to 05
TENGAH GARDEN RESIDENCES,"2,171,000","1,033.34","2,101",Apr-26,TENGAH GARDEN AVENUE,New Sale,Strata,96,"22,615",-,Apartment,1,99 yrs lease commencing from 2025,24,Outside Central Region,06 to 10
TENGAH GARDEN RESIDENCES,"1,687,000",828.83,"2,035",Apr-26,TENGAH GARDEN AVENUE,New Sale,Strata,77,"21,909",-,Apartment,1,99 yrs lease commencing from 2025,24,Outside Central Region,06 to 10
TENGAH GARDEN RESIDENCES,"1,202,000",624.31,"1,925",Apr-26,TENGAH GARDEN AVENUE,New Sale,Strata,58,"20,724",-,Apartment,1,99 yrs lease commencing from 2025,24,Outside Central Region,06 to 10
TENGAH GARDEN RESIDENCES,"2,180,000","1,033.34","2,110",Apr-26,TENGAH GARDEN AVENUE,New Sale,Strata,96,"22,708",-,Apartment,1,99 yrs lease commencing from 2025,24,Outside Central Region,06 to 10
TENGAH GARDEN RESIDENCES,"1,696,000",828.83,"2,046",Apr-26,TENGAH GARDEN AVENUE,New Sale,Strata,77,"22,026",-,Apartment,1,99 yrs lease commencing from 2025,24,Outside Central Region,06 to 10
TENGAH GARDEN RESIDENCES,"1,208,000",624.31,"1,935",Apr-26,TENGAH GARDEN AVENUE,New Sale,Strata,58,"20,828",-,Apartment,1,99 yrs lease commencing from 2025,24,Outside Central Region,06 to 10
TENGAH GARDEN RESIDENCES,"1,234,000",624.31,"1,977",Apr-26,TENGAH GARDEN AVENUE,New Sale,Strata,58,"21,276",-,Apartment,1,99 yrs lease commencing from 2025,24,Outside Central Region,06 to 10
TENGAH GARDEN RESIDENCES,"2,224,000","1,033.34","2,152",Apr-26,TENGAH GARDEN AVENUE,New Sale,Strata,96,"23,167",-,Apartment,1,99 yrs lease commencing from 2025,24,Outside Central Region,06 to 10
TENGAH GARDEN RESIDENCES,"1,242,000",624.31,"1,989",Apr-26,TENGAH GARDEN AVENUE,New Sale,Strata,58,"21,414",-,Apartment,1,99 yrs lease commencing from 2025,24,Outside Central Region,06 to 10
TENGAH GARDEN RESIDENCES,"2,234,000","1,033.34","2,162",Apr-26,TENGAH GARDEN AVENUE,New Sale,Strata,96,"23,271",-,Apartment,1,99 yrs lease commencing from 2025,24,Outside Central Region,11 to 15
TENGAH GARDEN RESIDENCES,"1,250,000",624.31,"2,002",Apr-26,TENGAH GARDEN AVENUE,New Sale,Strata,58,"21,552",-,Apartment,1,99 yrs lease commencing from 2025,24,Outside Central Region,11 to 15
TENGAH GARDEN RESIDENCES,"1,264,000",624.31,"2,025",Apr-26,TENGAH GARDEN AVENUE,New Sale,Strata,58,"21,793",-,Apartment,1,99 yrs lease commencing from 2025,24,Outside Central Region,11 to 15
TENGAH GARDEN RESIDENCES,"1,272,000",624.31,"2,037",Apr-26,TENGAH GARDEN AVENUE,New Sale,Strata,58,"21,931",-,Apartment,1,99 yrs lease commencing from 2025,24,Outside Central Region,11 to 15
TENGAH GARDEN RESIDENCES,"1,412,000",667.37,"2,116",Apr-26,TENGAH GARDEN AVENUE,New Sale,Strata,62,"22,774",-,Apartment,1,99 yrs lease commencing from 2025,24,Outside Central Region,11 to 15
TENGAH GARDEN RESIDENCES,"1,412,000",667.37,"2,116",Apr-26,TENGAH GARDEN AVENUE,New Sale,Strata,62,"22,774",-,Apartment,1,99 yrs lease commencing from 2025,24,Outside Central Region,11 to 15
TENGAH GARDEN RESIDENCES,"2,264,000","1,033.34","2,191",Apr-26,TENGAH GARDEN AVENUE,New Sale,Strata,96,"23,583",-,Apartment,1,99 yrs lease commencing from 2025,24,Outside Central Region,11 to 15
TENGAH GARDEN RESIDENCES,"1,272,000",624.31,"2,037",Apr-26,TENGAH GARDEN AVENUE,New Sale,Strata,58,"21,931",-,Apartment,1,99 yrs lease commencing from 2025,24,Outside Central Region,11 to 15
TENGAH GARDEN RESIDENCES,"1,280,000",624.31,"2,050",Apr-26,TENGAH GARDEN AVENUE,New Sale,Strata,58,"22,069",-,Apartment,1,99 yrs lease commencing from 2025,24,Outside Central Region,11 to 15
TENGAH GARDEN RESIDENCES,"1,421,000",667.37,"2,129",Apr-26,TENGAH GARDEN AVENUE,New Sale,Strata,62,"22,919",-,Apartment,1,99 yrs lease commencing from 2025,24,Outside Central Region,11 to 15
TENGAH GARDEN RESIDENCES,"1,421,000",667.37,"2,129",Apr-26,TENGAH GARDEN AVENUE,New Sale,Strata,62,"22,919",-,Apartment,1,99 yrs lease commencing from 2025,24,Outside Central Region,11 to 15
TENGAH GARDEN RESIDENCES,"2,274,000","1,033.34","2,201",Apr-26,TENGAH GARDEN AVENUE,New Sale,Strata,96,"23,688",-,Apartment,1,99 yrs lease commencing from 2025,24,Outside Central Region,11 to 15
TENGAH GARDEN RESIDENCES,"1,280,000",624.31,"2,050",Apr-26,TENGAH GARDEN AVENUE,New Sale,Strata,58,"22,069",-,Apartment,1,99 yrs lease commencing from 2025,24,Outside Central Region,11 to 15
TENGAH GARDEN RESIDENCES,"1,288,000",624.31,"2,063",Apr-26,TENGAH GARDEN AVENUE,New Sale,Strata,58,"22,207",-,Apartment,1,99 yrs lease commencing from 2025,24,Outside Central Region,11 to 15
TENGAH GARDEN RESIDENCES,"1,430,000",667.37,"2,143",Apr-26,TENGAH GARDEN AVENUE,New Sale,Strata,62,"23,065",-,Apartment,1,99 yrs lease commencing from 2025,24,Outside Central Region,11 to 15
TENGAH GARDEN RESIDENCES,"1,430,000",667.37,"2,143",Apr-26,TENGAH GARDEN AVENUE,New Sale,Strata,62,"23,065",-,Apartment,1,99 yrs lease commencing from 2025,24,Outside Central Region,11 to 15
TENGAH GARDEN RESIDENCES,"1,288,000",624.31,"2,063",Apr-26,TENGAH GARDEN AVENUE,New Sale,Strata,58,"22,207",-,Apartment,1,99 yrs lease commencing from 2025,24,Outside Central Region,11 to 15
TENGAH GARDEN RESIDENCES,"1,296,000",624.31,"2,076",Apr-26,TENGAH GARDEN AVENUE,New Sale,Strata,58,"22,345",-,Apartment,1,99 yrs lease commencing from 2025,24,Outside Central Region,16 to 20
TENGAH GARDEN RESIDENCES,"1,439,000",667.37,"2,156",Apr-26,TENGAH GARDEN AVENUE,New Sale,Strata,62,"23,210",-,Apartment,1,99 yrs lease commencing from 2025,24,Outside Central Region,16 to 20
TENGAH GARDEN RESIDENCES,"1,439,000",667.37,"2,156",Apr-26,TENGAH GARDEN AVENUE,New Sale,Strata,62,"23,210",-,Apartment,1,99 yrs lease commencing from 2025,24,Outside Central Region,16 to 20
TENGAH GARDEN RESIDENCES,"2,294,000","1,033.34","2,220",Apr-26,TENGAH GARDEN AVENUE,New Sale,Strata,96,"23,896",-,Apartment,1,99 yrs lease commencing from 2025,24,Outside Central Region,16 to 20
TENGAH GARDEN RESIDENCES,"1,296,000",624.31,"2,076",Apr-26,TENGAH GARDEN AVENUE,New Sale,Strata,58,"22,345",-,Apartment,1,99 yrs lease commencing from 2025,24,Outside Central Region,16 to 20
TENGAH GARDEN RESIDENCES,"1,188,000",624.31,"1,903",Apr-26,TENGAH GARDEN AVENUE,New Sale,Strata,58,"20,483",-,Apartment,1,99 yrs lease commencing from 2025,24,Outside Central Region,01 to 05
TENGAH GARDEN RESIDENCES,"1,897,000",904.18,"2,098",Apr-26,TENGAH GARDEN AVENUE,New Sale,Strata,84,"22,583",-,Apartment,1,99 yrs lease commencing from 2025,24,Outside Central Region,01 to 05
TENGAH GARDEN RESIDENCES,"1,005,000",484.38,"2,075",Apr-26,TENGAH GARDEN AVENUE,New Sale,Strata,45,"22,333",-,Apartment,1,99 yrs lease commencing from 2025,24,Outside Central Region,01 to 05
TENGAH GARDEN RESIDENCES,"1,213,000",624.31,"1,943",Apr-26,TENGAH GARDEN AVENUE,New Sale,Strata,58,"20,914",-,Apartment,1,99 yrs lease commencing from 2025,24,Outside Central Region,01 to 05
TENGAH GARDEN RESIDENCES,"1,184,000",624.31,"1,896",Apr-26,TENGAH GARDEN AVENUE,New Sale,Strata,58,"20,414",-,Apartment,1,99 yrs lease commencing from 2025,24,Outside Central Region,01 to 05
TENGAH GARDEN RESIDENCES,"1,893,000",904.18,"2,094",Apr-26,TENGAH GARDEN AVENUE,New Sale,Strata,84,"22,536",-,Apartment,1,99 yrs lease commencing from 2025,24,Outside Central Region,01 to 05
TENGAH GARDEN RESIDENCES,"2,207,000","1,033.34","2,136",Apr-26,TENGAH GARDEN AVENUE,New Sale,Strata,96,"22,990",-,Apartment,1,99 yrs lease commencing from 2025,24,Outside Central Region,01 to 05
TENGAH GARDEN RESIDENCES,"1,392,000",667.37,"2,086",Apr-26,TENGAH GARDEN AVENUE,New Sale,Strata,62,"22,452",-,Apartment,1,99 yrs lease commencing from 2025,24,Outside Central Region,01 to 05
TENGAH GARDEN RESIDENCES,"1,374,000",667.37,"2,059",Apr-26,TENGAH GARDEN AVENUE,New Sale,Strata,62,"22,161",-,Apartment,1,99 yrs lease commencing from 2025,24,Outside Central Region,01 to 05
TENGAH GARDEN RESIDENCES,"1,719,000",828.83,"2,074",Apr-26,TENGAH GARDEN AVENUE,New Sale,Strata,77,"22,325",-,Apartment,1,99 yrs lease commencing from 2025,24,Outside Central Region,01 to 05
TENGAH GARDEN RESIDENCES,"1,209,000",624.31,"1,937",Apr-26,TENGAH GARDEN AVENUE,New Sale,Strata,58,"20,845",-,Apartment,1,99 yrs lease commencing from 2025,24,Outside Central Region,01 to 05
TENGAH GARDEN RESIDENCES,"1,190,000",624.31,"1,906",Apr-26,TENGAH GARDEN AVENUE,New Sale,Strata,58,"20,517",-,Apartment,1,99 yrs lease commencing from 2025,24,Outside Central Region,01 to 05
TENGAH GARDEN RESIDENCES,"1,902,000",904.18,"2,104",Apr-26,TENGAH GARDEN AVENUE,New Sale,Strata,84,"22,643",-,Apartment,1,99 yrs lease commencing from 2025,24,Outside Central Region,01 to 05
TENGAH GARDEN RESIDENCES,"2,216,000","1,033.34","2,144",Apr-26,TENGAH GARDEN AVENUE,New Sale,Strata,96,"23,083",-,Apartment,1,99 yrs lease commencing from 2025,24,Outside Central Region,01 to 05
TENGAH GARDEN RESIDENCES,"1,399,000",667.37,"2,096",Apr-26,TENGAH GARDEN AVENUE,New Sale,Strata,62,"22,565",-,Apartment,1,99 yrs lease commencing from 2025,24,Outside Central Region,01 to 05
TENGAH GARDEN RESIDENCES,"1,381,000",667.37,"2,069",Apr-26,TENGAH GARDEN AVENUE,New Sale,Strata,62,"22,274",-,Apartment,1,99 yrs lease commencing from 2025,24,Outside Central Region,01 to 05
TENGAH GARDEN RESIDENCES,"2,187,000","1,033.34","2,116",Apr-26,TENGAH GARDEN AVENUE,New Sale,Strata,96,"22,781",-,Apartment,1,99 yrs lease commencing from 2025,24,Outside Central Region,01 to 05
TENGAH GARDEN RESIDENCES,"1,715,000",828.83,"2,069",Apr-26,TENGAH GARDEN AVENUE,New Sale,Strata,77,"22,273",-,Apartment,1,99 yrs lease commencing from 2025,24,Outside Central Region,01 to 05
TENGAH GARDEN RESIDENCES,"1,215,000",624.31,"1,946",Apr-26,TENGAH GARDEN AVENUE,New Sale,Strata,58,"20,948",-,Apartment,1,99 yrs lease commencing from 2025,24,Outside Central Region,01 to 05
TENGAH GARDEN RESIDENCES,"1,196,000",624.31,"1,916",Apr-26,TENGAH GARDEN AVENUE,New Sale,Strata,58,"20,621",-,Apartment,1,99 yrs lease commencing from 2025,24,Outside Central Region,01 to 05
TENGAH GARDEN RESIDENCES,"1,911,000",904.18,"2,114",Apr-26,TENGAH GARDEN AVENUE,New Sale,Strata,84,"22,750",-,Apartment,1,99 yrs lease commencing from 2025,24,Outside Central Region,01 to 05
TENGAH GARDEN RESIDENCES,"2,225,000","1,033.34","2,153",Apr-26,TENGAH GARDEN AVENUE,New Sale,Strata,96,"23,177",-,Apartment,1,99 yrs lease commencing from 2025,24,Outside Central Region,01 to 05
TENGAH GARDEN RESIDENCES,"1,406,000",667.37,"2,107",Apr-26,TENGAH GARDEN AVENUE,New Sale,Strata,62,"22,677",-,Apartment,1,99 yrs lease commencing from 2025,24,Outside Central Region,01 to 05
TENGAH GARDEN RESIDENCES,"1,388,000",667.37,"2,080",Apr-26,TENGAH GARDEN AVENUE,New Sale,Strata,62,"22,387",-,Apartment,1,99 yrs lease commencing from 2025,24,Outside Central Region,01 to 05
TENGAH GARDEN RESIDENCES,"2,196,000","1,033.34","2,125",Apr-26,TENGAH GARDEN AVENUE,New Sale,Strata,96,"22,875",-,Apartment,1,99 yrs lease commencing from 2025,24,Outside Central Region,01 to 05
TENGAH GARDEN RESIDENCES,"1,724,000",828.83,"2,080",Apr-26,TENGAH GARDEN AVENUE,New Sale,Strata,77,"22,390",-,Apartment,1,99 yrs lease commencing from 2025,24,Outside Central Region,01 to 05
TENGAH GARDEN RESIDENCES,"1,221,000",624.31,"1,956",Apr-26,TENGAH GARDEN AVENUE,New Sale,Strata,58,"21,052",-,Apartment,1,99 yrs lease commencing from 2025,24,Outside Central Region,01 to 05
TENGAH GARDEN RESIDENCES,"2,205,000","1,033.34","2,134",Apr-26,TENGAH GARDEN AVENUE,New Sale,Strata,96,"22,969",-,Apartment,1,99 yrs lease commencing from 2025,24,Outside Central Region,06 to 10
TENGAH GARDEN RESIDENCES,"1,733,000",828.83,"2,091",Apr-26,TENGAH GARDEN AVENUE,New Sale,Strata,77,"22,506",-,Apartment,1,99 yrs lease commencing from 2025,24,Outside Central Region,06 to 10
TENGAH GARDEN RESIDENCES,"1,227,000",624.31,"1,965",Apr-26,TENGAH GARDEN AVENUE,New Sale,Strata,58,"21,155",-,Apartment,1,99 yrs lease commencing from 2025,24,Outside Central Region,06 to 10
TENGAH GARDEN RESIDENCES,"1,208,000",624.31,"1,935",Apr-26,TENGAH GARDEN AVENUE,New Sale,Strata,58,"20,828",-,Apartment,1,99 yrs lease commencing from 2025,24,Outside Central Region,06 to 10
TENGAH GARDEN RESIDENCES,"1,402,000",667.37,"2,101",Apr-26,TENGAH GARDEN AVENUE,New Sale,Strata,62,"22,613",-,Apartment,1,99 yrs lease commencing from 2025,24,Outside Central Region,06 to 10
TENGAH GARDEN RESIDENCES,"2,214,000","1,033.34","2,143",Apr-26,TENGAH GARDEN AVENUE,New Sale,Strata,96,"23,063",-,Apartment,1,99 yrs lease commencing from 2025,24,Outside Central Region,06 to 10
TENGAH GARDEN RESIDENCES,"1,742,000",828.83,"2,102",Apr-26,TENGAH GARDEN AVENUE,New Sale,Strata,77,"22,623",-,Apartment,1,99 yrs lease commencing from 2025,24,Outside Central Region,06 to 10
TENGAH GARDEN RESIDENCES,"1,233,000",624.31,"1,975",Apr-26,TENGAH GARDEN AVENUE,New Sale,Strata,58,"21,259",-,Apartment,1,99 yrs lease commencing from 2025,24,Outside Central Region,06 to 10
TENGAH GARDEN RESIDENCES,"2,248,000","1,033.34","2,175",Apr-26,TENGAH GARDEN AVENUE,New Sale,Strata,96,"23,417",-,Apartment,1,99 yrs lease commencing from 2025,24,Outside Central Region,06 to 10
TENGAH GARDEN RESIDENCES,"2,258,000","1,033.34","2,185",Apr-26,TENGAH GARDEN AVENUE,New Sale,Strata,96,"23,521",-,Apartment,1,99 yrs lease commencing from 2025,24,Outside Central Region,06 to 10
TENGAH GARDEN RESIDENCES,"1,267,000",624.31,"2,029",Apr-26,TENGAH GARDEN AVENUE,New Sale,Strata,58,"21,845",-,Apartment,1,99 yrs lease commencing from 2025,24,Outside Central Region,06 to 10
TENGAH GARDEN RESIDENCES,"2,268,000","1,033.34","2,195",Apr-26,TENGAH GARDEN AVENUE,New Sale,Strata,96,"23,625",-,Apartment,1,99 yrs lease commencing from 2025,24,Outside Central Region,11 to 15
TENGAH GARDEN RESIDENCES,"1,264,000",624.31,"2,025",Apr-26,TENGAH GARDEN AVENUE,New Sale,Strata,58,"21,793",-,Apartment,1,99 yrs lease commencing from 2025,24,Outside Central Region,11 to 15
TENGAH GARDEN RESIDENCES,"1,466,000",667.37,"2,197",Apr-26,TENGAH GARDEN AVENUE,New Sale,Strata,62,"23,645",-,Apartment,1,99 yrs lease commencing from 2025,24,Outside Central Region,11 to 15
TENGAH GARDEN RESIDENCES,"2,288,000","1,033.34","2,214",Apr-26,TENGAH GARDEN AVENUE,New Sale,Strata,96,"23,833",-,Apartment,1,99 yrs lease commencing from 2025,24,Outside Central Region,11 to 15
TENGAH GARDEN RESIDENCES,"1,289,000",624.31,"2,065",Apr-26,TENGAH GARDEN AVENUE,New Sale,Strata,58,"22,224",-,Apartment,1,99 yrs lease commencing from 2025,24,Outside Central Region,11 to 15
TENGAH GARDEN RESIDENCES,"1,272,000",624.31,"2,037",Apr-26,TENGAH GARDEN AVENUE,New Sale,Strata,58,"21,931",-,Apartment,1,99 yrs lease commencing from 2025,24,Outside Central Region,11 to 15
TENGAH GARDEN RESIDENCES,"2,324,000","1,033.34","2,249",Apr-26,TENGAH GARDEN AVENUE,New Sale,Strata,96,"24,208",-,Apartment,1,99 yrs lease commencing from 2025,24,Outside Central Region,11 to 15
TENGAH GARDEN RESIDENCES,"1,475,000",667.37,"2,210",Apr-26,TENGAH GARDEN AVENUE,New Sale,Strata,62,"23,790",-,Apartment,1,99 yrs lease commencing from 2025,24,Outside Central Region,11 to 15
TENGAH GARDEN RESIDENCES,"2,298,000","1,033.34","2,224",Apr-26,TENGAH GARDEN AVENUE,New Sale,Strata,96,"23,938",-,Apartment,1,99 yrs lease commencing from 2025,24,Outside Central Region,11 to 15
TENGAH GARDEN RESIDENCES,"1,297,000",624.31,"2,077",Apr-26,TENGAH GARDEN AVENUE,New Sale,Strata,58,"22,362",-,Apartment,1,99 yrs lease commencing from 2025,24,Outside Central Region,11 to 15
TENGAH GARDEN RESIDENCES,"1,280,000",624.31,"2,050",Apr-26,TENGAH GARDEN AVENUE,New Sale,Strata,58,"22,069",-,Apartment,1,99 yrs lease commencing from 2025,24,Outside Central Region,11 to 15
TENGAH GARDEN RESIDENCES,"1,502,000",667.37,"2,251",Apr-26,TENGAH GARDEN AVENUE,New Sale,Strata,62,"24,226",-,Apartment,1,99 yrs lease commencing from 2025,24,Outside Central Region,11 to 15
TENGAH GARDEN RESIDENCES,"1,484,000",667.37,"2,224",Apr-26,TENGAH GARDEN AVENUE,New Sale,Strata,62,"23,935",-,Apartment,1,99 yrs lease commencing from 2025,24,Outside Central Region,11 to 15
TENGAH GARDEN RESIDENCES,"2,308,000","1,033.34","2,234",Apr-26,TENGAH GARDEN AVENUE,New Sale,Strata,96,"24,042",-,Apartment,1,99 yrs lease commencing from 2025,24,Outside Central Region,11 to 15
TENGAH GARDEN RESIDENCES,"1,305,000",624.31,"2,090",Apr-26,TENGAH GARDEN AVENUE,New Sale,Strata,58,"22,500",-,Apartment,1,99 yrs lease commencing from 2025,24,Outside Central Region,11 to 15
TENGAH GARDEN RESIDENCES,"1,288,000",624.31,"2,063",Apr-26,TENGAH GARDEN AVENUE,New Sale,Strata,58,"22,207",-,Apartment,1,99 yrs lease commencing from 2025,24,Outside Central Region,11 to 15
TENGAH GARDEN RESIDENCES,"1,511,000",667.37,"2,264",Apr-26,TENGAH GARDEN AVENUE,New Sale,Strata,62,"24,371",-,Apartment,1,99 yrs lease commencing from 2025,24,Outside Central Region,11 to 15
TENGAH GARDEN RESIDENCES,"1,493,000",667.37,"2,237",Apr-26,TENGAH GARDEN AVENUE,New Sale,Strata,62,"24,081",-,Apartment,1,99 yrs lease commencing from 2025,24,Outside Central Region,11 to 15
TENGAH GARDEN RESIDENCES,"1,313,000",624.31,"2,103",Apr-26,TENGAH GARDEN AVENUE,New Sale,Strata,58,"22,638",-,Apartment,1,99 yrs lease commencing from 2025,24,Outside Central Region,11 to 15
TENGAH GARDEN RESIDENCES,"1,296,000",624.31,"2,076",Apr-26,TENGAH GARDEN AVENUE,New Sale,Strata,58,"22,345",-,Apartment,1,99 yrs lease commencing from 2025,24,Outside Central Region,16 to 20
TENGAH GARDEN RESIDENCES,"1,520,000",667.37,"2,278",Apr-26,TENGAH GARDEN AVENUE,New Sale,Strata,62,"24,516",-,Apartment,1,99 yrs lease commencing from 2025,24,Outside Central Region,16 to 20
TENGAH GARDEN RESIDENCES,"2,328,000","1,033.34","2,253",Apr-26,TENGAH GARDEN AVENUE,New Sale,Strata,96,"24,250",-,Apartment,1,99 yrs lease commencing from 2025,24,Outside Central Region,16 to 20
TENGAH GARDEN RESIDENCES,"1,321,000",624.31,"2,116",Apr-26,TENGAH GARDEN AVENUE,New Sale,Strata,58,"22,776",-,Apartment,1,99 yrs lease commencing from 2025,24,Outside Central Region,16 to 20
TENGAH GARDEN RESIDENCES,"2,360,000","1,130.22","2,088",Apr-26,TENGAH GARDEN AVENUE,New Sale,Strata,105,"22,476",-,Apartment,1,99 yrs lease commencing from 2025,24,Outside Central Region,01 to 05
TENGAH GARDEN RESIDENCES,"2,895,000","1,248.62","2,319",Apr-26,TENGAH GARDEN AVENUE,New Sale,Strata,116,"24,957",-,Apartment,1,99 yrs lease commencing from 2025,24,Outside Central Region,11 to 15
TENGAH GARDEN RESIDENCES,"1,522,000",753.48,"2,020",Apr-26,TENGAH GARDEN AVENUE,New Sale,Strata,70,"21,743",-,Apartment,1,99 yrs lease commencing from 2025,24,Outside Central Region,01 to 05
TENGAH GARDEN RESIDENCES,"1,499,000",753.48,"1,989",Apr-26,TENGAH GARDEN AVENUE,New Sale,Strata,70,"21,414",-,Apartment,1,99 yrs lease commencing from 2025,24,Outside Central Region,01 to 05
TENGAH GARDEN RESIDENCES,"1,012,000",516.67,"1,959",Apr-26,TENGAH GARDEN AVENUE,New Sale,Strata,48,"21,083",-,Apartment,1,99 yrs lease commencing from 2025,24,Outside Central Region,01 to 05
TENGAH GARDEN RESIDENCES,"2,169,000","1,033.34","2,099",Apr-26,TENGAH GARDEN AVENUE,New Sale,Strata,96,"22,594",-,Apartment,1,99 yrs lease commencing from 2025,24,Outside Central Region,01 to 05
TENGAH GARDEN RESIDENCES,"1,519,000",753.48,"2,016",Apr-26,TENGAH GARDEN AVENUE,New Sale,Strata,70,"21,700",-,Apartment,1,99 yrs lease commencing from 2025,24,Outside Central Region,01 to 05
TENGAH GARDEN RESIDENCES,"1,698,000",828.83,"2,049",Apr-26,TENGAH GARDEN AVENUE,New Sale,Strata,77,"22,052",-,Apartment,1,99 yrs lease commencing from 2025,24,Outside Central Region,01 to 05
TENGAH GARDEN RESIDENCES,"1,496,000",753.48,"1,985",Apr-26,TENGAH GARDEN AVENUE,New Sale,Strata,70,"21,371",-,Apartment,1,99 yrs lease commencing from 2025,24,Outside Central Region,01 to 05
TENGAH GARDEN RESIDENCES,"1,496,000",753.48,"1,985",Apr-26,TENGAH GARDEN AVENUE,New Sale,Strata,70,"21,371",-,Apartment,1,99 yrs lease commencing from 2025,24,Outside Central Region,01 to 05
TENGAH GARDEN RESIDENCES,"1,884,000",904.18,"2,084",Apr-26,TENGAH GARDEN AVENUE,New Sale,Strata,84,"22,429",-,Apartment,1,99 yrs lease commencing from 2025,24,Outside Central Region,01 to 05
TENGAH GARDEN RESIDENCES,"2,165,000","1,033.34","2,095",Apr-26,TENGAH GARDEN AVENUE,New Sale,Strata,96,"22,552",-,Apartment,1,99 yrs lease commencing from 2025,24,Outside Central Region,01 to 05
TENGAH GARDEN RESIDENCES,"1,519,000",753.48,"2,016",Apr-26,TENGAH GARDEN AVENUE,New Sale,Strata,70,"21,700",-,Apartment,1,99 yrs lease commencing from 2025,24,Outside Central Region,01 to 05
TENGAH GARDEN RESIDENCES,"1,526,000",753.48,"2,025",Apr-26,TENGAH GARDEN AVENUE,New Sale,Strata,70,"21,800",-,Apartment,1,99 yrs lease commencing from 2025,24,Outside Central Region,01 to 05
TENGAH GARDEN RESIDENCES,"1,707,000",828.83,"2,060",Apr-26,TENGAH GARDEN AVENUE,New Sale,Strata,77,"22,169",-,Apartment,1,99 yrs lease commencing from 2025,24,Outside Central Region,01 to 05
TENGAH GARDEN RESIDENCES,"1,503,000",753.48,"1,995",Apr-26,TENGAH GARDEN AVENUE,New Sale,Strata,70,"21,471",-,Apartment,1,99 yrs lease commencing from 2025,24,Outside Central Region,01 to 05
TENGAH GARDEN RESIDENCES,"1,503,000",753.48,"1,995",Apr-26,TENGAH GARDEN AVENUE,New Sale,Strata,70,"21,471",-,Apartment,1,99 yrs lease commencing from 2025,24,Outside Central Region,01 to 05
TENGAH GARDEN RESIDENCES,"1,893,000",904.18,"2,094",Apr-26,TENGAH GARDEN AVENUE,New Sale,Strata,84,"22,536",-,Apartment,1,99 yrs lease commencing from 2025,24,Outside Central Region,01 to 05
TENGAH GARDEN RESIDENCES,"2,174,000","1,033.34","2,104",Apr-26,TENGAH GARDEN AVENUE,New Sale,Strata,96,"22,646",-,Apartment,1,99 yrs lease commencing from 2025,24,Outside Central Region,01 to 05
TENGAH GARDEN RESIDENCES,"1,526,000",753.48,"2,025",Apr-26,TENGAH GARDEN AVENUE,New Sale,Strata,70,"21,800",-,Apartment,1,99 yrs lease commencing from 2025,24,Outside Central Region,01 to 05
TENGAH GARDEN RESIDENCES,"1,533,000",753.48,"2,035",Apr-26,TENGAH GARDEN AVENUE,New Sale,Strata,70,"21,900",-,Apartment,1,99 yrs lease commencing from 2025,24,Outside Central Region,01 to 05
TENGAH GARDEN RESIDENCES,"1,716,000",828.83,"2,070",Apr-26,TENGAH GARDEN AVENUE,New Sale,Strata,77,"22,286",-,Apartment,1,99 yrs lease commencing from 2025,24,Outside Central Region,01 to 05
TENGAH GARDEN RESIDENCES,"1,510,000",753.48,"2,004",Apr-26,TENGAH GARDEN AVENUE,New Sale,Strata,70,"21,571",-,Apartment,1,99 yrs lease commencing from 2025,24,Outside Central Region,01 to 05
TENGAH GARDEN RESIDENCES,"1,510,000",753.48,"2,004",Apr-26,TENGAH GARDEN AVENUE,New Sale,Strata,70,"21,571",-,Apartment,1,99 yrs lease commencing from 2025,24,Outside Central Region,01 to 05
TENGAH GARDEN RESIDENCES,"1,902,000",904.18,"2,104",Apr-26,TENGAH GARDEN AVENUE,New Sale,Strata,84,"22,643",-,Apartment,1,99 yrs lease commencing from 2025,24,Outside Central Region,01 to 05
TENGAH GARDEN RESIDENCES,"2,183,000","1,033.34","2,113",Apr-26,TENGAH GARDEN AVENUE,New Sale,Strata,96,"22,740",-,Apartment,1,99 yrs lease commencing from 2025,24,Outside Central Region,01 to 05
TENGAH GARDEN RESIDENCES,"1,533,000",753.48,"2,035",Apr-26,TENGAH GARDEN AVENUE,New Sale,Strata,70,"21,900",-,Apartment,1,99 yrs lease commencing from 2025,24,Outside Central Region,01 to 05
TENGAH GARDEN RESIDENCES,"1,540,000",753.48,"2,044",Apr-26,TENGAH GARDEN AVENUE,New Sale,Strata,70,"22,000",-,Apartment,1,99 yrs lease commencing from 2025,24,Outside Central Region,06 to 10
TENGAH GARDEN RESIDENCES,"1,517,000",753.48,"2,013",Apr-26,TENGAH GARDEN AVENUE,New Sale,Strata,70,"21,671",-,Apartment,1,99 yrs lease commencing from 2025,24,Outside Central Region,06 to 10
TENGAH GARDEN RESIDENCES,"1,517,000",753.48,"2,013",Apr-26,TENGAH GARDEN AVENUE,New Sale,Strata,70,"21,671",-,Apartment,1,99 yrs lease commencing from 2025,24,Outside Central Region,06 to 10
TENGAH GARDEN RESIDENCES,"2,192,000","1,033.34","2,121",Apr-26,TENGAH GARDEN AVENUE,New Sale,Strata,96,"22,833",-,Apartment,1,99 yrs lease commencing from 2025,24,Outside Central Region,06 to 10
TENGAH GARDEN RESIDENCES,"1,540,000",753.48,"2,044",Apr-26,TENGAH GARDEN AVENUE,New Sale,Strata,70,"22,000",-,Apartment,1,99 yrs lease commencing from 2025,24,Outside Central Region,06 to 10
TENGAH GARDEN RESIDENCES,"1,547,000",753.48,"2,053",Apr-26,TENGAH GARDEN AVENUE,New Sale,Strata,70,"22,100",-,Apartment,1,99 yrs lease commencing from 2025,24,Outside Central Region,06 to 10
TENGAH GARDEN RESIDENCES,"1,524,000",753.48,"2,023",Apr-26,TENGAH GARDEN AVENUE,New Sale,Strata,70,"21,771",-,Apartment,1,99 yrs lease commencing from 2025,24,Outside Central Region,06 to 10
TENGAH GARDEN RESIDENCES,"1,524,000",753.48,"2,023",Apr-26,TENGAH GARDEN AVENUE,New Sale,Strata,70,"21,771",-,Apartment,1,99 yrs lease commencing from 2025,24,Outside Central Region,06 to 10
TENGAH GARDEN RESIDENCES,"1,547,000",753.48,"2,053",Apr-26,TENGAH GARDEN AVENUE,New Sale,Strata,70,"22,100",-,Apartment,1,99 yrs lease commencing from 2025,24,Outside Central Region,06 to 10
TENGAH GARDEN RESIDENCES,"1,568,000",753.48,"2,081",Apr-26,TENGAH GARDEN AVENUE,New Sale,Strata,70,"22,400",-,Apartment,1,99 yrs lease commencing from 2025,24,Outside Central Region,06 to 10
TENGAH GARDEN RESIDENCES,"1,577,000",753.48,"2,093",Apr-26,TENGAH GARDEN AVENUE,New Sale,Strata,70,"22,529",-,Apartment,1,99 yrs lease commencing from 2025,24,Outside Central Region,06 to 10
TENGAH GARDEN RESIDENCES,"1,586,000",753.48,"2,105",Apr-26,TENGAH GARDEN AVENUE,New Sale,Strata,70,"22,657",-,Apartment,1,99 yrs lease commencing from 2025,24,Outside Central Region,06 to 10
TENGAH GARDEN RESIDENCES,"1,572,000",753.48,"2,086",Apr-26,TENGAH GARDEN AVENUE,New Sale,Strata,70,"22,457",-,Apartment,1,99 yrs lease commencing from 2025,24,Outside Central Region,11 to 15
TENGAH GARDEN RESIDENCES,"1,572,000",753.48,"2,086",Apr-26,TENGAH GARDEN AVENUE,New Sale,Strata,70,"22,457",-,Apartment,1,99 yrs lease commencing from 2025,24,Outside Central Region,11 to 15
TENGAH GARDEN RESIDENCES,"1,595,000",753.48,"2,117",Apr-26,TENGAH GARDEN AVENUE,New Sale,Strata,70,"22,786",-,Apartment,1,99 yrs lease commencing from 2025,24,Outside Central Region,11 to 15
TENGAH GARDEN RESIDENCES,"1,589,000",753.48,"2,109",Apr-26,TENGAH GARDEN AVENUE,New Sale,Strata,70,"22,700",-,Apartment,1,99 yrs lease commencing from 2025,24,Outside Central Region,11 to 15
TENGAH GARDEN RESIDENCES,"1,589,000",753.48,"2,109",Apr-26,TENGAH GARDEN AVENUE,New Sale,Strata,70,"22,700",-,Apartment,1,99 yrs lease commencing from 2025,24,Outside Central Region,11 to 15
TENGAH GARDEN RESIDENCES,"1,990,000",904.18,"2,201",Apr-26,TENGAH GARDEN AVENUE,New Sale,Strata,84,"23,690",-,Apartment,1,99 yrs lease commencing from 2025,24,Outside Central Region,11 to 15
TENGAH GARDEN RESIDENCES,"1,612,000",753.48,"2,139",Apr-26,TENGAH GARDEN AVENUE,New Sale,Strata,70,"23,029",-,Apartment,1,99 yrs lease commencing from 2025,24,Outside Central Region,11 to 15
TENGAH GARDEN RESIDENCES,"1,621,000",753.48,"2,151",Apr-26,TENGAH GARDEN AVENUE,New Sale,Strata,70,"23,157",-,Apartment,1,99 yrs lease commencing from 2025,24,Outside Central Region,11 to 15
TENGAH GARDEN RESIDENCES,"1,598,000",753.48,"2,121",Apr-26,TENGAH GARDEN AVENUE,New Sale,Strata,70,"22,829",-,Apartment,1,99 yrs lease commencing from 2025,24,Outside Central Region,11 to 15
TENGAH GARDEN RESIDENCES,"1,598,000",753.48,"2,121",Apr-26,TENGAH GARDEN AVENUE,New Sale,Strata,70,"22,829",-,Apartment,1,99 yrs lease commencing from 2025,24,Outside Central Region,11 to 15
TENGAH GARDEN RESIDENCES,"2,285,000","1,033.34","2,211",Apr-26,TENGAH GARDEN AVENUE,New Sale,Strata,96,"23,802",-,Apartment,1,99 yrs lease commencing from 2025,24,Outside Central Region,11 to 15
TENGAH GARDEN RESIDENCES,"1,621,000",753.48,"2,151",Apr-26,TENGAH GARDEN AVENUE,New Sale,Strata,70,"23,157",-,Apartment,1,99 yrs lease commencing from 2025,24,Outside Central Region,11 to 15
TENGAH GARDEN RESIDENCES,"1,630,000",753.48,"2,163",Apr-26,TENGAH GARDEN AVENUE,New Sale,Strata,70,"23,286",-,Apartment,1,99 yrs lease commencing from 2025,24,Outside Central Region,11 to 15
TENGAH GARDEN RESIDENCES,"1,607,000",753.48,"2,133",Apr-26,TENGAH GARDEN AVENUE,New Sale,Strata,70,"22,957",-,Apartment,1,99 yrs lease commencing from 2025,24,Outside Central Region,11 to 15
TENGAH GARDEN RESIDENCES,"1,607,000",753.48,"2,133",Apr-26,TENGAH GARDEN AVENUE,New Sale,Strata,70,"22,957",-,Apartment,1,99 yrs lease commencing from 2025,24,Outside Central Region,11 to 15
TENGAH GARDEN RESIDENCES,"2,295,000","1,033.34","2,221",Apr-26,TENGAH GARDEN AVENUE,New Sale,Strata,96,"23,906",-,Apartment,1,99 yrs lease commencing from 2025,24,Outside Central Region,11 to 15
TENGAH GARDEN RESIDENCES,"1,630,000",753.48,"2,163",Apr-26,TENGAH GARDEN AVENUE,New Sale,Strata,70,"23,286",-,Apartment,1,99 yrs lease commencing from 2025,24,Outside Central Region,11 to 15
TENGAH GARDEN RESIDENCES,"1,639,000",753.48,"2,175",Apr-26,TENGAH GARDEN AVENUE,New Sale,Strata,70,"23,414",-,Apartment,1,99 yrs lease commencing from 2025,24,Outside Central Region,11 to 15
TENGAH GARDEN RESIDENCES,"1,616,000",753.48,"2,145",Apr-26,TENGAH GARDEN AVENUE,New Sale,Strata,70,"23,086",-,Apartment,1,99 yrs lease commencing from 2025,24,Outside Central Region,11 to 15
TENGAH GARDEN RESIDENCES,"1,616,000",753.48,"2,145",Apr-26,TENGAH GARDEN AVENUE,New Sale,Strata,70,"23,086",-,Apartment,1,99 yrs lease commencing from 2025,24,Outside Central Region,11 to 15
TENGAH GARDEN RESIDENCES,"1,648,000",753.48,"2,187",Apr-26,TENGAH GARDEN AVENUE,New Sale,Strata,70,"23,543",-,Apartment,1,99 yrs lease commencing from 2025,24,Outside Central Region,16 to 20
TENGAH GARDEN RESIDENCES,"1,625,000",753.48,"2,157",Apr-26,TENGAH GARDEN AVENUE,New Sale,Strata,70,"23,214",-,Apartment,1,99 yrs lease commencing from 2025,24,Outside Central Region,16 to 20
TENGAH GARDEN RESIDENCES,"1,625,000",753.48,"2,157",Apr-26,TENGAH GARDEN AVENUE,New Sale,Strata,70,"23,214",-,Apartment,1,99 yrs lease commencing from 2025,24,Outside Central Region,16 to 20
TENGAH GARDEN RESIDENCES,"2,315,000","1,033.34","2,240",Apr-26,TENGAH GARDEN AVENUE,New Sale,Strata,96,"24,115",-,Apartment,1,99 yrs lease commencing from 2025,24,Outside Central Region,16 to 20
TENGAH GARDEN RESIDENCES,"1,648,000",753.48,"2,187",Apr-26,TENGAH GARDEN AVENUE,New Sale,Strata,70,"23,543",-,Apartment,1,99 yrs lease commencing from 2025,24,Outside Central Region,16 to 20
TENGAH GARDEN RESIDENCES,"2,411,000","1,140.98","2,113",Apr-26,TENGAH GARDEN AVENUE,New Sale,Strata,106,"22,745",-,Apartment,1,99 yrs lease commencing from 2025,24,Outside Central Region,01 to 05
TENGAH GARDEN RESIDENCES,"2,406,000","1,140.98","2,109",Apr-26,TENGAH GARDEN AVENUE,New Sale,Strata,106,"22,698",-,Apartment,1,99 yrs lease commencing from 2025,24,Outside Central Region,01 to 05
TENGAH GARDEN RESIDENCES,"2,657,000","1,259.39","2,110",Apr-26,TENGAH GARDEN AVENUE,New Sale,Strata,117,"22,709",-,Apartment,1,99 yrs lease commencing from 2025,24,Outside Central Region,01 to 05
TENGAH GARDEN RESIDENCES,"2,417,000","1,140.98","2,118",Apr-26,TENGAH GARDEN AVENUE,New Sale,Strata,106,"22,802",-,Apartment,1,99 yrs lease commencing from 2025,24,Outside Central Region,01 to 05
TENGAH GARDEN RESIDENCES,"2,668,000","1,259.39","2,118",Apr-26,TENGAH GARDEN AVENUE,New Sale,Strata,117,"22,803",-,Apartment,1,99 yrs lease commencing from 2025,24,Outside Central Region,01 to 05
TENGAH GARDEN RESIDENCES,"2,428,000","1,140.98","2,128",Apr-26,TENGAH GARDEN AVENUE,New Sale,Strata,106,"22,906",-,Apartment,1,99 yrs lease commencing from 2025,24,Outside Central Region,01 to 05
TENGAH GARDEN RESIDENCES,"2,701,000","1,259.39","2,145",Apr-26,TENGAH GARDEN AVENUE,New Sale,Strata,117,"23,085",-,Apartment,1,99 yrs lease commencing from 2025,24,Outside Central Region,01 to 05
TENGAH GARDEN RESIDENCES,"1,300,000",656.6,"1,980",Apr-26,TENGAH GARDEN AVENUE,New Sale,Strata,61,"21,311",-,Apartment,1,99 yrs lease commencing from 2025,24,Outside Central Region,06 to 10
TENGAH GARDEN RESIDENCES,"1,697,000",828.83,"2,047",Apr-26,TENGAH GARDEN AVENUE,New Sale,Strata,77,"22,039",-,Apartment,1,99 yrs lease commencing from 2025,24,Outside Central Region,06 to 10
TENGAH GARDEN RESIDENCES,"2,439,000","1,140.98","2,138",Apr-26,TENGAH GARDEN AVENUE,New Sale,Strata,106,"23,009",-,Apartment,1,99 yrs lease commencing from 2025,24,Outside Central Region,06 to 10
TENGAH GARDEN RESIDENCES,"2,712,000","1,259.39","2,153",Apr-26,TENGAH GARDEN AVENUE,New Sale,Strata,117,"23,179",-,Apartment,1,99 yrs lease commencing from 2025,24,Outside Central Region,06 to 10
TENGAH GARDEN RESIDENCES,"1,679,000",818.06,"2,052",Apr-26,TENGAH GARDEN AVENUE,New Sale,Strata,76,"22,092",-,Apartment,1,99 yrs lease commencing from 2025,24,Outside Central Region,06 to 10
TENGAH GARDEN RESIDENCES,"1,286,000",656.6,"1,959",Apr-26,TENGAH GARDEN AVENUE,New Sale,Strata,61,"21,082",-,Apartment,1,99 yrs lease commencing from 2025,24,Outside Central Region,06 to 10
TENGAH GARDEN RESIDENCES,"2,450,000","1,140.98","2,147",Apr-26,TENGAH GARDEN AVENUE,New Sale,Strata,106,"23,113",-,Apartment,1,99 yrs lease commencing from 2025,24,Outside Central Region,06 to 10
TENGAH GARDEN RESIDENCES,"2,723,000","1,259.39","2,162",Apr-26,TENGAH GARDEN AVENUE,New Sale,Strata,117,"23,274",-,Apartment,1,99 yrs lease commencing from 2025,24,Outside Central Region,06 to 10
TENGAH GARDEN RESIDENCES,"1,293,000",656.6,"1,969",Apr-26,TENGAH GARDEN AVENUE,New Sale,Strata,61,"21,197",-,Apartment,1,99 yrs lease commencing from 2025,24,Outside Central Region,06 to 10
TENGAH GARDEN RESIDENCES,"1,328,000",656.6,"2,023",Apr-26,TENGAH GARDEN AVENUE,New Sale,Strata,61,"21,770",-,Apartment,1,99 yrs lease commencing from 2025,24,Outside Central Region,06 to 10
TENGAH GARDEN RESIDENCES,"1,730,000",828.83,"2,087",Apr-26,TENGAH GARDEN AVENUE,New Sale,Strata,77,"22,468",-,Apartment,1,99 yrs lease commencing from 2025,24,Outside Central Region,06 to 10
TENGAH GARDEN RESIDENCES,"2,480,000","1,140.98","2,174",Apr-26,TENGAH GARDEN AVENUE,New Sale,Strata,106,"23,396",-,Apartment,1,99 yrs lease commencing from 2025,24,Outside Central Region,06 to 10
TENGAH GARDEN RESIDENCES,"1,557,000",753.48,"2,066",Apr-26,TENGAH GARDEN AVENUE,New Sale,Strata,70,"22,243",-,Apartment,1,99 yrs lease commencing from 2025,24,Outside Central Region,06 to 10
TENGAH GARDEN RESIDENCES,"2,736,000","1,259.39","2,172",Apr-26,TENGAH GARDEN AVENUE,New Sale,Strata,117,"23,385",-,Apartment,1,99 yrs lease commencing from 2025,24,Outside Central Region,06 to 10
TENGAH GARDEN RESIDENCES,"1,712,000",818.06,"2,093",Apr-26,TENGAH GARDEN AVENUE,New Sale,Strata,76,"22,526",-,Apartment,1,99 yrs lease commencing from 2025,24,Outside Central Region,06 to 10
TENGAH GARDEN RESIDENCES,"1,314,000",656.6,"2,001",Apr-26,TENGAH GARDEN AVENUE,New Sale,Strata,61,"21,541",-,Apartment,1,99 yrs lease commencing from 2025,24,Outside Central Region,06 to 10
TENGAH GARDEN RESIDENCES,"1,740,000",828.83,"2,099",Apr-26,TENGAH GARDEN AVENUE,New Sale,Strata,77,"22,597",-,Apartment,1,99 yrs lease commencing from 2025,24,Outside Central Region,06 to 10
TENGAH GARDEN RESIDENCES,"2,492,000","1,140.98","2,184",Apr-26,TENGAH GARDEN AVENUE,New Sale,Strata,106,"23,509",-,Apartment,1,99 yrs lease commencing from 2025,24,Outside Central Region,06 to 10
TENGAH GARDEN RESIDENCES,"1,566,000",753.48,"2,078",Apr-26,TENGAH GARDEN AVENUE,New Sale,Strata,70,"22,371",-,Apartment,1,99 yrs lease commencing from 2025,24,Outside Central Region,06 to 10
TENGAH GARDEN RESIDENCES,"1,566,000",753.48,"2,078",Apr-26,TENGAH GARDEN AVENUE,New Sale,Strata,70,"22,371",-,Apartment,1,99 yrs lease commencing from 2025,24,Outside Central Region,06 to 10
TENGAH GARDEN RESIDENCES,"2,749,000","1,259.39","2,183",Apr-26,TENGAH GARDEN AVENUE,New Sale,Strata,117,"23,496",-,Apartment,1,99 yrs lease commencing from 2025,24,Outside Central Region,06 to 10
TENGAH GARDEN RESIDENCES,"1,722,000",818.06,"2,105",Apr-26,TENGAH GARDEN AVENUE,New Sale,Strata,76,"22,658",-,Apartment,1,99 yrs lease commencing from 2025,24,Outside Central Region,06 to 10
TENGAH GARDEN RESIDENCES,"1,323,000",656.6,"2,015",Apr-26,TENGAH GARDEN AVENUE,New Sale,Strata,61,"21,689",-,Apartment,1,99 yrs lease commencing from 2025,24,Outside Central Region,06 to 10
TENGAH GARDEN RESIDENCES,"1,346,000",656.6,"2,050",Apr-26,TENGAH GARDEN AVENUE,New Sale,Strata,61,"22,066",-,Apartment,1,99 yrs lease commencing from 2025,24,Outside Central Region,06 to 10
TENGAH GARDEN RESIDENCES,"1,750,000",828.83,"2,111",Apr-26,TENGAH GARDEN AVENUE,New Sale,Strata,77,"22,727",-,Apartment,1,99 yrs lease commencing from 2025,24,Outside Central Region,06 to 10
TENGAH GARDEN RESIDENCES,"2,504,000","1,140.98","2,195",Apr-26,TENGAH GARDEN AVENUE,New Sale,Strata,106,"23,623",-,Apartment,1,99 yrs lease commencing from 2025,24,Outside Central Region,06 to 10
TENGAH GARDEN RESIDENCES,"1,732,000",818.06,"2,117",Apr-26,TENGAH GARDEN AVENUE,New Sale,Strata,76,"22,789",-,Apartment,1,99 yrs lease commencing from 2025,24,Outside Central Region,06 to 10
TENGAH GARDEN RESIDENCES,"1,332,000",656.6,"2,029",Apr-26,TENGAH GARDEN AVENUE,New Sale,Strata,61,"21,836",-,Apartment,1,99 yrs lease commencing from 2025,24,Outside Central Region,06 to 10
TENGAH GARDEN RESIDENCES,"1,355,000",656.6,"2,064",Apr-26,TENGAH GARDEN AVENUE,New Sale,Strata,61,"22,213",-,Apartment,1,99 yrs lease commencing from 2025,24,Outside Central Region,11 to 15
TENGAH GARDEN RESIDENCES,"1,760,000",828.83,"2,123",Apr-26,TENGAH GARDEN AVENUE,New Sale,Strata,77,"22,857",-,Apartment,1,99 yrs lease commencing from 2025,24,Outside Central Region,11 to 15
TENGAH GARDEN RESIDENCES,"2,516,000","1,140.98","2,205",Apr-26,TENGAH GARDEN AVENUE,New Sale,Strata,106,"23,736",-,Apartment,1,99 yrs lease commencing from 2025,24,Outside Central Region,11 to 15
TENGAH GARDEN RESIDENCES,"2,787,000","1,259.39","2,213",Apr-26,TENGAH GARDEN AVENUE,New Sale,Strata,117,"23,821",-,Apartment,1,99 yrs lease commencing from 2025,24,Outside Central Region,11 to 15
TENGAH GARDEN RESIDENCES,"1,742,000",818.06,"2,129",Apr-26,TENGAH GARDEN AVENUE,New Sale,Strata,76,"22,921",-,Apartment,1,99 yrs lease commencing from 2025,24,Outside Central Region,11 to 15
TENGAH GARDEN RESIDENCES,"1,341,000",656.6,"2,042",Apr-26,TENGAH GARDEN AVENUE,New Sale,Strata,61,"21,984",-,Apartment,1,99 yrs lease commencing from 2025,24,Outside Central Region,11 to 15
TENGAH GARDEN RESIDENCES,"1,371,000",656.6,"2,088",Apr-26,TENGAH GARDEN AVENUE,New Sale,Strata,61,"22,475",-,Apartment,1,99 yrs lease commencing from 2025,24,Outside Central Region,11 to 15
TENGAH GARDEN RESIDENCES,"1,779,000",828.83,"2,146",Apr-26,TENGAH GARDEN AVENUE,New Sale,Strata,77,"23,104",-,Apartment,1,99 yrs lease commencing from 2025,24,Outside Central Region,11 to 15
TENGAH GARDEN RESIDENCES,"2,800,000","1,259.39","2,223",Apr-26,TENGAH GARDEN AVENUE,New Sale,Strata,117,"23,932",-,Apartment,1,99 yrs lease commencing from 2025,24,Outside Central Region,11 to 15
TENGAH GARDEN RESIDENCES,"1,761,000",818.06,"2,153",Apr-26,TENGAH GARDEN AVENUE,New Sale,Strata,76,"23,171",-,Apartment,1,99 yrs lease commencing from 2025,24,Outside Central Region,11 to 15
TENGAH GARDEN RESIDENCES,"1,357,000",656.6,"2,067",Apr-26,TENGAH GARDEN AVENUE,New Sale,Strata,61,"22,246",-,Apartment,1,99 yrs lease commencing from 2025,24,Outside Central Region,11 to 15
TENGAH GARDEN RESIDENCES,"1,789,000",828.83,"2,158",Apr-26,TENGAH GARDEN AVENUE,New Sale,Strata,77,"23,234",-,Apartment,1,99 yrs lease commencing from 2025,24,Outside Central Region,11 to 15
TENGAH GARDEN RESIDENCES,"2,550,000","1,140.98","2,235",Apr-26,TENGAH GARDEN AVENUE,New Sale,Strata,106,"24,057",-,Apartment,1,99 yrs lease commencing from 2025,24,Outside Central Region,11 to 15
TENGAH GARDEN RESIDENCES,"2,813,000","1,259.39","2,234",Apr-26,TENGAH GARDEN AVENUE,New Sale,Strata,117,"24,043",-,Apartment,1,99 yrs lease commencing from 2025,24,Outside Central Region,11 to 15
TENGAH GARDEN RESIDENCES,"1,771,000",818.06,"2,165",Apr-26,TENGAH GARDEN AVENUE,New Sale,Strata,76,"23,303",-,Apartment,1,99 yrs lease commencing from 2025,24,Outside Central Region,11 to 15
TENGAH GARDEN RESIDENCES,"1,366,000",656.6,"2,080",Apr-26,TENGAH GARDEN AVENUE,New Sale,Strata,61,"22,393",-,Apartment,1,99 yrs lease commencing from 2025,24,Outside Central Region,11 to 15
TENGAH GARDEN RESIDENCES,"1,799,000",828.83,"2,171",Apr-26,TENGAH GARDEN AVENUE,New Sale,Strata,77,"23,364",-,Apartment,1,99 yrs lease commencing from 2025,24,Outside Central Region,11 to 15
TENGAH GARDEN RESIDENCES,"2,562,000","1,140.98","2,245",Apr-26,TENGAH GARDEN AVENUE,New Sale,Strata,106,"24,170",-,Apartment,1,99 yrs lease commencing from 2025,24,Outside Central Region,11 to 15
TENGAH GARDEN RESIDENCES,"1,781,000",818.06,"2,177",Apr-26,TENGAH GARDEN AVENUE,New Sale,Strata,76,"23,434",-,Apartment,1,99 yrs lease commencing from 2025,24,Outside Central Region,11 to 15
TENGAH GARDEN RESIDENCES,"2,574,000","1,140.98","2,256",Apr-26,TENGAH GARDEN AVENUE,New Sale,Strata,106,"24,283",-,Apartment,1,99 yrs lease commencing from 2025,24,Outside Central Region,11 to 15
TENGAH GARDEN RESIDENCES,"1,384,000",656.6,"2,108",Apr-26,TENGAH GARDEN AVENUE,New Sale,Strata,61,"22,689",-,Apartment,1,99 yrs lease commencing from 2025,24,Outside Central Region,11 to 15
TENGAH GARDEN RESIDENCES,"2,586,000","1,140.98","2,266",Apr-26,TENGAH GARDEN AVENUE,New Sale,Strata,106,"24,396",-,Apartment,1,99 yrs lease commencing from 2025,24,Outside Central Region,16 to 20
TENGAH GARDEN RESIDENCES,"1,801,000",818.06,"2,202",Apr-26,TENGAH GARDEN AVENUE,New Sale,Strata,76,"23,697",-,Apartment,1,99 yrs lease commencing from 2025,24,Outside Central Region,16 to 20
TENGAH GARDEN RESIDENCES,"1,393,000",656.6,"2,122",Apr-26,TENGAH GARDEN AVENUE,New Sale,Strata,61,"22,836",-,Apartment,1,99 yrs lease commencing from 2025,24,Outside Central Region,16 to 20
TENGAH GARDEN RESIDENCES,"2,187,000","1,022.58","2,139",Apr-26,TENGAH GARDEN AVENUE,New Sale,Strata,95,"23,021",-,Apartment,1,99 yrs lease commencing from 2025,24,Outside Central Region,01 to 05
TENGAH GARDEN RESIDENCES,"1,959,000",968.76,"2,022",Apr-26,TENGAH GARDEN AVENUE,New Sale,Strata,90,"21,767",-,Apartment,1,99 yrs lease commencing from 2025,24,Outside Central Region,01 to 05
TENGAH GARDEN RESIDENCES,"1,982,000",968.76,"2,046",Apr-26,TENGAH GARDEN AVENUE,New Sale,Strata,90,"22,022",-,Apartment,1,99 yrs lease commencing from 2025,24,Outside Central Region,06 to 10
TENGAH GARDEN RESIDENCES,"2,220,000","1,011.82","2,194",Apr-26,TENGAH GARDEN AVENUE,New Sale,Strata,94,"23,617",-,Apartment,1,99 yrs lease commencing from 2025,24,Outside Central Region,06 to 10
TENGAH GARDEN RESIDENCES,"2,243,000","1,022.58","2,193",Apr-26,TENGAH GARDEN AVENUE,New Sale,Strata,95,"23,611",-,Apartment,1,99 yrs lease commencing from 2025,24,Outside Central Region,06 to 10
TENGAH GARDEN RESIDENCES,"2,230,000","1,011.82","2,204",Apr-26,TENGAH GARDEN AVENUE,New Sale,Strata,94,"23,723",-,Apartment,1,99 yrs lease commencing from 2025,24,Outside Central Region,06 to 10
TENGAH GARDEN RESIDENCES,"2,253,000","1,022.58","2,203",Apr-26,TENGAH GARDEN AVENUE,New Sale,Strata,95,"23,716",-,Apartment,1,99 yrs lease commencing from 2025,24,Outside Central Region,06 to 10
TENGAH GARDEN RESIDENCES,"2,025,000",968.76,"2,090",Apr-26,TENGAH GARDEN AVENUE,New Sale,Strata,90,"22,500",-,Apartment,1,99 yrs lease commencing from 2025,24,Outside Central Region,06 to 10
TENGAH GARDEN RESIDENCES,"2,240,000","1,011.82","2,214",Apr-26,TENGAH GARDEN AVENUE,New Sale,Strata,94,"23,830",-,Apartment,1,99 yrs lease commencing from 2025,24,Outside Central Region,06 to 10
TENGAH GARDEN RESIDENCES,"2,250,000","1,011.82","2,224",Apr-26,TENGAH GARDEN AVENUE,New Sale,Strata,94,"23,936",-,Apartment,1,99 yrs lease commencing from 2025,24,Outside Central Region,11 to 15
TENGAH GARDEN RESIDENCES,"2,270,000","1,011.82","2,243",Apr-26,TENGAH GARDEN AVENUE,New Sale,Strata,94,"24,149",-,Apartment,1,99 yrs lease commencing from 2025,24,Outside Central Region,11 to 15
TENGAH GARDEN RESIDENCES,"2,065,000",968.76,"2,132",Apr-26,TENGAH GARDEN AVENUE,New Sale,Strata,90,"22,944",-,Apartment,1,99 yrs lease commencing from 2025,24,Outside Central Region,11 to 15
TENGAH GARDEN RESIDENCES,"2,280,000","1,011.82","2,253",Apr-26,TENGAH GARDEN AVENUE,New Sale,Strata,94,"24,255",-,Apartment,1,99 yrs lease commencing from 2025,24,Outside Central Region,11 to 15
TENGAH GARDEN RESIDENCES,"2,075,000",968.76,"2,142",Apr-26,TENGAH GARDEN AVENUE,New Sale,Strata,90,"23,056",-,Apartment,1,99 yrs lease commencing from 2025,24,Outside Central Region,11 to 15
TENGAH GARDEN RESIDENCES,"2,085,000",968.76,"2,152",Apr-26,TENGAH GARDEN AVENUE,New Sale,Strata,90,"23,167",-,Apartment,1,99 yrs lease commencing from 2025,24,Outside Central Region,11 to 15
TENGAH GARDEN RESIDENCES,"2,095,000",968.76,"2,163",Apr-26,TENGAH GARDEN AVENUE,New Sale,Strata,90,"23,278",-,Apartment,1,99 yrs lease commencing from 2025,24,Outside Central Region,11 to 15
TENGAH GARDEN RESIDENCES,"2,105,000",968.76,"2,173",Apr-26,TENGAH GARDEN AVENUE,New Sale,Strata,90,"23,389",-,Apartment,1,99 yrs lease commencing from 2025,24,Outside Central Region,16 to 20
TENGAH GARDEN RESIDENCES,"1,858,000",904.18,"2,055",Apr-26,TENGAH GARDEN AVENUE,New Sale,Strata,84,"22,119",-,Apartment,1,99 yrs lease commencing from 2025,24,Outside Central Region,01 to 05
TENGAH GARDEN RESIDENCES,"1,311,000",667.37,"1,964",Apr-26,TENGAH GARDEN AVENUE,New Sale,Strata,62,"21,145",-,Apartment,1,99 yrs lease commencing from 2025,24,Outside Central Region,01 to 05
TENGAH GARDEN RESIDENCES,"1,153,000",624.31,"1,847",Apr-26,TENGAH GARDEN AVENUE,New Sale,Strata,58,"19,879",-,Apartment,1,99 yrs lease commencing from 2025,24,Outside Central Region,06 to 10
TENGAH GARDEN RESIDENCES,"1,881,000",904.18,"2,080",Apr-26,TENGAH GARDEN AVENUE,New Sale,Strata,84,"22,393",-,Apartment,1,99 yrs lease commencing from 2025,24,Outside Central Region,06 to 10
TENGAH GARDEN RESIDENCES,"1,329,000",667.37,"1,991",Apr-26,TENGAH GARDEN AVENUE,New Sale,Strata,62,"21,435",-,Apartment,1,99 yrs lease commencing from 2025,24,Outside Central Region,06 to 10
TENGAH GARDEN RESIDENCES,"1,890,000",904.18,"2,090",Apr-26,TENGAH GARDEN AVENUE,New Sale,Strata,84,"22,500",-,Apartment,1,99 yrs lease commencing from 2025,24,Outside Central Region,06 to 10
TENGAH GARDEN RESIDENCES,"1,336,000",667.37,"2,002",Apr-26,TENGAH GARDEN AVENUE,New Sale,Strata,62,"21,548",-,Apartment,1,99 yrs lease commencing from 2025,24,Outside Central Region,06 to 10
TENGAH GARDEN RESIDENCES,"1,336,000",667.37,"2,002",Apr-26,TENGAH GARDEN AVENUE,New Sale,Strata,62,"21,548",-,Apartment,1,99 yrs lease commencing from 2025,24,Outside Central Region,06 to 10
TENGAH GARDEN RESIDENCES,"1,177,000",624.31,"1,885",Apr-26,TENGAH GARDEN AVENUE,New Sale,Strata,58,"20,293",-,Apartment,1,99 yrs lease commencing from 2025,24,Outside Central Region,06 to 10
TENGAH GARDEN RESIDENCES,"2,038,000",979.52,"2,081",Apr-26,TENGAH GARDEN AVENUE,New Sale,Strata,91,"22,396",-,Apartment,1,99 yrs lease commencing from 2025,24,Outside Central Region,06 to 10
TENGAH GARDEN RESIDENCES,"1,914,000",904.18,"2,117",Apr-26,TENGAH GARDEN AVENUE,New Sale,Strata,84,"22,786",-,Apartment,1,99 yrs lease commencing from 2025,24,Outside Central Region,06 to 10
TENGAH GARDEN RESIDENCES,"1,357,000",667.37,"2,033",Apr-26,TENGAH GARDEN AVENUE,New Sale,Strata,62,"21,887",-,Apartment,1,99 yrs lease commencing from 2025,24,Outside Central Region,06 to 10
TENGAH GARDEN RESIDENCES,"1,357,000",667.37,"2,033",Apr-26,TENGAH GARDEN AVENUE,New Sale,Strata,62,"21,887",-,Apartment,1,99 yrs lease commencing from 2025,24,Outside Central Region,06 to 10
TENGAH GARDEN RESIDENCES,"1,750,000",828.83,"2,111",Apr-26,TENGAH GARDEN AVENUE,New Sale,Strata,77,"22,727",-,Apartment,1,99 yrs lease commencing from 2025,24,Outside Central Region,06 to 10
TENGAH GARDEN RESIDENCES,"1,177,000",624.31,"1,885",Apr-26,TENGAH GARDEN AVENUE,New Sale,Strata,58,"20,293",-,Apartment,1,99 yrs lease commencing from 2025,24,Outside Central Region,06 to 10
TENGAH GARDEN RESIDENCES,"1,185,000",624.31,"1,898",Apr-26,TENGAH GARDEN AVENUE,New Sale,Strata,58,"20,431",-,Apartment,1,99 yrs lease commencing from 2025,24,Outside Central Region,06 to 10
TENGAH GARDEN RESIDENCES,"1,924,000",904.18,"2,128",Apr-26,TENGAH GARDEN AVENUE,New Sale,Strata,84,"22,905",-,Apartment,1,99 yrs lease commencing from 2025,24,Outside Central Region,06 to 10
TENGAH GARDEN RESIDENCES,"1,366,000",667.37,"2,047",Apr-26,TENGAH GARDEN AVENUE,New Sale,Strata,62,"22,032",-,Apartment,1,99 yrs lease commencing from 2025,24,Outside Central Region,06 to 10
TENGAH GARDEN RESIDENCES,"1,366,000",667.37,"2,047",Apr-26,TENGAH GARDEN AVENUE,New Sale,Strata,62,"22,032",-,Apartment,1,99 yrs lease commencing from 2025,24,Outside Central Region,06 to 10
TENGAH GARDEN RESIDENCES,"1,760,000",828.83,"2,123",Apr-26,TENGAH GARDEN AVENUE,New Sale,Strata,77,"22,857",-,Apartment,1,99 yrs lease commencing from 2025,24,Outside Central Region,06 to 10
TENGAH GARDEN RESIDENCES,"1,185,000",624.31,"1,898",Apr-26,TENGAH GARDEN AVENUE,New Sale,Strata,58,"20,431",-,Apartment,1,99 yrs lease commencing from 2025,24,Outside Central Region,06 to 10
TENGAH GARDEN RESIDENCES,"1,934,000",904.18,"2,139",Apr-26,TENGAH GARDEN AVENUE,New Sale,Strata,84,"23,024",-,Apartment,1,99 yrs lease commencing from 2025,24,Outside Central Region,06 to 10
TENGAH GARDEN RESIDENCES,"1,375,000",667.37,"2,060",Apr-26,TENGAH GARDEN AVENUE,New Sale,Strata,62,"22,177",-,Apartment,1,99 yrs lease commencing from 2025,24,Outside Central Region,06 to 10
TENGAH GARDEN RESIDENCES,"1,375,000",667.37,"2,060",Apr-26,TENGAH GARDEN AVENUE,New Sale,Strata,62,"22,177",-,Apartment,1,99 yrs lease commencing from 2025,24,Outside Central Region,06 to 10
TENGAH GARDEN RESIDENCES,"1,201,000",624.31,"1,924",Apr-26,TENGAH GARDEN AVENUE,New Sale,Strata,58,"20,707",-,Apartment,1,99 yrs lease commencing from 2025,24,Outside Central Region,11 to 15
TENGAH GARDEN RESIDENCES,"1,944,000",904.18,"2,150",Apr-26,TENGAH GARDEN AVENUE,New Sale,Strata,84,"23,143",-,Apartment,1,99 yrs lease commencing from 2025,24,Outside Central Region,11 to 15
TENGAH GARDEN RESIDENCES,"1,384,000",667.37,"2,074",Apr-26,TENGAH GARDEN AVENUE,New Sale,Strata,62,"22,323",-,Apartment,1,99 yrs lease commencing from 2025,24,Outside Central Region,11 to 15
TENGAH GARDEN RESIDENCES,"1,384,000",667.37,"2,074",Apr-26,TENGAH GARDEN AVENUE,New Sale,Strata,62,"22,323",-,Apartment,1,99 yrs lease commencing from 2025,24,Outside Central Region,11 to 15
TENGAH GARDEN RESIDENCES,"1,201,000",624.31,"1,924",Apr-26,TENGAH GARDEN AVENUE,New Sale,Strata,58,"20,707",-,Apartment,1,99 yrs lease commencing from 2025,24,Outside Central Region,11 to 15
TENGAH GARDEN RESIDENCES,"1,963,000",904.18,"2,171",Apr-26,TENGAH GARDEN AVENUE,New Sale,Strata,84,"23,369",-,Apartment,1,99 yrs lease commencing from 2025,24,Outside Central Region,11 to 15
TENGAH GARDEN RESIDENCES,"1,400,000",667.37,"2,098",Apr-26,TENGAH GARDEN AVENUE,New Sale,Strata,62,"22,581",-,Apartment,1,99 yrs lease commencing from 2025,24,Outside Central Region,11 to 15
TENGAH GARDEN RESIDENCES,"1,400,000",667.37,"2,098",Apr-26,TENGAH GARDEN AVENUE,New Sale,Strata,62,"22,581",-,Apartment,1,99 yrs lease commencing from 2025,24,Outside Central Region,11 to 15
TENGAH GARDEN RESIDENCES,"1,799,000",828.83,"2,171",Apr-26,TENGAH GARDEN AVENUE,New Sale,Strata,77,"23,364",-,Apartment,1,99 yrs lease commencing from 2025,24,Outside Central Region,11 to 15
TENGAH GARDEN RESIDENCES,"1,973,000",904.18,"2,182",Apr-26,TENGAH GARDEN AVENUE,New Sale,Strata,84,"23,488",-,Apartment,1,99 yrs lease commencing from 2025,24,Outside Central Region,11 to 15
TENGAH GARDEN RESIDENCES,"1,409,000",667.37,"2,111",Apr-26,TENGAH GARDEN AVENUE,New Sale,Strata,62,"22,726",-,Apartment,1,99 yrs lease commencing from 2025,24,Outside Central Region,11 to 15
TENGAH GARDEN RESIDENCES,"1,983,000",904.18,"2,193",Apr-26,TENGAH GARDEN AVENUE,New Sale,Strata,84,"23,607",-,Apartment,1,99 yrs lease commencing from 2025,24,Outside Central Region,11 to 15
TENGAH GARDEN RESIDENCES,"1,418,000",667.37,"2,125",Apr-26,TENGAH GARDEN AVENUE,New Sale,Strata,62,"22,871",-,Apartment,1,99 yrs lease commencing from 2025,24,Outside Central Region,11 to 15
TENGAH GARDEN RESIDENCES,"1,993,000",904.18,"2,204",Apr-26,TENGAH GARDEN AVENUE,New Sale,Strata,84,"23,726",-,Apartment,1,99 yrs lease commencing from 2025,24,Outside Central Region,11 to 15
TENGAH GARDEN RESIDENCES,"1,829,000",828.83,"2,207",Apr-26,TENGAH GARDEN AVENUE,New Sale,Strata,77,"23,753",-,Apartment,1,99 yrs lease commencing from 2025,24,Outside Central Region,11 to 15
TENGAH GARDEN RESIDENCES,"2,003,000",904.18,"2,215",Apr-26,TENGAH GARDEN AVENUE,New Sale,Strata,84,"23,845",-,Apartment,1,99 yrs lease commencing from 2025,24,Outside Central Region,16 to 20
TENGAH GARDEN RESIDENCES,"1,839,000",828.83,"2,219",Apr-26,TENGAH GARDEN AVENUE,New Sale,Strata,77,"23,883",-,Apartment,1,99 yrs lease commencing from 2025,24,Outside Central Region,16 to 20
TENGAH GARDEN RESIDENCES,"1,782,000",904.18,"1,971",Apr-26,TENGAH GARDEN AVENUE,New Sale,Strata,84,"21,214",-,Apartment,1,99 yrs lease commencing from 2025,24,Outside Central Region,01 to 05
TENGAH GARDEN RESIDENCES,"1,600,000",796.54,"2,009",Apr-26,TENGAH GARDEN AVENUE,New Sale,Strata,74,"21,622",-,Apartment,1,99 yrs lease commencing from 2025,24,Outside Central Region,01 to 05
TENGAH GARDEN RESIDENCES,"2,002,000",990.29,"2,022",Apr-26,TENGAH GARDEN AVENUE,New Sale,Strata,92,"21,761",-,Apartment,1,99 yrs lease commencing from 2025,24,Outside Central Region,01 to 05
TENGAH GARDEN RESIDENCES,"1,623,000",796.54,"2,038",Apr-26,TENGAH GARDEN AVENUE,New Sale,Strata,74,"21,932",-,Apartment,1,99 yrs lease commencing from 2025,24,Outside Central Region,06 to 10
TENGAH GARDEN RESIDENCES,"1,159,000",624.31,"1,856",Apr-26,TENGAH GARDEN AVENUE,New Sale,Strata,58,"19,983",-,Apartment,1,99 yrs lease commencing from 2025,24,Outside Central Region,06 to 10
TENGAH GARDEN RESIDENCES,"1,838,000",904.18,"2,033",Apr-26,TENGAH GARDEN AVENUE,New Sale,Strata,84,"21,881",-,Apartment,1,99 yrs lease commencing from 2025,24,Outside Central Region,06 to 10
TENGAH GARDEN RESIDENCES,"1,656,000",796.54,"2,079",Apr-26,TENGAH GARDEN AVENUE,New Sale,Strata,74,"22,378",-,Apartment,1,99 yrs lease commencing from 2025,24,Outside Central Region,06 to 10
TENGAH GARDEN RESIDENCES,"2,058,000",990.29,"2,078",Apr-26,TENGAH GARDEN AVENUE,New Sale,Strata,92,"22,370",-,Apartment,1,99 yrs lease commencing from 2025,24,Outside Central Region,06 to 10
TENGAH GARDEN RESIDENCES,"1,945,000",904.18,"2,151",Apr-26,TENGAH GARDEN AVENUE,New Sale,Strata,84,"23,155",-,Apartment,1,99 yrs lease commencing from 2025,24,Outside Central Region,06 to 10
TENGAH GARDEN RESIDENCES,"1,848,000",904.18,"2,044",Apr-26,TENGAH GARDEN AVENUE,New Sale,Strata,84,"22,000",-,Apartment,1,99 yrs lease commencing from 2025,24,Outside Central Region,06 to 10
TENGAH GARDEN RESIDENCES,"1,666,000",796.54,"2,092",Apr-26,TENGAH GARDEN AVENUE,New Sale,Strata,74,"22,514",-,Apartment,1,99 yrs lease commencing from 2025,24,Outside Central Region,06 to 10
TENGAH GARDEN RESIDENCES,"2,068,000",990.29,"2,088",Apr-26,TENGAH GARDEN AVENUE,New Sale,Strata,92,"22,478",-,Apartment,1,99 yrs lease commencing from 2025,24,Outside Central Region,06 to 10
TENGAH GARDEN RESIDENCES,"1,955,000",904.18,"2,162",Apr-26,TENGAH GARDEN AVENUE,New Sale,Strata,84,"23,274",-,Apartment,1,99 yrs lease commencing from 2025,24,Outside Central Region,06 to 10
TENGAH GARDEN RESIDENCES,"1,858,000",904.18,"2,055",Apr-26,TENGAH GARDEN AVENUE,New Sale,Strata,84,"22,119",-,Apartment,1,99 yrs lease commencing from 2025,24,Outside Central Region,06 to 10
TENGAH GARDEN RESIDENCES,"1,676,000",796.54,"2,104",Apr-26,TENGAH GARDEN AVENUE,New Sale,Strata,74,"22,649",-,Apartment,1,99 yrs lease commencing from 2025,24,Outside Central Region,06 to 10
TENGAH GARDEN RESIDENCES,"2,078,000",990.29,"2,098",Apr-26,TENGAH GARDEN AVENUE,New Sale,Strata,92,"22,587",-,Apartment,1,99 yrs lease commencing from 2025,24,Outside Central Region,06 to 10
TENGAH GARDEN RESIDENCES,"1,868,000",904.18,"2,066",Apr-26,TENGAH GARDEN AVENUE,New Sale,Strata,84,"22,238",-,Apartment,1,99 yrs lease commencing from 2025,24,Outside Central Region,11 to 15
TENGAH GARDEN RESIDENCES,"1,686,000",796.54,"2,117",Apr-26,TENGAH GARDEN AVENUE,New Sale,Strata,74,"22,784",-,Apartment,1,99 yrs lease commencing from 2025,24,Outside Central Region,11 to 15
TENGAH GARDEN RESIDENCES,"2,088,000",990.29,"2,108",Apr-26,TENGAH GARDEN AVENUE,New Sale,Strata,92,"22,696",-,Apartment,1,99 yrs lease commencing from 2025,24,Outside Central Region,11 to 15
TENGAH GARDEN RESIDENCES,"1,887,000",904.18,"2,087",Apr-26,TENGAH GARDEN AVENUE,New Sale,Strata,84,"22,464",-,Apartment,1,99 yrs lease commencing from 2025,24,Outside Central Region,11 to 15
TENGAH GARDEN RESIDENCES,"1,705,000",796.54,"2,141",Apr-26,TENGAH GARDEN AVENUE,New Sale,Strata,74,"23,041",-,Apartment,1,99 yrs lease commencing from 2025,24,Outside Central Region,11 to 15
TENGAH GARDEN RESIDENCES,"2,108,000",990.29,"2,129",Apr-26,TENGAH GARDEN AVENUE,New Sale,Strata,92,"22,913",-,Apartment,1,99 yrs lease commencing from 2025,24,Outside Central Region,11 to 15
TENGAH GARDEN RESIDENCES,"1,897,000",904.18,"2,098",Apr-26,TENGAH GARDEN AVENUE,New Sale,Strata,84,"22,583",-,Apartment,1,99 yrs lease commencing from 2025,24,Outside Central Region,11 to 15
TENGAH GARDEN RESIDENCES,"1,715,000",796.54,"2,153",Apr-26,TENGAH GARDEN AVENUE,New Sale,Strata,74,"23,176",-,Apartment,1,99 yrs lease commencing from 2025,24,Outside Central Region,11 to 15
TENGAH GARDEN RESIDENCES,"2,118,000",990.29,"2,139",Apr-26,TENGAH GARDEN AVENUE,New Sale,Strata,92,"23,022",-,Apartment,1,99 yrs lease commencing from 2025,24,Outside Central Region,11 to 15
TENGAH GARDEN RESIDENCES,"1,907,000",904.18,"2,109",Apr-26,TENGAH GARDEN AVENUE,New Sale,Strata,84,"22,702",-,Apartment,1,99 yrs lease commencing from 2025,24,Outside Central Region,11 to 15
TENGAH GARDEN RESIDENCES,"1,725,000",796.54,"2,166",Apr-26,TENGAH GARDEN AVENUE,New Sale,Strata,74,"23,311",-,Apartment,1,99 yrs lease commencing from 2025,24,Outside Central Region,11 to 15
TENGAH GARDEN RESIDENCES,"1,917,000",904.18,"2,120",Apr-26,TENGAH GARDEN AVENUE,New Sale,Strata,84,"22,821",-,Apartment,1,99 yrs lease commencing from 2025,24,Outside Central Region,11 to 15
TENGAH GARDEN RESIDENCES,"1,735,000",796.54,"2,178",Apr-26,TENGAH GARDEN AVENUE,New Sale,Strata,74,"23,446",-,Apartment,1,99 yrs lease commencing from 2025,24,Outside Central Region,11 to 15
TENGAH GARDEN RESIDENCES,"1,185,000",624.31,"1,898",Apr-26,TENGAH GARDEN AVENUE,New Sale,Strata,58,"20,431",-,Apartment,1,99 yrs lease commencing from 2025,24,Outside Central Region,01 to 05
TENGAH GARDEN RESIDENCES,"2,446,000","1,140.98","2,144",Apr-26,TENGAH GARDEN AVENUE,New Sale,Strata,106,"23,075",-,Apartment,1,99 yrs lease commencing from 2025,24,Outside Central Region,01 to 05
TENGAH GARDEN RESIDENCES,"1,858,000",904.18,"2,055",Apr-26,TENGAH GARDEN AVENUE,New Sale,Strata,84,"22,119",-,Apartment,1,99 yrs lease commencing from 2025,24,Outside Central Region,01 to 05
TENGAH GARDEN RESIDENCES,"2,441,000","1,140.98","2,139",Apr-26,TENGAH GARDEN AVENUE,New Sale,Strata,106,"23,028",-,Apartment,1,99 yrs lease commencing from 2025,24,Outside Central Region,01 to 05
TENGAH GARDEN RESIDENCES,"2,452,000","1,140.98","2,149",Apr-26,TENGAH GARDEN AVENUE,New Sale,Strata,106,"23,132",-,Apartment,1,99 yrs lease commencing from 2025,24,Outside Central Region,01 to 05
TENGAH GARDEN RESIDENCES,"2,463,000","1,140.98","2,159",Apr-26,TENGAH GARDEN AVENUE,New Sale,Strata,106,"23,236",-,Apartment,1,99 yrs lease commencing from 2025,24,Outside Central Region,01 to 05
TENGAH GARDEN RESIDENCES,"1,199,000",624.31,"1,921",Apr-26,TENGAH GARDEN AVENUE,New Sale,Strata,58,"20,672",-,Apartment,1,99 yrs lease commencing from 2025,24,Outside Central Region,06 to 10
TENGAH GARDEN RESIDENCES,"2,474,000","1,140.98","2,168",Apr-26,TENGAH GARDEN AVENUE,New Sale,Strata,106,"23,340",-,Apartment,1,99 yrs lease commencing from 2025,24,Outside Central Region,06 to 10
TENGAH GARDEN RESIDENCES,"1,881,000",904.18,"2,080",Apr-26,TENGAH GARDEN AVENUE,New Sale,Strata,84,"22,393",-,Apartment,1,99 yrs lease commencing from 2025,24,Outside Central Region,06 to 10
TENGAH GARDEN RESIDENCES,"1,329,000",667.37,"1,991",Apr-26,TENGAH GARDEN AVENUE,New Sale,Strata,62,"21,435",-,Apartment,1,99 yrs lease commencing from 2025,24,Outside Central Region,06 to 10
TENGAH GARDEN RESIDENCES,"1,329,000",667.37,"1,991",Apr-26,TENGAH GARDEN AVENUE,New Sale,Strata,62,"21,435",-,Apartment,1,99 yrs lease commencing from 2025,24,Outside Central Region,06 to 10
TENGAH GARDEN RESIDENCES,"1,205,000",624.31,"1,930",Apr-26,TENGAH GARDEN AVENUE,New Sale,Strata,58,"20,776",-,Apartment,1,99 yrs lease commencing from 2025,24,Outside Central Region,06 to 10
TENGAH GARDEN RESIDENCES,"2,485,000","1,140.98","2,178",Apr-26,TENGAH GARDEN AVENUE,New Sale,Strata,106,"23,443",-,Apartment,1,99 yrs lease commencing from 2025,24,Outside Central Region,06 to 10
TENGAH GARDEN RESIDENCES,"1,890,000",904.18,"2,090",Apr-26,TENGAH GARDEN AVENUE,New Sale,Strata,84,"22,500",-,Apartment,1,99 yrs lease commencing from 2025,24,Outside Central Region,06 to 10
TENGAH GARDEN RESIDENCES,"1,336,000",667.37,"2,002",Apr-26,TENGAH GARDEN AVENUE,New Sale,Strata,62,"21,548",-,Apartment,1,99 yrs lease commencing from 2025,24,Outside Central Region,06 to 10
TENGAH GARDEN RESIDENCES,"1,336,000",667.37,"2,002",Apr-26,TENGAH GARDEN AVENUE,New Sale,Strata,62,"21,548",-,Apartment,1,99 yrs lease commencing from 2025,24,Outside Central Region,06 to 10
TENGAH GARDEN RESIDENCES,"2,515,000","1,140.98","2,204",Apr-26,TENGAH GARDEN AVENUE,New Sale,Strata,106,"23,726",-,Apartment,1,99 yrs lease commencing from 2025,24,Outside Central Region,06 to 10
TENGAH GARDEN RESIDENCES,"1,914,000",904.18,"2,117",Apr-26,TENGAH GARDEN AVENUE,New Sale,Strata,84,"22,786",-,Apartment,1,99 yrs lease commencing from 2025,24,Outside Central Region,06 to 10
TENGAH GARDEN RESIDENCES,"1,357,000",667.37,"2,033",Apr-26,TENGAH GARDEN AVENUE,New Sale,Strata,62,"21,887",-,Apartment,1,99 yrs lease commencing from 2025,24,Outside Central Region,06 to 10
TENGAH GARDEN RESIDENCES,"2,201,000","1,033.34","2,130",Apr-26,TENGAH GARDEN AVENUE,New Sale,Strata,96,"22,927",-,Apartment,1,99 yrs lease commencing from 2025,24,Outside Central Region,06 to 10
TENGAH GARDEN RESIDENCES,"1,717,000",828.83,"2,072",Apr-26,TENGAH GARDEN AVENUE,New Sale,Strata,77,"22,299",-,Apartment,1,99 yrs lease commencing from 2025,24,Outside Central Region,06 to 10
TENGAH GARDEN RESIDENCES,"1,231,000",624.31,"1,972",Apr-26,TENGAH GARDEN AVENUE,New Sale,Strata,58,"21,224",-,Apartment,1,99 yrs lease commencing from 2025,24,Outside Central Region,06 to 10
TENGAH GARDEN RESIDENCES,"2,527,000","1,140.98","2,215",Apr-26,TENGAH GARDEN AVENUE,New Sale,Strata,106,"23,840",-,Apartment,1,99 yrs lease commencing from 2025,24,Outside Central Region,06 to 10
TENGAH GARDEN RESIDENCES,"1,366,000",667.37,"2,047",Apr-26,TENGAH GARDEN AVENUE,New Sale,Strata,62,"22,032",-,Apartment,1,99 yrs lease commencing from 2025,24,Outside Central Region,06 to 10
TENGAH GARDEN RESIDENCES,"1,366,000",667.37,"2,047",Apr-26,TENGAH GARDEN AVENUE,New Sale,Strata,62,"22,032",-,Apartment,1,99 yrs lease commencing from 2025,24,Outside Central Region,06 to 10
TENGAH GARDEN RESIDENCES,"2,211,000","1,033.34","2,140",Apr-26,TENGAH GARDEN AVENUE,New Sale,Strata,96,"23,031",-,Apartment,1,99 yrs lease commencing from 2025,24,Outside Central Region,06 to 10
TENGAH GARDEN RESIDENCES,"1,727,000",828.83,"2,084",Apr-26,TENGAH GARDEN AVENUE,New Sale,Strata,77,"22,429",-,Apartment,1,99 yrs lease commencing from 2025,24,Outside Central Region,06 to 10
TENGAH GARDEN RESIDENCES,"2,539,000","1,140.98","2,225",Apr-26,TENGAH GARDEN AVENUE,New Sale,Strata,106,"23,953",-,Apartment,1,99 yrs lease commencing from 2025,24,Outside Central Region,06 to 10
TENGAH GARDEN RESIDENCES,"1,934,000",904.18,"2,139",Apr-26,TENGAH GARDEN AVENUE,New Sale,Strata,84,"23,024",-,Apartment,1,99 yrs lease commencing from 2025,24,Outside Central Region,06 to 10
TENGAH GARDEN RESIDENCES,"1,375,000",667.37,"2,060",Apr-26,TENGAH GARDEN AVENUE,New Sale,Strata,62,"22,177",-,Apartment,1,99 yrs lease commencing from 2025,24,Outside Central Region,06 to 10
TENGAH GARDEN RESIDENCES,"1,375,000",667.37,"2,060",Apr-26,TENGAH GARDEN AVENUE,New Sale,Strata,62,"22,177",-,Apartment,1,99 yrs lease commencing from 2025,24,Outside Central Region,06 to 10
TENGAH GARDEN RESIDENCES,"1,737,000",828.83,"2,096",Apr-26,TENGAH GARDEN AVENUE,New Sale,Strata,77,"22,558",-,Apartment,1,99 yrs lease commencing from 2025,24,Outside Central Region,06 to 10
TENGAH GARDEN RESIDENCES,"1,247,000",624.31,"1,997",Apr-26,TENGAH GARDEN AVENUE,New Sale,Strata,58,"21,500",-,Apartment,1,99 yrs lease commencing from 2025,24,Outside Central Region,11 to 15
TENGAH GARDEN RESIDENCES,"2,551,000","1,140.98","2,236",Apr-26,TENGAH GARDEN AVENUE,New Sale,Strata,106,"24,066",-,Apartment,1,99 yrs lease commencing from 2025,24,Outside Central Region,11 to 15
TENGAH GARDEN RESIDENCES,"1,944,000",904.18,"2,150",Apr-26,TENGAH GARDEN AVENUE,New Sale,Strata,84,"23,143",-,Apartment,1,99 yrs lease commencing from 2025,24,Outside Central Region,11 to 15
TENGAH GARDEN RESIDENCES,"1,384,000",667.37,"2,074",Apr-26,TENGAH GARDEN AVENUE,New Sale,Strata,62,"22,323",-,Apartment,1,99 yrs lease commencing from 2025,24,Outside Central Region,11 to 15
TENGAH GARDEN RESIDENCES,"1,384,000",667.37,"2,074",Apr-26,TENGAH GARDEN AVENUE,New Sale,Strata,62,"22,323",-,Apartment,1,99 yrs lease commencing from 2025,24,Outside Central Region,11 to 15
TENGAH GARDEN RESIDENCES,"2,573,000","1,140.98","2,255",Apr-26,TENGAH GARDEN AVENUE,New Sale,Strata,106,"24,274",-,Apartment,1,99 yrs lease commencing from 2025,24,Outside Central Region,11 to 15
TENGAH GARDEN RESIDENCES,"1,963,000",904.18,"2,171",Apr-26,TENGAH GARDEN AVENUE,New Sale,Strata,84,"23,369",-,Apartment,1,99 yrs lease commencing from 2025,24,Outside Central Region,11 to 15
TENGAH GARDEN RESIDENCES,"1,400,000",667.37,"2,098",Apr-26,TENGAH GARDEN AVENUE,New Sale,Strata,62,"22,581",-,Apartment,1,99 yrs lease commencing from 2025,24,Outside Central Region,11 to 15
TENGAH GARDEN RESIDENCES,"1,400,000",667.37,"2,098",Apr-26,TENGAH GARDEN AVENUE,New Sale,Strata,62,"22,581",-,Apartment,1,99 yrs lease commencing from 2025,24,Outside Central Region,11 to 15
TENGAH GARDEN RESIDENCES,"1,766,000",828.83,"2,131",Apr-26,TENGAH GARDEN AVENUE,New Sale,Strata,77,"22,935",-,Apartment,1,99 yrs lease commencing from 2025,24,Outside Central Region,11 to 15
TENGAH GARDEN RESIDENCES,"1,261,000",624.31,"2,020",Apr-26,TENGAH GARDEN AVENUE,New Sale,Strata,58,"21,741",-,Apartment,1,99 yrs lease commencing from 2025,24,Outside Central Region,11 to 15
TENGAH GARDEN RESIDENCES,"2,585,000","1,140.98","2,266",Apr-26,TENGAH GARDEN AVENUE,New Sale,Strata,106,"24,387",-,Apartment,1,99 yrs lease commencing from 2025,24,Outside Central Region,11 to 15
TENGAH GARDEN RESIDENCES,"1,973,000",904.18,"2,182",Apr-26,TENGAH GARDEN AVENUE,New Sale,Strata,84,"23,488",-,Apartment,1,99 yrs lease commencing from 2025,24,Outside Central Region,11 to 15
TENGAH GARDEN RESIDENCES,"1,776,000",828.83,"2,143",Apr-26,TENGAH GARDEN AVENUE,New Sale,Strata,77,"23,065",-,Apartment,1,99 yrs lease commencing from 2025,24,Outside Central Region,11 to 15
TENGAH GARDEN RESIDENCES,"2,597,000","1,140.98","2,276",Apr-26,TENGAH GARDEN AVENUE,New Sale,Strata,106,"24,500",-,Apartment,1,99 yrs lease commencing from 2025,24,Outside Central Region,11 to 15
TENGAH GARDEN RESIDENCES,"1,983,000",904.18,"2,193",Apr-26,TENGAH GARDEN AVENUE,New Sale,Strata,84,"23,607",-,Apartment,1,99 yrs lease commencing from 2025,24,Outside Central Region,11 to 15
TENGAH GARDEN RESIDENCES,"1,786,000",828.83,"2,155",Apr-26,TENGAH GARDEN AVENUE,New Sale,Strata,77,"23,195",-,Apartment,1,99 yrs lease commencing from 2025,24,Outside Central Region,11 to 15
TENGAH GARDEN RESIDENCES,"2,609,000","1,140.98","2,287",Apr-26,TENGAH GARDEN AVENUE,New Sale,Strata,106,"24,613",-,Apartment,1,99 yrs lease commencing from 2025,24,Outside Central Region,11 to 15
TENGAH GARDEN RESIDENCES,"1,993,000",904.18,"2,204",Apr-26,TENGAH GARDEN AVENUE,New Sale,Strata,84,"23,726",-,Apartment,1,99 yrs lease commencing from 2025,24,Outside Central Region,11 to 15
TENGAH GARDEN RESIDENCES,"1,796,000",828.83,"2,167",Apr-26,TENGAH GARDEN AVENUE,New Sale,Strata,77,"23,325",-,Apartment,1,99 yrs lease commencing from 2025,24,Outside Central Region,11 to 15
TENGAH GARDEN RESIDENCES,"2,621,000","1,140.98","2,297",Apr-26,TENGAH GARDEN AVENUE,New Sale,Strata,106,"24,726",-,Apartment,1,99 yrs lease commencing from 2025,24,Outside Central Region,16 to 20
TENGAH GARDEN RESIDENCES,"2,003,000",904.18,"2,215",Apr-26,TENGAH GARDEN AVENUE,New Sale,Strata,84,"23,845",-,Apartment,1,99 yrs lease commencing from 2025,24,Outside Central Region,16 to 20
TENGAH GARDEN RESIDENCES,"1,806,000",828.83,"2,179",Apr-26,TENGAH GARDEN AVENUE,New Sale,Strata,77,"23,455",-,Apartment,1,99 yrs lease commencing from 2025,24,Outside Central Region,16 to 20
TENGAH GARDEN RESIDENCES,"1,374,000",667.37,"2,059",Apr-26,TENGAH GARDEN AVENUE,New Sale,Strata,62,"22,161",-,Apartment,1,99 yrs lease commencing from 2025,24,Outside Central Region,01 to 05
TENGAH GARDEN RESIDENCES,"2,179,000","1,033.34","2,109",Apr-26,TENGAH GARDEN AVENUE,New Sale,Strata,96,"22,698",-,Apartment,1,99 yrs lease commencing from 2025,24,Outside Central Region,01 to 05
TENGAH GARDEN RESIDENCES,"1,199,000",624.31,"1,921",Apr-26,TENGAH GARDEN AVENUE,New Sale,Strata,58,"20,672",-,Apartment,1,99 yrs lease commencing from 2025,24,Outside Central Region,06 to 10
TENGAH GARDEN RESIDENCES,"1,917,000",904.18,"2,120",Apr-26,TENGAH GARDEN AVENUE,New Sale,Strata,84,"22,821",-,Apartment,1,99 yrs lease commencing from 2025,24,Outside Central Region,06 to 10
TENGAH GARDEN RESIDENCES,"2,231,000","1,033.34","2,159",Apr-26,TENGAH GARDEN AVENUE,New Sale,Strata,96,"23,240",-,Apartment,1,99 yrs lease commencing from 2025,24,Outside Central Region,06 to 10
TENGAH GARDEN RESIDENCES,"1,392,000",667.37,"2,086",Apr-26,TENGAH GARDEN AVENUE,New Sale,Strata,62,"22,452",-,Apartment,1,99 yrs lease commencing from 2025,24,Outside Central Region,06 to 10
TENGAH GARDEN RESIDENCES,"1,926,000",904.18,"2,130",Apr-26,TENGAH GARDEN AVENUE,New Sale,Strata,84,"22,929",-,Apartment,1,99 yrs lease commencing from 2025,24,Outside Central Region,06 to 10
TENGAH GARDEN RESIDENCES,"2,240,000","1,033.34","2,168",Apr-26,TENGAH GARDEN AVENUE,New Sale,Strata,96,"23,333",-,Apartment,1,99 yrs lease commencing from 2025,24,Outside Central Region,06 to 10
TENGAH GARDEN RESIDENCES,"1,417,000",667.37,"2,123",Apr-26,TENGAH GARDEN AVENUE,New Sale,Strata,62,"22,855",-,Apartment,1,99 yrs lease commencing from 2025,24,Outside Central Region,06 to 10
TENGAH GARDEN RESIDENCES,"1,223,000",624.31,"1,959",Apr-26,TENGAH GARDEN AVENUE,New Sale,Strata,58,"21,086",-,Apartment,1,99 yrs lease commencing from 2025,24,Outside Central Region,06 to 10
TENGAH GARDEN RESIDENCES,"1,950,000",904.18,"2,157",Apr-26,TENGAH GARDEN AVENUE,New Sale,Strata,84,"23,214",-,Apartment,1,99 yrs lease commencing from 2025,24,Outside Central Region,06 to 10
TENGAH GARDEN RESIDENCES,"1,438,000",667.37,"2,155",Apr-26,TENGAH GARDEN AVENUE,New Sale,Strata,62,"23,194",-,Apartment,1,99 yrs lease commencing from 2025,24,Outside Central Region,06 to 10
TENGAH GARDEN RESIDENCES,"1,420,000",667.37,"2,128",Apr-26,TENGAH GARDEN AVENUE,New Sale,Strata,62,"22,903",-,Apartment,1,99 yrs lease commencing from 2025,24,Outside Central Region,06 to 10
TENGAH GARDEN RESIDENCES,"2,235,000","1,033.34","2,163",Apr-26,TENGAH GARDEN AVENUE,New Sale,Strata,96,"23,281",-,Apartment,1,99 yrs lease commencing from 2025,24,Outside Central Region,06 to 10
TENGAH GARDEN RESIDENCES,"1,763,000",828.83,"2,127",Apr-26,TENGAH GARDEN AVENUE,New Sale,Strata,77,"22,896",-,Apartment,1,99 yrs lease commencing from 2025,24,Outside Central Region,06 to 10
TENGAH GARDEN RESIDENCES,"1,248,000",624.31,"1,999",Apr-26,TENGAH GARDEN AVENUE,New Sale,Strata,58,"21,517",-,Apartment,1,99 yrs lease commencing from 2025,24,Outside Central Region,06 to 10
TENGAH GARDEN RESIDENCES,"1,231,000",624.31,"1,972",Apr-26,TENGAH GARDEN AVENUE,New Sale,Strata,58,"21,224",-,Apartment,1,99 yrs lease commencing from 2025,24,Outside Central Region,06 to 10
TENGAH GARDEN RESIDENCES,"1,960,000",904.18,"2,168",Apr-26,TENGAH GARDEN AVENUE,New Sale,Strata,84,"23,333",-,Apartment,1,99 yrs lease commencing from 2025,24,Outside Central Region,06 to 10
TENGAH GARDEN RESIDENCES,"2,274,000","1,033.34","2,201",Apr-26,TENGAH GARDEN AVENUE,New Sale,Strata,96,"23,688",-,Apartment,1,99 yrs lease commencing from 2025,24,Outside Central Region,06 to 10
TENGAH GARDEN RESIDENCES,"1,447,000",667.37,"2,168",Apr-26,TENGAH GARDEN AVENUE,New Sale,Strata,62,"23,339",-,Apartment,1,99 yrs lease commencing from 2025,24,Outside Central Region,06 to 10
TENGAH GARDEN RESIDENCES,"1,429,000",667.37,"2,141",Apr-26,TENGAH GARDEN AVENUE,New Sale,Strata,62,"23,048",-,Apartment,1,99 yrs lease commencing from 2025,24,Outside Central Region,06 to 10
TENGAH GARDEN RESIDENCES,"1,773,000",828.83,"2,139",Apr-26,TENGAH GARDEN AVENUE,New Sale,Strata,77,"23,026",-,Apartment,1,99 yrs lease commencing from 2025,24,Outside Central Region,06 to 10
TENGAH GARDEN RESIDENCES,"1,256,000",624.31,"2,012",Apr-26,TENGAH GARDEN AVENUE,New Sale,Strata,58,"21,655",-,Apartment,1,99 yrs lease commencing from 2025,24,Outside Central Region,06 to 10
TENGAH GARDEN RESIDENCES,"1,239,000",624.31,"1,985",Apr-26,TENGAH GARDEN AVENUE,New Sale,Strata,58,"21,362",-,Apartment,1,99 yrs lease commencing from 2025,24,Outside Central Region,06 to 10
TENGAH GARDEN RESIDENCES,"1,970,000",904.18,"2,179",Apr-26,TENGAH GARDEN AVENUE,New Sale,Strata,84,"23,452",-,Apartment,1,99 yrs lease commencing from 2025,24,Outside Central Region,06 to 10
TENGAH GARDEN RESIDENCES,"2,284,000","1,033.34","2,210",Apr-26,TENGAH GARDEN AVENUE,New Sale,Strata,96,"23,792",-,Apartment,1,99 yrs lease commencing from 2025,24,Outside Central Region,06 to 10
TENGAH GARDEN RESIDENCES,"1,456,000",667.37,"2,182",Apr-26,TENGAH GARDEN AVENUE,New Sale,Strata,62,"23,484",-,Apartment,1,99 yrs lease commencing from 2025,24,Outside Central Region,06 to 10
TENGAH GARDEN RESIDENCES,"1,438,000",667.37,"2,155",Apr-26,TENGAH GARDEN AVENUE,New Sale,Strata,62,"23,194",-,Apartment,1,99 yrs lease commencing from 2025,24,Outside Central Region,06 to 10
TENGAH GARDEN RESIDENCES,"1,783,000",828.83,"2,151",Apr-26,TENGAH GARDEN AVENUE,New Sale,Strata,77,"23,156",-,Apartment,1,99 yrs lease commencing from 2025,24,Outside Central Region,06 to 10
TENGAH GARDEN RESIDENCES,"1,247,000",624.31,"1,997",Apr-26,TENGAH GARDEN AVENUE,New Sale,Strata,58,"21,500",-,Apartment,1,99 yrs lease commencing from 2025,24,Outside Central Region,11 to 15
TENGAH GARDEN RESIDENCES,"2,294,000","1,033.34","2,220",Apr-26,TENGAH GARDEN AVENUE,New Sale,Strata,96,"23,896",-,Apartment,1,99 yrs lease commencing from 2025,24,Outside Central Region,11 to 15
TENGAH GARDEN RESIDENCES,"1,465,000",667.37,"2,195",Apr-26,TENGAH GARDEN AVENUE,New Sale,Strata,62,"23,629",-,Apartment,1,99 yrs lease commencing from 2025,24,Outside Central Region,11 to 15
TENGAH GARDEN RESIDENCES,"1,447,000",667.37,"2,168",Apr-26,TENGAH GARDEN AVENUE,New Sale,Strata,62,"23,339",-,Apartment,1,99 yrs lease commencing from 2025,24,Outside Central Region,11 to 15
TENGAH GARDEN RESIDENCES,"1,793,000",828.83,"2,163",Apr-26,TENGAH GARDEN AVENUE,New Sale,Strata,77,"23,286",-,Apartment,1,99 yrs lease commencing from 2025,24,Outside Central Region,11 to 15
TENGAH GARDEN RESIDENCES,"1,272,000",624.31,"2,037",Apr-26,TENGAH GARDEN AVENUE,New Sale,Strata,58,"21,931",-,Apartment,1,99 yrs lease commencing from 2025,24,Outside Central Region,11 to 15
TENGAH GARDEN RESIDENCES,"1,999,000",904.18,"2,211",Apr-26,TENGAH GARDEN AVENUE,New Sale,Strata,84,"23,798",-,Apartment,1,99 yrs lease commencing from 2025,24,Outside Central Region,11 to 15
TENGAH GARDEN RESIDENCES,"2,314,000","1,033.34","2,239",Apr-26,TENGAH GARDEN AVENUE,New Sale,Strata,96,"24,104",-,Apartment,1,99 yrs lease commencing from 2025,24,Outside Central Region,11 to 15
TENGAH GARDEN RESIDENCES,"1,481,000",667.37,"2,219",Apr-26,TENGAH GARDEN AVENUE,New Sale,Strata,62,"23,887",-,Apartment,1,99 yrs lease commencing from 2025,24,Outside Central Region,11 to 15
TENGAH GARDEN RESIDENCES,"1,812,000",828.83,"2,186",Apr-26,TENGAH GARDEN AVENUE,New Sale,Strata,77,"23,532",-,Apartment,1,99 yrs lease commencing from 2025,24,Outside Central Region,11 to 15
TENGAH GARDEN RESIDENCES,"2,009,000",904.18,"2,222",Apr-26,TENGAH GARDEN AVENUE,New Sale,Strata,84,"23,917",-,Apartment,1,99 yrs lease commencing from 2025,24,Outside Central Region,11 to 15
TENGAH GARDEN RESIDENCES,"1,490,000",667.37,"2,233",Apr-26,TENGAH GARDEN AVENUE,New Sale,Strata,62,"24,032",-,Apartment,1,99 yrs lease commencing from 2025,24,Outside Central Region,11 to 15
TENGAH GARDEN RESIDENCES,"1,822,000",828.83,"2,198",Apr-26,TENGAH GARDEN AVENUE,New Sale,Strata,77,"23,662",-,Apartment,1,99 yrs lease commencing from 2025,24,Outside Central Region,11 to 15
TENGAH GARDEN RESIDENCES,"2,019,000",904.18,"2,233",Apr-26,TENGAH GARDEN AVENUE,New Sale,Strata,84,"24,036",-,Apartment,1,99 yrs lease commencing from 2025,24,Outside Central Region,11 to 15
TENGAH GARDEN RESIDENCES,"2,334,000","1,033.34","2,259",Apr-26,TENGAH GARDEN AVENUE,New Sale,Strata,96,"24,313",-,Apartment,1,99 yrs lease commencing from 2025,24,Outside Central Region,11 to 15
TENGAH GARDEN RESIDENCES,"1,832,000",828.83,"2,210",Apr-26,TENGAH GARDEN AVENUE,New Sale,Strata,77,"23,792",-,Apartment,1,99 yrs lease commencing from 2025,24,Outside Central Region,11 to 15
TENGAH GARDEN RESIDENCES,"2,029,000",904.18,"2,244",Apr-26,TENGAH GARDEN AVENUE,New Sale,Strata,84,"24,155",-,Apartment,1,99 yrs lease commencing from 2025,24,Outside Central Region,11 to 15
TENGAH GARDEN RESIDENCES,"2,344,000","1,033.34","2,268",Apr-26,TENGAH GARDEN AVENUE,New Sale,Strata,96,"24,417",-,Apartment,1,99 yrs lease commencing from 2025,24,Outside Central Region,11 to 15
TENGAH GARDEN RESIDENCES,"2,039,000",904.18,"2,255",Apr-26,TENGAH GARDEN AVENUE,New Sale,Strata,84,"24,274",-,Apartment,1,99 yrs lease commencing from 2025,24,Outside Central Region,16 to 20
TENGAH GARDEN RESIDENCES,"2,354,000","1,033.34","2,278",Apr-26,TENGAH GARDEN AVENUE,New Sale,Strata,96,"24,521",-,Apartment,1,99 yrs lease commencing from 2025,24,Outside Central Region,16 to 20
TENGAH GARDEN RESIDENCES,"1,852,000",828.83,"2,234",Apr-26,TENGAH GARDEN AVENUE,New Sale,Strata,77,"24,052",-,Apartment,1,99 yrs lease commencing from 2025,24,Outside Central Region,16 to 20
TENGAH GARDEN RESIDENCES,"2,354,000","1,130.22","2,083",Apr-26,TENGAH GARDEN AVENUE,New Sale,Strata,105,"22,419",-,Apartment,1,99 yrs lease commencing from 2025,24,Outside Central Region,01 to 05
TENGAH GARDEN RESIDENCES,"2,430,000","1,130.22","2,150",Apr-26,TENGAH GARDEN AVENUE,New Sale,Strata,105,"23,143",-,Apartment,1,99 yrs lease commencing from 2025,24,Outside Central Region,01 to 05
TENGAH GARDEN RESIDENCES,"2,686,000","1,248.62","2,151",Apr-26,TENGAH GARDEN AVENUE,New Sale,Strata,116,"23,155",-,Apartment,1,99 yrs lease commencing from 2025,24,Outside Central Region,01 to 05
TENGAH GARDEN RESIDENCES,"2,349,000","1,130.22","2,078",Apr-26,TENGAH GARDEN AVENUE,New Sale,Strata,105,"22,371",-,Apartment,1,99 yrs lease commencing from 2025,24,Outside Central Region,01 to 05
TENGAH GARDEN RESIDENCES,"2,288,000","1,130.22","2,024",Apr-26,TENGAH GARDEN AVENUE,New Sale,Strata,105,"21,790",-,Apartment,1,99 yrs lease commencing from 2025,24,Outside Central Region,01 to 05
TENGAH GARDEN RESIDENCES,"2,441,000","1,130.22","2,160",Apr-26,TENGAH GARDEN AVENUE,New Sale,Strata,105,"23,248",-,Apartment,1,99 yrs lease commencing from 2025,24,Outside Central Region,01 to 05
TENGAH GARDEN RESIDENCES,"2,697,000","1,248.62","2,160",Apr-26,TENGAH GARDEN AVENUE,New Sale,Strata,116,"23,250",-,Apartment,1,99 yrs lease commencing from 2025,24,Outside Central Region,01 to 05
TENGAH GARDEN RESIDENCES,"2,360,000","1,130.22","2,088",Apr-26,TENGAH GARDEN AVENUE,New Sale,Strata,105,"22,476",-,Apartment,1,99 yrs lease commencing from 2025,24,Outside Central Region,01 to 05
TENGAH GARDEN RESIDENCES,"2,299,000","1,130.22","2,034",Apr-26,TENGAH GARDEN AVENUE,New Sale,Strata,105,"21,895",-,Apartment,1,99 yrs lease commencing from 2025,24,Outside Central Region,01 to 05
TENGAH GARDEN RESIDENCES,"2,474,000","1,130.22","2,189",Apr-26,TENGAH GARDEN AVENUE,New Sale,Strata,105,"23,562",-,Apartment,1,99 yrs lease commencing from 2025,24,Outside Central Region,01 to 05
TENGAH GARDEN RESIDENCES,"2,730,000","1,248.62","2,186",Apr-26,TENGAH GARDEN AVENUE,New Sale,Strata,116,"23,534",-,Apartment,1,99 yrs lease commencing from 2025,24,Outside Central Region,01 to 05
TENGAH GARDEN RESIDENCES,"2,371,000","1,130.22","2,098",Apr-26,TENGAH GARDEN AVENUE,New Sale,Strata,105,"22,581",-,Apartment,1,99 yrs lease commencing from 2025,24,Outside Central Region,01 to 05
TENGAH GARDEN RESIDENCES,"2,310,000","1,130.22","2,044",Apr-26,TENGAH GARDEN AVENUE,New Sale,Strata,105,"22,000",-,Apartment,1,99 yrs lease commencing from 2025,24,Outside Central Region,01 to 05
TENGAH GARDEN RESIDENCES,"2,485,000","1,130.22","2,199",Apr-26,TENGAH GARDEN AVENUE,New Sale,Strata,105,"23,667",-,Apartment,1,99 yrs lease commencing from 2025,24,Outside Central Region,06 to 10
TENGAH GARDEN RESIDENCES,"2,741,000","1,248.62","2,195",Apr-26,TENGAH GARDEN AVENUE,New Sale,Strata,116,"23,629",-,Apartment,1,99 yrs lease commencing from 2025,24,Outside Central Region,06 to 10
TENGAH GARDEN RESIDENCES,"2,382,000","1,130.22","2,108",Apr-26,TENGAH GARDEN AVENUE,New Sale,Strata,105,"22,686",-,Apartment,1,99 yrs lease commencing from 2025,24,Outside Central Region,06 to 10
TENGAH GARDEN RESIDENCES,"2,330,000","1,130.22","2,062",Apr-26,TENGAH GARDEN AVENUE,New Sale,Strata,105,"22,190",-,Apartment,1,99 yrs lease commencing from 2025,24,Outside Central Region,06 to 10
TENGAH GARDEN RESIDENCES,"2,496,000","1,130.22","2,208",Apr-26,TENGAH GARDEN AVENUE,New Sale,Strata,105,"23,771",-,Apartment,1,99 yrs lease commencing from 2025,24,Outside Central Region,06 to 10
TENGAH GARDEN RESIDENCES,"2,752,000","1,248.62","2,204",Apr-26,TENGAH GARDEN AVENUE,New Sale,Strata,116,"23,724",-,Apartment,1,99 yrs lease commencing from 2025,24,Outside Central Region,06 to 10
TENGAH GARDEN RESIDENCES,"2,393,000","1,130.22","2,117",Apr-26,TENGAH GARDEN AVENUE,New Sale,Strata,105,"22,790",-,Apartment,1,99 yrs lease commencing from 2025,24,Outside Central Region,06 to 10
TENGAH GARDEN RESIDENCES,"2,341,000","1,130.22","2,071",Apr-26,TENGAH GARDEN AVENUE,New Sale,Strata,105,"22,295",-,Apartment,1,99 yrs lease commencing from 2025,24,Outside Central Region,06 to 10
TENGAH GARDEN RESIDENCES,"2,527,000","1,130.22","2,236",Apr-26,TENGAH GARDEN AVENUE,New Sale,Strata,105,"24,067",-,Apartment,1,99 yrs lease commencing from 2025,24,Outside Central Region,06 to 10
TENGAH GARDEN RESIDENCES,"2,787,000","1,248.62","2,232",Apr-26,TENGAH GARDEN AVENUE,New Sale,Strata,116,"24,026",-,Apartment,1,99 yrs lease commencing from 2025,24,Outside Central Region,06 to 10
TENGAH GARDEN RESIDENCES,"2,423,000","1,130.22","2,144",Apr-26,TENGAH GARDEN AVENUE,New Sale,Strata,105,"23,076",-,Apartment,1,99 yrs lease commencing from 2025,24,Outside Central Region,06 to 10
TENGAH GARDEN RESIDENCES,"2,371,000","1,130.22","2,098",Apr-26,TENGAH GARDEN AVENUE,New Sale,Strata,105,"22,581",-,Apartment,1,99 yrs lease commencing from 2025,24,Outside Central Region,06 to 10
TENGAH GARDEN RESIDENCES,"2,540,000","1,130.22","2,247",Apr-26,TENGAH GARDEN AVENUE,New Sale,Strata,105,"24,190",-,Apartment,1,99 yrs lease commencing from 2025,24,Outside Central Region,06 to 10
TENGAH GARDEN RESIDENCES,"2,435,000","1,130.22","2,154",Apr-26,TENGAH GARDEN AVENUE,New Sale,Strata,105,"23,190",-,Apartment,1,99 yrs lease commencing from 2025,24,Outside Central Region,06 to 10
TENGAH GARDEN RESIDENCES,"2,383,000","1,130.22","2,108",Apr-26,TENGAH GARDEN AVENUE,New Sale,Strata,105,"22,695",-,Apartment,1,99 yrs lease commencing from 2025,24,Outside Central Region,06 to 10
TENGAH GARDEN RESIDENCES,"2,553,000","1,130.22","2,259",Apr-26,TENGAH GARDEN AVENUE,New Sale,Strata,105,"24,314",-,Apartment,1,99 yrs lease commencing from 2025,24,Outside Central Region,06 to 10
TENGAH GARDEN RESIDENCES,"2,813,000","1,248.62","2,253",Apr-26,TENGAH GARDEN AVENUE,New Sale,Strata,116,"24,250",-,Apartment,1,99 yrs lease commencing from 2025,24,Outside Central Region,06 to 10
TENGAH GARDEN RESIDENCES,"2,395,000","1,130.22","2,119",Apr-26,TENGAH GARDEN AVENUE,New Sale,Strata,105,"22,810",-,Apartment,1,99 yrs lease commencing from 2025,24,Outside Central Region,06 to 10
TENGAH GARDEN RESIDENCES,"2,566,000","1,130.22","2,270",Apr-26,TENGAH GARDEN AVENUE,New Sale,Strata,105,"24,438",-,Apartment,1,99 yrs lease commencing from 2025,24,Outside Central Region,11 to 15
TENGAH GARDEN RESIDENCES,"2,826,000","1,248.62","2,263",Apr-26,TENGAH GARDEN AVENUE,New Sale,Strata,116,"24,362",-,Apartment,1,99 yrs lease commencing from 2025,24,Outside Central Region,11 to 15
TENGAH GARDEN RESIDENCES,"2,459,000","1,130.22","2,176",Apr-26,TENGAH GARDEN AVENUE,New Sale,Strata,105,"23,419",-,Apartment,1,99 yrs lease commencing from 2025,24,Outside Central Region,11 to 15
TENGAH GARDEN RESIDENCES,"2,407,000","1,130.22","2,130",Apr-26,TENGAH GARDEN AVENUE,New Sale,Strata,105,"22,924",-,Apartment,1,99 yrs lease commencing from 2025,24,Outside Central Region,11 to 15
TENGAH GARDEN RESIDENCES,"2,589,000","1,130.22","2,291",Apr-26,TENGAH GARDEN AVENUE,New Sale,Strata,105,"24,657",-,Apartment,1,99 yrs lease commencing from 2025,24,Outside Central Region,11 to 15
TENGAH GARDEN RESIDENCES,"2,851,000","1,248.62","2,283",Apr-26,TENGAH GARDEN AVENUE,New Sale,Strata,116,"24,578",-,Apartment,1,99 yrs lease commencing from 2025,24,Outside Central Region,11 to 15
TENGAH GARDEN RESIDENCES,"2,481,000","1,130.22","2,195",Apr-26,TENGAH GARDEN AVENUE,New Sale,Strata,105,"23,629",-,Apartment,1,99 yrs lease commencing from 2025,24,Outside Central Region,11 to 15
TENGAH GARDEN RESIDENCES,"2,429,000","1,130.22","2,149",Apr-26,TENGAH GARDEN AVENUE,New Sale,Strata,105,"23,133",-,Apartment,1,99 yrs lease commencing from 2025,24,Outside Central Region,11 to 15
TENGAH GARDEN RESIDENCES,"2,602,000","1,130.22","2,302",Apr-26,TENGAH GARDEN AVENUE,New Sale,Strata,105,"24,781",-,Apartment,1,99 yrs lease commencing from 2025,24,Outside Central Region,11 to 15
TENGAH GARDEN RESIDENCES,"2,493,000","1,130.22","2,206",Apr-26,TENGAH GARDEN AVENUE,New Sale,Strata,105,"23,743",-,Apartment,1,99 yrs lease commencing from 2025,24,Outside Central Region,11 to 15
TENGAH GARDEN RESIDENCES,"2,441,000","1,130.22","2,160",Apr-26,TENGAH GARDEN AVENUE,New Sale,Strata,105,"23,248",-,Apartment,1,99 yrs lease commencing from 2025,24,Outside Central Region,11 to 15
TENGAH GARDEN RESIDENCES,"2,615,000","1,130.22","2,314",Apr-26,TENGAH GARDEN AVENUE,New Sale,Strata,105,"24,905",-,Apartment,1,99 yrs lease commencing from 2025,24,Outside Central Region,11 to 15
TENGAH GARDEN RESIDENCES,"2,505,000","1,130.22","2,216",Apr-26,TENGAH GARDEN AVENUE,New Sale,Strata,105,"23,857",-,Apartment,1,99 yrs lease commencing from 2025,24,Outside Central Region,11 to 15
TENGAH GARDEN RESIDENCES,"2,453,000","1,130.22","2,170",Apr-26,TENGAH GARDEN AVENUE,New Sale,Strata,105,"23,362",-,Apartment,1,99 yrs lease commencing from 2025,24,Outside Central Region,11 to 15
TENGAH GARDEN RESIDENCES,"2,628,000","1,130.22","2,325",Apr-26,TENGAH GARDEN AVENUE,New Sale,Strata,105,"25,029",-,Apartment,1,99 yrs lease commencing from 2025,24,Outside Central Region,11 to 15
TENGAH GARDEN RESIDENCES,"2,517,000","1,130.22","2,227",Apr-26,TENGAH GARDEN AVENUE,New Sale,Strata,105,"23,971",-,Apartment,1,99 yrs lease commencing from 2025,24,Outside Central Region,11 to 15
TENGAH GARDEN RESIDENCES,"2,465,000","1,130.22","2,181",Apr-26,TENGAH GARDEN AVENUE,New Sale,Strata,105,"23,476",-,Apartment,1,99 yrs lease commencing from 2025,24,Outside Central Region,11 to 15
TENGAH GARDEN RESIDENCES,"2,641,000","1,130.22","2,337",Apr-26,TENGAH GARDEN AVENUE,New Sale,Strata,105,"25,152",-,Apartment,1,99 yrs lease commencing from 2025,24,Outside Central Region,16 to 20
TENGAH GARDEN RESIDENCES,"2,903,000","1,248.62","2,325",Apr-26,TENGAH GARDEN AVENUE,New Sale,Strata,116,"25,026",-,Apartment,1,99 yrs lease commencing from 2025,24,Outside Central Region,16 to 20
TENGAH GARDEN RESIDENCES,"2,529,000","1,130.22","2,238",Apr-26,TENGAH GARDEN AVENUE,New Sale,Strata,105,"24,086",-,Apartment,1,99 yrs lease commencing from 2025,24,Outside Central Region,16 to 20
TENGAH GARDEN RESIDENCES,"2,477,000","1,130.22","2,192",Apr-26,TENGAH GARDEN AVENUE,New Sale,Strata,105,"23,590",-,Apartment,1,99 yrs lease commencing from 2025,24,Outside Central Region,16 to 20
TENGAH GARDEN RESIDENCES,"2,602,000","1,248.62","2,084",Apr-26,TENGAH GARDEN AVENUE,New Sale,Strata,116,"22,431",-,Apartment,1,99 yrs lease commencing from 2025,24,Outside Central Region,01 to 05
TENGAH GARDEN RESIDENCES,"2,354,000","1,130.22","2,083",Apr-26,TENGAH GARDEN AVENUE,New Sale,Strata,105,"22,419",-,Apartment,1,99 yrs lease commencing from 2025,24,Outside Central Region,01 to 05
TENGAH GARDEN RESIDENCES,"2,597,000","1,248.62","2,080",Apr-26,TENGAH GARDEN AVENUE,New Sale,Strata,116,"22,388",-,Apartment,1,99 yrs lease commencing from 2025,24,Outside Central Region,01 to 05
TENGAH GARDEN RESIDENCES,"2,349,000","1,130.22","2,078",Apr-26,TENGAH GARDEN AVENUE,New Sale,Strata,105,"22,371",-,Apartment,1,99 yrs lease commencing from 2025,24,Outside Central Region,01 to 05
TENGAH GARDEN RESIDENCES,"2,698,000","1,248.62","2,161",Apr-26,TENGAH GARDEN AVENUE,New Sale,Strata,116,"23,259",-,Apartment,1,99 yrs lease commencing from 2025,24,Outside Central Region,01 to 05
TENGAH GARDEN RESIDENCES,"2,608,000","1,248.62","2,089",Apr-26,TENGAH GARDEN AVENUE,New Sale,Strata,116,"22,483",-,Apartment,1,99 yrs lease commencing from 2025,24,Outside Central Region,01 to 05
TENGAH GARDEN RESIDENCES,"2,709,000","1,248.62","2,170",Apr-26,TENGAH GARDEN AVENUE,New Sale,Strata,116,"23,353",-,Apartment,1,99 yrs lease commencing from 2025,24,Outside Central Region,01 to 05
TENGAH GARDEN RESIDENCES,"2,728,000","1,248.62","2,185",Apr-26,TENGAH GARDEN AVENUE,New Sale,Strata,116,"23,517",-,Apartment,1,99 yrs lease commencing from 2025,24,Outside Central Region,01 to 05
TENGAH GARDEN RESIDENCES,"2,641,000","1,248.62","2,115",Apr-26,TENGAH GARDEN AVENUE,New Sale,Strata,116,"22,767",-,Apartment,1,99 yrs lease commencing from 2025,24,Outside Central Region,01 to 05
TENGAH GARDEN RESIDENCES,"2,371,000","1,130.22","2,098",Apr-26,TENGAH GARDEN AVENUE,New Sale,Strata,105,"22,581",-,Apartment,1,99 yrs lease commencing from 2025,24,Outside Central Region,01 to 05
TENGAH GARDEN RESIDENCES,"2,742,000","1,248.62","2,196",Apr-26,TENGAH GARDEN AVENUE,New Sale,Strata,116,"23,638",-,Apartment,1,99 yrs lease commencing from 2025,24,Outside Central Region,01 to 05
TENGAH GARDEN RESIDENCES,"2,761,000","1,248.62","2,211",Apr-26,TENGAH GARDEN AVENUE,New Sale,Strata,116,"23,802",-,Apartment,1,99 yrs lease commencing from 2025,24,Outside Central Region,01 to 05
TENGAH GARDEN RESIDENCES,"2,652,000","1,248.62","2,124",Apr-26,TENGAH GARDEN AVENUE,New Sale,Strata,116,"22,862",-,Apartment,1,99 yrs lease commencing from 2025,24,Outside Central Region,06 to 10
TENGAH GARDEN RESIDENCES,"2,382,000","1,130.22","2,108",Apr-26,TENGAH GARDEN AVENUE,New Sale,Strata,105,"22,686",-,Apartment,1,99 yrs lease commencing from 2025,24,Outside Central Region,06 to 10
TENGAH GARDEN RESIDENCES,"2,753,000","1,248.62","2,205",Apr-26,TENGAH GARDEN AVENUE,New Sale,Strata,116,"23,733",-,Apartment,1,99 yrs lease commencing from 2025,24,Outside Central Region,06 to 10
TENGAH GARDEN RESIDENCES,"2,772,000","1,248.62","2,220",Apr-26,TENGAH GARDEN AVENUE,New Sale,Strata,116,"23,897",-,Apartment,1,99 yrs lease commencing from 2025,24,Outside Central Region,06 to 10
TENGAH GARDEN RESIDENCES,"2,663,000","1,248.62","2,133",Apr-26,TENGAH GARDEN AVENUE,New Sale,Strata,116,"22,957",-,Apartment,1,99 yrs lease commencing from 2025,24,Outside Central Region,06 to 10
TENGAH GARDEN RESIDENCES,"2,393,000","1,130.22","2,117",Apr-26,TENGAH GARDEN AVENUE,New Sale,Strata,105,"22,790",-,Apartment,1,99 yrs lease commencing from 2025,24,Outside Central Region,06 to 10
TENGAH GARDEN RESIDENCES,"2,764,000","1,248.62","2,214",Apr-26,TENGAH GARDEN AVENUE,New Sale,Strata,116,"23,828",-,Apartment,1,99 yrs lease commencing from 2025,24,Outside Central Region,06 to 10
TENGAH GARDEN RESIDENCES,"2,783,000","1,248.62","2,229",Apr-26,TENGAH GARDEN AVENUE,New Sale,Strata,116,"23,991",-,Apartment,1,99 yrs lease commencing from 2025,24,Outside Central Region,06 to 10
TENGAH GARDEN RESIDENCES,"2,676,000","1,248.62","2,143",Apr-26,TENGAH GARDEN AVENUE,New Sale,Strata,116,"23,069",-,Apartment,1,99 yrs lease commencing from 2025,24,Outside Central Region,06 to 10
TENGAH GARDEN RESIDENCES,"2,423,000","1,130.22","2,144",Apr-26,TENGAH GARDEN AVENUE,New Sale,Strata,105,"23,076",-,Apartment,1,99 yrs lease commencing from 2025,24,Outside Central Region,06 to 10
TENGAH GARDEN RESIDENCES,"2,799,000","1,248.62","2,242",Apr-26,TENGAH GARDEN AVENUE,New Sale,Strata,116,"24,129",-,Apartment,1,99 yrs lease commencing from 2025,24,Outside Central Region,06 to 10
TENGAH GARDEN RESIDENCES,"2,818,000","1,248.62","2,257",Apr-26,TENGAH GARDEN AVENUE,New Sale,Strata,116,"24,293",-,Apartment,1,99 yrs lease commencing from 2025,24,Outside Central Region,06 to 10
TENGAH GARDEN RESIDENCES,"2,689,000","1,248.62","2,154",Apr-26,TENGAH GARDEN AVENUE,New Sale,Strata,116,"23,181",-,Apartment,1,99 yrs lease commencing from 2025,24,Outside Central Region,06 to 10
TENGAH GARDEN RESIDENCES,"2,435,000","1,130.22","2,154",Apr-26,TENGAH GARDEN AVENUE,New Sale,Strata,105,"23,190",-,Apartment,1,99 yrs lease commencing from 2025,24,Outside Central Region,06 to 10
TENGAH GARDEN RESIDENCES,"2,812,000","1,248.62","2,252",Apr-26,TENGAH GARDEN AVENUE,New Sale,Strata,116,"24,241",-,Apartment,1,99 yrs lease commencing from 2025,24,Outside Central Region,06 to 10
TENGAH GARDEN RESIDENCES,"2,831,000","1,248.62","2,267",Apr-26,TENGAH GARDEN AVENUE,New Sale,Strata,116,"24,405",-,Apartment,1,99 yrs lease commencing from 2025,24,Outside Central Region,06 to 10
TENGAH GARDEN RESIDENCES,"2,702,000","1,248.62","2,164",Apr-26,TENGAH GARDEN AVENUE,New Sale,Strata,116,"23,293",-,Apartment,1,99 yrs lease commencing from 2025,24,Outside Central Region,06 to 10
TENGAH GARDEN RESIDENCES,"2,447,000","1,130.22","2,165",Apr-26,TENGAH GARDEN AVENUE,New Sale,Strata,105,"23,305",-,Apartment,1,99 yrs lease commencing from 2025,24,Outside Central Region,06 to 10
TENGAH GARDEN RESIDENCES,"2,825,000","1,248.62","2,262",Apr-26,TENGAH GARDEN AVENUE,New Sale,Strata,116,"24,353",-,Apartment,1,99 yrs lease commencing from 2025,24,Outside Central Region,06 to 10
TENGAH GARDEN RESIDENCES,"2,844,000","1,248.62","2,278",Apr-26,TENGAH GARDEN AVENUE,New Sale,Strata,116,"24,517",-,Apartment,1,99 yrs lease commencing from 2025,24,Outside Central Region,06 to 10
TENGAH GARDEN RESIDENCES,"2,727,000","1,248.62","2,184",Apr-26,TENGAH GARDEN AVENUE,New Sale,Strata,116,"23,509",-,Apartment,1,99 yrs lease commencing from 2025,24,Outside Central Region,11 to 15
TENGAH GARDEN RESIDENCES,"2,459,000","1,130.22","2,176",Apr-26,TENGAH GARDEN AVENUE,New Sale,Strata,105,"23,419",-,Apartment,1,99 yrs lease commencing from 2025,24,Outside Central Region,11 to 15
TENGAH GARDEN RESIDENCES,"2,838,000","1,248.62","2,273",Apr-26,TENGAH GARDEN AVENUE,New Sale,Strata,116,"24,466",-,Apartment,1,99 yrs lease commencing from 2025,24,Outside Central Region,11 to 15
TENGAH GARDEN RESIDENCES,"2,857,000","1,248.62","2,288",Apr-26,TENGAH GARDEN AVENUE,New Sale,Strata,116,"24,629",-,Apartment,1,99 yrs lease commencing from 2025,24,Outside Central Region,11 to 15
TENGAH GARDEN RESIDENCES,"2,740,000","1,248.62","2,194",Apr-26,TENGAH GARDEN AVENUE,New Sale,Strata,116,"23,621",-,Apartment,1,99 yrs lease commencing from 2025,24,Outside Central Region,11 to 15
TENGAH GARDEN RESIDENCES,"2,481,000","1,130.22","2,195",Apr-26,TENGAH GARDEN AVENUE,New Sale,Strata,105,"23,629",-,Apartment,1,99 yrs lease commencing from 2025,24,Outside Central Region,11 to 15
TENGAH GARDEN RESIDENCES,"2,863,000","1,248.62","2,293",Apr-26,TENGAH GARDEN AVENUE,New Sale,Strata,116,"24,681",-,Apartment,1,99 yrs lease commencing from 2025,24,Outside Central Region,11 to 15
TENGAH GARDEN RESIDENCES,"2,882,000","1,248.62","2,308",Apr-26,TENGAH GARDEN AVENUE,New Sale,Strata,116,"24,845",-,Apartment,1,99 yrs lease commencing from 2025,24,Outside Central Region,11 to 15
TENGAH GARDEN RESIDENCES,"2,753,000","1,248.62","2,205",Apr-26,TENGAH GARDEN AVENUE,New Sale,Strata,116,"23,733",-,Apartment,1,99 yrs lease commencing from 2025,24,Outside Central Region,11 to 15
TENGAH GARDEN RESIDENCES,"2,493,000","1,130.22","2,206",Apr-26,TENGAH GARDEN AVENUE,New Sale,Strata,105,"23,743",-,Apartment,1,99 yrs lease commencing from 2025,24,Outside Central Region,11 to 15
TENGAH GARDEN RESIDENCES,"2,876,000","1,248.62","2,303",Apr-26,TENGAH GARDEN AVENUE,New Sale,Strata,116,"24,793",-,Apartment,1,99 yrs lease commencing from 2025,24,Outside Central Region,11 to 15
TENGAH GARDEN RESIDENCES,"2,766,000","1,248.62","2,215",Apr-26,TENGAH GARDEN AVENUE,New Sale,Strata,116,"23,845",-,Apartment,1,99 yrs lease commencing from 2025,24,Outside Central Region,11 to 15
TENGAH GARDEN RESIDENCES,"2,505,000","1,130.22","2,216",Apr-26,TENGAH GARDEN AVENUE,New Sale,Strata,105,"23,857",-,Apartment,1,99 yrs lease commencing from 2025,24,Outside Central Region,11 to 15
TENGAH GARDEN RESIDENCES,"2,889,000","1,248.62","2,314",Apr-26,TENGAH GARDEN AVENUE,New Sale,Strata,116,"24,905",-,Apartment,1,99 yrs lease commencing from 2025,24,Outside Central Region,11 to 15
TENGAH GARDEN RESIDENCES,"2,908,000","1,248.62","2,329",Apr-26,TENGAH GARDEN AVENUE,New Sale,Strata,116,"25,069",-,Apartment,1,99 yrs lease commencing from 2025,24,Outside Central Region,11 to 15
TENGAH GARDEN RESIDENCES,"2,779,000","1,248.62","2,226",Apr-26,TENGAH GARDEN AVENUE,New Sale,Strata,116,"23,957",-,Apartment,1,99 yrs lease commencing from 2025,24,Outside Central Region,11 to 15
TENGAH GARDEN RESIDENCES,"2,517,000","1,130.22","2,227",Apr-26,TENGAH GARDEN AVENUE,New Sale,Strata,105,"23,971",-,Apartment,1,99 yrs lease commencing from 2025,24,Outside Central Region,11 to 15
TENGAH GARDEN RESIDENCES,"2,902,000","1,248.62","2,324",Apr-26,TENGAH GARDEN AVENUE,New Sale,Strata,116,"25,017",-,Apartment,1,99 yrs lease commencing from 2025,24,Outside Central Region,11 to 15
TENGAH GARDEN RESIDENCES,"2,921,000","1,248.62","2,339",Apr-26,TENGAH GARDEN AVENUE,New Sale,Strata,116,"25,181",-,Apartment,1,99 yrs lease commencing from 2025,24,Outside Central Region,11 to 15
TENGAH GARDEN RESIDENCES,"2,792,000","1,248.62","2,236",Apr-26,TENGAH GARDEN AVENUE,New Sale,Strata,116,"24,069",-,Apartment,1,99 yrs lease commencing from 2025,24,Outside Central Region,16 to 20
TENGAH GARDEN RESIDENCES,"2,529,000","1,130.22","2,238",Apr-26,TENGAH GARDEN AVENUE,New Sale,Strata,105,"24,086",-,Apartment,1,99 yrs lease commencing from 2025,24,Outside Central Region,16 to 20
TENGAH GARDEN RESIDENCES,"2,915,000","1,248.62","2,335",Apr-26,TENGAH GARDEN AVENUE,New Sale,Strata,116,"25,129",-,Apartment,1,99 yrs lease commencing from 2025,24,Outside Central Region,16 to 20
TENGAH GARDEN RESIDENCES,"2,674,000","1,259.39","2,123",Apr-26,TENGAH GARDEN AVENUE,New Sale,Strata,117,"22,855",-,Apartment,1,99 yrs lease commencing from 2025,24,Outside Central Region,01 to 05
TENGAH GARDEN RESIDENCES,"1,699,000",828.83,"2,050",Apr-26,TENGAH GARDEN AVENUE,New Sale,Strata,77,"22,065",-,Apartment,1,99 yrs lease commencing from 2025,24,Outside Central Region,01 to 05
TENGAH GARDEN RESIDENCES,"1,885,000",904.18,"2,085",Apr-26,TENGAH GARDEN AVENUE,New Sale,Strata,84,"22,440",-,Apartment,1,99 yrs lease commencing from 2025,24,Outside Central Region,01 to 05
TENGAH GARDEN RESIDENCES,"1,519,000",753.48,"2,016",Apr-26,TENGAH GARDEN AVENUE,New Sale,Strata,70,"21,700",-,Apartment,1,99 yrs lease commencing from 2025,24,Outside Central Region,01 to 05
TENGAH GARDEN RESIDENCES,"2,669,000","1,259.39","2,119",Apr-26,TENGAH GARDEN AVENUE,New Sale,Strata,117,"22,812",-,Apartment,1,99 yrs lease commencing from 2025,24,Outside Central Region,01 to 05
TENGAH GARDEN RESIDENCES,"2,680,000","1,259.39","2,128",Apr-26,TENGAH GARDEN AVENUE,New Sale,Strata,117,"22,906",-,Apartment,1,99 yrs lease commencing from 2025,24,Outside Central Region,01 to 05
TENGAH GARDEN RESIDENCES,"2,713,000","1,259.39","2,154",Apr-26,TENGAH GARDEN AVENUE,New Sale,Strata,117,"23,188",-,Apartment,1,99 yrs lease commencing from 2025,24,Outside Central Region,01 to 05
TENGAH GARDEN RESIDENCES,"2,724,000","1,259.39","2,163",Apr-26,TENGAH GARDEN AVENUE,New Sale,Strata,117,"23,282",-,Apartment,1,99 yrs lease commencing from 2025,24,Outside Central Region,06 to 10
TENGAH GARDEN RESIDENCES,"1,722,000",828.83,"2,078",Apr-26,TENGAH GARDEN AVENUE,New Sale,Strata,77,"22,364",-,Apartment,1,99 yrs lease commencing from 2025,24,Outside Central Region,06 to 10
TENGAH GARDEN RESIDENCES,"1,908,000",904.18,"2,110",Apr-26,TENGAH GARDEN AVENUE,New Sale,Strata,84,"22,714",-,Apartment,1,99 yrs lease commencing from 2025,24,Outside Central Region,06 to 10
TENGAH GARDEN RESIDENCES,"2,735,000","1,259.39","2,172",Apr-26,TENGAH GARDEN AVENUE,New Sale,Strata,117,"23,376",-,Apartment,1,99 yrs lease commencing from 2025,24,Outside Central Region,06 to 10
TENGAH GARDEN RESIDENCES,"1,731,000",828.83,"2,088",Apr-26,TENGAH GARDEN AVENUE,New Sale,Strata,77,"22,481",-,Apartment,1,99 yrs lease commencing from 2025,24,Outside Central Region,06 to 10
TENGAH GARDEN RESIDENCES,"1,917,000",904.18,"2,120",Apr-26,TENGAH GARDEN AVENUE,New Sale,Strata,84,"22,821",-,Apartment,1,99 yrs lease commencing from 2025,24,Outside Central Region,06 to 10
TENGAH GARDEN RESIDENCES,"2,198,000","1,033.34","2,127",Apr-26,TENGAH GARDEN AVENUE,New Sale,Strata,96,"22,896",-,Apartment,1,99 yrs lease commencing from 2025,24,Outside Central Region,06 to 10
TENGAH GARDEN RESIDENCES,"1,565,000",753.48,"2,077",Apr-26,TENGAH GARDEN AVENUE,New Sale,Strata,70,"22,357",-,Apartment,1,99 yrs lease commencing from 2025,24,Outside Central Region,06 to 10
TENGAH GARDEN RESIDENCES,"2,770,000","1,259.39","2,199",Apr-26,TENGAH GARDEN AVENUE,New Sale,Strata,117,"23,675",-,Apartment,1,99 yrs lease commencing from 2025,24,Outside Central Region,06 to 10
TENGAH GARDEN RESIDENCES,"1,755,000",828.83,"2,117",Apr-26,TENGAH GARDEN AVENUE,New Sale,Strata,77,"22,792",-,Apartment,1,99 yrs lease commencing from 2025,24,Outside Central Region,06 to 10
TENGAH GARDEN RESIDENCES,"1,542,000",753.48,"2,047",Apr-26,TENGAH GARDEN AVENUE,New Sale,Strata,70,"22,029",-,Apartment,1,99 yrs lease commencing from 2025,24,Outside Central Region,06 to 10
TENGAH GARDEN RESIDENCES,"2,222,000","1,033.34","2,150",Apr-26,TENGAH GARDEN AVENUE,New Sale,Strata,96,"23,146",-,Apartment,1,99 yrs lease commencing from 2025,24,Outside Central Region,06 to 10
TENGAH GARDEN RESIDENCES,"1,765,000",828.83,"2,130",Apr-26,TENGAH GARDEN AVENUE,New Sale,Strata,77,"22,922",-,Apartment,1,99 yrs lease commencing from 2025,24,Outside Central Region,06 to 10
TENGAH GARDEN RESIDENCES,"1,551,000",753.48,"2,058",Apr-26,TENGAH GARDEN AVENUE,New Sale,Strata,70,"22,157",-,Apartment,1,99 yrs lease commencing from 2025,24,Outside Central Region,06 to 10
TENGAH GARDEN RESIDENCES,"1,551,000",753.48,"2,058",Apr-26,TENGAH GARDEN AVENUE,New Sale,Strata,70,"22,157",-,Apartment,1,99 yrs lease commencing from 2025,24,Outside Central Region,06 to 10
TENGAH GARDEN RESIDENCES,"1,951,000",904.18,"2,158",Apr-26,TENGAH GARDEN AVENUE,New Sale,Strata,84,"23,226",-,Apartment,1,99 yrs lease commencing from 2025,24,Outside Central Region,06 to 10
TENGAH GARDEN RESIDENCES,"2,232,000","1,033.34","2,160",Apr-26,TENGAH GARDEN AVENUE,New Sale,Strata,96,"23,250",-,Apartment,1,99 yrs lease commencing from 2025,24,Outside Central Region,06 to 10
TENGAH GARDEN RESIDENCES,"1,583,000",753.48,"2,101",Apr-26,TENGAH GARDEN AVENUE,New Sale,Strata,70,"22,614",-,Apartment,1,99 yrs lease commencing from 2025,24,Outside Central Region,06 to 10
TENGAH GARDEN RESIDENCES,"2,796,000","1,259.39","2,220",Apr-26,TENGAH GARDEN AVENUE,New Sale,Strata,117,"23,897",-,Apartment,1,99 yrs lease commencing from 2025,24,Outside Central Region,06 to 10
TENGAH GARDEN RESIDENCES,"1,775,000",828.83,"2,142",Apr-26,TENGAH GARDEN AVENUE,New Sale,Strata,77,"23,052",-,Apartment,1,99 yrs lease commencing from 2025,24,Outside Central Region,06 to 10
TENGAH GARDEN RESIDENCES,"1,560,000",753.48,"2,070",Apr-26,TENGAH GARDEN AVENUE,New Sale,Strata,70,"22,286",-,Apartment,1,99 yrs lease commencing from 2025,24,Outside Central Region,06 to 10
TENGAH GARDEN RESIDENCES,"1,560,000",753.48,"2,070",Apr-26,TENGAH GARDEN AVENUE,New Sale,Strata,70,"22,286",-,Apartment,1,99 yrs lease commencing from 2025,24,Outside Central Region,06 to 10
TENGAH GARDEN RESIDENCES,"2,242,000","1,033.34","2,170",Apr-26,TENGAH GARDEN AVENUE,New Sale,Strata,96,"23,354",-,Apartment,1,99 yrs lease commencing from 2025,24,Outside Central Region,06 to 10
TENGAH GARDEN RESIDENCES,"1,592,000",753.48,"2,113",Apr-26,TENGAH GARDEN AVENUE,New Sale,Strata,70,"22,743",-,Apartment,1,99 yrs lease commencing from 2025,24,Outside Central Region,11 to 15
TENGAH GARDEN RESIDENCES,"2,809,000","1,259.39","2,230",Apr-26,TENGAH GARDEN AVENUE,New Sale,Strata,117,"24,009",-,Apartment,1,99 yrs lease commencing from 2025,24,Outside Central Region,11 to 15
TENGAH GARDEN RESIDENCES,"1,785,000",828.83,"2,154",Apr-26,TENGAH GARDEN AVENUE,New Sale,Strata,77,"23,182",-,Apartment,1,99 yrs lease commencing from 2025,24,Outside Central Region,11 to 15
TENGAH GARDEN RESIDENCES,"1,971,000",904.18,"2,180",Apr-26,TENGAH GARDEN AVENUE,New Sale,Strata,84,"23,464",-,Apartment,1,99 yrs lease commencing from 2025,24,Outside Central Region,11 to 15
TENGAH GARDEN RESIDENCES,"1,609,000",753.48,"2,135",Apr-26,TENGAH GARDEN AVENUE,New Sale,Strata,70,"22,986",-,Apartment,1,99 yrs lease commencing from 2025,24,Outside Central Region,11 to 15
TENGAH GARDEN RESIDENCES,"2,834,000","1,259.39","2,250",Apr-26,TENGAH GARDEN AVENUE,New Sale,Strata,117,"24,222",-,Apartment,1,99 yrs lease commencing from 2025,24,Outside Central Region,11 to 15
TENGAH GARDEN RESIDENCES,"1,804,000",828.83,"2,177",Apr-26,TENGAH GARDEN AVENUE,New Sale,Strata,77,"23,429",-,Apartment,1,99 yrs lease commencing from 2025,24,Outside Central Region,11 to 15
TENGAH GARDEN RESIDENCES,"2,272,000","1,033.34","2,199",Apr-26,TENGAH GARDEN AVENUE,New Sale,Strata,96,"23,667",-,Apartment,1,99 yrs lease commencing from 2025,24,Outside Central Region,11 to 15
TENGAH GARDEN RESIDENCES,"2,847,000","1,259.39","2,261",Apr-26,TENGAH GARDEN AVENUE,New Sale,Strata,117,"24,333",-,Apartment,1,99 yrs lease commencing from 2025,24,Outside Central Region,11 to 15
TENGAH GARDEN RESIDENCES,"1,814,000",828.83,"2,189",Apr-26,TENGAH GARDEN AVENUE,New Sale,Strata,77,"23,558",-,Apartment,1,99 yrs lease commencing from 2025,24,Outside Central Region,11 to 15
TENGAH GARDEN RESIDENCES,"2,000,000",904.18,"2,212",Apr-26,TENGAH GARDEN AVENUE,New Sale,Strata,84,"23,810",-,Apartment,1,99 yrs lease commencing from 2025,24,Outside Central Region,11 to 15
TENGAH GARDEN RESIDENCES,"1,824,000",828.83,"2,201",Apr-26,TENGAH GARDEN AVENUE,New Sale,Strata,77,"23,688",-,Apartment,1,99 yrs lease commencing from 2025,24,Outside Central Region,11 to 15
TENGAH GARDEN RESIDENCES,"2,010,000",904.18,"2,223",Apr-26,TENGAH GARDEN AVENUE,New Sale,Strata,84,"23,929",-,Apartment,1,99 yrs lease commencing from 2025,24,Outside Central Region,11 to 15
TENGAH GARDEN RESIDENCES,"2,873,000","1,259.39","2,281",Apr-26,TENGAH GARDEN AVENUE,New Sale,Strata,117,"24,556",-,Apartment,1,99 yrs lease commencing from 2025,24,Outside Central Region,11 to 15
TENGAH GARDEN RESIDENCES,"1,834,000",828.83,"2,213",Apr-26,TENGAH GARDEN AVENUE,New Sale,Strata,77,"23,818",-,Apartment,1,99 yrs lease commencing from 2025,24,Outside Central Region,11 to 15
TENGAH GARDEN RESIDENCES,"2,020,000",904.18,"2,234",Apr-26,TENGAH GARDEN AVENUE,New Sale,Strata,84,"24,048",-,Apartment,1,99 yrs lease commencing from 2025,24,Outside Central Region,11 to 15
TENGAH GARDEN RESIDENCES,"2,302,000","1,033.34","2,228",Apr-26,TENGAH GARDEN AVENUE,New Sale,Strata,96,"23,979",-,Apartment,1,99 yrs lease commencing from 2025,24,Outside Central Region,11 to 15
TENGAH GARDEN RESIDENCES,"1,636,000",753.48,"2,171",Apr-26,TENGAH GARDEN AVENUE,New Sale,Strata,70,"23,371",-,Apartment,1,99 yrs lease commencing from 2025,24,Outside Central Region,11 to 15
TENGAH GARDEN RESIDENCES,"1,844,000",828.83,"2,225",Apr-26,TENGAH GARDEN AVENUE,New Sale,Strata,77,"23,948",-,Apartment,1,99 yrs lease commencing from 2025,24,Outside Central Region,16 to 20
TENGAH GARDEN RESIDENCES,"2,030,000",904.18,"2,245",Apr-26,TENGAH GARDEN AVENUE,New Sale,Strata,84,"24,167",-,Apartment,1,99 yrs lease commencing from 2025,24,Outside Central Region,16 to 20
TENGAH GARDEN RESIDENCES,"1,582,000",753.48,"2,100",Apr-26,TENGAH GARDEN AVENUE,New Sale,Strata,70,"22,600",-,Apartment,1,99 yrs lease commencing from 2025,24,Outside Central Region,11 to 15
TENGAH GARDEN RESIDENCES,"1,736,000",818.06,"2,122",Apr-26,TENGAH GARDEN AVENUE,New Sale,Strata,76,"22,842",-,Apartment,1,99 yrs lease commencing from 2025,24,Outside Central Region,11 to 15
TENGAH GARDEN RESIDENCES,"2,013,000",968.76,"2,078",Apr-26,TENGAH GARDEN AVENUE,New Sale,Strata,90,"22,367",-,Apartment,1,99 yrs lease commencing from 2025,24,Outside Central Region,06 to 10
TENGAH GARDEN RESIDENCES,"1,973,000",968.76,"2,037",Apr-26,TENGAH GARDEN AVENUE,New Sale,Strata,90,"21,922",-,Apartment,1,99 yrs lease commencing from 2025,24,Outside Central Region,06 to 10
TENGAH GARDEN RESIDENCES,"1,982,000",968.76,"2,046",Apr-26,TENGAH GARDEN AVENUE,New Sale,Strata,90,"22,022",-,Apartment,1,99 yrs lease commencing from 2025,24,Outside Central Region,11 to 15
TENGAH GARDEN RESIDENCES,"1,185,000",624.31,"1,898",Apr-26,TENGAH GARDEN AVENUE,New Sale,Strata,58,"20,431",-,Apartment,1,99 yrs lease commencing from 2025,24,Outside Central Region,06 to 10
TENGAH GARDEN RESIDENCES,"1,355,000",667.37,"2,030",Apr-26,TENGAH GARDEN AVENUE,New Sale,Strata,62,"21,855",-,Apartment,1,99 yrs lease commencing from 2025,24,Outside Central Region,06 to 10
TENGAH GARDEN RESIDENCES,"1,185,000",624.31,"1,898",Apr-26,TENGAH GARDEN AVENUE,New Sale,Strata,58,"20,431",-,Apartment,1,99 yrs lease commencing from 2025,24,Outside Central Region,06 to 10
TENGAH GARDEN RESIDENCES,"1,200,000",624.31,"1,922",Apr-26,TENGAH GARDEN AVENUE,New Sale,Strata,58,"20,690",-,Apartment,1,99 yrs lease commencing from 2025,24,Outside Central Region,06 to 10
TENGAH GARDEN RESIDENCES,"1,745,000",828.83,"2,105",Apr-26,TENGAH GARDEN AVENUE,New Sale,Strata,77,"22,662",-,Apartment,1,99 yrs lease commencing from 2025,24,Outside Central Region,11 to 15
TENGAH GARDEN RESIDENCES,"2,262,000","1,033.34","2,189",Apr-26,TENGAH GARDEN AVENUE,New Sale,Strata,96,"23,563",-,Apartment,1,99 yrs lease commencing from 2025,24,Outside Central Region,06 to 10
TENGAH GARDEN RESIDENCES,"1,978,000",904.18,"2,188",Apr-26,TENGAH GARDEN AVENUE,New Sale,Strata,84,"23,548",-,Apartment,1,99 yrs lease commencing from 2025,24,Outside Central Region,11 to 15
TENGAH GARDEN RESIDENCES,"1,840,000",828.83,"2,220",Apr-26,TENGAH GARDEN AVENUE,New Sale,Strata,77,"23,896",-,Apartment,1,99 yrs lease commencing from 2025,24,Outside Central Region,11 to 15
TENGAH GARDEN RESIDENCES,"2,445,000","1,130.22","2,163",Apr-26,TENGAH GARDEN AVENUE,New Sale,Strata,105,"23,286",-,Apartment,1,99 yrs lease commencing from 2025,24,Outside Central Region,06 to 10
TENGAH GARDEN RESIDENCES,"1,881,000",904.18,"2,080",Apr-26,TENGAH GARDEN AVENUE,New Sale,Strata,84,"22,393",-,Apartment,1,99 yrs lease commencing from 2025,24,Outside Central Region,06 to 10
TENGAH GARDEN RESIDENCES,"1,959,000",904.18,"2,167",Apr-26,TENGAH GARDEN AVENUE,New Sale,Strata,84,"23,321",-,Apartment,1,99 yrs lease commencing from 2025,24,Outside Central Region,06 to 10
