Project Name,Street Name,Postal District,Property Type,No of Bedroom,Monthly Rent ($),Floor Area (SQM),Floor Area (SQFT),Lease Commencement Date
THE CLIFT,MCCALLUM STREET,1,Non-Landed Properties,1,"4,950",70 to 80,700 to 800,Aug-26
THE CLIFT,MCCALLUM STREET,1,Non-Landed Properties,2,"5,400",70 to 80,700 to 800,Aug-26
THE CLIFT,MCCALLUM STREET,1,Non-Landed Properties,1,"4,100",40 to 50,400 to 500,Aug-26
THE CLIFT,MCCALLUM STREET,1,Non-Landed Properties,1,"4,100",40 to 50,500 to 600,Aug-26
THE CLIFT,MCCALLUM STREET,1,Non-Landed Properties,1,"4,800",70 to 80,800 to 900,Aug-26
THE CLIFT,MCCALLUM STREET,1,Non-Landed Properties,1,"5,000",70 to 80,700 to 800,Aug-26
THE CLIFT,MCCALLUM STREET,1,Non-Landed Properties,2,"5,200",70 to 80,700 to 800,Aug-26
THE CLIFT,MCCALLUM STREET,1,Non-Landed Properties,1,"4,000",40 to 50,400 to 500,Aug-26
THE CLIFT,MCCALLUM STREET,1,Non-Landed Properties,1,"4,700",70 to 80,700 to 800,Aug-26
THE CLIFT,MCCALLUM STREET,1,Non-Landed Properties,1,"4,800",70 to 80,800 to 900,Aug-26
THE CLIFT,MCCALLUM STREET,1,Non-Landed Properties,2,"5,800",70 to 80,700 to 800,Aug-26
THE CLIFT,MCCALLUM STREET,1,Non-Landed Properties,2,"6,000",70 to 80,800 to 900,Aug-26
THE CLIFT,MCCALLUM STREET,1,Non-Landed Properties,1,"4,800",70 to 80,700 to 800,Aug-26
THE CLIFT,MCCALLUM STREET,1,Non-Landed Properties,1,"3,800",40 to 50,500 to 600,Aug-26
THE CLIFT,MCCALLUM STREET,1,Non-Landed Properties,1,"3,950",50 to 60,500 to 600,Aug-26
THE CLIFT,MCCALLUM STREET,1,Non-Landed Properties,1,"4,200",40 to 50,400 to 500,Aug-26
THE CLIFT,MCCALLUM STREET,1,Non-Landed Properties,1,"5,000",60 to 70,700 to 800,Aug-26
THE CLIFT,MCCALLUM STREET,1,Non-Landed Properties,1,"4,600",40 to 50,500 to 600,Aug-26
THE CLIFT,MCCALLUM STREET,1,Non-Landed Properties,2,"5,300",70 to 80,700 to 800,Aug-26
THE CLIFT,MCCALLUM STREET,1,Non-Landed Properties,1,"4,000",40 to 50,500 to 600,Aug-26
THE CLIFT,MCCALLUM STREET,1,Non-Landed Properties,1,"4,700",70 to 80,700 to 800,Aug-26
THE CLIFT,MCCALLUM STREET,1,Non-Landed Properties,1,"4,850",70 to 80,700 to 800,Aug-26
THE CLIFT,MCCALLUM STREET,1,Non-Landed Properties,1,"5,100",70 to 80,700 to 800,Aug-26
THE CLIFT,MCCALLUM STREET,1,Non-Landed Properties,1,"5,000",70 to 80,700 to 800,Aug-26
THE CLIFT,MCCALLUM STREET,1,Non-Landed Properties,2,"6,850",90 to 100,"1,000 to 1,100",Aug-26
ONE SHENTON,SHENTON WAY,1,Non-Landed Properties,1,"5,450",90 to 100,"1,000 to 1,100",Aug-26
ONE SHENTON,SHENTON WAY,1,Non-Landed Properties,2,"6,500",90 to 100,"1,000 to 1,100",Aug-26
ONE SHENTON,SHENTON WAY,1,Non-Landed Properties,4,"10,000",170 to 180,"1,800 to 1,900",Aug-26
ONE SHENTON,SHENTON WAY,1,Non-Landed Properties,2,"6,500",110 to 120,"1,100 to 1,200",Aug-26
ONE SHENTON,SHENTON WAY,1,Non-Landed Properties,2,"6,700",100 to 110,"1,100 to 1,200",Aug-26
ONE SHENTON,SHENTON WAY,1,Non-Landed Properties,2,"6,400",90 to 100,"1,000 to 1,100",Aug-26
ONE SHENTON,SHENTON WAY,1,Non-Landed Properties,2,"6,500",100 to 110,"1,100 to 1,200",Aug-26
ONE SHENTON,SHENTON WAY,1,Non-Landed Properties,1,"4,500",70 to 80,800 to 900,Aug-26
ONE SHENTON,SHENTON WAY,1,Non-Landed Properties,1,"4,000",40 to 50,500 to 600,Aug-26
ONE SHENTON,SHENTON WAY,1,Non-Landed Properties,1,"5,500",80 to 90,"900 to 1,000",Aug-26
ONE SHENTON,SHENTON WAY,1,Non-Landed Properties,1,"5,000",70 to 80,800 to 900,Aug-26
ONE SHENTON,SHENTON WAY,1,Non-Landed Properties,2,"6,000",100 to 110,"1,100 to 1,200",Aug-26
ONE SHENTON,SHENTON WAY,1,Non-Landed Properties,2,"6,200",100 to 110,"1,100 to 1,200",Aug-26
PEOPLE'S PARK COMPLEX,PARK ROAD,1,Non-Landed Properties,3,"4,500",100 to 110,"1,100 to 1,200",Aug-26
PEOPLE'S PARK COMPLEX,PARK ROAD,1,Non-Landed Properties,1,"2,500",30 to 40,400 to 500,Aug-26
PEOPLE'S PARK COMPLEX,PARK ROAD,1,Non-Landed Properties,3,"5,800",100 to 110,"1,100 to 1,200",Aug-26
PEOPLE'S PARK COMPLEX,PARK ROAD,1,Non-Landed Properties,1,"3,000",30 to 40,400 to 500,Aug-26
PEOPLE'S PARK COMPLEX,PARK ROAD,1,Non-Landed Properties,1,"2,500",30 to 40,400 to 500,Aug-26
PEOPLE'S PARK COMPLEX,PARK ROAD,1,Non-Landed Properties,1,"2,000",30 to 40,400 to 500,Aug-26
PEOPLE'S PARK COMPLEX,PARK ROAD,1,Non-Landed Properties,1,"2,600",30 to 40,400 to 500,Aug-26
PEOPLE'S PARK COMPLEX,PARK ROAD,1,Non-Landed Properties,1,"2,800",30 to 40,400 to 500,Aug-26
PEOPLE'S PARK COMPLEX,PARK ROAD,1,Non-Landed Properties,3,"4,500",100 to 110,"1,100 to 1,200",Aug-26
EMERALD GARDEN,CLUB STREET,1,Non-Landed Properties,2,"4,600",80 to 90,"900 to 1,000",Aug-26
EMERALD GARDEN,CLUB STREET,1,Non-Landed Properties,2,"5,300",90 to 100,"1,000 to 1,100",Aug-26
EMERALD GARDEN,CLUB STREET,1,Non-Landed Properties,2,"6,000",110 to 120,"1,200 to 1,300",Aug-26
EMERALD GARDEN,CLUB STREET,1,Non-Landed Properties,1,"4,600",70 to 80,800 to 900,Aug-26
EMERALD GARDEN,CLUB STREET,1,Non-Landed Properties,3,"6,100",110 to 120,"1,200 to 1,300",Aug-26
EMERALD GARDEN,CLUB STREET,1,Non-Landed Properties,2,"4,900",90 to 100,"1,000 to 1,100",Aug-26
EMERALD GARDEN,CLUB STREET,1,Non-Landed Properties,2,"5,100",90 to 100,"1,000 to 1,100",Aug-26
EMERALD GARDEN,CLUB STREET,1,Non-Landed Properties,2,"4,900",80 to 90,"900 to 1,000",Aug-26
EMERALD GARDEN,CLUB STREET,1,Non-Landed Properties,2,"6,000",90 to 100,"1,000 to 1,100",Aug-26
EMERALD GARDEN,CLUB STREET,1,Non-Landed Properties,3,"6,500",120 to 130,"1,300 to 1,400",Aug-26
EMERALD GARDEN,CLUB STREET,1,Non-Landed Properties,2,"5,900",90 to 100,"1,000 to 1,100",Aug-26
EMERALD GARDEN,CLUB STREET,1,Non-Landed Properties,3,"6,500",110 to 120,"1,200 to 1,300",Aug-26
EMERALD GARDEN,CLUB STREET,1,Non-Landed Properties,2,"5,800",100 to 110,"1,000 to 1,100",Aug-26
MARINA ONE RESIDENCES,MARINA WAY,1,Non-Landed Properties,1,"4,700",60 to 70,600 to 700,Aug-26
MARINA ONE RESIDENCES,MARINA WAY,1,Non-Landed Properties,1,"5,000",60 to 70,600 to 700,Aug-26
MARINA ONE RESIDENCES,MARINA WAY,1,Non-Landed Properties,2,"8,300",100 to 110,"1,100 to 1,200",Aug-26
MARINA ONE RESIDENCES,MARINA WAY,1,Non-Landed Properties,2,"7,800",100 to 110,"1,100 to 1,200",Aug-26
MARINA ONE RESIDENCES,MARINA WAY,1,Non-Landed Properties,2,"8,200",100 to 110,"1,100 to 1,200",Aug-26
MARINA ONE RESIDENCES,MARINA WAY,1,Non-Landed Properties,1,"4,700",60 to 70,600 to 700,Aug-26
MARINA ONE RESIDENCES,MARINA WAY,1,Non-Landed Properties,1,"4,600",60 to 70,700 to 800,Aug-26
MARINA ONE RESIDENCES,MARINA WAY,1,Non-Landed Properties,1,"4,500",60 to 70,700 to 800,Aug-26
MARINA ONE RESIDENCES,MARINA WAY,1,Non-Landed Properties,2,"8,000",100 to 110,"1,100 to 1,200",Aug-26
MARINA ONE RESIDENCES,MARINA WAY,1,Non-Landed Properties,2,"6,800",90 to 100,"900 to 1,000",Aug-26
MARINA ONE RESIDENCES,MARINA WAY,1,Non-Landed Properties,1,"4,500",60 to 70,600 to 700,Aug-26
MARINA ONE RESIDENCES,MARINA WAY,1,Non-Landed Properties,1,"4,500",60 to 70,700 to 800,Aug-26
MARINA ONE RESIDENCES,MARINA WAY,1,Non-Landed Properties,1,"4,700",60 to 70,600 to 700,Aug-26
MARINA ONE RESIDENCES,MARINA WAY,1,Non-Landed Properties,1,"5,500",60 to 70,600 to 700,Aug-26
MARINA ONE RESIDENCES,MARINA WAY,1,Non-Landed Properties,1,"4,350",60 to 70,600 to 700,Aug-26
MARINA ONE RESIDENCES,MARINA WAY,1,Non-Landed Properties,1,"5,000",60 to 70,700 to 800,Aug-26
MARINA ONE RESIDENCES,MARINA WAY,1,Non-Landed Properties,1,"4,499",60 to 70,600 to 700,Aug-26
MARINA ONE RESIDENCES,MARINA WAY,1,Non-Landed Properties,1,"4,900",60 to 70,700 to 800,Aug-26
MARINA ONE RESIDENCES,MARINA WAY,1,Non-Landed Properties,1,"4,400",60 to 70,700 to 800,Aug-26
MARINA ONE RESIDENCES,MARINA WAY,1,Non-Landed Properties,1,"4,850",60 to 70,700 to 800,Aug-26
MARINA ONE RESIDENCES,MARINA WAY,1,Non-Landed Properties,3,"12,200",140 to 150,"1,500 to 1,600",Aug-26
MARINA ONE RESIDENCES,MARINA WAY,1,Non-Landed Properties,1,"4,600",70 to 80,700 to 800,Aug-26
MARINA ONE RESIDENCES,MARINA WAY,1,Non-Landed Properties,1,"4,900",60 to 70,700 to 800,Aug-26
MARINA ONE RESIDENCES,MARINA WAY,1,Non-Landed Properties,2,"7,400",100 to 110,"1,100 to 1,200",Aug-26
MARINA ONE RESIDENCES,MARINA WAY,1,Non-Landed Properties,2,"8,000",110 to 120,"1,200 to 1,300",Aug-26
MARINA ONE RESIDENCES,MARINA WAY,1,Non-Landed Properties,1,"5,000",60 to 70,700 to 800,Aug-26
MARINA ONE RESIDENCES,MARINA WAY,1,Non-Landed Properties,1,"4,400",60 to 70,600 to 700,Aug-26
MARINA ONE RESIDENCES,MARINA WAY,1,Non-Landed Properties,1,"4,500",60 to 70,700 to 800,Aug-26
MARINA ONE RESIDENCES,MARINA WAY,1,Non-Landed Properties,2,"7,800",100 to 110,"1,100 to 1,200",Aug-26
MARINA ONE RESIDENCES,MARINA WAY,1,Non-Landed Properties,3,"10,200",140 to 150,"1,500 to 1,600",Aug-26
MARINA ONE RESIDENCES,MARINA WAY,1,Non-Landed Properties,1,"4,550",60 to 70,700 to 800,Aug-26
MARINA ONE RESIDENCES,MARINA WAY,1,Non-Landed Properties,3,"12,200",140 to 150,"1,500 to 1,600",Aug-26
MARINA ONE RESIDENCES,MARINA WAY,1,Non-Landed Properties,3,"9,300",140 to 150,"1,500 to 1,600",Aug-26
MARINA ONE RESIDENCES,MARINA WAY,1,Non-Landed Properties,3,"10,800",140 to 150,"1,500 to 1,600",Aug-26
MARINA ONE RESIDENCES,MARINA WAY,1,Non-Landed Properties,1,"4,800",70 to 80,700 to 800,Aug-26
MARINA ONE RESIDENCES,MARINA WAY,1,Non-Landed Properties,2,"7,000",90 to 100,"1,000 to 1,100",Aug-26
MARINA ONE RESIDENCES,MARINA WAY,1,Non-Landed Properties,1,"4,900",60 to 70,700 to 800,Aug-26
MARINA ONE RESIDENCES,MARINA WAY,1,Non-Landed Properties,3,"10,800",140 to 150,"1,500 to 1,600",Aug-26
THE SAIL @ MARINA BAY,MARINA BOULEVARD,1,Non-Landed Properties,1,"4,100",50 to 60,600 to 700,Aug-26
THE SAIL @ MARINA BAY,MARINA BOULEVARD,1,Non-Landed Properties,4,"9,800",200 to 210,"2,200 to 2,300",Aug-26
THE SAIL @ MARINA BAY,MARINA BOULEVARD,1,Non-Landed Properties,1,"4,200",50 to 60,600 to 700,Aug-26
THE SAIL @ MARINA BAY,MARINA BOULEVARD,1,Non-Landed Properties,1,"5,650",70 to 80,700 to 800,Aug-26
THE SAIL @ MARINA BAY,MARINA BOULEVARD,1,Non-Landed Properties,1,"4,400",60 to 70,600 to 700,Aug-26
THE SAIL @ MARINA BAY,MARINA BOULEVARD,1,Non-Landed Properties,2,"5,500",70 to 80,800 to 900,Aug-26
THE SAIL @ MARINA BAY,MARINA BOULEVARD,1,Non-Landed Properties,1,"4,300",50 to 60,600 to 700,Aug-26
THE SAIL @ MARINA BAY,MARINA BOULEVARD,1,Non-Landed Properties,3,"8,300",120 to 130,"1,300 to 1,400",Aug-26
THE SAIL @ MARINA BAY,MARINA BOULEVARD,1,Non-Landed Properties,1,"4,200",50 to 60,600 to 700,Aug-26
THE SAIL @ MARINA BAY,MARINA BOULEVARD,1,Non-Landed Properties,1,"4,300",50 to 60,600 to 700,Aug-26
THE SAIL @ MARINA BAY,MARINA BOULEVARD,1,Non-Landed Properties,1,"4,000",60 to 70,600 to 700,Aug-26
THE SAIL @ MARINA BAY,MARINA BOULEVARD,1,Non-Landed Properties,1,"5,100",50 to 60,600 to 700,Aug-26
THE SAIL @ MARINA BAY,MARINA BOULEVARD,1,Non-Landed Properties,2,"6,000",70 to 80,800 to 900,Aug-26
THE SAIL @ MARINA BAY,MARINA BOULEVARD,1,Non-Landed Properties,1,"5,800",60 to 70,600 to 700,Aug-26
THE SAIL @ MARINA BAY,MARINA BOULEVARD,1,Non-Landed Properties,2,"6,300",80 to 90,800 to 900,Aug-26
THE SAIL @ MARINA BAY,MARINA BOULEVARD,1,Non-Landed Properties,1,"4,500",50 to 60,500 to 600,Aug-26
THE SAIL @ MARINA BAY,MARINA BOULEVARD,1,Non-Landed Properties,2,"6,500",90 to 100,"1,000 to 1,100",Aug-26
THE SAIL @ MARINA BAY,MARINA BOULEVARD,1,Non-Landed Properties,2,"6,500",80 to 90,800 to 900,Aug-26
THE SAIL @ MARINA BAY,MARINA BOULEVARD,1,Non-Landed Properties,1,"4,300",60 to 70,600 to 700,Aug-26
THE SAIL @ MARINA BAY,MARINA BOULEVARD,1,Non-Landed Properties,1,"4,180",60 to 70,600 to 700,Aug-26
THE SAIL @ MARINA BAY,MARINA BOULEVARD,1,Non-Landed Properties,1,"5,100",60 to 70,600 to 700,Aug-26
THE SAIL @ MARINA BAY,MARINA BOULEVARD,1,Non-Landed Properties,2,"7,000",80 to 90,"900 to 1,000",Aug-26
THE SAIL @ MARINA BAY,MARINA BOULEVARD,1,Non-Landed Properties,1,"4,150",50 to 60,500 to 600,Aug-26
THE SAIL @ MARINA BAY,MARINA BOULEVARD,1,Non-Landed Properties,3,"11,000",170 to 180,"1,900 to 2,000",Aug-26
THE SAIL @ MARINA BAY,MARINA BOULEVARD,1,Non-Landed Properties,1,"5,400",60 to 70,600 to 700,Aug-26
THE SAIL @ MARINA BAY,MARINA BOULEVARD,1,Non-Landed Properties,1,"4,600",60 to 70,600 to 700,Aug-26
THE SAIL @ MARINA BAY,MARINA BOULEVARD,1,Non-Landed Properties,1,"5,000",60 to 70,600 to 700,Aug-26
THE SAIL @ MARINA BAY,MARINA BOULEVARD,1,Non-Landed Properties,2,"4,800",80 to 90,800 to 900,Aug-26
THE SAIL @ MARINA BAY,MARINA BOULEVARD,1,Non-Landed Properties,1,"5,500",60 to 70,600 to 700,Aug-26
THE SAIL @ MARINA BAY,MARINA BOULEVARD,1,Non-Landed Properties,4,"12,500",200 to 210,"2,100 to 2,200",Aug-26
THE SAIL @ MARINA BAY,MARINA BOULEVARD,1,Non-Landed Properties,3,"10,000",160 to 170,"1,800 to 1,900",Aug-26
THE SAIL @ MARINA BAY,MARINA BOULEVARD,1,Non-Landed Properties,2,"7,200",90 to 100,"1,000 to 1,100",Aug-26
THE SAIL @ MARINA BAY,MARINA BOULEVARD,1,Non-Landed Properties,1,"4,100",60 to 70,600 to 700,Aug-26
THE SAIL @ MARINA BAY,MARINA BOULEVARD,1,Non-Landed Properties,1,"5,250",60 to 70,600 to 700,Aug-26
THE SAIL @ MARINA BAY,MARINA BOULEVARD,1,Non-Landed Properties,3,"8,000",100 to 110,"1,100 to 1,200",Aug-26
THE SAIL @ MARINA BAY,MARINA BOULEVARD,1,Non-Landed Properties,2,"5,500",80 to 90,800 to 900,Aug-26
THE SAIL @ MARINA BAY,MARINA BOULEVARD,1,Non-Landed Properties,3,"8,450",100 to 110,"1,100 to 1,200",Aug-26
THE SAIL @ MARINA BAY,MARINA BOULEVARD,1,Non-Landed Properties,2,"7,500",80 to 90,"900 to 1,000",Aug-26
THE SAIL @ MARINA BAY,MARINA BOULEVARD,1,Non-Landed Properties,3,"13,000",180 to 190,"1,900 to 2,000",Aug-26
THE RIVERSIDE PIAZZA,KENG CHEOW STREET,1,Non-Landed Properties,2,"4,000",90 to 100,"1,000 to 1,100",Aug-26
V ON SHENTON,SHENTON WAY,1,Non-Landed Properties,2,"6,900",110 to 120,"1,200 to 1,300",Aug-26
V ON SHENTON,SHENTON WAY,1,Non-Landed Properties,NA,"3,400",40 to 50,400 to 500,Aug-26
V ON SHENTON,SHENTON WAY,1,Non-Landed Properties,3,"8,800",160 to 170,"1,700 to 1,800",Aug-26
V ON SHENTON,SHENTON WAY,1,Non-Landed Properties,NA,"3,500",40 to 50,400 to 500,Aug-26
V ON SHENTON,SHENTON WAY,1,Non-Landed Properties,2,"4,000",100 to 110,"1,100 to 1,200",Aug-26
V ON SHENTON,SHENTON WAY,1,Non-Landed Properties,1,"3,700",40 to 50,400 to 500,Aug-26
V ON SHENTON,SHENTON WAY,1,Non-Landed Properties,1,"4,000",60 to 70,700 to 800,Aug-26
V ON SHENTON,SHENTON WAY,1,Non-Landed Properties,3,"12,000",160 to 170,"1,700 to 1,800",Aug-26
V ON SHENTON,SHENTON WAY,1,Non-Landed Properties,2,"7,000",100 to 110,"1,000 to 1,100",Aug-26
V ON SHENTON,SHENTON WAY,1,Non-Landed Properties,1,"4,300",60 to 70,700 to 800,Aug-26
V ON SHENTON,SHENTON WAY,1,Non-Landed Properties,2,"6,900",110 to 120,"1,200 to 1,300",Aug-26
V ON SHENTON,SHENTON WAY,1,Non-Landed Properties,NA,"3,550",40 to 50,400 to 500,Aug-26
V ON SHENTON,SHENTON WAY,1,Non-Landed Properties,2,"6,000",80 to 90,800 to 900,Aug-26
V ON SHENTON,SHENTON WAY,1,Non-Landed Properties,1,"4,100",40 to 50,500 to 600,Aug-26
V ON SHENTON,SHENTON WAY,1,Non-Landed Properties,3,"8,980",140 to 150,"1,500 to 1,600",Aug-26
V ON SHENTON,SHENTON WAY,1,Non-Landed Properties,NA,"3,500",40 to 50,400 to 500,Aug-26
V ON SHENTON,SHENTON WAY,1,Non-Landed Properties,2,"6,300",100 to 110,"1,000 to 1,100",Aug-26
V ON SHENTON,SHENTON WAY,1,Non-Landed Properties,NA,"3,500",40 to 50,400 to 500,Aug-26
V ON SHENTON,SHENTON WAY,1,Non-Landed Properties,3,"8,500",140 to 150,"1,500 to 1,600",Aug-26
V ON SHENTON,SHENTON WAY,1,Non-Landed Properties,3,"9,150",140 to 150,"1,500 to 1,600",Aug-26
V ON SHENTON,SHENTON WAY,1,Non-Landed Properties,NA,"3,500",40 to 50,400 to 500,Aug-26
V ON SHENTON,SHENTON WAY,1,Non-Landed Properties,2,"5,500",80 to 90,800 to 900,Aug-26
V ON SHENTON,SHENTON WAY,1,Non-Landed Properties,NA,"3,500",40 to 50,400 to 500,Aug-26
V ON SHENTON,SHENTON WAY,1,Non-Landed Properties,1,"4,300",60 to 70,700 to 800,Aug-26
V ON SHENTON,SHENTON WAY,1,Non-Landed Properties,3,"8,200",140 to 150,"1,500 to 1,600",Aug-26
V ON SHENTON,SHENTON WAY,1,Non-Landed Properties,3,"8,000",140 to 150,"1,500 to 1,600",Aug-26
V ON SHENTON,SHENTON WAY,1,Non-Landed Properties,NA,"3,500",40 to 50,400 to 500,Aug-26
ROBINSON SUITES,ROBINSON ROAD,1,Non-Landed Properties,1,"3,800",40 to 50,500 to 600,Aug-26
ROBINSON SUITES,ROBINSON ROAD,1,Non-Landed Properties,2,"4,300",50 to 60,600 to 700,Aug-26
ROBINSON SUITES,ROBINSON ROAD,1,Non-Landed Properties,1,"3,500",40 to 50,500 to 600,Aug-26
ROBINSON SUITES,ROBINSON ROAD,1,Non-Landed Properties,1,"3,700",40 to 50,500 to 600,Aug-26
ROBINSON SUITES,ROBINSON ROAD,1,Non-Landed Properties,1,"3,700",40 to 50,400 to 500,Aug-26
ROBINSON SUITES,ROBINSON ROAD,1,Non-Landed Properties,1,"3,800",40 to 50,400 to 500,Aug-26
ROBINSON SUITES,ROBINSON ROAD,1,Non-Landed Properties,1,"3,800",40 to 50,500 to 600,Aug-26
ROBINSON SUITES,ROBINSON ROAD,1,Non-Landed Properties,2,"4,000",50 to 60,600 to 700,Aug-26
ROBINSON SUITES,ROBINSON ROAD,1,Non-Landed Properties,1,"3,500",40 to 50,400 to 500,Aug-26
ROBINSON SUITES,ROBINSON ROAD,1,Non-Landed Properties,1,"3,700",40 to 50,500 to 600,Aug-26
MARINA BAY SUITES,CENTRAL BOULEVARD,1,Non-Landed Properties,4,"13,000",190 to 200,"2,000 to 2,100",Aug-26
MARINA BAY SUITES,CENTRAL BOULEVARD,1,Non-Landed Properties,3,"9,850",140 to 150,"1,600 to 1,700",Aug-26
MARINA BAY SUITES,CENTRAL BOULEVARD,1,Non-Landed Properties,4,"12,000",190 to 200,"2,000 to 2,100",Aug-26
MARINA BAY SUITES,CENTRAL BOULEVARD,1,Non-Landed Properties,4,"16,500",240 to 250,"2,600 to 2,700",Aug-26
MARINA BAY SUITES,CENTRAL BOULEVARD,1,Non-Landed Properties,3,"10,500",140 to 150,"1,600 to 1,700",Aug-26
MARINA BAY SUITES,CENTRAL BOULEVARD,1,Non-Landed Properties,4,"16,800",240 to 250,"2,600 to 2,700",Aug-26
MARINA BAY SUITES,CENTRAL BOULEVARD,1,Non-Landed Properties,3,"9,800",140 to 150,"1,600 to 1,700",Aug-26
RIVERWALK APARTMENTS,UPPER CIRCULAR ROAD,1,Non-Landed Properties,3,"7,980",140 to 150,"1,600 to 1,700",Aug-26
RIVERWALK APARTMENTS,UPPER CIRCULAR ROAD,1,Non-Landed Properties,3,"8,000",140 to 150,"1,600 to 1,700",Aug-26
MARINA BAY RESIDENCES,MARINA BOULEVARD,1,Non-Landed Properties,1,"5,600",60 to 70,700 to 800,Aug-26
MARINA BAY RESIDENCES,MARINA BOULEVARD,1,Non-Landed Properties,2,"8,400",110 to 120,"1,200 to 1,300",Aug-26
MARINA BAY RESIDENCES,MARINA BOULEVARD,1,Non-Landed Properties,1,"6,200",60 to 70,700 to 800,Aug-26
MARINA BAY RESIDENCES,MARINA BOULEVARD,1,Non-Landed Properties,2,"7,300",100 to 110,"1,100 to 1,200",Aug-26
MARINA BAY RESIDENCES,MARINA BOULEVARD,1,Non-Landed Properties,2,"7,300",90 to 100,"1,000 to 1,100",Aug-26
MARINA BAY RESIDENCES,MARINA BOULEVARD,1,Non-Landed Properties,3,"15,000",180 to 190,"1,900 to 2,000",Aug-26
MARINA BAY RESIDENCES,MARINA BOULEVARD,1,Non-Landed Properties,1,"6,250",60 to 70,700 to 800,Aug-26
MARINA BAY RESIDENCES,MARINA BOULEVARD,1,Non-Landed Properties,4,"12,000",220 to 230,"2,300 to 2,400",Aug-26
MARINA BAY RESIDENCES,MARINA BOULEVARD,1,Non-Landed Properties,2,"6,300",90 to 100,"1,000 to 1,100",Aug-26
MARINA BAY RESIDENCES,MARINA BOULEVARD,1,Non-Landed Properties,2,"10,000",110 to 120,"1,200 to 1,300",Aug-26
MARINA BAY RESIDENCES,MARINA BOULEVARD,1,Non-Landed Properties,1,"5,200",60 to 70,700 to 800,Aug-26
MARINA BAY RESIDENCES,MARINA BOULEVARD,1,Non-Landed Properties,3,"11,000",150 to 160,"1,600 to 1,700",Aug-26
MARINA BAY RESIDENCES,MARINA BOULEVARD,1,Non-Landed Properties,2,"8,600",110 to 120,"1,200 to 1,300",Aug-26
MARINA BAY RESIDENCES,MARINA BOULEVARD,1,Non-Landed Properties,2,"7,500",100 to 110,"1,100 to 1,200",Aug-26
MARINA BAY RESIDENCES,MARINA BOULEVARD,1,Non-Landed Properties,2,"8,200",100 to 110,"1,100 to 1,200",Aug-26
MARINA BAY RESIDENCES,MARINA BOULEVARD,1,Non-Landed Properties,1,"5,500",60 to 70,700 to 800,Aug-26
MARINA BAY RESIDENCES,MARINA BOULEVARD,1,Non-Landed Properties,2,"7,800",90 to 100,"1,000 to 1,100",Aug-26
MARINA BAY RESIDENCES,MARINA BOULEVARD,1,Non-Landed Properties,4,"19,750",220 to 230,"2,300 to 2,400",Aug-26
MARINA BAY RESIDENCES,MARINA BOULEVARD,1,Non-Landed Properties,1,"6,000",60 to 70,700 to 800,Aug-26
MARINA BAY RESIDENCES,MARINA BOULEVARD,1,Non-Landed Properties,2,"8,500",90 to 100,"900 to 1,000",Aug-26
MARINA BAY RESIDENCES,MARINA BOULEVARD,1,Non-Landed Properties,3,"17,800",180 to 190,"1,900 to 2,000",Aug-26
MARINA BAY RESIDENCES,MARINA BOULEVARD,1,Non-Landed Properties,2,"8,500",90 to 100,"1,000 to 1,100",Aug-26
THE CLIFT,MCCALLUM STREET,1,Non-Landed Properties,2,"6,000",70 to 80,700 to 800,Jul-26
THE CLIFT,MCCALLUM STREET,1,Non-Landed Properties,1,"3,900",40 to 50,500 to 600,Jul-26
THE CLIFT,MCCALLUM STREET,1,Non-Landed Properties,1,"4,000",40 to 50,500 to 600,Jul-26
THE CLIFT,MCCALLUM STREET,1,Non-Landed Properties,1,"4,000",50 to 60,500 to 600,Jul-26
THE CLIFT,MCCALLUM STREET,1,Non-Landed Properties,1,"4,850",70 to 80,700 to 800,Jul-26
THE CLIFT,MCCALLUM STREET,1,Non-Landed Properties,1,"5,100",70 to 80,700 to 800,Jul-26
THE CLIFT,MCCALLUM STREET,1,Non-Landed Properties,2,"5,300",70 to 80,700 to 800,Jul-26
THE CLIFT,MCCALLUM STREET,1,Non-Landed Properties,1,"4,950",70 to 80,800 to 900,Jul-26
THE CLIFT,MCCALLUM STREET,1,Non-Landed Properties,1,"4,400",40 to 50,500 to 600,Jul-26
THE CLIFT,MCCALLUM STREET,1,Non-Landed Properties,1,"4,900",60 to 70,700 to 800,Jul-26
THE CLIFT,MCCALLUM STREET,1,Non-Landed Properties,1,"3,900",40 to 50,500 to 600,Jul-26
THE CLIFT,MCCALLUM STREET,1,Non-Landed Properties,1,"4,000",40 to 50,400 to 500,Jul-26
THE CLIFT,MCCALLUM STREET,1,Non-Landed Properties,1,"5,450",70 to 80,700 to 800,Jul-26
THE CLIFT,MCCALLUM STREET,1,Non-Landed Properties,1,"3,700",40 to 50,500 to 600,Jul-26
THE CLIFT,MCCALLUM STREET,1,Non-Landed Properties,1,"4,200",40 to 50,500 to 600,Jul-26
THE CLIFT,MCCALLUM STREET,1,Non-Landed Properties,1,"4,950",70 to 80,800 to 900,Jul-26
THE CLIFT,MCCALLUM STREET,1,Non-Landed Properties,1,"4,000",40 to 50,500 to 600,Jul-26
THE CLIFT,MCCALLUM STREET,1,Non-Landed Properties,1,"4,000",40 to 50,500 to 600,Jul-26
THE CLIFT,MCCALLUM STREET,1,Non-Landed Properties,2,"5,000",70 to 80,700 to 800,Jul-26
THE CLIFT,MCCALLUM STREET,1,Non-Landed Properties,2,"5,250",70 to 80,700 to 800,Jul-26
THE CLIFT,MCCALLUM STREET,1,Non-Landed Properties,2,"5,000",70 to 80,700 to 800,Jul-26
THE CLIFT,MCCALLUM STREET,1,Non-Landed Properties,1,"4,300",40 to 50,500 to 600,Jul-26
THE CLIFT,MCCALLUM STREET,1,Non-Landed Properties,1,"3,800",40 to 50,400 to 500,Jul-26
THE CLIFT,MCCALLUM STREET,1,Non-Landed Properties,1,"4,000",40 to 50,500 to 600,Jul-26
ONE SHENTON,SHENTON WAY,1,Non-Landed Properties,1,"4,300",50 to 60,500 to 600,Jul-26
ONE SHENTON,SHENTON WAY,1,Non-Landed Properties,2,"6,300",90 to 100,"1,000 to 1,100",Jul-26
ONE SHENTON,SHENTON WAY,1,Non-Landed Properties,2,"5,500",80 to 90,"900 to 1,000",Jul-26
ONE SHENTON,SHENTON WAY,1,Non-Landed Properties,3,"7,100",140 to 150,"1,500 to 1,600",Jul-26
ONE SHENTON,SHENTON WAY,1,Non-Landed Properties,3,"8,500",140 to 150,"1,500 to 1,600",Jul-26
ONE SHENTON,SHENTON WAY,1,Non-Landed Properties,3,"8,600",140 to 150,"1,500 to 1,600",Jul-26
ONE SHENTON,SHENTON WAY,1,Non-Landed Properties,2,"6,000",110 to 120,"1,200 to 1,300",Jul-26
ONE SHENTON,SHENTON WAY,1,Non-Landed Properties,2,"6,700",100 to 110,"1,100 to 1,200",Jul-26
ONE SHENTON,SHENTON WAY,1,Non-Landed Properties,1,"4,500",40 to 50,500 to 600,Jul-26
ONE SHENTON,SHENTON WAY,1,Non-Landed Properties,2,"6,200",100 to 110,"1,100 to 1,200",Jul-26
ONE SHENTON,SHENTON WAY,1,Non-Landed Properties,1,"4,200",50 to 60,500 to 600,Jul-26
ONE SHENTON,SHENTON WAY,1,Non-Landed Properties,2,"6,500",110 to 120,"1,100 to 1,200",Jul-26
ONE SHENTON,SHENTON WAY,1,Non-Landed Properties,3,"8,600",140 to 150,"1,500 to 1,600",Jul-26
ONE SHENTON,SHENTON WAY,1,Non-Landed Properties,2,"5,000",100 to 110,"1,100 to 1,200",Jul-26
ONE SHENTON,SHENTON WAY,1,Non-Landed Properties,1,"4,100",40 to 50,500 to 600,Jul-26
ONE SHENTON,SHENTON WAY,1,Non-Landed Properties,1,"4,500",50 to 60,500 to 600,Jul-26
PEOPLE'S PARK COMPLEX,PARK ROAD,1,Non-Landed Properties,1,"2,700",30 to 40,400 to 500,Jul-26
PEOPLE'S PARK COMPLEX,PARK ROAD,1,Non-Landed Properties,1,"2,600",30 to 40,400 to 500,Jul-26
PEOPLE'S PARK COMPLEX,PARK ROAD,1,Non-Landed Properties,3,"5,300",100 to 110,"1,100 to 1,200",Jul-26
PEOPLE'S PARK COMPLEX,PARK ROAD,1,Non-Landed Properties,1,"2,500",30 to 40,400 to 500,Jul-26
EMERALD GARDEN,CLUB STREET,1,Non-Landed Properties,2,"5,300",80 to 90,"900 to 1,000",Jul-26
EMERALD GARDEN,CLUB STREET,1,Non-Landed Properties,2,"4,600",80 to 90,"900 to 1,000",Jul-26
EMERALD GARDEN,CLUB STREET,1,Non-Landed Properties,3,"5,200",120 to 130,"1,300 to 1,400",Jul-26
EMERALD GARDEN,CLUB STREET,1,Non-Landed Properties,1,"4,400",70 to 80,800 to 900,Jul-26
MARINA ONE RESIDENCES,MARINA WAY,1,Non-Landed Properties,1,"4,400",60 to 70,600 to 700,Jul-26
MARINA ONE RESIDENCES,MARINA WAY,1,Non-Landed Properties,1,"4,200",60 to 70,600 to 700,Jul-26
MARINA ONE RESIDENCES,MARINA WAY,1,Non-Landed Properties,2,"8,000",100 to 110,"1,100 to 1,200",Jul-26
MARINA ONE RESIDENCES,MARINA WAY,1,Non-Landed Properties,1,"4,200",60 to 70,600 to 700,Jul-26
MARINA ONE RESIDENCES,MARINA WAY,1,Non-Landed Properties,3,"11,800",140 to 150,"1,500 to 1,600",Jul-26
MARINA ONE RESIDENCES,MARINA WAY,1,Non-Landed Properties,1,"4,500",60 to 70,600 to 700,Jul-26
MARINA ONE RESIDENCES,MARINA WAY,1,Non-Landed Properties,2,"7,900",100 to 110,"1,100 to 1,200",Jul-26
MARINA ONE RESIDENCES,MARINA WAY,1,Non-Landed Properties,3,"10,000",140 to 150,"1,500 to 1,600",Jul-26
MARINA ONE RESIDENCES,MARINA WAY,1,Non-Landed Properties,2,"7,200",100 to 110,"1,100 to 1,200",Jul-26
MARINA ONE RESIDENCES,MARINA WAY,1,Non-Landed Properties,3,"11,000",140 to 150,"1,500 to 1,600",Jul-26
MARINA ONE RESIDENCES,MARINA WAY,1,Non-Landed Properties,2,"7,500",100 to 110,"1,100 to 1,200",Jul-26
MARINA ONE RESIDENCES,MARINA WAY,1,Non-Landed Properties,1,"5,000",60 to 70,700 to 800,Jul-26
MARINA ONE RESIDENCES,MARINA WAY,1,Non-Landed Properties,1,"4,500",70 to 80,700 to 800,Jul-26
MARINA ONE RESIDENCES,MARINA WAY,1,Non-Landed Properties,1,"4,750",60 to 70,600 to 700,Jul-26
MARINA ONE RESIDENCES,MARINA WAY,1,Non-Landed Properties,1,"4,500",60 to 70,600 to 700,Jul-26
MARINA ONE RESIDENCES,MARINA WAY,1,Non-Landed Properties,1,"4,400",60 to 70,600 to 700,Jul-26
MARINA ONE RESIDENCES,MARINA WAY,1,Non-Landed Properties,1,"4,500",60 to 70,600 to 700,Jul-26
MARINA ONE RESIDENCES,MARINA WAY,1,Non-Landed Properties,1,"5,100",60 to 70,700 to 800,Jul-26
MARINA ONE RESIDENCES,MARINA WAY,1,Non-Landed Properties,2,"7,300",100 to 110,"1,100 to 1,200",Jul-26
MARINA ONE RESIDENCES,MARINA WAY,1,Non-Landed Properties,1,"4,500",60 to 70,600 to 700,Jul-26
MARINA ONE RESIDENCES,MARINA WAY,1,Non-Landed Properties,1,"5,200",60 to 70,700 to 800,Jul-26
MARINA ONE RESIDENCES,MARINA WAY,1,Non-Landed Properties,1,"4,500",60 to 70,600 to 700,Jul-26
MARINA ONE RESIDENCES,MARINA WAY,1,Non-Landed Properties,1,"4,700",60 to 70,700 to 800,Jul-26
MARINA ONE RESIDENCES,MARINA WAY,1,Non-Landed Properties,2,"8,000",100 to 110,"1,100 to 1,200",Jul-26
MARINA ONE RESIDENCES,MARINA WAY,1,Non-Landed Properties,1,"5,200",60 to 70,700 to 800,Jul-26
MARINA ONE RESIDENCES,MARINA WAY,1,Non-Landed Properties,1,"4,850",70 to 80,700 to 800,Jul-26
MARINA ONE RESIDENCES,MARINA WAY,1,Non-Landed Properties,2,"7,050",100 to 110,"1,100 to 1,200",Jul-26
MARINA ONE RESIDENCES,MARINA WAY,1,Non-Landed Properties,3,"12,000",140 to 150,"1,500 to 1,600",Jul-26
MARINA ONE RESIDENCES,MARINA WAY,1,Non-Landed Properties,1,"4,800",60 to 70,700 to 800,Jul-26
MARINA ONE RESIDENCES,MARINA WAY,1,Non-Landed Properties,1,"4,200",60 to 70,700 to 800,Jul-26
MARINA ONE RESIDENCES,MARINA WAY,1,Non-Landed Properties,2,"8,200",110 to 120,"1,200 to 1,300",Jul-26
MARINA ONE RESIDENCES,MARINA WAY,1,Non-Landed Properties,3,"11,500",140 to 150,"1,500 to 1,600",Jul-26
MARINA ONE RESIDENCES,MARINA WAY,1,Non-Landed Properties,2,"8,500",100 to 110,"1,100 to 1,200",Jul-26
MARINA ONE RESIDENCES,MARINA WAY,1,Non-Landed Properties,2,"8,500",100 to 110,"1,100 to 1,200",Jul-26
MARINA ONE RESIDENCES,MARINA WAY,1,Non-Landed Properties,1,"4,800",60 to 70,700 to 800,Jul-26
MARINA ONE RESIDENCES,MARINA WAY,1,Non-Landed Properties,1,"6,000",60 to 70,700 to 800,Jul-26
MARINA ONE RESIDENCES,MARINA WAY,1,Non-Landed Properties,3,"11,000",140 to 150,"1,500 to 1,600",Jul-26
MARINA ONE RESIDENCES,MARINA WAY,1,Non-Landed Properties,2,"8,000",100 to 110,"1,100 to 1,200",Jul-26
MARINA ONE RESIDENCES,MARINA WAY,1,Non-Landed Properties,1,"4,500",60 to 70,700 to 800,Jul-26
MARINA ONE RESIDENCES,MARINA WAY,1,Non-Landed Properties,2,"6,900",90 to 100,"900 to 1,000",Jul-26
MARINA ONE RESIDENCES,MARINA WAY,1,Non-Landed Properties,2,"8,000",100 to 110,"1,100 to 1,200",Jul-26
MARINA ONE RESIDENCES,MARINA WAY,1,Non-Landed Properties,2,"9,200",100 to 110,"1,100 to 1,200",Jul-26
MARINA ONE RESIDENCES,MARINA WAY,1,Non-Landed Properties,1,"4,450",60 to 70,700 to 800,Jul-26
MARINA ONE RESIDENCES,MARINA WAY,1,Non-Landed Properties,1,"5,000",60 to 70,700 to 800,Jul-26
MARINA ONE RESIDENCES,MARINA WAY,1,Non-Landed Properties,1,"4,500",70 to 80,700 to 800,Jul-26
MARINA ONE RESIDENCES,MARINA WAY,1,Non-Landed Properties,2,"7,900",100 to 110,"1,100 to 1,200",Jul-26
MARINA ONE RESIDENCES,MARINA WAY,1,Non-Landed Properties,1,"6,050",60 to 70,700 to 800,Jul-26
MARINA ONE RESIDENCES,MARINA WAY,1,Non-Landed Properties,1,"6,200",60 to 70,700 to 800,Jul-26
MARINA ONE RESIDENCES,MARINA WAY,1,Non-Landed Properties,2,"7,500",100 to 110,"1,100 to 1,200",Jul-26
THE SAIL @ MARINA BAY,MARINA BOULEVARD,1,Non-Landed Properties,2,"5,900",70 to 80,800 to 900,Jul-26
THE SAIL @ MARINA BAY,MARINA BOULEVARD,1,Non-Landed Properties,1,"4,200",50 to 60,600 to 700,Jul-26
THE SAIL @ MARINA BAY,MARINA BOULEVARD,1,Non-Landed Properties,2,"5,600",70 to 80,800 to 900,Jul-26
THE SAIL @ MARINA BAY,MARINA BOULEVARD,1,Non-Landed Properties,1,"3,900",60 to 70,600 to 700,Jul-26
THE SAIL @ MARINA BAY,MARINA BOULEVARD,1,Non-Landed Properties,1,"4,200",50 to 60,600 to 700,Jul-26
THE SAIL @ MARINA BAY,MARINA BOULEVARD,1,Non-Landed Properties,1,"3,900",50 to 60,600 to 700,Jul-26
THE SAIL @ MARINA BAY,MARINA BOULEVARD,1,Non-Landed Properties,1,"3,700",50 to 60,600 to 700,Jul-26
THE SAIL @ MARINA BAY,MARINA BOULEVARD,1,Non-Landed Properties,3,"8,000",120 to 130,"1,300 to 1,400",Jul-26
THE SAIL @ MARINA BAY,MARINA BOULEVARD,1,Non-Landed Properties,2,"6,500",90 to 100,"1,000 to 1,100",Jul-26
THE SAIL @ MARINA BAY,MARINA BOULEVARD,1,Non-Landed Properties,1,"4,500",60 to 70,600 to 700,Jul-26
THE SAIL @ MARINA BAY,MARINA BOULEVARD,1,Non-Landed Properties,3,"8,118",120 to 130,"1,300 to 1,400",Jul-26
THE SAIL @ MARINA BAY,MARINA BOULEVARD,1,Non-Landed Properties,1,"4,600",50 to 60,600 to 700,Jul-26
THE SAIL @ MARINA BAY,MARINA BOULEVARD,1,Non-Landed Properties,2,"7,200",70 to 80,800 to 900,Jul-26
THE SAIL @ MARINA BAY,MARINA BOULEVARD,1,Non-Landed Properties,1,"4,400",60 to 70,600 to 700,Jul-26
THE SAIL @ MARINA BAY,MARINA BOULEVARD,1,Non-Landed Properties,4,"13,000",200 to 210,"2,100 to 2,200",Jul-26
THE SAIL @ MARINA BAY,MARINA BOULEVARD,1,Non-Landed Properties,2,"5,800",80 to 90,800 to 900,Jul-26
THE SAIL @ MARINA BAY,MARINA BOULEVARD,1,Non-Landed Properties,1,"4,100",50 to 60,500 to 600,Jul-26
THE SAIL @ MARINA BAY,MARINA BOULEVARD,1,Non-Landed Properties,2,"7,200",90 to 100,"1,000 to 1,100",Jul-26
THE SAIL @ MARINA BAY,MARINA BOULEVARD,1,Non-Landed Properties,1,"4,100",60 to 70,600 to 700,Jul-26
THE SAIL @ MARINA BAY,MARINA BOULEVARD,1,Non-Landed Properties,1,"4,700",60 to 70,600 to 700,Jul-26
THE SAIL @ MARINA BAY,MARINA BOULEVARD,1,Non-Landed Properties,3,"8,000",100 to 110,"1,100 to 1,200",Jul-26
THE SAIL @ MARINA BAY,MARINA BOULEVARD,1,Non-Landed Properties,3,"8,000",160 to 170,"1,800 to 1,900",Jul-26
THE SAIL @ MARINA BAY,MARINA BOULEVARD,1,Non-Landed Properties,2,"6,800",80 to 90,800 to 900,Jul-26
THE SAIL @ MARINA BAY,MARINA BOULEVARD,1,Non-Landed Properties,2,"5,800",80 to 90,800 to 900,Jul-26
THE SAIL @ MARINA BAY,MARINA BOULEVARD,1,Non-Landed Properties,2,"6,400",80 to 90,"900 to 1,000",Jul-26
THE SAIL @ MARINA BAY,MARINA BOULEVARD,1,Non-Landed Properties,3,"8,500",100 to 110,"1,100 to 1,200",Jul-26
THE SAIL @ MARINA BAY,MARINA BOULEVARD,1,Non-Landed Properties,3,"8,500",100 to 110,"1,100 to 1,200",Jul-26
THE SAIL @ MARINA BAY,MARINA BOULEVARD,1,Non-Landed Properties,1,"4,200",60 to 70,600 to 700,Jul-26
THE SAIL @ MARINA BAY,MARINA BOULEVARD,1,Non-Landed Properties,1,"4,200",50 to 60,500 to 600,Jul-26
THE SAIL @ MARINA BAY,MARINA BOULEVARD,1,Non-Landed Properties,2,"5,750",80 to 90,800 to 900,Jul-26
THE SAIL @ MARINA BAY,MARINA BOULEVARD,1,Non-Landed Properties,1,"3,900",50 to 60,500 to 600,Jul-26
THE SAIL @ MARINA BAY,MARINA BOULEVARD,1,Non-Landed Properties,2,"5,600",80 to 90,800 to 900,Jul-26
THE SAIL @ MARINA BAY,MARINA BOULEVARD,1,Non-Landed Properties,1,"4,300",60 to 70,600 to 700,Jul-26
THE SAIL @ MARINA BAY,MARINA BOULEVARD,1,Non-Landed Properties,4,"32,000",>300,>3000,Jul-26
THE SAIL @ MARINA BAY,MARINA BOULEVARD,1,Non-Landed Properties,2,"7,500",90 to 100,"1,000 to 1,100",Jul-26
THE SAIL @ MARINA BAY,MARINA BOULEVARD,1,Non-Landed Properties,1,"4,500",60 to 70,600 to 700,Jul-26
THE SAIL @ MARINA BAY,MARINA BOULEVARD,1,Non-Landed Properties,2,"6,850",80 to 90,800 to 900,Jul-26
THE SAIL @ MARINA BAY,MARINA BOULEVARD,1,Non-Landed Properties,2,"7,000",90 to 100,"1,000 to 1,100",Jul-26
THE SAIL @ MARINA BAY,MARINA BOULEVARD,1,Non-Landed Properties,1,"5,800",50 to 60,500 to 600,Jul-26
THE SAIL @ MARINA BAY,MARINA BOULEVARD,1,Non-Landed Properties,3,"11,800",170 to 180,"1,900 to 2,000",Jul-26
THE SAIL @ MARINA BAY,MARINA BOULEVARD,1,Non-Landed Properties,1,"4,525",50 to 60,500 to 600,Jul-26
THE SAIL @ MARINA BAY,MARINA BOULEVARD,1,Non-Landed Properties,2,"7,600",90 to 100,"1,000 to 1,100",Jul-26
THE SAIL @ MARINA BAY,MARINA BOULEVARD,1,Non-Landed Properties,2,"6,100",80 to 90,800 to 900,Jul-26
THE SAIL @ MARINA BAY,MARINA BOULEVARD,1,Non-Landed Properties,2,"5,800",80 to 90,800 to 900,Jul-26
THE SAIL @ MARINA BAY,MARINA BOULEVARD,1,Non-Landed Properties,3,"9,800",100 to 110,"1,100 to 1,200",Jul-26
THE RIVERSIDE PIAZZA,KENG CHEOW STREET,1,Non-Landed Properties,3,"5,300",110 to 120,"1,200 to 1,300",Jul-26
PEOPLE'S PARK CENTRE,UPPER CROSS STREET,1,Non-Landed Properties,3,"4,200",140 to 150,"1,500 to 1,600",Jul-26
PEOPLE'S PARK CENTRE,UPPER CROSS STREET,1,Non-Landed Properties,3,"3,750",140 to 150,"1,500 to 1,600",Jul-26
V ON SHENTON,SHENTON WAY,1,Non-Landed Properties,3,"8,500",160 to 170,"1,700 to 1,800",Jul-26
V ON SHENTON,SHENTON WAY,1,Non-Landed Properties,3,"8,800",160 to 170,"1,700 to 1,800",Jul-26
V ON SHENTON,SHENTON WAY,1,Non-Landed Properties,2,"6,000",100 to 110,"1,100 to 1,200",Jul-26
V ON SHENTON,SHENTON WAY,1,Non-Landed Properties,1,"4,200",40 to 50,500 to 600,Jul-26
V ON SHENTON,SHENTON WAY,1,Non-Landed Properties,2,"7,300",110 to 120,"1,200 to 1,300",Jul-26
V ON SHENTON,SHENTON WAY,1,Non-Landed Properties,3,"7,500",120 to 130,"1,300 to 1,400",Jul-26
V ON SHENTON,SHENTON WAY,1,Non-Landed Properties,1,"3,800",40 to 50,400 to 500,Jul-26
V ON SHENTON,SHENTON WAY,1,Non-Landed Properties,NA,"3,250",40 to 50,400 to 500,Jul-26
V ON SHENTON,SHENTON WAY,1,Non-Landed Properties,NA,"3,550",40 to 50,400 to 500,Jul-26
V ON SHENTON,SHENTON WAY,1,Non-Landed Properties,2,"6,400",100 to 110,"1,100 to 1,200",Jul-26
V ON SHENTON,SHENTON WAY,1,Non-Landed Properties,2,"6,000",90 to 100,"1,000 to 1,100",Jul-26
V ON SHENTON,SHENTON WAY,1,Non-Landed Properties,1,"4,750",60 to 70,600 to 700,Jul-26
V ON SHENTON,SHENTON WAY,1,Non-Landed Properties,2,"6,500",90 to 100,"1,000 to 1,100",Jul-26
V ON SHENTON,SHENTON WAY,1,Non-Landed Properties,NA,"3,600",40 to 50,400 to 500,Jul-26
V ON SHENTON,SHENTON WAY,1,Non-Landed Properties,2,"6,000",80 to 90,"900 to 1,000",Jul-26
V ON SHENTON,SHENTON WAY,1,Non-Landed Properties,2,"6,000",80 to 90,800 to 900,Jul-26
V ON SHENTON,SHENTON WAY,1,Non-Landed Properties,1,"4,300",60 to 70,600 to 700,Jul-26
V ON SHENTON,SHENTON WAY,1,Non-Landed Properties,3,"7,300",140 to 150,"1,500 to 1,600",Jul-26
V ON SHENTON,SHENTON WAY,1,Non-Landed Properties,3,"10,500",160 to 170,"1,700 to 1,800",Jul-26
V ON SHENTON,SHENTON WAY,1,Non-Landed Properties,1,"3,850",40 to 50,500 to 600,Jul-26
V ON SHENTON,SHENTON WAY,1,Non-Landed Properties,2,"5,500",80 to 90,800 to 900,Jul-26
V ON SHENTON,SHENTON WAY,1,Non-Landed Properties,NA,"3,500",40 to 50,400 to 500,Jul-26
V ON SHENTON,SHENTON WAY,1,Non-Landed Properties,1,"5,000",60 to 70,600 to 700,Jul-26
V ON SHENTON,SHENTON WAY,1,Non-Landed Properties,1,"4,500",60 to 70,700 to 800,Jul-26
V ON SHENTON,SHENTON WAY,1,Non-Landed Properties,3,"9,500",140 to 150,"1,500 to 1,600",Jul-26
ROBINSON SUITES,ROBINSON ROAD,1,Non-Landed Properties,2,"4,100",50 to 60,600 to 700,Jul-26
ROBINSON SUITES,ROBINSON ROAD,1,Non-Landed Properties,1,"3,600",40 to 50,500 to 600,Jul-26
ROBINSON SUITES,ROBINSON ROAD,1,Non-Landed Properties,2,"4,200",50 to 60,600 to 700,Jul-26
ROBINSON SUITES,ROBINSON ROAD,1,Non-Landed Properties,1,"4,000",40 to 50,500 to 600,Jul-26
ROBINSON SUITES,ROBINSON ROAD,1,Non-Landed Properties,1,"3,800",40 to 50,400 to 500,Jul-26
ROBINSON SUITES,ROBINSON ROAD,1,Non-Landed Properties,1,"4,000",40 to 50,400 to 500,Jul-26
ROBINSON SUITES,ROBINSON ROAD,1,Non-Landed Properties,1,"3,600",40 to 50,500 to 600,Jul-26
ROBINSON SUITES,ROBINSON ROAD,1,Non-Landed Properties,1,"3,700",40 to 50,500 to 600,Jul-26
ROBINSON SUITES,ROBINSON ROAD,1,Non-Landed Properties,2,"4,500",50 to 60,600 to 700,Jul-26
ROBINSON SUITES,ROBINSON ROAD,1,Non-Landed Properties,2,"4,200",50 to 60,600 to 700,Jul-26
ROBINSON SUITES,ROBINSON ROAD,1,Non-Landed Properties,1,"3,600",40 to 50,400 to 500,Jul-26
ROBINSON SUITES,ROBINSON ROAD,1,Non-Landed Properties,1,"3,700",40 to 50,400 to 500,Jul-26
ROBINSON SUITES,ROBINSON ROAD,1,Non-Landed Properties,1,"4,000",40 to 50,400 to 500,Jul-26
ROBINSON SUITES,ROBINSON ROAD,1,Non-Landed Properties,1,"3,900",40 to 50,500 to 600,Jul-26
ROBINSON SUITES,ROBINSON ROAD,1,Non-Landed Properties,1,"4,000",40 to 50,400 to 500,Jul-26
ALLAN VILLE,GEMMILL LANE,1,Non-Landed Properties,NA,"4,500",60 to 70,600 to 700,Jul-26
MARINA BAY SUITES,CENTRAL BOULEVARD,1,Non-Landed Properties,3,"9,300",140 to 150,"1,600 to 1,700",Jul-26
MARINA BAY SUITES,CENTRAL BOULEVARD,1,Non-Landed Properties,4,"15,000",190 to 200,"2,000 to 2,100",Jul-26
MARINA BAY SUITES,CENTRAL BOULEVARD,1,Non-Landed Properties,4,"13,200",190 to 200,"2,000 to 2,100",Jul-26
MARINA BAY SUITES,CENTRAL BOULEVARD,1,Non-Landed Properties,3,"9,300",140 to 150,"1,500 to 1,600",Jul-26
MARINA BAY SUITES,CENTRAL BOULEVARD,1,Non-Landed Properties,3,"9,000",140 to 150,"1,500 to 1,600",Jul-26
MARINA BAY SUITES,CENTRAL BOULEVARD,1,Non-Landed Properties,3,"10,000",140 to 150,"1,500 to 1,600",Jul-26
MARINA BAY SUITES,CENTRAL BOULEVARD,1,Non-Landed Properties,3,"9,300",150 to 160,"1,600 to 1,700",Jul-26
MARINA BAY SUITES,CENTRAL BOULEVARD,1,Non-Landed Properties,4,"15,500",240 to 250,"2,600 to 2,700",Jul-26
MARINA BAY SUITES,CENTRAL BOULEVARD,1,Non-Landed Properties,4,"15,500",240 to 250,"2,600 to 2,700",Jul-26
RIVERWALK APARTMENTS,UPPER CIRCULAR ROAD,1,Non-Landed Properties,2,"5,750",110 to 120,"1,200 to 1,300",Jul-26
RIVERWALK APARTMENTS,UPPER CIRCULAR ROAD,1,Non-Landed Properties,NA,"4,400",70 to 80,800 to 900,Jul-26
RIVERWALK APARTMENTS,UPPER CIRCULAR ROAD,1,Non-Landed Properties,NA,"13,000",>300,>3000,Jul-26
RIVERWALK APARTMENTS,UPPER CIRCULAR ROAD,1,Non-Landed Properties,NA,"3,700",70 to 80,800 to 900,Jul-26
MARINA BAY RESIDENCES,MARINA BOULEVARD,1,Non-Landed Properties,2,"9,800",110 to 120,"1,200 to 1,300",Jul-26
MARINA BAY RESIDENCES,MARINA BOULEVARD,1,Non-Landed Properties,3,"10,500",150 to 160,"1,600 to 1,700",Jul-26
MARINA BAY RESIDENCES,MARINA BOULEVARD,1,Non-Landed Properties,2,"8,000",100 to 110,"1,100 to 1,200",Jul-26
MARINA BAY RESIDENCES,MARINA BOULEVARD,1,Non-Landed Properties,2,"9,000",110 to 120,"1,200 to 1,300",Jul-26
MARINA BAY RESIDENCES,MARINA BOULEVARD,1,Non-Landed Properties,5,"39,300",>300,>3000,Jul-26
MARINA BAY RESIDENCES,MARINA BOULEVARD,1,Non-Landed Properties,1,"6,000",60 to 70,700 to 800,Jul-26
MARINA BAY RESIDENCES,MARINA BOULEVARD,1,Non-Landed Properties,5,"65,000",>300,>3000,Jul-26
MARINA BAY RESIDENCES,MARINA BOULEVARD,1,Non-Landed Properties,3,"15,000",180 to 190,"1,900 to 2,000",Jul-26
MARINA BAY RESIDENCES,MARINA BOULEVARD,1,Non-Landed Properties,1,"5,850",60 to 70,700 to 800,Jul-26
MARINA BAY RESIDENCES,MARINA BOULEVARD,1,Non-Landed Properties,2,"7,600",90 to 100,"1,000 to 1,100",Jul-26
MARINA BAY RESIDENCES,MARINA BOULEVARD,1,Non-Landed Properties,5,"44,375",>300,>3000,Jul-26
MARINA BAY RESIDENCES,MARINA BOULEVARD,1,Non-Landed Properties,2,"8,000",90 to 100,"1,000 to 1,100",Jul-26
MARINA BAY RESIDENCES,MARINA BOULEVARD,1,Non-Landed Properties,4,"19,000",210 to 220,"2,300 to 2,400",Jul-26
MARINA BAY RESIDENCES,MARINA BOULEVARD,1,Non-Landed Properties,3,"11,000",150 to 160,"1,600 to 1,700",Jul-26
MARINA BAY RESIDENCES,MARINA BOULEVARD,1,Non-Landed Properties,3,"15,000",180 to 190,"1,900 to 2,000",Jul-26
MARINA BAY RESIDENCES,MARINA BOULEVARD,1,Non-Landed Properties,3,"10,000",150 to 160,"1,600 to 1,700",Jul-26
MARINA BAY RESIDENCES,MARINA BOULEVARD,1,Non-Landed Properties,2,"7,000",90 to 100,"1,000 to 1,100",Jul-26
MARINA BAY RESIDENCES,MARINA BOULEVARD,1,Non-Landed Properties,2,"8,000",100 to 110,"1,100 to 1,200",Jul-26
MARINA BAY RESIDENCES,MARINA BOULEVARD,1,Non-Landed Properties,2,"8,300",90 to 100,"1,000 to 1,100",Jul-26
MARINA BAY RESIDENCES,MARINA BOULEVARD,1,Non-Landed Properties,2,"7,800",90 to 100,"1,000 to 1,100",Jul-26
MARINA BAY RESIDENCES,MARINA BOULEVARD,1,Non-Landed Properties,2,"8,400",90 to 100,"1,000 to 1,100",Jul-26
MARINA BAY RESIDENCES,MARINA BOULEVARD,1,Non-Landed Properties,3,"18,000",180 to 190,"1,900 to 2,000",Jul-26
MARINA BAY RESIDENCES,MARINA BOULEVARD,1,Non-Landed Properties,3,"15,500",180 to 190,"1,900 to 2,000",Jul-26
MARINA BAY RESIDENCES,MARINA BOULEVARD,1,Non-Landed Properties,3,"11,000",150 to 160,"1,600 to 1,700",Jul-26
MARINA BAY RESIDENCES,MARINA BOULEVARD,1,Non-Landed Properties,1,"5,700",60 to 70,700 to 800,Jul-26
MARINA BAY RESIDENCES,MARINA BOULEVARD,1,Non-Landed Properties,2,"8,000",90 to 100,"1,000 to 1,100",Jul-26
MARINA BAY RESIDENCES,MARINA BOULEVARD,1,Non-Landed Properties,1,"5,400",60 to 70,700 to 800,Jul-26
MARINA BAY RESIDENCES,MARINA BOULEVARD,1,Non-Landed Properties,1,"6,200",60 to 70,700 to 800,Jul-26
THE CLIFT,MCCALLUM STREET,1,Non-Landed Properties,2,"6,850",90 to 100,"1,000 to 1,100",Jun-26
THE CLIFT,MCCALLUM STREET,1,Non-Landed Properties,1,"3,900",40 to 50,500 to 600,Jun-26
THE CLIFT,MCCALLUM STREET,1,Non-Landed Properties,1,"4,000",50 to 60,500 to 600,Jun-26
THE CLIFT,MCCALLUM STREET,1,Non-Landed Properties,1,"4,000",40 to 50,400 to 500,Jun-26
THE CLIFT,MCCALLUM STREET,1,Non-Landed Properties,2,"5,400",70 to 80,700 to 800,Jun-26
THE CLIFT,MCCALLUM STREET,1,Non-Landed Properties,1,"4,900",70 to 80,700 to 800,Jun-26
THE CLIFT,MCCALLUM STREET,1,Non-Landed Properties,1,"3,900",40 to 50,500 to 600,Jun-26
THE CLIFT,MCCALLUM STREET,1,Non-Landed Properties,1,"4,800",70 to 80,700 to 800,Jun-26
THE CLIFT,MCCALLUM STREET,1,Non-Landed Properties,1,"3,900",40 to 50,400 to 500,Jun-26
THE CLIFT,MCCALLUM STREET,1,Non-Landed Properties,1,"5,200",70 to 80,800 to 900,Jun-26
THE CLIFT,MCCALLUM STREET,1,Non-Landed Properties,2,"3,800",70 to 80,700 to 800,Jun-26
THE CLIFT,MCCALLUM STREET,1,Non-Landed Properties,2,"5,500",70 to 80,700 to 800,Jun-26
THE CLIFT,MCCALLUM STREET,1,Non-Landed Properties,1,"4,400",40 to 50,400 to 500,Jun-26
THE CLIFT,MCCALLUM STREET,1,Non-Landed Properties,1,"4,700",60 to 70,700 to 800,Jun-26
THE CLIFT,MCCALLUM STREET,1,Non-Landed Properties,1,"4,300",40 to 50,500 to 600,Jun-26
THE CLIFT,MCCALLUM STREET,1,Non-Landed Properties,1,"4,500",40 to 50,500 to 600,Jun-26
THE CLIFT,MCCALLUM STREET,1,Non-Landed Properties,2,"7,800",90 to 100,"1,000 to 1,100",Jun-26
THE CLIFT,MCCALLUM STREET,1,Non-Landed Properties,2,"5,500",70 to 80,700 to 800,Jun-26
THE CLIFT,MCCALLUM STREET,1,Non-Landed Properties,1,"4,700",70 to 80,700 to 800,Jun-26
THE CLIFT,MCCALLUM STREET,1,Non-Landed Properties,2,"4,500",70 to 80,700 to 800,Jun-26
THE CLIFT,MCCALLUM STREET,1,Non-Landed Properties,1,"3,950",40 to 50,500 to 600,Jun-26
ONE SHENTON,SHENTON WAY,1,Non-Landed Properties,1,"4,500",50 to 60,500 to 600,Jun-26
ONE SHENTON,SHENTON WAY,1,Non-Landed Properties,2,"6,500",100 to 110,"1,100 to 1,200",Jun-26
ONE SHENTON,SHENTON WAY,1,Non-Landed Properties,4,"10,000",160 to 170,"1,800 to 1,900",Jun-26
ONE SHENTON,SHENTON WAY,1,Non-Landed Properties,2,"6,500",110 to 120,"1,200 to 1,300",Jun-26
ONE SHENTON,SHENTON WAY,1,Non-Landed Properties,2,"7,700",100 to 110,"1,000 to 1,100",Jun-26
ONE SHENTON,SHENTON WAY,1,Non-Landed Properties,1,"4,200",50 to 60,500 to 600,Jun-26
ONE SHENTON,SHENTON WAY,1,Non-Landed Properties,1,"6,500",90 to 100,"1,000 to 1,100",Jun-26
ONE SHENTON,SHENTON WAY,1,Non-Landed Properties,1,"4,500",50 to 60,600 to 700,Jun-26
ONE SHENTON,SHENTON WAY,1,Non-Landed Properties,1,"5,300",80 to 90,"900 to 1,000",Jun-26
ONE SHENTON,SHENTON WAY,1,Non-Landed Properties,2,"7,800",100 to 110,"1,100 to 1,200",Jun-26
ONE SHENTON,SHENTON WAY,1,Non-Landed Properties,2,"6,300",110 to 120,"1,200 to 1,300",Jun-26
ONE SHENTON,SHENTON WAY,1,Non-Landed Properties,3,"9,200",140 to 150,"1,500 to 1,600",Jun-26
PEOPLE'S PARK COMPLEX,PARK ROAD,1,Non-Landed Properties,1,"2,400",30 to 40,400 to 500,Jun-26
PEOPLE'S PARK COMPLEX,PARK ROAD,1,Non-Landed Properties,1,"2,500",40 to 50,400 to 500,Jun-26
EMERALD GARDEN,CLUB STREET,1,Non-Landed Properties,2,"5,500",90 to 100,"900 to 1,000",Jun-26
EMERALD GARDEN,CLUB STREET,1,Non-Landed Properties,1,"4,800",70 to 80,800 to 900,Jun-26
EMERALD GARDEN,CLUB STREET,1,Non-Landed Properties,2,"4,600",80 to 90,"900 to 1,000",Jun-26
EMERALD GARDEN,CLUB STREET,1,Non-Landed Properties,2,"5,000",90 to 100,"900 to 1,000",Jun-26
EMERALD GARDEN,CLUB STREET,1,Non-Landed Properties,2,"6,000",90 to 100,"1,000 to 1,100",Jun-26
EMERALD GARDEN,CLUB STREET,1,Non-Landed Properties,1,"5,200",80 to 90,"900 to 1,000",Jun-26
EMERALD GARDEN,CLUB STREET,1,Non-Landed Properties,1,"4,700",80 to 90,"900 to 1,000",Jun-26
EMERALD GARDEN,CLUB STREET,1,Non-Landed Properties,2,"5,600",90 to 100,"1,000 to 1,100",Jun-26
EMERALD GARDEN,CLUB STREET,1,Non-Landed Properties,2,"5,000",80 to 90,"900 to 1,000",Jun-26
EMERALD GARDEN,CLUB STREET,1,Non-Landed Properties,2,"6,100",90 to 100,"1,000 to 1,100",Jun-26
MARINA ONE RESIDENCES,MARINA WAY,1,Non-Landed Properties,2,"7,400",100 to 110,"1,100 to 1,200",Jun-26
MARINA ONE RESIDENCES,MARINA WAY,1,Non-Landed Properties,1,"4,500",60 to 70,600 to 700,Jun-26
MARINA ONE RESIDENCES,MARINA WAY,1,Non-Landed Properties,2,"7,800",100 to 110,"1,100 to 1,200",Jun-26
MARINA ONE RESIDENCES,MARINA WAY,1,Non-Landed Properties,3,"13,800",140 to 150,"1,500 to 1,600",Jun-26
MARINA ONE RESIDENCES,MARINA WAY,1,Non-Landed Properties,1,"5,100",70 to 80,700 to 800,Jun-26
MARINA ONE RESIDENCES,MARINA WAY,1,Non-Landed Properties,1,"4,650",60 to 70,600 to 700,Jun-26
MARINA ONE RESIDENCES,MARINA WAY,1,Non-Landed Properties,2,"8,000",100 to 110,"1,100 to 1,200",Jun-26
MARINA ONE RESIDENCES,MARINA WAY,1,Non-Landed Properties,1,"4,500",60 to 70,700 to 800,Jun-26
MARINA ONE RESIDENCES,MARINA WAY,1,Non-Landed Properties,1,"4,550",60 to 70,700 to 800,Jun-26
MARINA ONE RESIDENCES,MARINA WAY,1,Non-Landed Properties,1,"4,500",60 to 70,600 to 700,Jun-26
MARINA ONE RESIDENCES,MARINA WAY,1,Non-Landed Properties,1,"5,830",60 to 70,600 to 700,Jun-26
MARINA ONE RESIDENCES,MARINA WAY,1,Non-Landed Properties,2,"7,200",100 to 110,"1,100 to 1,200",Jun-26
MARINA ONE RESIDENCES,MARINA WAY,1,Non-Landed Properties,3,"10,550",140 to 150,"1,500 to 1,600",Jun-26
MARINA ONE RESIDENCES,MARINA WAY,1,Non-Landed Properties,1,"4,200",60 to 70,700 to 800,Jun-26
MARINA ONE RESIDENCES,MARINA WAY,1,Non-Landed Properties,2,"7,900",100 to 110,"1,100 to 1,200",Jun-26
MARINA ONE RESIDENCES,MARINA WAY,1,Non-Landed Properties,2,"8,300",100 to 110,"1,100 to 1,200",Jun-26
MARINA ONE RESIDENCES,MARINA WAY,1,Non-Landed Properties,1,"4,300",60 to 70,700 to 800,Jun-26
MARINA ONE RESIDENCES,MARINA WAY,1,Non-Landed Properties,2,"7,200",100 to 110,"1,100 to 1,200",Jun-26
MARINA ONE RESIDENCES,MARINA WAY,1,Non-Landed Properties,3,"10,800",140 to 150,"1,500 to 1,600",Jun-26
MARINA ONE RESIDENCES,MARINA WAY,1,Non-Landed Properties,2,"7,650",100 to 110,"1,100 to 1,200",Jun-26
MARINA ONE RESIDENCES,MARINA WAY,1,Non-Landed Properties,2,"8,300",100 to 110,"1,100 to 1,200",Jun-26
MARINA ONE RESIDENCES,MARINA WAY,1,Non-Landed Properties,2,"8,100",100 to 110,"1,100 to 1,200",Jun-26
MARINA ONE RESIDENCES,MARINA WAY,1,Non-Landed Properties,1,"4,500",60 to 70,700 to 800,Jun-26
MARINA ONE RESIDENCES,MARINA WAY,1,Non-Landed Properties,2,"7,700",100 to 110,"1,100 to 1,200",Jun-26
MARINA ONE RESIDENCES,MARINA WAY,1,Non-Landed Properties,2,"7,000",100 to 110,"1,100 to 1,200",Jun-26
MARINA ONE RESIDENCES,MARINA WAY,1,Non-Landed Properties,3,"9,500",140 to 150,"1,500 to 1,600",Jun-26
MARINA ONE RESIDENCES,MARINA WAY,1,Non-Landed Properties,4,"19,500",200 to 210,"2,200 to 2,300",Jun-26
MARINA ONE RESIDENCES,MARINA WAY,1,Non-Landed Properties,3,"9,900",140 to 150,"1,500 to 1,600",Jun-26
MARINA ONE RESIDENCES,MARINA WAY,1,Non-Landed Properties,1,"4,500",60 to 70,700 to 800,Jun-26
MARINA ONE RESIDENCES,MARINA WAY,1,Non-Landed Properties,2,"7,500",100 to 110,"1,100 to 1,200",Jun-26
MARINA ONE RESIDENCES,MARINA WAY,1,Non-Landed Properties,1,"4,500",60 to 70,700 to 800,Jun-26
MARINA ONE RESIDENCES,MARINA WAY,1,Non-Landed Properties,1,"4,700",60 to 70,600 to 700,Jun-26
MARINA ONE RESIDENCES,MARINA WAY,1,Non-Landed Properties,1,"4,800",60 to 70,700 to 800,Jun-26
MARINA ONE RESIDENCES,MARINA WAY,1,Non-Landed Properties,2,"8,000",100 to 110,"1,100 to 1,200",Jun-26
MARINA ONE RESIDENCES,MARINA WAY,1,Non-Landed Properties,1,"5,000",70 to 80,700 to 800,Jun-26
MARINA ONE RESIDENCES,MARINA WAY,1,Non-Landed Properties,1,"4,800",60 to 70,700 to 800,Jun-26
MARINA ONE RESIDENCES,MARINA WAY,1,Non-Landed Properties,1,"4,800",60 to 70,700 to 800,Jun-26
MARINA ONE RESIDENCES,MARINA WAY,1,Non-Landed Properties,2,"8,800",100 to 110,"1,100 to 1,200",Jun-26
MARINA ONE RESIDENCES,MARINA WAY,1,Non-Landed Properties,1,"5,300",60 to 70,700 to 800,Jun-26
MARINA ONE RESIDENCES,MARINA WAY,1,Non-Landed Properties,1,"5,300",60 to 70,700 to 800,Jun-26
THE SAIL @ MARINA BAY,MARINA BOULEVARD,1,Non-Landed Properties,3,"8,000",110 to 120,"1,200 to 1,300",Jun-26
THE SAIL @ MARINA BAY,MARINA BOULEVARD,1,Non-Landed Properties,2,"6,450",70 to 80,800 to 900,Jun-26
THE SAIL @ MARINA BAY,MARINA BOULEVARD,1,Non-Landed Properties,1,"4,600",60 to 70,600 to 700,Jun-26
THE SAIL @ MARINA BAY,MARINA BOULEVARD,1,Non-Landed Properties,1,"4,800",60 to 70,600 to 700,Jun-26
THE SAIL @ MARINA BAY,MARINA BOULEVARD,1,Non-Landed Properties,3,"9,100",140 to 150,"1,500 to 1,600",Jun-26
THE SAIL @ MARINA BAY,MARINA BOULEVARD,1,Non-Landed Properties,1,"4,100",60 to 70,600 to 700,Jun-26
THE SAIL @ MARINA BAY,MARINA BOULEVARD,1,Non-Landed Properties,3,"10,200",140 to 150,"1,500 to 1,600",Jun-26
THE SAIL @ MARINA BAY,MARINA BOULEVARD,1,Non-Landed Properties,2,"6,000",70 to 80,800 to 900,Jun-26
THE SAIL @ MARINA BAY,MARINA BOULEVARD,1,Non-Landed Properties,3,"9,600",120 to 130,"1,300 to 1,400",Jun-26
THE SAIL @ MARINA BAY,MARINA BOULEVARD,1,Non-Landed Properties,1,"4,200",50 to 60,600 to 700,Jun-26
THE SAIL @ MARINA BAY,MARINA BOULEVARD,1,Non-Landed Properties,3,"8,250",120 to 130,"1,300 to 1,400",Jun-26
THE SAIL @ MARINA BAY,MARINA BOULEVARD,1,Non-Landed Properties,1,"4,200",60 to 70,600 to 700,Jun-26
THE SAIL @ MARINA BAY,MARINA BOULEVARD,1,Non-Landed Properties,1,"4,200",60 to 70,600 to 700,Jun-26
THE SAIL @ MARINA BAY,MARINA BOULEVARD,1,Non-Landed Properties,1,"4,600",50 to 60,600 to 700,Jun-26
THE SAIL @ MARINA BAY,MARINA BOULEVARD,1,Non-Landed Properties,2,"7,300",90 to 100,"1,000 to 1,100",Jun-26
THE SAIL @ MARINA BAY,MARINA BOULEVARD,1,Non-Landed Properties,1,"5,400",60 to 70,600 to 700,Jun-26
THE SAIL @ MARINA BAY,MARINA BOULEVARD,1,Non-Landed Properties,2,"6,100",80 to 90,800 to 900,Jun-26
THE SAIL @ MARINA BAY,MARINA BOULEVARD,1,Non-Landed Properties,2,"5,350",80 to 90,800 to 900,Jun-26
THE SAIL @ MARINA BAY,MARINA BOULEVARD,1,Non-Landed Properties,2,"7,000",90 to 100,"1,000 to 1,100",Jun-26
THE SAIL @ MARINA BAY,MARINA BOULEVARD,1,Non-Landed Properties,2,"8,000",80 to 90,"900 to 1,000",Jun-26
THE SAIL @ MARINA BAY,MARINA BOULEVARD,1,Non-Landed Properties,2,"6,500",90 to 100,"1,000 to 1,100",Jun-26
THE SAIL @ MARINA BAY,MARINA BOULEVARD,1,Non-Landed Properties,2,"7,500",90 to 100,"1,000 to 1,100",Jun-26
THE SAIL @ MARINA BAY,MARINA BOULEVARD,1,Non-Landed Properties,4,"12,500",190 to 200,"2,100 to 2,200",Jun-26
THE SAIL @ MARINA BAY,MARINA BOULEVARD,1,Non-Landed Properties,2,"7,000",80 to 90,"900 to 1,000",Jun-26
THE SAIL @ MARINA BAY,MARINA BOULEVARD,1,Non-Landed Properties,1,"3,900",50 to 60,500 to 600,Jun-26
THE SAIL @ MARINA BAY,MARINA BOULEVARD,1,Non-Landed Properties,3,"8,700",100 to 110,"1,100 to 1,200",Jun-26
THE SAIL @ MARINA BAY,MARINA BOULEVARD,1,Non-Landed Properties,2,"5,400",80 to 90,800 to 900,Jun-26
THE SAIL @ MARINA BAY,MARINA BOULEVARD,1,Non-Landed Properties,1,"4,400",50 to 60,500 to 600,Jun-26
THE SAIL @ MARINA BAY,MARINA BOULEVARD,1,Non-Landed Properties,2,"7,000",80 to 90,800 to 900,Jun-26
THE SAIL @ MARINA BAY,MARINA BOULEVARD,1,Non-Landed Properties,2,"6,000",80 to 90,800 to 900,Jun-26
THE SAIL @ MARINA BAY,MARINA BOULEVARD,1,Non-Landed Properties,1,"4,950",60 to 70,600 to 700,Jun-26
THE SAIL @ MARINA BAY,MARINA BOULEVARD,1,Non-Landed Properties,2,"5,800",80 to 90,800 to 900,Jun-26
THE SAIL @ MARINA BAY,MARINA BOULEVARD,1,Non-Landed Properties,3,"7,000",100 to 110,"1,100 to 1,200",Jun-26
THE SAIL @ MARINA BAY,MARINA BOULEVARD,1,Non-Landed Properties,1,"3,900",50 to 60,500 to 600,Jun-26
THE SAIL @ MARINA BAY,MARINA BOULEVARD,1,Non-Landed Properties,2,"5,900",80 to 90,800 to 900,Jun-26
THE SAIL @ MARINA BAY,MARINA BOULEVARD,1,Non-Landed Properties,1,"4,300",60 to 70,600 to 700,Jun-26
THE SAIL @ MARINA BAY,MARINA BOULEVARD,1,Non-Landed Properties,2,"7,500",80 to 90,"900 to 1,000",Jun-26
THE SAIL @ MARINA BAY,MARINA BOULEVARD,1,Non-Landed Properties,1,"4,100",60 to 70,600 to 700,Jun-26
THE SAIL @ MARINA BAY,MARINA BOULEVARD,1,Non-Landed Properties,3,"7,900",100 to 110,"1,100 to 1,200",Jun-26
THE SAIL @ MARINA BAY,MARINA BOULEVARD,1,Non-Landed Properties,2,"7,500",80 to 90,"900 to 1,000",Jun-26
THE SAIL @ MARINA BAY,MARINA BOULEVARD,1,Non-Landed Properties,1,"4,900",60 to 70,600 to 700,Jun-26
THE SAIL @ MARINA BAY,MARINA BOULEVARD,1,Non-Landed Properties,2,"6,500",80 to 90,800 to 900,Jun-26
THE SAIL @ MARINA BAY,MARINA BOULEVARD,1,Non-Landed Properties,2,"7,500",80 to 90,"900 to 1,000",Jun-26
THE SAIL @ MARINA BAY,MARINA BOULEVARD,1,Non-Landed Properties,2,"7,200",80 to 90,800 to 900,Jun-26
THE SAIL @ MARINA BAY,MARINA BOULEVARD,1,Non-Landed Properties,1,"3,900",50 to 60,500 to 600,Jun-26
THE SAIL @ MARINA BAY,MARINA BOULEVARD,1,Non-Landed Properties,1,"5,000",60 to 70,600 to 700,Jun-26
THE SAIL @ MARINA BAY,MARINA BOULEVARD,1,Non-Landed Properties,1,"5,300",60 to 70,600 to 700,Jun-26
THE SAIL @ MARINA BAY,MARINA BOULEVARD,1,Non-Landed Properties,1,"4,800",60 to 70,600 to 700,Jun-26
V ON SHENTON,SHENTON WAY,1,Non-Landed Properties,2,"5,000",90 to 100,"1,000 to 1,100",Jun-26
V ON SHENTON,SHENTON WAY,1,Non-Landed Properties,1,"4,400",40 to 50,500 to 600,Jun-26
V ON SHENTON,SHENTON WAY,1,Non-Landed Properties,NA,"3,800",40 to 50,400 to 500,Jun-26
V ON SHENTON,SHENTON WAY,1,Non-Landed Properties,1,"3,800",40 to 50,400 to 500,Jun-26
V ON SHENTON,SHENTON WAY,1,Non-Landed Properties,1,"4,250",60 to 70,600 to 700,Jun-26
V ON SHENTON,SHENTON WAY,1,Non-Landed Properties,NA,"3,500",40 to 50,400 to 500,Jun-26
V ON SHENTON,SHENTON WAY,1,Non-Landed Properties,NA,"3,800",40 to 50,400 to 500,Jun-26
V ON SHENTON,SHENTON WAY,1,Non-Landed Properties,2,"7,350",110 to 120,"1,200 to 1,300",Jun-26
V ON SHENTON,SHENTON WAY,1,Non-Landed Properties,3,"8,100",140 to 150,"1,500 to 1,600",Jun-26
V ON SHENTON,SHENTON WAY,1,Non-Landed Properties,2,"5,600",90 to 100,"1,000 to 1,100",Jun-26
V ON SHENTON,SHENTON WAY,1,Non-Landed Properties,2,"8,000",110 to 120,"1,200 to 1,300",Jun-26
V ON SHENTON,SHENTON WAY,1,Non-Landed Properties,1,"4,700",60 to 70,700 to 800,Jun-26
V ON SHENTON,SHENTON WAY,1,Non-Landed Properties,NA,"3,600",40 to 50,400 to 500,Jun-26
V ON SHENTON,SHENTON WAY,1,Non-Landed Properties,2,"5,500",80 to 90,800 to 900,Jun-26
V ON SHENTON,SHENTON WAY,1,Non-Landed Properties,3,"8,800",140 to 150,"1,500 to 1,600",Jun-26
V ON SHENTON,SHENTON WAY,1,Non-Landed Properties,NA,"3,900",40 to 50,400 to 500,Jun-26
V ON SHENTON,SHENTON WAY,1,Non-Landed Properties,1,"4,650",60 to 70,700 to 800,Jun-26
V ON SHENTON,SHENTON WAY,1,Non-Landed Properties,NA,"3,500",40 to 50,400 to 500,Jun-26
V ON SHENTON,SHENTON WAY,1,Non-Landed Properties,4,"38,000",>300,>3000,Jun-26
V ON SHENTON,SHENTON WAY,1,Non-Landed Properties,2,"5,600",100 to 110,"1,000 to 1,100",Jun-26
V ON SHENTON,SHENTON WAY,1,Non-Landed Properties,2,"6,000",90 to 100,"1,000 to 1,100",Jun-26
V ON SHENTON,SHENTON WAY,1,Non-Landed Properties,3,"10,000",160 to 170,"1,700 to 1,800",Jun-26
ROBINSON SUITES,ROBINSON ROAD,1,Non-Landed Properties,1,"3,750",40 to 50,500 to 600,Jun-26
ROBINSON SUITES,ROBINSON ROAD,1,Non-Landed Properties,2,"4,000",50 to 60,600 to 700,Jun-26
ROBINSON SUITES,ROBINSON ROAD,1,Non-Landed Properties,1,"3,500",40 to 50,400 to 500,Jun-26
ROBINSON SUITES,ROBINSON ROAD,1,Non-Landed Properties,1,"3,700",40 to 50,500 to 600,Jun-26
ROBINSON SUITES,ROBINSON ROAD,1,Non-Landed Properties,2,"4,050",50 to 60,600 to 700,Jun-26
ROBINSON SUITES,ROBINSON ROAD,1,Non-Landed Properties,1,"3,700",40 to 50,400 to 500,Jun-26
ROBINSON SUITES,ROBINSON ROAD,1,Non-Landed Properties,1,"3,500",40 to 50,400 to 500,Jun-26
ROBINSON SUITES,ROBINSON ROAD,1,Non-Landed Properties,1,"3,700",40 to 50,400 to 500,Jun-26
ROBINSON SUITES,ROBINSON ROAD,1,Non-Landed Properties,1,"3,600",40 to 50,400 to 500,Jun-26
ROBINSON SUITES,ROBINSON ROAD,1,Non-Landed Properties,1,"3,700",40 to 50,500 to 600,Jun-26
ROBINSON SUITES,ROBINSON ROAD,1,Non-Landed Properties,2,"4,000",50 to 60,600 to 700,Jun-26
ROBINSON SUITES,ROBINSON ROAD,1,Non-Landed Properties,2,"4,000",50 to 60,600 to 700,Jun-26
ROBINSON SUITES,ROBINSON ROAD,1,Non-Landed Properties,2,"4,050",50 to 60,600 to 700,Jun-26
ROBINSON SUITES,ROBINSON ROAD,1,Non-Landed Properties,1,"3,600",40 to 50,400 to 500,Jun-26
ROBINSON SUITES,ROBINSON ROAD,1,Non-Landed Properties,2,"4,300",50 to 60,600 to 700,Jun-26
ALLAN VILLE,GEMMILL LANE,1,Non-Landed Properties,NA,"4,250",50 to 60,600 to 700,Jun-26
MARINA BAY SUITES,CENTRAL BOULEVARD,1,Non-Landed Properties,3,"9,500",150 to 160,"1,600 to 1,700",Jun-26
MARINA BAY SUITES,CENTRAL BOULEVARD,1,Non-Landed Properties,3,"9,250",140 to 150,"1,500 to 1,600",Jun-26
MARINA BAY SUITES,CENTRAL BOULEVARD,1,Non-Landed Properties,3,"9,000",140 to 150,"1,500 to 1,600",Jun-26
RIVERWALK APARTMENTS,UPPER CIRCULAR ROAD,1,Non-Landed Properties,2,"6,000",110 to 120,"1,200 to 1,300",Jun-26
RIVERWALK APARTMENTS,UPPER CIRCULAR ROAD,1,Non-Landed Properties,NA,"4,200",70 to 80,800 to 900,Jun-26
RIVERWALK APARTMENTS,UPPER CIRCULAR ROAD,1,Non-Landed Properties,2,"6,200",110 to 120,"1,200 to 1,300",Jun-26
MARINA BAY RESIDENCES,MARINA BOULEVARD,1,Non-Landed Properties,3,"17,000",180 to 190,"1,900 to 2,000",Jun-26
MARINA BAY RESIDENCES,MARINA BOULEVARD,1,Non-Landed Properties,4,"20,000",210 to 220,"2,300 to 2,400",Jun-26
MARINA BAY RESIDENCES,MARINA BOULEVARD,1,Non-Landed Properties,1,"5,500",60 to 70,700 to 800,Jun-26
MARINA BAY RESIDENCES,MARINA BOULEVARD,1,Non-Landed Properties,1,"5,200",60 to 70,700 to 800,Jun-26
MARINA BAY RESIDENCES,MARINA BOULEVARD,1,Non-Landed Properties,2,"8,800",90 to 100,"1,000 to 1,100",Jun-26
MARINA BAY RESIDENCES,MARINA BOULEVARD,1,Non-Landed Properties,1,"6,500",60 to 70,700 to 800,Jun-26
MARINA BAY RESIDENCES,MARINA BOULEVARD,1,Non-Landed Properties,1,"5,650",60 to 70,700 to 800,Jun-26
MARINA BAY RESIDENCES,MARINA BOULEVARD,1,Non-Landed Properties,3,"16,000",180 to 190,"1,900 to 2,000",Jun-26
MARINA BAY RESIDENCES,MARINA BOULEVARD,1,Non-Landed Properties,1,"5,600",60 to 70,700 to 800,Jun-26
MARINA BAY RESIDENCES,MARINA BOULEVARD,1,Non-Landed Properties,3,"17,500",180 to 190,"1,900 to 2,000",Jun-26
MARINA BAY RESIDENCES,MARINA BOULEVARD,1,Non-Landed Properties,1,"5,450",60 to 70,700 to 800,Jun-26
MARINA BAY RESIDENCES,MARINA BOULEVARD,1,Non-Landed Properties,2,"7,000",90 to 100,"1,000 to 1,100",Jun-26
MARINA BAY RESIDENCES,MARINA BOULEVARD,1,Non-Landed Properties,2,"7,500",90 to 100,"1,000 to 1,100",Jun-26
MARINA BAY RESIDENCES,MARINA BOULEVARD,1,Non-Landed Properties,3,"14,500",180 to 190,"1,900 to 2,000",Jun-26
MARINA BAY RESIDENCES,MARINA BOULEVARD,1,Non-Landed Properties,2,"7,150",100 to 110,"1,100 to 1,200",Jun-26
MARINA BAY RESIDENCES,MARINA BOULEVARD,1,Non-Landed Properties,2,"9,000",110 to 120,"1,200 to 1,300",Jun-26
MARINA BAY RESIDENCES,MARINA BOULEVARD,1,Non-Landed Properties,2,"8,000",90 to 100,"1,000 to 1,100",Jun-26
MARINA BAY RESIDENCES,MARINA BOULEVARD,1,Non-Landed Properties,1,"5,800",60 to 70,700 to 800,Jun-26
MARINA BAY RESIDENCES,MARINA BOULEVARD,1,Non-Landed Properties,1,"5,700",60 to 70,700 to 800,Jun-26
MARINA BAY RESIDENCES,MARINA BOULEVARD,1,Non-Landed Properties,1,"5,400",60 to 70,700 to 800,Jun-26
MARINA BAY RESIDENCES,MARINA BOULEVARD,1,Non-Landed Properties,1,"6,000",60 to 70,700 to 800,Jun-26
THE CLIFT,MCCALLUM STREET,1,Non-Landed Properties,1,"4,300",40 to 50,400 to 500,May-26
THE CLIFT,MCCALLUM STREET,1,Non-Landed Properties,2,"5,500",70 to 80,700 to 800,May-26
THE CLIFT,MCCALLUM STREET,1,Non-Landed Properties,1,"4,000",40 to 50,500 to 600,May-26
THE CLIFT,MCCALLUM STREET,1,Non-Landed Properties,1,"4,200",40 to 50,400 to 500,May-26
THE CLIFT,MCCALLUM STREET,1,Non-Landed Properties,1,"4,100",40 to 50,500 to 600,May-26
THE CLIFT,MCCALLUM STREET,1,Non-Landed Properties,1,"4,200",40 to 50,400 to 500,May-26
THE CLIFT,MCCALLUM STREET,1,Non-Landed Properties,1,"3,900",40 to 50,400 to 500,May-26
THE CLIFT,MCCALLUM STREET,1,Non-Landed Properties,1,"4,000",40 to 50,500 to 600,May-26
THE CLIFT,MCCALLUM STREET,1,Non-Landed Properties,1,"5,000",70 to 80,700 to 800,May-26
THE CLIFT,MCCALLUM STREET,1,Non-Landed Properties,1,"3,900",40 to 50,500 to 600,May-26
THE CLIFT,MCCALLUM STREET,1,Non-Landed Properties,1,"4,150",40 to 50,500 to 600,May-26
THE CLIFT,MCCALLUM STREET,1,Non-Landed Properties,1,"4,600",70 to 80,700 to 800,May-26
THE CLIFT,MCCALLUM STREET,1,Non-Landed Properties,1,"4,000",40 to 50,500 to 600,May-26
THE CLIFT,MCCALLUM STREET,1,Non-Landed Properties,2,"5,200",70 to 80,700 to 800,May-26
THE CLIFT,MCCALLUM STREET,1,Non-Landed Properties,1,"4,000",40 to 50,500 to 600,May-26
ONE SHENTON,SHENTON WAY,1,Non-Landed Properties,1,"5,300",70 to 80,800 to 900,May-26
ONE SHENTON,SHENTON WAY,1,Non-Landed Properties,1,"4,550",50 to 60,600 to 700,May-26
ONE SHENTON,SHENTON WAY,1,Non-Landed Properties,3,"8,550",140 to 150,"1,500 to 1,600",May-26
ONE SHENTON,SHENTON WAY,1,Non-Landed Properties,4,"11,000",170 to 180,"1,800 to 1,900",May-26
ONE SHENTON,SHENTON WAY,1,Non-Landed Properties,1,"4,200",50 to 60,600 to 700,May-26
ONE SHENTON,SHENTON WAY,1,Non-Landed Properties,2,"6,500",100 to 110,"1,000 to 1,100",May-26
ONE SHENTON,SHENTON WAY,1,Non-Landed Properties,1,"4,350",50 to 60,600 to 700,May-26
ONE SHENTON,SHENTON WAY,1,Non-Landed Properties,2,"6,400",100 to 110,"1,100 to 1,200",May-26
ONE SHENTON,SHENTON WAY,1,Non-Landed Properties,1,"5,800",80 to 90,"900 to 1,000",May-26
ONE SHENTON,SHENTON WAY,1,Non-Landed Properties,2,"6,280",110 to 120,"1,200 to 1,300",May-26
ONE SHENTON,SHENTON WAY,1,Non-Landed Properties,1,"4,450",40 to 50,500 to 600,May-26
ONE SHENTON,SHENTON WAY,1,Non-Landed Properties,1,"4,350",40 to 50,500 to 600,May-26
ONE SHENTON,SHENTON WAY,1,Non-Landed Properties,4,"12,000",210 to 220,"2,200 to 2,300",May-26
ONE SHENTON,SHENTON WAY,1,Non-Landed Properties,3,"8,000",140 to 150,"1,500 to 1,600",May-26
ONE SHENTON,SHENTON WAY,1,Non-Landed Properties,1,"5,500",80 to 90,"900 to 1,000",May-26
ONE SHENTON,SHENTON WAY,1,Non-Landed Properties,1,"3,650",40 to 50,500 to 600,May-26
PEOPLE'S PARK COMPLEX,PARK ROAD,1,Non-Landed Properties,1,"2,500",30 to 40,400 to 500,May-26
PEOPLE'S PARK COMPLEX,PARK ROAD,1,Non-Landed Properties,3,"2,900",100 to 110,"1,100 to 1,200",May-26
PEOPLE'S PARK COMPLEX,PARK ROAD,1,Non-Landed Properties,1,"2,100",30 to 40,400 to 500,May-26
PEOPLE'S PARK COMPLEX,PARK ROAD,1,Non-Landed Properties,3,"4,600",100 to 110,"1,100 to 1,200",May-26
PEOPLE'S PARK COMPLEX,PARK ROAD,1,Non-Landed Properties,1,"3,200",30 to 40,400 to 500,May-26
PEOPLE'S PARK COMPLEX,PARK ROAD,1,Non-Landed Properties,1,"2,450",40 to 50,400 to 500,May-26
PEOPLE'S PARK COMPLEX,PARK ROAD,1,Non-Landed Properties,3,"4,700",100 to 110,"1,100 to 1,200",May-26
PEOPLE'S PARK COMPLEX,PARK ROAD,1,Non-Landed Properties,NA,"4,500",100 to 110,"1,100 to 1,200",May-26
PEOPLE'S PARK COMPLEX,PARK ROAD,1,Non-Landed Properties,1,"3,500",30 to 40,400 to 500,May-26
PEOPLE'S PARK COMPLEX,PARK ROAD,1,Non-Landed Properties,1,"3,500",40 to 50,400 to 500,May-26
PEOPLE'S PARK COMPLEX,PARK ROAD,1,Non-Landed Properties,1,"2,500",40 to 50,400 to 500,May-26
PEOPLE'S PARK COMPLEX,PARK ROAD,1,Non-Landed Properties,3,"4,050",100 to 110,"1,100 to 1,200",May-26
EMERALD GARDEN,CLUB STREET,1,Non-Landed Properties,2,"5,600",100 to 110,"1,000 to 1,100",May-26
EMERALD GARDEN,CLUB STREET,1,Non-Landed Properties,2,"5,500",90 to 100,"1,000 to 1,100",May-26
EMERALD GARDEN,CLUB STREET,1,Non-Landed Properties,2,"5,700",90 to 100,"1,000 to 1,100",May-26
EMERALD GARDEN,CLUB STREET,1,Non-Landed Properties,3,"6,200",110 to 120,"1,200 to 1,300",May-26
EMERALD GARDEN,CLUB STREET,1,Non-Landed Properties,1,"5,400",90 to 100,"1,000 to 1,100",May-26
EMERALD GARDEN,CLUB STREET,1,Non-Landed Properties,2,"5,200",80 to 90,"900 to 1,000",May-26
EMERALD GARDEN,CLUB STREET,1,Non-Landed Properties,3,"6,000",110 to 120,"1,200 to 1,300",May-26
EMERALD GARDEN,CLUB STREET,1,Non-Landed Properties,3,"5,000",130 to 140,"1,400 to 1,500",May-26
EMERALD GARDEN,CLUB STREET,1,Non-Landed Properties,2,"5,400",90 to 100,"1,000 to 1,100",May-26
EMERALD GARDEN,CLUB STREET,1,Non-Landed Properties,2,"5,300",80 to 90,"900 to 1,000",May-26
EMERALD GARDEN,CLUB STREET,1,Non-Landed Properties,3,"6,600",110 to 120,"1,200 to 1,300",May-26
EMERALD GARDEN,CLUB STREET,1,Non-Landed Properties,3,"6,600",110 to 120,"1,200 to 1,300",May-26
EMERALD GARDEN,CLUB STREET,1,Non-Landed Properties,2,"5,100",80 to 90,"900 to 1,000",May-26
EMERALD GARDEN,CLUB STREET,1,Non-Landed Properties,2,"5,500",110 to 120,"1,200 to 1,300",May-26
EMERALD GARDEN,CLUB STREET,1,Non-Landed Properties,1,"4,600",70 to 80,800 to 900,May-26
MARINA ONE RESIDENCES,MARINA WAY,1,Non-Landed Properties,3,"11,000",140 to 150,"1,500 to 1,600",May-26
MARINA ONE RESIDENCES,MARINA WAY,1,Non-Landed Properties,1,"5,750",60 to 70,700 to 800,May-26
MARINA ONE RESIDENCES,MARINA WAY,1,Non-Landed Properties,1,"4,550",60 to 70,700 to 800,May-26
MARINA ONE RESIDENCES,MARINA WAY,1,Non-Landed Properties,2,"7,900",100 to 110,"1,100 to 1,200",May-26
MARINA ONE RESIDENCES,MARINA WAY,1,Non-Landed Properties,2,"6,800",90 to 100,"1,000 to 1,100",May-26
MARINA ONE RESIDENCES,MARINA WAY,1,Non-Landed Properties,1,"5,200",70 to 80,700 to 800,May-26
MARINA ONE RESIDENCES,MARINA WAY,1,Non-Landed Properties,1,"4,500",60 to 70,600 to 700,May-26
MARINA ONE RESIDENCES,MARINA WAY,1,Non-Landed Properties,1,"4,400",60 to 70,600 to 700,May-26
MARINA ONE RESIDENCES,MARINA WAY,1,Non-Landed Properties,2,"6,000",100 to 110,"1,100 to 1,200",May-26
MARINA ONE RESIDENCES,MARINA WAY,1,Non-Landed Properties,1,"4,500",60 to 70,700 to 800,May-26
MARINA ONE RESIDENCES,MARINA WAY,1,Non-Landed Properties,2,"8,000",100 to 110,"1,100 to 1,200",May-26
MARINA ONE RESIDENCES,MARINA WAY,1,Non-Landed Properties,3,"10,000",140 to 150,"1,500 to 1,600",May-26
MARINA ONE RESIDENCES,MARINA WAY,1,Non-Landed Properties,1,"4,900",70 to 80,700 to 800,May-26
MARINA ONE RESIDENCES,MARINA WAY,1,Non-Landed Properties,2,"8,400",90 to 100,"1,000 to 1,100",May-26
MARINA ONE RESIDENCES,MARINA WAY,1,Non-Landed Properties,1,"4,450",60 to 70,600 to 700,May-26
MARINA ONE RESIDENCES,MARINA WAY,1,Non-Landed Properties,2,"8,100",100 to 110,"1,100 to 1,200",May-26
MARINA ONE RESIDENCES,MARINA WAY,1,Non-Landed Properties,1,"5,900",60 to 70,700 to 800,May-26
MARINA ONE RESIDENCES,MARINA WAY,1,Non-Landed Properties,2,"7,500",100 to 110,"1,100 to 1,200",May-26
MARINA ONE RESIDENCES,MARINA WAY,1,Non-Landed Properties,1,"4,500",60 to 70,600 to 700,May-26
MARINA ONE RESIDENCES,MARINA WAY,1,Non-Landed Properties,1,"4,500",60 to 70,700 to 800,May-26
MARINA ONE RESIDENCES,MARINA WAY,1,Non-Landed Properties,2,"7,800",100 to 110,"1,100 to 1,200",May-26
MARINA ONE RESIDENCES,MARINA WAY,1,Non-Landed Properties,1,"4,500",60 to 70,600 to 700,May-26
MARINA ONE RESIDENCES,MARINA WAY,1,Non-Landed Properties,1,"5,000",60 to 70,700 to 800,May-26
MARINA ONE RESIDENCES,MARINA WAY,1,Non-Landed Properties,2,"7,500",110 to 120,"1,200 to 1,300",May-26
MARINA ONE RESIDENCES,MARINA WAY,1,Non-Landed Properties,2,"7,800",100 to 110,"1,100 to 1,200",May-26
MARINA ONE RESIDENCES,MARINA WAY,1,Non-Landed Properties,2,"8,000",110 to 120,"1,200 to 1,300",May-26
MARINA ONE RESIDENCES,MARINA WAY,1,Non-Landed Properties,1,"4,400",60 to 70,700 to 800,May-26
MARINA ONE RESIDENCES,MARINA WAY,1,Non-Landed Properties,3,"9,500",140 to 150,"1,500 to 1,600",May-26
MARINA ONE RESIDENCES,MARINA WAY,1,Non-Landed Properties,2,"7,600",100 to 110,"1,100 to 1,200",May-26
MARINA ONE RESIDENCES,MARINA WAY,1,Non-Landed Properties,1,"5,950",60 to 70,700 to 800,May-26
MARINA ONE RESIDENCES,MARINA WAY,1,Non-Landed Properties,2,"8,400",100 to 110,"1,100 to 1,200",May-26
MARINA ONE RESIDENCES,MARINA WAY,1,Non-Landed Properties,1,"4,500",60 to 70,700 to 800,May-26
MARINA ONE RESIDENCES,MARINA WAY,1,Non-Landed Properties,2,"6,500",90 to 100,"1,000 to 1,100",May-26
MARINA ONE RESIDENCES,MARINA WAY,1,Non-Landed Properties,2,"7,800",100 to 110,"1,100 to 1,200",May-26
MARINA ONE RESIDENCES,MARINA WAY,1,Non-Landed Properties,1,"4,700",60 to 70,700 to 800,May-26
MARINA ONE RESIDENCES,MARINA WAY,1,Non-Landed Properties,1,"5,500",60 to 70,600 to 700,May-26
MARINA ONE RESIDENCES,MARINA WAY,1,Non-Landed Properties,1,"4,900",60 to 70,700 to 800,May-26
MARINA ONE RESIDENCES,MARINA WAY,1,Non-Landed Properties,2,"9,500",110 to 120,"1,200 to 1,300",May-26
MARINA ONE RESIDENCES,MARINA WAY,1,Non-Landed Properties,2,"8,400",100 to 110,"1,100 to 1,200",May-26
MARINA ONE RESIDENCES,MARINA WAY,1,Non-Landed Properties,1,"4,400",70 to 80,700 to 800,May-26
MARINA ONE RESIDENCES,MARINA WAY,1,Non-Landed Properties,1,"4,500",60 to 70,600 to 700,May-26
MARINA ONE RESIDENCES,MARINA WAY,1,Non-Landed Properties,2,"7,000",100 to 110,"1,100 to 1,200",May-26
MARINA ONE RESIDENCES,MARINA WAY,1,Non-Landed Properties,4,"17,500",200 to 210,"2,100 to 2,200",May-26
MARINA ONE RESIDENCES,MARINA WAY,1,Non-Landed Properties,1,"4,400",60 to 70,600 to 700,May-26
MARINA ONE RESIDENCES,MARINA WAY,1,Non-Landed Properties,1,"4,400",60 to 70,700 to 800,May-26
MARINA ONE RESIDENCES,MARINA WAY,1,Non-Landed Properties,2,"6,500",100 to 110,"1,100 to 1,200",May-26
THE SAIL @ MARINA BAY,MARINA BOULEVARD,1,Non-Landed Properties,1,"4,300",60 to 70,600 to 700,May-26
THE SAIL @ MARINA BAY,MARINA BOULEVARD,1,Non-Landed Properties,1,"4,000",50 to 60,600 to 700,May-26
THE SAIL @ MARINA BAY,MARINA BOULEVARD,1,Non-Landed Properties,1,"4,800",50 to 60,600 to 700,May-26
THE SAIL @ MARINA BAY,MARINA BOULEVARD,1,Non-Landed Properties,4,"9,000",150 to 160,"1,600 to 1,700",May-26
THE SAIL @ MARINA BAY,MARINA BOULEVARD,1,Non-Landed Properties,3,"7,600",120 to 130,"1,300 to 1,400",May-26
THE SAIL @ MARINA BAY,MARINA BOULEVARD,1,Non-Landed Properties,1,"4,000",60 to 70,600 to 700,May-26
THE SAIL @ MARINA BAY,MARINA BOULEVARD,1,Non-Landed Properties,1,"4,800",60 to 70,600 to 700,May-26
THE SAIL @ MARINA BAY,MARINA BOULEVARD,1,Non-Landed Properties,1,"4,500",60 to 70,600 to 700,May-26
THE SAIL @ MARINA BAY,MARINA BOULEVARD,1,Non-Landed Properties,1,"4,600",60 to 70,600 to 700,May-26
THE SAIL @ MARINA BAY,MARINA BOULEVARD,1,Non-Landed Properties,2,"6,200",70 to 80,800 to 900,May-26
THE SAIL @ MARINA BAY,MARINA BOULEVARD,1,Non-Landed Properties,1,"4,100",50 to 60,600 to 700,May-26
THE SAIL @ MARINA BAY,MARINA BOULEVARD,1,Non-Landed Properties,1,"4,500",50 to 60,600 to 700,May-26
THE SAIL @ MARINA BAY,MARINA BOULEVARD,1,Non-Landed Properties,1,"5,130",60 to 70,600 to 700,May-26
THE SAIL @ MARINA BAY,MARINA BOULEVARD,1,Non-Landed Properties,2,"6,000",70 to 80,800 to 900,May-26
THE SAIL @ MARINA BAY,MARINA BOULEVARD,1,Non-Landed Properties,1,"5,000",60 to 70,600 to 700,May-26
THE SAIL @ MARINA BAY,MARINA BOULEVARD,1,Non-Landed Properties,1,"4,200",50 to 60,600 to 700,May-26
THE SAIL @ MARINA BAY,MARINA BOULEVARD,1,Non-Landed Properties,2,"6,600",70 to 80,800 to 900,May-26
THE SAIL @ MARINA BAY,MARINA BOULEVARD,1,Non-Landed Properties,1,"4,500",50 to 60,600 to 700,May-26
THE SAIL @ MARINA BAY,MARINA BOULEVARD,1,Non-Landed Properties,1,"4,400",60 to 70,600 to 700,May-26
THE SAIL @ MARINA BAY,MARINA BOULEVARD,1,Non-Landed Properties,1,"4,600",50 to 60,600 to 700,May-26
THE SAIL @ MARINA BAY,MARINA BOULEVARD,1,Non-Landed Properties,2,"5,500",70 to 80,800 to 900,May-26
THE SAIL @ MARINA BAY,MARINA BOULEVARD,1,Non-Landed Properties,2,"7,600",80 to 90,"900 to 1,000",May-26
THE SAIL @ MARINA BAY,MARINA BOULEVARD,1,Non-Landed Properties,1,"4,100",60 to 70,600 to 700,May-26
THE SAIL @ MARINA BAY,MARINA BOULEVARD,1,Non-Landed Properties,1,"4,700",60 to 70,600 to 700,May-26
THE SAIL @ MARINA BAY,MARINA BOULEVARD,1,Non-Landed Properties,2,"6,500",80 to 90,"900 to 1,000",May-26
THE SAIL @ MARINA BAY,MARINA BOULEVARD,1,Non-Landed Properties,2,"7,500",90 to 100,"1,000 to 1,100",May-26
THE SAIL @ MARINA BAY,MARINA BOULEVARD,1,Non-Landed Properties,1,"4,100",60 to 70,600 to 700,May-26
THE SAIL @ MARINA BAY,MARINA BOULEVARD,1,Non-Landed Properties,3,"7,900",100 to 110,"1,100 to 1,200",May-26
THE SAIL @ MARINA BAY,MARINA BOULEVARD,1,Non-Landed Properties,1,"4,850",60 to 70,600 to 700,May-26
THE SAIL @ MARINA BAY,MARINA BOULEVARD,1,Non-Landed Properties,2,"6,500",80 to 90,800 to 900,May-26
THE SAIL @ MARINA BAY,MARINA BOULEVARD,1,Non-Landed Properties,1,"4,500",60 to 70,600 to 700,May-26
THE SAIL @ MARINA BAY,MARINA BOULEVARD,1,Non-Landed Properties,3,"8,000",100 to 110,"1,100 to 1,200",May-26
THE SAIL @ MARINA BAY,MARINA BOULEVARD,1,Non-Landed Properties,2,"5,800",80 to 90,800 to 900,May-26
THE SAIL @ MARINA BAY,MARINA BOULEVARD,1,Non-Landed Properties,3,"9,000",100 to 110,"1,100 to 1,200",May-26
THE SAIL @ MARINA BAY,MARINA BOULEVARD,1,Non-Landed Properties,2,"6,210",80 to 90,800 to 900,May-26
THE SAIL @ MARINA BAY,MARINA BOULEVARD,1,Non-Landed Properties,2,"7,300",80 to 90,"900 to 1,000",May-26
THE SAIL @ MARINA BAY,MARINA BOULEVARD,1,Non-Landed Properties,3,"11,000",180 to 190,"1,900 to 2,000",May-26
THE SAIL @ MARINA BAY,MARINA BOULEVARD,1,Non-Landed Properties,1,"5,400",60 to 70,600 to 700,May-26
THE SAIL @ MARINA BAY,MARINA BOULEVARD,1,Non-Landed Properties,1,"4,100",60 to 70,600 to 700,May-26
THE SAIL @ MARINA BAY,MARINA BOULEVARD,1,Non-Landed Properties,2,"6,700",90 to 100,"1,000 to 1,100",May-26
THE SAIL @ MARINA BAY,MARINA BOULEVARD,1,Non-Landed Properties,1,"5,800",60 to 70,600 to 700,May-26
THE SAIL @ MARINA BAY,MARINA BOULEVARD,1,Non-Landed Properties,1,"4,200",60 to 70,600 to 700,May-26
THE SAIL @ MARINA BAY,MARINA BOULEVARD,1,Non-Landed Properties,2,"6,000",80 to 90,800 to 900,May-26
THE RIVERSIDE PIAZZA,KENG CHEOW STREET,1,Non-Landed Properties,2,"4,150",80 to 90,"900 to 1,000",May-26
THE RIVERSIDE PIAZZA,KENG CHEOW STREET,1,Non-Landed Properties,3,"5,600",110 to 120,"1,200 to 1,300",May-26
PEOPLE'S PARK CENTRE,UPPER CROSS STREET,1,Non-Landed Properties,3,"6,000",150 to 160,"1,700 to 1,800",May-26
V ON SHENTON,SHENTON WAY,1,Non-Landed Properties,1,"4,500",60 to 70,700 to 800,May-26
V ON SHENTON,SHENTON WAY,1,Non-Landed Properties,NA,"3,300",40 to 50,400 to 500,May-26
V ON SHENTON,SHENTON WAY,1,Non-Landed Properties,2,"6,450",100 to 110,"1,000 to 1,100",May-26
V ON SHENTON,SHENTON WAY,1,Non-Landed Properties,2,"5,250",80 to 90,"900 to 1,000",May-26
V ON SHENTON,SHENTON WAY,1,Non-Landed Properties,1,"4,500",60 to 70,700 to 800,May-26
V ON SHENTON,SHENTON WAY,1,Non-Landed Properties,2,"6,100",100 to 110,"1,100 to 1,200",May-26
V ON SHENTON,SHENTON WAY,1,Non-Landed Properties,NA,"3,400",40 to 50,400 to 500,May-26
V ON SHENTON,SHENTON WAY,1,Non-Landed Properties,2,"5,600",80 to 90,"900 to 1,000",May-26
V ON SHENTON,SHENTON WAY,1,Non-Landed Properties,1,"5,000",60 to 70,700 to 800,May-26
V ON SHENTON,SHENTON WAY,1,Non-Landed Properties,1,"4,600",60 to 70,700 to 800,May-26
V ON SHENTON,SHENTON WAY,1,Non-Landed Properties,2,"7,000",110 to 120,"1,200 to 1,300",May-26
V ON SHENTON,SHENTON WAY,1,Non-Landed Properties,NA,"3,500",40 to 50,400 to 500,May-26
V ON SHENTON,SHENTON WAY,1,Non-Landed Properties,NA,"3,550",40 to 50,400 to 500,May-26
V ON SHENTON,SHENTON WAY,1,Non-Landed Properties,2,"5,400",80 to 90,"900 to 1,000",May-26
V ON SHENTON,SHENTON WAY,1,Non-Landed Properties,NA,"3,350",40 to 50,400 to 500,May-26
V ON SHENTON,SHENTON WAY,1,Non-Landed Properties,2,"6,000",90 to 100,"1,000 to 1,100",May-26
V ON SHENTON,SHENTON WAY,1,Non-Landed Properties,2,"7,000",90 to 100,"1,000 to 1,100",May-26
V ON SHENTON,SHENTON WAY,1,Non-Landed Properties,3,"11,000",160 to 170,"1,700 to 1,800",May-26
V ON SHENTON,SHENTON WAY,1,Non-Landed Properties,NA,"3,700",40 to 50,400 to 500,May-26
V ON SHENTON,SHENTON WAY,1,Non-Landed Properties,NA,"3,800",40 to 50,400 to 500,May-26
V ON SHENTON,SHENTON WAY,1,Non-Landed Properties,2,"5,400",100 to 110,"1,000 to 1,100",May-26
V ON SHENTON,SHENTON WAY,1,Non-Landed Properties,2,"6,500",80 to 90,800 to 900,May-26
V ON SHENTON,SHENTON WAY,1,Non-Landed Properties,NA,"3,700",40 to 50,400 to 500,May-26
V ON SHENTON,SHENTON WAY,1,Non-Landed Properties,2,"5,900",90 to 100,"1,000 to 1,100",May-26
V ON SHENTON,SHENTON WAY,1,Non-Landed Properties,3,"12,000",160 to 170,"1,700 to 1,800",May-26
V ON SHENTON,SHENTON WAY,1,Non-Landed Properties,NA,"3,400",40 to 50,400 to 500,May-26
V ON SHENTON,SHENTON WAY,1,Non-Landed Properties,NA,"3,500",40 to 50,400 to 500,May-26
V ON SHENTON,SHENTON WAY,1,Non-Landed Properties,1,"4,500",60 to 70,700 to 800,May-26
V ON SHENTON,SHENTON WAY,1,Non-Landed Properties,2,"6,300",80 to 90,"900 to 1,000",May-26
ROBINSON SUITES,ROBINSON ROAD,1,Non-Landed Properties,2,"4,400",50 to 60,600 to 700,May-26
ROBINSON SUITES,ROBINSON ROAD,1,Non-Landed Properties,2,"4,200",50 to 60,600 to 700,May-26
ROBINSON SUITES,ROBINSON ROAD,1,Non-Landed Properties,1,"3,700",40 to 50,400 to 500,May-26
ROBINSON SUITES,ROBINSON ROAD,1,Non-Landed Properties,1,"3,500",40 to 50,400 to 500,May-26
ROBINSON SUITES,ROBINSON ROAD,1,Non-Landed Properties,2,"4,500",50 to 60,600 to 700,May-26
ROBINSON SUITES,ROBINSON ROAD,1,Non-Landed Properties,1,"3,800",40 to 50,500 to 600,May-26
ALLAN VILLE,GEMMILL LANE,1,Non-Landed Properties,NA,"3,200",30 to 40,400 to 500,May-26
MARINA BAY SUITES,CENTRAL BOULEVARD,1,Non-Landed Properties,3,"9,500",140 to 150,"1,500 to 1,600",May-26
MARINA BAY SUITES,CENTRAL BOULEVARD,1,Non-Landed Properties,3,"9,800",140 to 150,"1,600 to 1,700",May-26
MARINA BAY SUITES,CENTRAL BOULEVARD,1,Non-Landed Properties,4,"12,000",180 to 190,"2,000 to 2,100",May-26
MARINA BAY SUITES,CENTRAL BOULEVARD,1,Non-Landed Properties,4,"16,600",180 to 190,"2,000 to 2,100",May-26
MARINA BAY SUITES,CENTRAL BOULEVARD,1,Non-Landed Properties,4,"11,500",190 to 200,"2,000 to 2,100",May-26
MARINA BAY RESIDENCES,MARINA BOULEVARD,1,Non-Landed Properties,1,"6,500",60 to 70,700 to 800,May-26
MARINA BAY RESIDENCES,MARINA BOULEVARD,1,Non-Landed Properties,2,"7,400",90 to 100,"1,000 to 1,100",May-26
MARINA BAY RESIDENCES,MARINA BOULEVARD,1,Non-Landed Properties,2,"8,000",90 to 100,"1,000 to 1,100",May-26
MARINA BAY RESIDENCES,MARINA BOULEVARD,1,Non-Landed Properties,2,"7,900",90 to 100,"1,000 to 1,100",May-26
MARINA BAY RESIDENCES,MARINA BOULEVARD,1,Non-Landed Properties,2,"8,300",100 to 110,"1,100 to 1,200",May-26
MARINA BAY RESIDENCES,MARINA BOULEVARD,1,Non-Landed Properties,1,"5,900",60 to 70,700 to 800,May-26
MARINA BAY RESIDENCES,MARINA BOULEVARD,1,Non-Landed Properties,2,"8,500",90 to 100,"1,000 to 1,100",May-26
MARINA BAY RESIDENCES,MARINA BOULEVARD,1,Non-Landed Properties,1,"6,150",60 to 70,700 to 800,May-26
MARINA BAY RESIDENCES,MARINA BOULEVARD,1,Non-Landed Properties,2,"9,100",110 to 120,"1,200 to 1,300",May-26
MARINA BAY RESIDENCES,MARINA BOULEVARD,1,Non-Landed Properties,1,"6,200",60 to 70,700 to 800,May-26
MARINA BAY RESIDENCES,MARINA BOULEVARD,1,Non-Landed Properties,2,"7,700",90 to 100,"1,000 to 1,100",May-26
MARINA BAY RESIDENCES,MARINA BOULEVARD,1,Non-Landed Properties,1,"5,250",60 to 70,700 to 800,May-26
MARINA BAY RESIDENCES,MARINA BOULEVARD,1,Non-Landed Properties,2,"7,500",90 to 100,"1,000 to 1,100",May-26
MARINA BAY RESIDENCES,MARINA BOULEVARD,1,Non-Landed Properties,3,"15,000",180 to 190,"1,900 to 2,000",May-26
MARINA BAY RESIDENCES,MARINA BOULEVARD,1,Non-Landed Properties,1,"5,900",60 to 70,700 to 800,May-26
MARINA BAY RESIDENCES,MARINA BOULEVARD,1,Non-Landed Properties,3,"11,300",150 to 160,"1,600 to 1,700",May-26
MARINA BAY RESIDENCES,MARINA BOULEVARD,1,Non-Landed Properties,2,"8,200",90 to 100,"1,000 to 1,100",May-26
MARINA BAY RESIDENCES,MARINA BOULEVARD,1,Non-Landed Properties,1,"5,800",60 to 70,700 to 800,May-26
MARINA BAY RESIDENCES,MARINA BOULEVARD,1,Non-Landed Properties,4,"19,000",220 to 230,"2,300 to 2,400",May-26
MARINA BAY RESIDENCES,MARINA BOULEVARD,1,Non-Landed Properties,2,"7,800",100 to 110,"1,100 to 1,200",May-26
MARINA BAY RESIDENCES,MARINA BOULEVARD,1,Non-Landed Properties,1,"6,500",60 to 70,700 to 800,May-26
MARINA BAY RESIDENCES,MARINA BOULEVARD,1,Non-Landed Properties,2,"9,000",90 to 100,"1,000 to 1,100",May-26
MARINA BAY RESIDENCES,MARINA BOULEVARD,1,Non-Landed Properties,1,"6,050",60 to 70,700 to 800,May-26
THE CLIFT,MCCALLUM STREET,1,Non-Landed Properties,1,"3,700",40 to 50,500 to 600,Apr-26
THE CLIFT,MCCALLUM STREET,1,Non-Landed Properties,2,"5,500",70 to 80,800 to 900,Apr-26
THE CLIFT,MCCALLUM STREET,1,Non-Landed Properties,2,"5,900",70 to 80,700 to 800,Apr-26
THE CLIFT,MCCALLUM STREET,1,Non-Landed Properties,1,"4,000",40 to 50,400 to 500,Apr-26
THE CLIFT,MCCALLUM STREET,1,Non-Landed Properties,1,"4,000",40 to 50,400 to 500,Apr-26
THE CLIFT,MCCALLUM STREET,1,Non-Landed Properties,1,"4,000",40 to 50,400 to 500,Apr-26
THE CLIFT,MCCALLUM STREET,1,Non-Landed Properties,1,"5,000",70 to 80,700 to 800,Apr-26
THE CLIFT,MCCALLUM STREET,1,Non-Landed Properties,2,"5,100",70 to 80,700 to 800,Apr-26
THE CLIFT,MCCALLUM STREET,1,Non-Landed Properties,1,"4,200",40 to 50,500 to 600,Apr-26
THE CLIFT,MCCALLUM STREET,1,Non-Landed Properties,1,"4,000",40 to 50,500 to 600,Apr-26
THE CLIFT,MCCALLUM STREET,1,Non-Landed Properties,1,"4,200",40 to 50,500 to 600,Apr-26
THE CLIFT,MCCALLUM STREET,1,Non-Landed Properties,1,"5,000",70 to 80,700 to 800,Apr-26
THE CLIFT,MCCALLUM STREET,1,Non-Landed Properties,1,"5,100",70 to 80,800 to 900,Apr-26
THE CLIFT,MCCALLUM STREET,1,Non-Landed Properties,1,"4,100",40 to 50,500 to 600,Apr-26
THE CLIFT,MCCALLUM STREET,1,Non-Landed Properties,1,"4,000",40 to 50,500 to 600,Apr-26
THE CLIFT,MCCALLUM STREET,1,Non-Landed Properties,2,"5,700",70 to 80,700 to 800,Apr-26
THE CLIFT,MCCALLUM STREET,1,Non-Landed Properties,1,"4,400",40 to 50,500 to 600,Apr-26
ONE SHENTON,SHENTON WAY,1,Non-Landed Properties,1,"4,900",70 to 80,800 to 900,Apr-26
ONE SHENTON,SHENTON WAY,1,Non-Landed Properties,3,"8,000",140 to 150,"1,500 to 1,600",Apr-26
ONE SHENTON,SHENTON WAY,1,Non-Landed Properties,1,"3,800",50 to 60,500 to 600,Apr-26
ONE SHENTON,SHENTON WAY,1,Non-Landed Properties,2,"6,900",100 to 110,"1,100 to 1,200",Apr-26
ONE SHENTON,SHENTON WAY,1,Non-Landed Properties,1,"5,500",80 to 90,"900 to 1,000",Apr-26
ONE SHENTON,SHENTON WAY,1,Non-Landed Properties,1,"5,000",70 to 80,800 to 900,Apr-26
ONE SHENTON,SHENTON WAY,1,Non-Landed Properties,1,"3,900",50 to 60,500 to 600,Apr-26
ONE SHENTON,SHENTON WAY,1,Non-Landed Properties,2,"6,900",100 to 110,"1,100 to 1,200",Apr-26
ONE SHENTON,SHENTON WAY,1,Non-Landed Properties,1,"4,500",50 to 60,500 to 600,Apr-26
ONE SHENTON,SHENTON WAY,1,Non-Landed Properties,1,"4,350",50 to 60,500 to 600,Apr-26
ONE SHENTON,SHENTON WAY,1,Non-Landed Properties,1,"4,500",50 to 60,500 to 600,Apr-26
ONE SHENTON,SHENTON WAY,1,Non-Landed Properties,1,"4,200",40 to 50,500 to 600,Apr-26
ONE SHENTON,SHENTON WAY,1,Non-Landed Properties,1,"4,200",40 to 50,500 to 600,Apr-26
ONE SHENTON,SHENTON WAY,1,Non-Landed Properties,1,"4,200",50 to 60,600 to 700,Apr-26
ONE SHENTON,SHENTON WAY,1,Non-Landed Properties,1,"4,800",70 to 80,800 to 900,Apr-26
ONE SHENTON,SHENTON WAY,1,Non-Landed Properties,1,"4,100",50 to 60,500 to 600,Apr-26
ONE SHENTON,SHENTON WAY,1,Non-Landed Properties,1,"4,300",40 to 50,500 to 600,Apr-26
ONE SHENTON,SHENTON WAY,1,Non-Landed Properties,1,"4,700",40 to 50,500 to 600,Apr-26
PEOPLE'S PARK COMPLEX,PARK ROAD,1,Non-Landed Properties,3,"2,949",100 to 110,"1,100 to 1,200",Apr-26
PEOPLE'S PARK COMPLEX,PARK ROAD,1,Non-Landed Properties,1,"2,500",40 to 50,400 to 500,Apr-26
PEOPLE'S PARK COMPLEX,PARK ROAD,1,Non-Landed Properties,1,"3,000",40 to 50,400 to 500,Apr-26
PEOPLE'S PARK COMPLEX,PARK ROAD,1,Non-Landed Properties,3,"4,500",100 to 110,"1,100 to 1,200",Apr-26
PEOPLE'S PARK COMPLEX,PARK ROAD,1,Non-Landed Properties,1,"3,000",30 to 40,400 to 500,Apr-26
PEOPLE'S PARK COMPLEX,PARK ROAD,1,Non-Landed Properties,1,"2,600",30 to 40,400 to 500,Apr-26
PEOPLE'S PARK COMPLEX,PARK ROAD,1,Non-Landed Properties,3,"5,000",100 to 110,"1,100 to 1,200",Apr-26
PEOPLE'S PARK COMPLEX,PARK ROAD,1,Non-Landed Properties,NA,"4,000",100 to 110,"1,100 to 1,200",Apr-26
EMERALD GARDEN,CLUB STREET,1,Non-Landed Properties,2,"5,200",90 to 100,"1,000 to 1,100",Apr-26
EMERALD GARDEN,CLUB STREET,1,Non-Landed Properties,2,"5,600",80 to 90,"900 to 1,000",Apr-26
EMERALD GARDEN,CLUB STREET,1,Non-Landed Properties,2,"5,000",80 to 90,"900 to 1,000",Apr-26
EMERALD GARDEN,CLUB STREET,1,Non-Landed Properties,2,"5,200",90 to 100,"1,000 to 1,100",Apr-26
EMERALD GARDEN,CLUB STREET,1,Non-Landed Properties,1,"4,300",70 to 80,800 to 900,Apr-26
EMERALD GARDEN,CLUB STREET,1,Non-Landed Properties,2,"5,000",80 to 90,"900 to 1,000",Apr-26
EMERALD GARDEN,CLUB STREET,1,Non-Landed Properties,2,"5,600",100 to 110,"1,100 to 1,200",Apr-26
EMERALD GARDEN,CLUB STREET,1,Non-Landed Properties,2,"5,000",90 to 100,"900 to 1,000",Apr-26
MARINA ONE RESIDENCES,MARINA WAY,1,Non-Landed Properties,3,"11,800",140 to 150,"1,500 to 1,600",Apr-26
MARINA ONE RESIDENCES,MARINA WAY,1,Non-Landed Properties,1,"4,700",60 to 70,600 to 700,Apr-26
MARINA ONE RESIDENCES,MARINA WAY,1,Non-Landed Properties,1,"4,500",60 to 70,700 to 800,Apr-26
MARINA ONE RESIDENCES,MARINA WAY,1,Non-Landed Properties,2,"6,800",90 to 100,"1,000 to 1,100",Apr-26
MARINA ONE RESIDENCES,MARINA WAY,1,Non-Landed Properties,1,"4,700",60 to 70,700 to 800,Apr-26
MARINA ONE RESIDENCES,MARINA WAY,1,Non-Landed Properties,2,"7,500",100 to 110,"1,100 to 1,200",Apr-26
MARINA ONE RESIDENCES,MARINA WAY,1,Non-Landed Properties,1,"4,300",60 to 70,700 to 800,Apr-26
MARINA ONE RESIDENCES,MARINA WAY,1,Non-Landed Properties,2,"7,300",100 to 110,"1,100 to 1,200",Apr-26
MARINA ONE RESIDENCES,MARINA WAY,1,Non-Landed Properties,1,"4,500",70 to 80,700 to 800,Apr-26
MARINA ONE RESIDENCES,MARINA WAY,1,Non-Landed Properties,1,"4,400",60 to 70,600 to 700,Apr-26
MARINA ONE RESIDENCES,MARINA WAY,1,Non-Landed Properties,1,"5,000",60 to 70,700 to 800,Apr-26
MARINA ONE RESIDENCES,MARINA WAY,1,Non-Landed Properties,2,"7,800",90 to 100,"1,000 to 1,100",Apr-26
MARINA ONE RESIDENCES,MARINA WAY,1,Non-Landed Properties,1,"4,400",60 to 70,700 to 800,Apr-26
MARINA ONE RESIDENCES,MARINA WAY,1,Non-Landed Properties,1,"5,050",60 to 70,700 to 800,Apr-26
MARINA ONE RESIDENCES,MARINA WAY,1,Non-Landed Properties,2,"6,500",100 to 110,"1,100 to 1,200",Apr-26
MARINA ONE RESIDENCES,MARINA WAY,1,Non-Landed Properties,3,"13,200",140 to 150,"1,500 to 1,600",Apr-26
MARINA ONE RESIDENCES,MARINA WAY,1,Non-Landed Properties,2,"8,200",100 to 110,"1,100 to 1,200",Apr-26
MARINA ONE RESIDENCES,MARINA WAY,1,Non-Landed Properties,1,"4,500",60 to 70,600 to 700,Apr-26
MARINA ONE RESIDENCES,MARINA WAY,1,Non-Landed Properties,1,"4,500",60 to 70,700 to 800,Apr-26
MARINA ONE RESIDENCES,MARINA WAY,1,Non-Landed Properties,1,"4,500",60 to 70,700 to 800,Apr-26
MARINA ONE RESIDENCES,MARINA WAY,1,Non-Landed Properties,3,"10,500",130 to 140,"1,500 to 1,600",Apr-26
MARINA ONE RESIDENCES,MARINA WAY,1,Non-Landed Properties,1,"4,500",60 to 70,600 to 700,Apr-26
MARINA ONE RESIDENCES,MARINA WAY,1,Non-Landed Properties,1,"5,000",60 to 70,700 to 800,Apr-26
MARINA ONE RESIDENCES,MARINA WAY,1,Non-Landed Properties,1,"4,900",60 to 70,700 to 800,Apr-26
MARINA ONE RESIDENCES,MARINA WAY,1,Non-Landed Properties,1,"4,500",60 to 70,600 to 700,Apr-26
MARINA ONE RESIDENCES,MARINA WAY,1,Non-Landed Properties,2,"7,700",100 to 110,"1,100 to 1,200",Apr-26
MARINA ONE RESIDENCES,MARINA WAY,1,Non-Landed Properties,4,"17,000",200 to 210,"2,100 to 2,200",Apr-26
MARINA ONE RESIDENCES,MARINA WAY,1,Non-Landed Properties,1,"4,300",60 to 70,600 to 700,Apr-26
MARINA ONE RESIDENCES,MARINA WAY,1,Non-Landed Properties,1,"5,000",60 to 70,600 to 700,Apr-26
MARINA ONE RESIDENCES,MARINA WAY,1,Non-Landed Properties,1,"4,900",60 to 70,600 to 700,Apr-26
MARINA ONE RESIDENCES,MARINA WAY,1,Non-Landed Properties,1,"4,600",60 to 70,700 to 800,Apr-26
MARINA ONE RESIDENCES,MARINA WAY,1,Non-Landed Properties,2,"6,500",90 to 100,"1,000 to 1,100",Apr-26
MARINA ONE RESIDENCES,MARINA WAY,1,Non-Landed Properties,2,"7,800",100 to 110,"1,100 to 1,200",Apr-26
MARINA ONE RESIDENCES,MARINA WAY,1,Non-Landed Properties,1,"4,800",60 to 70,600 to 700,Apr-26
MARINA ONE RESIDENCES,MARINA WAY,1,Non-Landed Properties,1,"5,300",60 to 70,700 to 800,Apr-26
MARINA ONE RESIDENCES,MARINA WAY,1,Non-Landed Properties,1,"4,300",60 to 70,700 to 800,Apr-26
MARINA ONE RESIDENCES,MARINA WAY,1,Non-Landed Properties,1,"5,500",70 to 80,700 to 800,Apr-26
MARINA ONE RESIDENCES,MARINA WAY,1,Non-Landed Properties,1,"5,800",60 to 70,700 to 800,Apr-26
MARINA ONE RESIDENCES,MARINA WAY,1,Non-Landed Properties,1,"4,650",60 to 70,600 to 700,Apr-26
MARINA ONE RESIDENCES,MARINA WAY,1,Non-Landed Properties,1,"4,960",60 to 70,700 to 800,Apr-26
MARINA ONE RESIDENCES,MARINA WAY,1,Non-Landed Properties,3,"10,200",140 to 150,"1,500 to 1,600",Apr-26
MARINA ONE RESIDENCES,MARINA WAY,1,Non-Landed Properties,1,"5,000",60 to 70,700 to 800,Apr-26
MARINA ONE RESIDENCES,MARINA WAY,1,Non-Landed Properties,2,"7,800",100 to 110,"1,100 to 1,200",Apr-26
MARINA ONE RESIDENCES,MARINA WAY,1,Non-Landed Properties,2,"8,000",100 to 110,"1,100 to 1,200",Apr-26
MARINA ONE RESIDENCES,MARINA WAY,1,Non-Landed Properties,2,"7,000",90 to 100,"1,000 to 1,100",Apr-26
MARINA ONE RESIDENCES,MARINA WAY,1,Non-Landed Properties,1,"4,500",60 to 70,700 to 800,Apr-26
MARINA ONE RESIDENCES,MARINA WAY,1,Non-Landed Properties,4,"20,000",180 to 190,"2,000 to 2,100",Apr-26
MARINA ONE RESIDENCES,MARINA WAY,1,Non-Landed Properties,3,"14,000",140 to 150,"1,500 to 1,600",Apr-26
MARINA ONE RESIDENCES,MARINA WAY,1,Non-Landed Properties,2,"8,200",100 to 110,"1,100 to 1,200",Apr-26
MARINA ONE RESIDENCES,MARINA WAY,1,Non-Landed Properties,1,"6,500",60 to 70,700 to 800,Apr-26
MARINA ONE RESIDENCES,MARINA WAY,1,Non-Landed Properties,3,"10,500",140 to 150,"1,500 to 1,600",Apr-26
MARINA ONE RESIDENCES,MARINA WAY,1,Non-Landed Properties,1,"6,000",60 to 70,700 to 800,Apr-26
MARINA ONE RESIDENCES,MARINA WAY,1,Non-Landed Properties,3,"10,500",140 to 150,"1,500 to 1,600",Apr-26
MARINA ONE RESIDENCES,MARINA WAY,1,Non-Landed Properties,3,"10,000",140 to 150,"1,500 to 1,600",Apr-26
MARINA ONE RESIDENCES,MARINA WAY,1,Non-Landed Properties,1,"4,600",70 to 80,700 to 800,Apr-26
MARINA ONE RESIDENCES,MARINA WAY,1,Non-Landed Properties,2,"9,000",100 to 110,"1,100 to 1,200",Apr-26
MARINA ONE RESIDENCES,MARINA WAY,1,Non-Landed Properties,1,"4,600",70 to 80,700 to 800,Apr-26
MARINA ONE RESIDENCES,MARINA WAY,1,Non-Landed Properties,1,"4,700",60 to 70,600 to 700,Apr-26
MARINA ONE RESIDENCES,MARINA WAY,1,Non-Landed Properties,1,"5,500",60 to 70,700 to 800,Apr-26
THE SAIL @ MARINA BAY,MARINA BOULEVARD,1,Non-Landed Properties,3,"9,300",140 to 150,"1,500 to 1,600",Apr-26
THE SAIL @ MARINA BAY,MARINA BOULEVARD,1,Non-Landed Properties,1,"4,900",50 to 60,600 to 700,Apr-26
THE SAIL @ MARINA BAY,MARINA BOULEVARD,1,Non-Landed Properties,2,"6,500",70 to 80,800 to 900,Apr-26
THE SAIL @ MARINA BAY,MARINA BOULEVARD,1,Non-Landed Properties,2,"6,000",70 to 80,800 to 900,Apr-26
THE SAIL @ MARINA BAY,MARINA BOULEVARD,1,Non-Landed Properties,1,"5,000",60 to 70,600 to 700,Apr-26
THE SAIL @ MARINA BAY,MARINA BOULEVARD,1,Non-Landed Properties,1,"6,250",50 to 60,600 to 700,Apr-26
THE SAIL @ MARINA BAY,MARINA BOULEVARD,1,Non-Landed Properties,1,"4,250",50 to 60,600 to 700,Apr-26
THE SAIL @ MARINA BAY,MARINA BOULEVARD,1,Non-Landed Properties,1,"4,350",50 to 60,600 to 700,Apr-26
THE SAIL @ MARINA BAY,MARINA BOULEVARD,1,Non-Landed Properties,3,"7,500",120 to 130,"1,300 to 1,400",Apr-26
THE SAIL @ MARINA BAY,MARINA BOULEVARD,1,Non-Landed Properties,2,"8,000",70 to 80,800 to 900,Apr-26
THE SAIL @ MARINA BAY,MARINA BOULEVARD,1,Non-Landed Properties,1,"5,100",50 to 60,600 to 700,Apr-26
THE SAIL @ MARINA BAY,MARINA BOULEVARD,1,Non-Landed Properties,1,"4,100",50 to 60,600 to 700,Apr-26
THE SAIL @ MARINA BAY,MARINA BOULEVARD,1,Non-Landed Properties,3,"7,800",120 to 130,"1,300 to 1,400",Apr-26
THE SAIL @ MARINA BAY,MARINA BOULEVARD,1,Non-Landed Properties,1,"4,600",60 to 70,600 to 700,Apr-26
THE SAIL @ MARINA BAY,MARINA BOULEVARD,1,Non-Landed Properties,2,"6,000",70 to 80,800 to 900,Apr-26
THE SAIL @ MARINA BAY,MARINA BOULEVARD,1,Non-Landed Properties,2,"3,400",80 to 90,800 to 900,Apr-26
THE SAIL @ MARINA BAY,MARINA BOULEVARD,1,Non-Landed Properties,2,"7,000",90 to 100,"1,000 to 1,100",Apr-26
THE SAIL @ MARINA BAY,MARINA BOULEVARD,1,Non-Landed Properties,4,"20,000",>300,>3000,Apr-26
THE SAIL @ MARINA BAY,MARINA BOULEVARD,1,Non-Landed Properties,2,"7,500",80 to 90,"900 to 1,000",Apr-26
THE SAIL @ MARINA BAY,MARINA BOULEVARD,1,Non-Landed Properties,1,"4,350",60 to 70,600 to 700,Apr-26
THE SAIL @ MARINA BAY,MARINA BOULEVARD,1,Non-Landed Properties,1,"3,600",60 to 70,600 to 700,Apr-26
THE SAIL @ MARINA BAY,MARINA BOULEVARD,1,Non-Landed Properties,2,"8,000",90 to 100,"1,000 to 1,100",Apr-26
THE SAIL @ MARINA BAY,MARINA BOULEVARD,1,Non-Landed Properties,3,"8,500",160 to 170,"1,700 to 1,800",Apr-26
THE SAIL @ MARINA BAY,MARINA BOULEVARD,1,Non-Landed Properties,1,"3,600",50 to 60,500 to 600,Apr-26
THE SAIL @ MARINA BAY,MARINA BOULEVARD,1,Non-Landed Properties,1,"5,400",60 to 70,600 to 700,Apr-26
THE SAIL @ MARINA BAY,MARINA BOULEVARD,1,Non-Landed Properties,2,"6,800",80 to 90,800 to 900,Apr-26
THE SAIL @ MARINA BAY,MARINA BOULEVARD,1,Non-Landed Properties,1,"4,800",50 to 60,500 to 600,Apr-26
THE SAIL @ MARINA BAY,MARINA BOULEVARD,1,Non-Landed Properties,2,"6,500",80 to 90,800 to 900,Apr-26
THE SAIL @ MARINA BAY,MARINA BOULEVARD,1,Non-Landed Properties,2,"7,300",90 to 100,"1,000 to 1,100",Apr-26
THE SAIL @ MARINA BAY,MARINA BOULEVARD,1,Non-Landed Properties,1,"3,900",60 to 70,600 to 700,Apr-26
THE SAIL @ MARINA BAY,MARINA BOULEVARD,1,Non-Landed Properties,1,"5,800",60 to 70,600 to 700,Apr-26
THE SAIL @ MARINA BAY,MARINA BOULEVARD,1,Non-Landed Properties,2,"7,600",90 to 100,"1,000 to 1,100",Apr-26
THE SAIL @ MARINA BAY,MARINA BOULEVARD,1,Non-Landed Properties,1,"5,000",60 to 70,600 to 700,Apr-26
THE SAIL @ MARINA BAY,MARINA BOULEVARD,1,Non-Landed Properties,2,"7,300",90 to 100,"1,000 to 1,100",Apr-26
THE SAIL @ MARINA BAY,MARINA BOULEVARD,1,Non-Landed Properties,2,"4,500",80 to 90,800 to 900,Apr-26
THE SAIL @ MARINA BAY,MARINA BOULEVARD,1,Non-Landed Properties,2,"6,800",80 to 90,"900 to 1,000",Apr-26
THE SAIL @ MARINA BAY,MARINA BOULEVARD,1,Non-Landed Properties,4,"12,000",180 to 190,"2,000 to 2,100",Apr-26
THE SAIL @ MARINA BAY,MARINA BOULEVARD,1,Non-Landed Properties,3,"11,000",170 to 180,"1,800 to 1,900",Apr-26
THE SAIL @ MARINA BAY,MARINA BOULEVARD,1,Non-Landed Properties,2,"5,600",80 to 90,800 to 900,Apr-26
THE SAIL @ MARINA BAY,MARINA BOULEVARD,1,Non-Landed Properties,2,"3,300",80 to 90,800 to 900,Apr-26
THE SAIL @ MARINA BAY,MARINA BOULEVARD,1,Non-Landed Properties,2,"6,300",80 to 90,800 to 900,Apr-26
THE SAIL @ MARINA BAY,MARINA BOULEVARD,1,Non-Landed Properties,3,"8,000",100 to 110,"1,100 to 1,200",Apr-26
THE SAIL @ MARINA BAY,MARINA BOULEVARD,1,Non-Landed Properties,2,"6,800",80 to 90,800 to 900,Apr-26
THE SAIL @ MARINA BAY,MARINA BOULEVARD,1,Non-Landed Properties,2,"6,000",80 to 90,800 to 900,Apr-26
THE SAIL @ MARINA BAY,MARINA BOULEVARD,1,Non-Landed Properties,2,"5,800",80 to 90,800 to 900,Apr-26
THE SAIL @ MARINA BAY,MARINA BOULEVARD,1,Non-Landed Properties,4,"13,650",190 to 200,"2,100 to 2,200",Apr-26
THE SAIL @ MARINA BAY,MARINA BOULEVARD,1,Non-Landed Properties,1,"5,800",60 to 70,600 to 700,Apr-26
THE SAIL @ MARINA BAY,MARINA BOULEVARD,1,Non-Landed Properties,1,"4,200",50 to 60,500 to 600,Apr-26
THE SAIL @ MARINA BAY,MARINA BOULEVARD,1,Non-Landed Properties,2,"6,800",80 to 90,800 to 900,Apr-26
THE SAIL @ MARINA BAY,MARINA BOULEVARD,1,Non-Landed Properties,1,"4,200",60 to 70,600 to 700,Apr-26
THE SAIL @ MARINA BAY,MARINA BOULEVARD,1,Non-Landed Properties,1,"5,600",60 to 70,600 to 700,Apr-26
THE SAIL @ MARINA BAY,MARINA BOULEVARD,1,Non-Landed Properties,2,"7,200",90 to 100,"1,000 to 1,100",Apr-26
PEOPLE'S PARK CENTRE,UPPER CROSS STREET,1,Non-Landed Properties,3,"4,250",160 to 170,"1,700 to 1,800",Apr-26
V ON SHENTON,SHENTON WAY,1,Non-Landed Properties,2,"6,900",110 to 120,"1,200 to 1,300",Apr-26
V ON SHENTON,SHENTON WAY,1,Non-Landed Properties,2,"6,200",90 to 100,"1,000 to 1,100",Apr-26
V ON SHENTON,SHENTON WAY,1,Non-Landed Properties,NA,"3,500",40 to 50,400 to 500,Apr-26
V ON SHENTON,SHENTON WAY,1,Non-Landed Properties,3,"11,000",160 to 170,"1,700 to 1,800",Apr-26
V ON SHENTON,SHENTON WAY,1,Non-Landed Properties,NA,"3,400",40 to 50,400 to 500,Apr-26
V ON SHENTON,SHENTON WAY,1,Non-Landed Properties,3,"7,600",140 to 150,"1,500 to 1,600",Apr-26
V ON SHENTON,SHENTON WAY,1,Non-Landed Properties,1,"4,750",60 to 70,700 to 800,Apr-26
V ON SHENTON,SHENTON WAY,1,Non-Landed Properties,2,"6,800",90 to 100,"1,000 to 1,100",Apr-26
V ON SHENTON,SHENTON WAY,1,Non-Landed Properties,1,"3,600",40 to 50,400 to 500,Apr-26
V ON SHENTON,SHENTON WAY,1,Non-Landed Properties,2,"6,500",90 to 100,"1,000 to 1,100",Apr-26
V ON SHENTON,SHENTON WAY,1,Non-Landed Properties,NA,"3,500",40 to 50,400 to 500,Apr-26
V ON SHENTON,SHENTON WAY,1,Non-Landed Properties,1,"4,500",60 to 70,700 to 800,Apr-26
V ON SHENTON,SHENTON WAY,1,Non-Landed Properties,NA,"3,600",40 to 50,400 to 500,Apr-26
V ON SHENTON,SHENTON WAY,1,Non-Landed Properties,2,"6,300",80 to 90,"900 to 1,000",Apr-26
V ON SHENTON,SHENTON WAY,1,Non-Landed Properties,2,"6,600",100 to 110,"1,100 to 1,200",Apr-26
V ON SHENTON,SHENTON WAY,1,Non-Landed Properties,3,"9,000",140 to 150,"1,500 to 1,600",Apr-26
V ON SHENTON,SHENTON WAY,1,Non-Landed Properties,2,"5,500",100 to 110,"1,000 to 1,100",Apr-26
V ON SHENTON,SHENTON WAY,1,Non-Landed Properties,2,"5,500",80 to 90,"900 to 1,000",Apr-26
V ON SHENTON,SHENTON WAY,1,Non-Landed Properties,2,"5,900",80 to 90,"900 to 1,000",Apr-26
V ON SHENTON,SHENTON WAY,1,Non-Landed Properties,3,"8,500",140 to 150,"1,500 to 1,600",Apr-26
V ON SHENTON,SHENTON WAY,1,Non-Landed Properties,1,"4,500",40 to 50,400 to 500,Apr-26
V ON SHENTON,SHENTON WAY,1,Non-Landed Properties,2,"6,550",100 to 110,"1,000 to 1,100",Apr-26
V ON SHENTON,SHENTON WAY,1,Non-Landed Properties,2,"6,000",100 to 110,"1,100 to 1,200",Apr-26
V ON SHENTON,SHENTON WAY,1,Non-Landed Properties,1,"4,200",60 to 70,700 to 800,Apr-26
V ON SHENTON,SHENTON WAY,1,Non-Landed Properties,1,"4,500",60 to 70,700 to 800,Apr-26
ROBINSON SUITES,ROBINSON ROAD,1,Non-Landed Properties,1,"4,000",40 to 50,500 to 600,Apr-26
ROBINSON SUITES,ROBINSON ROAD,1,Non-Landed Properties,2,"4,000",50 to 60,600 to 700,Apr-26
ROBINSON SUITES,ROBINSON ROAD,1,Non-Landed Properties,1,"3,600",40 to 50,400 to 500,Apr-26
ROBINSON SUITES,ROBINSON ROAD,1,Non-Landed Properties,1,"4,000",40 to 50,400 to 500,Apr-26
ROBINSON SUITES,ROBINSON ROAD,1,Non-Landed Properties,1,"3,500",40 to 50,400 to 500,Apr-26
ROBINSON SUITES,ROBINSON ROAD,1,Non-Landed Properties,1,"4,200",40 to 50,400 to 500,Apr-26
ROBINSON SUITES,ROBINSON ROAD,1,Non-Landed Properties,1,"3,800",40 to 50,400 to 500,Apr-26
ROBINSON SUITES,ROBINSON ROAD,1,Non-Landed Properties,2,"4,200",50 to 60,600 to 700,Apr-26
ROBINSON SUITES,ROBINSON ROAD,1,Non-Landed Properties,2,"4,000",50 to 60,600 to 700,Apr-26
ROBINSON SUITES,ROBINSON ROAD,1,Non-Landed Properties,2,"4,300",50 to 60,600 to 700,Apr-26
ROBINSON SUITES,ROBINSON ROAD,1,Non-Landed Properties,1,"3,500",40 to 50,400 to 500,Apr-26
ROBINSON SUITES,ROBINSON ROAD,1,Non-Landed Properties,1,"3,800",40 to 50,400 to 500,Apr-26
ROBINSON SUITES,ROBINSON ROAD,1,Non-Landed Properties,2,"4,050",50 to 60,600 to 700,Apr-26
ROBINSON SUITES,ROBINSON ROAD,1,Non-Landed Properties,2,"3,900",50 to 60,600 to 700,Apr-26
ALLAN VILLE,GEMMILL LANE,1,Non-Landed Properties,NA,"4,200",50 to 60,600 to 700,Apr-26
MARINA BAY SUITES,CENTRAL BOULEVARD,1,Non-Landed Properties,4,"17,500",240 to 250,"2,600 to 2,700",Apr-26
MARINA BAY SUITES,CENTRAL BOULEVARD,1,Non-Landed Properties,4,"13,500",180 to 190,"2,000 to 2,100",Apr-26
MARINA BAY SUITES,CENTRAL BOULEVARD,1,Non-Landed Properties,3,"9,700",140 to 150,"1,500 to 1,600",Apr-26
MARINA BAY SUITES,CENTRAL BOULEVARD,1,Non-Landed Properties,3,"9,500",140 to 150,"1,600 to 1,700",Apr-26
MARINA BAY SUITES,CENTRAL BOULEVARD,1,Non-Landed Properties,4,"13,000",190 to 200,"2,000 to 2,100",Apr-26
MARINA BAY SUITES,CENTRAL BOULEVARD,1,Non-Landed Properties,4,"16,000",240 to 250,"2,600 to 2,700",Apr-26
MARINA BAY SUITES,CENTRAL BOULEVARD,1,Non-Landed Properties,4,"14,000",240 to 250,"2,600 to 2,700",Apr-26
MARINA BAY SUITES,CENTRAL BOULEVARD,1,Non-Landed Properties,4,"12,200",190 to 200,"2,000 to 2,100",Apr-26
RIVERWALK APARTMENTS,UPPER CIRCULAR ROAD,1,Non-Landed Properties,2,"6,550",110 to 120,"1,200 to 1,300",Apr-26
RIVERWALK APARTMENTS,UPPER CIRCULAR ROAD,1,Non-Landed Properties,NA,"13,600",>300,>3000,Apr-26
RIVERWALK APARTMENTS,UPPER CIRCULAR ROAD,1,Non-Landed Properties,NA,"4,100",70 to 80,800 to 900,Apr-26
RIVERWALK APARTMENTS,UPPER CIRCULAR ROAD,1,Non-Landed Properties,NA,"4,100",70 to 80,800 to 900,Apr-26
MARINA BAY RESIDENCES,MARINA BOULEVARD,1,Non-Landed Properties,2,"8,400",110 to 120,"1,200 to 1,300",Apr-26
MARINA BAY RESIDENCES,MARINA BOULEVARD,1,Non-Landed Properties,1,"7,000",60 to 70,700 to 800,Apr-26
MARINA BAY RESIDENCES,MARINA BOULEVARD,1,Non-Landed Properties,1,"5,800",60 to 70,700 to 800,Apr-26
MARINA BAY RESIDENCES,MARINA BOULEVARD,1,Non-Landed Properties,3,"12,800",150 to 160,"1,600 to 1,700",Apr-26
MARINA BAY RESIDENCES,MARINA BOULEVARD,1,Non-Landed Properties,2,"7,800",100 to 110,"1,100 to 1,200",Apr-26
MARINA BAY RESIDENCES,MARINA BOULEVARD,1,Non-Landed Properties,1,"5,850",60 to 70,700 to 800,Apr-26
MARINA BAY RESIDENCES,MARINA BOULEVARD,1,Non-Landed Properties,5,"50,000",>300,>3000,Apr-26
MARINA BAY RESIDENCES,MARINA BOULEVARD,1,Non-Landed Properties,2,"8,000",90 to 100,"1,000 to 1,100",Apr-26
MARINA BAY RESIDENCES,MARINA BOULEVARD,1,Non-Landed Properties,1,"5,700",60 to 70,700 to 800,Apr-26
MARINA BAY RESIDENCES,MARINA BOULEVARD,1,Non-Landed Properties,2,"7,800",90 to 100,"1,000 to 1,100",Apr-26
MARINA BAY RESIDENCES,MARINA BOULEVARD,1,Non-Landed Properties,4,"15,000",210 to 220,"2,300 to 2,400",Apr-26
MARINA BAY RESIDENCES,MARINA BOULEVARD,1,Non-Landed Properties,1,"5,400",60 to 70,700 to 800,Apr-26
MARINA BAY RESIDENCES,MARINA BOULEVARD,1,Non-Landed Properties,2,"7,500",90 to 100,"900 to 1,000",Apr-26
MARINA BAY RESIDENCES,MARINA BOULEVARD,1,Non-Landed Properties,1,"5,400",60 to 70,700 to 800,Apr-26
MARINA BAY RESIDENCES,MARINA BOULEVARD,1,Non-Landed Properties,1,"5,800",60 to 70,700 to 800,Apr-26
THE CLIFT,MCCALLUM STREET,1,Non-Landed Properties,1,"5,550",70 to 80,700 to 800,Mar-26
THE CLIFT,MCCALLUM STREET,1,Non-Landed Properties,2,"5,200",70 to 80,700 to 800,Mar-26
THE CLIFT,MCCALLUM STREET,1,Non-Landed Properties,1,"4,000",40 to 50,500 to 600,Mar-26
THE CLIFT,MCCALLUM STREET,1,Non-Landed Properties,1,"5,200",70 to 80,800 to 900,Mar-26
THE CLIFT,MCCALLUM STREET,1,Non-Landed Properties,1,"4,000",40 to 50,500 to 600,Mar-26
THE CLIFT,MCCALLUM STREET,1,Non-Landed Properties,1,"5,550",70 to 80,800 to 900,Mar-26
THE CLIFT,MCCALLUM STREET,1,Non-Landed Properties,2,"5,400",70 to 80,800 to 900,Mar-26
THE CLIFT,MCCALLUM STREET,1,Non-Landed Properties,2,"5,100",70 to 80,700 to 800,Mar-26
THE CLIFT,MCCALLUM STREET,1,Non-Landed Properties,2,"5,500",70 to 80,700 to 800,Mar-26
THE CLIFT,MCCALLUM STREET,1,Non-Landed Properties,2,"4,500",70 to 80,700 to 800,Mar-26
THE CLIFT,MCCALLUM STREET,1,Non-Landed Properties,1,"5,650",70 to 80,700 to 800,Mar-26
THE CLIFT,MCCALLUM STREET,1,Non-Landed Properties,1,"4,000",40 to 50,500 to 600,Mar-26
THE CLIFT,MCCALLUM STREET,1,Non-Landed Properties,1,"5,250",70 to 80,700 to 800,Mar-26
THE CLIFT,MCCALLUM STREET,1,Non-Landed Properties,1,"4,100",40 to 50,400 to 500,Mar-26
THE CLIFT,MCCALLUM STREET,1,Non-Landed Properties,1,"4,000",40 to 50,500 to 600,Mar-26
ONE SHENTON,SHENTON WAY,1,Non-Landed Properties,2,"5,600",100 to 110,"1,000 to 1,100",Mar-26
ONE SHENTON,SHENTON WAY,1,Non-Landed Properties,3,"8,000",130 to 140,"1,400 to 1,500",Mar-26
ONE SHENTON,SHENTON WAY,1,Non-Landed Properties,1,"4,300",50 to 60,500 to 600,Mar-26
ONE SHENTON,SHENTON WAY,1,Non-Landed Properties,2,"6,100",100 to 110,"1,000 to 1,100",Mar-26
ONE SHENTON,SHENTON WAY,1,Non-Landed Properties,2,"6,100",100 to 110,"1,000 to 1,100",Mar-26
ONE SHENTON,SHENTON WAY,1,Non-Landed Properties,2,"6,250",110 to 120,"1,100 to 1,200",Mar-26
ONE SHENTON,SHENTON WAY,1,Non-Landed Properties,1,"4,400",50 to 60,500 to 600,Mar-26
ONE SHENTON,SHENTON WAY,1,Non-Landed Properties,1,"4,000",40 to 50,500 to 600,Mar-26
ONE SHENTON,SHENTON WAY,1,Non-Landed Properties,1,"4,900",70 to 80,800 to 900,Mar-26
ONE SHENTON,SHENTON WAY,1,Non-Landed Properties,1,"4,500",50 to 60,500 to 600,Mar-26
ONE SHENTON,SHENTON WAY,1,Non-Landed Properties,1,"4,300",50 to 60,600 to 700,Mar-26
PEOPLE'S PARK COMPLEX,PARK ROAD,1,Non-Landed Properties,3,"4,500",100 to 110,"1,100 to 1,200",Mar-26
PEOPLE'S PARK COMPLEX,PARK ROAD,1,Non-Landed Properties,1,"2,800",40 to 50,400 to 500,Mar-26
PEOPLE'S PARK COMPLEX,PARK ROAD,1,Non-Landed Properties,3,"3,000",100 to 110,"1,100 to 1,200",Mar-26
EMERALD GARDEN,CLUB STREET,1,Non-Landed Properties,3,"5,900",130 to 140,"1,500 to 1,600",Mar-26
EMERALD GARDEN,CLUB STREET,1,Non-Landed Properties,3,"6,000",110 to 120,"1,200 to 1,300",Mar-26
EMERALD GARDEN,CLUB STREET,1,Non-Landed Properties,3,"5,800",110 to 120,"1,200 to 1,300",Mar-26
EMERALD GARDEN,CLUB STREET,1,Non-Landed Properties,1,"4,900",80 to 90,"900 to 1,000",Mar-26
EMERALD GARDEN,CLUB STREET,1,Non-Landed Properties,2,"6,000",90 to 100,"1,000 to 1,100",Mar-26
EMERALD GARDEN,CLUB STREET,1,Non-Landed Properties,1,"4,800",70 to 80,800 to 900,Mar-26
EMERALD GARDEN,CLUB STREET,1,Non-Landed Properties,2,"6,500",100 to 110,"1,100 to 1,200",Mar-26
NON-LANDED HOUSING DEVELOPMENT,MOSQUE STREET,1,Non-Landed Properties,NA,"4,400",40 to 50,500 to 600,Mar-26
MARINA ONE RESIDENCES,MARINA WAY,1,Non-Landed Properties,1,"4,800",60 to 70,700 to 800,Mar-26
MARINA ONE RESIDENCES,MARINA WAY,1,Non-Landed Properties,2,"7,250",100 to 110,"1,100 to 1,200",Mar-26
MARINA ONE RESIDENCES,MARINA WAY,1,Non-Landed Properties,1,"4,300",60 to 70,600 to 700,Mar-26
MARINA ONE RESIDENCES,MARINA WAY,1,Non-Landed Properties,3,"10,500",140 to 150,"1,500 to 1,600",Mar-26
MARINA ONE RESIDENCES,MARINA WAY,1,Non-Landed Properties,1,"4,500",60 to 70,700 to 800,Mar-26
MARINA ONE RESIDENCES,MARINA WAY,1,Non-Landed Properties,1,"4,350",60 to 70,600 to 700,Mar-26
MARINA ONE RESIDENCES,MARINA WAY,1,Non-Landed Properties,2,"7,000",100 to 110,"1,100 to 1,200",Mar-26
MARINA ONE RESIDENCES,MARINA WAY,1,Non-Landed Properties,1,"5,500",60 to 70,600 to 700,Mar-26
MARINA ONE RESIDENCES,MARINA WAY,1,Non-Landed Properties,1,"4,400",60 to 70,600 to 700,Mar-26
MARINA ONE RESIDENCES,MARINA WAY,1,Non-Landed Properties,1,"4,500",60 to 70,600 to 700,Mar-26
MARINA ONE RESIDENCES,MARINA WAY,1,Non-Landed Properties,1,"4,500",60 to 70,600 to 700,Mar-26
MARINA ONE RESIDENCES,MARINA WAY,1,Non-Landed Properties,1,"4,800",60 to 70,700 to 800,Mar-26
MARINA ONE RESIDENCES,MARINA WAY,1,Non-Landed Properties,1,"4,500",60 to 70,600 to 700,Mar-26
MARINA ONE RESIDENCES,MARINA WAY,1,Non-Landed Properties,1,"4,700",70 to 80,700 to 800,Mar-26
MARINA ONE RESIDENCES,MARINA WAY,1,Non-Landed Properties,1,"4,800",70 to 80,700 to 800,Mar-26
MARINA ONE RESIDENCES,MARINA WAY,1,Non-Landed Properties,1,"4,500",60 to 70,600 to 700,Mar-26
MARINA ONE RESIDENCES,MARINA WAY,1,Non-Landed Properties,2,"8,000",100 to 110,"1,100 to 1,200",Mar-26
MARINA ONE RESIDENCES,MARINA WAY,1,Non-Landed Properties,1,"4,200",60 to 70,600 to 700,Mar-26
MARINA ONE RESIDENCES,MARINA WAY,1,Non-Landed Properties,3,"10,600",130 to 140,"1,500 to 1,600",Mar-26
MARINA ONE RESIDENCES,MARINA WAY,1,Non-Landed Properties,2,"7,600",100 to 110,"1,100 to 1,200",Mar-26
MARINA ONE RESIDENCES,MARINA WAY,1,Non-Landed Properties,2,"7,100",100 to 110,"1,100 to 1,200",Mar-26
MARINA ONE RESIDENCES,MARINA WAY,1,Non-Landed Properties,3,"10,500",140 to 150,"1,500 to 1,600",Mar-26
MARINA ONE RESIDENCES,MARINA WAY,1,Non-Landed Properties,1,"4,500",60 to 70,600 to 700,Mar-26
MARINA ONE RESIDENCES,MARINA WAY,1,Non-Landed Properties,3,"10,500",140 to 150,"1,500 to 1,600",Mar-26
MARINA ONE RESIDENCES,MARINA WAY,1,Non-Landed Properties,1,"5,000",60 to 70,600 to 700,Mar-26
MARINA ONE RESIDENCES,MARINA WAY,1,Non-Landed Properties,1,"4,500",60 to 70,600 to 700,Mar-26
MARINA ONE RESIDENCES,MARINA WAY,1,Non-Landed Properties,1,"4,300",60 to 70,700 to 800,Mar-26
MARINA ONE RESIDENCES,MARINA WAY,1,Non-Landed Properties,2,"6,600",90 to 100,"900 to 1,000",Mar-26
MARINA ONE RESIDENCES,MARINA WAY,1,Non-Landed Properties,1,"4,400",60 to 70,600 to 700,Mar-26
MARINA ONE RESIDENCES,MARINA WAY,1,Non-Landed Properties,2,"6,800",90 to 100,"900 to 1,000",Mar-26
MARINA ONE RESIDENCES,MARINA WAY,1,Non-Landed Properties,1,"4,800",60 to 70,700 to 800,Mar-26
MARINA ONE RESIDENCES,MARINA WAY,1,Non-Landed Properties,1,"4,600",60 to 70,700 to 800,Mar-26
MARINA ONE RESIDENCES,MARINA WAY,1,Non-Landed Properties,1,"5,300",60 to 70,700 to 800,Mar-26
MARINA ONE RESIDENCES,MARINA WAY,1,Non-Landed Properties,3,"11,500",140 to 150,"1,500 to 1,600",Mar-26
MARINA ONE RESIDENCES,MARINA WAY,1,Non-Landed Properties,1,"4,200",60 to 70,700 to 800,Mar-26
MARINA ONE RESIDENCES,MARINA WAY,1,Non-Landed Properties,1,"4,300",70 to 80,700 to 800,Mar-26
MARINA ONE RESIDENCES,MARINA WAY,1,Non-Landed Properties,1,"5,000",60 to 70,700 to 800,Mar-26
MARINA ONE RESIDENCES,MARINA WAY,1,Non-Landed Properties,2,"7,300",100 to 110,"1,100 to 1,200",Mar-26
MARINA ONE RESIDENCES,MARINA WAY,1,Non-Landed Properties,1,"4,450",60 to 70,600 to 700,Mar-26
MARINA ONE RESIDENCES,MARINA WAY,1,Non-Landed Properties,1,"5,400",60 to 70,700 to 800,Mar-26
MARINA ONE RESIDENCES,MARINA WAY,1,Non-Landed Properties,2,"6,550",90 to 100,"1,000 to 1,100",Mar-26
MARINA ONE RESIDENCES,MARINA WAY,1,Non-Landed Properties,1,"4,500",60 to 70,600 to 700,Mar-26
MARINA ONE RESIDENCES,MARINA WAY,1,Non-Landed Properties,1,"5,100",60 to 70,700 to 800,Mar-26
MARINA ONE RESIDENCES,MARINA WAY,1,Non-Landed Properties,2,"7,300",100 to 110,"1,100 to 1,200",Mar-26
MARINA ONE RESIDENCES,MARINA WAY,1,Non-Landed Properties,4,"19,500",200 to 210,"2,200 to 2,300",Mar-26
MARINA ONE RESIDENCES,MARINA WAY,1,Non-Landed Properties,1,"4,288",60 to 70,600 to 700,Mar-26
MARINA ONE RESIDENCES,MARINA WAY,1,Non-Landed Properties,1,"4,500",60 to 70,700 to 800,Mar-26
MARINA ONE RESIDENCES,MARINA WAY,1,Non-Landed Properties,1,"6,200",60 to 70,700 to 800,Mar-26
MARINA ONE RESIDENCES,MARINA WAY,1,Non-Landed Properties,2,"7,000",100 to 110,"1,100 to 1,200",Mar-26
MARINA ONE RESIDENCES,MARINA WAY,1,Non-Landed Properties,2,"8,000",100 to 110,"1,100 to 1,200",Mar-26
MARINA ONE RESIDENCES,MARINA WAY,1,Non-Landed Properties,2,"7,000",90 to 100,"1,000 to 1,100",Mar-26
MARINA ONE RESIDENCES,MARINA WAY,1,Non-Landed Properties,2,"9,700",100 to 110,"1,100 to 1,200",Mar-26
THE SAIL @ MARINA BAY,MARINA BOULEVARD,1,Non-Landed Properties,2,"5,650",70 to 80,800 to 900,Mar-26
THE SAIL @ MARINA BAY,MARINA BOULEVARD,1,Non-Landed Properties,2,"6,000",70 to 80,800 to 900,Mar-26
THE SAIL @ MARINA BAY,MARINA BOULEVARD,1,Non-Landed Properties,1,"4,900",70 to 80,700 to 800,Mar-26
THE SAIL @ MARINA BAY,MARINA BOULEVARD,1,Non-Landed Properties,2,"8,000",70 to 80,800 to 900,Mar-26
THE SAIL @ MARINA BAY,MARINA BOULEVARD,1,Non-Landed Properties,2,"6,500",70 to 80,800 to 900,Mar-26
THE SAIL @ MARINA BAY,MARINA BOULEVARD,1,Non-Landed Properties,1,"3,800",50 to 60,600 to 700,Mar-26
THE SAIL @ MARINA BAY,MARINA BOULEVARD,1,Non-Landed Properties,1,"5,200",50 to 60,600 to 700,Mar-26
THE SAIL @ MARINA BAY,MARINA BOULEVARD,1,Non-Landed Properties,4,"9,100",150 to 160,"1,600 to 1,700",Mar-26
THE SAIL @ MARINA BAY,MARINA BOULEVARD,1,Non-Landed Properties,1,"6,000",60 to 70,600 to 700,Mar-26
THE SAIL @ MARINA BAY,MARINA BOULEVARD,1,Non-Landed Properties,2,"6,300",70 to 80,800 to 900,Mar-26
THE SAIL @ MARINA BAY,MARINA BOULEVARD,1,Non-Landed Properties,1,"4,700",50 to 60,600 to 700,Mar-26
THE SAIL @ MARINA BAY,MARINA BOULEVARD,1,Non-Landed Properties,1,"4,300",60 to 70,600 to 700,Mar-26
THE SAIL @ MARINA BAY,MARINA BOULEVARD,1,Non-Landed Properties,3,"8,300",120 to 130,"1,300 to 1,400",Mar-26
THE SAIL @ MARINA BAY,MARINA BOULEVARD,1,Non-Landed Properties,3,"7,800",120 to 130,"1,300 to 1,400",Mar-26
THE SAIL @ MARINA BAY,MARINA BOULEVARD,1,Non-Landed Properties,1,"4,300",50 to 60,600 to 700,Mar-26
THE SAIL @ MARINA BAY,MARINA BOULEVARD,1,Non-Landed Properties,2,"5,400",70 to 80,800 to 900,Mar-26
THE SAIL @ MARINA BAY,MARINA BOULEVARD,1,Non-Landed Properties,2,"5,500",80 to 90,800 to 900,Mar-26
THE SAIL @ MARINA BAY,MARINA BOULEVARD,1,Non-Landed Properties,2,"5,700",80 to 90,800 to 900,Mar-26
THE SAIL @ MARINA BAY,MARINA BOULEVARD,1,Non-Landed Properties,2,"7,500",80 to 90,800 to 900,Mar-26
THE SAIL @ MARINA BAY,MARINA BOULEVARD,1,Non-Landed Properties,1,"6,000",50 to 60,500 to 600,Mar-26
THE SAIL @ MARINA BAY,MARINA BOULEVARD,1,Non-Landed Properties,2,"8,000",90 to 100,"1,000 to 1,100",Mar-26
THE SAIL @ MARINA BAY,MARINA BOULEVARD,1,Non-Landed Properties,4,"12,800",200 to 210,"2,100 to 2,200",Mar-26
THE SAIL @ MARINA BAY,MARINA BOULEVARD,1,Non-Landed Properties,1,"5,550",60 to 70,600 to 700,Mar-26
THE SAIL @ MARINA BAY,MARINA BOULEVARD,1,Non-Landed Properties,1,"4,000",50 to 60,500 to 600,Mar-26
THE SAIL @ MARINA BAY,MARINA BOULEVARD,1,Non-Landed Properties,3,"8,100",100 to 110,"1,100 to 1,200",Mar-26
THE SAIL @ MARINA BAY,MARINA BOULEVARD,1,Non-Landed Properties,2,"7,000",80 to 90,800 to 900,Mar-26
THE SAIL @ MARINA BAY,MARINA BOULEVARD,1,Non-Landed Properties,2,"6,800",90 to 100,"1,000 to 1,100",Mar-26
THE SAIL @ MARINA BAY,MARINA BOULEVARD,1,Non-Landed Properties,1,"4,000",60 to 70,600 to 700,Mar-26
THE SAIL @ MARINA BAY,MARINA BOULEVARD,1,Non-Landed Properties,1,"4,000",50 to 60,500 to 600,Mar-26
THE SAIL @ MARINA BAY,MARINA BOULEVARD,1,Non-Landed Properties,1,"4,600",60 to 70,600 to 700,Mar-26
THE SAIL @ MARINA BAY,MARINA BOULEVARD,1,Non-Landed Properties,1,"4,000",60 to 70,600 to 700,Mar-26
THE SAIL @ MARINA BAY,MARINA BOULEVARD,1,Non-Landed Properties,2,"7,900",90 to 100,"1,000 to 1,100",Mar-26
THE SAIL @ MARINA BAY,MARINA BOULEVARD,1,Non-Landed Properties,2,"5,900",80 to 90,800 to 900,Mar-26
THE SAIL @ MARINA BAY,MARINA BOULEVARD,1,Non-Landed Properties,2,"6,800",80 to 90,"900 to 1,000",Mar-26
THE SAIL @ MARINA BAY,MARINA BOULEVARD,1,Non-Landed Properties,1,"4,000",60 to 70,600 to 700,Mar-26
THE SAIL @ MARINA BAY,MARINA BOULEVARD,1,Non-Landed Properties,2,"6,730",80 to 90,800 to 900,Mar-26
THE RIVERSIDE PIAZZA,KENG CHEOW STREET,1,Non-Landed Properties,2,"3,800",90 to 100,"1,000 to 1,100",Mar-26
PEOPLE'S PARK CENTRE,UPPER CROSS STREET,1,Non-Landed Properties,3,"3,400",140 to 150,"1,500 to 1,600",Mar-26
PEOPLE'S PARK CENTRE,UPPER CROSS STREET,1,Non-Landed Properties,3,"5,300",140 to 150,"1,500 to 1,600",Mar-26
PEOPLE'S PARK CENTRE,UPPER CROSS STREET,1,Non-Landed Properties,3,"5,300",140 to 150,"1,500 to 1,600",Mar-26
PEOPLE'S PARK CENTRE,UPPER CROSS STREET,1,Non-Landed Properties,4,"6,200",210 to 220,"2,200 to 2,300",Mar-26
V ON SHENTON,SHENTON WAY,1,Non-Landed Properties,3,"8,200",120 to 130,"1,300 to 1,400",Mar-26
V ON SHENTON,SHENTON WAY,1,Non-Landed Properties,2,"6,000",80 to 90,"900 to 1,000",Mar-26
V ON SHENTON,SHENTON WAY,1,Non-Landed Properties,NA,"3,700",40 to 50,400 to 500,Mar-26
V ON SHENTON,SHENTON WAY,1,Non-Landed Properties,3,"8,600",140 to 150,"1,500 to 1,600",Mar-26
V ON SHENTON,SHENTON WAY,1,Non-Landed Properties,1,"4,700",60 to 70,600 to 700,Mar-26
V ON SHENTON,SHENTON WAY,1,Non-Landed Properties,NA,"3,300",40 to 50,400 to 500,Mar-26
V ON SHENTON,SHENTON WAY,1,Non-Landed Properties,2,"6,200",90 to 100,"1,000 to 1,100",Mar-26
V ON SHENTON,SHENTON WAY,1,Non-Landed Properties,NA,"3,000",40 to 50,400 to 500,Mar-26
V ON SHENTON,SHENTON WAY,1,Non-Landed Properties,1,"3,800",40 to 50,400 to 500,Mar-26
V ON SHENTON,SHENTON WAY,1,Non-Landed Properties,NA,"3,550",40 to 50,400 to 500,Mar-26
V ON SHENTON,SHENTON WAY,1,Non-Landed Properties,NA,"3,500",40 to 50,400 to 500,Mar-26
V ON SHENTON,SHENTON WAY,1,Non-Landed Properties,3,"11,200",160 to 170,"1,700 to 1,800",Mar-26
V ON SHENTON,SHENTON WAY,1,Non-Landed Properties,1,"3,600",40 to 50,400 to 500,Mar-26
V ON SHENTON,SHENTON WAY,1,Non-Landed Properties,NA,"3,400",40 to 50,400 to 500,Mar-26
V ON SHENTON,SHENTON WAY,1,Non-Landed Properties,2,"6,000",90 to 100,"1,000 to 1,100",Mar-26
V ON SHENTON,SHENTON WAY,1,Non-Landed Properties,2,"5,700",100 to 110,"1,000 to 1,100",Mar-26
V ON SHENTON,SHENTON WAY,1,Non-Landed Properties,2,"6,600",90 to 100,"1,000 to 1,100",Mar-26
V ON SHENTON,SHENTON WAY,1,Non-Landed Properties,3,"10,000",160 to 170,"1,700 to 1,800",Mar-26
V ON SHENTON,SHENTON WAY,1,Non-Landed Properties,4,"40,000",>300,>3000,Mar-26
V ON SHENTON,SHENTON WAY,1,Non-Landed Properties,NA,"3,500",40 to 50,400 to 500,Mar-26
V ON SHENTON,SHENTON WAY,1,Non-Landed Properties,NA,"3,500",40 to 50,400 to 500,Mar-26
ROBINSON SUITES,ROBINSON ROAD,1,Non-Landed Properties,1,"3,650",40 to 50,400 to 500,Mar-26
ROBINSON SUITES,ROBINSON ROAD,1,Non-Landed Properties,1,"3,500",40 to 50,400 to 500,Mar-26
ROBINSON SUITES,ROBINSON ROAD,1,Non-Landed Properties,2,"4,100",50 to 60,600 to 700,Mar-26
ROBINSON SUITES,ROBINSON ROAD,1,Non-Landed Properties,2,"4,100",50 to 60,600 to 700,Mar-26
ROBINSON SUITES,ROBINSON ROAD,1,Non-Landed Properties,2,"4,100",50 to 60,600 to 700,Mar-26
ROBINSON SUITES,ROBINSON ROAD,1,Non-Landed Properties,1,"3,900",40 to 50,400 to 500,Mar-26
ROBINSON SUITES,ROBINSON ROAD,1,Non-Landed Properties,1,"3,600",40 to 50,400 to 500,Mar-26
MARINA BAY SUITES,CENTRAL BOULEVARD,1,Non-Landed Properties,4,"15,000",240 to 250,"2,600 to 2,700",Mar-26
MARINA BAY SUITES,CENTRAL BOULEVARD,1,Non-Landed Properties,3,"9,500",140 to 150,"1,600 to 1,700",Mar-26
MARINA BAY SUITES,CENTRAL BOULEVARD,1,Non-Landed Properties,4,"15,500",240 to 250,"2,600 to 2,700",Mar-26
MARINA BAY SUITES,CENTRAL BOULEVARD,1,Non-Landed Properties,4,"13,000",190 to 200,"2,000 to 2,100",Mar-26
MARINA BAY SUITES,CENTRAL BOULEVARD,1,Non-Landed Properties,3,"9,500",140 to 150,"1,600 to 1,700",Mar-26
MARINA BAY SUITES,CENTRAL BOULEVARD,1,Non-Landed Properties,4,"10,800",190 to 200,"2,000 to 2,100",Mar-26
MARINA BAY SUITES,CENTRAL BOULEVARD,1,Non-Landed Properties,3,"9,500",140 to 150,"1,600 to 1,700",Mar-26
MARINA BAY SUITES,CENTRAL BOULEVARD,1,Non-Landed Properties,4,"12,800",190 to 200,"2,000 to 2,100",Mar-26
RIVERWALK APARTMENTS,UPPER CIRCULAR ROAD,1,Non-Landed Properties,NA,"4,000",70 to 80,800 to 900,Mar-26
RIVERWALK APARTMENTS,UPPER CIRCULAR ROAD,1,Non-Landed Properties,2,"6,300",110 to 120,"1,200 to 1,300",Mar-26
MARINA BAY RESIDENCES,MARINA BOULEVARD,1,Non-Landed Properties,3,"13,000",150 to 160,"1,600 to 1,700",Mar-26
MARINA BAY RESIDENCES,MARINA BOULEVARD,1,Non-Landed Properties,2,"7,900",100 to 110,"1,100 to 1,200",Mar-26
MARINA BAY RESIDENCES,MARINA BOULEVARD,1,Non-Landed Properties,2,"9,900",110 to 120,"1,200 to 1,300",Mar-26
MARINA BAY RESIDENCES,MARINA BOULEVARD,1,Non-Landed Properties,4,"18,000",210 to 220,"2,300 to 2,400",Mar-26
MARINA BAY RESIDENCES,MARINA BOULEVARD,1,Non-Landed Properties,1,"6,200",60 to 70,700 to 800,Mar-26
MARINA BAY RESIDENCES,MARINA BOULEVARD,1,Non-Landed Properties,1,"5,900",60 to 70,700 to 800,Mar-26
MARINA BAY RESIDENCES,MARINA BOULEVARD,1,Non-Landed Properties,2,"7,500",90 to 100,"1,000 to 1,100",Mar-26
MARINA BAY RESIDENCES,MARINA BOULEVARD,1,Non-Landed Properties,2,"7,500",100 to 110,"1,100 to 1,200",Mar-26
MARINA BAY RESIDENCES,MARINA BOULEVARD,1,Non-Landed Properties,1,"5,700",60 to 70,700 to 800,Mar-26
MARINA BAY RESIDENCES,MARINA BOULEVARD,1,Non-Landed Properties,2,"7,800",100 to 110,"1,100 to 1,200",Mar-26
MARINA BAY RESIDENCES,MARINA BOULEVARD,1,Non-Landed Properties,2,"8,500",110 to 120,"1,200 to 1,300",Mar-26
THE CLIFT,MCCALLUM STREET,1,Non-Landed Properties,1,"4,950",70 to 80,800 to 900,Feb-26
THE CLIFT,MCCALLUM STREET,1,Non-Landed Properties,1,"3,800",40 to 50,500 to 600,Feb-26
THE CLIFT,MCCALLUM STREET,1,Non-Landed Properties,1,"4,950",70 to 80,700 to 800,Feb-26
THE CLIFT,MCCALLUM STREET,1,Non-Landed Properties,1,"3,900",40 to 50,500 to 600,Feb-26
THE CLIFT,MCCALLUM STREET,1,Non-Landed Properties,1,"5,000",70 to 80,700 to 800,Feb-26
THE CLIFT,MCCALLUM STREET,1,Non-Landed Properties,1,"4,200",40 to 50,400 to 500,Feb-26
THE CLIFT,MCCALLUM STREET,1,Non-Landed Properties,2,"6,700",90 to 100,"1,000 to 1,100",Feb-26
ONE SHENTON,SHENTON WAY,1,Non-Landed Properties,2,"6,000",90 to 100,"1,000 to 1,100",Feb-26
ONE SHENTON,SHENTON WAY,1,Non-Landed Properties,1,"4,400",50 to 60,500 to 600,Feb-26
ONE SHENTON,SHENTON WAY,1,Non-Landed Properties,1,"5,800",90 to 100,"1,000 to 1,100",Feb-26
ONE SHENTON,SHENTON WAY,1,Non-Landed Properties,3,"8,300",140 to 150,"1,500 to 1,600",Feb-26
ONE SHENTON,SHENTON WAY,1,Non-Landed Properties,4,"9,600",170 to 180,"1,800 to 1,900",Feb-26
ONE SHENTON,SHENTON WAY,1,Non-Landed Properties,2,"6,500",100 to 110,"1,100 to 1,200",Feb-26
ONE SHENTON,SHENTON WAY,1,Non-Landed Properties,1,"4,200",40 to 50,500 to 600,Feb-26
ONE SHENTON,SHENTON WAY,1,Non-Landed Properties,2,"5,700",100 to 110,"1,000 to 1,100",Feb-26
ONE SHENTON,SHENTON WAY,1,Non-Landed Properties,1,"4,100",50 to 60,500 to 600,Feb-26
ONE SHENTON,SHENTON WAY,1,Non-Landed Properties,2,"7,600",100 to 110,"1,100 to 1,200",Feb-26
ONE SHENTON,SHENTON WAY,1,Non-Landed Properties,2,"6,900",110 to 120,"1,100 to 1,200",Feb-26
ONE SHENTON,SHENTON WAY,1,Non-Landed Properties,2,"6,300",100 to 110,"1,100 to 1,200",Feb-26
ONE SHENTON,SHENTON WAY,1,Non-Landed Properties,3,"7,000",140 to 150,"1,500 to 1,600",Feb-26
ONE SHENTON,SHENTON WAY,1,Non-Landed Properties,3,"8,500",140 to 150,"1,500 to 1,600",Feb-26
ONE SHENTON,SHENTON WAY,1,Non-Landed Properties,1,"4,500",40 to 50,500 to 600,Feb-26
ONE SHENTON,SHENTON WAY,1,Non-Landed Properties,2,"7,000",100 to 110,"1,100 to 1,200",Feb-26
PEOPLE'S PARK COMPLEX,PARK ROAD,1,Non-Landed Properties,4,"5,380",140 to 150,"1,600 to 1,700",Feb-26
PEOPLE'S PARK COMPLEX,PARK ROAD,1,Non-Landed Properties,1,"3,000",40 to 50,400 to 500,Feb-26
EMERALD GARDEN,CLUB STREET,1,Non-Landed Properties,1,"4,800",70 to 80,700 to 800,Feb-26
EMERALD GARDEN,CLUB STREET,1,Non-Landed Properties,2,"4,600",90 to 100,"1,000 to 1,100",Feb-26
EMERALD GARDEN,CLUB STREET,1,Non-Landed Properties,3,"7,000",110 to 120,"1,200 to 1,300",Feb-26
EMERALD GARDEN,CLUB STREET,1,Non-Landed Properties,2,"4,500",100 to 110,"1,000 to 1,100",Feb-26
EMERALD GARDEN,CLUB STREET,1,Non-Landed Properties,2,"6,800",90 to 100,"1,000 to 1,100",Feb-26
EMERALD GARDEN,CLUB STREET,1,Non-Landed Properties,1,"4,800",80 to 90,"900 to 1,000",Feb-26
EMERALD GARDEN,CLUB STREET,1,Non-Landed Properties,2,"4,700",90 to 100,"900 to 1,000",Feb-26
MARINA ONE RESIDENCES,MARINA WAY,1,Non-Landed Properties,2,"10,000",100 to 110,"1,100 to 1,200",Feb-26
MARINA ONE RESIDENCES,MARINA WAY,1,Non-Landed Properties,1,"4,200",60 to 70,600 to 700,Feb-26
MARINA ONE RESIDENCES,MARINA WAY,1,Non-Landed Properties,1,"5,200",60 to 70,600 to 700,Feb-26
MARINA ONE RESIDENCES,MARINA WAY,1,Non-Landed Properties,1,"4,500",60 to 70,700 to 800,Feb-26
MARINA ONE RESIDENCES,MARINA WAY,1,Non-Landed Properties,1,"4,500",60 to 70,600 to 700,Feb-26
MARINA ONE RESIDENCES,MARINA WAY,1,Non-Landed Properties,2,"7,000",100 to 110,"1,100 to 1,200",Feb-26
MARINA ONE RESIDENCES,MARINA WAY,1,Non-Landed Properties,3,"11,000",130 to 140,"1,500 to 1,600",Feb-26
MARINA ONE RESIDENCES,MARINA WAY,1,Non-Landed Properties,4,"14,000",180 to 190,"2,000 to 2,100",Feb-26
MARINA ONE RESIDENCES,MARINA WAY,1,Non-Landed Properties,3,"12,800",140 to 150,"1,500 to 1,600",Feb-26
MARINA ONE RESIDENCES,MARINA WAY,1,Non-Landed Properties,1,"4,400",60 to 70,700 to 800,Feb-26
MARINA ONE RESIDENCES,MARINA WAY,1,Non-Landed Properties,1,"4,850",60 to 70,600 to 700,Feb-26
MARINA ONE RESIDENCES,MARINA WAY,1,Non-Landed Properties,1,"4,400",60 to 70,700 to 800,Feb-26
MARINA ONE RESIDENCES,MARINA WAY,1,Non-Landed Properties,1,"4,350",60 to 70,700 to 800,Feb-26
MARINA ONE RESIDENCES,MARINA WAY,1,Non-Landed Properties,2,"9,000",100 to 110,"1,100 to 1,200",Feb-26
MARINA ONE RESIDENCES,MARINA WAY,1,Non-Landed Properties,1,"5,200",60 to 70,600 to 700,Feb-26
MARINA ONE RESIDENCES,MARINA WAY,1,Non-Landed Properties,2,"7,100",100 to 110,"1,100 to 1,200",Feb-26
MARINA ONE RESIDENCES,MARINA WAY,1,Non-Landed Properties,2,"7,900",100 to 110,"1,100 to 1,200",Feb-26
MARINA ONE RESIDENCES,MARINA WAY,1,Non-Landed Properties,3,"9,800",140 to 150,"1,500 to 1,600",Feb-26
MARINA ONE RESIDENCES,MARINA WAY,1,Non-Landed Properties,2,"9,400",110 to 120,"1,200 to 1,300",Feb-26
MARINA ONE RESIDENCES,MARINA WAY,1,Non-Landed Properties,1,"4,500",70 to 80,700 to 800,Feb-26
MARINA ONE RESIDENCES,MARINA WAY,1,Non-Landed Properties,1,"4,600",60 to 70,700 to 800,Feb-26
MARINA ONE RESIDENCES,MARINA WAY,1,Non-Landed Properties,2,"7,500",100 to 110,"1,100 to 1,200",Feb-26
MARINA ONE RESIDENCES,MARINA WAY,1,Non-Landed Properties,1,"4,300",60 to 70,600 to 700,Feb-26
MARINA ONE RESIDENCES,MARINA WAY,1,Non-Landed Properties,1,"4,700",60 to 70,700 to 800,Feb-26
MARINA ONE RESIDENCES,MARINA WAY,1,Non-Landed Properties,1,"4,400",60 to 70,700 to 800,Feb-26
MARINA ONE RESIDENCES,MARINA WAY,1,Non-Landed Properties,1,"4,700",60 to 70,700 to 800,Feb-26
MARINA ONE RESIDENCES,MARINA WAY,1,Non-Landed Properties,2,"8,000",100 to 110,"1,100 to 1,200",Feb-26
MARINA ONE RESIDENCES,MARINA WAY,1,Non-Landed Properties,1,"4,500",70 to 80,700 to 800,Feb-26
MARINA ONE RESIDENCES,MARINA WAY,1,Non-Landed Properties,3,"11,000",140 to 150,"1,500 to 1,600",Feb-26
MARINA ONE RESIDENCES,MARINA WAY,1,Non-Landed Properties,1,"4,800",60 to 70,700 to 800,Feb-26
MARINA ONE RESIDENCES,MARINA WAY,1,Non-Landed Properties,2,"6,500",90 to 100,"1,000 to 1,100",Feb-26
THE SAIL @ MARINA BAY,MARINA BOULEVARD,1,Non-Landed Properties,1,"4,600",50 to 60,600 to 700,Feb-26
THE SAIL @ MARINA BAY,MARINA BOULEVARD,1,Non-Landed Properties,1,"5,000",60 to 70,600 to 700,Feb-26
THE SAIL @ MARINA BAY,MARINA BOULEVARD,1,Non-Landed Properties,1,"4,800",60 to 70,600 to 700,Feb-26
THE SAIL @ MARINA BAY,MARINA BOULEVARD,1,Non-Landed Properties,1,"3,500",60 to 70,600 to 700,Feb-26
THE SAIL @ MARINA BAY,MARINA BOULEVARD,1,Non-Landed Properties,1,"5,000",70 to 80,700 to 800,Feb-26
THE SAIL @ MARINA BAY,MARINA BOULEVARD,1,Non-Landed Properties,1,"4,100",60 to 70,600 to 700,Feb-26
THE SAIL @ MARINA BAY,MARINA BOULEVARD,1,Non-Landed Properties,1,"4,600",70 to 80,700 to 800,Feb-26
THE SAIL @ MARINA BAY,MARINA BOULEVARD,1,Non-Landed Properties,3,"8,250",120 to 130,"1,300 to 1,400",Feb-26
THE SAIL @ MARINA BAY,MARINA BOULEVARD,1,Non-Landed Properties,3,"7,800",120 to 130,"1,300 to 1,400",Feb-26
THE SAIL @ MARINA BAY,MARINA BOULEVARD,1,Non-Landed Properties,3,"7,700",120 to 130,"1,300 to 1,400",Feb-26
THE SAIL @ MARINA BAY,MARINA BOULEVARD,1,Non-Landed Properties,1,"5,200",50 to 60,600 to 700,Feb-26
THE SAIL @ MARINA BAY,MARINA BOULEVARD,1,Non-Landed Properties,1,"4,100",50 to 60,600 to 700,Feb-26
THE SAIL @ MARINA BAY,MARINA BOULEVARD,1,Non-Landed Properties,2,"5,200",70 to 80,800 to 900,Feb-26
THE SAIL @ MARINA BAY,MARINA BOULEVARD,1,Non-Landed Properties,1,"4,300",60 to 70,600 to 700,Feb-26
THE SAIL @ MARINA BAY,MARINA BOULEVARD,1,Non-Landed Properties,1,"4,000",50 to 60,500 to 600,Feb-26
THE SAIL @ MARINA BAY,MARINA BOULEVARD,1,Non-Landed Properties,1,"4,000",50 to 60,500 to 600,Feb-26
THE SAIL @ MARINA BAY,MARINA BOULEVARD,1,Non-Landed Properties,3,"9,900",150 to 160,"1,600 to 1,700",Feb-26
THE SAIL @ MARINA BAY,MARINA BOULEVARD,1,Non-Landed Properties,2,"8,200",80 to 90,"900 to 1,000",Feb-26
THE SAIL @ MARINA BAY,MARINA BOULEVARD,1,Non-Landed Properties,1,"4,000",50 to 60,500 to 600,Feb-26
THE SAIL @ MARINA BAY,MARINA BOULEVARD,1,Non-Landed Properties,1,"4,000",60 to 70,600 to 700,Feb-26
THE SAIL @ MARINA BAY,MARINA BOULEVARD,1,Non-Landed Properties,2,"7,200",80 to 90,"900 to 1,000",Feb-26
THE SAIL @ MARINA BAY,MARINA BOULEVARD,1,Non-Landed Properties,1,"4,750",60 to 70,600 to 700,Feb-26
THE SAIL @ MARINA BAY,MARINA BOULEVARD,1,Non-Landed Properties,1,"4,400",60 to 70,600 to 700,Feb-26
THE SAIL @ MARINA BAY,MARINA BOULEVARD,1,Non-Landed Properties,4,"12,800",180 to 190,"2,000 to 2,100",Feb-26
THE SAIL @ MARINA BAY,MARINA BOULEVARD,1,Non-Landed Properties,1,"4,525",50 to 60,500 to 600,Feb-26
THE SAIL @ MARINA BAY,MARINA BOULEVARD,1,Non-Landed Properties,2,"5,500",80 to 90,800 to 900,Feb-26
THE SAIL @ MARINA BAY,MARINA BOULEVARD,1,Non-Landed Properties,1,"4,200",50 to 60,500 to 600,Feb-26
THE SAIL @ MARINA BAY,MARINA BOULEVARD,1,Non-Landed Properties,3,"8,200",100 to 110,"1,100 to 1,200",Feb-26
THE SAIL @ MARINA BAY,MARINA BOULEVARD,1,Non-Landed Properties,2,"5,800",80 to 90,800 to 900,Feb-26
THE SAIL @ MARINA BAY,MARINA BOULEVARD,1,Non-Landed Properties,2,"7,500",80 to 90,"900 to 1,000",Feb-26
THE SAIL @ MARINA BAY,MARINA BOULEVARD,1,Non-Landed Properties,2,"5,500",80 to 90,800 to 900,Feb-26
THE SAIL @ MARINA BAY,MARINA BOULEVARD,1,Non-Landed Properties,1,"4,800",50 to 60,500 to 600,Feb-26
THE SAIL @ MARINA BAY,MARINA BOULEVARD,1,Non-Landed Properties,1,"4,500",60 to 70,600 to 700,Feb-26
THE SAIL @ MARINA BAY,MARINA BOULEVARD,1,Non-Landed Properties,2,"6,600",90 to 100,"1,000 to 1,100",Feb-26
PEOPLE'S PARK CENTRE,UPPER CROSS STREET,1,Non-Landed Properties,3,"4,600",150 to 160,"1,700 to 1,800",Feb-26
V ON SHENTON,SHENTON WAY,1,Non-Landed Properties,2,"7,000",110 to 120,"1,200 to 1,300",Feb-26
V ON SHENTON,SHENTON WAY,1,Non-Landed Properties,NA,"3,500",40 to 50,400 to 500,Feb-26
V ON SHENTON,SHENTON WAY,1,Non-Landed Properties,1,"4,000",40 to 50,500 to 600,Feb-26
V ON SHENTON,SHENTON WAY,1,Non-Landed Properties,3,"9,200",140 to 150,"1,500 to 1,600",Feb-26
V ON SHENTON,SHENTON WAY,1,Non-Landed Properties,2,"5,600",100 to 110,"1,000 to 1,100",Feb-26
V ON SHENTON,SHENTON WAY,1,Non-Landed Properties,NA,"3,800",40 to 50,400 to 500,Feb-26
V ON SHENTON,SHENTON WAY,1,Non-Landed Properties,3,"8,000",140 to 150,"1,500 to 1,600",Feb-26
V ON SHENTON,SHENTON WAY,1,Non-Landed Properties,3,"10,000",160 to 170,"1,700 to 1,800",Feb-26
V ON SHENTON,SHENTON WAY,1,Non-Landed Properties,3,"8,000",140 to 150,"1,500 to 1,600",Feb-26
V ON SHENTON,SHENTON WAY,1,Non-Landed Properties,NA,"3,750",40 to 50,400 to 500,Feb-26
V ON SHENTON,SHENTON WAY,1,Non-Landed Properties,1,"4,000",40 to 50,500 to 600,Feb-26
V ON SHENTON,SHENTON WAY,1,Non-Landed Properties,NA,"3,400",40 to 50,400 to 500,Feb-26
V ON SHENTON,SHENTON WAY,1,Non-Landed Properties,2,"6,000",100 to 110,"1,000 to 1,100",Feb-26
NON-LANDED HOUSING DEVELOPMENT,LORONG TELOK,1,Non-Landed Properties,NA,"6,200",90 to 100,"900 to 1,000",Feb-26
ROBINSON SUITES,ROBINSON ROAD,1,Non-Landed Properties,1,"3,700",40 to 50,400 to 500,Feb-26
ROBINSON SUITES,ROBINSON ROAD,1,Non-Landed Properties,1,"3,900",40 to 50,400 to 500,Feb-26
ROBINSON SUITES,ROBINSON ROAD,1,Non-Landed Properties,1,"3,900",40 to 50,400 to 500,Feb-26
ROBINSON SUITES,ROBINSON ROAD,1,Non-Landed Properties,1,"4,000",40 to 50,500 to 600,Feb-26
ROBINSON SUITES,ROBINSON ROAD,1,Non-Landed Properties,2,"4,800",50 to 60,600 to 700,Feb-26
ROBINSON SUITES,ROBINSON ROAD,1,Non-Landed Properties,2,"4,000",50 to 60,600 to 700,Feb-26
MARINA BAY SUITES,CENTRAL BOULEVARD,1,Non-Landed Properties,3,"9,000",150 to 160,"1,600 to 1,700",Feb-26
MARINA BAY SUITES,CENTRAL BOULEVARD,1,Non-Landed Properties,4,"16,500",240 to 250,"2,600 to 2,700",Feb-26
MARINA BAY SUITES,CENTRAL BOULEVARD,1,Non-Landed Properties,4,"11,300",180 to 190,"2,000 to 2,100",Feb-26
MARINA BAY SUITES,CENTRAL BOULEVARD,1,Non-Landed Properties,3,"10,200",140 to 150,"1,500 to 1,600",Feb-26
MARINA BAY SUITES,CENTRAL BOULEVARD,1,Non-Landed Properties,4,"12,000",180 to 190,"2,000 to 2,100",Feb-26
RIVERWALK APARTMENTS,UPPER CIRCULAR ROAD,1,Non-Landed Properties,NA,"3,950",70 to 80,800 to 900,Feb-26
RIVERWALK APARTMENTS,UPPER CIRCULAR ROAD,1,Non-Landed Properties,NA,"4,500",70 to 80,800 to 900,Feb-26
RIVERWALK APARTMENTS,UPPER CIRCULAR ROAD,1,Non-Landed Properties,NA,"4,200",70 to 80,800 to 900,Feb-26
MARINA BAY RESIDENCES,MARINA BOULEVARD,1,Non-Landed Properties,3,"18,000",180 to 190,"1,900 to 2,000",Feb-26
MARINA BAY RESIDENCES,MARINA BOULEVARD,1,Non-Landed Properties,1,"5,870",60 to 70,700 to 800,Feb-26
MARINA BAY RESIDENCES,MARINA BOULEVARD,1,Non-Landed Properties,2,"8,200",110 to 120,"1,200 to 1,300",Feb-26
MARINA BAY RESIDENCES,MARINA BOULEVARD,1,Non-Landed Properties,2,"7,500",90 to 100,"1,000 to 1,100",Feb-26
MARINA BAY RESIDENCES,MARINA BOULEVARD,1,Non-Landed Properties,2,"8,300",110 to 120,"1,200 to 1,300",Feb-26
MARINA BAY RESIDENCES,MARINA BOULEVARD,1,Non-Landed Properties,2,"9,450",90 to 100,"900 to 1,000",Feb-26
MARINA BAY RESIDENCES,MARINA BOULEVARD,1,Non-Landed Properties,2,"7,800",90 to 100,"1,000 to 1,100",Feb-26
MARINA BAY RESIDENCES,MARINA BOULEVARD,1,Non-Landed Properties,2,"7,900",90 to 100,"1,000 to 1,100",Feb-26
THE CLIFT,MCCALLUM STREET,1,Non-Landed Properties,1,"4,000",40 to 50,400 to 500,Jan-26
THE CLIFT,MCCALLUM STREET,1,Non-Landed Properties,1,"4,100",40 to 50,500 to 600,Jan-26
THE CLIFT,MCCALLUM STREET,1,Non-Landed Properties,2,"5,300",70 to 80,700 to 800,Jan-26
THE CLIFT,MCCALLUM STREET,1,Non-Landed Properties,2,"5,200",70 to 80,700 to 800,Jan-26
THE CLIFT,MCCALLUM STREET,1,Non-Landed Properties,1,"3,650",40 to 50,500 to 600,Jan-26
THE CLIFT,MCCALLUM STREET,1,Non-Landed Properties,1,"4,000",40 to 50,500 to 600,Jan-26
THE CLIFT,MCCALLUM STREET,1,Non-Landed Properties,2,"6,850",90 to 100,"1,000 to 1,100",Jan-26
THE CLIFT,MCCALLUM STREET,1,Non-Landed Properties,1,"4,000",40 to 50,500 to 600,Jan-26
THE CLIFT,MCCALLUM STREET,1,Non-Landed Properties,1,"3,900",40 to 50,500 to 600,Jan-26
THE CLIFT,MCCALLUM STREET,1,Non-Landed Properties,1,"3,900",40 to 50,500 to 600,Jan-26
THE CLIFT,MCCALLUM STREET,1,Non-Landed Properties,1,"3,700",40 to 50,400 to 500,Jan-26
THE CLIFT,MCCALLUM STREET,1,Non-Landed Properties,1,"4,900",70 to 80,800 to 900,Jan-26
THE CLIFT,MCCALLUM STREET,1,Non-Landed Properties,1,"3,900",40 to 50,500 to 600,Jan-26
THE CLIFT,MCCALLUM STREET,1,Non-Landed Properties,2,"6,800",90 to 100,"1,000 to 1,100",Jan-26
THE CLIFT,MCCALLUM STREET,1,Non-Landed Properties,2,"5,500",70 to 80,700 to 800,Jan-26
THE CLIFT,MCCALLUM STREET,1,Non-Landed Properties,1,"3,800",40 to 50,500 to 600,Jan-26
THE CLIFT,MCCALLUM STREET,1,Non-Landed Properties,1,"4,000",40 to 50,400 to 500,Jan-26
THE CLIFT,MCCALLUM STREET,1,Non-Landed Properties,1,"4,000",40 to 50,500 to 600,Jan-26
THE CLIFT,MCCALLUM STREET,1,Non-Landed Properties,1,"4,000",40 to 50,500 to 600,Jan-26
THE CLIFT,MCCALLUM STREET,1,Non-Landed Properties,1,"4,300",40 to 50,500 to 600,Jan-26
ONE SHENTON,SHENTON WAY,1,Non-Landed Properties,2,"6,500",100 to 110,"1,000 to 1,100",Jan-26
ONE SHENTON,SHENTON WAY,1,Non-Landed Properties,3,"9,500",130 to 140,"1,500 to 1,600",Jan-26
ONE SHENTON,SHENTON WAY,1,Non-Landed Properties,2,"6,500",100 to 110,"1,100 to 1,200",Jan-26
ONE SHENTON,SHENTON WAY,1,Non-Landed Properties,2,"6,200",90 to 100,"1,000 to 1,100",Jan-26
ONE SHENTON,SHENTON WAY,1,Non-Landed Properties,2,"5,800",100 to 110,"1,100 to 1,200",Jan-26
ONE SHENTON,SHENTON WAY,1,Non-Landed Properties,2,"6,500",100 to 110,"1,000 to 1,100",Jan-26
ONE SHENTON,SHENTON WAY,1,Non-Landed Properties,1,"5,000",90 to 100,"900 to 1,000",Jan-26
ONE SHENTON,SHENTON WAY,1,Non-Landed Properties,1,"5,100",80 to 90,"900 to 1,000",Jan-26
FOOK HAI BUILDING,SOUTH BRIDGE ROAD,1,Non-Landed Properties,3,"5,229",160 to 170,"1,700 to 1,800",Jan-26
PEOPLE'S PARK COMPLEX,PARK ROAD,1,Non-Landed Properties,1,"2,600",30 to 40,400 to 500,Jan-26
PEOPLE'S PARK COMPLEX,PARK ROAD,1,Non-Landed Properties,1,"2,500",30 to 40,400 to 500,Jan-26
PEOPLE'S PARK COMPLEX,PARK ROAD,1,Non-Landed Properties,3,"5,200",100 to 110,"1,100 to 1,200",Jan-26
PEOPLE'S PARK COMPLEX,PARK ROAD,1,Non-Landed Properties,3,"3,300",100 to 110,"1,100 to 1,200",Jan-26
PEOPLE'S PARK COMPLEX,PARK ROAD,1,Non-Landed Properties,3,"4,800",100 to 110,"1,100 to 1,200",Jan-26
PEOPLE'S PARK COMPLEX,PARK ROAD,1,Non-Landed Properties,1,"2,700",30 to 40,400 to 500,Jan-26
PEOPLE'S PARK COMPLEX,PARK ROAD,1,Non-Landed Properties,3,"5,000",100 to 110,"1,100 to 1,200",Jan-26
PEOPLE'S PARK COMPLEX,PARK ROAD,1,Non-Landed Properties,1,"2,900",30 to 40,400 to 500,Jan-26
PEOPLE'S PARK COMPLEX,PARK ROAD,1,Non-Landed Properties,3,"4,900",100 to 110,"1,100 to 1,200",Jan-26
PEOPLE'S PARK COMPLEX,PARK ROAD,1,Non-Landed Properties,3,"4,750",100 to 110,"1,100 to 1,200",Jan-26
PEOPLE'S PARK COMPLEX,PARK ROAD,1,Non-Landed Properties,3,"4,500",100 to 110,"1,100 to 1,200",Jan-26
PEOPLE'S PARK COMPLEX,PARK ROAD,1,Non-Landed Properties,3,"3,218",100 to 110,"1,100 to 1,200",Jan-26
EMERALD GARDEN,CLUB STREET,1,Non-Landed Properties,3,"6,300",110 to 120,"1,200 to 1,300",Jan-26
EMERALD GARDEN,CLUB STREET,1,Non-Landed Properties,2,"5,000",90 to 100,"900 to 1,000",Jan-26
EMERALD GARDEN,CLUB STREET,1,Non-Landed Properties,1,"5,200",90 to 100,"1,000 to 1,100",Jan-26
EMERALD GARDEN,CLUB STREET,1,Non-Landed Properties,2,"5,800",100 to 110,"1,100 to 1,200",Jan-26
EMERALD GARDEN,CLUB STREET,1,Non-Landed Properties,3,"6,200",110 to 120,"1,200 to 1,300",Jan-26
EMERALD GARDEN,CLUB STREET,1,Non-Landed Properties,3,"5,600",110 to 120,"1,200 to 1,300",Jan-26
EMERALD GARDEN,CLUB STREET,1,Non-Landed Properties,2,"5,100",90 to 100,"900 to 1,000",Jan-26
EMERALD GARDEN,CLUB STREET,1,Non-Landed Properties,2,"5,300",90 to 100,"1,000 to 1,100",Jan-26
EMERALD GARDEN,CLUB STREET,1,Non-Landed Properties,4,"7,800",170 to 180,"1,800 to 1,900",Jan-26
EMERALD GARDEN,CLUB STREET,1,Non-Landed Properties,2,"6,200",100 to 110,"1,000 to 1,100",Jan-26
EMERALD GARDEN,CLUB STREET,1,Non-Landed Properties,2,"5,100",90 to 100,"1,000 to 1,100",Jan-26
EMERALD GARDEN,CLUB STREET,1,Non-Landed Properties,3,"6,000",110 to 120,"1,200 to 1,300",Jan-26
MARINA ONE RESIDENCES,MARINA WAY,1,Non-Landed Properties,2,"7,200",100 to 110,"1,100 to 1,200",Jan-26
MARINA ONE RESIDENCES,MARINA WAY,1,Non-Landed Properties,1,"4,500",70 to 80,700 to 800,Jan-26
MARINA ONE RESIDENCES,MARINA WAY,1,Non-Landed Properties,1,"4,200",60 to 70,600 to 700,Jan-26
MARINA ONE RESIDENCES,MARINA WAY,1,Non-Landed Properties,2,"7,500",100 to 110,"1,100 to 1,200",Jan-26
MARINA ONE RESIDENCES,MARINA WAY,1,Non-Landed Properties,1,"4,600",60 to 70,600 to 700,Jan-26
MARINA ONE RESIDENCES,MARINA WAY,1,Non-Landed Properties,1,"4,500",70 to 80,700 to 800,Jan-26
MARINA ONE RESIDENCES,MARINA WAY,1,Non-Landed Properties,1,"4,500",60 to 70,700 to 800,Jan-26
MARINA ONE RESIDENCES,MARINA WAY,1,Non-Landed Properties,1,"5,000",60 to 70,600 to 700,Jan-26
MARINA ONE RESIDENCES,MARINA WAY,1,Non-Landed Properties,2,"7,500",100 to 110,"1,100 to 1,200",Jan-26
MARINA ONE RESIDENCES,MARINA WAY,1,Non-Landed Properties,1,"4,700",60 to 70,600 to 700,Jan-26
MARINA ONE RESIDENCES,MARINA WAY,1,Non-Landed Properties,1,"5,500",70 to 80,700 to 800,Jan-26
MARINA ONE RESIDENCES,MARINA WAY,1,Non-Landed Properties,2,"7,500",100 to 110,"1,100 to 1,200",Jan-26
MARINA ONE RESIDENCES,MARINA WAY,1,Non-Landed Properties,1,"4,200",60 to 70,700 to 800,Jan-26
MARINA ONE RESIDENCES,MARINA WAY,1,Non-Landed Properties,1,"4,500",60 to 70,700 to 800,Jan-26
MARINA ONE RESIDENCES,MARINA WAY,1,Non-Landed Properties,1,"4,500",60 to 70,600 to 700,Jan-26
MARINA ONE RESIDENCES,MARINA WAY,1,Non-Landed Properties,3,"10,800",140 to 150,"1,500 to 1,600",Jan-26
MARINA ONE RESIDENCES,MARINA WAY,1,Non-Landed Properties,1,"5,400",60 to 70,700 to 800,Jan-26
MARINA ONE RESIDENCES,MARINA WAY,1,Non-Landed Properties,1,"4,300",60 to 70,600 to 700,Jan-26
MARINA ONE RESIDENCES,MARINA WAY,1,Non-Landed Properties,3,"9,600",130 to 140,"1,500 to 1,600",Jan-26
MARINA ONE RESIDENCES,MARINA WAY,1,Non-Landed Properties,1,"4,350",60 to 70,600 to 700,Jan-26
MARINA ONE RESIDENCES,MARINA WAY,1,Non-Landed Properties,2,"7,000",100 to 110,"1,100 to 1,200",Jan-26
MARINA ONE RESIDENCES,MARINA WAY,1,Non-Landed Properties,1,"5,000",70 to 80,700 to 800,Jan-26
MARINA ONE RESIDENCES,MARINA WAY,1,Non-Landed Properties,2,"7,600",100 to 110,"1,100 to 1,200",Jan-26
MARINA ONE RESIDENCES,MARINA WAY,1,Non-Landed Properties,2,"6,700",90 to 100,"1,000 to 1,100",Jan-26
MARINA ONE RESIDENCES,MARINA WAY,1,Non-Landed Properties,2,"7,500",100 to 110,"1,100 to 1,200",Jan-26
MARINA ONE RESIDENCES,MARINA WAY,1,Non-Landed Properties,3,"9,700",140 to 150,"1,500 to 1,600",Jan-26
MARINA ONE RESIDENCES,MARINA WAY,1,Non-Landed Properties,2,"7,700",100 to 110,"1,100 to 1,200",Jan-26
MARINA ONE RESIDENCES,MARINA WAY,1,Non-Landed Properties,1,"4,350",60 to 70,600 to 700,Jan-26
MARINA ONE RESIDENCES,MARINA WAY,1,Non-Landed Properties,1,"4,000",60 to 70,700 to 800,Jan-26
MARINA ONE RESIDENCES,MARINA WAY,1,Non-Landed Properties,1,"4,500",60 to 70,600 to 700,Jan-26
MARINA ONE RESIDENCES,MARINA WAY,1,Non-Landed Properties,2,"7,000",100 to 110,"1,100 to 1,200",Jan-26
MARINA ONE RESIDENCES,MARINA WAY,1,Non-Landed Properties,3,"10,000",140 to 150,"1,500 to 1,600",Jan-26
MARINA ONE RESIDENCES,MARINA WAY,1,Non-Landed Properties,3,"10,000",140 to 150,"1,500 to 1,600",Jan-26
MARINA ONE RESIDENCES,MARINA WAY,1,Non-Landed Properties,1,"4,400",60 to 70,700 to 800,Jan-26
MARINA ONE RESIDENCES,MARINA WAY,1,Non-Landed Properties,2,"6,600",90 to 100,"1,000 to 1,100",Jan-26
MARINA ONE RESIDENCES,MARINA WAY,1,Non-Landed Properties,3,"10,500",140 to 150,"1,500 to 1,600",Jan-26
MARINA ONE RESIDENCES,MARINA WAY,1,Non-Landed Properties,2,"6,600",90 to 100,"1,000 to 1,100",Jan-26
MARINA ONE RESIDENCES,MARINA WAY,1,Non-Landed Properties,1,"4,700",60 to 70,600 to 700,Jan-26
MARINA ONE RESIDENCES,MARINA WAY,1,Non-Landed Properties,2,"7,000",90 to 100,"1,000 to 1,100",Jan-26
MARINA ONE RESIDENCES,MARINA WAY,1,Non-Landed Properties,3,"12,000",140 to 150,"1,500 to 1,600",Jan-26
MARINA ONE RESIDENCES,MARINA WAY,1,Non-Landed Properties,1,"4,875",60 to 70,700 to 800,Jan-26
MARINA ONE RESIDENCES,MARINA WAY,1,Non-Landed Properties,2,"7,000",100 to 110,"1,100 to 1,200",Jan-26
MARINA ONE RESIDENCES,MARINA WAY,1,Non-Landed Properties,1,"5,000",60 to 70,700 to 800,Jan-26
MARINA ONE RESIDENCES,MARINA WAY,1,Non-Landed Properties,2,"7,000",90 to 100,"1,000 to 1,100",Jan-26
MARINA ONE RESIDENCES,MARINA WAY,1,Non-Landed Properties,1,"5,000",60 to 70,600 to 700,Jan-26
MARINA ONE RESIDENCES,MARINA WAY,1,Non-Landed Properties,2,"8,000",100 to 110,"1,100 to 1,200",Jan-26
MARINA ONE RESIDENCES,MARINA WAY,1,Non-Landed Properties,3,"10,240",140 to 150,"1,500 to 1,600",Jan-26
MARINA ONE RESIDENCES,MARINA WAY,1,Non-Landed Properties,1,"4,300",60 to 70,600 to 700,Jan-26
MARINA ONE RESIDENCES,MARINA WAY,1,Non-Landed Properties,1,"4,500",60 to 70,700 to 800,Jan-26
MARINA ONE RESIDENCES,MARINA WAY,1,Non-Landed Properties,3,"10,000",140 to 150,"1,500 to 1,600",Jan-26
MARINA ONE RESIDENCES,MARINA WAY,1,Non-Landed Properties,2,"8,600",100 to 110,"1,100 to 1,200",Jan-26
MARINA ONE RESIDENCES,MARINA WAY,1,Non-Landed Properties,1,"4,700",70 to 80,700 to 800,Jan-26
MARINA ONE RESIDENCES,MARINA WAY,1,Non-Landed Properties,3,"9,200",140 to 150,"1,500 to 1,600",Jan-26
MARINA ONE RESIDENCES,MARINA WAY,1,Non-Landed Properties,2,"7,500",100 to 110,"1,100 to 1,200",Jan-26
MARINA ONE RESIDENCES,MARINA WAY,1,Non-Landed Properties,1,"4,750",70 to 80,700 to 800,Jan-26
MARINA ONE RESIDENCES,MARINA WAY,1,Non-Landed Properties,2,"8,000",100 to 110,"1,100 to 1,200",Jan-26
MARINA ONE RESIDENCES,MARINA WAY,1,Non-Landed Properties,1,"5,200",60 to 70,600 to 700,Jan-26
MARINA ONE RESIDENCES,MARINA WAY,1,Non-Landed Properties,1,"4,600",60 to 70,700 to 800,Jan-26
MARINA ONE RESIDENCES,MARINA WAY,1,Non-Landed Properties,2,"9,100",100 to 110,"1,100 to 1,200",Jan-26
MARINA ONE RESIDENCES,MARINA WAY,1,Non-Landed Properties,1,"5,200",60 to 70,600 to 700,Jan-26
MARINA ONE RESIDENCES,MARINA WAY,1,Non-Landed Properties,2,"8,200",100 to 110,"1,100 to 1,200",Jan-26
THE SAIL @ MARINA BAY,MARINA BOULEVARD,1,Non-Landed Properties,2,"6,000",70 to 80,800 to 900,Jan-26
THE SAIL @ MARINA BAY,MARINA BOULEVARD,1,Non-Landed Properties,1,"4,350",50 to 60,600 to 700,Jan-26
THE SAIL @ MARINA BAY,MARINA BOULEVARD,1,Non-Landed Properties,1,"4,200",60 to 70,600 to 700,Jan-26
THE SAIL @ MARINA BAY,MARINA BOULEVARD,1,Non-Landed Properties,2,"3,250",70 to 80,800 to 900,Jan-26
THE SAIL @ MARINA BAY,MARINA BOULEVARD,1,Non-Landed Properties,4,"16,300",150 to 160,"1,600 to 1,700",Jan-26
THE SAIL @ MARINA BAY,MARINA BOULEVARD,1,Non-Landed Properties,3,"8,300",120 to 130,"1,300 to 1,400",Jan-26
THE SAIL @ MARINA BAY,MARINA BOULEVARD,1,Non-Landed Properties,4,"12,500",210 to 220,"2,200 to 2,300",Jan-26
THE SAIL @ MARINA BAY,MARINA BOULEVARD,1,Non-Landed Properties,1,"5,000",70 to 80,700 to 800,Jan-26
THE SAIL @ MARINA BAY,MARINA BOULEVARD,1,Non-Landed Properties,1,"3,900",50 to 60,600 to 700,Jan-26
THE SAIL @ MARINA BAY,MARINA BOULEVARD,1,Non-Landed Properties,1,"4,000",50 to 60,600 to 700,Jan-26
THE SAIL @ MARINA BAY,MARINA BOULEVARD,1,Non-Landed Properties,1,"4,500",50 to 60,600 to 700,Jan-26
THE SAIL @ MARINA BAY,MARINA BOULEVARD,1,Non-Landed Properties,4,"9,000",150 to 160,"1,600 to 1,700",Jan-26
THE SAIL @ MARINA BAY,MARINA BOULEVARD,1,Non-Landed Properties,1,"4,300",60 to 70,600 to 700,Jan-26
THE SAIL @ MARINA BAY,MARINA BOULEVARD,1,Non-Landed Properties,3,"8,000",120 to 130,"1,300 to 1,400",Jan-26
THE SAIL @ MARINA BAY,MARINA BOULEVARD,1,Non-Landed Properties,1,"5,300",60 to 70,600 to 700,Jan-26
THE SAIL @ MARINA BAY,MARINA BOULEVARD,1,Non-Landed Properties,2,"8,000",90 to 100,"1,000 to 1,100",Jan-26
THE SAIL @ MARINA BAY,MARINA BOULEVARD,1,Non-Landed Properties,4,"12,000",190 to 200,"2,100 to 2,200",Jan-26
THE SAIL @ MARINA BAY,MARINA BOULEVARD,1,Non-Landed Properties,2,"4,500",80 to 90,800 to 900,Jan-26
THE SAIL @ MARINA BAY,MARINA BOULEVARD,1,Non-Landed Properties,1,"4,500",60 to 70,600 to 700,Jan-26
THE SAIL @ MARINA BAY,MARINA BOULEVARD,1,Non-Landed Properties,2,"7,500",90 to 100,"1,000 to 1,100",Jan-26
THE SAIL @ MARINA BAY,MARINA BOULEVARD,1,Non-Landed Properties,1,"4,200",60 to 70,600 to 700,Jan-26
THE SAIL @ MARINA BAY,MARINA BOULEVARD,1,Non-Landed Properties,2,"6,900",80 to 90,800 to 900,Jan-26
THE SAIL @ MARINA BAY,MARINA BOULEVARD,1,Non-Landed Properties,1,"4,500",60 to 70,600 to 700,Jan-26
THE SAIL @ MARINA BAY,MARINA BOULEVARD,1,Non-Landed Properties,1,"4,400",50 to 60,500 to 600,Jan-26
THE SAIL @ MARINA BAY,MARINA BOULEVARD,1,Non-Landed Properties,1,"3,900",50 to 60,500 to 600,Jan-26
THE SAIL @ MARINA BAY,MARINA BOULEVARD,1,Non-Landed Properties,2,"6,800",90 to 100,"1,000 to 1,100",Jan-26
THE SAIL @ MARINA BAY,MARINA BOULEVARD,1,Non-Landed Properties,2,"7,000",90 to 100,"1,000 to 1,100",Jan-26
THE SAIL @ MARINA BAY,MARINA BOULEVARD,1,Non-Landed Properties,3,"12,000",170 to 180,"1,800 to 1,900",Jan-26
THE SAIL @ MARINA BAY,MARINA BOULEVARD,1,Non-Landed Properties,4,"9,000",160 to 170,"1,800 to 1,900",Jan-26
THE SAIL @ MARINA BAY,MARINA BOULEVARD,1,Non-Landed Properties,4,"10,500",170 to 180,"1,800 to 1,900",Jan-26
THE SAIL @ MARINA BAY,MARINA BOULEVARD,1,Non-Landed Properties,2,"5,900",80 to 90,800 to 900,Jan-26
THE SAIL @ MARINA BAY,MARINA BOULEVARD,1,Non-Landed Properties,1,"4,700",70 to 80,800 to 900,Jan-26
THE SAIL @ MARINA BAY,MARINA BOULEVARD,1,Non-Landed Properties,2,"5,500",80 to 90,800 to 900,Jan-26
THE SAIL @ MARINA BAY,MARINA BOULEVARD,1,Non-Landed Properties,1,"4,200",60 to 70,600 to 700,Jan-26
THE SAIL @ MARINA BAY,MARINA BOULEVARD,1,Non-Landed Properties,1,"6,000",60 to 70,600 to 700,Jan-26
THE SAIL @ MARINA BAY,MARINA BOULEVARD,1,Non-Landed Properties,3,"9,350",100 to 110,"1,100 to 1,200",Jan-26
THE SAIL @ MARINA BAY,MARINA BOULEVARD,1,Non-Landed Properties,2,"7,400",90 to 100,"1,000 to 1,100",Jan-26
THE SAIL @ MARINA BAY,MARINA BOULEVARD,1,Non-Landed Properties,2,"6,500",90 to 100,"1,000 to 1,100",Jan-26
THE SAIL @ MARINA BAY,MARINA BOULEVARD,1,Non-Landed Properties,1,"4,100",50 to 60,500 to 600,Jan-26
THE SAIL @ MARINA BAY,MARINA BOULEVARD,1,Non-Landed Properties,2,"7,250",80 to 90,"900 to 1,000",Jan-26
THE SAIL @ MARINA BAY,MARINA BOULEVARD,1,Non-Landed Properties,3,"8,800",100 to 110,"1,100 to 1,200",Jan-26
THE SAIL @ MARINA BAY,MARINA BOULEVARD,1,Non-Landed Properties,2,"6,800",80 to 90,800 to 900,Jan-26
THE SAIL @ MARINA BAY,MARINA BOULEVARD,1,Non-Landed Properties,3,"15,000",180 to 190,"2,000 to 2,100",Jan-26
THE SAIL @ MARINA BAY,MARINA BOULEVARD,1,Non-Landed Properties,1,"4,200",60 to 70,600 to 700,Jan-26
THE SAIL @ MARINA BAY,MARINA BOULEVARD,1,Non-Landed Properties,4,"13,500",200 to 210,"2,100 to 2,200",Jan-26
THE RIVERSIDE PIAZZA,KENG CHEOW STREET,1,Non-Landed Properties,3,"5,300",110 to 120,"1,200 to 1,300",Jan-26
V ON SHENTON,SHENTON WAY,1,Non-Landed Properties,1,"4,300",60 to 70,700 to 800,Jan-26
V ON SHENTON,SHENTON WAY,1,Non-Landed Properties,NA,"3,850",40 to 50,400 to 500,Jan-26
V ON SHENTON,SHENTON WAY,1,Non-Landed Properties,NA,"3,500",40 to 50,400 to 500,Jan-26
V ON SHENTON,SHENTON WAY,1,Non-Landed Properties,2,"5,500",80 to 90,800 to 900,Jan-26
V ON SHENTON,SHENTON WAY,1,Non-Landed Properties,NA,"3,600",40 to 50,400 to 500,Jan-26
V ON SHENTON,SHENTON WAY,1,Non-Landed Properties,1,"3,500",40 to 50,500 to 600,Jan-26
V ON SHENTON,SHENTON WAY,1,Non-Landed Properties,3,"8,600",120 to 130,"1,300 to 1,400",Jan-26
V ON SHENTON,SHENTON WAY,1,Non-Landed Properties,NA,"3,500",40 to 50,400 to 500,Jan-26
V ON SHENTON,SHENTON WAY,1,Non-Landed Properties,2,"6,500",110 to 120,"1,200 to 1,300",Jan-26
V ON SHENTON,SHENTON WAY,1,Non-Landed Properties,2,"7,000",110 to 120,"1,200 to 1,300",Jan-26
V ON SHENTON,SHENTON WAY,1,Non-Landed Properties,2,"5,500",90 to 100,"1,000 to 1,100",Jan-26
V ON SHENTON,SHENTON WAY,1,Non-Landed Properties,2,"6,000",80 to 90,"900 to 1,000",Jan-26
V ON SHENTON,SHENTON WAY,1,Non-Landed Properties,NA,"3,500",40 to 50,400 to 500,Jan-26
V ON SHENTON,SHENTON WAY,1,Non-Landed Properties,2,"6,500",90 to 100,"1,000 to 1,100",Jan-26
V ON SHENTON,SHENTON WAY,1,Non-Landed Properties,NA,"4,000",40 to 50,400 to 500,Jan-26
V ON SHENTON,SHENTON WAY,1,Non-Landed Properties,NA,"4,000",40 to 50,400 to 500,Jan-26
V ON SHENTON,SHENTON WAY,1,Non-Landed Properties,2,"5,900",80 to 90,"900 to 1,000",Jan-26
V ON SHENTON,SHENTON WAY,1,Non-Landed Properties,1,"4,200",60 to 70,600 to 700,Jan-26
V ON SHENTON,SHENTON WAY,1,Non-Landed Properties,3,"9,000",140 to 150,"1,500 to 1,600",Jan-26
V ON SHENTON,SHENTON WAY,1,Non-Landed Properties,1,"4,300",60 to 70,700 to 800,Jan-26
V ON SHENTON,SHENTON WAY,1,Non-Landed Properties,2,"5,600",90 to 100,"1,000 to 1,100",Jan-26
V ON SHENTON,SHENTON WAY,1,Non-Landed Properties,NA,"3,600",40 to 50,400 to 500,Jan-26
V ON SHENTON,SHENTON WAY,1,Non-Landed Properties,NA,"3,500",40 to 50,400 to 500,Jan-26
ROBINSON SUITES,ROBINSON ROAD,1,Non-Landed Properties,2,"4,100",50 to 60,600 to 700,Jan-26
ROBINSON SUITES,ROBINSON ROAD,1,Non-Landed Properties,1,"3,500",40 to 50,500 to 600,Jan-26
ROBINSON SUITES,ROBINSON ROAD,1,Non-Landed Properties,1,"4,000",40 to 50,400 to 500,Jan-26
ROBINSON SUITES,ROBINSON ROAD,1,Non-Landed Properties,1,"3,600",40 to 50,400 to 500,Jan-26
ROBINSON SUITES,ROBINSON ROAD,1,Non-Landed Properties,2,"4,300",50 to 60,600 to 700,Jan-26
ROBINSON SUITES,ROBINSON ROAD,1,Non-Landed Properties,1,"3,700",40 to 50,400 to 500,Jan-26
ROBINSON SUITES,ROBINSON ROAD,1,Non-Landed Properties,2,"4,300",50 to 60,600 to 700,Jan-26
ROBINSON SUITES,ROBINSON ROAD,1,Non-Landed Properties,1,"3,800",40 to 50,400 to 500,Jan-26
ROBINSON SUITES,ROBINSON ROAD,1,Non-Landed Properties,2,"4,400",50 to 60,600 to 700,Jan-26
ROBINSON SUITES,ROBINSON ROAD,1,Non-Landed Properties,1,"3,700",40 to 50,400 to 500,Jan-26
ROBINSON SUITES,ROBINSON ROAD,1,Non-Landed Properties,2,"4,000",50 to 60,600 to 700,Jan-26
ROBINSON SUITES,ROBINSON ROAD,1,Non-Landed Properties,2,"4,200",50 to 60,600 to 700,Jan-26
ROBINSON SUITES,ROBINSON ROAD,1,Non-Landed Properties,1,"3,750",40 to 50,400 to 500,Jan-26
ROBINSON SUITES,ROBINSON ROAD,1,Non-Landed Properties,1,"3,500",40 to 50,400 to 500,Jan-26
ROBINSON SUITES,ROBINSON ROAD,1,Non-Landed Properties,2,"4,050",50 to 60,600 to 700,Jan-26
ROBINSON SUITES,ROBINSON ROAD,1,Non-Landed Properties,1,"3,700",40 to 50,400 to 500,Jan-26
ROBINSON SUITES,ROBINSON ROAD,1,Non-Landed Properties,1,"3,500",40 to 50,400 to 500,Jan-26
ROBINSON SUITES,ROBINSON ROAD,1,Non-Landed Properties,2,"4,200",50 to 60,600 to 700,Jan-26
MARINA BAY SUITES,CENTRAL BOULEVARD,1,Non-Landed Properties,3,"10,500",140 to 150,"1,500 to 1,600",Jan-26
MARINA BAY SUITES,CENTRAL BOULEVARD,1,Non-Landed Properties,4,"12,800",190 to 200,"2,000 to 2,100",Jan-26
MARINA BAY SUITES,CENTRAL BOULEVARD,1,Non-Landed Properties,3,"10,500",140 to 150,"1,500 to 1,600",Jan-26
MARINA BAY SUITES,CENTRAL BOULEVARD,1,Non-Landed Properties,4,"17,000",240 to 250,"2,600 to 2,700",Jan-26
MARINA BAY SUITES,CENTRAL BOULEVARD,1,Non-Landed Properties,4,"12,500",190 to 200,"2,000 to 2,100",Jan-26
RIVERWALK APARTMENTS,UPPER CIRCULAR ROAD,1,Non-Landed Properties,3,"7,300",140 to 150,"1,600 to 1,700",Jan-26
MARINA BAY RESIDENCES,MARINA BOULEVARD,1,Non-Landed Properties,2,"8,000",90 to 100,"1,000 to 1,100",Jan-26
MARINA BAY RESIDENCES,MARINA BOULEVARD,1,Non-Landed Properties,3,"16,530",150 to 160,"1,600 to 1,700",Jan-26
MARINA BAY RESIDENCES,MARINA BOULEVARD,1,Non-Landed Properties,3,"12,000",150 to 160,"1,600 to 1,700",Jan-26
MARINA BAY RESIDENCES,MARINA BOULEVARD,1,Non-Landed Properties,2,"8,700",110 to 120,"1,200 to 1,300",Jan-26
MARINA BAY RESIDENCES,MARINA BOULEVARD,1,Non-Landed Properties,1,"5,500",60 to 70,700 to 800,Jan-26
MARINA BAY RESIDENCES,MARINA BOULEVARD,1,Non-Landed Properties,3,"19,000",180 to 190,"1,900 to 2,000",Jan-26
MARINA BAY RESIDENCES,MARINA BOULEVARD,1,Non-Landed Properties,1,"5,700",60 to 70,700 to 800,Jan-26
MARINA BAY RESIDENCES,MARINA BOULEVARD,1,Non-Landed Properties,2,"7,800",90 to 100,"1,000 to 1,100",Jan-26
MARINA BAY RESIDENCES,MARINA BOULEVARD,1,Non-Landed Properties,2,"7,800",90 to 100,"1,000 to 1,100",Jan-26
MARINA BAY RESIDENCES,MARINA BOULEVARD,1,Non-Landed Properties,3,"13,080",150 to 160,"1,600 to 1,700",Jan-26
MARINA BAY RESIDENCES,MARINA BOULEVARD,1,Non-Landed Properties,1,"5,500",60 to 70,700 to 800,Jan-26
MARINA BAY RESIDENCES,MARINA BOULEVARD,1,Non-Landed Properties,2,"8,500",90 to 100,"1,000 to 1,100",Jan-26
MARINA BAY RESIDENCES,MARINA BOULEVARD,1,Non-Landed Properties,1,"5,500",60 to 70,700 to 800,Jan-26
MARINA BAY RESIDENCES,MARINA BOULEVARD,1,Non-Landed Properties,3,"17,800",180 to 190,"1,900 to 2,000",Jan-26
MARINA BAY RESIDENCES,MARINA BOULEVARD,1,Non-Landed Properties,2,"8,000",110 to 120,"1,200 to 1,300",Jan-26
MARINA BAY RESIDENCES,MARINA BOULEVARD,1,Non-Landed Properties,2,"9,500",110 to 120,"1,200 to 1,300",Jan-26
THE CLIFT,MCCALLUM STREET,1,Non-Landed Properties,1,"3,900",40 to 50,500 to 600,Dec-25
THE CLIFT,MCCALLUM STREET,1,Non-Landed Properties,1,"4,750",40 to 50,500 to 600,Dec-25
THE CLIFT,MCCALLUM STREET,1,Non-Landed Properties,2,"4,500",70 to 80,700 to 800,Dec-25
THE CLIFT,MCCALLUM STREET,1,Non-Landed Properties,1,"4,000",40 to 50,500 to 600,Dec-25
THE CLIFT,MCCALLUM STREET,1,Non-Landed Properties,1,"3,800",40 to 50,500 to 600,Dec-25
THE CLIFT,MCCALLUM STREET,1,Non-Landed Properties,1,"4,000",40 to 50,500 to 600,Dec-25
THE CLIFT,MCCALLUM STREET,1,Non-Landed Properties,1,"4,850",70 to 80,800 to 900,Dec-25
THE CLIFT,MCCALLUM STREET,1,Non-Landed Properties,2,"5,500",70 to 80,700 to 800,Dec-25
THE CLIFT,MCCALLUM STREET,1,Non-Landed Properties,1,"4,000",50 to 60,500 to 600,Dec-25
THE CLIFT,MCCALLUM STREET,1,Non-Landed Properties,2,"6,750",90 to 100,"1,000 to 1,100",Dec-25
THE CLIFT,MCCALLUM STREET,1,Non-Landed Properties,1,"3,800",40 to 50,500 to 600,Dec-25
THE CLIFT,MCCALLUM STREET,1,Non-Landed Properties,1,"4,500",40 to 50,400 to 500,Dec-25
ONE SHENTON,SHENTON WAY,1,Non-Landed Properties,1,"4,200",50 to 60,500 to 600,Dec-25
ONE SHENTON,SHENTON WAY,1,Non-Landed Properties,2,"6,500",110 to 120,"1,100 to 1,200",Dec-25
ONE SHENTON,SHENTON WAY,1,Non-Landed Properties,1,"5,200",80 to 90,"900 to 1,000",Dec-25
ONE SHENTON,SHENTON WAY,1,Non-Landed Properties,1,"4,450",50 to 60,500 to 600,Dec-25
ONE SHENTON,SHENTON WAY,1,Non-Landed Properties,2,"6,150",100 to 110,"1,100 to 1,200",Dec-25
PEOPLE'S PARK COMPLEX,PARK ROAD,1,Non-Landed Properties,1,"2,750",40 to 50,400 to 500,Dec-25
PEOPLE'S PARK COMPLEX,PARK ROAD,1,Non-Landed Properties,3,"3,900",100 to 110,"1,100 to 1,200",Dec-25
PEOPLE'S PARK COMPLEX,PARK ROAD,1,Non-Landed Properties,1,"2,800",40 to 50,400 to 500,Dec-25
PEOPLE'S PARK COMPLEX,PARK ROAD,1,Non-Landed Properties,1,"2,400",30 to 40,400 to 500,Dec-25
EMERALD GARDEN,CLUB STREET,1,Non-Landed Properties,2,"5,000",80 to 90,"900 to 1,000",Dec-25
EMERALD GARDEN,CLUB STREET,1,Non-Landed Properties,3,"6,300",110 to 120,"1,200 to 1,300",Dec-25
EMERALD GARDEN,CLUB STREET,1,Non-Landed Properties,1,"4,800",70 to 80,800 to 900,Dec-25
EMERALD GARDEN,CLUB STREET,1,Non-Landed Properties,3,"8,400",140 to 150,"1,500 to 1,600",Dec-25
EMERALD GARDEN,CLUB STREET,1,Non-Landed Properties,1,"4,600",70 to 80,800 to 900,Dec-25
MARINA ONE RESIDENCES,MARINA WAY,1,Non-Landed Properties,3,"10,500",140 to 150,"1,500 to 1,600",Dec-25
MARINA ONE RESIDENCES,MARINA WAY,1,Non-Landed Properties,1,"4,600",60 to 70,700 to 800,Dec-25
MARINA ONE RESIDENCES,MARINA WAY,1,Non-Landed Properties,2,"7,500",100 to 110,"1,100 to 1,200",Dec-25
MARINA ONE RESIDENCES,MARINA WAY,1,Non-Landed Properties,1,"4,000",60 to 70,600 to 700,Dec-25
MARINA ONE RESIDENCES,MARINA WAY,1,Non-Landed Properties,2,"7,980",100 to 110,"1,100 to 1,200",Dec-25
MARINA ONE RESIDENCES,MARINA WAY,1,Non-Landed Properties,2,"6,800",100 to 110,"1,100 to 1,200",Dec-25
MARINA ONE RESIDENCES,MARINA WAY,1,Non-Landed Properties,1,"4,300",60 to 70,600 to 700,Dec-25
MARINA ONE RESIDENCES,MARINA WAY,1,Non-Landed Properties,1,"4,800",60 to 70,700 to 800,Dec-25
MARINA ONE RESIDENCES,MARINA WAY,1,Non-Landed Properties,1,"4,350",70 to 80,700 to 800,Dec-25
MARINA ONE RESIDENCES,MARINA WAY,1,Non-Landed Properties,1,"4,400",60 to 70,600 to 700,Dec-25
MARINA ONE RESIDENCES,MARINA WAY,1,Non-Landed Properties,1,"4,350",60 to 70,700 to 800,Dec-25
MARINA ONE RESIDENCES,MARINA WAY,1,Non-Landed Properties,1,"4,400",60 to 70,700 to 800,Dec-25
MARINA ONE RESIDENCES,MARINA WAY,1,Non-Landed Properties,1,"4,500",60 to 70,700 to 800,Dec-25
MARINA ONE RESIDENCES,MARINA WAY,1,Non-Landed Properties,1,"5,000",60 to 70,600 to 700,Dec-25
MARINA ONE RESIDENCES,MARINA WAY,1,Non-Landed Properties,2,"7,000",100 to 110,"1,100 to 1,200",Dec-25
MARINA ONE RESIDENCES,MARINA WAY,1,Non-Landed Properties,1,"4,500",60 to 70,700 to 800,Dec-25
MARINA ONE RESIDENCES,MARINA WAY,1,Non-Landed Properties,1,"4,500",70 to 80,700 to 800,Dec-25
MARINA ONE RESIDENCES,MARINA WAY,1,Non-Landed Properties,2,"7,100",100 to 110,"1,100 to 1,200",Dec-25
MARINA ONE RESIDENCES,MARINA WAY,1,Non-Landed Properties,2,"6,800",90 to 100,"1,000 to 1,100",Dec-25
MARINA ONE RESIDENCES,MARINA WAY,1,Non-Landed Properties,2,"7,200",100 to 110,"1,100 to 1,200",Dec-25
MARINA ONE RESIDENCES,MARINA WAY,1,Non-Landed Properties,1,"4,300",60 to 70,700 to 800,Dec-25
MARINA ONE RESIDENCES,MARINA WAY,1,Non-Landed Properties,1,"4,500",70 to 80,700 to 800,Dec-25
MARINA ONE RESIDENCES,MARINA WAY,1,Non-Landed Properties,1,"4,550",60 to 70,700 to 800,Dec-25
MARINA ONE RESIDENCES,MARINA WAY,1,Non-Landed Properties,2,"7,500",100 to 110,"1,100 to 1,200",Dec-25
MARINA ONE RESIDENCES,MARINA WAY,1,Non-Landed Properties,1,"4,500",60 to 70,600 to 700,Dec-25
MARINA ONE RESIDENCES,MARINA WAY,1,Non-Landed Properties,1,"4,550",60 to 70,700 to 800,Dec-25
MARINA ONE RESIDENCES,MARINA WAY,1,Non-Landed Properties,1,"4,200",60 to 70,700 to 800,Dec-25
MARINA ONE RESIDENCES,MARINA WAY,1,Non-Landed Properties,2,"7,700",100 to 110,"1,100 to 1,200",Dec-25
MARINA ONE RESIDENCES,MARINA WAY,1,Non-Landed Properties,1,"4,300",60 to 70,600 to 700,Dec-25
MARINA ONE RESIDENCES,MARINA WAY,1,Non-Landed Properties,2,"7,500",100 to 110,"1,100 to 1,200",Dec-25
MARINA ONE RESIDENCES,MARINA WAY,1,Non-Landed Properties,1,"4,300",60 to 70,700 to 800,Dec-25
MARINA ONE RESIDENCES,MARINA WAY,1,Non-Landed Properties,2,"7,500",100 to 110,"1,100 to 1,200",Dec-25
MARINA ONE RESIDENCES,MARINA WAY,1,Non-Landed Properties,2,"8,200",110 to 120,"1,200 to 1,300",Dec-25
MARINA ONE RESIDENCES,MARINA WAY,1,Non-Landed Properties,1,"4,550",60 to 70,700 to 800,Dec-25
MARINA ONE RESIDENCES,MARINA WAY,1,Non-Landed Properties,2,"7,600",100 to 110,"1,100 to 1,200",Dec-25
MARINA ONE RESIDENCES,MARINA WAY,1,Non-Landed Properties,1,"4,500",60 to 70,700 to 800,Dec-25
MARINA ONE RESIDENCES,MARINA WAY,1,Non-Landed Properties,2,"8,200",100 to 110,"1,100 to 1,200",Dec-25
MARINA ONE RESIDENCES,MARINA WAY,1,Non-Landed Properties,1,"5,500",60 to 70,700 to 800,Dec-25
MARINA ONE RESIDENCES,MARINA WAY,1,Non-Landed Properties,2,"8,000",100 to 110,"1,100 to 1,200",Dec-25
MARINA ONE RESIDENCES,MARINA WAY,1,Non-Landed Properties,1,"4,400",60 to 70,700 to 800,Dec-25
MARINA ONE RESIDENCES,MARINA WAY,1,Non-Landed Properties,1,"4,500",60 to 70,700 to 800,Dec-25
MARINA ONE RESIDENCES,MARINA WAY,1,Non-Landed Properties,1,"4,500",60 to 70,600 to 700,Dec-25
THE SAIL @ MARINA BAY,MARINA BOULEVARD,1,Non-Landed Properties,1,"4,300",50 to 60,600 to 700,Dec-25
THE SAIL @ MARINA BAY,MARINA BOULEVARD,1,Non-Landed Properties,2,"5,700",70 to 80,800 to 900,Dec-25
THE SAIL @ MARINA BAY,MARINA BOULEVARD,1,Non-Landed Properties,2,"5,400",70 to 80,800 to 900,Dec-25
THE SAIL @ MARINA BAY,MARINA BOULEVARD,1,Non-Landed Properties,1,"4,500",50 to 60,600 to 700,Dec-25
THE SAIL @ MARINA BAY,MARINA BOULEVARD,1,Non-Landed Properties,1,"4,500",50 to 60,600 to 700,Dec-25
THE SAIL @ MARINA BAY,MARINA BOULEVARD,1,Non-Landed Properties,3,"7,900",120 to 130,"1,300 to 1,400",Dec-25
THE SAIL @ MARINA BAY,MARINA BOULEVARD,1,Non-Landed Properties,1,"4,850",50 to 60,600 to 700,Dec-25
THE SAIL @ MARINA BAY,MARINA BOULEVARD,1,Non-Landed Properties,1,"4,200",50 to 60,600 to 700,Dec-25
THE SAIL @ MARINA BAY,MARINA BOULEVARD,1,Non-Landed Properties,1,"4,700",50 to 60,600 to 700,Dec-25
THE SAIL @ MARINA BAY,MARINA BOULEVARD,1,Non-Landed Properties,1,"4,100",60 to 70,600 to 700,Dec-25
THE SAIL @ MARINA BAY,MARINA BOULEVARD,1,Non-Landed Properties,4,"8,800",150 to 160,"1,600 to 1,700",Dec-25
THE SAIL @ MARINA BAY,MARINA BOULEVARD,1,Non-Landed Properties,4,"8,500",150 to 160,"1,600 to 1,700",Dec-25
THE SAIL @ MARINA BAY,MARINA BOULEVARD,1,Non-Landed Properties,3,"8,100",120 to 130,"1,300 to 1,400",Dec-25
THE SAIL @ MARINA BAY,MARINA BOULEVARD,1,Non-Landed Properties,1,"4,400",60 to 70,600 to 700,Dec-25
THE SAIL @ MARINA BAY,MARINA BOULEVARD,1,Non-Landed Properties,1,"4,000",60 to 70,600 to 700,Dec-25
THE SAIL @ MARINA BAY,MARINA BOULEVARD,1,Non-Landed Properties,1,"4,800",50 to 60,600 to 700,Dec-25
THE SAIL @ MARINA BAY,MARINA BOULEVARD,1,Non-Landed Properties,2,"6,200",70 to 80,800 to 900,Dec-25
THE SAIL @ MARINA BAY,MARINA BOULEVARD,1,Non-Landed Properties,1,"4,500",50 to 60,600 to 700,Dec-25
THE SAIL @ MARINA BAY,MARINA BOULEVARD,1,Non-Landed Properties,2,"6,700",80 to 90,"900 to 1,000",Dec-25
THE SAIL @ MARINA BAY,MARINA BOULEVARD,1,Non-Landed Properties,1,"4,000",60 to 70,600 to 700,Dec-25
THE SAIL @ MARINA BAY,MARINA BOULEVARD,1,Non-Landed Properties,1,"4,650",50 to 60,600 to 700,Dec-25
THE SAIL @ MARINA BAY,MARINA BOULEVARD,1,Non-Landed Properties,2,"6,500",70 to 80,800 to 900,Dec-25
THE SAIL @ MARINA BAY,MARINA BOULEVARD,1,Non-Landed Properties,2,"6,000",80 to 90,800 to 900,Dec-25
THE SAIL @ MARINA BAY,MARINA BOULEVARD,1,Non-Landed Properties,1,"5,300",60 to 70,600 to 700,Dec-25
THE SAIL @ MARINA BAY,MARINA BOULEVARD,1,Non-Landed Properties,1,"4,300",50 to 60,500 to 600,Dec-25
THE SAIL @ MARINA BAY,MARINA BOULEVARD,1,Non-Landed Properties,2,"7,000",80 to 90,"900 to 1,000",Dec-25
THE SAIL @ MARINA BAY,MARINA BOULEVARD,1,Non-Landed Properties,2,"6,400",80 to 90,"900 to 1,000",Dec-25
THE SAIL @ MARINA BAY,MARINA BOULEVARD,1,Non-Landed Properties,1,"5,000",60 to 70,600 to 700,Dec-25
THE SAIL @ MARINA BAY,MARINA BOULEVARD,1,Non-Landed Properties,2,"6,400",80 to 90,800 to 900,Dec-25
THE SAIL @ MARINA BAY,MARINA BOULEVARD,1,Non-Landed Properties,4,"12,750",200 to 210,"2,100 to 2,200",Dec-25
THE SAIL @ MARINA BAY,MARINA BOULEVARD,1,Non-Landed Properties,3,"7,200",100 to 110,"1,100 to 1,200",Dec-25
THE SAIL @ MARINA BAY,MARINA BOULEVARD,1,Non-Landed Properties,2,"5,800",80 to 90,800 to 900,Dec-25
THE SAIL @ MARINA BAY,MARINA BOULEVARD,1,Non-Landed Properties,1,"5,300",60 to 70,600 to 700,Dec-25
THE SAIL @ MARINA BAY,MARINA BOULEVARD,1,Non-Landed Properties,1,"4,200",50 to 60,500 to 600,Dec-25
THE SAIL @ MARINA BAY,MARINA BOULEVARD,1,Non-Landed Properties,1,"4,000",60 to 70,600 to 700,Dec-25
THE SAIL @ MARINA BAY,MARINA BOULEVARD,1,Non-Landed Properties,2,"6,900",90 to 100,"1,000 to 1,100",Dec-25
THE SAIL @ MARINA BAY,MARINA BOULEVARD,1,Non-Landed Properties,3,"9,000",150 to 160,"1,700 to 1,800",Dec-25
THE SAIL @ MARINA BAY,MARINA BOULEVARD,1,Non-Landed Properties,2,"5,800",80 to 90,800 to 900,Dec-25
THE SAIL @ MARINA BAY,MARINA BOULEVARD,1,Non-Landed Properties,1,"4,000",60 to 70,600 to 700,Dec-25
THE SAIL @ MARINA BAY,MARINA BOULEVARD,1,Non-Landed Properties,1,"4,000",50 to 60,500 to 600,Dec-25
THE SAIL @ MARINA BAY,MARINA BOULEVARD,1,Non-Landed Properties,2,"6,500",90 to 100,"1,000 to 1,100",Dec-25
THE SAIL @ MARINA BAY,MARINA BOULEVARD,1,Non-Landed Properties,1,"4,300",50 to 60,500 to 600,Dec-25
THE SAIL @ MARINA BAY,MARINA BOULEVARD,1,Non-Landed Properties,2,"5,700",80 to 90,800 to 900,Dec-25
THE SAIL @ MARINA BAY,MARINA BOULEVARD,1,Non-Landed Properties,1,"5,000",50 to 60,500 to 600,Dec-25
THE SAIL @ MARINA BAY,MARINA BOULEVARD,1,Non-Landed Properties,1,"4,900",60 to 70,600 to 700,Dec-25
THE SAIL @ MARINA BAY,MARINA BOULEVARD,1,Non-Landed Properties,1,"6,000",60 to 70,600 to 700,Dec-25
THE SAIL @ MARINA BAY,MARINA BOULEVARD,1,Non-Landed Properties,1,"4,300",50 to 60,500 to 600,Dec-25
THE RIVERSIDE PIAZZA,KENG CHEOW STREET,1,Non-Landed Properties,2,"4,400",90 to 100,"1,000 to 1,100",Dec-25
PEOPLE'S PARK CENTRE,UPPER CROSS STREET,1,Non-Landed Properties,3,"5,500",150 to 160,"1,600 to 1,700",Dec-25
V ON SHENTON,SHENTON WAY,1,Non-Landed Properties,NA,"3,500",40 to 50,400 to 500,Dec-25
V ON SHENTON,SHENTON WAY,1,Non-Landed Properties,1,"4,600",60 to 70,700 to 800,Dec-25
V ON SHENTON,SHENTON WAY,1,Non-Landed Properties,2,"6,000",80 to 90,800 to 900,Dec-25
V ON SHENTON,SHENTON WAY,1,Non-Landed Properties,NA,"3,600",40 to 50,400 to 500,Dec-25
V ON SHENTON,SHENTON WAY,1,Non-Landed Properties,NA,"3,500",40 to 50,400 to 500,Dec-25
V ON SHENTON,SHENTON WAY,1,Non-Landed Properties,1,"3,500",40 to 50,500 to 600,Dec-25
V ON SHENTON,SHENTON WAY,1,Non-Landed Properties,2,"5,000",80 to 90,800 to 900,Dec-25
V ON SHENTON,SHENTON WAY,1,Non-Landed Properties,3,"9,600",140 to 150,"1,500 to 1,600",Dec-25
V ON SHENTON,SHENTON WAY,1,Non-Landed Properties,NA,"3,600",40 to 50,400 to 500,Dec-25
V ON SHENTON,SHENTON WAY,1,Non-Landed Properties,1,"3,800",40 to 50,400 to 500,Dec-25
V ON SHENTON,SHENTON WAY,1,Non-Landed Properties,1,"4,100",60 to 70,700 to 800,Dec-25
V ON SHENTON,SHENTON WAY,1,Non-Landed Properties,1,"3,300",40 to 50,400 to 500,Dec-25
V ON SHENTON,SHENTON WAY,1,Non-Landed Properties,2,"5,650",80 to 90,"900 to 1,000",Dec-25
V ON SHENTON,SHENTON WAY,1,Non-Landed Properties,1,"4,400",60 to 70,600 to 700,Dec-25
V ON SHENTON,SHENTON WAY,1,Non-Landed Properties,1,"4,500",60 to 70,600 to 700,Dec-25
V ON SHENTON,SHENTON WAY,1,Non-Landed Properties,3,"8,100",140 to 150,"1,500 to 1,600",Dec-25
V ON SHENTON,SHENTON WAY,1,Non-Landed Properties,2,"6,200",100 to 110,"1,100 to 1,200",Dec-25
V ON SHENTON,SHENTON WAY,1,Non-Landed Properties,2,"6,400",100 to 110,"1,000 to 1,100",Dec-25
V ON SHENTON,SHENTON WAY,1,Non-Landed Properties,2,"5,800",90 to 100,"1,000 to 1,100",Dec-25
V ON SHENTON,SHENTON WAY,1,Non-Landed Properties,1,"3,800",40 to 50,400 to 500,Dec-25
V ON SHENTON,SHENTON WAY,1,Non-Landed Properties,2,"5,200",90 to 100,"1,000 to 1,100",Dec-25
V ON SHENTON,SHENTON WAY,1,Non-Landed Properties,NA,"3,500",40 to 50,400 to 500,Dec-25
V ON SHENTON,SHENTON WAY,1,Non-Landed Properties,2,"6,750",90 to 100,"1,000 to 1,100",Dec-25
V ON SHENTON,SHENTON WAY,1,Non-Landed Properties,2,"3,400",100 to 110,"1,000 to 1,100",Dec-25
V ON SHENTON,SHENTON WAY,1,Non-Landed Properties,NA,"3,600",40 to 50,400 to 500,Dec-25
THE PLATINUM,UPPER CROSS STREET,1,Non-Landed Properties,NA,"3,000",40 to 50,400 to 500,Dec-25
ROBINSON SUITES,ROBINSON ROAD,1,Non-Landed Properties,1,"3,700",40 to 50,400 to 500,Dec-25
ROBINSON SUITES,ROBINSON ROAD,1,Non-Landed Properties,2,"4,200",50 to 60,600 to 700,Dec-25
ROBINSON SUITES,ROBINSON ROAD,1,Non-Landed Properties,2,"4,000",50 to 60,600 to 700,Dec-25
ROBINSON SUITES,ROBINSON ROAD,1,Non-Landed Properties,1,"3,700",40 to 50,500 to 600,Dec-25
ROBINSON SUITES,ROBINSON ROAD,1,Non-Landed Properties,1,"3,700",40 to 50,400 to 500,Dec-25
ROBINSON SUITES,ROBINSON ROAD,1,Non-Landed Properties,1,"3,780",40 to 50,400 to 500,Dec-25
ROBINSON SUITES,ROBINSON ROAD,1,Non-Landed Properties,1,"3,600",40 to 50,500 to 600,Dec-25
ROBINSON SUITES,ROBINSON ROAD,1,Non-Landed Properties,1,"3,780",40 to 50,500 to 600,Dec-25
ROBINSON SUITES,ROBINSON ROAD,1,Non-Landed Properties,2,"4,100",50 to 60,600 to 700,Dec-25
MARINA BAY SUITES,CENTRAL BOULEVARD,1,Non-Landed Properties,3,"9,500",140 to 150,"1,600 to 1,700",Dec-25
MARINA BAY SUITES,CENTRAL BOULEVARD,1,Non-Landed Properties,3,"9,800",140 to 150,"1,500 to 1,600",Dec-25
MARINA BAY SUITES,CENTRAL BOULEVARD,1,Non-Landed Properties,4,"16,200",240 to 250,"2,600 to 2,700",Dec-25
MARINA BAY SUITES,CENTRAL BOULEVARD,1,Non-Landed Properties,4,"16,960",190 to 200,"2,000 to 2,100",Dec-25
MARINA BAY SUITES,CENTRAL BOULEVARD,1,Non-Landed Properties,4,"13,500",190 to 200,"2,000 to 2,100",Dec-25
MARINA BAY SUITES,CENTRAL BOULEVARD,1,Non-Landed Properties,4,"17,000",240 to 250,"2,600 to 2,700",Dec-25
RIVERWALK APARTMENTS,UPPER CIRCULAR ROAD,1,Non-Landed Properties,2,"5,500",110 to 120,"1,200 to 1,300",Dec-25
RIVERWALK APARTMENTS,UPPER CIRCULAR ROAD,1,Non-Landed Properties,3,"7,600",140 to 150,"1,600 to 1,700",Dec-25
RIVERWALK APARTMENTS,UPPER CIRCULAR ROAD,1,Non-Landed Properties,2,"6,400",110 to 120,"1,200 to 1,300",Dec-25
MARINA BAY RESIDENCES,MARINA BOULEVARD,1,Non-Landed Properties,2,"8,000",90 to 100,"1,000 to 1,100",Dec-25
MARINA BAY RESIDENCES,MARINA BOULEVARD,1,Non-Landed Properties,2,"8,500",110 to 120,"1,200 to 1,300",Dec-25
MARINA BAY RESIDENCES,MARINA BOULEVARD,1,Non-Landed Properties,4,"33,500",>300,>3000,Dec-25
MARINA BAY RESIDENCES,MARINA BOULEVARD,1,Non-Landed Properties,3,"15,000",150 to 160,"1,600 to 1,700",Dec-25
MARINA BAY RESIDENCES,MARINA BOULEVARD,1,Non-Landed Properties,2,"7,850",100 to 110,"1,100 to 1,200",Dec-25
MARINA BAY RESIDENCES,MARINA BOULEVARD,1,Non-Landed Properties,1,"5,400",60 to 70,700 to 800,Dec-25
MARINA BAY RESIDENCES,MARINA BOULEVARD,1,Non-Landed Properties,1,"5,300",60 to 70,700 to 800,Dec-25
MARINA BAY RESIDENCES,MARINA BOULEVARD,1,Non-Landed Properties,3,"15,800",180 to 190,"1,900 to 2,000",Dec-25
MARINA BAY RESIDENCES,MARINA BOULEVARD,1,Non-Landed Properties,2,"7,500",100 to 110,"1,100 to 1,200",Dec-25
MARINA BAY RESIDENCES,MARINA BOULEVARD,1,Non-Landed Properties,2,"8,600",110 to 120,"1,200 to 1,300",Dec-25
MARINA BAY RESIDENCES,MARINA BOULEVARD,1,Non-Landed Properties,3,"11,800",150 to 160,"1,600 to 1,700",Dec-25
MARINA BAY RESIDENCES,MARINA BOULEVARD,1,Non-Landed Properties,1,"6,000",60 to 70,700 to 800,Dec-25
MARINA BAY RESIDENCES,MARINA BOULEVARD,1,Non-Landed Properties,1,"5,500",60 to 70,700 to 800,Dec-25
MARINA BAY RESIDENCES,MARINA BOULEVARD,1,Non-Landed Properties,1,"5,200",60 to 70,700 to 800,Dec-25
MARINA BAY RESIDENCES,MARINA BOULEVARD,1,Non-Landed Properties,2,"8,600",90 to 100,"1,000 to 1,100",Dec-25
THE CLIFT,MCCALLUM STREET,1,Non-Landed Properties,1,"5,200",70 to 80,700 to 800,Nov-25
THE CLIFT,MCCALLUM STREET,1,Non-Landed Properties,1,"5,000",70 to 80,700 to 800,Nov-25
THE CLIFT,MCCALLUM STREET,1,Non-Landed Properties,2,"5,200",70 to 80,700 to 800,Nov-25
THE CLIFT,MCCALLUM STREET,1,Non-Landed Properties,1,"4,000",40 to 50,400 to 500,Nov-25
THE CLIFT,MCCALLUM STREET,1,Non-Landed Properties,1,"4,200",40 to 50,400 to 500,Nov-25
THE CLIFT,MCCALLUM STREET,1,Non-Landed Properties,1,"4,000",50 to 60,500 to 600,Nov-25
THE CLIFT,MCCALLUM STREET,1,Non-Landed Properties,1,"3,800",40 to 50,500 to 600,Nov-25
THE CLIFT,MCCALLUM STREET,1,Non-Landed Properties,1,"4,100",40 to 50,500 to 600,Nov-25
THE CLIFT,MCCALLUM STREET,1,Non-Landed Properties,1,"3,800",40 to 50,500 to 600,Nov-25
THE CLIFT,MCCALLUM STREET,1,Non-Landed Properties,1,"4,000",40 to 50,500 to 600,Nov-25
THE CLIFT,MCCALLUM STREET,1,Non-Landed Properties,2,"5,500",70 to 80,700 to 800,Nov-25
THE CLIFT,MCCALLUM STREET,1,Non-Landed Properties,1,"4,900",70 to 80,700 to 800,Nov-25
THE CLIFT,MCCALLUM STREET,1,Non-Landed Properties,1,"5,000",70 to 80,700 to 800,Nov-25
THE CLIFT,MCCALLUM STREET,1,Non-Landed Properties,1,"4,100",40 to 50,500 to 600,Nov-25
ONE SHENTON,SHENTON WAY,1,Non-Landed Properties,1,"5,400",90 to 100,"1,000 to 1,100",Nov-25
ONE SHENTON,SHENTON WAY,1,Non-Landed Properties,1,"4,400",40 to 50,500 to 600,Nov-25
ONE SHENTON,SHENTON WAY,1,Non-Landed Properties,1,"4,500",50 to 60,500 to 600,Nov-25
ONE SHENTON,SHENTON WAY,1,Non-Landed Properties,2,"6,900",80 to 90,"900 to 1,000",Nov-25
ONE SHENTON,SHENTON WAY,1,Non-Landed Properties,2,"6,000",100 to 110,"1,100 to 1,200",Nov-25
ONE SHENTON,SHENTON WAY,1,Non-Landed Properties,3,"8,300",140 to 150,"1,500 to 1,600",Nov-25
ONE SHENTON,SHENTON WAY,1,Non-Landed Properties,4,"12,000",210 to 220,"2,200 to 2,300",Nov-25
ONE SHENTON,SHENTON WAY,1,Non-Landed Properties,1,"5,000",70 to 80,800 to 900,Nov-25
ONE SHENTON,SHENTON WAY,1,Non-Landed Properties,2,"6,300",110 to 120,"1,200 to 1,300",Nov-25
ONE SHENTON,SHENTON WAY,1,Non-Landed Properties,1,"4,350",40 to 50,500 to 600,Nov-25
ONE SHENTON,SHENTON WAY,1,Non-Landed Properties,1,"6,000",80 to 90,"900 to 1,000",Nov-25
ONE SHENTON,SHENTON WAY,1,Non-Landed Properties,1,"4,300",40 to 50,500 to 600,Nov-25
ONE SHENTON,SHENTON WAY,1,Non-Landed Properties,1,"4,000",50 to 60,600 to 700,Nov-25
ONE SHENTON,SHENTON WAY,1,Non-Landed Properties,1,"4,500",50 to 60,600 to 700,Nov-25
ONE SHENTON,SHENTON WAY,1,Non-Landed Properties,2,"6,100",100 to 110,"1,100 to 1,200",Nov-25
ONE SHENTON,SHENTON WAY,1,Non-Landed Properties,1,"4,600",50 to 60,600 to 700,Nov-25
ONE SHENTON,SHENTON WAY,1,Non-Landed Properties,1,"4,300",50 to 60,500 to 600,Nov-25
ONE SHENTON,SHENTON WAY,1,Non-Landed Properties,1,"4,800",70 to 80,800 to 900,Nov-25
ONE SHENTON,SHENTON WAY,1,Non-Landed Properties,1,"5,500",80 to 90,"900 to 1,000",Nov-25
ONE SHENTON,SHENTON WAY,1,Non-Landed Properties,2,"6,700",110 to 120,"1,200 to 1,300",Nov-25
ONE SHENTON,SHENTON WAY,1,Non-Landed Properties,1,"4,900",50 to 60,600 to 700,Nov-25
PEOPLE'S PARK COMPLEX,PARK ROAD,1,Non-Landed Properties,3,"5,600",100 to 110,"1,100 to 1,200",Nov-25
PEOPLE'S PARK COMPLEX,PARK ROAD,1,Non-Landed Properties,3,"5,500",100 to 110,"1,100 to 1,200",Nov-25
PEOPLE'S PARK COMPLEX,PARK ROAD,1,Non-Landed Properties,3,"5,400",100 to 110,"1,100 to 1,200",Nov-25
PEOPLE'S PARK COMPLEX,PARK ROAD,1,Non-Landed Properties,1,"2,500",30 to 40,400 to 500,Nov-25
PEOPLE'S PARK COMPLEX,PARK ROAD,1,Non-Landed Properties,4,"6,900",140 to 150,"1,600 to 1,700",Nov-25
PEOPLE'S PARK COMPLEX,PARK ROAD,1,Non-Landed Properties,1,"2,900",30 to 40,400 to 500,Nov-25
EMERALD GARDEN,CLUB STREET,1,Non-Landed Properties,2,"5,600",110 to 120,"1,200 to 1,300",Nov-25
EMERALD GARDEN,CLUB STREET,1,Non-Landed Properties,2,"5,100",80 to 90,"900 to 1,000",Nov-25
EMERALD GARDEN,CLUB STREET,1,Non-Landed Properties,3,"6,857",110 to 120,"1,200 to 1,300",Nov-25
EMERALD GARDEN,CLUB STREET,1,Non-Landed Properties,2,"6,100",100 to 110,"1,100 to 1,200",Nov-25
EMERALD GARDEN,CLUB STREET,1,Non-Landed Properties,3,"6,500",130 to 140,"1,500 to 1,600",Nov-25
EMERALD GARDEN,CLUB STREET,1,Non-Landed Properties,1,"4,600",70 to 80,800 to 900,Nov-25
MARINA ONE RESIDENCES,MARINA WAY,1,Non-Landed Properties,1,"6,200",70 to 80,700 to 800,Nov-25
MARINA ONE RESIDENCES,MARINA WAY,1,Non-Landed Properties,1,"4,600",60 to 70,700 to 800,Nov-25
MARINA ONE RESIDENCES,MARINA WAY,1,Non-Landed Properties,2,"8,000",100 to 110,"1,100 to 1,200",Nov-25
MARINA ONE RESIDENCES,MARINA WAY,1,Non-Landed Properties,1,"4,700",60 to 70,600 to 700,Nov-25
MARINA ONE RESIDENCES,MARINA WAY,1,Non-Landed Properties,1,"4,700",60 to 70,600 to 700,Nov-25
MARINA ONE RESIDENCES,MARINA WAY,1,Non-Landed Properties,2,"7,500",100 to 110,"1,100 to 1,200",Nov-25
MARINA ONE RESIDENCES,MARINA WAY,1,Non-Landed Properties,1,"4,600",70 to 80,700 to 800,Nov-25
MARINA ONE RESIDENCES,MARINA WAY,1,Non-Landed Properties,1,"4,750",60 to 70,700 to 800,Nov-25
MARINA ONE RESIDENCES,MARINA WAY,1,Non-Landed Properties,3,"11,000",140 to 150,"1,500 to 1,600",Nov-25
MARINA ONE RESIDENCES,MARINA WAY,1,Non-Landed Properties,1,"4,498",60 to 70,700 to 800,Nov-25
MARINA ONE RESIDENCES,MARINA WAY,1,Non-Landed Properties,2,"7,125",100 to 110,"1,100 to 1,200",Nov-25
MARINA ONE RESIDENCES,MARINA WAY,1,Non-Landed Properties,2,"7,300",100 to 110,"1,100 to 1,200",Nov-25
MARINA ONE RESIDENCES,MARINA WAY,1,Non-Landed Properties,1,"4,500",60 to 70,600 to 700,Nov-25
MARINA ONE RESIDENCES,MARINA WAY,1,Non-Landed Properties,1,"4,600",70 to 80,700 to 800,Nov-25
MARINA ONE RESIDENCES,MARINA WAY,1,Non-Landed Properties,1,"4,700",60 to 70,600 to 700,Nov-25
MARINA ONE RESIDENCES,MARINA WAY,1,Non-Landed Properties,1,"4,500",60 to 70,600 to 700,Nov-25
MARINA ONE RESIDENCES,MARINA WAY,1,Non-Landed Properties,1,"4,500",60 to 70,600 to 700,Nov-25
MARINA ONE RESIDENCES,MARINA WAY,1,Non-Landed Properties,1,"4,380",60 to 70,700 to 800,Nov-25
MARINA ONE RESIDENCES,MARINA WAY,1,Non-Landed Properties,1,"4,500",60 to 70,700 to 800,Nov-25
MARINA ONE RESIDENCES,MARINA WAY,1,Non-Landed Properties,2,"7,200",90 to 100,"900 to 1,000",Nov-25
MARINA ONE RESIDENCES,MARINA WAY,1,Non-Landed Properties,3,"9,500",140 to 150,"1,500 to 1,600",Nov-25
MARINA ONE RESIDENCES,MARINA WAY,1,Non-Landed Properties,1,"5,000",60 to 70,700 to 800,Nov-25
MARINA ONE RESIDENCES,MARINA WAY,1,Non-Landed Properties,3,"10,000",140 to 150,"1,500 to 1,600",Nov-25
MARINA ONE RESIDENCES,MARINA WAY,1,Non-Landed Properties,2,"6,000",90 to 100,"900 to 1,000",Nov-25
MARINA ONE RESIDENCES,MARINA WAY,1,Non-Landed Properties,1,"4,500",70 to 80,700 to 800,Nov-25
MARINA ONE RESIDENCES,MARINA WAY,1,Non-Landed Properties,2,"6,500",100 to 110,"1,100 to 1,200",Nov-25
MARINA ONE RESIDENCES,MARINA WAY,1,Non-Landed Properties,1,"4,800",60 to 70,700 to 800,Nov-25
MARINA ONE RESIDENCES,MARINA WAY,1,Non-Landed Properties,3,"10,000",140 to 150,"1,500 to 1,600",Nov-25
MARINA ONE RESIDENCES,MARINA WAY,1,Non-Landed Properties,2,"6,850",100 to 110,"1,100 to 1,200",Nov-25
MARINA ONE RESIDENCES,MARINA WAY,1,Non-Landed Properties,1,"4,400",60 to 70,600 to 700,Nov-25
MARINA ONE RESIDENCES,MARINA WAY,1,Non-Landed Properties,1,"4,200",60 to 70,700 to 800,Nov-25
THE SAIL @ MARINA BAY,MARINA BOULEVARD,1,Non-Landed Properties,3,"7,800",120 to 130,"1,300 to 1,400",Nov-25
THE SAIL @ MARINA BAY,MARINA BOULEVARD,1,Non-Landed Properties,1,"4,500",60 to 70,600 to 700,Nov-25
THE SAIL @ MARINA BAY,MARINA BOULEVARD,1,Non-Landed Properties,2,"7,000",70 to 80,800 to 900,Nov-25
THE SAIL @ MARINA BAY,MARINA BOULEVARD,1,Non-Landed Properties,2,"6,050",70 to 80,800 to 900,Nov-25
THE SAIL @ MARINA BAY,MARINA BOULEVARD,1,Non-Landed Properties,1,"4,300",50 to 60,600 to 700,Nov-25
THE SAIL @ MARINA BAY,MARINA BOULEVARD,1,Non-Landed Properties,3,"7,500",120 to 130,"1,300 to 1,400",Nov-25
THE SAIL @ MARINA BAY,MARINA BOULEVARD,1,Non-Landed Properties,1,"4,900",50 to 60,600 to 700,Nov-25
THE SAIL @ MARINA BAY,MARINA BOULEVARD,1,Non-Landed Properties,4,"10,800",150 to 160,"1,600 to 1,700",Nov-25
THE SAIL @ MARINA BAY,MARINA BOULEVARD,1,Non-Landed Properties,1,"4,200",50 to 60,600 to 700,Nov-25
THE SAIL @ MARINA BAY,MARINA BOULEVARD,1,Non-Landed Properties,2,"6,300",80 to 90,"900 to 1,000",Nov-25
THE SAIL @ MARINA BAY,MARINA BOULEVARD,1,Non-Landed Properties,3,"8,800",130 to 140,"1,400 to 1,500",Nov-25
THE SAIL @ MARINA BAY,MARINA BOULEVARD,1,Non-Landed Properties,1,"4,500",50 to 60,600 to 700,Nov-25
THE SAIL @ MARINA BAY,MARINA BOULEVARD,1,Non-Landed Properties,2,"5,200",70 to 80,800 to 900,Nov-25
THE SAIL @ MARINA BAY,MARINA BOULEVARD,1,Non-Landed Properties,1,"4,600",60 to 70,600 to 700,Nov-25
THE SAIL @ MARINA BAY,MARINA BOULEVARD,1,Non-Landed Properties,2,"6,000",70 to 80,800 to 900,Nov-25
THE SAIL @ MARINA BAY,MARINA BOULEVARD,1,Non-Landed Properties,1,"4,800",50 to 60,600 to 700,Nov-25
THE SAIL @ MARINA BAY,MARINA BOULEVARD,1,Non-Landed Properties,3,"8,000",120 to 130,"1,300 to 1,400",Nov-25
THE SAIL @ MARINA BAY,MARINA BOULEVARD,1,Non-Landed Properties,1,"4,050",50 to 60,600 to 700,Nov-25
THE SAIL @ MARINA BAY,MARINA BOULEVARD,1,Non-Landed Properties,1,"5,800",70 to 80,700 to 800,Nov-25
THE SAIL @ MARINA BAY,MARINA BOULEVARD,1,Non-Landed Properties,1,"4,100",50 to 60,600 to 700,Nov-25
THE SAIL @ MARINA BAY,MARINA BOULEVARD,1,Non-Landed Properties,1,"4,900",50 to 60,600 to 700,Nov-25
THE SAIL @ MARINA BAY,MARINA BOULEVARD,1,Non-Landed Properties,1,"4,800",60 to 70,600 to 700,Nov-25
THE SAIL @ MARINA BAY,MARINA BOULEVARD,1,Non-Landed Properties,2,"6,300",80 to 90,800 to 900,Nov-25
THE SAIL @ MARINA BAY,MARINA BOULEVARD,1,Non-Landed Properties,1,"4,400",50 to 60,500 to 600,Nov-25
THE SAIL @ MARINA BAY,MARINA BOULEVARD,1,Non-Landed Properties,2,"7,000",80 to 90,800 to 900,Nov-25
THE SAIL @ MARINA BAY,MARINA BOULEVARD,1,Non-Landed Properties,1,"4,000",50 to 60,500 to 600,Nov-25
THE SAIL @ MARINA BAY,MARINA BOULEVARD,1,Non-Landed Properties,2,"6,400",80 to 90,800 to 900,Nov-25
THE SAIL @ MARINA BAY,MARINA BOULEVARD,1,Non-Landed Properties,2,"7,000",90 to 100,"1,000 to 1,100",Nov-25
THE SAIL @ MARINA BAY,MARINA BOULEVARD,1,Non-Landed Properties,2,"6,300",80 to 90,800 to 900,Nov-25
THE SAIL @ MARINA BAY,MARINA BOULEVARD,1,Non-Landed Properties,2,"6,750",90 to 100,"1,000 to 1,100",Nov-25
THE SAIL @ MARINA BAY,MARINA BOULEVARD,1,Non-Landed Properties,2,"6,000",80 to 90,800 to 900,Nov-25
THE SAIL @ MARINA BAY,MARINA BOULEVARD,1,Non-Landed Properties,1,"4,500",60 to 70,600 to 700,Nov-25
THE SAIL @ MARINA BAY,MARINA BOULEVARD,1,Non-Landed Properties,2,"5,800",80 to 90,"900 to 1,000",Nov-25
THE SAIL @ MARINA BAY,MARINA BOULEVARD,1,Non-Landed Properties,1,"4,500",60 to 70,600 to 700,Nov-25
THE SAIL @ MARINA BAY,MARINA BOULEVARD,1,Non-Landed Properties,2,"7,700",90 to 100,"1,000 to 1,100",Nov-25
THE SAIL @ MARINA BAY,MARINA BOULEVARD,1,Non-Landed Properties,1,"5,000",60 to 70,600 to 700,Nov-25
THE SAIL @ MARINA BAY,MARINA BOULEVARD,1,Non-Landed Properties,1,"4,000",50 to 60,500 to 600,Nov-25
THE SAIL @ MARINA BAY,MARINA BOULEVARD,1,Non-Landed Properties,1,"5,000",60 to 70,600 to 700,Nov-25
THE SAIL @ MARINA BAY,MARINA BOULEVARD,1,Non-Landed Properties,1,"4,500",60 to 70,600 to 700,Nov-25
THE SAIL @ MARINA BAY,MARINA BOULEVARD,1,Non-Landed Properties,1,"4,200",60 to 70,600 to 700,Nov-25
THE SAIL @ MARINA BAY,MARINA BOULEVARD,1,Non-Landed Properties,2,"5,900",80 to 90,800 to 900,Nov-25
THE SAIL @ MARINA BAY,MARINA BOULEVARD,1,Non-Landed Properties,3,"7,500",100 to 110,"1,100 to 1,200",Nov-25
THE SAIL @ MARINA BAY,MARINA BOULEVARD,1,Non-Landed Properties,2,"6,700",90 to 100,"1,000 to 1,100",Nov-25
THE SAIL @ MARINA BAY,MARINA BOULEVARD,1,Non-Landed Properties,1,"3,900",60 to 70,600 to 700,Nov-25
THE SAIL @ MARINA BAY,MARINA BOULEVARD,1,Non-Landed Properties,2,"7,600",80 to 90,"900 to 1,000",Nov-25
THE SAIL @ MARINA BAY,MARINA BOULEVARD,1,Non-Landed Properties,2,"5,500",80 to 90,800 to 900,Nov-25
THE SAIL @ MARINA BAY,MARINA BOULEVARD,1,Non-Landed Properties,1,"4,900",60 to 70,600 to 700,Nov-25
THE SAIL @ MARINA BAY,MARINA BOULEVARD,1,Non-Landed Properties,1,"7,000",60 to 70,600 to 700,Nov-25
THE SAIL @ MARINA BAY,MARINA BOULEVARD,1,Non-Landed Properties,2,"6,200",80 to 90,800 to 900,Nov-25
THE SAIL @ MARINA BAY,MARINA BOULEVARD,1,Non-Landed Properties,2,"6,600",90 to 100,"1,000 to 1,100",Nov-25
THE SAIL @ MARINA BAY,MARINA BOULEVARD,1,Non-Landed Properties,1,"4,000",50 to 60,500 to 600,Nov-25
THE SAIL @ MARINA BAY,MARINA BOULEVARD,1,Non-Landed Properties,2,"6,800",90 to 100,"1,000 to 1,100",Nov-25
THE SAIL @ MARINA BAY,MARINA BOULEVARD,1,Non-Landed Properties,1,"4,300",60 to 70,600 to 700,Nov-25
THE SAIL @ MARINA BAY,MARINA BOULEVARD,1,Non-Landed Properties,2,"5,775",80 to 90,800 to 900,Nov-25
THE SAIL @ MARINA BAY,MARINA BOULEVARD,1,Non-Landed Properties,2,"6,800",80 to 90,"900 to 1,000",Nov-25
PEOPLE'S PARK CENTRE,UPPER CROSS STREET,1,Non-Landed Properties,3,"4,600",140 to 150,"1,500 to 1,600",Nov-25
V ON SHENTON,SHENTON WAY,1,Non-Landed Properties,NA,"3,300",40 to 50,400 to 500,Nov-25
V ON SHENTON,SHENTON WAY,1,Non-Landed Properties,NA,"3,700",40 to 50,400 to 500,Nov-25
V ON SHENTON,SHENTON WAY,1,Non-Landed Properties,3,"8,300",120 to 130,"1,300 to 1,400",Nov-25
V ON SHENTON,SHENTON WAY,1,Non-Landed Properties,1,"4,200",60 to 70,700 to 800,Nov-25
V ON SHENTON,SHENTON WAY,1,Non-Landed Properties,NA,"3,100",40 to 50,400 to 500,Nov-25
V ON SHENTON,SHENTON WAY,1,Non-Landed Properties,1,"4,100",60 to 70,700 to 800,Nov-25
V ON SHENTON,SHENTON WAY,1,Non-Landed Properties,2,"5,640",100 to 110,"1,100 to 1,200",Nov-25
V ON SHENTON,SHENTON WAY,1,Non-Landed Properties,NA,"3,300",40 to 50,400 to 500,Nov-25
V ON SHENTON,SHENTON WAY,1,Non-Landed Properties,2,"6,400",90 to 100,"1,000 to 1,100",Nov-25
V ON SHENTON,SHENTON WAY,1,Non-Landed Properties,2,"6,700",90 to 100,"1,000 to 1,100",Nov-25
V ON SHENTON,SHENTON WAY,1,Non-Landed Properties,NA,"3,100",40 to 50,400 to 500,Nov-25
V ON SHENTON,SHENTON WAY,1,Non-Landed Properties,1,"4,700",60 to 70,700 to 800,Nov-25
V ON SHENTON,SHENTON WAY,1,Non-Landed Properties,NA,"3,450",40 to 50,400 to 500,Nov-25
V ON SHENTON,SHENTON WAY,1,Non-Landed Properties,2,"5,350",90 to 100,"1,000 to 1,100",Nov-25
V ON SHENTON,SHENTON WAY,1,Non-Landed Properties,2,"5,500",80 to 90,"900 to 1,000",Nov-25
V ON SHENTON,SHENTON WAY,1,Non-Landed Properties,2,"6,500",80 to 90,"900 to 1,000",Nov-25
V ON SHENTON,SHENTON WAY,1,Non-Landed Properties,1,"3,800",40 to 50,400 to 500,Nov-25
V ON SHENTON,SHENTON WAY,1,Non-Landed Properties,1,"4,900",60 to 70,700 to 800,Nov-25
ROBINSON SUITES,ROBINSON ROAD,1,Non-Landed Properties,1,"3,900",40 to 50,400 to 500,Nov-25
ROBINSON SUITES,ROBINSON ROAD,1,Non-Landed Properties,1,"3,600",40 to 50,400 to 500,Nov-25
ROBINSON SUITES,ROBINSON ROAD,1,Non-Landed Properties,2,"4,000",50 to 60,600 to 700,Nov-25
ROBINSON SUITES,ROBINSON ROAD,1,Non-Landed Properties,1,"3,650",40 to 50,500 to 600,Nov-25
ROBINSON SUITES,ROBINSON ROAD,1,Non-Landed Properties,1,"3,800",40 to 50,400 to 500,Nov-25
ROBINSON SUITES,ROBINSON ROAD,1,Non-Landed Properties,2,"4,000",50 to 60,600 to 700,Nov-25
MARINA BAY SUITES,CENTRAL BOULEVARD,1,Non-Landed Properties,4,"13,500",190 to 200,"2,000 to 2,100",Nov-25
MARINA BAY SUITES,CENTRAL BOULEVARD,1,Non-Landed Properties,4,"16,400",240 to 250,"2,600 to 2,700",Nov-25
MARINA BAY SUITES,CENTRAL BOULEVARD,1,Non-Landed Properties,3,"9,200",140 to 150,"1,500 to 1,600",Nov-25
MARINA BAY SUITES,CENTRAL BOULEVARD,1,Non-Landed Properties,3,"9,500",150 to 160,"1,600 to 1,700",Nov-25
MARINA BAY SUITES,CENTRAL BOULEVARD,1,Non-Landed Properties,3,"11,000",140 to 150,"1,500 to 1,600",Nov-25
MARINA BAY SUITES,CENTRAL BOULEVARD,1,Non-Landed Properties,3,"9,750",140 to 150,"1,600 to 1,700",Nov-25
MARINA BAY SUITES,CENTRAL BOULEVARD,1,Non-Landed Properties,3,"10,000",140 to 150,"1,600 to 1,700",Nov-25
MARINA BAY SUITES,CENTRAL BOULEVARD,1,Non-Landed Properties,4,"15,500",240 to 250,"2,600 to 2,700",Nov-25
MARINA BAY SUITES,CENTRAL BOULEVARD,1,Non-Landed Properties,3,"9,300",140 to 150,"1,600 to 1,700",Nov-25
RIVERWALK APARTMENTS,UPPER CIRCULAR ROAD,1,Non-Landed Properties,3,"8,100",140 to 150,"1,600 to 1,700",Nov-25
RIVERWALK APARTMENTS,UPPER CIRCULAR ROAD,1,Non-Landed Properties,3,"7,200",140 to 150,"1,600 to 1,700",Nov-25
RIVERWALK APARTMENTS,UPPER CIRCULAR ROAD,1,Non-Landed Properties,2,"5,900",110 to 120,"1,200 to 1,300",Nov-25
RIVERWALK APARTMENTS,UPPER CIRCULAR ROAD,1,Non-Landed Properties,NA,"4,000",70 to 80,800 to 900,Nov-25
RIVERWALK APARTMENTS,UPPER CIRCULAR ROAD,1,Non-Landed Properties,NA,"3,400",70 to 80,800 to 900,Nov-25
MARINA BAY RESIDENCES,MARINA BOULEVARD,1,Non-Landed Properties,1,"5,380",60 to 70,700 to 800,Nov-25
MARINA BAY RESIDENCES,MARINA BOULEVARD,1,Non-Landed Properties,2,"8,000",110 to 120,"1,200 to 1,300",Nov-25
MARINA BAY RESIDENCES,MARINA BOULEVARD,1,Non-Landed Properties,1,"5,000",60 to 70,700 to 800,Nov-25
MARINA BAY RESIDENCES,MARINA BOULEVARD,1,Non-Landed Properties,2,"8,500",110 to 120,"1,200 to 1,300",Nov-25
MARINA BAY RESIDENCES,MARINA BOULEVARD,1,Non-Landed Properties,1,"5,250",60 to 70,700 to 800,Nov-25
MARINA BAY RESIDENCES,MARINA BOULEVARD,1,Non-Landed Properties,1,"5,400",60 to 70,700 to 800,Nov-25
MARINA BAY RESIDENCES,MARINA BOULEVARD,1,Non-Landed Properties,3,"12,000",150 to 160,"1,600 to 1,700",Nov-25
MARINA BAY RESIDENCES,MARINA BOULEVARD,1,Non-Landed Properties,1,"5,700",60 to 70,700 to 800,Nov-25
MARINA BAY RESIDENCES,MARINA BOULEVARD,1,Non-Landed Properties,2,"8,200",110 to 120,"1,200 to 1,300",Nov-25
MARINA BAY RESIDENCES,MARINA BOULEVARD,1,Non-Landed Properties,2,"9,500",110 to 120,"1,200 to 1,300",Nov-25
MARINA BAY RESIDENCES,MARINA BOULEVARD,1,Non-Landed Properties,2,"8,000",100 to 110,"1,100 to 1,200",Nov-25
MARINA BAY RESIDENCES,MARINA BOULEVARD,1,Non-Landed Properties,1,"5,600",60 to 70,700 to 800,Nov-25
MARINA BAY RESIDENCES,MARINA BOULEVARD,1,Non-Landed Properties,4,"17,000",220 to 230,"2,300 to 2,400",Nov-25
MARINA BAY RESIDENCES,MARINA BOULEVARD,1,Non-Landed Properties,2,"6,800",90 to 100,"1,000 to 1,100",Nov-25
MARINA BAY RESIDENCES,MARINA BOULEVARD,1,Non-Landed Properties,4,"18,000",210 to 220,"2,300 to 2,400",Nov-25
MARINA BAY RESIDENCES,MARINA BOULEVARD,1,Non-Landed Properties,1,"5,000",60 to 70,700 to 800,Nov-25
MARINA BAY RESIDENCES,MARINA BOULEVARD,1,Non-Landed Properties,2,"7,900",90 to 100,"1,000 to 1,100",Nov-25
MARINA BAY RESIDENCES,MARINA BOULEVARD,1,Non-Landed Properties,1,"5,300",60 to 70,700 to 800,Nov-25
THE CLIFT,MCCALLUM STREET,1,Non-Landed Properties,2,"5,400",70 to 80,700 to 800,Oct-25
THE CLIFT,MCCALLUM STREET,1,Non-Landed Properties,1,"4,950",70 to 80,700 to 800,Oct-25
THE CLIFT,MCCALLUM STREET,1,Non-Landed Properties,1,"4,150",40 to 50,500 to 600,Oct-25
THE CLIFT,MCCALLUM STREET,1,Non-Landed Properties,1,"4,600",60 to 70,700 to 800,Oct-25
THE CLIFT,MCCALLUM STREET,1,Non-Landed Properties,2,"5,000",70 to 80,700 to 800,Oct-25
THE CLIFT,MCCALLUM STREET,1,Non-Landed Properties,1,"4,700",70 to 80,700 to 800,Oct-25
THE CLIFT,MCCALLUM STREET,1,Non-Landed Properties,1,"5,000",60 to 70,700 to 800,Oct-25
THE CLIFT,MCCALLUM STREET,1,Non-Landed Properties,1,"4,000",40 to 50,400 to 500,Oct-25
THE CLIFT,MCCALLUM STREET,1,Non-Landed Properties,1,"4,000",40 to 50,500 to 600,Oct-25
THE CLIFT,MCCALLUM STREET,1,Non-Landed Properties,1,"3,800",40 to 50,500 to 600,Oct-25
THE CLIFT,MCCALLUM STREET,1,Non-Landed Properties,1,"4,500",40 to 50,500 to 600,Oct-25
ONE SHENTON,SHENTON WAY,1,Non-Landed Properties,3,"8,325",140 to 150,"1,600 to 1,700",Oct-25
ONE SHENTON,SHENTON WAY,1,Non-Landed Properties,1,"4,650",40 to 50,500 to 600,Oct-25
ONE SHENTON,SHENTON WAY,1,Non-Landed Properties,2,"6,000",80 to 90,"900 to 1,000",Oct-25
ONE SHENTON,SHENTON WAY,1,Non-Landed Properties,1,"4,200",50 to 60,500 to 600,Oct-25
ONE SHENTON,SHENTON WAY,1,Non-Landed Properties,1,"4,400",50 to 60,600 to 700,Oct-25
ONE SHENTON,SHENTON WAY,1,Non-Landed Properties,4,"10,000",170 to 180,"1,900 to 2,000",Oct-25
ONE SHENTON,SHENTON WAY,1,Non-Landed Properties,1,"4,600",80 to 90,"900 to 1,000",Oct-25
ONE SHENTON,SHENTON WAY,1,Non-Landed Properties,2,"6,450",100 to 110,"1,000 to 1,100",Oct-25
ONE SHENTON,SHENTON WAY,1,Non-Landed Properties,1,"5,200",70 to 80,800 to 900,Oct-25
ONE SHENTON,SHENTON WAY,1,Non-Landed Properties,4,"10,000",170 to 180,"1,800 to 1,900",Oct-25
ONE SHENTON,SHENTON WAY,1,Non-Landed Properties,1,"4,400",50 to 60,500 to 600,Oct-25
ONE SHENTON,SHENTON WAY,1,Non-Landed Properties,4,"24,000",>300,>3000,Oct-25
ONE SHENTON,SHENTON WAY,1,Non-Landed Properties,1,"4,500",50 to 60,500 to 600,Oct-25
ONE SHENTON,SHENTON WAY,1,Non-Landed Properties,2,"6,100",100 to 110,"1,100 to 1,200",Oct-25
ONE SHENTON,SHENTON WAY,1,Non-Landed Properties,2,"6,300",90 to 100,"1,000 to 1,100",Oct-25
ONE SHENTON,SHENTON WAY,1,Non-Landed Properties,1,"4,700",80 to 90,"900 to 1,000",Oct-25
PEOPLE'S PARK COMPLEX,PARK ROAD,1,Non-Landed Properties,3,"5,500",100 to 110,"1,100 to 1,200",Oct-25
PEOPLE'S PARK COMPLEX,PARK ROAD,1,Non-Landed Properties,1,"2,200",30 to 40,400 to 500,Oct-25
PEOPLE'S PARK COMPLEX,PARK ROAD,1,Non-Landed Properties,1,"2,500",40 to 50,400 to 500,Oct-25
PEOPLE'S PARK COMPLEX,PARK ROAD,1,Non-Landed Properties,NA,"5,500",100 to 110,"1,100 to 1,200",Oct-25
PEOPLE'S PARK COMPLEX,PARK ROAD,1,Non-Landed Properties,3,"4,800",100 to 110,"1,100 to 1,200",Oct-25
PEOPLE'S PARK COMPLEX,PARK ROAD,1,Non-Landed Properties,3,"5,600",100 to 110,"1,100 to 1,200",Oct-25
PEOPLE'S PARK COMPLEX,PARK ROAD,1,Non-Landed Properties,1,"2,800",30 to 40,400 to 500,Oct-25
PEOPLE'S PARK COMPLEX,PARK ROAD,1,Non-Landed Properties,1,"2,450",30 to 40,400 to 500,Oct-25
PEOPLE'S PARK COMPLEX,PARK ROAD,1,Non-Landed Properties,3,"5,500",100 to 110,"1,100 to 1,200",Oct-25
EMERALD GARDEN,CLUB STREET,1,Non-Landed Properties,2,"5,000",80 to 90,"900 to 1,000",Oct-25
EMERALD GARDEN,CLUB STREET,1,Non-Landed Properties,1,"5,000",70 to 80,800 to 900,Oct-25
EMERALD GARDEN,CLUB STREET,1,Non-Landed Properties,2,"4,700",80 to 90,"900 to 1,000",Oct-25
EMERALD GARDEN,CLUB STREET,1,Non-Landed Properties,2,"5,300",90 to 100,"1,000 to 1,100",Oct-25
EMERALD GARDEN,CLUB STREET,1,Non-Landed Properties,3,"6,500",140 to 150,"1,500 to 1,600",Oct-25
EMERALD GARDEN,CLUB STREET,1,Non-Landed Properties,2,"5,000",90 to 100,"900 to 1,000",Oct-25
EMERALD GARDEN,CLUB STREET,1,Non-Landed Properties,2,"5,500",90 to 100,"1,000 to 1,100",Oct-25
EMERALD GARDEN,CLUB STREET,1,Non-Landed Properties,1,"4,200",70 to 80,800 to 900,Oct-25
EMERALD GARDEN,CLUB STREET,1,Non-Landed Properties,2,"5,000",90 to 100,"900 to 1,000",Oct-25
EMERALD GARDEN,CLUB STREET,1,Non-Landed Properties,1,"5,200",90 to 100,"1,000 to 1,100",Oct-25
EMERALD GARDEN,CLUB STREET,1,Non-Landed Properties,2,"4,800",80 to 90,"900 to 1,000",Oct-25
EMERALD GARDEN,CLUB STREET,1,Non-Landed Properties,2,"5,300",90 to 100,"1,000 to 1,100",Oct-25
EMERALD GARDEN,CLUB STREET,1,Non-Landed Properties,1,"4,100",70 to 80,800 to 900,Oct-25
MARINA ONE RESIDENCES,MARINA WAY,1,Non-Landed Properties,2,"7,600",100 to 110,"1,100 to 1,200",Oct-25
MARINA ONE RESIDENCES,MARINA WAY,1,Non-Landed Properties,2,"7,700",100 to 110,"1,100 to 1,200",Oct-25
MARINA ONE RESIDENCES,MARINA WAY,1,Non-Landed Properties,2,"7,600",100 to 110,"1,100 to 1,200",Oct-25
MARINA ONE RESIDENCES,MARINA WAY,1,Non-Landed Properties,1,"4,400",60 to 70,600 to 700,Oct-25
MARINA ONE RESIDENCES,MARINA WAY,1,Non-Landed Properties,3,"10,700",130 to 140,"1,500 to 1,600",Oct-25
MARINA ONE RESIDENCES,MARINA WAY,1,Non-Landed Properties,1,"4,300",60 to 70,600 to 700,Oct-25
MARINA ONE RESIDENCES,MARINA WAY,1,Non-Landed Properties,2,"7,750",100 to 110,"1,100 to 1,200",Oct-25
MARINA ONE RESIDENCES,MARINA WAY,1,Non-Landed Properties,2,"7,000",90 to 100,"1,000 to 1,100",Oct-25
MARINA ONE RESIDENCES,MARINA WAY,1,Non-Landed Properties,1,"4,300",60 to 70,700 to 800,Oct-25
MARINA ONE RESIDENCES,MARINA WAY,1,Non-Landed Properties,1,"4,500",60 to 70,600 to 700,Oct-25
MARINA ONE RESIDENCES,MARINA WAY,1,Non-Landed Properties,2,"7,800",100 to 110,"1,100 to 1,200",Oct-25
MARINA ONE RESIDENCES,MARINA WAY,1,Non-Landed Properties,1,"5,200",70 to 80,700 to 800,Oct-25
MARINA ONE RESIDENCES,MARINA WAY,1,Non-Landed Properties,3,"10,500",140 to 150,"1,500 to 1,600",Oct-25
MARINA ONE RESIDENCES,MARINA WAY,1,Non-Landed Properties,2,"7,000",100 to 110,"1,100 to 1,200",Oct-25
MARINA ONE RESIDENCES,MARINA WAY,1,Non-Landed Properties,2,"7,300",100 to 110,"1,100 to 1,200",Oct-25
MARINA ONE RESIDENCES,MARINA WAY,1,Non-Landed Properties,1,"4,500",60 to 70,600 to 700,Oct-25
MARINA ONE RESIDENCES,MARINA WAY,1,Non-Landed Properties,1,"4,200",60 to 70,600 to 700,Oct-25
MARINA ONE RESIDENCES,MARINA WAY,1,Non-Landed Properties,1,"4,300",60 to 70,600 to 700,Oct-25
MARINA ONE RESIDENCES,MARINA WAY,1,Non-Landed Properties,1,"4,400",60 to 70,700 to 800,Oct-25
MARINA ONE RESIDENCES,MARINA WAY,1,Non-Landed Properties,2,"7,000",100 to 110,"1,100 to 1,200",Oct-25
MARINA ONE RESIDENCES,MARINA WAY,1,Non-Landed Properties,1,"4,500",60 to 70,600 to 700,Oct-25
MARINA ONE RESIDENCES,MARINA WAY,1,Non-Landed Properties,3,"9,900",140 to 150,"1,500 to 1,600",Oct-25
MARINA ONE RESIDENCES,MARINA WAY,1,Non-Landed Properties,2,"7,200",100 to 110,"1,100 to 1,200",Oct-25
MARINA ONE RESIDENCES,MARINA WAY,1,Non-Landed Properties,1,"4,300",60 to 70,700 to 800,Oct-25
MARINA ONE RESIDENCES,MARINA WAY,1,Non-Landed Properties,2,"7,000",90 to 100,"1,000 to 1,100",Oct-25
MARINA ONE RESIDENCES,MARINA WAY,1,Non-Landed Properties,2,"7,800",100 to 110,"1,100 to 1,200",Oct-25
MARINA ONE RESIDENCES,MARINA WAY,1,Non-Landed Properties,1,"6,300",60 to 70,700 to 800,Oct-25
MARINA ONE RESIDENCES,MARINA WAY,1,Non-Landed Properties,4,"16,000",190 to 200,"2,100 to 2,200",Oct-25
MARINA ONE RESIDENCES,MARINA WAY,1,Non-Landed Properties,3,"9,200",140 to 150,"1,500 to 1,600",Oct-25
MARINA ONE RESIDENCES,MARINA WAY,1,Non-Landed Properties,2,"7,700",100 to 110,"1,100 to 1,200",Oct-25
MARINA ONE RESIDENCES,MARINA WAY,1,Non-Landed Properties,2,"6,500",90 to 100,"900 to 1,000",Oct-25
MARINA ONE RESIDENCES,MARINA WAY,1,Non-Landed Properties,1,"4,750",60 to 70,700 to 800,Oct-25
MARINA ONE RESIDENCES,MARINA WAY,1,Non-Landed Properties,1,"4,500",60 to 70,700 to 800,Oct-25
MARINA ONE RESIDENCES,MARINA WAY,1,Non-Landed Properties,1,"4,700",60 to 70,700 to 800,Oct-25
MARINA ONE RESIDENCES,MARINA WAY,1,Non-Landed Properties,1,"5,200",60 to 70,700 to 800,Oct-25
MARINA ONE RESIDENCES,MARINA WAY,1,Non-Landed Properties,1,"5,800",60 to 70,700 to 800,Oct-25
MARINA ONE RESIDENCES,MARINA WAY,1,Non-Landed Properties,1,"5,400",60 to 70,700 to 800,Oct-25
MARINA ONE RESIDENCES,MARINA WAY,1,Non-Landed Properties,3,"9,800",140 to 150,"1,500 to 1,600",Oct-25
MARINA ONE RESIDENCES,MARINA WAY,1,Non-Landed Properties,1,"4,800",60 to 70,700 to 800,Oct-25
MARINA ONE RESIDENCES,MARINA WAY,1,Non-Landed Properties,1,"4,900",70 to 80,700 to 800,Oct-25
MARINA ONE RESIDENCES,MARINA WAY,1,Non-Landed Properties,4,"16,000",190 to 200,"2,100 to 2,200",Oct-25
MARINA ONE RESIDENCES,MARINA WAY,1,Non-Landed Properties,2,"7,000",100 to 110,"1,100 to 1,200",Oct-25
MARINA ONE RESIDENCES,MARINA WAY,1,Non-Landed Properties,1,"4,800",70 to 80,700 to 800,Oct-25
MARINA ONE RESIDENCES,MARINA WAY,1,Non-Landed Properties,1,"4,500",60 to 70,600 to 700,Oct-25
MARINA ONE RESIDENCES,MARINA WAY,1,Non-Landed Properties,3,"13,000",140 to 150,"1,500 to 1,600",Oct-25
MARINA ONE RESIDENCES,MARINA WAY,1,Non-Landed Properties,1,"4,300",60 to 70,600 to 700,Oct-25
MARINA ONE RESIDENCES,MARINA WAY,1,Non-Landed Properties,2,"7,800",100 to 110,"1,100 to 1,200",Oct-25
MARINA ONE RESIDENCES,MARINA WAY,1,Non-Landed Properties,1,"4,300",60 to 70,700 to 800,Oct-25
MARINA ONE RESIDENCES,MARINA WAY,1,Non-Landed Properties,2,"8,300",100 to 110,"1,100 to 1,200",Oct-25
MARINA ONE RESIDENCES,MARINA WAY,1,Non-Landed Properties,2,"8,000",100 to 110,"1,100 to 1,200",Oct-25
MARINA ONE RESIDENCES,MARINA WAY,1,Non-Landed Properties,2,"6,900",90 to 100,"900 to 1,000",Oct-25
THE SAIL @ MARINA BAY,MARINA BOULEVARD,1,Non-Landed Properties,3,"8,100",120 to 130,"1,300 to 1,400",Oct-25
THE SAIL @ MARINA BAY,MARINA BOULEVARD,1,Non-Landed Properties,1,"4,500",60 to 70,600 to 700,Oct-25
THE SAIL @ MARINA BAY,MARINA BOULEVARD,1,Non-Landed Properties,1,"4,250",60 to 70,600 to 700,Oct-25
THE SAIL @ MARINA BAY,MARINA BOULEVARD,1,Non-Landed Properties,2,"5,200",70 to 80,800 to 900,Oct-25
THE SAIL @ MARINA BAY,MARINA BOULEVARD,1,Non-Landed Properties,1,"4,200",50 to 60,600 to 700,Oct-25
THE SAIL @ MARINA BAY,MARINA BOULEVARD,1,Non-Landed Properties,4,"9,500",150 to 160,"1,600 to 1,700",Oct-25
THE SAIL @ MARINA BAY,MARINA BOULEVARD,1,Non-Landed Properties,2,"6,200",70 to 80,800 to 900,Oct-25
THE SAIL @ MARINA BAY,MARINA BOULEVARD,1,Non-Landed Properties,1,"5,500",50 to 60,600 to 700,Oct-25
THE SAIL @ MARINA BAY,MARINA BOULEVARD,1,Non-Landed Properties,1,"5,500",60 to 70,600 to 700,Oct-25
THE SAIL @ MARINA BAY,MARINA BOULEVARD,1,Non-Landed Properties,2,"5,500",70 to 80,800 to 900,Oct-25
THE SAIL @ MARINA BAY,MARINA BOULEVARD,1,Non-Landed Properties,1,"4,800",50 to 60,600 to 700,Oct-25
THE SAIL @ MARINA BAY,MARINA BOULEVARD,1,Non-Landed Properties,3,"8,510",120 to 130,"1,300 to 1,400",Oct-25
THE SAIL @ MARINA BAY,MARINA BOULEVARD,1,Non-Landed Properties,1,"4,000",50 to 60,600 to 700,Oct-25
THE SAIL @ MARINA BAY,MARINA BOULEVARD,1,Non-Landed Properties,1,"3,950",50 to 60,600 to 700,Oct-25
THE SAIL @ MARINA BAY,MARINA BOULEVARD,1,Non-Landed Properties,1,"4,800",60 to 70,600 to 700,Oct-25
THE SAIL @ MARINA BAY,MARINA BOULEVARD,1,Non-Landed Properties,1,"4,100",60 to 70,600 to 700,Oct-25
THE SAIL @ MARINA BAY,MARINA BOULEVARD,1,Non-Landed Properties,1,"3,800",50 to 60,600 to 700,Oct-25
THE SAIL @ MARINA BAY,MARINA BOULEVARD,1,Non-Landed Properties,2,"5,800",70 to 80,800 to 900,Oct-25
THE SAIL @ MARINA BAY,MARINA BOULEVARD,1,Non-Landed Properties,1,"3,484",50 to 60,500 to 600,Oct-25
THE SAIL @ MARINA BAY,MARINA BOULEVARD,1,Non-Landed Properties,3,"8,800",100 to 110,"1,100 to 1,200",Oct-25
THE SAIL @ MARINA BAY,MARINA BOULEVARD,1,Non-Landed Properties,3,"8,500",160 to 170,"1,700 to 1,800",Oct-25
THE SAIL @ MARINA BAY,MARINA BOULEVARD,1,Non-Landed Properties,1,"4,000",50 to 60,500 to 600,Oct-25
THE SAIL @ MARINA BAY,MARINA BOULEVARD,1,Non-Landed Properties,1,"4,300",50 to 60,500 to 600,Oct-25
THE SAIL @ MARINA BAY,MARINA BOULEVARD,1,Non-Landed Properties,3,"11,000",170 to 180,"1,800 to 1,900",Oct-25
THE SAIL @ MARINA BAY,MARINA BOULEVARD,1,Non-Landed Properties,3,"13,600",170 to 180,"1,900 to 2,000",Oct-25
THE SAIL @ MARINA BAY,MARINA BOULEVARD,1,Non-Landed Properties,1,"4,000",50 to 60,500 to 600,Oct-25
THE SAIL @ MARINA BAY,MARINA BOULEVARD,1,Non-Landed Properties,2,"7,500",80 to 90,800 to 900,Oct-25
THE SAIL @ MARINA BAY,MARINA BOULEVARD,1,Non-Landed Properties,3,"6,800",100 to 110,"1,100 to 1,200",Oct-25
THE SAIL @ MARINA BAY,MARINA BOULEVARD,1,Non-Landed Properties,2,"6,400",80 to 90,800 to 900,Oct-25
THE SAIL @ MARINA BAY,MARINA BOULEVARD,1,Non-Landed Properties,2,"6,300",80 to 90,"900 to 1,000",Oct-25
THE SAIL @ MARINA BAY,MARINA BOULEVARD,1,Non-Landed Properties,3,"13,000",180 to 190,"1,900 to 2,000",Oct-25
THE SAIL @ MARINA BAY,MARINA BOULEVARD,1,Non-Landed Properties,1,"5,900",60 to 70,600 to 700,Oct-25
THE SAIL @ MARINA BAY,MARINA BOULEVARD,1,Non-Landed Properties,1,"5,500",60 to 70,600 to 700,Oct-25
THE SAIL @ MARINA BAY,MARINA BOULEVARD,1,Non-Landed Properties,2,"6,700",80 to 90,"900 to 1,000",Oct-25
THE SAIL @ MARINA BAY,MARINA BOULEVARD,1,Non-Landed Properties,1,"4,200",60 to 70,600 to 700,Oct-25
THE SAIL @ MARINA BAY,MARINA BOULEVARD,1,Non-Landed Properties,1,"4,200",60 to 70,600 to 700,Oct-25
THE SAIL @ MARINA BAY,MARINA BOULEVARD,1,Non-Landed Properties,2,"7,200",80 to 90,"900 to 1,000",Oct-25
THE SAIL @ MARINA BAY,MARINA BOULEVARD,1,Non-Landed Properties,1,"4,150",50 to 60,500 to 600,Oct-25
THE SAIL @ MARINA BAY,MARINA BOULEVARD,1,Non-Landed Properties,4,"15,000",180 to 190,"2,000 to 2,100",Oct-25
THE SAIL @ MARINA BAY,MARINA BOULEVARD,1,Non-Landed Properties,1,"5,400",60 to 70,600 to 700,Oct-25
THE SAIL @ MARINA BAY,MARINA BOULEVARD,1,Non-Landed Properties,1,"5,000",60 to 70,600 to 700,Oct-25
THE SAIL @ MARINA BAY,MARINA BOULEVARD,1,Non-Landed Properties,1,"3,900",50 to 60,500 to 600,Oct-25
THE SAIL @ MARINA BAY,MARINA BOULEVARD,1,Non-Landed Properties,2,"5,500",80 to 90,800 to 900,Oct-25
THE SAIL @ MARINA BAY,MARINA BOULEVARD,1,Non-Landed Properties,2,"5,700",80 to 90,800 to 900,Oct-25
THE SAIL @ MARINA BAY,MARINA BOULEVARD,1,Non-Landed Properties,2,"5,100",90 to 100,"900 to 1,000",Oct-25
THE SAIL @ MARINA BAY,MARINA BOULEVARD,1,Non-Landed Properties,1,"4,000",60 to 70,600 to 700,Oct-25
THE RIVERSIDE PIAZZA,KENG CHEOW STREET,1,Non-Landed Properties,3,"5,500",110 to 120,"1,200 to 1,300",Oct-25
THE RIVERSIDE PIAZZA,KENG CHEOW STREET,1,Non-Landed Properties,3,"2,190",110 to 120,"1,200 to 1,300",Oct-25
PEOPLE'S PARK CENTRE,UPPER CROSS STREET,1,Non-Landed Properties,3,"4,300",140 to 150,"1,500 to 1,600",Oct-25
V ON SHENTON,SHENTON WAY,1,Non-Landed Properties,NA,"3,300",40 to 50,400 to 500,Oct-25
V ON SHENTON,SHENTON WAY,1,Non-Landed Properties,2,"5,700",100 to 110,"1,000 to 1,100",Oct-25
V ON SHENTON,SHENTON WAY,1,Non-Landed Properties,NA,"3,700",40 to 50,400 to 500,Oct-25
V ON SHENTON,SHENTON WAY,1,Non-Landed Properties,NA,"3,388",40 to 50,400 to 500,Oct-25
V ON SHENTON,SHENTON WAY,1,Non-Landed Properties,1,"3,850",40 to 50,500 to 600,Oct-25
V ON SHENTON,SHENTON WAY,1,Non-Landed Properties,NA,"3,600",40 to 50,400 to 500,Oct-25
V ON SHENTON,SHENTON WAY,1,Non-Landed Properties,1,"4,200",40 to 50,500 to 600,Oct-25
V ON SHENTON,SHENTON WAY,1,Non-Landed Properties,1,"4,000",40 to 50,400 to 500,Oct-25
V ON SHENTON,SHENTON WAY,1,Non-Landed Properties,2,"5,700",90 to 100,"1,000 to 1,100",Oct-25
V ON SHENTON,SHENTON WAY,1,Non-Landed Properties,1,"4,500",60 to 70,700 to 800,Oct-25
V ON SHENTON,SHENTON WAY,1,Non-Landed Properties,2,"6,200",90 to 100,"1,000 to 1,100",Oct-25
V ON SHENTON,SHENTON WAY,1,Non-Landed Properties,2,"6,500",80 to 90,800 to 900,Oct-25
V ON SHENTON,SHENTON WAY,1,Non-Landed Properties,1,"5,200",60 to 70,700 to 800,Oct-25
V ON SHENTON,SHENTON WAY,1,Non-Landed Properties,1,"3,350",40 to 50,500 to 600,Oct-25
V ON SHENTON,SHENTON WAY,1,Non-Landed Properties,NA,"3,500",40 to 50,400 to 500,Oct-25
V ON SHENTON,SHENTON WAY,1,Non-Landed Properties,NA,"3,400",40 to 50,400 to 500,Oct-25
V ON SHENTON,SHENTON WAY,1,Non-Landed Properties,3,"9,800",160 to 170,"1,700 to 1,800",Oct-25
V ON SHENTON,SHENTON WAY,1,Non-Landed Properties,1,"5,000",60 to 70,600 to 700,Oct-25
V ON SHENTON,SHENTON WAY,1,Non-Landed Properties,NA,"3,400",40 to 50,400 to 500,Oct-25
V ON SHENTON,SHENTON WAY,1,Non-Landed Properties,2,"5,600",100 to 110,"1,100 to 1,200",Oct-25
V ON SHENTON,SHENTON WAY,1,Non-Landed Properties,3,"9,250",160 to 170,"1,700 to 1,800",Oct-25
V ON SHENTON,SHENTON WAY,1,Non-Landed Properties,2,"5,800",90 to 100,"1,000 to 1,100",Oct-25
ROBINSON SUITES,ROBINSON ROAD,1,Non-Landed Properties,2,"4,250",50 to 60,600 to 700,Oct-25
ROBINSON SUITES,ROBINSON ROAD,1,Non-Landed Properties,1,"3,600",40 to 50,400 to 500,Oct-25
ROBINSON SUITES,ROBINSON ROAD,1,Non-Landed Properties,1,"3,500",40 to 50,500 to 600,Oct-25
ROBINSON SUITES,ROBINSON ROAD,1,Non-Landed Properties,1,"3,800",40 to 50,400 to 500,Oct-25
ROBINSON SUITES,ROBINSON ROAD,1,Non-Landed Properties,1,"3,700",40 to 50,400 to 500,Oct-25
ROBINSON SUITES,ROBINSON ROAD,1,Non-Landed Properties,1,"3,500",40 to 50,400 to 500,Oct-25
ROBINSON SUITES,ROBINSON ROAD,1,Non-Landed Properties,1,"3,500",40 to 50,500 to 600,Oct-25
ROBINSON SUITES,ROBINSON ROAD,1,Non-Landed Properties,1,"3,800",40 to 50,400 to 500,Oct-25
ROBINSON SUITES,ROBINSON ROAD,1,Non-Landed Properties,2,"4,400",50 to 60,600 to 700,Oct-25
ROBINSON SUITES,ROBINSON ROAD,1,Non-Landed Properties,1,"3,500",40 to 50,500 to 600,Oct-25
ROBINSON SUITES,ROBINSON ROAD,1,Non-Landed Properties,1,"3,700",40 to 50,400 to 500,Oct-25
ROBINSON SUITES,ROBINSON ROAD,1,Non-Landed Properties,1,"3,900",40 to 50,500 to 600,Oct-25
ROBINSON SUITES,ROBINSON ROAD,1,Non-Landed Properties,1,"3,825",40 to 50,400 to 500,Oct-25
ALLAN VILLE,GEMMILL LANE,1,Non-Landed Properties,NA,"3,400",30 to 40,400 to 500,Oct-25
MARINA BAY SUITES,CENTRAL BOULEVARD,1,Non-Landed Properties,4,"14,000",190 to 200,"2,000 to 2,100",Oct-25
MARINA BAY SUITES,CENTRAL BOULEVARD,1,Non-Landed Properties,3,"9,300",150 to 160,"1,600 to 1,700",Oct-25
MARINA BAY SUITES,CENTRAL BOULEVARD,1,Non-Landed Properties,3,"9,800",140 to 150,"1,600 to 1,700",Oct-25
MARINA BAY SUITES,CENTRAL BOULEVARD,1,Non-Landed Properties,3,"10,000",140 to 150,"1,600 to 1,700",Oct-25
RIVERWALK APARTMENTS,UPPER CIRCULAR ROAD,1,Non-Landed Properties,3,"7,700",140 to 150,"1,600 to 1,700",Oct-25
RIVERWALK APARTMENTS,UPPER CIRCULAR ROAD,1,Non-Landed Properties,2,"6,300",110 to 120,"1,200 to 1,300",Oct-25
RIVERWALK APARTMENTS,UPPER CIRCULAR ROAD,1,Non-Landed Properties,NA,"4,000",70 to 80,800 to 900,Oct-25
MARINA BAY RESIDENCES,MARINA BOULEVARD,1,Non-Landed Properties,2,"8,230",90 to 100,"1,000 to 1,100",Oct-25
MARINA BAY RESIDENCES,MARINA BOULEVARD,1,Non-Landed Properties,4,"15,000",220 to 230,"2,300 to 2,400",Oct-25
MARINA BAY RESIDENCES,MARINA BOULEVARD,1,Non-Landed Properties,2,"8,200",90 to 100,"900 to 1,000",Oct-25
MARINA BAY RESIDENCES,MARINA BOULEVARD,1,Non-Landed Properties,4,"16,500",210 to 220,"2,300 to 2,400",Oct-25
MARINA BAY RESIDENCES,MARINA BOULEVARD,1,Non-Landed Properties,2,"9,000",100 to 110,"1,100 to 1,200",Oct-25
MARINA BAY RESIDENCES,MARINA BOULEVARD,1,Non-Landed Properties,3,"11,500",150 to 160,"1,600 to 1,700",Oct-25
MARINA BAY RESIDENCES,MARINA BOULEVARD,1,Non-Landed Properties,1,"5,200",60 to 70,700 to 800,Oct-25
MARINA BAY RESIDENCES,MARINA BOULEVARD,1,Non-Landed Properties,2,"8,000",90 to 100,"1,000 to 1,100",Oct-25
MARINA BAY RESIDENCES,MARINA BOULEVARD,1,Non-Landed Properties,2,"7,600",90 to 100,"1,000 to 1,100",Oct-25
MARINA BAY RESIDENCES,MARINA BOULEVARD,1,Non-Landed Properties,2,"9,360",110 to 120,"1,200 to 1,300",Oct-25
MARINA BAY RESIDENCES,MARINA BOULEVARD,1,Non-Landed Properties,1,"5,400",60 to 70,700 to 800,Oct-25
MARINA BAY RESIDENCES,MARINA BOULEVARD,1,Non-Landed Properties,2,"7,800",100 to 110,"1,100 to 1,200",Oct-25
NON-LANDED HOUSING DEVELOPMENT,MOSQUE STREET,1,Non-Landed Properties,NA,"5,800",70 to 80,700 to 800,Sep-25
NON-LANDED HOUSING DEVELOPMENT,MOSQUE STREET,1,Non-Landed Properties,NA,"4,247",50 to 60,600 to 700,Sep-25
MARINA ONE RESIDENCES,MARINA WAY,1,Non-Landed Properties,1,"4,600",60 to 70,600 to 700,Sep-25
MARINA ONE RESIDENCES,MARINA WAY,1,Non-Landed Properties,1,"4,800",70 to 80,700 to 800,Sep-25
MARINA ONE RESIDENCES,MARINA WAY,1,Non-Landed Properties,1,"4,000",60 to 70,700 to 800,Sep-25
MARINA ONE RESIDENCES,MARINA WAY,1,Non-Landed Properties,2,"8,200",100 to 110,"1,100 to 1,200",Sep-25
MARINA ONE RESIDENCES,MARINA WAY,1,Non-Landed Properties,2,"7,500",100 to 110,"1,100 to 1,200",Sep-25
MARINA ONE RESIDENCES,MARINA WAY,1,Non-Landed Properties,1,"4,600",60 to 70,700 to 800,Sep-25
MARINA ONE RESIDENCES,MARINA WAY,1,Non-Landed Properties,1,"4,675",60 to 70,600 to 700,Sep-25
MARINA ONE RESIDENCES,MARINA WAY,1,Non-Landed Properties,3,"10,000",140 to 150,"1,500 to 1,600",Sep-25
MARINA ONE RESIDENCES,MARINA WAY,1,Non-Landed Properties,1,"4,700",60 to 70,600 to 700,Sep-25
MARINA ONE RESIDENCES,MARINA WAY,1,Non-Landed Properties,2,"7,000",100 to 110,"1,100 to 1,200",Sep-25
MARINA ONE RESIDENCES,MARINA WAY,1,Non-Landed Properties,2,"6,600",100 to 110,"1,100 to 1,200",Sep-25
MARINA ONE RESIDENCES,MARINA WAY,1,Non-Landed Properties,3,"9,500",140 to 150,"1,500 to 1,600",Sep-25
MARINA ONE RESIDENCES,MARINA WAY,1,Non-Landed Properties,1,"4,400",60 to 70,600 to 700,Sep-25
MARINA ONE RESIDENCES,MARINA WAY,1,Non-Landed Properties,1,"4,200",60 to 70,600 to 700,Sep-25
MARINA ONE RESIDENCES,MARINA WAY,1,Non-Landed Properties,2,"7,600",100 to 110,"1,100 to 1,200",Sep-25
MARINA ONE RESIDENCES,MARINA WAY,1,Non-Landed Properties,3,"10,000",140 to 150,"1,500 to 1,600",Sep-25
MARINA ONE RESIDENCES,MARINA WAY,1,Non-Landed Properties,3,"10,000",130 to 140,"1,500 to 1,600",Sep-25
MARINA ONE RESIDENCES,MARINA WAY,1,Non-Landed Properties,2,"7,700",100 to 110,"1,100 to 1,200",Sep-25
MARINA ONE RESIDENCES,MARINA WAY,1,Non-Landed Properties,1,"4,300",60 to 70,600 to 700,Sep-25
MARINA ONE RESIDENCES,MARINA WAY,1,Non-Landed Properties,1,"4,500",60 to 70,700 to 800,Sep-25
MARINA ONE RESIDENCES,MARINA WAY,1,Non-Landed Properties,1,"4,300",60 to 70,700 to 800,Sep-25
MARINA ONE RESIDENCES,MARINA WAY,1,Non-Landed Properties,1,"5,000",70 to 80,700 to 800,Sep-25
MARINA ONE RESIDENCES,MARINA WAY,1,Non-Landed Properties,1,"4,000",60 to 70,600 to 700,Sep-25
MARINA ONE RESIDENCES,MARINA WAY,1,Non-Landed Properties,2,"7,100",100 to 110,"1,100 to 1,200",Sep-25
MARINA ONE RESIDENCES,MARINA WAY,1,Non-Landed Properties,3,"9,800",140 to 150,"1,500 to 1,600",Sep-25
MARINA ONE RESIDENCES,MARINA WAY,1,Non-Landed Properties,3,"11,500",140 to 150,"1,500 to 1,600",Sep-25
MARINA ONE RESIDENCES,MARINA WAY,1,Non-Landed Properties,1,"4,300",60 to 70,600 to 700,Sep-25
MARINA ONE RESIDENCES,MARINA WAY,1,Non-Landed Properties,1,"4,700",70 to 80,700 to 800,Sep-25
MARINA ONE RESIDENCES,MARINA WAY,1,Non-Landed Properties,2,"8,500",100 to 110,"1,100 to 1,200",Sep-25
MARINA ONE RESIDENCES,MARINA WAY,1,Non-Landed Properties,1,"5,150",60 to 70,700 to 800,Sep-25
MARINA ONE RESIDENCES,MARINA WAY,1,Non-Landed Properties,1,"4,500",60 to 70,600 to 700,Sep-25
MARINA ONE RESIDENCES,MARINA WAY,1,Non-Landed Properties,1,"4,600",60 to 70,700 to 800,Sep-25
MARINA ONE RESIDENCES,MARINA WAY,1,Non-Landed Properties,2,"6,500",90 to 100,"1,000 to 1,100",Sep-25
MARINA ONE RESIDENCES,MARINA WAY,1,Non-Landed Properties,1,"5,000",70 to 80,700 to 800,Sep-25
MARINA ONE RESIDENCES,MARINA WAY,1,Non-Landed Properties,1,"4,300",60 to 70,700 to 800,Sep-25
MARINA ONE RESIDENCES,MARINA WAY,1,Non-Landed Properties,2,"8,300",100 to 110,"1,100 to 1,200",Sep-25
MARINA ONE RESIDENCES,MARINA WAY,1,Non-Landed Properties,2,"7,300",100 to 110,"1,100 to 1,200",Sep-25
MARINA ONE RESIDENCES,MARINA WAY,1,Non-Landed Properties,2,"7,000",90 to 100,"1,000 to 1,100",Sep-25
MARINA ONE RESIDENCES,MARINA WAY,1,Non-Landed Properties,1,"4,800",60 to 70,700 to 800,Sep-25
MARINA ONE RESIDENCES,MARINA WAY,1,Non-Landed Properties,2,"7,500",100 to 110,"1,100 to 1,200",Sep-25
MARINA ONE RESIDENCES,MARINA WAY,1,Non-Landed Properties,1,"5,000",60 to 70,700 to 800,Sep-25
MARINA ONE RESIDENCES,MARINA WAY,1,Non-Landed Properties,1,"5,000",60 to 70,600 to 700,Sep-25
MARINA ONE RESIDENCES,MARINA WAY,1,Non-Landed Properties,1,"4,250",60 to 70,600 to 700,Sep-25
MARINA ONE RESIDENCES,MARINA WAY,1,Non-Landed Properties,1,"4,480",60 to 70,700 to 800,Sep-25
MARINA ONE RESIDENCES,MARINA WAY,1,Non-Landed Properties,1,"4,800",60 to 70,600 to 700,Sep-25
MARINA ONE RESIDENCES,MARINA WAY,1,Non-Landed Properties,2,"7,500",110 to 120,"1,200 to 1,300",Sep-25
MARINA ONE RESIDENCES,MARINA WAY,1,Non-Landed Properties,3,"9,900",140 to 150,"1,500 to 1,600",Sep-25
MARINA ONE RESIDENCES,MARINA WAY,1,Non-Landed Properties,2,"7,700",100 to 110,"1,100 to 1,200",Sep-25
MARINA ONE RESIDENCES,MARINA WAY,1,Non-Landed Properties,1,"6,000",70 to 80,700 to 800,Sep-25
MARINA ONE RESIDENCES,MARINA WAY,1,Non-Landed Properties,1,"5,900",60 to 70,700 to 800,Sep-25
THE SAIL @ MARINA BAY,MARINA BOULEVARD,1,Non-Landed Properties,4,"9,500",150 to 160,"1,600 to 1,700",Sep-25
THE SAIL @ MARINA BAY,MARINA BOULEVARD,1,Non-Landed Properties,1,"4,400",50 to 60,600 to 700,Sep-25
THE SAIL @ MARINA BAY,MARINA BOULEVARD,1,Non-Landed Properties,1,"4,300",60 to 70,600 to 700,Sep-25
THE SAIL @ MARINA BAY,MARINA BOULEVARD,1,Non-Landed Properties,3,"8,800",150 to 160,"1,600 to 1,700",Sep-25
THE SAIL @ MARINA BAY,MARINA BOULEVARD,1,Non-Landed Properties,1,"5,200",60 to 70,600 to 700,Sep-25
THE SAIL @ MARINA BAY,MARINA BOULEVARD,1,Non-Landed Properties,1,"4,600",50 to 60,600 to 700,Sep-25
THE SAIL @ MARINA BAY,MARINA BOULEVARD,1,Non-Landed Properties,1,"4,800",60 to 70,600 to 700,Sep-25
THE SAIL @ MARINA BAY,MARINA BOULEVARD,1,Non-Landed Properties,4,"11,700",200 to 210,"2,200 to 2,300",Sep-25
THE SAIL @ MARINA BAY,MARINA BOULEVARD,1,Non-Landed Properties,1,"4,400",50 to 60,600 to 700,Sep-25
THE SAIL @ MARINA BAY,MARINA BOULEVARD,1,Non-Landed Properties,1,"4,200",60 to 70,600 to 700,Sep-25
THE SAIL @ MARINA BAY,MARINA BOULEVARD,1,Non-Landed Properties,2,"5,300",70 to 80,800 to 900,Sep-25
THE SAIL @ MARINA BAY,MARINA BOULEVARD,1,Non-Landed Properties,1,"4,900",60 to 70,600 to 700,Sep-25
THE SAIL @ MARINA BAY,MARINA BOULEVARD,1,Non-Landed Properties,4,"9,600",150 to 160,"1,600 to 1,700",Sep-25
THE SAIL @ MARINA BAY,MARINA BOULEVARD,1,Non-Landed Properties,1,"5,500",50 to 60,600 to 700,Sep-25
THE SAIL @ MARINA BAY,MARINA BOULEVARD,1,Non-Landed Properties,3,"7,500",120 to 130,"1,300 to 1,400",Sep-25
THE SAIL @ MARINA BAY,MARINA BOULEVARD,1,Non-Landed Properties,3,"10,500",190 to 200,"2,000 to 2,100",Sep-25
THE SAIL @ MARINA BAY,MARINA BOULEVARD,1,Non-Landed Properties,2,"6,000",70 to 80,800 to 900,Sep-25
THE SAIL @ MARINA BAY,MARINA BOULEVARD,1,Non-Landed Properties,1,"4,000",50 to 60,600 to 700,Sep-25
THE SAIL @ MARINA BAY,MARINA BOULEVARD,1,Non-Landed Properties,1,"4,900",60 to 70,600 to 700,Sep-25
THE SAIL @ MARINA BAY,MARINA BOULEVARD,1,Non-Landed Properties,1,"4,300",60 to 70,600 to 700,Sep-25
THE SAIL @ MARINA BAY,MARINA BOULEVARD,1,Non-Landed Properties,1,"4,000",50 to 60,600 to 700,Sep-25
THE SAIL @ MARINA BAY,MARINA BOULEVARD,1,Non-Landed Properties,1,"4,400",60 to 70,600 to 700,Sep-25
THE SAIL @ MARINA BAY,MARINA BOULEVARD,1,Non-Landed Properties,2,"7,200",90 to 100,"1,000 to 1,100",Sep-25
THE SAIL @ MARINA BAY,MARINA BOULEVARD,1,Non-Landed Properties,2,"5,800",80 to 90,800 to 900,Sep-25
THE SAIL @ MARINA BAY,MARINA BOULEVARD,1,Non-Landed Properties,4,"13,000",190 to 200,"2,100 to 2,200",Sep-25
THE SAIL @ MARINA BAY,MARINA BOULEVARD,1,Non-Landed Properties,2,"6,800",90 to 100,"1,000 to 1,100",Sep-25
THE SAIL @ MARINA BAY,MARINA BOULEVARD,1,Non-Landed Properties,1,"4,100",50 to 60,500 to 600,Sep-25
THE SAIL @ MARINA BAY,MARINA BOULEVARD,1,Non-Landed Properties,2,"5,700",80 to 90,800 to 900,Sep-25
THE SAIL @ MARINA BAY,MARINA BOULEVARD,1,Non-Landed Properties,3,"11,800",170 to 180,"1,800 to 1,900",Sep-25
THE SAIL @ MARINA BAY,MARINA BOULEVARD,1,Non-Landed Properties,2,"5,900",80 to 90,800 to 900,Sep-25
THE SAIL @ MARINA BAY,MARINA BOULEVARD,1,Non-Landed Properties,1,"4,450",60 to 70,600 to 700,Sep-25
THE SAIL @ MARINA BAY,MARINA BOULEVARD,1,Non-Landed Properties,3,"8,100",100 to 110,"1,100 to 1,200",Sep-25
THE SAIL @ MARINA BAY,MARINA BOULEVARD,1,Non-Landed Properties,1,"4,150",50 to 60,500 to 600,Sep-25
THE SAIL @ MARINA BAY,MARINA BOULEVARD,1,Non-Landed Properties,1,"4,100",50 to 60,500 to 600,Sep-25
THE SAIL @ MARINA BAY,MARINA BOULEVARD,1,Non-Landed Properties,2,"8,800",80 to 90,800 to 900,Sep-25
THE SAIL @ MARINA BAY,MARINA BOULEVARD,1,Non-Landed Properties,2,"6,100",80 to 90,800 to 900,Sep-25
THE SAIL @ MARINA BAY,MARINA BOULEVARD,1,Non-Landed Properties,1,"5,300",60 to 70,600 to 700,Sep-25
THE SAIL @ MARINA BAY,MARINA BOULEVARD,1,Non-Landed Properties,1,"4,000",60 to 70,600 to 700,Sep-25
THE SAIL @ MARINA BAY,MARINA BOULEVARD,1,Non-Landed Properties,2,"6,700",80 to 90,800 to 900,Sep-25
THE SAIL @ MARINA BAY,MARINA BOULEVARD,1,Non-Landed Properties,1,"4,500",60 to 70,600 to 700,Sep-25
THE SAIL @ MARINA BAY,MARINA BOULEVARD,1,Non-Landed Properties,1,"5,500",60 to 70,600 to 700,Sep-25
THE SAIL @ MARINA BAY,MARINA BOULEVARD,1,Non-Landed Properties,1,"3,800",50 to 60,500 to 600,Sep-25
THE SAIL @ MARINA BAY,MARINA BOULEVARD,1,Non-Landed Properties,2,"5,850",80 to 90,800 to 900,Sep-25
THE SAIL @ MARINA BAY,MARINA BOULEVARD,1,Non-Landed Properties,1,"4,050",60 to 70,600 to 700,Sep-25
THE SAIL @ MARINA BAY,MARINA BOULEVARD,1,Non-Landed Properties,1,"4,200",60 to 70,600 to 700,Sep-25
THE SAIL @ MARINA BAY,MARINA BOULEVARD,1,Non-Landed Properties,1,"4,200",60 to 70,600 to 700,Sep-25
THE SAIL @ MARINA BAY,MARINA BOULEVARD,1,Non-Landed Properties,3,"8,000",100 to 110,"1,100 to 1,200",Sep-25
THE SAIL @ MARINA BAY,MARINA BOULEVARD,1,Non-Landed Properties,1,"4,900",60 to 70,600 to 700,Sep-25
THE SAIL @ MARINA BAY,MARINA BOULEVARD,1,Non-Landed Properties,2,"5,000",80 to 90,800 to 900,Sep-25
THE SAIL @ MARINA BAY,MARINA BOULEVARD,1,Non-Landed Properties,1,"4,900",50 to 60,500 to 600,Sep-25
THE SAIL @ MARINA BAY,MARINA BOULEVARD,1,Non-Landed Properties,1,"4,300",60 to 70,600 to 700,Sep-25
V ON SHENTON,SHENTON WAY,1,Non-Landed Properties,NA,"3,750",40 to 50,400 to 500,Sep-25
V ON SHENTON,SHENTON WAY,1,Non-Landed Properties,2,"7,500",110 to 120,"1,200 to 1,300",Sep-25
V ON SHENTON,SHENTON WAY,1,Non-Landed Properties,2,"6,200",80 to 90,"900 to 1,000",Sep-25
V ON SHENTON,SHENTON WAY,1,Non-Landed Properties,1,"4,100",40 to 50,500 to 600,Sep-25
V ON SHENTON,SHENTON WAY,1,Non-Landed Properties,2,"6,000",90 to 100,"1,000 to 1,100",Sep-25
V ON SHENTON,SHENTON WAY,1,Non-Landed Properties,2,"5,400",100 to 110,"1,100 to 1,200",Sep-25
V ON SHENTON,SHENTON WAY,1,Non-Landed Properties,NA,"3,500",40 to 50,400 to 500,Sep-25
V ON SHENTON,SHENTON WAY,1,Non-Landed Properties,1,"3,800",40 to 50,500 to 600,Sep-25
V ON SHENTON,SHENTON WAY,1,Non-Landed Properties,3,"7,800",120 to 130,"1,300 to 1,400",Sep-25
V ON SHENTON,SHENTON WAY,1,Non-Landed Properties,2,"5,500",100 to 110,"1,100 to 1,200",Sep-25
V ON SHENTON,SHENTON WAY,1,Non-Landed Properties,NA,"3,600",40 to 50,400 to 500,Sep-25
V ON SHENTON,SHENTON WAY,1,Non-Landed Properties,1,"5,200",60 to 70,700 to 800,Sep-25
V ON SHENTON,SHENTON WAY,1,Non-Landed Properties,1,"4,400",60 to 70,600 to 700,Sep-25
V ON SHENTON,SHENTON WAY,1,Non-Landed Properties,2,"5,200",90 to 100,"1,000 to 1,100",Sep-25
V ON SHENTON,SHENTON WAY,1,Non-Landed Properties,NA,"4,300",40 to 50,400 to 500,Sep-25
V ON SHENTON,SHENTON WAY,1,Non-Landed Properties,3,"7,800",120 to 130,"1,300 to 1,400",Sep-25
V ON SHENTON,SHENTON WAY,1,Non-Landed Properties,NA,"3,400",40 to 50,400 to 500,Sep-25
V ON SHENTON,SHENTON WAY,1,Non-Landed Properties,NA,"3,500",40 to 50,400 to 500,Sep-25
V ON SHENTON,SHENTON WAY,1,Non-Landed Properties,2,"5,200",80 to 90,"900 to 1,000",Sep-25
V ON SHENTON,SHENTON WAY,1,Non-Landed Properties,2,"6,800",100 to 110,"1,100 to 1,200",Sep-25
V ON SHENTON,SHENTON WAY,1,Non-Landed Properties,2,"5,700",80 to 90,"900 to 1,000",Sep-25
V ON SHENTON,SHENTON WAY,1,Non-Landed Properties,2,"6,300",100 to 110,"1,100 to 1,200",Sep-25
MARINA BAY SUITES,CENTRAL BOULEVARD,1,Non-Landed Properties,3,"9,500",150 to 160,"1,600 to 1,700",Sep-25
MARINA BAY SUITES,CENTRAL BOULEVARD,1,Non-Landed Properties,3,"9,200",140 to 150,"1,600 to 1,700",Sep-25
MARINA BAY SUITES,CENTRAL BOULEVARD,1,Non-Landed Properties,4,"14,000",190 to 200,"2,000 to 2,100",Sep-25
MARINA BAY SUITES,CENTRAL BOULEVARD,1,Non-Landed Properties,4,"16,500",240 to 250,"2,600 to 2,700",Sep-25
MARINA BAY SUITES,CENTRAL BOULEVARD,1,Non-Landed Properties,4,"20,000",240 to 250,"2,600 to 2,700",Sep-25
MARINA BAY SUITES,CENTRAL BOULEVARD,1,Non-Landed Properties,3,"9,500",140 to 150,"1,600 to 1,700",Sep-25
MARINA BAY SUITES,CENTRAL BOULEVARD,1,Non-Landed Properties,3,"9,500",140 to 150,"1,500 to 1,600",Sep-25
MARINA BAY SUITES,CENTRAL BOULEVARD,1,Non-Landed Properties,4,"16,500",240 to 250,"2,600 to 2,700",Sep-25
THE CLIFT,MCCALLUM STREET,1,Non-Landed Properties,2,"5,250",70 to 80,700 to 800,Sep-25
THE CLIFT,MCCALLUM STREET,1,Non-Landed Properties,2,"4,500",70 to 80,700 to 800,Sep-25
THE CLIFT,MCCALLUM STREET,1,Non-Landed Properties,1,"4,600",70 to 80,700 to 800,Sep-25
THE CLIFT,MCCALLUM STREET,1,Non-Landed Properties,1,"3,800",40 to 50,500 to 600,Sep-25
THE CLIFT,MCCALLUM STREET,1,Non-Landed Properties,1,"3,850",40 to 50,400 to 500,Sep-25
THE CLIFT,MCCALLUM STREET,1,Non-Landed Properties,1,"5,500",70 to 80,800 to 900,Sep-25
THE CLIFT,MCCALLUM STREET,1,Non-Landed Properties,1,"5,300",70 to 80,800 to 900,Sep-25
THE CLIFT,MCCALLUM STREET,1,Non-Landed Properties,1,"3,800",40 to 50,500 to 600,Sep-25
THE CLIFT,MCCALLUM STREET,1,Non-Landed Properties,1,"3,900",40 to 50,500 to 600,Sep-25
THE CLIFT,MCCALLUM STREET,1,Non-Landed Properties,1,"4,000",40 to 50,500 to 600,Sep-25
THE CLIFT,MCCALLUM STREET,1,Non-Landed Properties,1,"5,550",70 to 80,700 to 800,Sep-25
THE CLIFT,MCCALLUM STREET,1,Non-Landed Properties,1,"3,800",40 to 50,400 to 500,Sep-25
THE CLIFT,MCCALLUM STREET,1,Non-Landed Properties,1,"3,600",40 to 50,400 to 500,Sep-25
THE CLIFT,MCCALLUM STREET,1,Non-Landed Properties,1,"4,700",70 to 80,800 to 900,Sep-25
THE CLIFT,MCCALLUM STREET,1,Non-Landed Properties,1,"3,900",40 to 50,500 to 600,Sep-25
THE CLIFT,MCCALLUM STREET,1,Non-Landed Properties,2,"5,400",70 to 80,700 to 800,Sep-25
THE CLIFT,MCCALLUM STREET,1,Non-Landed Properties,1,"3,800",40 to 50,400 to 500,Sep-25
THE CLIFT,MCCALLUM STREET,1,Non-Landed Properties,1,"3,700",40 to 50,400 to 500,Sep-25
THE CLIFT,MCCALLUM STREET,1,Non-Landed Properties,1,"5,000",70 to 80,700 to 800,Sep-25
ONE SHENTON,SHENTON WAY,1,Non-Landed Properties,2,"6,700",100 to 110,"1,100 to 1,200",Sep-25
ONE SHENTON,SHENTON WAY,1,Non-Landed Properties,2,"6,200",110 to 120,"1,200 to 1,300",Sep-25
ONE SHENTON,SHENTON WAY,1,Non-Landed Properties,2,"6,100",80 to 90,"900 to 1,000",Sep-25
ONE SHENTON,SHENTON WAY,1,Non-Landed Properties,1,"4,000",40 to 50,500 to 600,Sep-25
ONE SHENTON,SHENTON WAY,1,Non-Landed Properties,2,"6,200",100 to 110,"1,100 to 1,200",Sep-25
ONE SHENTON,SHENTON WAY,1,Non-Landed Properties,2,"6,800",100 to 110,"1,100 to 1,200",Sep-25
ONE SHENTON,SHENTON WAY,1,Non-Landed Properties,3,"9,000",130 to 140,"1,400 to 1,500",Sep-25
ONE SHENTON,SHENTON WAY,1,Non-Landed Properties,2,"6,000",100 to 110,"1,100 to 1,200",Sep-25
ONE SHENTON,SHENTON WAY,1,Non-Landed Properties,1,"4,250",40 to 50,500 to 600,Sep-25
ONE SHENTON,SHENTON WAY,1,Non-Landed Properties,1,"4,500",50 to 60,500 to 600,Sep-25
ONE SHENTON,SHENTON WAY,1,Non-Landed Properties,1,"4,100",40 to 50,500 to 600,Sep-25
ONE SHENTON,SHENTON WAY,1,Non-Landed Properties,4,"20,000",>300,>3000,Sep-25
ONE SHENTON,SHENTON WAY,1,Non-Landed Properties,2,"6,700",100 to 110,"1,100 to 1,200",Sep-25
ONE SHENTON,SHENTON WAY,1,Non-Landed Properties,2,"6,300",110 to 120,"1,200 to 1,300",Sep-25
FOOK HAI BUILDING,SOUTH BRIDGE ROAD,1,Non-Landed Properties,3,"4,400",140 to 150,"1,600 to 1,700",Sep-25
PEOPLE'S PARK COMPLEX,PARK ROAD,1,Non-Landed Properties,1,"2,500",30 to 40,400 to 500,Sep-25
PEOPLE'S PARK COMPLEX,PARK ROAD,1,Non-Landed Properties,1,"2,400",30 to 40,400 to 500,Sep-25
PEOPLE'S PARK COMPLEX,PARK ROAD,1,Non-Landed Properties,1,"2,400",40 to 50,400 to 500,Sep-25
PEOPLE'S PARK COMPLEX,PARK ROAD,1,Non-Landed Properties,1,"2,450",30 to 40,400 to 500,Sep-25
PEOPLE'S PARK COMPLEX,PARK ROAD,1,Non-Landed Properties,1,"2,550",30 to 40,400 to 500,Sep-25
PEOPLE'S PARK COMPLEX,PARK ROAD,1,Non-Landed Properties,1,"2,400",30 to 40,400 to 500,Sep-25
PEOPLE'S PARK COMPLEX,PARK ROAD,1,Non-Landed Properties,1,"2,700",30 to 40,400 to 500,Sep-25
PEOPLE'S PARK COMPLEX,PARK ROAD,1,Non-Landed Properties,1,"2,500",40 to 50,400 to 500,Sep-25
PEOPLE'S PARK COMPLEX,PARK ROAD,1,Non-Landed Properties,1,"3,100",30 to 40,400 to 500,Sep-25
PEOPLE'S PARK COMPLEX,PARK ROAD,1,Non-Landed Properties,1,"3,500",30 to 40,400 to 500,Sep-25
PEOPLE'S PARK COMPLEX,PARK ROAD,1,Non-Landed Properties,3,"5,300",100 to 110,"1,100 to 1,200",Sep-25
PEOPLE'S PARK COMPLEX,PARK ROAD,1,Non-Landed Properties,1,"2,900",30 to 40,400 to 500,Sep-25
EMERALD GARDEN,CLUB STREET,1,Non-Landed Properties,2,"5,100",80 to 90,"900 to 1,000",Sep-25
EMERALD GARDEN,CLUB STREET,1,Non-Landed Properties,3,"6,200",130 to 140,"1,500 to 1,600",Sep-25
EMERALD GARDEN,CLUB STREET,1,Non-Landed Properties,3,"5,800",110 to 120,"1,200 to 1,300",Sep-25
EMERALD GARDEN,CLUB STREET,1,Non-Landed Properties,3,"6,500",110 to 120,"1,200 to 1,300",Sep-25
EMERALD GARDEN,CLUB STREET,1,Non-Landed Properties,1,"4,400",80 to 90,"900 to 1,000",Sep-25
EMERALD GARDEN,CLUB STREET,1,Non-Landed Properties,2,"5,500",90 to 100,"1,000 to 1,100",Sep-25
EMERALD GARDEN,CLUB STREET,1,Non-Landed Properties,1,"5,100",80 to 90,"900 to 1,000",Sep-25
EMERALD GARDEN,CLUB STREET,1,Non-Landed Properties,1,"4,300",70 to 80,800 to 900,Sep-25
EMERALD GARDEN,CLUB STREET,1,Non-Landed Properties,3,"6,000",110 to 120,"1,200 to 1,300",Sep-25
EMERALD GARDEN,CLUB STREET,1,Non-Landed Properties,2,"4,500",80 to 90,"900 to 1,000",Sep-25
EMERALD GARDEN,CLUB STREET,1,Non-Landed Properties,2,"4,500",80 to 90,"900 to 1,000",Sep-25
EMERALD GARDEN,CLUB STREET,1,Non-Landed Properties,3,"5,500",120 to 130,"1,300 to 1,400",Sep-25
EMERALD GARDEN,CLUB STREET,1,Non-Landed Properties,1,"4,200",70 to 80,800 to 900,Sep-25
EMERALD GARDEN,CLUB STREET,1,Non-Landed Properties,3,"5,600",110 to 120,"1,200 to 1,300",Sep-25
EMERALD GARDEN,CLUB STREET,1,Non-Landed Properties,2,"6,200",90 to 100,"1,000 to 1,100",Sep-25
EMERALD GARDEN,CLUB STREET,1,Non-Landed Properties,3,"5,300",120 to 130,"1,300 to 1,400",Sep-25
EMERALD GARDEN,CLUB STREET,1,Non-Landed Properties,2,"5,250",90 to 100,"900 to 1,000",Sep-25
EMERALD GARDEN,CLUB STREET,1,Non-Landed Properties,2,"5,000",80 to 90,"900 to 1,000",Sep-25
PEOPLE'S PARK CENTRE,UPPER CROSS STREET,1,Non-Landed Properties,3,"5,000",160 to 170,"1,700 to 1,800",Sep-25
PEOPLE'S PARK CENTRE,UPPER CROSS STREET,1,Non-Landed Properties,3,"6,500",150 to 160,"1,600 to 1,700",Sep-25
ROBINSON SUITES,ROBINSON ROAD,1,Non-Landed Properties,1,"3,700",40 to 50,400 to 500,Sep-25
ROBINSON SUITES,ROBINSON ROAD,1,Non-Landed Properties,2,"4,100",50 to 60,600 to 700,Sep-25
ROBINSON SUITES,ROBINSON ROAD,1,Non-Landed Properties,1,"3,600",40 to 50,500 to 600,Sep-25
ROBINSON SUITES,ROBINSON ROAD,1,Non-Landed Properties,1,"3,800",40 to 50,400 to 500,Sep-25
ROBINSON SUITES,ROBINSON ROAD,1,Non-Landed Properties,2,"4,200",50 to 60,600 to 700,Sep-25
ROBINSON SUITES,ROBINSON ROAD,1,Non-Landed Properties,1,"4,300",40 to 50,500 to 600,Sep-25
ROBINSON SUITES,ROBINSON ROAD,1,Non-Landed Properties,2,"4,200",50 to 60,600 to 700,Sep-25
ROBINSON SUITES,ROBINSON ROAD,1,Non-Landed Properties,2,"4,100",50 to 60,600 to 700,Sep-25
ROBINSON SUITES,ROBINSON ROAD,1,Non-Landed Properties,2,"4,100",50 to 60,600 to 700,Sep-25
ROBINSON SUITES,ROBINSON ROAD,1,Non-Landed Properties,1,"3,700",40 to 50,400 to 500,Sep-25
ROBINSON SUITES,ROBINSON ROAD,1,Non-Landed Properties,1,"3,600",40 to 50,400 to 500,Sep-25
ROBINSON SUITES,ROBINSON ROAD,1,Non-Landed Properties,1,"3,700",40 to 50,400 to 500,Sep-25
ROBINSON SUITES,ROBINSON ROAD,1,Non-Landed Properties,2,"4,850",80 to 90,"900 to 1,000",Sep-25
ROBINSON SUITES,ROBINSON ROAD,1,Non-Landed Properties,1,"3,600",40 to 50,400 to 500,Sep-25
RIVERWALK APARTMENTS,UPPER CIRCULAR ROAD,1,Non-Landed Properties,NA,"3,700",70 to 80,800 to 900,Sep-25
RIVERWALK APARTMENTS,UPPER CIRCULAR ROAD,1,Non-Landed Properties,2,"6,300",110 to 120,"1,200 to 1,300",Sep-25
RIVERWALK APARTMENTS,UPPER CIRCULAR ROAD,1,Non-Landed Properties,NA,"3,600",70 to 80,800 to 900,Sep-25
RIVERWALK APARTMENTS,UPPER CIRCULAR ROAD,1,Non-Landed Properties,NA,"4,000",70 to 80,800 to 900,Sep-25
RIVERWALK APARTMENTS,UPPER CIRCULAR ROAD,1,Non-Landed Properties,2,"7,000",110 to 120,"1,200 to 1,300",Sep-25
RIVERWALK APARTMENTS,UPPER CIRCULAR ROAD,1,Non-Landed Properties,3,"7,500",140 to 150,"1,600 to 1,700",Sep-25
MARINA BAY RESIDENCES,MARINA BOULEVARD,1,Non-Landed Properties,1,"6,000",60 to 70,700 to 800,Sep-25
MARINA BAY RESIDENCES,MARINA BOULEVARD,1,Non-Landed Properties,2,"8,300",90 to 100,"1,000 to 1,100",Sep-25
MARINA BAY RESIDENCES,MARINA BOULEVARD,1,Non-Landed Properties,4,"18,000",210 to 220,"2,300 to 2,400",Sep-25
MARINA BAY RESIDENCES,MARINA BOULEVARD,1,Non-Landed Properties,4,"28,000",>300,>3000,Sep-25
MARINA BAY RESIDENCES,MARINA BOULEVARD,1,Non-Landed Properties,1,"5,600",60 to 70,700 to 800,Sep-25
MARINA BAY RESIDENCES,MARINA BOULEVARD,1,Non-Landed Properties,5,"100,000",>300,>3000,Sep-25
MARINA BAY RESIDENCES,MARINA BOULEVARD,1,Non-Landed Properties,1,"6,500",60 to 70,700 to 800,Sep-25
MARINA BAY RESIDENCES,MARINA BOULEVARD,1,Non-Landed Properties,2,"8,710",90 to 100,"1,000 to 1,100",Sep-25
MARINA BAY RESIDENCES,MARINA BOULEVARD,1,Non-Landed Properties,4,"20,000",210 to 220,"2,300 to 2,400",Sep-25
MARINA BAY RESIDENCES,MARINA BOULEVARD,1,Non-Landed Properties,3,"12,000",150 to 160,"1,600 to 1,700",Sep-25
MARINA BAY RESIDENCES,MARINA BOULEVARD,1,Non-Landed Properties,3,"10,500",150 to 160,"1,600 to 1,700",Sep-25
MARINA BAY RESIDENCES,MARINA BOULEVARD,1,Non-Landed Properties,4,"18,500",210 to 220,"2,300 to 2,400",Sep-25
MARINA ONE RESIDENCES,MARINA WAY,1,Non-Landed Properties,2,"8,600",110 to 120,"1,200 to 1,300",Aug-25
MARINA ONE RESIDENCES,MARINA WAY,1,Non-Landed Properties,1,"4,200",60 to 70,600 to 700,Aug-25
MARINA ONE RESIDENCES,MARINA WAY,1,Non-Landed Properties,1,"4,500",60 to 70,700 to 800,Aug-25
MARINA ONE RESIDENCES,MARINA WAY,1,Non-Landed Properties,2,"7,000",90 to 100,"900 to 1,000",Aug-25
MARINA ONE RESIDENCES,MARINA WAY,1,Non-Landed Properties,1,"4,500",60 to 70,600 to 700,Aug-25
MARINA ONE RESIDENCES,MARINA WAY,1,Non-Landed Properties,2,"8,000",100 to 110,"1,100 to 1,200",Aug-25
MARINA ONE RESIDENCES,MARINA WAY,1,Non-Landed Properties,3,"11,200",140 to 150,"1,500 to 1,600",Aug-25
MARINA ONE RESIDENCES,MARINA WAY,1,Non-Landed Properties,2,"7,800",100 to 110,"1,100 to 1,200",Aug-25
MARINA ONE RESIDENCES,MARINA WAY,1,Non-Landed Properties,1,"5,600",60 to 70,700 to 800,Aug-25
MARINA ONE RESIDENCES,MARINA WAY,1,Non-Landed Properties,2,"7,500",100 to 110,"1,100 to 1,200",Aug-25
MARINA ONE RESIDENCES,MARINA WAY,1,Non-Landed Properties,2,"7,000",100 to 110,"1,100 to 1,200",Aug-25
MARINA ONE RESIDENCES,MARINA WAY,1,Non-Landed Properties,2,"7,350",100 to 110,"1,100 to 1,200",Aug-25
MARINA ONE RESIDENCES,MARINA WAY,1,Non-Landed Properties,1,"4,200",60 to 70,600 to 700,Aug-25
MARINA ONE RESIDENCES,MARINA WAY,1,Non-Landed Properties,3,"9,500",140 to 150,"1,500 to 1,600",Aug-25
MARINA ONE RESIDENCES,MARINA WAY,1,Non-Landed Properties,2,"7,500",100 to 110,"1,100 to 1,200",Aug-25
MARINA ONE RESIDENCES,MARINA WAY,1,Non-Landed Properties,4,"15,500",180 to 190,"2,000 to 2,100",Aug-25
MARINA ONE RESIDENCES,MARINA WAY,1,Non-Landed Properties,1,"5,000",60 to 70,600 to 700,Aug-25
MARINA ONE RESIDENCES,MARINA WAY,1,Non-Landed Properties,3,"9,000",140 to 150,"1,500 to 1,600",Aug-25
MARINA ONE RESIDENCES,MARINA WAY,1,Non-Landed Properties,1,"4,800",60 to 70,600 to 700,Aug-25
MARINA ONE RESIDENCES,MARINA WAY,1,Non-Landed Properties,4,"18,000",200 to 210,"2,200 to 2,300",Aug-25
MARINA ONE RESIDENCES,MARINA WAY,1,Non-Landed Properties,1,"4,400",60 to 70,700 to 800,Aug-25
MARINA ONE RESIDENCES,MARINA WAY,1,Non-Landed Properties,2,"7,700",90 to 100,"1,000 to 1,100",Aug-25
MARINA ONE RESIDENCES,MARINA WAY,1,Non-Landed Properties,3,"13,000",140 to 150,"1,500 to 1,600",Aug-25
MARINA ONE RESIDENCES,MARINA WAY,1,Non-Landed Properties,2,"8,000",100 to 110,"1,100 to 1,200",Aug-25
MARINA ONE RESIDENCES,MARINA WAY,1,Non-Landed Properties,1,"4,300",60 to 70,700 to 800,Aug-25
MARINA ONE RESIDENCES,MARINA WAY,1,Non-Landed Properties,2,"9,750",90 to 100,"900 to 1,000",Aug-25
MARINA ONE RESIDENCES,MARINA WAY,1,Non-Landed Properties,1,"4,500",60 to 70,700 to 800,Aug-25
MARINA ONE RESIDENCES,MARINA WAY,1,Non-Landed Properties,2,"7,700",100 to 110,"1,100 to 1,200",Aug-25
MARINA ONE RESIDENCES,MARINA WAY,1,Non-Landed Properties,2,"7,000",90 to 100,"1,000 to 1,100",Aug-25
MARINA ONE RESIDENCES,MARINA WAY,1,Non-Landed Properties,1,"4,500",60 to 70,600 to 700,Aug-25
MARINA ONE RESIDENCES,MARINA WAY,1,Non-Landed Properties,4,"17,800",200 to 210,"2,200 to 2,300",Aug-25
MARINA ONE RESIDENCES,MARINA WAY,1,Non-Landed Properties,3,"10,000",140 to 150,"1,500 to 1,600",Aug-25
MARINA ONE RESIDENCES,MARINA WAY,1,Non-Landed Properties,4,"15,000",200 to 210,"2,200 to 2,300",Aug-25
MARINA ONE RESIDENCES,MARINA WAY,1,Non-Landed Properties,1,"4,500",60 to 70,700 to 800,Aug-25
MARINA ONE RESIDENCES,MARINA WAY,1,Non-Landed Properties,1,"4,650",60 to 70,700 to 800,Aug-25
MARINA ONE RESIDENCES,MARINA WAY,1,Non-Landed Properties,1,"4,750",60 to 70,700 to 800,Aug-25
MARINA ONE RESIDENCES,MARINA WAY,1,Non-Landed Properties,1,"4,700",60 to 70,700 to 800,Aug-25
MARINA ONE RESIDENCES,MARINA WAY,1,Non-Landed Properties,4,"14,000",190 to 200,"2,100 to 2,200",Aug-25
MARINA ONE RESIDENCES,MARINA WAY,1,Non-Landed Properties,2,"7,700",100 to 110,"1,100 to 1,200",Aug-25
MARINA ONE RESIDENCES,MARINA WAY,1,Non-Landed Properties,1,"4,300",60 to 70,700 to 800,Aug-25
MARINA ONE RESIDENCES,MARINA WAY,1,Non-Landed Properties,2,"7,200",90 to 100,"1,000 to 1,100",Aug-25
MARINA ONE RESIDENCES,MARINA WAY,1,Non-Landed Properties,1,"5,250",60 to 70,700 to 800,Aug-25
MARINA ONE RESIDENCES,MARINA WAY,1,Non-Landed Properties,1,"6,000",60 to 70,700 to 800,Aug-25
MARINA ONE RESIDENCES,MARINA WAY,1,Non-Landed Properties,1,"5,000",60 to 70,700 to 800,Aug-25
THE SAIL @ MARINA BAY,MARINA BOULEVARD,1,Non-Landed Properties,1,"4,300",50 to 60,600 to 700,Aug-25
THE SAIL @ MARINA BAY,MARINA BOULEVARD,1,Non-Landed Properties,3,"7,900",120 to 130,"1,300 to 1,400",Aug-25
THE SAIL @ MARINA BAY,MARINA BOULEVARD,1,Non-Landed Properties,1,"4,800",60 to 70,600 to 700,Aug-25
THE SAIL @ MARINA BAY,MARINA BOULEVARD,1,Non-Landed Properties,2,"5,500",70 to 80,800 to 900,Aug-25
THE SAIL @ MARINA BAY,MARINA BOULEVARD,1,Non-Landed Properties,1,"4,000",50 to 60,600 to 700,Aug-25
THE SAIL @ MARINA BAY,MARINA BOULEVARD,1,Non-Landed Properties,1,"4,200",50 to 60,600 to 700,Aug-25
THE SAIL @ MARINA BAY,MARINA BOULEVARD,1,Non-Landed Properties,2,"6,300",70 to 80,800 to 900,Aug-25
THE SAIL @ MARINA BAY,MARINA BOULEVARD,1,Non-Landed Properties,1,"5,300",50 to 60,600 to 700,Aug-25
THE SAIL @ MARINA BAY,MARINA BOULEVARD,1,Non-Landed Properties,1,"4,200",50 to 60,600 to 700,Aug-25
THE SAIL @ MARINA BAY,MARINA BOULEVARD,1,Non-Landed Properties,2,"5,400",70 to 80,800 to 900,Aug-25
THE SAIL @ MARINA BAY,MARINA BOULEVARD,1,Non-Landed Properties,1,"4,500",50 to 60,600 to 700,Aug-25
THE SAIL @ MARINA BAY,MARINA BOULEVARD,1,Non-Landed Properties,1,"4,000",50 to 60,600 to 700,Aug-25
THE SAIL @ MARINA BAY,MARINA BOULEVARD,1,Non-Landed Properties,1,"4,150",60 to 70,600 to 700,Aug-25
THE SAIL @ MARINA BAY,MARINA BOULEVARD,1,Non-Landed Properties,3,"7,000",120 to 130,"1,300 to 1,400",Aug-25
THE SAIL @ MARINA BAY,MARINA BOULEVARD,1,Non-Landed Properties,3,"7,800",120 to 130,"1,300 to 1,400",Aug-25
THE SAIL @ MARINA BAY,MARINA BOULEVARD,1,Non-Landed Properties,2,"6,500",70 to 80,800 to 900,Aug-25
THE SAIL @ MARINA BAY,MARINA BOULEVARD,1,Non-Landed Properties,2,"5,500",70 to 80,800 to 900,Aug-25
THE SAIL @ MARINA BAY,MARINA BOULEVARD,1,Non-Landed Properties,1,"4,050",60 to 70,600 to 700,Aug-25
THE SAIL @ MARINA BAY,MARINA BOULEVARD,1,Non-Landed Properties,1,"4,500",50 to 60,600 to 700,Aug-25
THE SAIL @ MARINA BAY,MARINA BOULEVARD,1,Non-Landed Properties,2,"5,500",70 to 80,800 to 900,Aug-25
THE SAIL @ MARINA BAY,MARINA BOULEVARD,1,Non-Landed Properties,4,"16,300",150 to 160,"1,600 to 1,700",Aug-25
THE SAIL @ MARINA BAY,MARINA BOULEVARD,1,Non-Landed Properties,1,"3,800",60 to 70,600 to 700,Aug-25
THE SAIL @ MARINA BAY,MARINA BOULEVARD,1,Non-Landed Properties,1,"4,000",50 to 60,500 to 600,Aug-25
THE SAIL @ MARINA BAY,MARINA BOULEVARD,1,Non-Landed Properties,2,"6,500",80 to 90,"900 to 1,000",Aug-25
THE SAIL @ MARINA BAY,MARINA BOULEVARD,1,Non-Landed Properties,1,"4,000",50 to 60,500 to 600,Aug-25
THE SAIL @ MARINA BAY,MARINA BOULEVARD,1,Non-Landed Properties,1,"4,500",60 to 70,600 to 700,Aug-25
THE SAIL @ MARINA BAY,MARINA BOULEVARD,1,Non-Landed Properties,3,"9,000",140 to 150,"1,500 to 1,600",Aug-25
THE SAIL @ MARINA BAY,MARINA BOULEVARD,1,Non-Landed Properties,3,"14,000",180 to 190,"1,900 to 2,000",Aug-25
THE SAIL @ MARINA BAY,MARINA BOULEVARD,1,Non-Landed Properties,2,"6,000",80 to 90,"900 to 1,000",Aug-25
THE SAIL @ MARINA BAY,MARINA BOULEVARD,1,Non-Landed Properties,1,"4,200",50 to 60,500 to 600,Aug-25
THE SAIL @ MARINA BAY,MARINA BOULEVARD,1,Non-Landed Properties,1,"4,100",60 to 70,600 to 700,Aug-25
THE SAIL @ MARINA BAY,MARINA BOULEVARD,1,Non-Landed Properties,1,"3,600",50 to 60,500 to 600,Aug-25
THE SAIL @ MARINA BAY,MARINA BOULEVARD,1,Non-Landed Properties,2,"5,600",80 to 90,800 to 900,Aug-25
THE SAIL @ MARINA BAY,MARINA BOULEVARD,1,Non-Landed Properties,1,"3,900",60 to 70,600 to 700,Aug-25
THE SAIL @ MARINA BAY,MARINA BOULEVARD,1,Non-Landed Properties,1,"4,500",50 to 60,500 to 600,Aug-25
THE SAIL @ MARINA BAY,MARINA BOULEVARD,1,Non-Landed Properties,1,"3,900",50 to 60,500 to 600,Aug-25
THE SAIL @ MARINA BAY,MARINA BOULEVARD,1,Non-Landed Properties,1,"4,000",60 to 70,600 to 700,Aug-25
THE SAIL @ MARINA BAY,MARINA BOULEVARD,1,Non-Landed Properties,2,"7,000",80 to 90,"900 to 1,000",Aug-25
THE SAIL @ MARINA BAY,MARINA BOULEVARD,1,Non-Landed Properties,2,"6,600",80 to 90,800 to 900,Aug-25
THE SAIL @ MARINA BAY,MARINA BOULEVARD,1,Non-Landed Properties,3,"13,000",170 to 180,"1,800 to 1,900",Aug-25
THE SAIL @ MARINA BAY,MARINA BOULEVARD,1,Non-Landed Properties,1,"4,000",60 to 70,600 to 700,Aug-25
THE SAIL @ MARINA BAY,MARINA BOULEVARD,1,Non-Landed Properties,4,"14,000",190 to 200,"2,000 to 2,100",Aug-25
THE SAIL @ MARINA BAY,MARINA BOULEVARD,1,Non-Landed Properties,1,"4,000",60 to 70,600 to 700,Aug-25
THE SAIL @ MARINA BAY,MARINA BOULEVARD,1,Non-Landed Properties,3,"7,600",100 to 110,"1,100 to 1,200",Aug-25
THE SAIL @ MARINA BAY,MARINA BOULEVARD,1,Non-Landed Properties,2,"5,300",80 to 90,800 to 900,Aug-25
THE SAIL @ MARINA BAY,MARINA BOULEVARD,1,Non-Landed Properties,1,"4,100",50 to 60,500 to 600,Aug-25
THE SAIL @ MARINA BAY,MARINA BOULEVARD,1,Non-Landed Properties,4,"12,500",190 to 200,"2,100 to 2,200",Aug-25
THE SAIL @ MARINA BAY,MARINA BOULEVARD,1,Non-Landed Properties,1,"4,100",50 to 60,500 to 600,Aug-25
THE SAIL @ MARINA BAY,MARINA BOULEVARD,1,Non-Landed Properties,2,"6,200",80 to 90,800 to 900,Aug-25
THE SAIL @ MARINA BAY,MARINA BOULEVARD,1,Non-Landed Properties,1,"4,100",60 to 70,600 to 700,Aug-25
THE SAIL @ MARINA BAY,MARINA BOULEVARD,1,Non-Landed Properties,3,"8,500",150 to 160,"1,700 to 1,800",Aug-25
THE SAIL @ MARINA BAY,MARINA BOULEVARD,1,Non-Landed Properties,2,"6,750",80 to 90,800 to 900,Aug-25
THE SAIL @ MARINA BAY,MARINA BOULEVARD,1,Non-Landed Properties,2,"5,500",80 to 90,800 to 900,Aug-25
THE SAIL @ MARINA BAY,MARINA BOULEVARD,1,Non-Landed Properties,3,"9,800",160 to 170,"1,700 to 1,800",Aug-25
THE SAIL @ MARINA BAY,MARINA BOULEVARD,1,Non-Landed Properties,1,"4,500",60 to 70,600 to 700,Aug-25
V ON SHENTON,SHENTON WAY,1,Non-Landed Properties,NA,"3,850",40 to 50,400 to 500,Aug-25
V ON SHENTON,SHENTON WAY,1,Non-Landed Properties,2,"6,000",90 to 100,"1,000 to 1,100",Aug-25
V ON SHENTON,SHENTON WAY,1,Non-Landed Properties,2,"5,500",100 to 110,"1,100 to 1,200",Aug-25
V ON SHENTON,SHENTON WAY,1,Non-Landed Properties,2,"6,300",110 to 120,"1,200 to 1,300",Aug-25
V ON SHENTON,SHENTON WAY,1,Non-Landed Properties,3,"7,500",140 to 150,"1,500 to 1,600",Aug-25
V ON SHENTON,SHENTON WAY,1,Non-Landed Properties,2,"6,000",90 to 100,"1,000 to 1,100",Aug-25
V ON SHENTON,SHENTON WAY,1,Non-Landed Properties,NA,"3,400",40 to 50,400 to 500,Aug-25
V ON SHENTON,SHENTON WAY,1,Non-Landed Properties,1,"4,300",60 to 70,600 to 700,Aug-25
V ON SHENTON,SHENTON WAY,1,Non-Landed Properties,2,"6,200",80 to 90,"900 to 1,000",Aug-25
V ON SHENTON,SHENTON WAY,1,Non-Landed Properties,NA,"3,500",40 to 50,400 to 500,Aug-25
V ON SHENTON,SHENTON WAY,1,Non-Landed Properties,1,"4,400",60 to 70,600 to 700,Aug-25
V ON SHENTON,SHENTON WAY,1,Non-Landed Properties,3,"8,000",140 to 150,"1,500 to 1,600",Aug-25
V ON SHENTON,SHENTON WAY,1,Non-Landed Properties,2,"7,000",100 to 110,"1,000 to 1,100",Aug-25
V ON SHENTON,SHENTON WAY,1,Non-Landed Properties,NA,"3,500",40 to 50,400 to 500,Aug-25
V ON SHENTON,SHENTON WAY,1,Non-Landed Properties,NA,"3,700",40 to 50,400 to 500,Aug-25
V ON SHENTON,SHENTON WAY,1,Non-Landed Properties,1,"3,600",40 to 50,400 to 500,Aug-25
V ON SHENTON,SHENTON WAY,1,Non-Landed Properties,3,"8,000",140 to 150,"1,500 to 1,600",Aug-25
V ON SHENTON,SHENTON WAY,1,Non-Landed Properties,NA,"3,700",40 to 50,400 to 500,Aug-25
V ON SHENTON,SHENTON WAY,1,Non-Landed Properties,NA,"3,400",40 to 50,400 to 500,Aug-25
V ON SHENTON,SHENTON WAY,1,Non-Landed Properties,1,"4,500",60 to 70,700 to 800,Aug-25
V ON SHENTON,SHENTON WAY,1,Non-Landed Properties,NA,"3,400",40 to 50,400 to 500,Aug-25
V ON SHENTON,SHENTON WAY,1,Non-Landed Properties,NA,"3,400",40 to 50,400 to 500,Aug-25
V ON SHENTON,SHENTON WAY,1,Non-Landed Properties,NA,"3,500",40 to 50,400 to 500,Aug-25
MARINA BAY SUITES,CENTRAL BOULEVARD,1,Non-Landed Properties,4,"17,300",240 to 250,"2,600 to 2,700",Aug-25
MARINA BAY SUITES,CENTRAL BOULEVARD,1,Non-Landed Properties,4,"15,000",240 to 250,"2,600 to 2,700",Aug-25
MARINA BAY SUITES,CENTRAL BOULEVARD,1,Non-Landed Properties,3,"9,400",140 to 150,"1,500 to 1,600",Aug-25
MARINA BAY SUITES,CENTRAL BOULEVARD,1,Non-Landed Properties,3,"10,500",140 to 150,"1,600 to 1,700",Aug-25
MARINA BAY SUITES,CENTRAL BOULEVARD,1,Non-Landed Properties,4,"16,400",240 to 250,"2,600 to 2,700",Aug-25
MARINA BAY SUITES,CENTRAL BOULEVARD,1,Non-Landed Properties,3,"10,000",150 to 160,"1,600 to 1,700",Aug-25
MARINA BAY SUITES,CENTRAL BOULEVARD,1,Non-Landed Properties,3,"9,500",140 to 150,"1,500 to 1,600",Aug-25
MARINA BAY SUITES,CENTRAL BOULEVARD,1,Non-Landed Properties,4,"15,250",240 to 250,"2,600 to 2,700",Aug-25
MARINA BAY SUITES,CENTRAL BOULEVARD,1,Non-Landed Properties,4,"11,000",190 to 200,"2,000 to 2,100",Aug-25
THE CLIFT,MCCALLUM STREET,1,Non-Landed Properties,2,"5,400",70 to 80,700 to 800,Aug-25
THE CLIFT,MCCALLUM STREET,1,Non-Landed Properties,1,"5,300",70 to 80,700 to 800,Aug-25
THE CLIFT,MCCALLUM STREET,1,Non-Landed Properties,1,"4,600",70 to 80,700 to 800,Aug-25
THE CLIFT,MCCALLUM STREET,1,Non-Landed Properties,2,"6,800",90 to 100,"1,000 to 1,100",Aug-25
THE CLIFT,MCCALLUM STREET,1,Non-Landed Properties,1,"3,700",40 to 50,500 to 600,Aug-25
THE CLIFT,MCCALLUM STREET,1,Non-Landed Properties,1,"3,800",40 to 50,500 to 600,Aug-25
THE CLIFT,MCCALLUM STREET,1,Non-Landed Properties,1,"4,000",40 to 50,500 to 600,Aug-25
THE CLIFT,MCCALLUM STREET,1,Non-Landed Properties,2,"5,300",70 to 80,700 to 800,Aug-25
THE CLIFT,MCCALLUM STREET,1,Non-Landed Properties,1,"4,750",60 to 70,700 to 800,Aug-25
THE CLIFT,MCCALLUM STREET,1,Non-Landed Properties,2,"5,000",70 to 80,700 to 800,Aug-25
THE CLIFT,MCCALLUM STREET,1,Non-Landed Properties,2,"5,100",70 to 80,700 to 800,Aug-25
THE CLIFT,MCCALLUM STREET,1,Non-Landed Properties,1,"4,300",40 to 50,500 to 600,Aug-25
THE CLIFT,MCCALLUM STREET,1,Non-Landed Properties,2,"5,100",70 to 80,700 to 800,Aug-25
THE CLIFT,MCCALLUM STREET,1,Non-Landed Properties,1,"4,200",40 to 50,500 to 600,Aug-25
THE CLIFT,MCCALLUM STREET,1,Non-Landed Properties,1,"3,700",40 to 50,500 to 600,Aug-25
THE CLIFT,MCCALLUM STREET,1,Non-Landed Properties,1,"3,750",40 to 50,400 to 500,Aug-25
THE CLIFT,MCCALLUM STREET,1,Non-Landed Properties,1,"4,200",40 to 50,500 to 600,Aug-25
THE CLIFT,MCCALLUM STREET,1,Non-Landed Properties,1,"3,700",40 to 50,500 to 600,Aug-25
ONE SHENTON,SHENTON WAY,1,Non-Landed Properties,2,"6,000",90 to 100,"1,000 to 1,100",Aug-25
ONE SHENTON,SHENTON WAY,1,Non-Landed Properties,3,"8,200",130 to 140,"1,400 to 1,500",Aug-25
ONE SHENTON,SHENTON WAY,1,Non-Landed Properties,3,"7,500",140 to 150,"1,500 to 1,600",Aug-25
ONE SHENTON,SHENTON WAY,1,Non-Landed Properties,1,"4,000",40 to 50,500 to 600,Aug-25
ONE SHENTON,SHENTON WAY,1,Non-Landed Properties,2,"7,100",110 to 120,"1,100 to 1,200",Aug-25
ONE SHENTON,SHENTON WAY,1,Non-Landed Properties,1,"5,500",80 to 90,"900 to 1,000",Aug-25
ONE SHENTON,SHENTON WAY,1,Non-Landed Properties,1,"5,800",90 to 100,"1,000 to 1,100",Aug-25
ONE SHENTON,SHENTON WAY,1,Non-Landed Properties,2,"6,200",90 to 100,"1,000 to 1,100",Aug-25
ONE SHENTON,SHENTON WAY,1,Non-Landed Properties,1,"4,200",50 to 60,500 to 600,Aug-25
ONE SHENTON,SHENTON WAY,1,Non-Landed Properties,1,"4,200",50 to 60,500 to 600,Aug-25
ONE SHENTON,SHENTON WAY,1,Non-Landed Properties,2,"6,000",100 to 110,"1,000 to 1,100",Aug-25
ONE SHENTON,SHENTON WAY,1,Non-Landed Properties,2,"6,500",100 to 110,"1,000 to 1,100",Aug-25
ONE SHENTON,SHENTON WAY,1,Non-Landed Properties,1,"5,100",90 to 100,"1,000 to 1,100",Aug-25
ONE SHENTON,SHENTON WAY,1,Non-Landed Properties,1,"4,300",40 to 50,500 to 600,Aug-25
PEOPLE'S PARK COMPLEX,PARK ROAD,1,Non-Landed Properties,3,"7,000",100 to 110,"1,100 to 1,200",Aug-25
PEOPLE'S PARK COMPLEX,PARK ROAD,1,Non-Landed Properties,1,"2,500",30 to 40,400 to 500,Aug-25
PEOPLE'S PARK COMPLEX,PARK ROAD,1,Non-Landed Properties,1,"2,500",40 to 50,400 to 500,Aug-25
PEOPLE'S PARK COMPLEX,PARK ROAD,1,Non-Landed Properties,1,"2,400",30 to 40,400 to 500,Aug-25
PEOPLE'S PARK COMPLEX,PARK ROAD,1,Non-Landed Properties,3,"4,000",100 to 110,"1,100 to 1,200",Aug-25
PEOPLE'S PARK COMPLEX,PARK ROAD,1,Non-Landed Properties,1,"1,900",30 to 40,400 to 500,Aug-25
PEOPLE'S PARK COMPLEX,PARK ROAD,1,Non-Landed Properties,1,"2,300",40 to 50,400 to 500,Aug-25
PEOPLE'S PARK COMPLEX,PARK ROAD,1,Non-Landed Properties,3,"4,500",100 to 110,"1,100 to 1,200",Aug-25
PEOPLE'S PARK COMPLEX,PARK ROAD,1,Non-Landed Properties,1,"2,200",30 to 40,400 to 500,Aug-25
PEOPLE'S PARK COMPLEX,PARK ROAD,1,Non-Landed Properties,NA,"5,000",100 to 110,"1,100 to 1,200",Aug-25
PEOPLE'S PARK COMPLEX,PARK ROAD,1,Non-Landed Properties,1,"2,800",30 to 40,400 to 500,Aug-25
PEOPLE'S PARK COMPLEX,PARK ROAD,1,Non-Landed Properties,1,"2,400",40 to 50,400 to 500,Aug-25
EMERALD GARDEN,CLUB STREET,1,Non-Landed Properties,2,"4,900",90 to 100,"900 to 1,000",Aug-25
EMERALD GARDEN,CLUB STREET,1,Non-Landed Properties,2,"4,900",90 to 100,"1,000 to 1,100",Aug-25
EMERALD GARDEN,CLUB STREET,1,Non-Landed Properties,1,"4,500",70 to 80,800 to 900,Aug-25
EMERALD GARDEN,CLUB STREET,1,Non-Landed Properties,1,"4,500",70 to 80,800 to 900,Aug-25
EMERALD GARDEN,CLUB STREET,1,Non-Landed Properties,1,"4,600",70 to 80,800 to 900,Aug-25
EMERALD GARDEN,CLUB STREET,1,Non-Landed Properties,2,"5,200",90 to 100,"1,000 to 1,100",Aug-25
EMERALD GARDEN,CLUB STREET,1,Non-Landed Properties,2,"5,600",110 to 120,"1,200 to 1,300",Aug-25
EMERALD GARDEN,CLUB STREET,1,Non-Landed Properties,1,"4,100",60 to 70,700 to 800,Aug-25
EMERALD GARDEN,CLUB STREET,1,Non-Landed Properties,2,"5,500",90 to 100,"1,000 to 1,100",Aug-25
EMERALD GARDEN,CLUB STREET,1,Non-Landed Properties,2,"5,200",90 to 100,"1,000 to 1,100",Aug-25
EMERALD GARDEN,CLUB STREET,1,Non-Landed Properties,2,"4,800",90 to 100,"1,000 to 1,100",Aug-25
EMERALD GARDEN,CLUB STREET,1,Non-Landed Properties,1,"4,200",70 to 80,800 to 900,Aug-25
EMERALD GARDEN,CLUB STREET,1,Non-Landed Properties,1,"4,250",70 to 80,800 to 900,Aug-25
EMERALD GARDEN,CLUB STREET,1,Non-Landed Properties,2,"4,800",90 to 100,"1,000 to 1,100",Aug-25
PEOPLE'S PARK CENTRE,UPPER CROSS STREET,1,Non-Landed Properties,3,"5,500",150 to 160,"1,700 to 1,800",Aug-25
ROBINSON SUITES,ROBINSON ROAD,1,Non-Landed Properties,1,"3,700",40 to 50,400 to 500,Aug-25
ROBINSON SUITES,ROBINSON ROAD,1,Non-Landed Properties,2,"4,100",50 to 60,600 to 700,Aug-25
ROBINSON SUITES,ROBINSON ROAD,1,Non-Landed Properties,1,"3,800",40 to 50,400 to 500,Aug-25
ROBINSON SUITES,ROBINSON ROAD,1,Non-Landed Properties,1,"3,500",40 to 50,500 to 600,Aug-25
ROBINSON SUITES,ROBINSON ROAD,1,Non-Landed Properties,2,"4,300",50 to 60,600 to 700,Aug-25
ROBINSON SUITES,ROBINSON ROAD,1,Non-Landed Properties,2,"4,000",50 to 60,600 to 700,Aug-25
ROBINSON SUITES,ROBINSON ROAD,1,Non-Landed Properties,1,"3,800",40 to 50,400 to 500,Aug-25
ROBINSON SUITES,ROBINSON ROAD,1,Non-Landed Properties,1,"3,700",40 to 50,500 to 600,Aug-25
ROBINSON SUITES,ROBINSON ROAD,1,Non-Landed Properties,1,"4,000",40 to 50,400 to 500,Aug-25
ROBINSON SUITES,ROBINSON ROAD,1,Non-Landed Properties,1,"3,700",40 to 50,500 to 600,Aug-25
ROBINSON SUITES,ROBINSON ROAD,1,Non-Landed Properties,2,"4,000",50 to 60,600 to 700,Aug-25
ROBINSON SUITES,ROBINSON ROAD,1,Non-Landed Properties,1,"3,500",40 to 50,400 to 500,Aug-25
ROBINSON SUITES,ROBINSON ROAD,1,Non-Landed Properties,1,"4,000",40 to 50,400 to 500,Aug-25
RIVERWALK APARTMENTS,UPPER CIRCULAR ROAD,1,Non-Landed Properties,NA,"3,900",70 to 80,800 to 900,Aug-25
MARINA BAY RESIDENCES,MARINA BOULEVARD,1,Non-Landed Properties,4,"13,500",220 to 230,"2,300 to 2,400",Aug-25
MARINA BAY RESIDENCES,MARINA BOULEVARD,1,Non-Landed Properties,1,"5,200",60 to 70,700 to 800,Aug-25
MARINA BAY RESIDENCES,MARINA BOULEVARD,1,Non-Landed Properties,3,"10,500",150 to 160,"1,600 to 1,700",Aug-25
MARINA BAY RESIDENCES,MARINA BOULEVARD,1,Non-Landed Properties,4,"25,000",210 to 220,"2,300 to 2,400",Aug-25
MARINA BAY RESIDENCES,MARINA BOULEVARD,1,Non-Landed Properties,1,"5,700",60 to 70,700 to 800,Aug-25
MARINA BAY RESIDENCES,MARINA BOULEVARD,1,Non-Landed Properties,3,"15,500",180 to 190,"1,900 to 2,000",Aug-25
MARINA BAY RESIDENCES,MARINA BOULEVARD,1,Non-Landed Properties,2,"8,000",100 to 110,"1,100 to 1,200",Aug-25
MARINA BAY RESIDENCES,MARINA BOULEVARD,1,Non-Landed Properties,3,"16,000",180 to 190,"1,900 to 2,000",Aug-25
MARINA BAY RESIDENCES,MARINA BOULEVARD,1,Non-Landed Properties,1,"5,500",60 to 70,700 to 800,Aug-25
MARINA BAY RESIDENCES,MARINA BOULEVARD,1,Non-Landed Properties,2,"7,800",90 to 100,"1,000 to 1,100",Aug-25
MARINA BAY RESIDENCES,MARINA BOULEVARD,1,Non-Landed Properties,1,"4,900",60 to 70,700 to 800,Aug-25
MARINA BAY RESIDENCES,MARINA BOULEVARD,1,Non-Landed Properties,2,"8,300",90 to 100,"900 to 1,000",Aug-25
MARINA BAY RESIDENCES,MARINA BOULEVARD,1,Non-Landed Properties,3,"16,500",180 to 190,"1,900 to 2,000",Aug-25
MARINA BAY RESIDENCES,MARINA BOULEVARD,1,Non-Landed Properties,1,"5,800",60 to 70,700 to 800,Aug-25
MARINA BAY RESIDENCES,MARINA BOULEVARD,1,Non-Landed Properties,3,"11,700",150 to 160,"1,600 to 1,700",Aug-25
MARINA BAY RESIDENCES,MARINA BOULEVARD,1,Non-Landed Properties,3,"12,000",150 to 160,"1,600 to 1,700",Aug-25
MARINA BAY RESIDENCES,MARINA BOULEVARD,1,Non-Landed Properties,2,"8,000",90 to 100,"1,000 to 1,100",Aug-25
MARINA BAY RESIDENCES,MARINA BOULEVARD,1,Non-Landed Properties,1,"5,400",60 to 70,700 to 800,Aug-25
MARINA BAY RESIDENCES,MARINA BOULEVARD,1,Non-Landed Properties,1,"5,200",60 to 70,700 to 800,Aug-25
MARINA BAY RESIDENCES,MARINA BOULEVARD,1,Non-Landed Properties,2,"8,000",110 to 120,"1,200 to 1,300",Aug-25
MARINA BAY RESIDENCES,MARINA BOULEVARD,1,Non-Landed Properties,3,"12,500",150 to 160,"1,600 to 1,700",Aug-25
MARINA BAY RESIDENCES,MARINA BOULEVARD,1,Non-Landed Properties,4,"19,000",210 to 220,"2,300 to 2,400",Aug-25
MARINA BAY RESIDENCES,MARINA BOULEVARD,1,Non-Landed Properties,2,"7,000",100 to 110,"1,100 to 1,200",Aug-25
MARINA BAY RESIDENCES,MARINA BOULEVARD,1,Non-Landed Properties,1,"5,600",60 to 70,700 to 800,Aug-25
MARINA BAY RESIDENCES,MARINA BOULEVARD,1,Non-Landed Properties,1,"5,500",60 to 70,700 to 800,Aug-25
MARINA ONE RESIDENCES,MARINA WAY,1,Non-Landed Properties,1,"4,600",60 to 70,600 to 700,Jul-25
MARINA ONE RESIDENCES,MARINA WAY,1,Non-Landed Properties,3,"9,500",140 to 150,"1,500 to 1,600",Jul-25
MARINA ONE RESIDENCES,MARINA WAY,1,Non-Landed Properties,2,"8,200",90 to 100,"1,000 to 1,100",Jul-25
MARINA ONE RESIDENCES,MARINA WAY,1,Non-Landed Properties,1,"4,900",60 to 70,600 to 700,Jul-25
MARINA ONE RESIDENCES,MARINA WAY,1,Non-Landed Properties,2,"7,500",100 to 110,"1,100 to 1,200",Jul-25
MARINA ONE RESIDENCES,MARINA WAY,1,Non-Landed Properties,2,"7,200",100 to 110,"1,100 to 1,200",Jul-25
MARINA ONE RESIDENCES,MARINA WAY,1,Non-Landed Properties,2,"7,328",100 to 110,"1,100 to 1,200",Jul-25
MARINA ONE RESIDENCES,MARINA WAY,1,Non-Landed Properties,2,"7,700",100 to 110,"1,100 to 1,200",Jul-25
MARINA ONE RESIDENCES,MARINA WAY,1,Non-Landed Properties,2,"7,200",100 to 110,"1,100 to 1,200",Jul-25
MARINA ONE RESIDENCES,MARINA WAY,1,Non-Landed Properties,2,"7,300",100 to 110,"1,100 to 1,200",Jul-25
MARINA ONE RESIDENCES,MARINA WAY,1,Non-Landed Properties,1,"5,200",60 to 70,600 to 700,Jul-25
MARINA ONE RESIDENCES,MARINA WAY,1,Non-Landed Properties,4,"11,500",180 to 190,"2,000 to 2,100",Jul-25
MARINA ONE RESIDENCES,MARINA WAY,1,Non-Landed Properties,1,"4,700",60 to 70,600 to 700,Jul-25
MARINA ONE RESIDENCES,MARINA WAY,1,Non-Landed Properties,1,"4,600",60 to 70,600 to 700,Jul-25
MARINA ONE RESIDENCES,MARINA WAY,1,Non-Landed Properties,1,"4,550",60 to 70,600 to 700,Jul-25
MARINA ONE RESIDENCES,MARINA WAY,1,Non-Landed Properties,1,"4,500",60 to 70,600 to 700,Jul-25
MARINA ONE RESIDENCES,MARINA WAY,1,Non-Landed Properties,2,"7,700",90 to 100,"1,000 to 1,100",Jul-25
MARINA ONE RESIDENCES,MARINA WAY,1,Non-Landed Properties,1,"5,500",60 to 70,700 to 800,Jul-25
MARINA ONE RESIDENCES,MARINA WAY,1,Non-Landed Properties,3,"13,000",140 to 150,"1,500 to 1,600",Jul-25
MARINA ONE RESIDENCES,MARINA WAY,1,Non-Landed Properties,1,"4,700",60 to 70,600 to 700,Jul-25
MARINA ONE RESIDENCES,MARINA WAY,1,Non-Landed Properties,1,"4,150",60 to 70,600 to 700,Jul-25
MARINA ONE RESIDENCES,MARINA WAY,1,Non-Landed Properties,2,"7,200",90 to 100,"1,000 to 1,100",Jul-25
MARINA ONE RESIDENCES,MARINA WAY,1,Non-Landed Properties,2,"7,200",100 to 110,"1,100 to 1,200",Jul-25
MARINA ONE RESIDENCES,MARINA WAY,1,Non-Landed Properties,2,"7,200",100 to 110,"1,100 to 1,200",Jul-25
MARINA ONE RESIDENCES,MARINA WAY,1,Non-Landed Properties,1,"5,400",60 to 70,700 to 800,Jul-25
MARINA ONE RESIDENCES,MARINA WAY,1,Non-Landed Properties,1,"6,000",60 to 70,700 to 800,Jul-25
MARINA ONE RESIDENCES,MARINA WAY,1,Non-Landed Properties,1,"4,500",70 to 80,700 to 800,Jul-25
MARINA ONE RESIDENCES,MARINA WAY,1,Non-Landed Properties,1,"4,550",70 to 80,700 to 800,Jul-25
MARINA ONE RESIDENCES,MARINA WAY,1,Non-Landed Properties,1,"5,800",60 to 70,700 to 800,Jul-25
MARINA ONE RESIDENCES,MARINA WAY,1,Non-Landed Properties,2,"8,000",100 to 110,"1,100 to 1,200",Jul-25
MARINA ONE RESIDENCES,MARINA WAY,1,Non-Landed Properties,2,"8,200",100 to 110,"1,100 to 1,200",Jul-25
MARINA ONE RESIDENCES,MARINA WAY,1,Non-Landed Properties,3,"9,300",140 to 150,"1,500 to 1,600",Jul-25
MARINA ONE RESIDENCES,MARINA WAY,1,Non-Landed Properties,1,"4,500",60 to 70,700 to 800,Jul-25
MARINA ONE RESIDENCES,MARINA WAY,1,Non-Landed Properties,1,"6,000",70 to 80,700 to 800,Jul-25
MARINA ONE RESIDENCES,MARINA WAY,1,Non-Landed Properties,1,"4,200",60 to 70,600 to 700,Jul-25
MARINA ONE RESIDENCES,MARINA WAY,1,Non-Landed Properties,2,"8,000",100 to 110,"1,100 to 1,200",Jul-25
THE SAIL @ MARINA BAY,MARINA BOULEVARD,1,Non-Landed Properties,1,"3,900",50 to 60,600 to 700,Jul-25
THE SAIL @ MARINA BAY,MARINA BOULEVARD,1,Non-Landed Properties,1,"5,500",50 to 60,600 to 700,Jul-25
THE SAIL @ MARINA BAY,MARINA BOULEVARD,1,Non-Landed Properties,1,"4,800",60 to 70,600 to 700,Jul-25
THE SAIL @ MARINA BAY,MARINA BOULEVARD,1,Non-Landed Properties,2,"6,000",70 to 80,800 to 900,Jul-25
THE SAIL @ MARINA BAY,MARINA BOULEVARD,1,Non-Landed Properties,3,"7,800",120 to 130,"1,300 to 1,400",Jul-25
THE SAIL @ MARINA BAY,MARINA BOULEVARD,1,Non-Landed Properties,1,"3,800",60 to 70,600 to 700,Jul-25
THE SAIL @ MARINA BAY,MARINA BOULEVARD,1,Non-Landed Properties,1,"5,200",60 to 70,600 to 700,Jul-25
THE SAIL @ MARINA BAY,MARINA BOULEVARD,1,Non-Landed Properties,1,"4,200",60 to 70,600 to 700,Jul-25
THE SAIL @ MARINA BAY,MARINA BOULEVARD,1,Non-Landed Properties,1,"4,800",50 to 60,600 to 700,Jul-25
THE SAIL @ MARINA BAY,MARINA BOULEVARD,1,Non-Landed Properties,3,"7,600",120 to 130,"1,300 to 1,400",Jul-25
THE SAIL @ MARINA BAY,MARINA BOULEVARD,1,Non-Landed Properties,2,"6,500",70 to 80,800 to 900,Jul-25
THE SAIL @ MARINA BAY,MARINA BOULEVARD,1,Non-Landed Properties,3,"7,300",120 to 130,"1,300 to 1,400",Jul-25
THE SAIL @ MARINA BAY,MARINA BOULEVARD,1,Non-Landed Properties,4,"8,800",150 to 160,"1,600 to 1,700",Jul-25
THE SAIL @ MARINA BAY,MARINA BOULEVARD,1,Non-Landed Properties,1,"3,680",50 to 60,600 to 700,Jul-25
THE SAIL @ MARINA BAY,MARINA BOULEVARD,1,Non-Landed Properties,4,"9,300",150 to 160,"1,600 to 1,700",Jul-25
THE SAIL @ MARINA BAY,MARINA BOULEVARD,1,Non-Landed Properties,3,"7,900",120 to 130,"1,300 to 1,400",Jul-25
THE SAIL @ MARINA BAY,MARINA BOULEVARD,1,Non-Landed Properties,2,"6,000",70 to 80,800 to 900,Jul-25
THE SAIL @ MARINA BAY,MARINA BOULEVARD,1,Non-Landed Properties,3,"7,800",120 to 130,"1,300 to 1,400",Jul-25
THE SAIL @ MARINA BAY,MARINA BOULEVARD,1,Non-Landed Properties,3,"8,500",110 to 120,"1,200 to 1,300",Jul-25
THE SAIL @ MARINA BAY,MARINA BOULEVARD,1,Non-Landed Properties,3,"8,000",120 to 130,"1,300 to 1,400",Jul-25
THE SAIL @ MARINA BAY,MARINA BOULEVARD,1,Non-Landed Properties,1,"3,900",50 to 60,600 to 700,Jul-25
THE SAIL @ MARINA BAY,MARINA BOULEVARD,1,Non-Landed Properties,1,"5,000",60 to 70,600 to 700,Jul-25
THE SAIL @ MARINA BAY,MARINA BOULEVARD,1,Non-Landed Properties,1,"4,300",60 to 70,600 to 700,Jul-25
THE SAIL @ MARINA BAY,MARINA BOULEVARD,1,Non-Landed Properties,2,"5,600",70 to 80,800 to 900,Jul-25
THE SAIL @ MARINA BAY,MARINA BOULEVARD,1,Non-Landed Properties,2,"5,500",80 to 90,800 to 900,Jul-25
THE SAIL @ MARINA BAY,MARINA BOULEVARD,1,Non-Landed Properties,2,"7,200",80 to 90,"900 to 1,000",Jul-25
THE SAIL @ MARINA BAY,MARINA BOULEVARD,1,Non-Landed Properties,1,"4,100",60 to 70,600 to 700,Jul-25
THE SAIL @ MARINA BAY,MARINA BOULEVARD,1,Non-Landed Properties,3,"8,200",170 to 180,"1,800 to 1,900",Jul-25
THE SAIL @ MARINA BAY,MARINA BOULEVARD,1,Non-Landed Properties,1,"4,300",50 to 60,500 to 600,Jul-25
THE SAIL @ MARINA BAY,MARINA BOULEVARD,1,Non-Landed Properties,1,"4,300",60 to 70,600 to 700,Jul-25
THE SAIL @ MARINA BAY,MARINA BOULEVARD,1,Non-Landed Properties,3,"8,500",100 to 110,"1,100 to 1,200",Jul-25
THE SAIL @ MARINA BAY,MARINA BOULEVARD,1,Non-Landed Properties,1,"4,100",60 to 70,600 to 700,Jul-25
THE SAIL @ MARINA BAY,MARINA BOULEVARD,1,Non-Landed Properties,2,"7,100",90 to 100,"1,000 to 1,100",Jul-25
THE SAIL @ MARINA BAY,MARINA BOULEVARD,1,Non-Landed Properties,1,"3,800",60 to 70,600 to 700,Jul-25
THE SAIL @ MARINA BAY,MARINA BOULEVARD,1,Non-Landed Properties,1,"4,000",60 to 70,600 to 700,Jul-25
THE SAIL @ MARINA BAY,MARINA BOULEVARD,1,Non-Landed Properties,2,"5,300",80 to 90,800 to 900,Jul-25
THE SAIL @ MARINA BAY,MARINA BOULEVARD,1,Non-Landed Properties,2,"6,000",80 to 90,800 to 900,Jul-25
THE SAIL @ MARINA BAY,MARINA BOULEVARD,1,Non-Landed Properties,2,"6,800",80 to 90,800 to 900,Jul-25
THE SAIL @ MARINA BAY,MARINA BOULEVARD,1,Non-Landed Properties,2,"7,200",80 to 90,800 to 900,Jul-25
THE SAIL @ MARINA BAY,MARINA BOULEVARD,1,Non-Landed Properties,1,"3,900",50 to 60,500 to 600,Jul-25
THE SAIL @ MARINA BAY,MARINA BOULEVARD,1,Non-Landed Properties,2,"6,400",80 to 90,"900 to 1,000",Jul-25
THE SAIL @ MARINA BAY,MARINA BOULEVARD,1,Non-Landed Properties,2,"6,750",80 to 90,800 to 900,Jul-25
THE SAIL @ MARINA BAY,MARINA BOULEVARD,1,Non-Landed Properties,2,"7,300",80 to 90,"900 to 1,000",Jul-25
THE SAIL @ MARINA BAY,MARINA BOULEVARD,1,Non-Landed Properties,2,"7,000",90 to 100,"1,000 to 1,100",Jul-25
THE SAIL @ MARINA BAY,MARINA BOULEVARD,1,Non-Landed Properties,2,"6,300",80 to 90,800 to 900,Jul-25
THE SAIL @ MARINA BAY,MARINA BOULEVARD,1,Non-Landed Properties,1,"4,100",50 to 60,500 to 600,Jul-25
THE SAIL @ MARINA BAY,MARINA BOULEVARD,1,Non-Landed Properties,3,"8,500",100 to 110,"1,100 to 1,200",Jul-25
THE SAIL @ MARINA BAY,MARINA BOULEVARD,1,Non-Landed Properties,2,"6,000",80 to 90,800 to 900,Jul-25
THE SAIL @ MARINA BAY,MARINA BOULEVARD,1,Non-Landed Properties,3,"11,800",170 to 180,"1,900 to 2,000",Jul-25
THE SAIL @ MARINA BAY,MARINA BOULEVARD,1,Non-Landed Properties,2,"5,800",80 to 90,800 to 900,Jul-25
THE SAIL @ MARINA BAY,MARINA BOULEVARD,1,Non-Landed Properties,1,"4,500",60 to 70,600 to 700,Jul-25
THE SAIL @ MARINA BAY,MARINA BOULEVARD,1,Non-Landed Properties,1,"4,200",50 to 60,500 to 600,Jul-25
THE SAIL @ MARINA BAY,MARINA BOULEVARD,1,Non-Landed Properties,2,"5,800",80 to 90,800 to 900,Jul-25
THE SAIL @ MARINA BAY,MARINA BOULEVARD,1,Non-Landed Properties,1,"4,200",50 to 60,500 to 600,Jul-25
V ON SHENTON,SHENTON WAY,1,Non-Landed Properties,3,"10,000",160 to 170,"1,700 to 1,800",Jul-25
V ON SHENTON,SHENTON WAY,1,Non-Landed Properties,2,"5,200",100 to 110,"1,000 to 1,100",Jul-25
V ON SHENTON,SHENTON WAY,1,Non-Landed Properties,2,"6,000",90 to 100,"1,000 to 1,100",Jul-25
V ON SHENTON,SHENTON WAY,1,Non-Landed Properties,1,"4,500",60 to 70,700 to 800,Jul-25
V ON SHENTON,SHENTON WAY,1,Non-Landed Properties,NA,"3,600",40 to 50,400 to 500,Jul-25
V ON SHENTON,SHENTON WAY,1,Non-Landed Properties,NA,"3,800",40 to 50,400 to 500,Jul-25
V ON SHENTON,SHENTON WAY,1,Non-Landed Properties,NA,"3,400",40 to 50,400 to 500,Jul-25
V ON SHENTON,SHENTON WAY,1,Non-Landed Properties,1,"4,000",40 to 50,500 to 600,Jul-25
V ON SHENTON,SHENTON WAY,1,Non-Landed Properties,2,"6,500",80 to 90,"900 to 1,000",Jul-25
V ON SHENTON,SHENTON WAY,1,Non-Landed Properties,2,"6,850",100 to 110,"1,000 to 1,100",Jul-25
V ON SHENTON,SHENTON WAY,1,Non-Landed Properties,1,"4,800",60 to 70,700 to 800,Jul-25
V ON SHENTON,SHENTON WAY,1,Non-Landed Properties,3,"9,500",140 to 150,"1,500 to 1,600",Jul-25
V ON SHENTON,SHENTON WAY,1,Non-Landed Properties,2,"5,900",80 to 90,"900 to 1,000",Jul-25
V ON SHENTON,SHENTON WAY,1,Non-Landed Properties,2,"6,000",100 to 110,"1,000 to 1,100",Jul-25
V ON SHENTON,SHENTON WAY,1,Non-Landed Properties,2,"5,400",80 to 90,"900 to 1,000",Jul-25
V ON SHENTON,SHENTON WAY,1,Non-Landed Properties,2,"7,900",110 to 120,"1,200 to 1,300",Jul-25
V ON SHENTON,SHENTON WAY,1,Non-Landed Properties,1,"4,300",40 to 50,500 to 600,Jul-25
V ON SHENTON,SHENTON WAY,1,Non-Landed Properties,NA,"3,250",40 to 50,400 to 500,Jul-25
V ON SHENTON,SHENTON WAY,1,Non-Landed Properties,3,"7,700",140 to 150,"1,500 to 1,600",Jul-25
V ON SHENTON,SHENTON WAY,1,Non-Landed Properties,NA,"3,700",40 to 50,400 to 500,Jul-25
V ON SHENTON,SHENTON WAY,1,Non-Landed Properties,NA,"3,350",40 to 50,400 to 500,Jul-25
V ON SHENTON,SHENTON WAY,1,Non-Landed Properties,3,"7,000",140 to 150,"1,500 to 1,600",Jul-25
MARINA BAY SUITES,CENTRAL BOULEVARD,1,Non-Landed Properties,4,"19,250",240 to 250,"2,600 to 2,700",Jul-25
MARINA BAY SUITES,CENTRAL BOULEVARD,1,Non-Landed Properties,4,"12,500",180 to 190,"2,000 to 2,100",Jul-25
MARINA BAY SUITES,CENTRAL BOULEVARD,1,Non-Landed Properties,4,"15,600",240 to 250,"2,600 to 2,700",Jul-25
MARINA BAY SUITES,CENTRAL BOULEVARD,1,Non-Landed Properties,4,"12,500",190 to 200,"2,000 to 2,100",Jul-25
MARINA BAY SUITES,CENTRAL BOULEVARD,1,Non-Landed Properties,4,"15,500",240 to 250,"2,600 to 2,700",Jul-25
MARINA BAY SUITES,CENTRAL BOULEVARD,1,Non-Landed Properties,3,"10,000",150 to 160,"1,600 to 1,700",Jul-25
MARINA BAY SUITES,CENTRAL BOULEVARD,1,Non-Landed Properties,4,"18,000",240 to 250,"2,600 to 2,700",Jul-25
MARINA BAY SUITES,CENTRAL BOULEVARD,1,Non-Landed Properties,3,"8,400",140 to 150,"1,500 to 1,600",Jul-25
MARINA BAY SUITES,CENTRAL BOULEVARD,1,Non-Landed Properties,4,"11,500",190 to 200,"2,000 to 2,100",Jul-25
THE CLIFT,MCCALLUM STREET,1,Non-Landed Properties,2,"5,000",70 to 80,700 to 800,Jul-25
THE CLIFT,MCCALLUM STREET,1,Non-Landed Properties,1,"5,100",60 to 70,700 to 800,Jul-25
THE CLIFT,MCCALLUM STREET,1,Non-Landed Properties,2,"6,000",70 to 80,700 to 800,Jul-25
THE CLIFT,MCCALLUM STREET,1,Non-Landed Properties,1,"3,900",40 to 50,500 to 600,Jul-25
THE CLIFT,MCCALLUM STREET,1,Non-Landed Properties,1,"4,400",40 to 50,500 to 600,Jul-25
THE CLIFT,MCCALLUM STREET,1,Non-Landed Properties,1,"4,000",40 to 50,500 to 600,Jul-25
THE CLIFT,MCCALLUM STREET,1,Non-Landed Properties,1,"4,300",40 to 50,500 to 600,Jul-25
THE CLIFT,MCCALLUM STREET,1,Non-Landed Properties,1,"4,000",40 to 50,500 to 600,Jul-25
THE CLIFT,MCCALLUM STREET,1,Non-Landed Properties,1,"4,000",40 to 50,500 to 600,Jul-25
THE CLIFT,MCCALLUM STREET,1,Non-Landed Properties,1,"4,800",70 to 80,800 to 900,Jul-25
THE CLIFT,MCCALLUM STREET,1,Non-Landed Properties,1,"4,200",40 to 50,500 to 600,Jul-25
THE CLIFT,MCCALLUM STREET,1,Non-Landed Properties,1,"3,900",40 to 50,500 to 600,Jul-25
THE CLIFT,MCCALLUM STREET,1,Non-Landed Properties,1,"4,500",70 to 80,700 to 800,Jul-25
THE CLIFT,MCCALLUM STREET,1,Non-Landed Properties,2,"5,200",70 to 80,700 to 800,Jul-25
THE CLIFT,MCCALLUM STREET,1,Non-Landed Properties,2,"5,500",70 to 80,700 to 800,Jul-25
THE CLIFT,MCCALLUM STREET,1,Non-Landed Properties,1,"3,900",40 to 50,500 to 600,Jul-25
THE CLIFT,MCCALLUM STREET,1,Non-Landed Properties,1,"4,000",40 to 50,500 to 600,Jul-25
THE CLIFT,MCCALLUM STREET,1,Non-Landed Properties,2,"5,000",70 to 80,700 to 800,Jul-25
THE CLIFT,MCCALLUM STREET,1,Non-Landed Properties,1,"3,700",40 to 50,500 to 600,Jul-25
THE CLIFT,MCCALLUM STREET,1,Non-Landed Properties,1,"3,500",40 to 50,400 to 500,Jul-25
THE CLIFT,MCCALLUM STREET,1,Non-Landed Properties,1,"4,000",40 to 50,500 to 600,Jul-25
THE CLIFT,MCCALLUM STREET,1,Non-Landed Properties,1,"3,700",40 to 50,400 to 500,Jul-25
ONE SHENTON,SHENTON WAY,1,Non-Landed Properties,1,"4,300",50 to 60,500 to 600,Jul-25
ONE SHENTON,SHENTON WAY,1,Non-Landed Properties,1,"4,000",50 to 60,500 to 600,Jul-25
ONE SHENTON,SHENTON WAY,1,Non-Landed Properties,1,"4,500",40 to 50,500 to 600,Jul-25
ONE SHENTON,SHENTON WAY,1,Non-Landed Properties,2,"6,500",100 to 110,"1,100 to 1,200",Jul-25
ONE SHENTON,SHENTON WAY,1,Non-Landed Properties,1,"5,500",70 to 80,800 to 900,Jul-25
ONE SHENTON,SHENTON WAY,1,Non-Landed Properties,2,"6,500",100 to 110,"1,000 to 1,100",Jul-25
ONE SHENTON,SHENTON WAY,1,Non-Landed Properties,2,"6,500",100 to 110,"1,100 to 1,200",Jul-25
ONE SHENTON,SHENTON WAY,1,Non-Landed Properties,2,"6,200",100 to 110,"1,000 to 1,100",Jul-25
ONE SHENTON,SHENTON WAY,1,Non-Landed Properties,1,"4,600",50 to 60,500 to 600,Jul-25
ONE SHENTON,SHENTON WAY,1,Non-Landed Properties,1,"4,800",70 to 80,800 to 900,Jul-25
ONE SHENTON,SHENTON WAY,1,Non-Landed Properties,1,"5,000",80 to 90,"900 to 1,000",Jul-25
ONE SHENTON,SHENTON WAY,1,Non-Landed Properties,1,"4,800",50 to 60,500 to 600,Jul-25
PEOPLE'S PARK COMPLEX,PARK ROAD,1,Non-Landed Properties,1,"2,400",30 to 40,400 to 500,Jul-25
PEOPLE'S PARK COMPLEX,PARK ROAD,1,Non-Landed Properties,1,"2,400",30 to 40,400 to 500,Jul-25
PEOPLE'S PARK COMPLEX,PARK ROAD,1,Non-Landed Properties,3,"5,000",100 to 110,"1,100 to 1,200",Jul-25
PEOPLE'S PARK COMPLEX,PARK ROAD,1,Non-Landed Properties,3,"5,300",100 to 110,"1,100 to 1,200",Jul-25
PEOPLE'S PARK COMPLEX,PARK ROAD,1,Non-Landed Properties,3,"5,200",100 to 110,"1,100 to 1,200",Jul-25
PEOPLE'S PARK COMPLEX,PARK ROAD,1,Non-Landed Properties,1,"2,250",30 to 40,400 to 500,Jul-25
PEOPLE'S PARK COMPLEX,PARK ROAD,1,Non-Landed Properties,3,"5,100",100 to 110,"1,100 to 1,200",Jul-25
PEOPLE'S PARK COMPLEX,PARK ROAD,1,Non-Landed Properties,3,"5,000",100 to 110,"1,100 to 1,200",Jul-25
PEOPLE'S PARK COMPLEX,PARK ROAD,1,Non-Landed Properties,1,"3,000",30 to 40,400 to 500,Jul-25
EMERALD GARDEN,CLUB STREET,1,Non-Landed Properties,2,"5,200",80 to 90,"900 to 1,000",Jul-25
EMERALD GARDEN,CLUB STREET,1,Non-Landed Properties,2,"4,750",80 to 90,"900 to 1,000",Jul-25
EMERALD GARDEN,CLUB STREET,1,Non-Landed Properties,2,"5,000",80 to 90,"900 to 1,000",Jul-25
EMERALD GARDEN,CLUB STREET,1,Non-Landed Properties,2,"5,350",90 to 100,"900 to 1,000",Jul-25
EMERALD GARDEN,CLUB STREET,1,Non-Landed Properties,2,"5,300",80 to 90,"900 to 1,000",Jul-25
EMERALD GARDEN,CLUB STREET,1,Non-Landed Properties,1,"4,800",70 to 80,800 to 900,Jul-25
EMERALD GARDEN,CLUB STREET,1,Non-Landed Properties,1,"4,400",70 to 80,800 to 900,Jul-25
EMERALD GARDEN,CLUB STREET,1,Non-Landed Properties,4,"7,650",180 to 190,"1,900 to 2,000",Jul-25
THE RIVERSIDE PIAZZA,KENG CHEOW STREET,1,Non-Landed Properties,2,"2,930",90 to 100,"1,000 to 1,100",Jul-25
THE RIVERSIDE PIAZZA,KENG CHEOW STREET,1,Non-Landed Properties,3,"5,000",110 to 120,"1,200 to 1,300",Jul-25
ROBINSON SUITES,ROBINSON ROAD,1,Non-Landed Properties,2,"4,600",50 to 60,600 to 700,Jul-25
ROBINSON SUITES,ROBINSON ROAD,1,Non-Landed Properties,2,"4,200",50 to 60,600 to 700,Jul-25
ROBINSON SUITES,ROBINSON ROAD,1,Non-Landed Properties,1,"3,600",40 to 50,500 to 600,Jul-25
ROBINSON SUITES,ROBINSON ROAD,1,Non-Landed Properties,2,"3,800",50 to 60,600 to 700,Jul-25
ROBINSON SUITES,ROBINSON ROAD,1,Non-Landed Properties,1,"3,800",40 to 50,400 to 500,Jul-25
ROBINSON SUITES,ROBINSON ROAD,1,Non-Landed Properties,2,"4,300",50 to 60,600 to 700,Jul-25
ROBINSON SUITES,ROBINSON ROAD,1,Non-Landed Properties,1,"3,500",40 to 50,400 to 500,Jul-25
ROBINSON SUITES,ROBINSON ROAD,1,Non-Landed Properties,1,"3,700",40 to 50,500 to 600,Jul-25
ROBINSON SUITES,ROBINSON ROAD,1,Non-Landed Properties,2,"4,200",50 to 60,600 to 700,Jul-25
RIVERWALK APARTMENTS,UPPER CIRCULAR ROAD,1,Non-Landed Properties,2,"7,000",110 to 120,"1,200 to 1,300",Jul-25
RIVERWALK APARTMENTS,UPPER CIRCULAR ROAD,1,Non-Landed Properties,3,"7,300",140 to 150,"1,600 to 1,700",Jul-25
RIVERWALK APARTMENTS,UPPER CIRCULAR ROAD,1,Non-Landed Properties,NA,"13,700",>300,>3000,Jul-25
RIVERWALK APARTMENTS,UPPER CIRCULAR ROAD,1,Non-Landed Properties,NA,"3,950",70 to 80,800 to 900,Jul-25
RIVERWALK APARTMENTS,UPPER CIRCULAR ROAD,1,Non-Landed Properties,2,"5,000",110 to 120,"1,200 to 1,300",Jul-25
MARINA BAY RESIDENCES,MARINA BOULEVARD,1,Non-Landed Properties,5,"39,300",>300,>3000,Jul-25
MARINA BAY RESIDENCES,MARINA BOULEVARD,1,Non-Landed Properties,2,"8,500",90 to 100,"1,000 to 1,100",Jul-25
MARINA BAY RESIDENCES,MARINA BOULEVARD,1,Non-Landed Properties,1,"5,800",60 to 70,700 to 800,Jul-25
MARINA BAY RESIDENCES,MARINA BOULEVARD,1,Non-Landed Properties,2,"8,500",90 to 100,"1,000 to 1,100",Jul-25
MARINA BAY RESIDENCES,MARINA BOULEVARD,1,Non-Landed Properties,3,"11,000",150 to 160,"1,600 to 1,700",Jul-25
MARINA BAY RESIDENCES,MARINA BOULEVARD,1,Non-Landed Properties,3,"14,000",180 to 190,"1,900 to 2,000",Jul-25
MARINA BAY RESIDENCES,MARINA BOULEVARD,1,Non-Landed Properties,1,"5,900",60 to 70,700 to 800,Jul-25
MARINA BAY RESIDENCES,MARINA BOULEVARD,1,Non-Landed Properties,1,"6,000",60 to 70,700 to 800,Jul-25
MARINA BAY RESIDENCES,MARINA BOULEVARD,1,Non-Landed Properties,4,"15,500",210 to 220,"2,300 to 2,400",Jul-25
MARINA BAY RESIDENCES,MARINA BOULEVARD,1,Non-Landed Properties,1,"6,000",60 to 70,700 to 800,Jul-25
MARINA BAY RESIDENCES,MARINA BOULEVARD,1,Non-Landed Properties,4,"16,000",220 to 230,"2,300 to 2,400",Jul-25
MARINA BAY RESIDENCES,MARINA BOULEVARD,1,Non-Landed Properties,3,"10,900",150 to 160,"1,600 to 1,700",Jul-25
MARINA BAY RESIDENCES,MARINA BOULEVARD,1,Non-Landed Properties,1,"6,000",60 to 70,700 to 800,Jul-25
MARINA BAY RESIDENCES,MARINA BOULEVARD,1,Non-Landed Properties,2,"8,000",100 to 110,"1,100 to 1,200",Jul-25
MARINA BAY RESIDENCES,MARINA BOULEVARD,1,Non-Landed Properties,2,"7,700",100 to 110,"1,100 to 1,200",Jul-25
MARINA BAY RESIDENCES,MARINA BOULEVARD,1,Non-Landed Properties,1,"5,700",60 to 70,700 to 800,Jul-25
MARINA BAY RESIDENCES,MARINA BOULEVARD,1,Non-Landed Properties,1,"5,400",60 to 70,700 to 800,Jul-25
MARINA BAY RESIDENCES,MARINA BOULEVARD,1,Non-Landed Properties,1,"6,200",60 to 70,700 to 800,Jul-25
MARINA BAY RESIDENCES,MARINA BOULEVARD,1,Non-Landed Properties,4,"17,100",210 to 220,"2,300 to 2,400",Jul-25
THE CLIFT,MCCALLUM STREET,1,Non-Landed Properties,1,"4,400",70 to 80,700 to 800,Jun-25
THE CLIFT,MCCALLUM STREET,1,Non-Landed Properties,1,"3,600",40 to 50,400 to 500,Jun-25
THE CLIFT,MCCALLUM STREET,1,Non-Landed Properties,1,"4,000",40 to 50,500 to 600,Jun-25
THE CLIFT,MCCALLUM STREET,1,Non-Landed Properties,1,"5,250",70 to 80,800 to 900,Jun-25
THE CLIFT,MCCALLUM STREET,1,Non-Landed Properties,1,"5,100",70 to 80,800 to 900,Jun-25
THE CLIFT,MCCALLUM STREET,1,Non-Landed Properties,1,"3,800",40 to 50,500 to 600,Jun-25
THE CLIFT,MCCALLUM STREET,1,Non-Landed Properties,1,"3,750",40 to 50,400 to 500,Jun-25
THE CLIFT,MCCALLUM STREET,1,Non-Landed Properties,1,"4,000",50 to 60,500 to 600,Jun-25
THE CLIFT,MCCALLUM STREET,1,Non-Landed Properties,1,"3,900",40 to 50,500 to 600,Jun-25
THE CLIFT,MCCALLUM STREET,1,Non-Landed Properties,2,"5,000",70 to 80,700 to 800,Jun-25
THE CLIFT,MCCALLUM STREET,1,Non-Landed Properties,2,"5,400",70 to 80,700 to 800,Jun-25
THE CLIFT,MCCALLUM STREET,1,Non-Landed Properties,2,"7,000",90 to 100,"1,000 to 1,100",Jun-25
THE CLIFT,MCCALLUM STREET,1,Non-Landed Properties,1,"3,900",40 to 50,400 to 500,Jun-25
THE CLIFT,MCCALLUM STREET,1,Non-Landed Properties,2,"4,500",70 to 80,700 to 800,Jun-25
ONE SHENTON,SHENTON WAY,1,Non-Landed Properties,1,"5,300",80 to 90,"900 to 1,000",Jun-25
ONE SHENTON,SHENTON WAY,1,Non-Landed Properties,1,"6,000",90 to 100,"1,000 to 1,100",Jun-25
ONE SHENTON,SHENTON WAY,1,Non-Landed Properties,4,"25,000",>300,>3000,Jun-25
ONE SHENTON,SHENTON WAY,1,Non-Landed Properties,1,"4,700",70 to 80,800 to 900,Jun-25
ONE SHENTON,SHENTON WAY,1,Non-Landed Properties,2,"6,000",80 to 90,"900 to 1,000",Jun-25
ONE SHENTON,SHENTON WAY,1,Non-Landed Properties,1,"5,500",90 to 100,"1,000 to 1,100",Jun-25
ONE SHENTON,SHENTON WAY,1,Non-Landed Properties,1,"4,300",40 to 50,500 to 600,Jun-25
ONE SHENTON,SHENTON WAY,1,Non-Landed Properties,1,"4,300",50 to 60,500 to 600,Jun-25
ONE SHENTON,SHENTON WAY,1,Non-Landed Properties,1,"4,000",40 to 50,500 to 600,Jun-25
ONE SHENTON,SHENTON WAY,1,Non-Landed Properties,3,"8,650",140 to 150,"1,500 to 1,600",Jun-25
ONE SHENTON,SHENTON WAY,1,Non-Landed Properties,1,"4,900",70 to 80,800 to 900,Jun-25
ONE SHENTON,SHENTON WAY,1,Non-Landed Properties,1,"4,800",70 to 80,800 to 900,Jun-25
ONE SHENTON,SHENTON WAY,1,Non-Landed Properties,2,"6,500",110 to 120,"1,200 to 1,300",Jun-25
PEOPLE'S PARK COMPLEX,PARK ROAD,1,Non-Landed Properties,3,"4,800",100 to 110,"1,100 to 1,200",Jun-25
PEOPLE'S PARK COMPLEX,PARK ROAD,1,Non-Landed Properties,1,"2,950",40 to 50,400 to 500,Jun-25
PEOPLE'S PARK COMPLEX,PARK ROAD,1,Non-Landed Properties,1,"2,400",30 to 40,400 to 500,Jun-25
PEOPLE'S PARK COMPLEX,PARK ROAD,1,Non-Landed Properties,3,"4,800",100 to 110,"1,100 to 1,200",Jun-25
EMERALD GARDEN,CLUB STREET,1,Non-Landed Properties,2,"5,000",90 to 100,"900 to 1,000",Jun-25
EMERALD GARDEN,CLUB STREET,1,Non-Landed Properties,2,"6,100",100 to 110,"1,100 to 1,200",Jun-25
EMERALD GARDEN,CLUB STREET,1,Non-Landed Properties,1,"4,300",70 to 80,800 to 900,Jun-25
MARINA ONE RESIDENCES,MARINA WAY,1,Non-Landed Properties,3,"13,800",140 to 150,"1,500 to 1,600",Jun-25
MARINA ONE RESIDENCES,MARINA WAY,1,Non-Landed Properties,1,"4,300",60 to 70,600 to 700,Jun-25
MARINA ONE RESIDENCES,MARINA WAY,1,Non-Landed Properties,1,"4,500",60 to 70,700 to 800,Jun-25
MARINA ONE RESIDENCES,MARINA WAY,1,Non-Landed Properties,1,"4,500",60 to 70,700 to 800,Jun-25
MARINA ONE RESIDENCES,MARINA WAY,1,Non-Landed Properties,1,"5,000",60 to 70,700 to 800,Jun-25
MARINA ONE RESIDENCES,MARINA WAY,1,Non-Landed Properties,2,"7,800",100 to 110,"1,100 to 1,200",Jun-25
MARINA ONE RESIDENCES,MARINA WAY,1,Non-Landed Properties,2,"10,000",100 to 110,"1,100 to 1,200",Jun-25
MARINA ONE RESIDENCES,MARINA WAY,1,Non-Landed Properties,2,"7,100",100 to 110,"1,100 to 1,200",Jun-25
MARINA ONE RESIDENCES,MARINA WAY,1,Non-Landed Properties,3,"12,500",140 to 150,"1,500 to 1,600",Jun-25
MARINA ONE RESIDENCES,MARINA WAY,1,Non-Landed Properties,1,"4,850",60 to 70,700 to 800,Jun-25
MARINA ONE RESIDENCES,MARINA WAY,1,Non-Landed Properties,1,"5,550",60 to 70,700 to 800,Jun-25
MARINA ONE RESIDENCES,MARINA WAY,1,Non-Landed Properties,3,"10,550",140 to 150,"1,500 to 1,600",Jun-25
MARINA ONE RESIDENCES,MARINA WAY,1,Non-Landed Properties,1,"4,700",60 to 70,700 to 800,Jun-25
MARINA ONE RESIDENCES,MARINA WAY,1,Non-Landed Properties,1,"4,700",60 to 70,600 to 700,Jun-25
MARINA ONE RESIDENCES,MARINA WAY,1,Non-Landed Properties,1,"4,750",60 to 70,600 to 700,Jun-25
MARINA ONE RESIDENCES,MARINA WAY,1,Non-Landed Properties,1,"5,100",70 to 80,700 to 800,Jun-25
MARINA ONE RESIDENCES,MARINA WAY,1,Non-Landed Properties,1,"5,000",60 to 70,600 to 700,Jun-25
MARINA ONE RESIDENCES,MARINA WAY,1,Non-Landed Properties,1,"4,300",60 to 70,700 to 800,Jun-25
MARINA ONE RESIDENCES,MARINA WAY,1,Non-Landed Properties,1,"4,800",60 to 70,600 to 700,Jun-25
MARINA ONE RESIDENCES,MARINA WAY,1,Non-Landed Properties,1,"4,500",70 to 80,700 to 800,Jun-25
MARINA ONE RESIDENCES,MARINA WAY,1,Non-Landed Properties,4,"18,000",200 to 210,"2,200 to 2,300",Jun-25
MARINA ONE RESIDENCES,MARINA WAY,1,Non-Landed Properties,1,"4,500",60 to 70,600 to 700,Jun-25
MARINA ONE RESIDENCES,MARINA WAY,1,Non-Landed Properties,2,"7,200",100 to 110,"1,100 to 1,200",Jun-25
MARINA ONE RESIDENCES,MARINA WAY,1,Non-Landed Properties,2,"7,700",100 to 110,"1,100 to 1,200",Jun-25
MARINA ONE RESIDENCES,MARINA WAY,1,Non-Landed Properties,2,"8,000",100 to 110,"1,100 to 1,200",Jun-25
MARINA ONE RESIDENCES,MARINA WAY,1,Non-Landed Properties,2,"7,500",90 to 100,"1,000 to 1,100",Jun-25
MARINA ONE RESIDENCES,MARINA WAY,1,Non-Landed Properties,2,"7,500",100 to 110,"1,100 to 1,200",Jun-25
MARINA ONE RESIDENCES,MARINA WAY,1,Non-Landed Properties,2,"8,000",100 to 110,"1,100 to 1,200",Jun-25
MARINA ONE RESIDENCES,MARINA WAY,1,Non-Landed Properties,1,"4,500",70 to 80,700 to 800,Jun-25
MARINA ONE RESIDENCES,MARINA WAY,1,Non-Landed Properties,2,"6,500",90 to 100,"1,000 to 1,100",Jun-25
MARINA ONE RESIDENCES,MARINA WAY,1,Non-Landed Properties,1,"4,300",60 to 70,700 to 800,Jun-25
MARINA ONE RESIDENCES,MARINA WAY,1,Non-Landed Properties,1,"4,200",60 to 70,700 to 800,Jun-25
MARINA ONE RESIDENCES,MARINA WAY,1,Non-Landed Properties,3,"12,500",140 to 150,"1,500 to 1,600",Jun-25
MARINA ONE RESIDENCES,MARINA WAY,1,Non-Landed Properties,2,"8,300",110 to 120,"1,200 to 1,300",Jun-25
MARINA ONE RESIDENCES,MARINA WAY,1,Non-Landed Properties,3,"10,800",140 to 150,"1,500 to 1,600",Jun-25
MARINA ONE RESIDENCES,MARINA WAY,1,Non-Landed Properties,2,"7,800",100 to 110,"1,100 to 1,200",Jun-25
MARINA ONE RESIDENCES,MARINA WAY,1,Non-Landed Properties,1,"4,900",60 to 70,700 to 800,Jun-25
MARINA ONE RESIDENCES,MARINA WAY,1,Non-Landed Properties,1,"5,200",60 to 70,700 to 800,Jun-25
MARINA ONE RESIDENCES,MARINA WAY,1,Non-Landed Properties,1,"4,400",60 to 70,700 to 800,Jun-25
MARINA ONE RESIDENCES,MARINA WAY,1,Non-Landed Properties,2,"7,600",100 to 110,"1,100 to 1,200",Jun-25
MARINA ONE RESIDENCES,MARINA WAY,1,Non-Landed Properties,2,"8,000",100 to 110,"1,100 to 1,200",Jun-25
MARINA ONE RESIDENCES,MARINA WAY,1,Non-Landed Properties,1,"4,700",60 to 70,700 to 800,Jun-25
THE SAIL @ MARINA BAY,MARINA BOULEVARD,1,Non-Landed Properties,1,"4,700",60 to 70,600 to 700,Jun-25
THE SAIL @ MARINA BAY,MARINA BOULEVARD,1,Non-Landed Properties,2,"6,000",70 to 80,800 to 900,Jun-25
THE SAIL @ MARINA BAY,MARINA BOULEVARD,1,Non-Landed Properties,1,"5,800",60 to 70,600 to 700,Jun-25
THE SAIL @ MARINA BAY,MARINA BOULEVARD,1,Non-Landed Properties,1,"4,100",60 to 70,600 to 700,Jun-25
THE SAIL @ MARINA BAY,MARINA BOULEVARD,1,Non-Landed Properties,1,"4,100",50 to 60,600 to 700,Jun-25
THE SAIL @ MARINA BAY,MARINA BOULEVARD,1,Non-Landed Properties,1,"3,800",50 to 60,600 to 700,Jun-25
THE SAIL @ MARINA BAY,MARINA BOULEVARD,1,Non-Landed Properties,3,"7,700",120 to 130,"1,300 to 1,400",Jun-25
THE SAIL @ MARINA BAY,MARINA BOULEVARD,1,Non-Landed Properties,1,"4,400",60 to 70,600 to 700,Jun-25
THE SAIL @ MARINA BAY,MARINA BOULEVARD,1,Non-Landed Properties,2,"6,500",70 to 80,800 to 900,Jun-25
THE SAIL @ MARINA BAY,MARINA BOULEVARD,1,Non-Landed Properties,1,"4,200",50 to 60,600 to 700,Jun-25
THE SAIL @ MARINA BAY,MARINA BOULEVARD,1,Non-Landed Properties,1,"4,300",50 to 60,600 to 700,Jun-25
THE SAIL @ MARINA BAY,MARINA BOULEVARD,1,Non-Landed Properties,3,"7,000",120 to 130,"1,300 to 1,400",Jun-25
THE SAIL @ MARINA BAY,MARINA BOULEVARD,1,Non-Landed Properties,2,"5,800",70 to 80,800 to 900,Jun-25
THE SAIL @ MARINA BAY,MARINA BOULEVARD,1,Non-Landed Properties,4,"9,500",150 to 160,"1,600 to 1,700",Jun-25
THE SAIL @ MARINA BAY,MARINA BOULEVARD,1,Non-Landed Properties,2,"6,200",70 to 80,800 to 900,Jun-25
THE SAIL @ MARINA BAY,MARINA BOULEVARD,1,Non-Landed Properties,1,"5,500",50 to 60,600 to 700,Jun-25
THE SAIL @ MARINA BAY,MARINA BOULEVARD,1,Non-Landed Properties,3,"7,800",130 to 140,"1,400 to 1,500",Jun-25
THE SAIL @ MARINA BAY,MARINA BOULEVARD,1,Non-Landed Properties,2,"7,150",80 to 90,800 to 900,Jun-25
THE SAIL @ MARINA BAY,MARINA BOULEVARD,1,Non-Landed Properties,2,"7,000",80 to 90,"900 to 1,000",Jun-25
THE SAIL @ MARINA BAY,MARINA BOULEVARD,1,Non-Landed Properties,1,"4,200",60 to 70,600 to 700,Jun-25
THE SAIL @ MARINA BAY,MARINA BOULEVARD,1,Non-Landed Properties,1,"4,800",60 to 70,600 to 700,Jun-25
THE SAIL @ MARINA BAY,MARINA BOULEVARD,1,Non-Landed Properties,2,"6,500",80 to 90,800 to 900,Jun-25
THE SAIL @ MARINA BAY,MARINA BOULEVARD,1,Non-Landed Properties,2,"7,700",80 to 90,800 to 900,Jun-25
THE SAIL @ MARINA BAY,MARINA BOULEVARD,1,Non-Landed Properties,2,"6,800",80 to 90,800 to 900,Jun-25
THE SAIL @ MARINA BAY,MARINA BOULEVARD,1,Non-Landed Properties,1,"4,850",60 to 70,600 to 700,Jun-25
THE SAIL @ MARINA BAY,MARINA BOULEVARD,1,Non-Landed Properties,1,"3,900",50 to 60,500 to 600,Jun-25
THE SAIL @ MARINA BAY,MARINA BOULEVARD,1,Non-Landed Properties,1,"4,000",60 to 70,600 to 700,Jun-25
THE SAIL @ MARINA BAY,MARINA BOULEVARD,1,Non-Landed Properties,2,"5,900",80 to 90,800 to 900,Jun-25
THE SAIL @ MARINA BAY,MARINA BOULEVARD,1,Non-Landed Properties,2,"8,000",90 to 100,"1,000 to 1,100",Jun-25
THE SAIL @ MARINA BAY,MARINA BOULEVARD,1,Non-Landed Properties,1,"4,500",60 to 70,600 to 700,Jun-25
THE SAIL @ MARINA BAY,MARINA BOULEVARD,1,Non-Landed Properties,2,"6,600",90 to 100,"1,000 to 1,100",Jun-25
THE SAIL @ MARINA BAY,MARINA BOULEVARD,1,Non-Landed Properties,4,"12,600",200 to 210,"2,100 to 2,200",Jun-25
THE SAIL @ MARINA BAY,MARINA BOULEVARD,1,Non-Landed Properties,1,"5,500",60 to 70,600 to 700,Jun-25
THE SAIL @ MARINA BAY,MARINA BOULEVARD,1,Non-Landed Properties,1,"5,870",60 to 70,600 to 700,Jun-25
THE SAIL @ MARINA BAY,MARINA BOULEVARD,1,Non-Landed Properties,2,"7,000",80 to 90,"900 to 1,000",Jun-25
THE SAIL @ MARINA BAY,MARINA BOULEVARD,1,Non-Landed Properties,4,"14,800",200 to 210,"2,100 to 2,200",Jun-25
THE SAIL @ MARINA BAY,MARINA BOULEVARD,1,Non-Landed Properties,2,"6,500",80 to 90,800 to 900,Jun-25
THE SAIL @ MARINA BAY,MARINA BOULEVARD,1,Non-Landed Properties,1,"4,400",50 to 60,500 to 600,Jun-25
THE SAIL @ MARINA BAY,MARINA BOULEVARD,1,Non-Landed Properties,2,"5,800",80 to 90,800 to 900,Jun-25
THE SAIL @ MARINA BAY,MARINA BOULEVARD,1,Non-Landed Properties,2,"7,100",90 to 100,"1,000 to 1,100",Jun-25
THE SAIL @ MARINA BAY,MARINA BOULEVARD,1,Non-Landed Properties,2,"7,300",90 to 100,"1,000 to 1,100",Jun-25
THE SAIL @ MARINA BAY,MARINA BOULEVARD,1,Non-Landed Properties,1,"4,300",60 to 70,600 to 700,Jun-25
THE SAIL @ MARINA BAY,MARINA BOULEVARD,1,Non-Landed Properties,1,"5,200",60 to 70,600 to 700,Jun-25
THE SAIL @ MARINA BAY,MARINA BOULEVARD,1,Non-Landed Properties,3,"7,400",100 to 110,"1,100 to 1,200",Jun-25
THE SAIL @ MARINA BAY,MARINA BOULEVARD,1,Non-Landed Properties,2,"6,800",80 to 90,"900 to 1,000",Jun-25
THE SAIL @ MARINA BAY,MARINA BOULEVARD,1,Non-Landed Properties,1,"4,300",60 to 70,600 to 700,Jun-25
THE SAIL @ MARINA BAY,MARINA BOULEVARD,1,Non-Landed Properties,2,"7,300",80 to 90,"900 to 1,000",Jun-25
THE SAIL @ MARINA BAY,MARINA BOULEVARD,1,Non-Landed Properties,1,"4,100",60 to 70,600 to 700,Jun-25
THE SAIL @ MARINA BAY,MARINA BOULEVARD,1,Non-Landed Properties,2,"4,500",80 to 90,800 to 900,Jun-25
THE RIVERSIDE PIAZZA,KENG CHEOW STREET,1,Non-Landed Properties,2,"3,850",90 to 100,"1,000 to 1,100",Jun-25
V ON SHENTON,SHENTON WAY,1,Non-Landed Properties,2,"7,300",100 to 110,"1,000 to 1,100",Jun-25
V ON SHENTON,SHENTON WAY,1,Non-Landed Properties,NA,"3,600",40 to 50,400 to 500,Jun-25
V ON SHENTON,SHENTON WAY,1,Non-Landed Properties,2,"5,900",90 to 100,"1,000 to 1,100",Jun-25
V ON SHENTON,SHENTON WAY,1,Non-Landed Properties,1,"3,250",40 to 50,400 to 500,Jun-25
V ON SHENTON,SHENTON WAY,1,Non-Landed Properties,2,"7,700",110 to 120,"1,200 to 1,300",Jun-25
V ON SHENTON,SHENTON WAY,1,Non-Landed Properties,2,"6,650",80 to 90,800 to 900,Jun-25
V ON SHENTON,SHENTON WAY,1,Non-Landed Properties,NA,"3,600",40 to 50,400 to 500,Jun-25
V ON SHENTON,SHENTON WAY,1,Non-Landed Properties,2,"6,750",80 to 90,"900 to 1,000",Jun-25
V ON SHENTON,SHENTON WAY,1,Non-Landed Properties,3,"7,800",140 to 150,"1,500 to 1,600",Jun-25
V ON SHENTON,SHENTON WAY,1,Non-Landed Properties,3,"10,000",160 to 170,"1,700 to 1,800",Jun-25
V ON SHENTON,SHENTON WAY,1,Non-Landed Properties,NA,"3,800",40 to 50,400 to 500,Jun-25
V ON SHENTON,SHENTON WAY,1,Non-Landed Properties,NA,"3,650",40 to 50,400 to 500,Jun-25
V ON SHENTON,SHENTON WAY,1,Non-Landed Properties,NA,"3,300",40 to 50,400 to 500,Jun-25
V ON SHENTON,SHENTON WAY,1,Non-Landed Properties,1,"4,500",60 to 70,700 to 800,Jun-25
V ON SHENTON,SHENTON WAY,1,Non-Landed Properties,1,"3,700",40 to 50,400 to 500,Jun-25
V ON SHENTON,SHENTON WAY,1,Non-Landed Properties,2,"6,300",110 to 120,"1,200 to 1,300",Jun-25
V ON SHENTON,SHENTON WAY,1,Non-Landed Properties,1,"4,250",60 to 70,600 to 700,Jun-25
V ON SHENTON,SHENTON WAY,1,Non-Landed Properties,3,"9,300",160 to 170,"1,700 to 1,800",Jun-25
V ON SHENTON,SHENTON WAY,1,Non-Landed Properties,1,"4,600",60 to 70,700 to 800,Jun-25
V ON SHENTON,SHENTON WAY,1,Non-Landed Properties,1,"4,700",60 to 70,700 to 800,Jun-25
ROBINSON SUITES,ROBINSON ROAD,1,Non-Landed Properties,1,"3,700",40 to 50,500 to 600,Jun-25
ROBINSON SUITES,ROBINSON ROAD,1,Non-Landed Properties,1,"3,500",40 to 50,400 to 500,Jun-25
ROBINSON SUITES,ROBINSON ROAD,1,Non-Landed Properties,1,"3,600",40 to 50,500 to 600,Jun-25
ROBINSON SUITES,ROBINSON ROAD,1,Non-Landed Properties,1,"3,600",40 to 50,500 to 600,Jun-25
ROBINSON SUITES,ROBINSON ROAD,1,Non-Landed Properties,1,"3,700",40 to 50,400 to 500,Jun-25
ROBINSON SUITES,ROBINSON ROAD,1,Non-Landed Properties,1,"4,100",40 to 50,400 to 500,Jun-25
ROBINSON SUITES,ROBINSON ROAD,1,Non-Landed Properties,2,"4,100",50 to 60,600 to 700,Jun-25
ROBINSON SUITES,ROBINSON ROAD,1,Non-Landed Properties,1,"4,000",40 to 50,500 to 600,Jun-25
ROBINSON SUITES,ROBINSON ROAD,1,Non-Landed Properties,2,"4,800",50 to 60,600 to 700,Jun-25
ROBINSON SUITES,ROBINSON ROAD,1,Non-Landed Properties,2,"4,600",50 to 60,600 to 700,Jun-25
ROBINSON SUITES,ROBINSON ROAD,1,Non-Landed Properties,1,"3,500",40 to 50,400 to 500,Jun-25
ROBINSON SUITES,ROBINSON ROAD,1,Non-Landed Properties,1,"3,300",40 to 50,400 to 500,Jun-25
ROBINSON SUITES,ROBINSON ROAD,1,Non-Landed Properties,1,"3,500",40 to 50,500 to 600,Jun-25
MARINA BAY SUITES,CENTRAL BOULEVARD,1,Non-Landed Properties,4,"13,500",190 to 200,"2,000 to 2,100",Jun-25
MARINA BAY SUITES,CENTRAL BOULEVARD,1,Non-Landed Properties,4,"14,500",190 to 200,"2,000 to 2,100",Jun-25
MARINA BAY SUITES,CENTRAL BOULEVARD,1,Non-Landed Properties,3,"10,000",140 to 150,"1,500 to 1,600",Jun-25
MARINA BAY SUITES,CENTRAL BOULEVARD,1,Non-Landed Properties,4,"19,910",240 to 250,"2,600 to 2,700",Jun-25
MARINA BAY SUITES,CENTRAL BOULEVARD,1,Non-Landed Properties,3,"9,500",140 to 150,"1,600 to 1,700",Jun-25
RIVERWALK APARTMENTS,UPPER CIRCULAR ROAD,1,Non-Landed Properties,NA,"4,100",70 to 80,800 to 900,Jun-25
RIVERWALK APARTMENTS,UPPER CIRCULAR ROAD,1,Non-Landed Properties,NA,"3,900",70 to 80,800 to 900,Jun-25
RIVERWALK APARTMENTS,UPPER CIRCULAR ROAD,1,Non-Landed Properties,NA,"3,350",70 to 80,800 to 900,Jun-25
RIVERWALK APARTMENTS,UPPER CIRCULAR ROAD,1,Non-Landed Properties,3,"7,450",140 to 150,"1,600 to 1,700",Jun-25
RIVERWALK APARTMENTS,UPPER CIRCULAR ROAD,1,Non-Landed Properties,NA,"3,700",70 to 80,800 to 900,Jun-25
RIVERWALK APARTMENTS,UPPER CIRCULAR ROAD,1,Non-Landed Properties,2,"6,000",110 to 120,"1,200 to 1,300",Jun-25
MARINA BAY RESIDENCES,MARINA BOULEVARD,1,Non-Landed Properties,1,"5,500",60 to 70,700 to 800,Jun-25
MARINA BAY RESIDENCES,MARINA BOULEVARD,1,Non-Landed Properties,1,"6,500",60 to 70,700 to 800,Jun-25
MARINA BAY RESIDENCES,MARINA BOULEVARD,1,Non-Landed Properties,1,"5,350",60 to 70,700 to 800,Jun-25
MARINA BAY RESIDENCES,MARINA BOULEVARD,1,Non-Landed Properties,2,"7,900",100 to 110,"1,100 to 1,200",Jun-25
MARINA BAY RESIDENCES,MARINA BOULEVARD,1,Non-Landed Properties,2,"8,200",100 to 110,"1,100 to 1,200",Jun-25
MARINA BAY RESIDENCES,MARINA BOULEVARD,1,Non-Landed Properties,2,"9,200",100 to 110,"1,100 to 1,200",Jun-25
MARINA BAY RESIDENCES,MARINA BOULEVARD,1,Non-Landed Properties,1,"5,800",60 to 70,700 to 800,Jun-25
MARINA BAY RESIDENCES,MARINA BOULEVARD,1,Non-Landed Properties,1,"5,950",60 to 70,700 to 800,Jun-25
MARINA BAY RESIDENCES,MARINA BOULEVARD,1,Non-Landed Properties,2,"8,800",90 to 100,"1,000 to 1,100",Jun-25
MARINA BAY RESIDENCES,MARINA BOULEVARD,1,Non-Landed Properties,1,"5,900",60 to 70,700 to 800,Jun-25
MARINA BAY RESIDENCES,MARINA BOULEVARD,1,Non-Landed Properties,2,"8,000",100 to 110,"1,100 to 1,200",Jun-25
MARINA BAY RESIDENCES,MARINA BOULEVARD,1,Non-Landed Properties,2,"6,800",100 to 110,"1,100 to 1,200",Jun-25
MARINA BAY RESIDENCES,MARINA BOULEVARD,1,Non-Landed Properties,1,"6,200",60 to 70,700 to 800,Jun-25
THE CLIFT,MCCALLUM STREET,1,Non-Landed Properties,1,"4,600",70 to 80,700 to 800,May-25
THE CLIFT,MCCALLUM STREET,1,Non-Landed Properties,1,"4,000",40 to 50,400 to 500,May-25
THE CLIFT,MCCALLUM STREET,1,Non-Landed Properties,1,"4,800",70 to 80,700 to 800,May-25
THE CLIFT,MCCALLUM STREET,1,Non-Landed Properties,1,"5,100",70 to 80,700 to 800,May-25
THE CLIFT,MCCALLUM STREET,1,Non-Landed Properties,1,"4,900",40 to 50,500 to 600,May-25
THE CLIFT,MCCALLUM STREET,1,Non-Landed Properties,1,"4,150",40 to 50,500 to 600,May-25
THE CLIFT,MCCALLUM STREET,1,Non-Landed Properties,1,"4,400",50 to 60,500 to 600,May-25
THE CLIFT,MCCALLUM STREET,1,Non-Landed Properties,1,"3,700",40 to 50,400 to 500,May-25
THE CLIFT,MCCALLUM STREET,1,Non-Landed Properties,1,"4,250",40 to 50,500 to 600,May-25
THE CLIFT,MCCALLUM STREET,1,Non-Landed Properties,1,"5,000",70 to 80,700 to 800,May-25
THE CLIFT,MCCALLUM STREET,1,Non-Landed Properties,1,"3,700",40 to 50,500 to 600,May-25
THE CLIFT,MCCALLUM STREET,1,Non-Landed Properties,1,"4,401",60 to 70,700 to 800,May-25
THE CLIFT,MCCALLUM STREET,1,Non-Landed Properties,2,"5,300",70 to 80,700 to 800,May-25
THE CLIFT,MCCALLUM STREET,1,Non-Landed Properties,2,"5,100",70 to 80,700 to 800,May-25
THE CLIFT,MCCALLUM STREET,1,Non-Landed Properties,1,"4,100",40 to 50,400 to 500,May-25
THE CLIFT,MCCALLUM STREET,1,Non-Landed Properties,1,"3,900",40 to 50,500 to 600,May-25
THE CLIFT,MCCALLUM STREET,1,Non-Landed Properties,1,"5,200",70 to 80,700 to 800,May-25
ONE SHENTON,SHENTON WAY,1,Non-Landed Properties,1,"4,580",40 to 50,500 to 600,May-25
ONE SHENTON,SHENTON WAY,1,Non-Landed Properties,3,"9,000",140 to 150,"1,600 to 1,700",May-25
ONE SHENTON,SHENTON WAY,1,Non-Landed Properties,1,"4,300",50 to 60,500 to 600,May-25
ONE SHENTON,SHENTON WAY,1,Non-Landed Properties,2,"6,500",110 to 120,"1,100 to 1,200",May-25
ONE SHENTON,SHENTON WAY,1,Non-Landed Properties,1,"4,150",50 to 60,500 to 600,May-25
ONE SHENTON,SHENTON WAY,1,Non-Landed Properties,1,"4,200",50 to 60,600 to 700,May-25
ONE SHENTON,SHENTON WAY,1,Non-Landed Properties,4,"12,000",210 to 220,"2,200 to 2,300",May-25
ONE SHENTON,SHENTON WAY,1,Non-Landed Properties,1,"4,300",50 to 60,500 to 600,May-25
ONE SHENTON,SHENTON WAY,1,Non-Landed Properties,1,"4,000",40 to 50,500 to 600,May-25
ONE SHENTON,SHENTON WAY,1,Non-Landed Properties,2,"5,800",100 to 110,"1,000 to 1,100",May-25
ONE SHENTON,SHENTON WAY,1,Non-Landed Properties,1,"5,000",70 to 80,800 to 900,May-25
ONE SHENTON,SHENTON WAY,1,Non-Landed Properties,1,"3,650",40 to 50,500 to 600,May-25
ONE SHENTON,SHENTON WAY,1,Non-Landed Properties,1,"5,800",80 to 90,"900 to 1,000",May-25
ONE SHENTON,SHENTON WAY,1,Non-Landed Properties,2,"6,500",110 to 120,"1,200 to 1,300",May-25
ONE SHENTON,SHENTON WAY,1,Non-Landed Properties,1,"4,000",40 to 50,500 to 600,May-25
ONE SHENTON,SHENTON WAY,1,Non-Landed Properties,1,"5,000",80 to 90,"900 to 1,000",May-25
ONE SHENTON,SHENTON WAY,1,Non-Landed Properties,2,"6,500",100 to 110,"1,000 to 1,100",May-25
PEOPLE'S PARK COMPLEX,PARK ROAD,1,Non-Landed Properties,1,"2,450",40 to 50,400 to 500,May-25
PEOPLE'S PARK COMPLEX,PARK ROAD,1,Non-Landed Properties,3,"7,000",100 to 110,"1,100 to 1,200",May-25
PEOPLE'S PARK COMPLEX,PARK ROAD,1,Non-Landed Properties,1,"2,500",40 to 50,400 to 500,May-25
PEOPLE'S PARK COMPLEX,PARK ROAD,1,Non-Landed Properties,3,"4,000",100 to 110,"1,100 to 1,200",May-25
PEOPLE'S PARK COMPLEX,PARK ROAD,1,Non-Landed Properties,3,"2,900",100 to 110,"1,100 to 1,200",May-25
PEOPLE'S PARK COMPLEX,PARK ROAD,1,Non-Landed Properties,3,"4,500",100 to 110,"1,100 to 1,200",May-25
PEOPLE'S PARK COMPLEX,PARK ROAD,1,Non-Landed Properties,1,"2,000",30 to 40,400 to 500,May-25
PEOPLE'S PARK COMPLEX,PARK ROAD,1,Non-Landed Properties,3,"3,850",100 to 110,"1,100 to 1,200",May-25
PEOPLE'S PARK COMPLEX,PARK ROAD,1,Non-Landed Properties,1,"2,400",30 to 40,400 to 500,May-25
PEOPLE'S PARK COMPLEX,PARK ROAD,1,Non-Landed Properties,3,"4,000",100 to 110,"1,100 to 1,200",May-25
EMERALD GARDEN,CLUB STREET,1,Non-Landed Properties,2,"4,600",80 to 90,"900 to 1,000",May-25
EMERALD GARDEN,CLUB STREET,1,Non-Landed Properties,1,"4,750",80 to 90,"900 to 1,000",May-25
EMERALD GARDEN,CLUB STREET,1,Non-Landed Properties,2,"4,300",80 to 90,"900 to 1,000",May-25
EMERALD GARDEN,CLUB STREET,1,Non-Landed Properties,2,"5,500",100 to 110,"1,000 to 1,100",May-25
EMERALD GARDEN,CLUB STREET,1,Non-Landed Properties,2,"5,100",80 to 90,"900 to 1,000",May-25
EMERALD GARDEN,CLUB STREET,1,Non-Landed Properties,3,"6,600",110 to 120,"1,200 to 1,300",May-25
EMERALD GARDEN,CLUB STREET,1,Non-Landed Properties,1,"4,500",70 to 80,800 to 900,May-25
EMERALD GARDEN,CLUB STREET,1,Non-Landed Properties,2,"5,000",90 to 100,"1,000 to 1,100",May-25
EMERALD GARDEN,CLUB STREET,1,Non-Landed Properties,2,"5,600",100 to 110,"1,000 to 1,100",May-25
EMERALD GARDEN,CLUB STREET,1,Non-Landed Properties,3,"6,500",110 to 120,"1,200 to 1,300",May-25
EMERALD GARDEN,CLUB STREET,1,Non-Landed Properties,1,"4,600",70 to 80,800 to 900,May-25
EMERALD GARDEN,CLUB STREET,1,Non-Landed Properties,2,"5,200",100 to 110,"1,000 to 1,100",May-25
EMERALD GARDEN,CLUB STREET,1,Non-Landed Properties,3,"6,300",110 to 120,"1,200 to 1,300",May-25
EMERALD GARDEN,CLUB STREET,1,Non-Landed Properties,3,"5,800",110 to 120,"1,200 to 1,300",May-25
EMERALD GARDEN,CLUB STREET,1,Non-Landed Properties,1,"4,800",90 to 100,"1,000 to 1,100",May-25
EMERALD GARDEN,CLUB STREET,1,Non-Landed Properties,3,"5,000",130 to 140,"1,400 to 1,500",May-25
EMERALD GARDEN,CLUB STREET,1,Non-Landed Properties,3,"6,250",120 to 130,"1,300 to 1,400",May-25
EMERALD GARDEN,CLUB STREET,1,Non-Landed Properties,2,"5,800",100 to 110,"1,100 to 1,200",May-25
MARINA ONE RESIDENCES,MARINA WAY,1,Non-Landed Properties,1,"5,200",60 to 70,600 to 700,May-25
MARINA ONE RESIDENCES,MARINA WAY,1,Non-Landed Properties,2,"7,500",100 to 110,"1,100 to 1,200",May-25
MARINA ONE RESIDENCES,MARINA WAY,1,Non-Landed Properties,1,"4,300",60 to 70,600 to 700,May-25
MARINA ONE RESIDENCES,MARINA WAY,1,Non-Landed Properties,1,"4,700",60 to 70,700 to 800,May-25
MARINA ONE RESIDENCES,MARINA WAY,1,Non-Landed Properties,4,"16,000",200 to 210,"2,200 to 2,300",May-25
MARINA ONE RESIDENCES,MARINA WAY,1,Non-Landed Properties,4,"16,500",200 to 210,"2,200 to 2,300",May-25
MARINA ONE RESIDENCES,MARINA WAY,1,Non-Landed Properties,1,"5,200",60 to 70,600 to 700,May-25
MARINA ONE RESIDENCES,MARINA WAY,1,Non-Landed Properties,1,"4,800",60 to 70,600 to 700,May-25
MARINA ONE RESIDENCES,MARINA WAY,1,Non-Landed Properties,1,"4,500",60 to 70,700 to 800,May-25
MARINA ONE RESIDENCES,MARINA WAY,1,Non-Landed Properties,2,"9,000",100 to 110,"1,100 to 1,200",May-25
MARINA ONE RESIDENCES,MARINA WAY,1,Non-Landed Properties,1,"6,150",60 to 70,700 to 800,May-25
MARINA ONE RESIDENCES,MARINA WAY,1,Non-Landed Properties,1,"5,700",60 to 70,700 to 800,May-25
MARINA ONE RESIDENCES,MARINA WAY,1,Non-Landed Properties,1,"5,450",60 to 70,700 to 800,May-25
MARINA ONE RESIDENCES,MARINA WAY,1,Non-Landed Properties,1,"6,000",70 to 80,700 to 800,May-25
MARINA ONE RESIDENCES,MARINA WAY,1,Non-Landed Properties,4,"17,500",200 to 210,"2,100 to 2,200",May-25
MARINA ONE RESIDENCES,MARINA WAY,1,Non-Landed Properties,2,"7,800",100 to 110,"1,100 to 1,200",May-25
MARINA ONE RESIDENCES,MARINA WAY,1,Non-Landed Properties,1,"5,500",60 to 70,700 to 800,May-25
MARINA ONE RESIDENCES,MARINA WAY,1,Non-Landed Properties,1,"4,600",60 to 70,700 to 800,May-25
MARINA ONE RESIDENCES,MARINA WAY,1,Non-Landed Properties,1,"4,800",60 to 70,700 to 800,May-25
MARINA ONE RESIDENCES,MARINA WAY,1,Non-Landed Properties,3,"10,300",140 to 150,"1,500 to 1,600",May-25
MARINA ONE RESIDENCES,MARINA WAY,1,Non-Landed Properties,1,"4,600",60 to 70,700 to 800,May-25
MARINA ONE RESIDENCES,MARINA WAY,1,Non-Landed Properties,1,"4,320",60 to 70,700 to 800,May-25
MARINA ONE RESIDENCES,MARINA WAY,1,Non-Landed Properties,4,"19,000",200 to 210,"2,200 to 2,300",May-25
MARINA ONE RESIDENCES,MARINA WAY,1,Non-Landed Properties,2,"6,500",90 to 100,"900 to 1,000",May-25
MARINA ONE RESIDENCES,MARINA WAY,1,Non-Landed Properties,2,"9,000",100 to 110,"1,100 to 1,200",May-25
MARINA ONE RESIDENCES,MARINA WAY,1,Non-Landed Properties,1,"5,500",60 to 70,600 to 700,May-25
MARINA ONE RESIDENCES,MARINA WAY,1,Non-Landed Properties,1,"5,950",60 to 70,700 to 800,May-25
MARINA ONE RESIDENCES,MARINA WAY,1,Non-Landed Properties,1,"5,000",60 to 70,700 to 800,May-25
MARINA ONE RESIDENCES,MARINA WAY,1,Non-Landed Properties,1,"4,340",60 to 70,600 to 700,May-25
MARINA ONE RESIDENCES,MARINA WAY,1,Non-Landed Properties,1,"5,000",60 to 70,700 to 800,May-25
THE SAIL @ MARINA BAY,MARINA BOULEVARD,1,Non-Landed Properties,3,"8,700",130 to 140,"1,400 to 1,500",May-25
THE SAIL @ MARINA BAY,MARINA BOULEVARD,1,Non-Landed Properties,1,"4,500",60 to 70,600 to 700,May-25
THE SAIL @ MARINA BAY,MARINA BOULEVARD,1,Non-Landed Properties,3,"7,250",120 to 130,"1,300 to 1,400",May-25
THE SAIL @ MARINA BAY,MARINA BOULEVARD,1,Non-Landed Properties,1,"4,200",60 to 70,600 to 700,May-25
THE SAIL @ MARINA BAY,MARINA BOULEVARD,1,Non-Landed Properties,2,"6,800",70 to 80,800 to 900,May-25
THE SAIL @ MARINA BAY,MARINA BOULEVARD,1,Non-Landed Properties,1,"4,500",60 to 70,600 to 700,May-25
THE SAIL @ MARINA BAY,MARINA BOULEVARD,1,Non-Landed Properties,1,"4,000",50 to 60,600 to 700,May-25
THE SAIL @ MARINA BAY,MARINA BOULEVARD,1,Non-Landed Properties,1,"4,200",50 to 60,600 to 700,May-25
THE SAIL @ MARINA BAY,MARINA BOULEVARD,1,Non-Landed Properties,2,"6,600",80 to 90,"900 to 1,000",May-25
THE SAIL @ MARINA BAY,MARINA BOULEVARD,1,Non-Landed Properties,1,"3,900",50 to 60,600 to 700,May-25
THE SAIL @ MARINA BAY,MARINA BOULEVARD,1,Non-Landed Properties,1,"4,500",60 to 70,600 to 700,May-25
THE SAIL @ MARINA BAY,MARINA BOULEVARD,1,Non-Landed Properties,2,"6,600",80 to 90,800 to 900,May-25
THE SAIL @ MARINA BAY,MARINA BOULEVARD,1,Non-Landed Properties,1,"6,800",60 to 70,600 to 700,May-25
THE SAIL @ MARINA BAY,MARINA BOULEVARD,1,Non-Landed Properties,1,"4,000",50 to 60,500 to 600,May-25
THE SAIL @ MARINA BAY,MARINA BOULEVARD,1,Non-Landed Properties,1,"5,000",60 to 70,600 to 700,May-25
THE SAIL @ MARINA BAY,MARINA BOULEVARD,1,Non-Landed Properties,2,"6,700",90 to 100,"1,000 to 1,100",May-25
THE SAIL @ MARINA BAY,MARINA BOULEVARD,1,Non-Landed Properties,2,"6,500",80 to 90,800 to 900,May-25
THE SAIL @ MARINA BAY,MARINA BOULEVARD,1,Non-Landed Properties,2,"7,200",80 to 90,800 to 900,May-25
THE SAIL @ MARINA BAY,MARINA BOULEVARD,1,Non-Landed Properties,1,"6,050",60 to 70,600 to 700,May-25
THE SAIL @ MARINA BAY,MARINA BOULEVARD,1,Non-Landed Properties,2,"6,900",90 to 100,"1,000 to 1,100",May-25
THE SAIL @ MARINA BAY,MARINA BOULEVARD,1,Non-Landed Properties,2,"7,000",80 to 90,800 to 900,May-25
THE SAIL @ MARINA BAY,MARINA BOULEVARD,1,Non-Landed Properties,1,"5,800",60 to 70,600 to 700,May-25
THE SAIL @ MARINA BAY,MARINA BOULEVARD,1,Non-Landed Properties,2,"6,400",80 to 90,800 to 900,May-25
THE SAIL @ MARINA BAY,MARINA BOULEVARD,1,Non-Landed Properties,3,"8,000",100 to 110,"1,100 to 1,200",May-25
THE SAIL @ MARINA BAY,MARINA BOULEVARD,1,Non-Landed Properties,3,"10,000",160 to 170,"1,700 to 1,800",May-25
THE SAIL @ MARINA BAY,MARINA BOULEVARD,1,Non-Landed Properties,2,"6,500",80 to 90,800 to 900,May-25
THE SAIL @ MARINA BAY,MARINA BOULEVARD,1,Non-Landed Properties,1,"5,200",60 to 70,600 to 700,May-25
THE SAIL @ MARINA BAY,MARINA BOULEVARD,1,Non-Landed Properties,2,"6,210",80 to 90,800 to 900,May-25
THE SAIL @ MARINA BAY,MARINA BOULEVARD,1,Non-Landed Properties,2,"7,300",80 to 90,800 to 900,May-25
THE SAIL @ MARINA BAY,MARINA BOULEVARD,1,Non-Landed Properties,2,"7,800",80 to 90,"900 to 1,000",May-25
THE SAIL @ MARINA BAY,MARINA BOULEVARD,1,Non-Landed Properties,4,"13,700",190 to 200,"2,100 to 2,200",May-25
THE SAIL @ MARINA BAY,MARINA BOULEVARD,1,Non-Landed Properties,2,"7,300",90 to 100,"1,000 to 1,100",May-25
THE SAIL @ MARINA BAY,MARINA BOULEVARD,1,Non-Landed Properties,2,"7,000",90 to 100,"1,000 to 1,100",May-25
THE SAIL @ MARINA BAY,MARINA BOULEVARD,1,Non-Landed Properties,1,"4,100",60 to 70,600 to 700,May-25
THE RIVERSIDE PIAZZA,KENG CHEOW STREET,1,Non-Landed Properties,2,"4,500",80 to 90,"900 to 1,000",May-25
V ON SHENTON,SHENTON WAY,1,Non-Landed Properties,1,"4,500",60 to 70,700 to 800,May-25
V ON SHENTON,SHENTON WAY,1,Non-Landed Properties,3,"8,500",140 to 150,"1,500 to 1,600",May-25
V ON SHENTON,SHENTON WAY,1,Non-Landed Properties,2,"8,100",110 to 120,"1,200 to 1,300",May-25
V ON SHENTON,SHENTON WAY,1,Non-Landed Properties,2,"6,100",100 to 110,"1,100 to 1,200",May-25
V ON SHENTON,SHENTON WAY,1,Non-Landed Properties,2,"6,600",100 to 110,"1,000 to 1,100",May-25
V ON SHENTON,SHENTON WAY,1,Non-Landed Properties,2,"6,200",80 to 90,800 to 900,May-25
V ON SHENTON,SHENTON WAY,1,Non-Landed Properties,NA,"3,300",40 to 50,400 to 500,May-25
V ON SHENTON,SHENTON WAY,1,Non-Landed Properties,4,"18,000",>300,>3000,May-25
V ON SHENTON,SHENTON WAY,1,Non-Landed Properties,1,"3,700",40 to 50,500 to 600,May-25
V ON SHENTON,SHENTON WAY,1,Non-Landed Properties,1,"4,500",60 to 70,600 to 700,May-25
V ON SHENTON,SHENTON WAY,1,Non-Landed Properties,2,"5,700",100 to 110,"1,000 to 1,100",May-25
V ON SHENTON,SHENTON WAY,1,Non-Landed Properties,1,"3,800",40 to 50,400 to 500,May-25
V ON SHENTON,SHENTON WAY,1,Non-Landed Properties,2,"6,200",90 to 100,"1,000 to 1,100",May-25
V ON SHENTON,SHENTON WAY,1,Non-Landed Properties,NA,"3,700",40 to 50,400 to 500,May-25
V ON SHENTON,SHENTON WAY,1,Non-Landed Properties,1,"4,500",60 to 70,700 to 800,May-25
V ON SHENTON,SHENTON WAY,1,Non-Landed Properties,2,"6,650",80 to 90,"900 to 1,000",May-25
V ON SHENTON,SHENTON WAY,1,Non-Landed Properties,NA,"3,700",40 to 50,400 to 500,May-25
V ON SHENTON,SHENTON WAY,1,Non-Landed Properties,NA,"3,800",40 to 50,400 to 500,May-25
V ON SHENTON,SHENTON WAY,1,Non-Landed Properties,3,"14,000",160 to 170,"1,700 to 1,800",May-25
V ON SHENTON,SHENTON WAY,1,Non-Landed Properties,NA,"3,550",40 to 50,400 to 500,May-25
V ON SHENTON,SHENTON WAY,1,Non-Landed Properties,NA,"4,000",40 to 50,400 to 500,May-25
V ON SHENTON,SHENTON WAY,1,Non-Landed Properties,1,"4,700",60 to 70,700 to 800,May-25
V ON SHENTON,SHENTON WAY,1,Non-Landed Properties,NA,"3,500",40 to 50,400 to 500,May-25
V ON SHENTON,SHENTON WAY,1,Non-Landed Properties,2,"6,900",90 to 100,"1,000 to 1,100",May-25
V ON SHENTON,SHENTON WAY,1,Non-Landed Properties,3,"11,000",160 to 170,"1,700 to 1,800",May-25
V ON SHENTON,SHENTON WAY,1,Non-Landed Properties,NA,"3,400",40 to 50,400 to 500,May-25
V ON SHENTON,SHENTON WAY,1,Non-Landed Properties,1,"5,100",60 to 70,600 to 700,May-25
ROBINSON SUITES,ROBINSON ROAD,1,Non-Landed Properties,2,"4,000",50 to 60,600 to 700,May-25
ROBINSON SUITES,ROBINSON ROAD,1,Non-Landed Properties,1,"3,800",40 to 50,500 to 600,May-25
ROBINSON SUITES,ROBINSON ROAD,1,Non-Landed Properties,1,"3,800",40 to 50,500 to 600,May-25
ROBINSON SUITES,ROBINSON ROAD,1,Non-Landed Properties,1,"3,900",40 to 50,500 to 600,May-25
ROBINSON SUITES,ROBINSON ROAD,1,Non-Landed Properties,2,"4,250",50 to 60,600 to 700,May-25
ROBINSON SUITES,ROBINSON ROAD,1,Non-Landed Properties,2,"4,300",50 to 60,600 to 700,May-25
ALLAN VILLE,GEMMILL LANE,1,Non-Landed Properties,NA,"3,200",30 to 40,400 to 500,May-25
MARINA BAY SUITES,CENTRAL BOULEVARD,1,Non-Landed Properties,4,"17,000",240 to 250,"2,600 to 2,700",May-25
MARINA BAY SUITES,CENTRAL BOULEVARD,1,Non-Landed Properties,4,"15,000",240 to 250,"2,600 to 2,700",May-25
MARINA BAY SUITES,CENTRAL BOULEVARD,1,Non-Landed Properties,3,"10,000",140 to 150,"1,600 to 1,700",May-25
MARINA BAY SUITES,CENTRAL BOULEVARD,1,Non-Landed Properties,4,"12,200",190 to 200,"2,000 to 2,100",May-25
MARINA BAY SUITES,CENTRAL BOULEVARD,1,Non-Landed Properties,3,"9,600",140 to 150,"1,500 to 1,600",May-25
MARINA BAY SUITES,CENTRAL BOULEVARD,1,Non-Landed Properties,4,"11,500",190 to 200,"2,000 to 2,100",May-25
MARINA BAY SUITES,CENTRAL BOULEVARD,1,Non-Landed Properties,3,"10,500",140 to 150,"1,600 to 1,700",May-25
MARINA BAY SUITES,CENTRAL BOULEVARD,1,Non-Landed Properties,4,"12,000",180 to 190,"2,000 to 2,100",May-25
MARINA BAY SUITES,CENTRAL BOULEVARD,1,Non-Landed Properties,3,"10,000",150 to 160,"1,600 to 1,700",May-25
RIVERWALK APARTMENTS,UPPER CIRCULAR ROAD,1,Non-Landed Properties,3,"8,200",140 to 150,"1,600 to 1,700",May-25
RIVERWALK APARTMENTS,UPPER CIRCULAR ROAD,1,Non-Landed Properties,2,"6,000",110 to 120,"1,200 to 1,300",May-25
RIVERWALK APARTMENTS,UPPER CIRCULAR ROAD,1,Non-Landed Properties,2,"5,800",110 to 120,"1,200 to 1,300",May-25
RIVERWALK APARTMENTS,UPPER CIRCULAR ROAD,1,Non-Landed Properties,2,"5,500",110 to 120,"1,200 to 1,300",May-25
MARINA BAY RESIDENCES,MARINA BOULEVARD,1,Non-Landed Properties,1,"6,000",60 to 70,700 to 800,May-25
MARINA BAY RESIDENCES,MARINA BOULEVARD,1,Non-Landed Properties,1,"6,050",60 to 70,700 to 800,May-25
MARINA BAY RESIDENCES,MARINA BOULEVARD,1,Non-Landed Properties,1,"5,800",60 to 70,700 to 800,May-25
MARINA BAY RESIDENCES,MARINA BOULEVARD,1,Non-Landed Properties,4,"30,000",>300,>3000,May-25
MARINA BAY RESIDENCES,MARINA BOULEVARD,1,Non-Landed Properties,2,"7,800",110 to 120,"1,200 to 1,300",May-25
MARINA BAY RESIDENCES,MARINA BOULEVARD,1,Non-Landed Properties,1,"5,600",60 to 70,700 to 800,May-25
MARINA BAY RESIDENCES,MARINA BOULEVARD,1,Non-Landed Properties,1,"6,200",60 to 70,700 to 800,May-25
MARINA BAY RESIDENCES,MARINA BOULEVARD,1,Non-Landed Properties,4,"17,500",220 to 230,"2,300 to 2,400",May-25
MARINA BAY RESIDENCES,MARINA BOULEVARD,1,Non-Landed Properties,2,"10,100",110 to 120,"1,200 to 1,300",May-25
MARINA BAY RESIDENCES,MARINA BOULEVARD,1,Non-Landed Properties,4,"18,000",210 to 220,"2,300 to 2,400",May-25
MARINA BAY RESIDENCES,MARINA BOULEVARD,1,Non-Landed Properties,1,"5,500",60 to 70,700 to 800,May-25
MARINA BAY RESIDENCES,MARINA BOULEVARD,1,Non-Landed Properties,1,"6,000",60 to 70,700 to 800,May-25
MARINA BAY RESIDENCES,MARINA BOULEVARD,1,Non-Landed Properties,3,"15,833",180 to 190,"1,900 to 2,000",May-25
MARINA BAY RESIDENCES,MARINA BOULEVARD,1,Non-Landed Properties,2,"7,850",100 to 110,"1,100 to 1,200",May-25
MARINA BAY RESIDENCES,MARINA BOULEVARD,1,Non-Landed Properties,2,"9,000",90 to 100,"1,000 to 1,100",May-25
MARINA BAY RESIDENCES,MARINA BOULEVARD,1,Non-Landed Properties,3,"14,500",180 to 190,"1,900 to 2,000",May-25
THE CLIFT,MCCALLUM STREET,1,Non-Landed Properties,1,"5,000",70 to 80,700 to 800,Apr-25
THE CLIFT,MCCALLUM STREET,1,Non-Landed Properties,1,"3,800",40 to 50,500 to 600,Apr-25
THE CLIFT,MCCALLUM STREET,1,Non-Landed Properties,2,"5,500",70 to 80,800 to 900,Apr-25
THE CLIFT,MCCALLUM STREET,1,Non-Landed Properties,1,"4,000",40 to 50,500 to 600,Apr-25
THE CLIFT,MCCALLUM STREET,1,Non-Landed Properties,1,"4,000",40 to 50,400 to 500,Apr-25
THE CLIFT,MCCALLUM STREET,1,Non-Landed Properties,1,"4,500",40 to 50,500 to 600,Apr-25
THE CLIFT,MCCALLUM STREET,1,Non-Landed Properties,1,"4,000",40 to 50,500 to 600,Apr-25
THE CLIFT,MCCALLUM STREET,1,Non-Landed Properties,1,"4,000",40 to 50,400 to 500,Apr-25
THE CLIFT,MCCALLUM STREET,1,Non-Landed Properties,1,"3,800",40 to 50,400 to 500,Apr-25
THE CLIFT,MCCALLUM STREET,1,Non-Landed Properties,1,"4,000",40 to 50,500 to 600,Apr-25
THE CLIFT,MCCALLUM STREET,1,Non-Landed Properties,2,"6,300",90 to 100,"1,000 to 1,100",Apr-25
THE CLIFT,MCCALLUM STREET,1,Non-Landed Properties,1,"3,900",50 to 60,500 to 600,Apr-25
THE CLIFT,MCCALLUM STREET,1,Non-Landed Properties,1,"3,900",40 to 50,500 to 600,Apr-25
THE CLIFT,MCCALLUM STREET,1,Non-Landed Properties,1,"5,300",70 to 80,700 to 800,Apr-25
ONE SHENTON,SHENTON WAY,1,Non-Landed Properties,2,"6,900",100 to 110,"1,100 to 1,200",Apr-25
ONE SHENTON,SHENTON WAY,1,Non-Landed Properties,1,"4,200",50 to 60,500 to 600,Apr-25
ONE SHENTON,SHENTON WAY,1,Non-Landed Properties,3,"8,000",140 to 150,"1,500 to 1,600",Apr-25
ONE SHENTON,SHENTON WAY,1,Non-Landed Properties,1,"4,300",40 to 50,500 to 600,Apr-25
ONE SHENTON,SHENTON WAY,1,Non-Landed Properties,1,"6,100",90 to 100,"1,000 to 1,100",Apr-25
ONE SHENTON,SHENTON WAY,1,Non-Landed Properties,1,"4,300",50 to 60,500 to 600,Apr-25
ONE SHENTON,SHENTON WAY,1,Non-Landed Properties,2,"6,350",100 to 110,"1,100 to 1,200",Apr-25
ONE SHENTON,SHENTON WAY,1,Non-Landed Properties,1,"3,800",50 to 60,500 to 600,Apr-25
ONE SHENTON,SHENTON WAY,1,Non-Landed Properties,1,"4,500",50 to 60,500 to 600,Apr-25
ONE SHENTON,SHENTON WAY,1,Non-Landed Properties,1,"4,350",50 to 60,500 to 600,Apr-25
ONE SHENTON,SHENTON WAY,1,Non-Landed Properties,4,"20,500",>300,>3000,Apr-25
ONE SHENTON,SHENTON WAY,1,Non-Landed Properties,4,"25,000",>300,>3000,Apr-25
ONE SHENTON,SHENTON WAY,1,Non-Landed Properties,4,"10,000",170 to 180,"1,800 to 1,900",Apr-25
ONE SHENTON,SHENTON WAY,1,Non-Landed Properties,1,"4,200",50 to 60,500 to 600,Apr-25
ONE SHENTON,SHENTON WAY,1,Non-Landed Properties,2,"6,850",100 to 110,"1,100 to 1,200",Apr-25
ONE SHENTON,SHENTON WAY,1,Non-Landed Properties,1,"6,100",90 to 100,"900 to 1,000",Apr-25
ONE SHENTON,SHENTON WAY,1,Non-Landed Properties,1,"5,200",80 to 90,"900 to 1,000",Apr-25
ONE SHENTON,SHENTON WAY,1,Non-Landed Properties,1,"4,200",40 to 50,500 to 600,Apr-25
ONE SHENTON,SHENTON WAY,1,Non-Landed Properties,3,"8,350",140 to 150,"1,500 to 1,600",Apr-25
PEOPLE'S PARK COMPLEX,PARK ROAD,1,Non-Landed Properties,3,"5,000",100 to 110,"1,100 to 1,200",Apr-25
PEOPLE'S PARK COMPLEX,PARK ROAD,1,Non-Landed Properties,1,"2,150",30 to 40,400 to 500,Apr-25
PEOPLE'S PARK COMPLEX,PARK ROAD,1,Non-Landed Properties,3,"5,700",100 to 110,"1,100 to 1,200",Apr-25
PEOPLE'S PARK COMPLEX,PARK ROAD,1,Non-Landed Properties,NA,"4,000",100 to 110,"1,100 to 1,200",Apr-25
EMERALD GARDEN,CLUB STREET,1,Non-Landed Properties,2,"4,900",80 to 90,"900 to 1,000",Apr-25
EMERALD GARDEN,CLUB STREET,1,Non-Landed Properties,2,"5,000",80 to 90,"900 to 1,000",Apr-25
EMERALD GARDEN,CLUB STREET,1,Non-Landed Properties,2,"5,300",100 to 110,"1,000 to 1,100",Apr-25
EMERALD GARDEN,CLUB STREET,1,Non-Landed Properties,2,"5,300",110 to 120,"1,200 to 1,300",Apr-25
EMERALD GARDEN,CLUB STREET,1,Non-Landed Properties,2,"5,200",90 to 100,"1,000 to 1,100",Apr-25
EMERALD GARDEN,CLUB STREET,1,Non-Landed Properties,1,"3,500",70 to 80,800 to 900,Apr-25
MARINA ONE RESIDENCES,MARINA WAY,1,Non-Landed Properties,2,"7,300",100 to 110,"1,100 to 1,200",Apr-25
MARINA ONE RESIDENCES,MARINA WAY,1,Non-Landed Properties,1,"4,900",60 to 70,600 to 700,Apr-25
MARINA ONE RESIDENCES,MARINA WAY,1,Non-Landed Properties,2,"10,200",100 to 110,"1,100 to 1,200",Apr-25
MARINA ONE RESIDENCES,MARINA WAY,1,Non-Landed Properties,1,"4,900",60 to 70,600 to 700,Apr-25
MARINA ONE RESIDENCES,MARINA WAY,1,Non-Landed Properties,1,"4,400",60 to 70,700 to 800,Apr-25
MARINA ONE RESIDENCES,MARINA WAY,1,Non-Landed Properties,2,"9,000",100 to 110,"1,100 to 1,200",Apr-25
MARINA ONE RESIDENCES,MARINA WAY,1,Non-Landed Properties,1,"4,500",60 to 70,700 to 800,Apr-25
MARINA ONE RESIDENCES,MARINA WAY,1,Non-Landed Properties,1,"5,700",70 to 80,700 to 800,Apr-25
MARINA ONE RESIDENCES,MARINA WAY,1,Non-Landed Properties,1,"4,400",60 to 70,700 to 800,Apr-25
MARINA ONE RESIDENCES,MARINA WAY,1,Non-Landed Properties,1,"4,500",70 to 80,700 to 800,Apr-25
MARINA ONE RESIDENCES,MARINA WAY,1,Non-Landed Properties,1,"4,900",60 to 70,700 to 800,Apr-25
MARINA ONE RESIDENCES,MARINA WAY,1,Non-Landed Properties,1,"4,300",60 to 70,600 to 700,Apr-25
MARINA ONE RESIDENCES,MARINA WAY,1,Non-Landed Properties,2,"7,200",100 to 110,"1,100 to 1,200",Apr-25
MARINA ONE RESIDENCES,MARINA WAY,1,Non-Landed Properties,1,"4,500",60 to 70,700 to 800,Apr-25
MARINA ONE RESIDENCES,MARINA WAY,1,Non-Landed Properties,2,"8,000",100 to 110,"1,100 to 1,200",Apr-25
MARINA ONE RESIDENCES,MARINA WAY,1,Non-Landed Properties,2,"7,600",100 to 110,"1,100 to 1,200",Apr-25
MARINA ONE RESIDENCES,MARINA WAY,1,Non-Landed Properties,2,"7,000",90 to 100,"1,000 to 1,100",Apr-25
MARINA ONE RESIDENCES,MARINA WAY,1,Non-Landed Properties,2,"6,900",90 to 100,"1,000 to 1,100",Apr-25
MARINA ONE RESIDENCES,MARINA WAY,1,Non-Landed Properties,3,"10,600",140 to 150,"1,500 to 1,600",Apr-25
MARINA ONE RESIDENCES,MARINA WAY,1,Non-Landed Properties,1,"4,500",70 to 80,700 to 800,Apr-25
MARINA ONE RESIDENCES,MARINA WAY,1,Non-Landed Properties,2,"8,800",100 to 110,"1,100 to 1,200",Apr-25
MARINA ONE RESIDENCES,MARINA WAY,1,Non-Landed Properties,1,"4,300",60 to 70,700 to 800,Apr-25
MARINA ONE RESIDENCES,MARINA WAY,1,Non-Landed Properties,1,"4,600",60 to 70,600 to 700,Apr-25
MARINA ONE RESIDENCES,MARINA WAY,1,Non-Landed Properties,1,"4,600",70 to 80,700 to 800,Apr-25
MARINA ONE RESIDENCES,MARINA WAY,1,Non-Landed Properties,2,"7,900",100 to 110,"1,100 to 1,200",Apr-25
MARINA ONE RESIDENCES,MARINA WAY,1,Non-Landed Properties,2,"9,776",100 to 110,"1,100 to 1,200",Apr-25
MARINA ONE RESIDENCES,MARINA WAY,1,Non-Landed Properties,2,"7,800",100 to 110,"1,100 to 1,200",Apr-25
MARINA ONE RESIDENCES,MARINA WAY,1,Non-Landed Properties,2,"6,600",100 to 110,"1,100 to 1,200",Apr-25
MARINA ONE RESIDENCES,MARINA WAY,1,Non-Landed Properties,1,"4,500",60 to 70,600 to 700,Apr-25
MARINA ONE RESIDENCES,MARINA WAY,1,Non-Landed Properties,1,"5,000",60 to 70,700 to 800,Apr-25
MARINA ONE RESIDENCES,MARINA WAY,1,Non-Landed Properties,4,"18,800",190 to 200,"2,100 to 2,200",Apr-25
MARINA ONE RESIDENCES,MARINA WAY,1,Non-Landed Properties,2,"8,600",100 to 110,"1,100 to 1,200",Apr-25
MARINA ONE RESIDENCES,MARINA WAY,1,Non-Landed Properties,1,"4,800",70 to 80,700 to 800,Apr-25
MARINA ONE RESIDENCES,MARINA WAY,1,Non-Landed Properties,1,"5,000",60 to 70,700 to 800,Apr-25
MARINA ONE RESIDENCES,MARINA WAY,1,Non-Landed Properties,1,"5,000",60 to 70,600 to 700,Apr-25
MARINA ONE RESIDENCES,MARINA WAY,1,Non-Landed Properties,1,"5,000",60 to 70,600 to 700,Apr-25
MARINA ONE RESIDENCES,MARINA WAY,1,Non-Landed Properties,2,"9,000",100 to 110,"1,100 to 1,200",Apr-25
MARINA ONE RESIDENCES,MARINA WAY,1,Non-Landed Properties,1,"4,800",60 to 70,600 to 700,Apr-25
MARINA ONE RESIDENCES,MARINA WAY,1,Non-Landed Properties,1,"5,000",60 to 70,700 to 800,Apr-25
MARINA ONE RESIDENCES,MARINA WAY,1,Non-Landed Properties,2,"6,900",100 to 110,"1,100 to 1,200",Apr-25
MARINA ONE RESIDENCES,MARINA WAY,1,Non-Landed Properties,1,"6,500",60 to 70,700 to 800,Apr-25
THE SAIL @ MARINA BAY,MARINA BOULEVARD,1,Non-Landed Properties,1,"4,200",60 to 70,600 to 700,Apr-25
THE SAIL @ MARINA BAY,MARINA BOULEVARD,1,Non-Landed Properties,1,"4,200",60 to 70,600 to 700,Apr-25
THE SAIL @ MARINA BAY,MARINA BOULEVARD,1,Non-Landed Properties,1,"5,000",50 to 60,600 to 700,Apr-25
THE SAIL @ MARINA BAY,MARINA BOULEVARD,1,Non-Landed Properties,2,"6,800",70 to 80,800 to 900,Apr-25
THE SAIL @ MARINA BAY,MARINA BOULEVARD,1,Non-Landed Properties,1,"4,000",50 to 60,600 to 700,Apr-25
THE SAIL @ MARINA BAY,MARINA BOULEVARD,1,Non-Landed Properties,3,"9,300",140 to 150,"1,500 to 1,600",Apr-25
THE SAIL @ MARINA BAY,MARINA BOULEVARD,1,Non-Landed Properties,3,"7,900",120 to 130,"1,300 to 1,400",Apr-25
THE SAIL @ MARINA BAY,MARINA BOULEVARD,1,Non-Landed Properties,1,"5,000",60 to 70,600 to 700,Apr-25
THE SAIL @ MARINA BAY,MARINA BOULEVARD,1,Non-Landed Properties,1,"5,000",50 to 60,600 to 700,Apr-25
THE SAIL @ MARINA BAY,MARINA BOULEVARD,1,Non-Landed Properties,2,"6,300",70 to 80,800 to 900,Apr-25
THE SAIL @ MARINA BAY,MARINA BOULEVARD,1,Non-Landed Properties,1,"5,000",50 to 60,600 to 700,Apr-25
THE SAIL @ MARINA BAY,MARINA BOULEVARD,1,Non-Landed Properties,1,"4,800",60 to 70,600 to 700,Apr-25
THE SAIL @ MARINA BAY,MARINA BOULEVARD,1,Non-Landed Properties,1,"4,000",50 to 60,600 to 700,Apr-25
THE SAIL @ MARINA BAY,MARINA BOULEVARD,1,Non-Landed Properties,2,"6,000",70 to 80,800 to 900,Apr-25
THE SAIL @ MARINA BAY,MARINA BOULEVARD,1,Non-Landed Properties,2,"5,000",70 to 80,800 to 900,Apr-25
THE SAIL @ MARINA BAY,MARINA BOULEVARD,1,Non-Landed Properties,1,"4,300",60 to 70,600 to 700,Apr-25
THE SAIL @ MARINA BAY,MARINA BOULEVARD,1,Non-Landed Properties,2,"6,000",70 to 80,800 to 900,Apr-25
THE SAIL @ MARINA BAY,MARINA BOULEVARD,1,Non-Landed Properties,2,"6,000",70 to 80,800 to 900,Apr-25
THE SAIL @ MARINA BAY,MARINA BOULEVARD,1,Non-Landed Properties,1,"4,300",50 to 60,600 to 700,Apr-25
THE SAIL @ MARINA BAY,MARINA BOULEVARD,1,Non-Landed Properties,1,"5,100",50 to 60,600 to 700,Apr-25
THE SAIL @ MARINA BAY,MARINA BOULEVARD,1,Non-Landed Properties,2,"7,200",70 to 80,800 to 900,Apr-25
THE SAIL @ MARINA BAY,MARINA BOULEVARD,1,Non-Landed Properties,4,"9,600",150 to 160,"1,600 to 1,700",Apr-25
THE SAIL @ MARINA BAY,MARINA BOULEVARD,1,Non-Landed Properties,3,"8,450",120 to 130,"1,300 to 1,400",Apr-25
THE SAIL @ MARINA BAY,MARINA BOULEVARD,1,Non-Landed Properties,2,"7,900",90 to 100,"1,000 to 1,100",Apr-25
THE SAIL @ MARINA BAY,MARINA BOULEVARD,1,Non-Landed Properties,1,"5,800",60 to 70,600 to 700,Apr-25
THE SAIL @ MARINA BAY,MARINA BOULEVARD,1,Non-Landed Properties,1,"5,300",60 to 70,600 to 700,Apr-25
THE SAIL @ MARINA BAY,MARINA BOULEVARD,1,Non-Landed Properties,3,"8,500",160 to 170,"1,700 to 1,800",Apr-25
THE SAIL @ MARINA BAY,MARINA BOULEVARD,1,Non-Landed Properties,1,"5,000",60 to 70,600 to 700,Apr-25
THE SAIL @ MARINA BAY,MARINA BOULEVARD,1,Non-Landed Properties,2,"6,000",80 to 90,800 to 900,Apr-25
THE SAIL @ MARINA BAY,MARINA BOULEVARD,1,Non-Landed Properties,1,"4,600",60 to 70,600 to 700,Apr-25
THE SAIL @ MARINA BAY,MARINA BOULEVARD,1,Non-Landed Properties,4,"12,500",190 to 200,"2,100 to 2,200",Apr-25
THE SAIL @ MARINA BAY,MARINA BOULEVARD,1,Non-Landed Properties,2,"8,000",90 to 100,"1,000 to 1,100",Apr-25
THE SAIL @ MARINA BAY,MARINA BOULEVARD,1,Non-Landed Properties,3,"8,000",100 to 110,"1,100 to 1,200",Apr-25
THE SAIL @ MARINA BAY,MARINA BOULEVARD,1,Non-Landed Properties,1,"4,100",60 to 70,600 to 700,Apr-25
THE SAIL @ MARINA BAY,MARINA BOULEVARD,1,Non-Landed Properties,2,"7,000",90 to 100,"1,000 to 1,100",Apr-25
THE SAIL @ MARINA BAY,MARINA BOULEVARD,1,Non-Landed Properties,1,"4,080",60 to 70,600 to 700,Apr-25
THE SAIL @ MARINA BAY,MARINA BOULEVARD,1,Non-Landed Properties,2,"6,700",80 to 90,800 to 900,Apr-25
THE SAIL @ MARINA BAY,MARINA BOULEVARD,1,Non-Landed Properties,2,"7,000",80 to 90,"900 to 1,000",Apr-25
THE SAIL @ MARINA BAY,MARINA BOULEVARD,1,Non-Landed Properties,2,"5,000",80 to 90,800 to 900,Apr-25
THE SAIL @ MARINA BAY,MARINA BOULEVARD,1,Non-Landed Properties,2,"7,650",80 to 90,800 to 900,Apr-25
THE SAIL @ MARINA BAY,MARINA BOULEVARD,1,Non-Landed Properties,2,"6,700",80 to 90,800 to 900,Apr-25
THE SAIL @ MARINA BAY,MARINA BOULEVARD,1,Non-Landed Properties,3,"8,100",100 to 110,"1,100 to 1,200",Apr-25
THE SAIL @ MARINA BAY,MARINA BOULEVARD,1,Non-Landed Properties,3,"8,000",100 to 110,"1,100 to 1,200",Apr-25
THE SAIL @ MARINA BAY,MARINA BOULEVARD,1,Non-Landed Properties,1,"3,600",50 to 60,500 to 600,Apr-25
THE SAIL @ MARINA BAY,MARINA BOULEVARD,1,Non-Landed Properties,3,"8,300",100 to 110,"1,100 to 1,200",Apr-25
THE SAIL @ MARINA BAY,MARINA BOULEVARD,1,Non-Landed Properties,2,"7,400",90 to 100,"1,000 to 1,100",Apr-25
THE SAIL @ MARINA BAY,MARINA BOULEVARD,1,Non-Landed Properties,1,"5,500",60 to 70,600 to 700,Apr-25
THE SAIL @ MARINA BAY,MARINA BOULEVARD,1,Non-Landed Properties,2,"5,500",80 to 90,800 to 900,Apr-25
THE SAIL @ MARINA BAY,MARINA BOULEVARD,1,Non-Landed Properties,3,"9,500",140 to 150,"1,500 to 1,600",Apr-25
THE SAIL @ MARINA BAY,MARINA BOULEVARD,1,Non-Landed Properties,1,"5,000",50 to 60,500 to 600,Apr-25
THE SAIL @ MARINA BAY,MARINA BOULEVARD,1,Non-Landed Properties,2,"8,000",120 to 130,"1,300 to 1,400",Apr-25
THE SAIL @ MARINA BAY,MARINA BOULEVARD,1,Non-Landed Properties,2,"3,300",80 to 90,800 to 900,Apr-25
THE SAIL @ MARINA BAY,MARINA BOULEVARD,1,Non-Landed Properties,1,"4,900",50 to 60,500 to 600,Apr-25
THE SAIL @ MARINA BAY,MARINA BOULEVARD,1,Non-Landed Properties,2,"5,600",80 to 90,800 to 900,Apr-25
THE SAIL @ MARINA BAY,MARINA BOULEVARD,1,Non-Landed Properties,1,"4,800",60 to 70,600 to 700,Apr-25
THE SAIL @ MARINA BAY,MARINA BOULEVARD,1,Non-Landed Properties,2,"7,200",80 to 90,"900 to 1,000",Apr-25
THE SAIL @ MARINA BAY,MARINA BOULEVARD,1,Non-Landed Properties,3,"7,500",100 to 110,"1,100 to 1,200",Apr-25
THE SAIL @ MARINA BAY,MARINA BOULEVARD,1,Non-Landed Properties,4,"11,800",180 to 190,"2,000 to 2,100",Apr-25
THE SAIL @ MARINA BAY,MARINA BOULEVARD,1,Non-Landed Properties,2,"8,000",90 to 100,"1,000 to 1,100",Apr-25
THE SAIL @ MARINA BAY,MARINA BOULEVARD,1,Non-Landed Properties,2,"5,400",80 to 90,800 to 900,Apr-25
PEOPLE'S PARK CENTRE,UPPER CROSS STREET,1,Non-Landed Properties,3,"4,800",140 to 150,"1,500 to 1,600",Apr-25
V ON SHENTON,SHENTON WAY,1,Non-Landed Properties,2,"6,700",100 to 110,"1,100 to 1,200",Apr-25
V ON SHENTON,SHENTON WAY,1,Non-Landed Properties,1,"4,200",60 to 70,600 to 700,Apr-25
V ON SHENTON,SHENTON WAY,1,Non-Landed Properties,1,"4,900",60 to 70,700 to 800,Apr-25
V ON SHENTON,SHENTON WAY,1,Non-Landed Properties,3,"12,000",160 to 170,"1,700 to 1,800",Apr-25
V ON SHENTON,SHENTON WAY,1,Non-Landed Properties,2,"6,600",100 to 110,"1,100 to 1,200",Apr-25
V ON SHENTON,SHENTON WAY,1,Non-Landed Properties,1,"5,000",60 to 70,700 to 800,Apr-25
V ON SHENTON,SHENTON WAY,1,Non-Landed Properties,NA,"3,600",40 to 50,400 to 500,Apr-25
V ON SHENTON,SHENTON WAY,1,Non-Landed Properties,2,"6,500",110 to 120,"1,200 to 1,300",Apr-25
V ON SHENTON,SHENTON WAY,1,Non-Landed Properties,2,"6,000",100 to 110,"1,000 to 1,100",Apr-25
V ON SHENTON,SHENTON WAY,1,Non-Landed Properties,2,"5,800",90 to 100,"1,000 to 1,100",Apr-25
V ON SHENTON,SHENTON WAY,1,Non-Landed Properties,2,"6,700",80 to 90,"900 to 1,000",Apr-25
V ON SHENTON,SHENTON WAY,1,Non-Landed Properties,2,"6,300",80 to 90,"900 to 1,000",Apr-25
V ON SHENTON,SHENTON WAY,1,Non-Landed Properties,1,"4,350",60 to 70,700 to 800,Apr-25
V ON SHENTON,SHENTON WAY,1,Non-Landed Properties,1,"5,000",60 to 70,700 to 800,Apr-25
V ON SHENTON,SHENTON WAY,1,Non-Landed Properties,1,"4,100",40 to 50,500 to 600,Apr-25
V ON SHENTON,SHENTON WAY,1,Non-Landed Properties,1,"4,500",60 to 70,700 to 800,Apr-25
V ON SHENTON,SHENTON WAY,1,Non-Landed Properties,NA,"3,500",40 to 50,400 to 500,Apr-25
V ON SHENTON,SHENTON WAY,1,Non-Landed Properties,3,"8,800",120 to 130,"1,300 to 1,400",Apr-25
V ON SHENTON,SHENTON WAY,1,Non-Landed Properties,2,"6,000",100 to 110,"1,100 to 1,200",Apr-25
V ON SHENTON,SHENTON WAY,1,Non-Landed Properties,1,"4,600",60 to 70,700 to 800,Apr-25
V ON SHENTON,SHENTON WAY,1,Non-Landed Properties,NA,"3,400",40 to 50,400 to 500,Apr-25
V ON SHENTON,SHENTON WAY,1,Non-Landed Properties,2,"6,150",90 to 100,"1,000 to 1,100",Apr-25
V ON SHENTON,SHENTON WAY,1,Non-Landed Properties,NA,"3,500",40 to 50,400 to 500,Apr-25
ROBINSON SUITES,ROBINSON ROAD,1,Non-Landed Properties,2,"3,900",50 to 60,600 to 700,Apr-25
ROBINSON SUITES,ROBINSON ROAD,1,Non-Landed Properties,2,"4,100",50 to 60,600 to 700,Apr-25
ROBINSON SUITES,ROBINSON ROAD,1,Non-Landed Properties,1,"3,500",40 to 50,400 to 500,Apr-25
ROBINSON SUITES,ROBINSON ROAD,1,Non-Landed Properties,1,"3,600",40 to 50,500 to 600,Apr-25
ROBINSON SUITES,ROBINSON ROAD,1,Non-Landed Properties,1,"3,800",40 to 50,400 to 500,Apr-25
ROBINSON SUITES,ROBINSON ROAD,1,Non-Landed Properties,2,"4,500",50 to 60,600 to 700,Apr-25
ROBINSON SUITES,ROBINSON ROAD,1,Non-Landed Properties,1,"3,600",40 to 50,400 to 500,Apr-25
ROBINSON SUITES,ROBINSON ROAD,1,Non-Landed Properties,1,"4,000",40 to 50,400 to 500,Apr-25
ROBINSON SUITES,ROBINSON ROAD,1,Non-Landed Properties,2,"3,900",50 to 60,600 to 700,Apr-25
ROBINSON SUITES,ROBINSON ROAD,1,Non-Landed Properties,1,"3,800",40 to 50,400 to 500,Apr-25
ROBINSON SUITES,ROBINSON ROAD,1,Non-Landed Properties,2,"4,500",50 to 60,600 to 700,Apr-25
MARINA BAY SUITES,CENTRAL BOULEVARD,1,Non-Landed Properties,3,"9,900",140 to 150,"1,600 to 1,700",Apr-25
MARINA BAY SUITES,CENTRAL BOULEVARD,1,Non-Landed Properties,3,"9,000",140 to 150,"1,600 to 1,700",Apr-25
MARINA BAY SUITES,CENTRAL BOULEVARD,1,Non-Landed Properties,4,"16,500",240 to 250,"2,600 to 2,700",Apr-25
MARINA BAY SUITES,CENTRAL BOULEVARD,1,Non-Landed Properties,4,"16,500",240 to 250,"2,600 to 2,700",Apr-25
MARINA BAY SUITES,CENTRAL BOULEVARD,1,Non-Landed Properties,3,"9,500",150 to 160,"1,600 to 1,700",Apr-25
RIVERWALK APARTMENTS,UPPER CIRCULAR ROAD,1,Non-Landed Properties,2,"5,800",110 to 120,"1,200 to 1,300",Apr-25
RIVERWALK APARTMENTS,UPPER CIRCULAR ROAD,1,Non-Landed Properties,2,"6,000",110 to 120,"1,200 to 1,300",Apr-25
RIVERWALK APARTMENTS,UPPER CIRCULAR ROAD,1,Non-Landed Properties,3,"7,300",140 to 150,"1,600 to 1,700",Apr-25
RIVERWALK APARTMENTS,UPPER CIRCULAR ROAD,1,Non-Landed Properties,2,"6,000",110 to 120,"1,200 to 1,300",Apr-25
MARINA BAY RESIDENCES,MARINA BOULEVARD,1,Non-Landed Properties,1,"6,800",60 to 70,700 to 800,Apr-25
MARINA BAY RESIDENCES,MARINA BOULEVARD,1,Non-Landed Properties,1,"6,500",60 to 70,700 to 800,Apr-25
MARINA BAY RESIDENCES,MARINA BOULEVARD,1,Non-Landed Properties,2,"8,800",100 to 110,"1,100 to 1,200",Apr-25
MARINA BAY RESIDENCES,MARINA BOULEVARD,1,Non-Landed Properties,2,"8,300",110 to 120,"1,200 to 1,300",Apr-25
MARINA BAY RESIDENCES,MARINA BOULEVARD,1,Non-Landed Properties,3,"11,000",150 to 160,"1,600 to 1,700",Apr-25
MARINA BAY RESIDENCES,MARINA BOULEVARD,1,Non-Landed Properties,2,"7,800",90 to 100,"1,000 to 1,100",Apr-25
MARINA BAY RESIDENCES,MARINA BOULEVARD,1,Non-Landed Properties,4,"18,000",210 to 220,"2,300 to 2,400",Apr-25
MARINA BAY RESIDENCES,MARINA BOULEVARD,1,Non-Landed Properties,1,"5,700",60 to 70,700 to 800,Apr-25
MARINA BAY RESIDENCES,MARINA BOULEVARD,1,Non-Landed Properties,2,"11,000",110 to 120,"1,200 to 1,300",Apr-25
MARINA BAY RESIDENCES,MARINA BOULEVARD,1,Non-Landed Properties,1,"6,300",60 to 70,700 to 800,Apr-25
MARINA BAY RESIDENCES,MARINA BOULEVARD,1,Non-Landed Properties,2,"7,800",90 to 100,"1,000 to 1,100",Apr-25
MARINA BAY RESIDENCES,MARINA BOULEVARD,1,Non-Landed Properties,2,"8,300",90 to 100,"1,000 to 1,100",Apr-25
MARINA BAY RESIDENCES,MARINA BOULEVARD,1,Non-Landed Properties,2,"7,000",90 to 100,"1,000 to 1,100",Apr-25
MARINA BAY RESIDENCES,MARINA BOULEVARD,1,Non-Landed Properties,1,"5,500",60 to 70,700 to 800,Apr-25
MARINA BAY RESIDENCES,MARINA BOULEVARD,1,Non-Landed Properties,1,"5,200",60 to 70,700 to 800,Apr-25
MARINA BAY RESIDENCES,MARINA BOULEVARD,1,Non-Landed Properties,2,"7,400",90 to 100,"1,000 to 1,100",Apr-25
MARINA BAY RESIDENCES,MARINA BOULEVARD,1,Non-Landed Properties,2,"9,000",110 to 120,"1,200 to 1,300",Apr-25
MARINA BAY RESIDENCES,MARINA BOULEVARD,1,Non-Landed Properties,3,"12,800",150 to 160,"1,600 to 1,700",Apr-25
MARINA BAY RESIDENCES,MARINA BOULEVARD,1,Non-Landed Properties,2,"7,800",90 to 100,"900 to 1,000",Apr-25
MARINA BAY RESIDENCES,MARINA BOULEVARD,1,Non-Landed Properties,3,"16,300",180 to 190,"1,900 to 2,000",Apr-25
MARINA BAY RESIDENCES,MARINA BOULEVARD,1,Non-Landed Properties,1,"6,000",60 to 70,700 to 800,Apr-25
MARINA BAY RESIDENCES,MARINA BOULEVARD,1,Non-Landed Properties,2,"9,250",90 to 100,"1,000 to 1,100",Apr-25
MARINA BAY RESIDENCES,MARINA BOULEVARD,1,Non-Landed Properties,2,"7,800",100 to 110,"1,100 to 1,200",Apr-25
THE CLIFT,MCCALLUM STREET,1,Non-Landed Properties,2,"5,700",70 to 80,700 to 800,Mar-25
THE CLIFT,MCCALLUM STREET,1,Non-Landed Properties,2,"4,500",70 to 80,700 to 800,Mar-25
THE CLIFT,MCCALLUM STREET,1,Non-Landed Properties,1,"4,000",40 to 50,500 to 600,Mar-25
THE CLIFT,MCCALLUM STREET,1,Non-Landed Properties,1,"5,100",70 to 80,700 to 800,Mar-25
THE CLIFT,MCCALLUM STREET,1,Non-Landed Properties,1,"5,500",70 to 80,700 to 800,Mar-25
THE CLIFT,MCCALLUM STREET,1,Non-Landed Properties,1,"4,000",40 to 50,500 to 600,Mar-25
THE CLIFT,MCCALLUM STREET,1,Non-Landed Properties,1,"4,000",40 to 50,500 to 600,Mar-25
THE CLIFT,MCCALLUM STREET,1,Non-Landed Properties,2,"5,400",70 to 80,800 to 900,Mar-25
THE CLIFT,MCCALLUM STREET,1,Non-Landed Properties,1,"4,200",40 to 50,400 to 500,Mar-25
THE CLIFT,MCCALLUM STREET,1,Non-Landed Properties,1,"4,200",40 to 50,500 to 600,Mar-25
THE CLIFT,MCCALLUM STREET,1,Non-Landed Properties,1,"5,550",70 to 80,700 to 800,Mar-25
THE CLIFT,MCCALLUM STREET,1,Non-Landed Properties,1,"4,200",40 to 50,500 to 600,Mar-25
THE CLIFT,MCCALLUM STREET,1,Non-Landed Properties,1,"5,500",70 to 80,700 to 800,Mar-25
ONE SHENTON,SHENTON WAY,1,Non-Landed Properties,1,"4,200",50 to 60,600 to 700,Mar-25
ONE SHENTON,SHENTON WAY,1,Non-Landed Properties,1,"4,200",40 to 50,500 to 600,Mar-25
ONE SHENTON,SHENTON WAY,1,Non-Landed Properties,2,"6,100",100 to 110,"1,100 to 1,200",Mar-25
ONE SHENTON,SHENTON WAY,1,Non-Landed Properties,2,"5,600",100 to 110,"1,000 to 1,100",Mar-25
ONE SHENTON,SHENTON WAY,1,Non-Landed Properties,1,"4,300",50 to 60,500 to 600,Mar-25
ONE SHENTON,SHENTON WAY,1,Non-Landed Properties,4,"10,600",160 to 170,"1,800 to 1,900",Mar-25
ONE SHENTON,SHENTON WAY,1,Non-Landed Properties,1,"4,400",50 to 60,500 to 600,Mar-25
ONE SHENTON,SHENTON WAY,1,Non-Landed Properties,4,"45,000",>300,>3000,Mar-25
ONE SHENTON,SHENTON WAY,1,Non-Landed Properties,1,"4,150",50 to 60,600 to 700,Mar-25
ONE SHENTON,SHENTON WAY,1,Non-Landed Properties,3,"9,000",140 to 150,"1,600 to 1,700",Mar-25
ONE SHENTON,SHENTON WAY,1,Non-Landed Properties,3,"9,000",140 to 150,"1,500 to 1,600",Mar-25
ONE SHENTON,SHENTON WAY,1,Non-Landed Properties,1,"4,000",40 to 50,500 to 600,Mar-25
ONE SHENTON,SHENTON WAY,1,Non-Landed Properties,2,"8,000",110 to 120,"1,200 to 1,300",Mar-25
ONE SHENTON,SHENTON WAY,1,Non-Landed Properties,3,"7,500",130 to 140,"1,400 to 1,500",Mar-25
ONE SHENTON,SHENTON WAY,1,Non-Landed Properties,1,"5,000",50 to 60,500 to 600,Mar-25
PEOPLE'S PARK COMPLEX,PARK ROAD,1,Non-Landed Properties,3,"4,500",100 to 110,"1,100 to 1,200",Mar-25
PEOPLE'S PARK COMPLEX,PARK ROAD,1,Non-Landed Properties,NA,"5,000",100 to 110,"1,100 to 1,200",Mar-25
PEOPLE'S PARK COMPLEX,PARK ROAD,1,Non-Landed Properties,3,"3,600",100 to 110,"1,100 to 1,200",Mar-25
PEOPLE'S PARK COMPLEX,PARK ROAD,1,Non-Landed Properties,1,"2,800",30 to 40,400 to 500,Mar-25
PEOPLE'S PARK COMPLEX,PARK ROAD,1,Non-Landed Properties,3,"6,500",100 to 110,"1,100 to 1,200",Mar-25
EMERALD GARDEN,CLUB STREET,1,Non-Landed Properties,2,"5,500",90 to 100,"1,000 to 1,100",Mar-25
EMERALD GARDEN,CLUB STREET,1,Non-Landed Properties,3,"5,700",110 to 120,"1,200 to 1,300",Mar-25
EMERALD GARDEN,CLUB STREET,1,Non-Landed Properties,1,"4,900",80 to 90,"900 to 1,000",Mar-25
EMERALD GARDEN,CLUB STREET,1,Non-Landed Properties,1,"4,250",70 to 80,800 to 900,Mar-25
EMERALD GARDEN,CLUB STREET,1,Non-Landed Properties,1,"4,900",70 to 80,800 to 900,Mar-25
EMERALD GARDEN,CLUB STREET,1,Non-Landed Properties,2,"5,300",80 to 90,"900 to 1,000",Mar-25
EMERALD GARDEN,CLUB STREET,1,Non-Landed Properties,3,"6,000",110 to 120,"1,200 to 1,300",Mar-25
EMERALD GARDEN,CLUB STREET,1,Non-Landed Properties,2,"5,300",80 to 90,"900 to 1,000",Mar-25
EMERALD GARDEN,CLUB STREET,1,Non-Landed Properties,2,"5,100",90 to 100,"900 to 1,000",Mar-25
EMERALD GARDEN,CLUB STREET,1,Non-Landed Properties,2,"6,000",90 to 100,"1,000 to 1,100",Mar-25
EMERALD GARDEN,CLUB STREET,1,Non-Landed Properties,1,"5,000",90 to 100,"1,000 to 1,100",Mar-25
EMERALD GARDEN,CLUB STREET,1,Non-Landed Properties,2,"5,700",90 to 100,"900 to 1,000",Mar-25
MARINA ONE RESIDENCES,MARINA WAY,1,Non-Landed Properties,4,"34,000",>300,>3000,Mar-25
MARINA ONE RESIDENCES,MARINA WAY,1,Non-Landed Properties,2,"7,300",100 to 110,"1,100 to 1,200",Mar-25
MARINA ONE RESIDENCES,MARINA WAY,1,Non-Landed Properties,2,"7,000",100 to 110,"1,100 to 1,200",Mar-25
MARINA ONE RESIDENCES,MARINA WAY,1,Non-Landed Properties,1,"5,500",60 to 70,600 to 700,Mar-25
MARINA ONE RESIDENCES,MARINA WAY,1,Non-Landed Properties,3,"9,500",140 to 150,"1,500 to 1,600",Mar-25
MARINA ONE RESIDENCES,MARINA WAY,1,Non-Landed Properties,1,"4,500",60 to 70,600 to 700,Mar-25
MARINA ONE RESIDENCES,MARINA WAY,1,Non-Landed Properties,1,"4,000",60 to 70,600 to 700,Mar-25
MARINA ONE RESIDENCES,MARINA WAY,1,Non-Landed Properties,1,"4,500",60 to 70,700 to 800,Mar-25
MARINA ONE RESIDENCES,MARINA WAY,1,Non-Landed Properties,1,"4,000",60 to 70,700 to 800,Mar-25
MARINA ONE RESIDENCES,MARINA WAY,1,Non-Landed Properties,2,"7,400",100 to 110,"1,100 to 1,200",Mar-25
MARINA ONE RESIDENCES,MARINA WAY,1,Non-Landed Properties,3,"10,600",130 to 140,"1,500 to 1,600",Mar-25
MARINA ONE RESIDENCES,MARINA WAY,1,Non-Landed Properties,4,"13,000",200 to 210,"2,100 to 2,200",Mar-25
MARINA ONE RESIDENCES,MARINA WAY,1,Non-Landed Properties,3,"10,300",140 to 150,"1,500 to 1,600",Mar-25
MARINA ONE RESIDENCES,MARINA WAY,1,Non-Landed Properties,1,"4,800",60 to 70,700 to 800,Mar-25
MARINA ONE RESIDENCES,MARINA WAY,1,Non-Landed Properties,1,"4,600",60 to 70,600 to 700,Mar-25
MARINA ONE RESIDENCES,MARINA WAY,1,Non-Landed Properties,1,"5,000",60 to 70,600 to 700,Mar-25
MARINA ONE RESIDENCES,MARINA WAY,1,Non-Landed Properties,1,"4,550",60 to 70,700 to 800,Mar-25
MARINA ONE RESIDENCES,MARINA WAY,1,Non-Landed Properties,2,"6,500",100 to 110,"1,100 to 1,200",Mar-25
MARINA ONE RESIDENCES,MARINA WAY,1,Non-Landed Properties,1,"5,000",60 to 70,700 to 800,Mar-25
MARINA ONE RESIDENCES,MARINA WAY,1,Non-Landed Properties,1,"4,900",60 to 70,700 to 800,Mar-25
MARINA ONE RESIDENCES,MARINA WAY,1,Non-Landed Properties,1,"4,500",60 to 70,700 to 800,Mar-25
MARINA ONE RESIDENCES,MARINA WAY,1,Non-Landed Properties,2,"7,800",100 to 110,"1,100 to 1,200",Mar-25
MARINA ONE RESIDENCES,MARINA WAY,1,Non-Landed Properties,1,"4,700",60 to 70,700 to 800,Mar-25
MARINA ONE RESIDENCES,MARINA WAY,1,Non-Landed Properties,1,"4,700",60 to 70,600 to 700,Mar-25
MARINA ONE RESIDENCES,MARINA WAY,1,Non-Landed Properties,1,"4,400",60 to 70,700 to 800,Mar-25
MARINA ONE RESIDENCES,MARINA WAY,1,Non-Landed Properties,3,"10,500",140 to 150,"1,500 to 1,600",Mar-25
MARINA ONE RESIDENCES,MARINA WAY,1,Non-Landed Properties,1,"5,000",60 to 70,700 to 800,Mar-25
MARINA ONE RESIDENCES,MARINA WAY,1,Non-Landed Properties,3,"9,700",140 to 150,"1,500 to 1,600",Mar-25
MARINA ONE RESIDENCES,MARINA WAY,1,Non-Landed Properties,1,"4,250",60 to 70,700 to 800,Mar-25
MARINA ONE RESIDENCES,MARINA WAY,1,Non-Landed Properties,3,"9,800",140 to 150,"1,500 to 1,600",Mar-25
MARINA ONE RESIDENCES,MARINA WAY,1,Non-Landed Properties,2,"7,500",100 to 110,"1,100 to 1,200",Mar-25
MARINA ONE RESIDENCES,MARINA WAY,1,Non-Landed Properties,1,"4,600",60 to 70,600 to 700,Mar-25
MARINA ONE RESIDENCES,MARINA WAY,1,Non-Landed Properties,2,"7,200",90 to 100,"1,000 to 1,100",Mar-25
MARINA ONE RESIDENCES,MARINA WAY,1,Non-Landed Properties,2,"7,000",100 to 110,"1,100 to 1,200",Mar-25
MARINA ONE RESIDENCES,MARINA WAY,1,Non-Landed Properties,2,"7,800",100 to 110,"1,100 to 1,200",Mar-25
MARINA ONE RESIDENCES,MARINA WAY,1,Non-Landed Properties,1,"5,000",70 to 80,700 to 800,Mar-25
THE SAIL @ MARINA BAY,MARINA BOULEVARD,1,Non-Landed Properties,2,"6,500",70 to 80,800 to 900,Mar-25
THE SAIL @ MARINA BAY,MARINA BOULEVARD,1,Non-Landed Properties,1,"5,000",60 to 70,600 to 700,Mar-25
THE SAIL @ MARINA BAY,MARINA BOULEVARD,1,Non-Landed Properties,2,"6,000",70 to 80,800 to 900,Mar-25
THE SAIL @ MARINA BAY,MARINA BOULEVARD,1,Non-Landed Properties,1,"4,400",60 to 70,600 to 700,Mar-25
THE SAIL @ MARINA BAY,MARINA BOULEVARD,1,Non-Landed Properties,2,"5,800",70 to 80,800 to 900,Mar-25
THE SAIL @ MARINA BAY,MARINA BOULEVARD,1,Non-Landed Properties,2,"6,000",80 to 90,"900 to 1,000",Mar-25
THE SAIL @ MARINA BAY,MARINA BOULEVARD,1,Non-Landed Properties,1,"5,200",50 to 60,600 to 700,Mar-25
THE SAIL @ MARINA BAY,MARINA BOULEVARD,1,Non-Landed Properties,2,"8,300",90 to 100,"1,000 to 1,100",Mar-25
THE SAIL @ MARINA BAY,MARINA BOULEVARD,1,Non-Landed Properties,1,"4,400",60 to 70,600 to 700,Mar-25
THE SAIL @ MARINA BAY,MARINA BOULEVARD,1,Non-Landed Properties,1,"4,000",60 to 70,600 to 700,Mar-25
THE SAIL @ MARINA BAY,MARINA BOULEVARD,1,Non-Landed Properties,1,"4,100",50 to 60,500 to 600,Mar-25
THE SAIL @ MARINA BAY,MARINA BOULEVARD,1,Non-Landed Properties,3,"8,000",100 to 110,"1,100 to 1,200",Mar-25
THE SAIL @ MARINA BAY,MARINA BOULEVARD,1,Non-Landed Properties,2,"6,400",80 to 90,"900 to 1,000",Mar-25
THE SAIL @ MARINA BAY,MARINA BOULEVARD,1,Non-Landed Properties,2,"6,200",80 to 90,800 to 900,Mar-25
THE SAIL @ MARINA BAY,MARINA BOULEVARD,1,Non-Landed Properties,1,"4,000",50 to 60,500 to 600,Mar-25
THE SAIL @ MARINA BAY,MARINA BOULEVARD,1,Non-Landed Properties,2,"6,600",80 to 90,800 to 900,Mar-25
THE SAIL @ MARINA BAY,MARINA BOULEVARD,1,Non-Landed Properties,2,"6,500",80 to 90,800 to 900,Mar-25
THE SAIL @ MARINA BAY,MARINA BOULEVARD,1,Non-Landed Properties,1,"5,300",60 to 70,600 to 700,Mar-25
THE SAIL @ MARINA BAY,MARINA BOULEVARD,1,Non-Landed Properties,1,"4,150",50 to 60,500 to 600,Mar-25
THE SAIL @ MARINA BAY,MARINA BOULEVARD,1,Non-Landed Properties,2,"8,300",80 to 90,"900 to 1,000",Mar-25
THE SAIL @ MARINA BAY,MARINA BOULEVARD,1,Non-Landed Properties,2,"6,400",80 to 90,"900 to 1,000",Mar-25
THE SAIL @ MARINA BAY,MARINA BOULEVARD,1,Non-Landed Properties,1,"4,600",60 to 70,600 to 700,Mar-25
THE SAIL @ MARINA BAY,MARINA BOULEVARD,1,Non-Landed Properties,1,"4,700",60 to 70,600 to 700,Mar-25
THE SAIL @ MARINA BAY,MARINA BOULEVARD,1,Non-Landed Properties,1,"4,200",50 to 60,500 to 600,Mar-25
THE SAIL @ MARINA BAY,MARINA BOULEVARD,1,Non-Landed Properties,1,"4,200",50 to 60,500 to 600,Mar-25
THE SAIL @ MARINA BAY,MARINA BOULEVARD,1,Non-Landed Properties,1,"4,000",60 to 70,600 to 700,Mar-25
THE SAIL @ MARINA BAY,MARINA BOULEVARD,1,Non-Landed Properties,1,"4,000",50 to 60,500 to 600,Mar-25
THE SAIL @ MARINA BAY,MARINA BOULEVARD,1,Non-Landed Properties,1,"4,000",50 to 60,500 to 600,Mar-25
THE SAIL @ MARINA BAY,MARINA BOULEVARD,1,Non-Landed Properties,2,"7,000",80 to 90,800 to 900,Mar-25
THE SAIL @ MARINA BAY,MARINA BOULEVARD,1,Non-Landed Properties,1,"4,400",60 to 70,600 to 700,Mar-25
THE SAIL @ MARINA BAY,MARINA BOULEVARD,1,Non-Landed Properties,3,"7,400",100 to 110,"1,100 to 1,200",Mar-25
THE SAIL @ MARINA BAY,MARINA BOULEVARD,1,Non-Landed Properties,1,"4,400",60 to 70,600 to 700,Mar-25
THE SAIL @ MARINA BAY,MARINA BOULEVARD,1,Non-Landed Properties,2,"5,600",80 to 90,800 to 900,Mar-25
THE SAIL @ MARINA BAY,MARINA BOULEVARD,1,Non-Landed Properties,1,"4,200",50 to 60,500 to 600,Mar-25
THE SAIL @ MARINA BAY,MARINA BOULEVARD,1,Non-Landed Properties,2,"6,200",80 to 90,800 to 900,Mar-25
THE SAIL @ MARINA BAY,MARINA BOULEVARD,1,Non-Landed Properties,1,"5,000",60 to 70,600 to 700,Mar-25
THE SAIL @ MARINA BAY,MARINA BOULEVARD,1,Non-Landed Properties,1,"5,200",60 to 70,600 to 700,Mar-25
THE SAIL @ MARINA BAY,MARINA BOULEVARD,1,Non-Landed Properties,1,"4,800",60 to 70,600 to 700,Mar-25
THE SAIL @ MARINA BAY,MARINA BOULEVARD,1,Non-Landed Properties,2,"6,800",90 to 100,"1,000 to 1,100",Mar-25
THE RIVERSIDE PIAZZA,KENG CHEOW STREET,1,Non-Landed Properties,2,"4,600",90 to 100,"1,000 to 1,100",Mar-25
THE RIVERSIDE PIAZZA,KENG CHEOW STREET,1,Non-Landed Properties,2,"4,100",90 to 100,"1,000 to 1,100",Mar-25
THE RIVERSIDE PIAZZA,KENG CHEOW STREET,1,Non-Landed Properties,2,"4,150",80 to 90,"900 to 1,000",Mar-25
THE RIVERSIDE PIAZZA,KENG CHEOW STREET,1,Non-Landed Properties,2,"4,550",90 to 100,"1,000 to 1,100",Mar-25
PEOPLE'S PARK CENTRE,UPPER CROSS STREET,1,Non-Landed Properties,3,"2,900",140 to 150,"1,500 to 1,600",Mar-25
V ON SHENTON,SHENTON WAY,1,Non-Landed Properties,2,"6,100",80 to 90,"900 to 1,000",Mar-25
V ON SHENTON,SHENTON WAY,1,Non-Landed Properties,NA,"3,850",40 to 50,400 to 500,Mar-25
V ON SHENTON,SHENTON WAY,1,Non-Landed Properties,1,"3,500",40 to 50,400 to 500,Mar-25
V ON SHENTON,SHENTON WAY,1,Non-Landed Properties,2,"6,500",100 to 110,"1,000 to 1,100",Mar-25
V ON SHENTON,SHENTON WAY,1,Non-Landed Properties,1,"5,200",60 to 70,700 to 800,Mar-25
V ON SHENTON,SHENTON WAY,1,Non-Landed Properties,2,"8,000",110 to 120,"1,200 to 1,300",Mar-25
V ON SHENTON,SHENTON WAY,1,Non-Landed Properties,NA,"3,800",40 to 50,400 to 500,Mar-25
V ON SHENTON,SHENTON WAY,1,Non-Landed Properties,NA,"3,800",40 to 50,400 to 500,Mar-25
V ON SHENTON,SHENTON WAY,1,Non-Landed Properties,2,"6,000",90 to 100,"1,000 to 1,100",Mar-25
V ON SHENTON,SHENTON WAY,1,Non-Landed Properties,2,"6,800",100 to 110,"1,000 to 1,100",Mar-25
V ON SHENTON,SHENTON WAY,1,Non-Landed Properties,1,"4,300",40 to 50,500 to 600,Mar-25
V ON SHENTON,SHENTON WAY,1,Non-Landed Properties,NA,"3,100",40 to 50,400 to 500,Mar-25
V ON SHENTON,SHENTON WAY,1,Non-Landed Properties,3,"13,500",160 to 170,"1,700 to 1,800",Mar-25
V ON SHENTON,SHENTON WAY,1,Non-Landed Properties,3,"9,250",160 to 170,"1,700 to 1,800",Mar-25
V ON SHENTON,SHENTON WAY,1,Non-Landed Properties,2,"6,500",80 to 90,800 to 900,Mar-25
V ON SHENTON,SHENTON WAY,1,Non-Landed Properties,2,"7,500",110 to 120,"1,200 to 1,300",Mar-25
V ON SHENTON,SHENTON WAY,1,Non-Landed Properties,1,"4,300",60 to 70,700 to 800,Mar-25
V ON SHENTON,SHENTON WAY,1,Non-Landed Properties,1,"3,600",40 to 50,400 to 500,Mar-25
V ON SHENTON,SHENTON WAY,1,Non-Landed Properties,NA,"3,250",40 to 50,400 to 500,Mar-25
V ON SHENTON,SHENTON WAY,1,Non-Landed Properties,1,"4,200",60 to 70,600 to 700,Mar-25
V ON SHENTON,SHENTON WAY,1,Non-Landed Properties,1,"3,500",40 to 50,400 to 500,Mar-25
ROBINSON SUITES,ROBINSON ROAD,1,Non-Landed Properties,2,"4,100",50 to 60,600 to 700,Mar-25
ROBINSON SUITES,ROBINSON ROAD,1,Non-Landed Properties,1,"3,500",40 to 50,400 to 500,Mar-25
ROBINSON SUITES,ROBINSON ROAD,1,Non-Landed Properties,2,"4,000",50 to 60,600 to 700,Mar-25
ROBINSON SUITES,ROBINSON ROAD,1,Non-Landed Properties,1,"3,400",40 to 50,400 to 500,Mar-25
ROBINSON SUITES,ROBINSON ROAD,1,Non-Landed Properties,1,"3,900",40 to 50,500 to 600,Mar-25
ROBINSON SUITES,ROBINSON ROAD,1,Non-Landed Properties,1,"3,500",40 to 50,400 to 500,Mar-25
ROBINSON SUITES,ROBINSON ROAD,1,Non-Landed Properties,1,"3,900",40 to 50,400 to 500,Mar-25
ROBINSON SUITES,ROBINSON ROAD,1,Non-Landed Properties,1,"3,800",40 to 50,400 to 500,Mar-25
ROBINSON SUITES,ROBINSON ROAD,1,Non-Landed Properties,1,"3,900",40 to 50,500 to 600,Mar-25
ROBINSON SUITES,ROBINSON ROAD,1,Non-Landed Properties,1,"3,700",40 to 50,400 to 500,Mar-25
ROBINSON SUITES,ROBINSON ROAD,1,Non-Landed Properties,1,"4,300",40 to 50,500 to 600,Mar-25
ROBINSON SUITES,ROBINSON ROAD,1,Non-Landed Properties,1,"3,600",40 to 50,400 to 500,Mar-25
ALLAN VILLE,GEMMILL LANE,1,Non-Landed Properties,NA,"4,000",60 to 70,600 to 700,Mar-25
MARINA BAY SUITES,CENTRAL BOULEVARD,1,Non-Landed Properties,4,"15,500",240 to 250,"2,600 to 2,700",Mar-25
MARINA BAY SUITES,CENTRAL BOULEVARD,1,Non-Landed Properties,4,"12,000",190 to 200,"2,000 to 2,100",Mar-25
MARINA BAY SUITES,CENTRAL BOULEVARD,1,Non-Landed Properties,3,"9,700",140 to 150,"1,600 to 1,700",Mar-25
MARINA BAY SUITES,CENTRAL BOULEVARD,1,Non-Landed Properties,4,"16,500",240 to 250,"2,600 to 2,700",Mar-25
MARINA BAY SUITES,CENTRAL BOULEVARD,1,Non-Landed Properties,3,"9,700",140 to 150,"1,600 to 1,700",Mar-25
RIVERWALK APARTMENTS,UPPER CIRCULAR ROAD,1,Non-Landed Properties,NA,"4,000",70 to 80,800 to 900,Mar-25
RIVERWALK APARTMENTS,UPPER CIRCULAR ROAD,1,Non-Landed Properties,NA,"4,400",70 to 80,800 to 900,Mar-25
RIVERWALK APARTMENTS,UPPER CIRCULAR ROAD,1,Non-Landed Properties,2,"6,100",110 to 120,"1,200 to 1,300",Mar-25
RIVERWALK APARTMENTS,UPPER CIRCULAR ROAD,1,Non-Landed Properties,2,"6,000",110 to 120,"1,200 to 1,300",Mar-25
RIVERWALK APARTMENTS,UPPER CIRCULAR ROAD,1,Non-Landed Properties,NA,"4,000",70 to 80,800 to 900,Mar-25
MARINA BAY RESIDENCES,MARINA BOULEVARD,1,Non-Landed Properties,2,"7,800",100 to 110,"1,100 to 1,200",Mar-25
MARINA BAY RESIDENCES,MARINA BOULEVARD,1,Non-Landed Properties,1,"6,000",60 to 70,700 to 800,Mar-25
MARINA BAY RESIDENCES,MARINA BOULEVARD,1,Non-Landed Properties,2,"8,100",90 to 100,"1,000 to 1,100",Mar-25
MARINA BAY RESIDENCES,MARINA BOULEVARD,1,Non-Landed Properties,1,"6,200",60 to 70,700 to 800,Mar-25
MARINA BAY RESIDENCES,MARINA BOULEVARD,1,Non-Landed Properties,2,"6,900",90 to 100,"1,000 to 1,100",Mar-25
MARINA BAY RESIDENCES,MARINA BOULEVARD,1,Non-Landed Properties,4,"18,000",220 to 230,"2,300 to 2,400",Mar-25
MARINA BAY RESIDENCES,MARINA BOULEVARD,1,Non-Landed Properties,2,"7,800",90 to 100,"1,000 to 1,100",Mar-25
MARINA BAY RESIDENCES,MARINA BOULEVARD,1,Non-Landed Properties,2,"9,250",110 to 120,"1,200 to 1,300",Mar-25
MARINA BAY RESIDENCES,MARINA BOULEVARD,1,Non-Landed Properties,3,"20,000",180 to 190,"1,900 to 2,000",Mar-25
MARINA BAY RESIDENCES,MARINA BOULEVARD,1,Non-Landed Properties,3,"11,200",150 to 160,"1,600 to 1,700",Mar-25
MARINA BAY RESIDENCES,MARINA BOULEVARD,1,Non-Landed Properties,1,"5,500",60 to 70,700 to 800,Mar-25
MARINA BAY RESIDENCES,MARINA BOULEVARD,1,Non-Landed Properties,2,"7,700",100 to 110,"1,100 to 1,200",Mar-25
MARINA BAY RESIDENCES,MARINA BOULEVARD,1,Non-Landed Properties,1,"6,000",60 to 70,700 to 800,Mar-25
MARINA BAY RESIDENCES,MARINA BOULEVARD,1,Non-Landed Properties,3,"13,500",180 to 190,"1,900 to 2,000",Mar-25
MARINA BAY RESIDENCES,MARINA BOULEVARD,1,Non-Landed Properties,2,"7,900",90 to 100,"1,000 to 1,100",Mar-25
MARINA BAY RESIDENCES,MARINA BOULEVARD,1,Non-Landed Properties,1,"5,700",60 to 70,700 to 800,Mar-25
THE CLIFT,MCCALLUM STREET,1,Non-Landed Properties,1,"4,000",40 to 50,500 to 600,Feb-25
THE CLIFT,MCCALLUM STREET,1,Non-Landed Properties,2,"5,650",70 to 80,700 to 800,Feb-25
THE CLIFT,MCCALLUM STREET,1,Non-Landed Properties,1,"4,200",40 to 50,500 to 600,Feb-25
THE CLIFT,MCCALLUM STREET,1,Non-Landed Properties,2,"6,800",90 to 100,"1,000 to 1,100",Feb-25
THE CLIFT,MCCALLUM STREET,1,Non-Landed Properties,1,"5,000",70 to 80,800 to 900,Feb-25
THE CLIFT,MCCALLUM STREET,1,Non-Landed Properties,2,"5,200",70 to 80,700 to 800,Feb-25
THE CLIFT,MCCALLUM STREET,1,Non-Landed Properties,1,"3,900",40 to 50,500 to 600,Feb-25
THE CLIFT,MCCALLUM STREET,1,Non-Landed Properties,1,"4,000",40 to 50,500 to 600,Feb-25
THE CLIFT,MCCALLUM STREET,1,Non-Landed Properties,1,"5,050",70 to 80,800 to 900,Feb-25
ONE SHENTON,SHENTON WAY,1,Non-Landed Properties,1,"5,900",90 to 100,"900 to 1,000",Feb-25
ONE SHENTON,SHENTON WAY,1,Non-Landed Properties,4,"15,000",200 to 210,"2,200 to 2,300",Feb-25
ONE SHENTON,SHENTON WAY,1,Non-Landed Properties,3,"8,500",140 to 150,"1,500 to 1,600",Feb-25
ONE SHENTON,SHENTON WAY,1,Non-Landed Properties,1,"4,500",70 to 80,800 to 900,Feb-25
ONE SHENTON,SHENTON WAY,1,Non-Landed Properties,1,"4,300",50 to 60,500 to 600,Feb-25
ONE SHENTON,SHENTON WAY,1,Non-Landed Properties,3,"8,000",140 to 150,"1,500 to 1,600",Feb-25
ONE SHENTON,SHENTON WAY,1,Non-Landed Properties,1,"4,200",50 to 60,500 to 600,Feb-25
ONE SHENTON,SHENTON WAY,1,Non-Landed Properties,1,"4,300",40 to 50,500 to 600,Feb-25
ONE SHENTON,SHENTON WAY,1,Non-Landed Properties,1,"5,000",80 to 90,"900 to 1,000",Feb-25
ONE SHENTON,SHENTON WAY,1,Non-Landed Properties,2,"6,000",100 to 110,"1,000 to 1,100",Feb-25
ONE SHENTON,SHENTON WAY,1,Non-Landed Properties,4,"10,200",170 to 180,"1,800 to 1,900",Feb-25
ONE SHENTON,SHENTON WAY,1,Non-Landed Properties,3,"8,600",140 to 150,"1,500 to 1,600",Feb-25
ONE SHENTON,SHENTON WAY,1,Non-Landed Properties,3,"8,150",140 to 150,"1,600 to 1,700",Feb-25
PEOPLE'S PARK COMPLEX,PARK ROAD,1,Non-Landed Properties,3,"5,000",100 to 110,"1,100 to 1,200",Feb-25
PEOPLE'S PARK COMPLEX,PARK ROAD,1,Non-Landed Properties,4,"5,280",140 to 150,"1,600 to 1,700",Feb-25
PEOPLE'S PARK COMPLEX,PARK ROAD,1,Non-Landed Properties,1,"3,000",40 to 50,400 to 500,Feb-25
PEOPLE'S PARK COMPLEX,PARK ROAD,1,Non-Landed Properties,3,"4,500",100 to 110,"1,100 to 1,200",Feb-25
EMERALD GARDEN,CLUB STREET,1,Non-Landed Properties,2,"5,000",90 to 100,"900 to 1,000",Feb-25
EMERALD GARDEN,CLUB STREET,1,Non-Landed Properties,2,"4,500",90 to 100,"900 to 1,000",Feb-25
EMERALD GARDEN,CLUB STREET,1,Non-Landed Properties,2,"4,500",80 to 90,"900 to 1,000",Feb-25
EMERALD GARDEN,CLUB STREET,1,Non-Landed Properties,1,"4,700",70 to 80,800 to 900,Feb-25
EMERALD GARDEN,CLUB STREET,1,Non-Landed Properties,3,"6,150",110 to 120,"1,200 to 1,300",Feb-25
EMERALD GARDEN,CLUB STREET,1,Non-Landed Properties,1,"4,900",80 to 90,"900 to 1,000",Feb-25
EMERALD GARDEN,CLUB STREET,1,Non-Landed Properties,1,"4,100",60 to 70,700 to 800,Feb-25
EMERALD GARDEN,CLUB STREET,1,Non-Landed Properties,2,"5,350",90 to 100,"1,000 to 1,100",Feb-25
MARINA ONE RESIDENCES,MARINA WAY,1,Non-Landed Properties,2,"8,000",100 to 110,"1,100 to 1,200",Feb-25
MARINA ONE RESIDENCES,MARINA WAY,1,Non-Landed Properties,1,"4,700",60 to 70,700 to 800,Feb-25
MARINA ONE RESIDENCES,MARINA WAY,1,Non-Landed Properties,2,"7,300",100 to 110,"1,100 to 1,200",Feb-25
MARINA ONE RESIDENCES,MARINA WAY,1,Non-Landed Properties,1,"4,000",60 to 70,600 to 700,Feb-25
MARINA ONE RESIDENCES,MARINA WAY,1,Non-Landed Properties,1,"5,000",60 to 70,600 to 700,Feb-25
MARINA ONE RESIDENCES,MARINA WAY,1,Non-Landed Properties,2,"6,800",90 to 100,"1,000 to 1,100",Feb-25
MARINA ONE RESIDENCES,MARINA WAY,1,Non-Landed Properties,2,"7,000",100 to 110,"1,100 to 1,200",Feb-25
MARINA ONE RESIDENCES,MARINA WAY,1,Non-Landed Properties,1,"4,400",60 to 70,600 to 700,Feb-25
MARINA ONE RESIDENCES,MARINA WAY,1,Non-Landed Properties,1,"4,500",60 to 70,600 to 700,Feb-25
MARINA ONE RESIDENCES,MARINA WAY,1,Non-Landed Properties,2,"7,000",90 to 100,"1,000 to 1,100",Feb-25
MARINA ONE RESIDENCES,MARINA WAY,1,Non-Landed Properties,2,"7,800",100 to 110,"1,100 to 1,200",Feb-25
MARINA ONE RESIDENCES,MARINA WAY,1,Non-Landed Properties,2,"6,800",100 to 110,"1,100 to 1,200",Feb-25
MARINA ONE RESIDENCES,MARINA WAY,1,Non-Landed Properties,1,"4,350",60 to 70,700 to 800,Feb-25
MARINA ONE RESIDENCES,MARINA WAY,1,Non-Landed Properties,2,"7,500",100 to 110,"1,100 to 1,200",Feb-25
MARINA ONE RESIDENCES,MARINA WAY,1,Non-Landed Properties,3,"9,500",140 to 150,"1,500 to 1,600",Feb-25
MARINA ONE RESIDENCES,MARINA WAY,1,Non-Landed Properties,2,"7,000",100 to 110,"1,100 to 1,200",Feb-25
MARINA ONE RESIDENCES,MARINA WAY,1,Non-Landed Properties,2,"8,000",90 to 100,"1,000 to 1,100",Feb-25
MARINA ONE RESIDENCES,MARINA WAY,1,Non-Landed Properties,1,"4,900",60 to 70,700 to 800,Feb-25
MARINA ONE RESIDENCES,MARINA WAY,1,Non-Landed Properties,4,"17,000",200 to 210,"2,200 to 2,300",Feb-25
MARINA ONE RESIDENCES,MARINA WAY,1,Non-Landed Properties,2,"6,000",100 to 110,"1,100 to 1,200",Feb-25
MARINA ONE RESIDENCES,MARINA WAY,1,Non-Landed Properties,1,"4,400",60 to 70,700 to 800,Feb-25
MARINA ONE RESIDENCES,MARINA WAY,1,Non-Landed Properties,2,"7,200",90 to 100,"900 to 1,000",Feb-25
MARINA ONE RESIDENCES,MARINA WAY,1,Non-Landed Properties,1,"5,500",60 to 70,700 to 800,Feb-25
MARINA ONE RESIDENCES,MARINA WAY,1,Non-Landed Properties,1,"5,500",60 to 70,700 to 800,Feb-25
MARINA ONE RESIDENCES,MARINA WAY,1,Non-Landed Properties,4,"16,500",200 to 210,"2,200 to 2,300",Feb-25
MARINA ONE RESIDENCES,MARINA WAY,1,Non-Landed Properties,1,"4,300",60 to 70,700 to 800,Feb-25
MARINA ONE RESIDENCES,MARINA WAY,1,Non-Landed Properties,1,"5,300",60 to 70,700 to 800,Feb-25
MARINA ONE RESIDENCES,MARINA WAY,1,Non-Landed Properties,2,"8,000",90 to 100,"1,000 to 1,100",Feb-25
MARINA ONE RESIDENCES,MARINA WAY,1,Non-Landed Properties,1,"4,600",60 to 70,700 to 800,Feb-25
MARINA ONE RESIDENCES,MARINA WAY,1,Non-Landed Properties,1,"5,000",70 to 80,700 to 800,Feb-25
MARINA ONE RESIDENCES,MARINA WAY,1,Non-Landed Properties,1,"4,500",60 to 70,700 to 800,Feb-25
MARINA ONE RESIDENCES,MARINA WAY,1,Non-Landed Properties,1,"4,100",60 to 70,600 to 700,Feb-25
MARINA ONE RESIDENCES,MARINA WAY,1,Non-Landed Properties,2,"8,100",90 to 100,"1,000 to 1,100",Feb-25
MARINA ONE RESIDENCES,MARINA WAY,1,Non-Landed Properties,1,"5,300",60 to 70,700 to 800,Feb-25
MARINA ONE RESIDENCES,MARINA WAY,1,Non-Landed Properties,3,"10,700",140 to 150,"1,500 to 1,600",Feb-25
MARINA ONE RESIDENCES,MARINA WAY,1,Non-Landed Properties,2,"7,500",110 to 120,"1,200 to 1,300",Feb-25
MARINA ONE RESIDENCES,MARINA WAY,1,Non-Landed Properties,2,"8,900",100 to 110,"1,100 to 1,200",Feb-25
MARINA ONE RESIDENCES,MARINA WAY,1,Non-Landed Properties,2,"7,200",90 to 100,"1,000 to 1,100",Feb-25
MARINA ONE RESIDENCES,MARINA WAY,1,Non-Landed Properties,2,"9,500",110 to 120,"1,200 to 1,300",Feb-25
MARINA ONE RESIDENCES,MARINA WAY,1,Non-Landed Properties,2,"7,500",100 to 110,"1,100 to 1,200",Feb-25
THE SAIL @ MARINA BAY,MARINA BOULEVARD,1,Non-Landed Properties,3,"7,800",120 to 130,"1,300 to 1,400",Feb-25
THE SAIL @ MARINA BAY,MARINA BOULEVARD,1,Non-Landed Properties,2,"5,200",70 to 80,800 to 900,Feb-25
THE SAIL @ MARINA BAY,MARINA BOULEVARD,1,Non-Landed Properties,1,"4,500",50 to 60,600 to 700,Feb-25
THE SAIL @ MARINA BAY,MARINA BOULEVARD,1,Non-Landed Properties,2,"6,500",70 to 80,800 to 900,Feb-25
THE SAIL @ MARINA BAY,MARINA BOULEVARD,1,Non-Landed Properties,2,"6,500",70 to 80,800 to 900,Feb-25
THE SAIL @ MARINA BAY,MARINA BOULEVARD,1,Non-Landed Properties,1,"5,000",50 to 60,600 to 700,Feb-25
THE SAIL @ MARINA BAY,MARINA BOULEVARD,1,Non-Landed Properties,2,"5,000",80 to 90,"900 to 1,000",Feb-25
THE SAIL @ MARINA BAY,MARINA BOULEVARD,1,Non-Landed Properties,1,"4,300",50 to 60,600 to 700,Feb-25
THE SAIL @ MARINA BAY,MARINA BOULEVARD,1,Non-Landed Properties,1,"5,000",60 to 70,600 to 700,Feb-25
THE SAIL @ MARINA BAY,MARINA BOULEVARD,1,Non-Landed Properties,2,"6,000",70 to 80,800 to 900,Feb-25
THE SAIL @ MARINA BAY,MARINA BOULEVARD,1,Non-Landed Properties,1,"4,800",60 to 70,600 to 700,Feb-25
THE SAIL @ MARINA BAY,MARINA BOULEVARD,1,Non-Landed Properties,1,"4,000",60 to 70,600 to 700,Feb-25
THE SAIL @ MARINA BAY,MARINA BOULEVARD,1,Non-Landed Properties,2,"6,300",80 to 90,800 to 900,Feb-25
THE SAIL @ MARINA BAY,MARINA BOULEVARD,1,Non-Landed Properties,2,"5,300",80 to 90,800 to 900,Feb-25
THE SAIL @ MARINA BAY,MARINA BOULEVARD,1,Non-Landed Properties,1,"4,200",60 to 70,600 to 700,Feb-25
THE SAIL @ MARINA BAY,MARINA BOULEVARD,1,Non-Landed Properties,2,"5,700",80 to 90,800 to 900,Feb-25
THE SAIL @ MARINA BAY,MARINA BOULEVARD,1,Non-Landed Properties,1,"4,100",50 to 60,500 to 600,Feb-25
THE SAIL @ MARINA BAY,MARINA BOULEVARD,1,Non-Landed Properties,2,"5,600",80 to 90,800 to 900,Feb-25
THE SAIL @ MARINA BAY,MARINA BOULEVARD,1,Non-Landed Properties,1,"5,450",60 to 70,600 to 700,Feb-25
THE SAIL @ MARINA BAY,MARINA BOULEVARD,1,Non-Landed Properties,1,"5,980",60 to 70,600 to 700,Feb-25
THE SAIL @ MARINA BAY,MARINA BOULEVARD,1,Non-Landed Properties,2,"8,700",90 to 100,"1,000 to 1,100",Feb-25
THE SAIL @ MARINA BAY,MARINA BOULEVARD,1,Non-Landed Properties,1,"4,400",50 to 60,500 to 600,Feb-25
THE SAIL @ MARINA BAY,MARINA BOULEVARD,1,Non-Landed Properties,1,"5,300",60 to 70,600 to 700,Feb-25
THE SAIL @ MARINA BAY,MARINA BOULEVARD,1,Non-Landed Properties,2,"8,000",90 to 100,"1,000 to 1,100",Feb-25
THE RIVERSIDE PIAZZA,KENG CHEOW STREET,1,Non-Landed Properties,3,"5,000",110 to 120,"1,200 to 1,300",Feb-25
V ON SHENTON,SHENTON WAY,1,Non-Landed Properties,NA,"3,500",40 to 50,400 to 500,Feb-25
V ON SHENTON,SHENTON WAY,1,Non-Landed Properties,2,"7,600",110 to 120,"1,200 to 1,300",Feb-25
V ON SHENTON,SHENTON WAY,1,Non-Landed Properties,1,"4,000",40 to 50,500 to 600,Feb-25
V ON SHENTON,SHENTON WAY,1,Non-Landed Properties,NA,"3,300",40 to 50,400 to 500,Feb-25
V ON SHENTON,SHENTON WAY,1,Non-Landed Properties,1,"4,500",60 to 70,700 to 800,Feb-25
V ON SHENTON,SHENTON WAY,1,Non-Landed Properties,1,"4,500",60 to 70,600 to 700,Feb-25
V ON SHENTON,SHENTON WAY,1,Non-Landed Properties,2,"5,000",80 to 90,"900 to 1,000",Feb-25
V ON SHENTON,SHENTON WAY,1,Non-Landed Properties,NA,"3,500",40 to 50,400 to 500,Feb-25
V ON SHENTON,SHENTON WAY,1,Non-Landed Properties,1,"3,900",40 to 50,400 to 500,Feb-25
V ON SHENTON,SHENTON WAY,1,Non-Landed Properties,NA,"3,800",40 to 50,400 to 500,Feb-25
V ON SHENTON,SHENTON WAY,1,Non-Landed Properties,1,"4,400",40 to 50,500 to 600,Feb-25
V ON SHENTON,SHENTON WAY,1,Non-Landed Properties,NA,"3,250",40 to 50,400 to 500,Feb-25
V ON SHENTON,SHENTON WAY,1,Non-Landed Properties,2,"7,000",100 to 110,"1,000 to 1,100",Feb-25
V ON SHENTON,SHENTON WAY,1,Non-Landed Properties,1,"4,000",40 to 50,500 to 600,Feb-25
V ON SHENTON,SHENTON WAY,1,Non-Landed Properties,2,"6,750",100 to 110,"1,000 to 1,100",Feb-25
V ON SHENTON,SHENTON WAY,1,Non-Landed Properties,2,"5,500",90 to 100,"1,000 to 1,100",Feb-25
ROBINSON SUITES,ROBINSON ROAD,1,Non-Landed Properties,2,"4,000",50 to 60,600 to 700,Feb-25
ROBINSON SUITES,ROBINSON ROAD,1,Non-Landed Properties,1,"3,600",40 to 50,500 to 600,Feb-25
ROBINSON SUITES,ROBINSON ROAD,1,Non-Landed Properties,2,"4,000",50 to 60,600 to 700,Feb-25
ROBINSON SUITES,ROBINSON ROAD,1,Non-Landed Properties,2,"5,100",50 to 60,600 to 700,Feb-25
ROBINSON SUITES,ROBINSON ROAD,1,Non-Landed Properties,2,"4,500",50 to 60,600 to 700,Feb-25
ROBINSON SUITES,ROBINSON ROAD,1,Non-Landed Properties,2,"4,200",50 to 60,600 to 700,Feb-25
ALLAN VILLE,GEMMILL LANE,1,Non-Landed Properties,NA,"3,200",60 to 70,600 to 700,Feb-25
MARINA BAY SUITES,CENTRAL BOULEVARD,1,Non-Landed Properties,3,"9,500",140 to 150,"1,500 to 1,600",Feb-25
MARINA BAY SUITES,CENTRAL BOULEVARD,1,Non-Landed Properties,4,"14,500",190 to 200,"2,000 to 2,100",Feb-25
MARINA BAY SUITES,CENTRAL BOULEVARD,1,Non-Landed Properties,3,"10,500",150 to 160,"1,600 to 1,700",Feb-25
MARINA BAY SUITES,CENTRAL BOULEVARD,1,Non-Landed Properties,3,"9,800",140 to 150,"1,600 to 1,700",Feb-25
MARINA BAY SUITES,CENTRAL BOULEVARD,1,Non-Landed Properties,3,"9,300",140 to 150,"1,600 to 1,700",Feb-25
RIVERWALK APARTMENTS,UPPER CIRCULAR ROAD,1,Non-Landed Properties,3,"7,200",140 to 150,"1,600 to 1,700",Feb-25
RIVERWALK APARTMENTS,UPPER CIRCULAR ROAD,1,Non-Landed Properties,2,"5,850",110 to 120,"1,200 to 1,300",Feb-25
MARINA BAY RESIDENCES,MARINA BOULEVARD,1,Non-Landed Properties,2,"7,500",100 to 110,"1,100 to 1,200",Feb-25
MARINA BAY RESIDENCES,MARINA BOULEVARD,1,Non-Landed Properties,2,"9,250",110 to 120,"1,200 to 1,300",Feb-25
MARINA BAY RESIDENCES,MARINA BOULEVARD,1,Non-Landed Properties,2,"9,000",110 to 120,"1,200 to 1,300",Feb-25
MARINA BAY RESIDENCES,MARINA BOULEVARD,1,Non-Landed Properties,2,"8,250",110 to 120,"1,200 to 1,300",Feb-25
MARINA BAY RESIDENCES,MARINA BOULEVARD,1,Non-Landed Properties,3,"11,450",150 to 160,"1,600 to 1,700",Feb-25
MARINA BAY RESIDENCES,MARINA BOULEVARD,1,Non-Landed Properties,1,"6,100",60 to 70,700 to 800,Feb-25
MARINA BAY RESIDENCES,MARINA BOULEVARD,1,Non-Landed Properties,2,"7,500",90 to 100,"1,000 to 1,100",Feb-25
MARINA BAY RESIDENCES,MARINA BOULEVARD,1,Non-Landed Properties,4,"25,000",210 to 220,"2,300 to 2,400",Feb-25
MARINA BAY RESIDENCES,MARINA BOULEVARD,1,Non-Landed Properties,4,"15,000",220 to 230,"2,300 to 2,400",Feb-25
MARINA BAY RESIDENCES,MARINA BOULEVARD,1,Non-Landed Properties,2,"7,850",100 to 110,"1,100 to 1,200",Feb-25
MARINA BAY RESIDENCES,MARINA BOULEVARD,1,Non-Landed Properties,4,"19,750",220 to 230,"2,300 to 2,400",Feb-25
MARINA BAY RESIDENCES,MARINA BOULEVARD,1,Non-Landed Properties,3,"12,800",150 to 160,"1,600 to 1,700",Feb-25
MARINA BAY RESIDENCES,MARINA BOULEVARD,1,Non-Landed Properties,3,"18,000",180 to 190,"1,900 to 2,000",Feb-25
MARINA BAY RESIDENCES,MARINA BOULEVARD,1,Non-Landed Properties,2,"8,700",90 to 100,"900 to 1,000",Feb-25
MARINA BAY RESIDENCES,MARINA BOULEVARD,1,Non-Landed Properties,1,"6,300",60 to 70,700 to 800,Feb-25
MARINA BAY RESIDENCES,MARINA BOULEVARD,1,Non-Landed Properties,1,"6,100",60 to 70,700 to 800,Feb-25
MARINA BAY RESIDENCES,MARINA BOULEVARD,1,Non-Landed Properties,3,"11,500",150 to 160,"1,600 to 1,700",Feb-25
MARINA BAY RESIDENCES,MARINA BOULEVARD,1,Non-Landed Properties,2,"8,700",110 to 120,"1,200 to 1,300",Feb-25
MARINA BAY RESIDENCES,MARINA BOULEVARD,1,Non-Landed Properties,1,"6,100",60 to 70,700 to 800,Feb-25
MARINA BAY RESIDENCES,MARINA BOULEVARD,1,Non-Landed Properties,1,"6,800",60 to 70,700 to 800,Feb-25
MARINA BAY RESIDENCES,MARINA BOULEVARD,1,Non-Landed Properties,2,"8,000",90 to 100,"1,000 to 1,100",Feb-25
THE CLIFT,MCCALLUM STREET,1,Non-Landed Properties,1,"4,000",40 to 50,400 to 500,Jan-25
THE CLIFT,MCCALLUM STREET,1,Non-Landed Properties,1,"4,200",40 to 50,500 to 600,Jan-25
THE CLIFT,MCCALLUM STREET,1,Non-Landed Properties,1,"5,000",60 to 70,700 to 800,Jan-25
THE CLIFT,MCCALLUM STREET,1,Non-Landed Properties,1,"4,050",50 to 60,500 to 600,Jan-25
THE CLIFT,MCCALLUM STREET,1,Non-Landed Properties,2,"6,000",70 to 80,700 to 800,Jan-25
THE CLIFT,MCCALLUM STREET,1,Non-Landed Properties,1,"4,300",40 to 50,500 to 600,Jan-25
THE CLIFT,MCCALLUM STREET,1,Non-Landed Properties,2,"5,000",70 to 80,700 to 800,Jan-25
THE CLIFT,MCCALLUM STREET,1,Non-Landed Properties,2,"5,300",70 to 80,700 to 800,Jan-25
THE CLIFT,MCCALLUM STREET,1,Non-Landed Properties,1,"5,000",60 to 70,700 to 800,Jan-25
THE CLIFT,MCCALLUM STREET,1,Non-Landed Properties,2,"5,500",70 to 80,700 to 800,Jan-25
THE CLIFT,MCCALLUM STREET,1,Non-Landed Properties,1,"4,300",40 to 50,500 to 600,Jan-25
THE CLIFT,MCCALLUM STREET,1,Non-Landed Properties,1,"4,500",40 to 50,400 to 500,Jan-25
THE CLIFT,MCCALLUM STREET,1,Non-Landed Properties,1,"4,100",40 to 50,500 to 600,Jan-25
THE CLIFT,MCCALLUM STREET,1,Non-Landed Properties,2,"5,200",70 to 80,700 to 800,Jan-25
THE CLIFT,MCCALLUM STREET,1,Non-Landed Properties,1,"4,000",40 to 50,500 to 600,Jan-25
THE CLIFT,MCCALLUM STREET,1,Non-Landed Properties,1,"4,000",40 to 50,500 to 600,Jan-25
THE CLIFT,MCCALLUM STREET,1,Non-Landed Properties,1,"5,450",70 to 80,700 to 800,Jan-25
THE CLIFT,MCCALLUM STREET,1,Non-Landed Properties,1,"5,500",70 to 80,700 to 800,Jan-25
ONE SHENTON,SHENTON WAY,1,Non-Landed Properties,1,"5,500",70 to 80,800 to 900,Jan-25
ONE SHENTON,SHENTON WAY,1,Non-Landed Properties,3,"9,500",130 to 140,"1,500 to 1,600",Jan-25
ONE SHENTON,SHENTON WAY,1,Non-Landed Properties,2,"7,000",110 to 120,"1,200 to 1,300",Jan-25
ONE SHENTON,SHENTON WAY,1,Non-Landed Properties,2,"6,400",100 to 110,"1,100 to 1,200",Jan-25
ONE SHENTON,SHENTON WAY,1,Non-Landed Properties,1,"4,300",40 to 50,500 to 600,Jan-25
ONE SHENTON,SHENTON WAY,1,Non-Landed Properties,2,"6,300",100 to 110,"1,100 to 1,200",Jan-25
ONE SHENTON,SHENTON WAY,1,Non-Landed Properties,1,"4,500",40 to 50,500 to 600,Jan-25
ONE SHENTON,SHENTON WAY,1,Non-Landed Properties,2,"6,500",100 to 110,"1,000 to 1,100",Jan-25
ONE SHENTON,SHENTON WAY,1,Non-Landed Properties,1,"4,000",40 to 50,500 to 600,Jan-25
ONE SHENTON,SHENTON WAY,1,Non-Landed Properties,2,"6,500",100 to 110,"1,000 to 1,100",Jan-25
PEOPLE'S PARK COMPLEX,PARK ROAD,1,Non-Landed Properties,4,"7,000",140 to 150,"1,600 to 1,700",Jan-25
PEOPLE'S PARK COMPLEX,PARK ROAD,1,Non-Landed Properties,4,"8,000",>300,>3000,Jan-25
PEOPLE'S PARK COMPLEX,PARK ROAD,1,Non-Landed Properties,3,"3,500",100 to 110,"1,100 to 1,200",Jan-25
PEOPLE'S PARK COMPLEX,PARK ROAD,1,Non-Landed Properties,3,"3,800",100 to 110,"1,100 to 1,200",Jan-25
PEOPLE'S PARK COMPLEX,PARK ROAD,1,Non-Landed Properties,1,"2,900",40 to 50,400 to 500,Jan-25
PEOPLE'S PARK COMPLEX,PARK ROAD,1,Non-Landed Properties,1,"2,400",30 to 40,400 to 500,Jan-25
PEOPLE'S PARK COMPLEX,PARK ROAD,1,Non-Landed Properties,3,"5,000",100 to 110,"1,100 to 1,200",Jan-25
PEOPLE'S PARK COMPLEX,PARK ROAD,1,Non-Landed Properties,3,"3,400",100 to 110,"1,100 to 1,200",Jan-25
PEOPLE'S PARK COMPLEX,PARK ROAD,1,Non-Landed Properties,1,"2,600",30 to 40,400 to 500,Jan-25
PEOPLE'S PARK COMPLEX,PARK ROAD,1,Non-Landed Properties,3,"5,100",100 to 110,"1,100 to 1,200",Jan-25
PEOPLE'S PARK COMPLEX,PARK ROAD,1,Non-Landed Properties,1,"2,500",30 to 40,400 to 500,Jan-25
EMERALD GARDEN,CLUB STREET,1,Non-Landed Properties,1,"4,500",90 to 100,"1,000 to 1,100",Jan-25
EMERALD GARDEN,CLUB STREET,1,Non-Landed Properties,2,"5,500",90 to 100,"1,000 to 1,100",Jan-25
EMERALD GARDEN,CLUB STREET,1,Non-Landed Properties,3,"6,700",110 to 120,"1,200 to 1,300",Jan-25
EMERALD GARDEN,CLUB STREET,1,Non-Landed Properties,2,"4,700",80 to 90,"900 to 1,000",Jan-25
EMERALD GARDEN,CLUB STREET,1,Non-Landed Properties,3,"5,800",120 to 130,"1,300 to 1,400",Jan-25
EMERALD GARDEN,CLUB STREET,1,Non-Landed Properties,3,"6,200",110 to 120,"1,200 to 1,300",Jan-25
EMERALD GARDEN,CLUB STREET,1,Non-Landed Properties,1,"4,700",70 to 80,800 to 900,Jan-25
EMERALD GARDEN,CLUB STREET,1,Non-Landed Properties,2,"5,000",90 to 100,"900 to 1,000",Jan-25
EMERALD GARDEN,CLUB STREET,1,Non-Landed Properties,3,"6,500",120 to 130,"1,300 to 1,400",Jan-25
EMERALD GARDEN,CLUB STREET,1,Non-Landed Properties,3,"5,300",110 to 120,"1,200 to 1,300",Jan-25
EMERALD GARDEN,CLUB STREET,1,Non-Landed Properties,2,"4,700",80 to 90,"900 to 1,000",Jan-25
EMERALD GARDEN,CLUB STREET,1,Non-Landed Properties,2,"4,800",80 to 90,"900 to 1,000",Jan-25
EMERALD GARDEN,CLUB STREET,1,Non-Landed Properties,2,"5,900",100 to 110,"1,100 to 1,200",Jan-25
EMERALD GARDEN,CLUB STREET,1,Non-Landed Properties,3,"5,500",110 to 120,"1,200 to 1,300",Jan-25
EMERALD GARDEN,CLUB STREET,1,Non-Landed Properties,2,"5,200",80 to 90,"900 to 1,000",Jan-25
EMERALD GARDEN,CLUB STREET,1,Non-Landed Properties,2,"5,000",90 to 100,"900 to 1,000",Jan-25
EMERALD GARDEN,CLUB STREET,1,Non-Landed Properties,2,"5,800",90 to 100,"900 to 1,000",Jan-25
EMERALD GARDEN,CLUB STREET,1,Non-Landed Properties,3,"6,100",110 to 120,"1,200 to 1,300",Jan-25
MARINA ONE RESIDENCES,MARINA WAY,1,Non-Landed Properties,1,"4,500",60 to 70,700 to 800,Jan-25
MARINA ONE RESIDENCES,MARINA WAY,1,Non-Landed Properties,3,"15,800",140 to 150,"1,500 to 1,600",Jan-25
MARINA ONE RESIDENCES,MARINA WAY,1,Non-Landed Properties,1,"4,500",60 to 70,600 to 700,Jan-25
MARINA ONE RESIDENCES,MARINA WAY,1,Non-Landed Properties,1,"5,000",60 to 70,600 to 700,Jan-25
MARINA ONE RESIDENCES,MARINA WAY,1,Non-Landed Properties,3,"10,000",140 to 150,"1,500 to 1,600",Jan-25
MARINA ONE RESIDENCES,MARINA WAY,1,Non-Landed Properties,3,"9,800",130 to 140,"1,500 to 1,600",Jan-25
MARINA ONE RESIDENCES,MARINA WAY,1,Non-Landed Properties,1,"5,000",60 to 70,600 to 700,Jan-25
MARINA ONE RESIDENCES,MARINA WAY,1,Non-Landed Properties,1,"4,350",60 to 70,600 to 700,Jan-25
MARINA ONE RESIDENCES,MARINA WAY,1,Non-Landed Properties,1,"5,000",60 to 70,700 to 800,Jan-25
MARINA ONE RESIDENCES,MARINA WAY,1,Non-Landed Properties,2,"7,300",100 to 110,"1,100 to 1,200",Jan-25
MARINA ONE RESIDENCES,MARINA WAY,1,Non-Landed Properties,1,"4,800",60 to 70,700 to 800,Jan-25
MARINA ONE RESIDENCES,MARINA WAY,1,Non-Landed Properties,2,"7,000",100 to 110,"1,100 to 1,200",Jan-25
MARINA ONE RESIDENCES,MARINA WAY,1,Non-Landed Properties,2,"7,700",100 to 110,"1,100 to 1,200",Jan-25
MARINA ONE RESIDENCES,MARINA WAY,1,Non-Landed Properties,2,"7,500",100 to 110,"1,100 to 1,200",Jan-25
MARINA ONE RESIDENCES,MARINA WAY,1,Non-Landed Properties,3,"10,500",140 to 150,"1,500 to 1,600",Jan-25
MARINA ONE RESIDENCES,MARINA WAY,1,Non-Landed Properties,2,"7,600",100 to 110,"1,100 to 1,200",Jan-25
MARINA ONE RESIDENCES,MARINA WAY,1,Non-Landed Properties,2,"7,900",100 to 110,"1,100 to 1,200",Jan-25
MARINA ONE RESIDENCES,MARINA WAY,1,Non-Landed Properties,2,"7,600",100 to 110,"1,100 to 1,200",Jan-25
MARINA ONE RESIDENCES,MARINA WAY,1,Non-Landed Properties,1,"4,600",60 to 70,700 to 800,Jan-25
MARINA ONE RESIDENCES,MARINA WAY,1,Non-Landed Properties,1,"4,600",60 to 70,700 to 800,Jan-25
MARINA ONE RESIDENCES,MARINA WAY,1,Non-Landed Properties,2,"7,000",110 to 120,"1,200 to 1,300",Jan-25
MARINA ONE RESIDENCES,MARINA WAY,1,Non-Landed Properties,1,"5,600",60 to 70,700 to 800,Jan-25
MARINA ONE RESIDENCES,MARINA WAY,1,Non-Landed Properties,2,"7,500",100 to 110,"1,100 to 1,200",Jan-25
MARINA ONE RESIDENCES,MARINA WAY,1,Non-Landed Properties,2,"7,000",100 to 110,"1,100 to 1,200",Jan-25
MARINA ONE RESIDENCES,MARINA WAY,1,Non-Landed Properties,2,"7,400",100 to 110,"1,100 to 1,200",Jan-25
MARINA ONE RESIDENCES,MARINA WAY,1,Non-Landed Properties,1,"5,500",60 to 70,700 to 800,Jan-25
MARINA ONE RESIDENCES,MARINA WAY,1,Non-Landed Properties,4,"14,000",190 to 200,"2,100 to 2,200",Jan-25
MARINA ONE RESIDENCES,MARINA WAY,1,Non-Landed Properties,2,"7,000",90 to 100,"1,000 to 1,100",Jan-25
MARINA ONE RESIDENCES,MARINA WAY,1,Non-Landed Properties,1,"5,000",60 to 70,600 to 700,Jan-25
MARINA ONE RESIDENCES,MARINA WAY,1,Non-Landed Properties,1,"4,900",60 to 70,700 to 800,Jan-25
MARINA ONE RESIDENCES,MARINA WAY,1,Non-Landed Properties,2,"8,000",100 to 110,"1,100 to 1,200",Jan-25
MARINA ONE RESIDENCES,MARINA WAY,1,Non-Landed Properties,1,"5,000",60 to 70,700 to 800,Jan-25
MARINA ONE RESIDENCES,MARINA WAY,1,Non-Landed Properties,1,"4,200",60 to 70,600 to 700,Jan-25
MARINA ONE RESIDENCES,MARINA WAY,1,Non-Landed Properties,1,"5,000",60 to 70,600 to 700,Jan-25
MARINA ONE RESIDENCES,MARINA WAY,1,Non-Landed Properties,1,"4,600",60 to 70,700 to 800,Jan-25
MARINA ONE RESIDENCES,MARINA WAY,1,Non-Landed Properties,1,"4,600",60 to 70,700 to 800,Jan-25
MARINA ONE RESIDENCES,MARINA WAY,1,Non-Landed Properties,1,"6,000",60 to 70,700 to 800,Jan-25
MARINA ONE RESIDENCES,MARINA WAY,1,Non-Landed Properties,3,"9,500",140 to 150,"1,500 to 1,600",Jan-25
MARINA ONE RESIDENCES,MARINA WAY,1,Non-Landed Properties,2,"7,000",100 to 110,"1,100 to 1,200",Jan-25
THE SAIL @ MARINA BAY,MARINA BOULEVARD,1,Non-Landed Properties,1,"4,050",60 to 70,600 to 700,Jan-25
THE SAIL @ MARINA BAY,MARINA BOULEVARD,1,Non-Landed Properties,3,"7,500",120 to 130,"1,300 to 1,400",Jan-25
THE SAIL @ MARINA BAY,MARINA BOULEVARD,1,Non-Landed Properties,3,"8,300",120 to 130,"1,300 to 1,400",Jan-25
THE SAIL @ MARINA BAY,MARINA BOULEVARD,1,Non-Landed Properties,2,"6,000",70 to 80,800 to 900,Jan-25
THE SAIL @ MARINA BAY,MARINA BOULEVARD,1,Non-Landed Properties,1,"4,200",50 to 60,600 to 700,Jan-25
THE SAIL @ MARINA BAY,MARINA BOULEVARD,1,Non-Landed Properties,1,"3,700",50 to 60,600 to 700,Jan-25
THE SAIL @ MARINA BAY,MARINA BOULEVARD,1,Non-Landed Properties,1,"4,400",50 to 60,600 to 700,Jan-25
THE SAIL @ MARINA BAY,MARINA BOULEVARD,1,Non-Landed Properties,2,"6,000",80 to 90,"900 to 1,000",Jan-25
THE SAIL @ MARINA BAY,MARINA BOULEVARD,1,Non-Landed Properties,1,"5,300",60 to 70,600 to 700,Jan-25
THE SAIL @ MARINA BAY,MARINA BOULEVARD,1,Non-Landed Properties,2,"6,500",90 to 100,"1,000 to 1,100",Jan-25
THE SAIL @ MARINA BAY,MARINA BOULEVARD,1,Non-Landed Properties,1,"3,800",50 to 60,600 to 700,Jan-25
THE SAIL @ MARINA BAY,MARINA BOULEVARD,1,Non-Landed Properties,1,"4,300",60 to 70,600 to 700,Jan-25
THE SAIL @ MARINA BAY,MARINA BOULEVARD,1,Non-Landed Properties,3,"7,500",120 to 130,"1,300 to 1,400",Jan-25
THE SAIL @ MARINA BAY,MARINA BOULEVARD,1,Non-Landed Properties,1,"4,250",60 to 70,600 to 700,Jan-25
THE SAIL @ MARINA BAY,MARINA BOULEVARD,1,Non-Landed Properties,1,"6,000",50 to 60,600 to 700,Jan-25
THE SAIL @ MARINA BAY,MARINA BOULEVARD,1,Non-Landed Properties,1,"5,600",50 to 60,600 to 700,Jan-25
THE SAIL @ MARINA BAY,MARINA BOULEVARD,1,Non-Landed Properties,1,"4,000",60 to 70,600 to 700,Jan-25
THE SAIL @ MARINA BAY,MARINA BOULEVARD,1,Non-Landed Properties,2,"3,250",70 to 80,800 to 900,Jan-25
THE SAIL @ MARINA BAY,MARINA BOULEVARD,1,Non-Landed Properties,2,"5,800",70 to 80,800 to 900,Jan-25
THE SAIL @ MARINA BAY,MARINA BOULEVARD,1,Non-Landed Properties,1,"4,400",60 to 70,600 to 700,Jan-25
THE SAIL @ MARINA BAY,MARINA BOULEVARD,1,Non-Landed Properties,2,"5,500",70 to 80,800 to 900,Jan-25
THE SAIL @ MARINA BAY,MARINA BOULEVARD,1,Non-Landed Properties,3,"8,000",120 to 130,"1,300 to 1,400",Jan-25
THE SAIL @ MARINA BAY,MARINA BOULEVARD,1,Non-Landed Properties,3,"11,000",160 to 170,"1,800 to 1,900",Jan-25
THE SAIL @ MARINA BAY,MARINA BOULEVARD,1,Non-Landed Properties,4,"9,350",150 to 160,"1,600 to 1,700",Jan-25
THE SAIL @ MARINA BAY,MARINA BOULEVARD,1,Non-Landed Properties,2,"6,700",90 to 100,"1,000 to 1,100",Jan-25
THE SAIL @ MARINA BAY,MARINA BOULEVARD,1,Non-Landed Properties,1,"4,200",50 to 60,500 to 600,Jan-25
THE SAIL @ MARINA BAY,MARINA BOULEVARD,1,Non-Landed Properties,1,"4,000",50 to 60,500 to 600,Jan-25
THE SAIL @ MARINA BAY,MARINA BOULEVARD,1,Non-Landed Properties,1,"4,200",60 to 70,600 to 700,Jan-25
THE SAIL @ MARINA BAY,MARINA BOULEVARD,1,Non-Landed Properties,3,"8,200",100 to 110,"1,100 to 1,200",Jan-25
THE SAIL @ MARINA BAY,MARINA BOULEVARD,1,Non-Landed Properties,2,"5,200",80 to 90,800 to 900,Jan-25
THE SAIL @ MARINA BAY,MARINA BOULEVARD,1,Non-Landed Properties,2,"6,800",80 to 90,800 to 900,Jan-25
THE SAIL @ MARINA BAY,MARINA BOULEVARD,1,Non-Landed Properties,1,"3,800",50 to 60,500 to 600,Jan-25
THE SAIL @ MARINA BAY,MARINA BOULEVARD,1,Non-Landed Properties,2,"7,500",80 to 90,800 to 900,Jan-25
THE SAIL @ MARINA BAY,MARINA BOULEVARD,1,Non-Landed Properties,1,"4,000",60 to 70,600 to 700,Jan-25
THE SAIL @ MARINA BAY,MARINA BOULEVARD,1,Non-Landed Properties,4,"12,500",200 to 210,"2,100 to 2,200",Jan-25
THE SAIL @ MARINA BAY,MARINA BOULEVARD,1,Non-Landed Properties,2,"6,500",80 to 90,"900 to 1,000",Jan-25
THE SAIL @ MARINA BAY,MARINA BOULEVARD,1,Non-Landed Properties,1,"4,100",60 to 70,600 to 700,Jan-25
THE SAIL @ MARINA BAY,MARINA BOULEVARD,1,Non-Landed Properties,2,"7,200",90 to 100,"1,000 to 1,100",Jan-25
THE SAIL @ MARINA BAY,MARINA BOULEVARD,1,Non-Landed Properties,4,"11,800",200 to 210,"2,100 to 2,200",Jan-25
THE SAIL @ MARINA BAY,MARINA BOULEVARD,1,Non-Landed Properties,1,"4,350",60 to 70,600 to 700,Jan-25
THE SAIL @ MARINA BAY,MARINA BOULEVARD,1,Non-Landed Properties,1,"4,200",60 to 70,600 to 700,Jan-25
THE SAIL @ MARINA BAY,MARINA BOULEVARD,1,Non-Landed Properties,1,"4,600",60 to 70,600 to 700,Jan-25
THE SAIL @ MARINA BAY,MARINA BOULEVARD,1,Non-Landed Properties,3,"7,500",100 to 110,"1,100 to 1,200",Jan-25
THE SAIL @ MARINA BAY,MARINA BOULEVARD,1,Non-Landed Properties,1,"4,300",60 to 70,600 to 700,Jan-25
THE SAIL @ MARINA BAY,MARINA BOULEVARD,1,Non-Landed Properties,3,"7,600",100 to 110,"1,100 to 1,200",Jan-25
THE SAIL @ MARINA BAY,MARINA BOULEVARD,1,Non-Landed Properties,1,"4,800",60 to 70,600 to 700,Jan-25
THE SAIL @ MARINA BAY,MARINA BOULEVARD,1,Non-Landed Properties,1,"4,000",60 to 70,600 to 700,Jan-25
THE SAIL @ MARINA BAY,MARINA BOULEVARD,1,Non-Landed Properties,1,"5,600",60 to 70,600 to 700,Jan-25
THE SAIL @ MARINA BAY,MARINA BOULEVARD,1,Non-Landed Properties,1,"5,500",60 to 70,600 to 700,Jan-25
THE SAIL @ MARINA BAY,MARINA BOULEVARD,1,Non-Landed Properties,1,"4,600",60 to 70,600 to 700,Jan-25
THE SAIL @ MARINA BAY,MARINA BOULEVARD,1,Non-Landed Properties,4,"10,500",190 to 200,"2,100 to 2,200",Jan-25
THE SAIL @ MARINA BAY,MARINA BOULEVARD,1,Non-Landed Properties,3,"11,200",170 to 180,"1,800 to 1,900",Jan-25
THE SAIL @ MARINA BAY,MARINA BOULEVARD,1,Non-Landed Properties,2,"6,500",80 to 90,800 to 900,Jan-25
THE SAIL @ MARINA BAY,MARINA BOULEVARD,1,Non-Landed Properties,1,"4,100",50 to 60,500 to 600,Jan-25
THE SAIL @ MARINA BAY,MARINA BOULEVARD,1,Non-Landed Properties,2,"6,550",80 to 90,800 to 900,Jan-25
PEOPLE'S PARK CENTRE,UPPER CROSS STREET,1,Non-Landed Properties,3,"4,400",150 to 160,"1,700 to 1,800",Jan-25
V ON SHENTON,SHENTON WAY,1,Non-Landed Properties,2,"6,000",90 to 100,"1,000 to 1,100",Jan-25
V ON SHENTON,SHENTON WAY,1,Non-Landed Properties,2,"6,000",100 to 110,"1,100 to 1,200",Jan-25
V ON SHENTON,SHENTON WAY,1,Non-Landed Properties,1,"4,200",60 to 70,600 to 700,Jan-25
V ON SHENTON,SHENTON WAY,1,Non-Landed Properties,2,"6,400",80 to 90,800 to 900,Jan-25
V ON SHENTON,SHENTON WAY,1,Non-Landed Properties,2,"6,500",110 to 120,"1,200 to 1,300",Jan-25
V ON SHENTON,SHENTON WAY,1,Non-Landed Properties,3,"10,500",160 to 170,"1,700 to 1,800",Jan-25
V ON SHENTON,SHENTON WAY,1,Non-Landed Properties,1,"4,000",40 to 50,400 to 500,Jan-25
V ON SHENTON,SHENTON WAY,1,Non-Landed Properties,NA,"3,500",40 to 50,400 to 500,Jan-25
V ON SHENTON,SHENTON WAY,1,Non-Landed Properties,2,"6,500",100 to 110,"1,000 to 1,100",Jan-25
V ON SHENTON,SHENTON WAY,1,Non-Landed Properties,NA,"3,350",40 to 50,400 to 500,Jan-25
V ON SHENTON,SHENTON WAY,1,Non-Landed Properties,NA,"3,600",40 to 50,400 to 500,Jan-25
V ON SHENTON,SHENTON WAY,1,Non-Landed Properties,NA,"3,600",40 to 50,400 to 500,Jan-25
V ON SHENTON,SHENTON WAY,1,Non-Landed Properties,NA,"4,000",40 to 50,400 to 500,Jan-25
V ON SHENTON,SHENTON WAY,1,Non-Landed Properties,NA,"4,000",40 to 50,400 to 500,Jan-25
V ON SHENTON,SHENTON WAY,1,Non-Landed Properties,1,"3,500",40 to 50,500 to 600,Jan-25
V ON SHENTON,SHENTON WAY,1,Non-Landed Properties,2,"5,450",100 to 110,"1,000 to 1,100",Jan-25
V ON SHENTON,SHENTON WAY,1,Non-Landed Properties,3,"9,200",140 to 150,"1,500 to 1,600",Jan-25
V ON SHENTON,SHENTON WAY,1,Non-Landed Properties,2,"5,500",100 to 110,"1,100 to 1,200",Jan-25
V ON SHENTON,SHENTON WAY,1,Non-Landed Properties,1,"3,600",40 to 50,400 to 500,Jan-25
V ON SHENTON,SHENTON WAY,1,Non-Landed Properties,1,"4,350",60 to 70,600 to 700,Jan-25
V ON SHENTON,SHENTON WAY,1,Non-Landed Properties,NA,"3,700",40 to 50,400 to 500,Jan-25
ROBINSON SUITES,ROBINSON ROAD,1,Non-Landed Properties,1,"3,700",40 to 50,400 to 500,Jan-25
ROBINSON SUITES,ROBINSON ROAD,1,Non-Landed Properties,2,"4,300",50 to 60,600 to 700,Jan-25
ROBINSON SUITES,ROBINSON ROAD,1,Non-Landed Properties,1,"4,000",40 to 50,400 to 500,Jan-25
ROBINSON SUITES,ROBINSON ROAD,1,Non-Landed Properties,1,"3,800",40 to 50,400 to 500,Jan-25
ROBINSON SUITES,ROBINSON ROAD,1,Non-Landed Properties,2,"4,100",50 to 60,600 to 700,Jan-25
ROBINSON SUITES,ROBINSON ROAD,1,Non-Landed Properties,2,"4,600",50 to 60,600 to 700,Jan-25
ROBINSON SUITES,ROBINSON ROAD,1,Non-Landed Properties,2,"4,000",50 to 60,600 to 700,Jan-25
ROBINSON SUITES,ROBINSON ROAD,1,Non-Landed Properties,1,"4,000",40 to 50,400 to 500,Jan-25
ROBINSON SUITES,ROBINSON ROAD,1,Non-Landed Properties,2,"4,600",50 to 60,600 to 700,Jan-25
ROBINSON SUITES,ROBINSON ROAD,1,Non-Landed Properties,1,"3,900",40 to 50,500 to 600,Jan-25
ROBINSON SUITES,ROBINSON ROAD,1,Non-Landed Properties,1,"3,500",40 to 50,400 to 500,Jan-25
ROBINSON SUITES,ROBINSON ROAD,1,Non-Landed Properties,1,"3,500",40 to 50,400 to 500,Jan-25
ROBINSON SUITES,ROBINSON ROAD,1,Non-Landed Properties,1,"4,000",40 to 50,400 to 500,Jan-25
ALLAN VILLE,GEMMILL LANE,1,Non-Landed Properties,NA,"3,200",60 to 70,600 to 700,Jan-25
MARINA BAY SUITES,CENTRAL BOULEVARD,1,Non-Landed Properties,4,"13,000",180 to 190,"2,000 to 2,100",Jan-25
MARINA BAY SUITES,CENTRAL BOULEVARD,1,Non-Landed Properties,3,"10,800",150 to 160,"1,600 to 1,700",Jan-25
MARINA BAY SUITES,CENTRAL BOULEVARD,1,Non-Landed Properties,3,"10,300",140 to 150,"1,500 to 1,600",Jan-25
MARINA BAY SUITES,CENTRAL BOULEVARD,1,Non-Landed Properties,3,"10,000",140 to 150,"1,600 to 1,700",Jan-25
MARINA BAY SUITES,CENTRAL BOULEVARD,1,Non-Landed Properties,3,"8,900",140 to 150,"1,600 to 1,700",Jan-25
MARINA BAY SUITES,CENTRAL BOULEVARD,1,Non-Landed Properties,3,"10,000",150 to 160,"1,600 to 1,700",Jan-25
MARINA BAY SUITES,CENTRAL BOULEVARD,1,Non-Landed Properties,3,"9,500",140 to 150,"1,600 to 1,700",Jan-25
MARINA BAY SUITES,CENTRAL BOULEVARD,1,Non-Landed Properties,4,"12,800",190 to 200,"2,000 to 2,100",Jan-25
MARINA BAY SUITES,CENTRAL BOULEVARD,1,Non-Landed Properties,3,"11,000",140 to 150,"1,600 to 1,700",Jan-25
RIVERWALK APARTMENTS,UPPER CIRCULAR ROAD,1,Non-Landed Properties,3,"7,400",140 to 150,"1,600 to 1,700",Jan-25
RIVERWALK APARTMENTS,UPPER CIRCULAR ROAD,1,Non-Landed Properties,2,"6,200",110 to 120,"1,200 to 1,300",Jan-25
MARINA BAY RESIDENCES,MARINA BOULEVARD,1,Non-Landed Properties,2,"6,800",100 to 110,"1,100 to 1,200",Jan-25
MARINA BAY RESIDENCES,MARINA BOULEVARD,1,Non-Landed Properties,1,"6,500",60 to 70,700 to 800,Jan-25
MARINA BAY RESIDENCES,MARINA BOULEVARD,1,Non-Landed Properties,4,"35,000",>300,>3000,Jan-25
MARINA BAY RESIDENCES,MARINA BOULEVARD,1,Non-Landed Properties,1,"6,200",60 to 70,700 to 800,Jan-25
MARINA BAY RESIDENCES,MARINA BOULEVARD,1,Non-Landed Properties,3,"11,000",150 to 160,"1,600 to 1,700",Jan-25
MARINA BAY RESIDENCES,MARINA BOULEVARD,1,Non-Landed Properties,3,"12,800",150 to 160,"1,600 to 1,700",Jan-25
MARINA BAY RESIDENCES,MARINA BOULEVARD,1,Non-Landed Properties,3,"15,500",180 to 190,"1,900 to 2,000",Jan-25
MARINA BAY RESIDENCES,MARINA BOULEVARD,1,Non-Landed Properties,2,"8,400",90 to 100,"1,000 to 1,100",Jan-25
MARINA BAY RESIDENCES,MARINA BOULEVARD,1,Non-Landed Properties,1,"5,800",60 to 70,700 to 800,Jan-25
MARINA BAY RESIDENCES,MARINA BOULEVARD,1,Non-Landed Properties,3,"13,500",180 to 190,"1,900 to 2,000",Jan-25
MARINA BAY RESIDENCES,MARINA BOULEVARD,1,Non-Landed Properties,2,"8,150",100 to 110,"1,100 to 1,200",Jan-25
MARINA BAY RESIDENCES,MARINA BOULEVARD,1,Non-Landed Properties,3,"16,000",180 to 190,"1,900 to 2,000",Jan-25
THE CLIFT,MCCALLUM STREET,1,Non-Landed Properties,1,"4,000",40 to 50,500 to 600,Dec-24
THE CLIFT,MCCALLUM STREET,1,Non-Landed Properties,1,"3,900",40 to 50,500 to 600,Dec-24
THE CLIFT,MCCALLUM STREET,1,Non-Landed Properties,1,"4,200",40 to 50,400 to 500,Dec-24
THE CLIFT,MCCALLUM STREET,1,Non-Landed Properties,1,"4,800",40 to 50,500 to 600,Dec-24
THE CLIFT,MCCALLUM STREET,1,Non-Landed Properties,1,"4,000",40 to 50,500 to 600,Dec-24
THE CLIFT,MCCALLUM STREET,1,Non-Landed Properties,1,"4,400",40 to 50,500 to 600,Dec-24
THE CLIFT,MCCALLUM STREET,1,Non-Landed Properties,2,"5,500",70 to 80,700 to 800,Dec-24
THE CLIFT,MCCALLUM STREET,1,Non-Landed Properties,1,"4,000",40 to 50,500 to 600,Dec-24
THE CLIFT,MCCALLUM STREET,1,Non-Landed Properties,1,"4,500",60 to 70,700 to 800,Dec-24
THE CLIFT,MCCALLUM STREET,1,Non-Landed Properties,1,"4,000",40 to 50,500 to 600,Dec-24
THE CLIFT,MCCALLUM STREET,1,Non-Landed Properties,1,"4,300",40 to 50,500 to 600,Dec-24
THE CLIFT,MCCALLUM STREET,1,Non-Landed Properties,1,"4,000",40 to 50,500 to 600,Dec-24
THE CLIFT,MCCALLUM STREET,1,Non-Landed Properties,1,"4,000",40 to 50,500 to 600,Dec-24
THE CLIFT,MCCALLUM STREET,1,Non-Landed Properties,2,"6,000",70 to 80,700 to 800,Dec-24
THE CLIFT,MCCALLUM STREET,1,Non-Landed Properties,2,"6,500",80 to 90,800 to 900,Dec-24
THE CLIFT,MCCALLUM STREET,1,Non-Landed Properties,2,"4,500",70 to 80,700 to 800,Dec-24
THE CLIFT,MCCALLUM STREET,1,Non-Landed Properties,2,"6,600",80 to 90,800 to 900,Dec-24
THE CLIFT,MCCALLUM STREET,1,Non-Landed Properties,1,"4,000",40 to 50,500 to 600,Dec-24
THE CLIFT,MCCALLUM STREET,1,Non-Landed Properties,1,"3,900",40 to 50,500 to 600,Dec-24
ONE SHENTON,SHENTON WAY,1,Non-Landed Properties,2,"7,000",110 to 120,"1,100 to 1,200",Dec-24
ONE SHENTON,SHENTON WAY,1,Non-Landed Properties,2,"6,200",100 to 110,"1,000 to 1,100",Dec-24
ONE SHENTON,SHENTON WAY,1,Non-Landed Properties,1,"4,450",50 to 60,500 to 600,Dec-24
ONE SHENTON,SHENTON WAY,1,Non-Landed Properties,1,"4,200",50 to 60,500 to 600,Dec-24
ONE SHENTON,SHENTON WAY,1,Non-Landed Properties,1,"4,850",70 to 80,800 to 900,Dec-24
ONE SHENTON,SHENTON WAY,1,Non-Landed Properties,2,"6,800",100 to 110,"1,100 to 1,200",Dec-24
ONE SHENTON,SHENTON WAY,1,Non-Landed Properties,3,"8,000",140 to 150,"1,500 to 1,600",Dec-24
ONE SHENTON,SHENTON WAY,1,Non-Landed Properties,3,"7,750",140 to 150,"1,500 to 1,600",Dec-24
ONE SHENTON,SHENTON WAY,1,Non-Landed Properties,1,"5,600",90 to 100,"1,000 to 1,100",Dec-24
ONE SHENTON,SHENTON WAY,1,Non-Landed Properties,1,"4,500",40 to 50,500 to 600,Dec-24
ONE SHENTON,SHENTON WAY,1,Non-Landed Properties,2,"5,800",100 to 110,"1,000 to 1,100",Dec-24
ONE SHENTON,SHENTON WAY,1,Non-Landed Properties,1,"5,200",40 to 50,500 to 600,Dec-24
ONE SHENTON,SHENTON WAY,1,Non-Landed Properties,1,"5,100",80 to 90,"900 to 1,000",Dec-24
FOOK HAI BUILDING,SOUTH BRIDGE ROAD,1,Non-Landed Properties,3,"6,500",130 to 140,"1,400 to 1,500",Dec-24
PEOPLE'S PARK COMPLEX,PARK ROAD,1,Non-Landed Properties,4,"6,200",140 to 150,"1,600 to 1,700",Dec-24
PEOPLE'S PARK COMPLEX,PARK ROAD,1,Non-Landed Properties,1,"2,300",30 to 40,400 to 500,Dec-24
PEOPLE'S PARK COMPLEX,PARK ROAD,1,Non-Landed Properties,3,"3,800",100 to 110,"1,100 to 1,200",Dec-24
PEOPLE'S PARK COMPLEX,PARK ROAD,1,Non-Landed Properties,1,"2,800",40 to 50,400 to 500,Dec-24
EMERALD GARDEN,CLUB STREET,1,Non-Landed Properties,3,"6,000",110 to 120,"1,200 to 1,300",Dec-24
EMERALD GARDEN,CLUB STREET,1,Non-Landed Properties,2,"6,500",110 to 120,"1,100 to 1,200",Dec-24
EMERALD GARDEN,CLUB STREET,1,Non-Landed Properties,1,"4,300",70 to 80,800 to 900,Dec-24
EMERALD GARDEN,CLUB STREET,1,Non-Landed Properties,3,"6,400",110 to 120,"1,200 to 1,300",Dec-24
EMERALD GARDEN,CLUB STREET,1,Non-Landed Properties,1,"4,600",90 to 100,"1,000 to 1,100",Dec-24
EMERALD GARDEN,CLUB STREET,1,Non-Landed Properties,2,"5,500",90 to 100,"1,000 to 1,100",Dec-24
EMERALD GARDEN,CLUB STREET,1,Non-Landed Properties,2,"5,200",80 to 90,"900 to 1,000",Dec-24
EMERALD GARDEN,CLUB STREET,1,Non-Landed Properties,2,"5,300",80 to 90,"900 to 1,000",Dec-24
EMERALD GARDEN,CLUB STREET,1,Non-Landed Properties,2,"5,500",90 to 100,"1,000 to 1,100",Dec-24
EMERALD GARDEN,CLUB STREET,1,Non-Landed Properties,2,"5,800",100 to 110,"1,000 to 1,100",Dec-24
MARINA ONE RESIDENCES,MARINA WAY,1,Non-Landed Properties,1,"5,000",70 to 80,700 to 800,Dec-24
MARINA ONE RESIDENCES,MARINA WAY,1,Non-Landed Properties,1,"4,500",60 to 70,700 to 800,Dec-24
MARINA ONE RESIDENCES,MARINA WAY,1,Non-Landed Properties,1,"4,550",60 to 70,700 to 800,Dec-24
MARINA ONE RESIDENCES,MARINA WAY,1,Non-Landed Properties,2,"7,000",100 to 110,"1,100 to 1,200",Dec-24
MARINA ONE RESIDENCES,MARINA WAY,1,Non-Landed Properties,2,"6,500",90 to 100,"1,000 to 1,100",Dec-24
MARINA ONE RESIDENCES,MARINA WAY,1,Non-Landed Properties,2,"6,800",100 to 110,"1,100 to 1,200",Dec-24
MARINA ONE RESIDENCES,MARINA WAY,1,Non-Landed Properties,1,"4,600",60 to 70,600 to 700,Dec-24
MARINA ONE RESIDENCES,MARINA WAY,1,Non-Landed Properties,1,"4,400",70 to 80,700 to 800,Dec-24
MARINA ONE RESIDENCES,MARINA WAY,1,Non-Landed Properties,3,"9,000",140 to 150,"1,500 to 1,600",Dec-24
MARINA ONE RESIDENCES,MARINA WAY,1,Non-Landed Properties,2,"7,300",100 to 110,"1,100 to 1,200",Dec-24
MARINA ONE RESIDENCES,MARINA WAY,1,Non-Landed Properties,2,"7,500",100 to 110,"1,100 to 1,200",Dec-24
MARINA ONE RESIDENCES,MARINA WAY,1,Non-Landed Properties,3,"10,500",140 to 150,"1,500 to 1,600",Dec-24
MARINA ONE RESIDENCES,MARINA WAY,1,Non-Landed Properties,1,"4,700",60 to 70,700 to 800,Dec-24
MARINA ONE RESIDENCES,MARINA WAY,1,Non-Landed Properties,1,"4,000",60 to 70,700 to 800,Dec-24
MARINA ONE RESIDENCES,MARINA WAY,1,Non-Landed Properties,1,"4,500",60 to 70,700 to 800,Dec-24
MARINA ONE RESIDENCES,MARINA WAY,1,Non-Landed Properties,3,"11,000",140 to 150,"1,500 to 1,600",Dec-24
MARINA ONE RESIDENCES,MARINA WAY,1,Non-Landed Properties,3,"11,500",140 to 150,"1,500 to 1,600",Dec-24
MARINA ONE RESIDENCES,MARINA WAY,1,Non-Landed Properties,4,"14,300",200 to 210,"2,200 to 2,300",Dec-24
MARINA ONE RESIDENCES,MARINA WAY,1,Non-Landed Properties,1,"4,400",60 to 70,700 to 800,Dec-24
MARINA ONE RESIDENCES,MARINA WAY,1,Non-Landed Properties,3,"9,500",140 to 150,"1,500 to 1,600",Dec-24
MARINA ONE RESIDENCES,MARINA WAY,1,Non-Landed Properties,1,"4,200",60 to 70,700 to 800,Dec-24
MARINA ONE RESIDENCES,MARINA WAY,1,Non-Landed Properties,1,"4,500",70 to 80,700 to 800,Dec-24
MARINA ONE RESIDENCES,MARINA WAY,1,Non-Landed Properties,1,"4,300",60 to 70,600 to 700,Dec-24
MARINA ONE RESIDENCES,MARINA WAY,1,Non-Landed Properties,1,"4,800",60 to 70,700 to 800,Dec-24
MARINA ONE RESIDENCES,MARINA WAY,1,Non-Landed Properties,2,"7,500",100 to 110,"1,100 to 1,200",Dec-24
MARINA ONE RESIDENCES,MARINA WAY,1,Non-Landed Properties,1,"4,700",60 to 70,700 to 800,Dec-24
MARINA ONE RESIDENCES,MARINA WAY,1,Non-Landed Properties,1,"5,400",70 to 80,700 to 800,Dec-24
MARINA ONE RESIDENCES,MARINA WAY,1,Non-Landed Properties,3,"13,300",140 to 150,"1,500 to 1,600",Dec-24
MARINA ONE RESIDENCES,MARINA WAY,1,Non-Landed Properties,1,"4,300",60 to 70,700 to 800,Dec-24
MARINA ONE RESIDENCES,MARINA WAY,1,Non-Landed Properties,1,"4,900",60 to 70,700 to 800,Dec-24
MARINA ONE RESIDENCES,MARINA WAY,1,Non-Landed Properties,2,"8,000",100 to 110,"1,100 to 1,200",Dec-24
MARINA ONE RESIDENCES,MARINA WAY,1,Non-Landed Properties,1,"5,200",70 to 80,700 to 800,Dec-24
MARINA ONE RESIDENCES,MARINA WAY,1,Non-Landed Properties,1,"4,650",60 to 70,700 to 800,Dec-24
MARINA ONE RESIDENCES,MARINA WAY,1,Non-Landed Properties,3,"9,500",140 to 150,"1,500 to 1,600",Dec-24
MARINA ONE RESIDENCES,MARINA WAY,1,Non-Landed Properties,1,"5,000",60 to 70,600 to 700,Dec-24
MARINA ONE RESIDENCES,MARINA WAY,1,Non-Landed Properties,3,"10,000",140 to 150,"1,500 to 1,600",Dec-24
MARINA ONE RESIDENCES,MARINA WAY,1,Non-Landed Properties,2,"7,800",100 to 110,"1,100 to 1,200",Dec-24
MARINA ONE RESIDENCES,MARINA WAY,1,Non-Landed Properties,1,"4,500",60 to 70,600 to 700,Dec-24
MARINA ONE RESIDENCES,MARINA WAY,1,Non-Landed Properties,1,"5,500",70 to 80,700 to 800,Dec-24
MARINA ONE RESIDENCES,MARINA WAY,1,Non-Landed Properties,4,"15,000",180 to 190,"2,000 to 2,100",Dec-24
MARINA ONE RESIDENCES,MARINA WAY,1,Non-Landed Properties,1,"4,650",60 to 70,700 to 800,Dec-24
MARINA ONE RESIDENCES,MARINA WAY,1,Non-Landed Properties,1,"5,000",60 to 70,600 to 700,Dec-24
MARINA ONE RESIDENCES,MARINA WAY,1,Non-Landed Properties,2,"7,500",100 to 110,"1,100 to 1,200",Dec-24
MARINA ONE RESIDENCES,MARINA WAY,1,Non-Landed Properties,1,"5,300",60 to 70,700 to 800,Dec-24
THE SAIL @ MARINA BAY,MARINA BOULEVARD,1,Non-Landed Properties,2,"5,700",70 to 80,800 to 900,Dec-24
THE SAIL @ MARINA BAY,MARINA BOULEVARD,1,Non-Landed Properties,4,"10,000",150 to 160,"1,600 to 1,700",Dec-24
THE SAIL @ MARINA BAY,MARINA BOULEVARD,1,Non-Landed Properties,1,"4,500",60 to 70,600 to 700,Dec-24
THE SAIL @ MARINA BAY,MARINA BOULEVARD,1,Non-Landed Properties,1,"4,400",50 to 60,600 to 700,Dec-24
THE SAIL @ MARINA BAY,MARINA BOULEVARD,1,Non-Landed Properties,1,"5,500",50 to 60,600 to 700,Dec-24
THE SAIL @ MARINA BAY,MARINA BOULEVARD,1,Non-Landed Properties,1,"4,300",50 to 60,600 to 700,Dec-24
THE SAIL @ MARINA BAY,MARINA BOULEVARD,1,Non-Landed Properties,1,"4,700",60 to 70,600 to 700,Dec-24
THE SAIL @ MARINA BAY,MARINA BOULEVARD,1,Non-Landed Properties,3,"8,800",130 to 140,"1,400 to 1,500",Dec-24
THE SAIL @ MARINA BAY,MARINA BOULEVARD,1,Non-Landed Properties,3,"8,000",120 to 130,"1,300 to 1,400",Dec-24
THE SAIL @ MARINA BAY,MARINA BOULEVARD,1,Non-Landed Properties,1,"4,400",50 to 60,600 to 700,Dec-24
THE SAIL @ MARINA BAY,MARINA BOULEVARD,1,Non-Landed Properties,1,"4,300",50 to 60,600 to 700,Dec-24
THE SAIL @ MARINA BAY,MARINA BOULEVARD,1,Non-Landed Properties,1,"4,500",60 to 70,600 to 700,Dec-24
THE SAIL @ MARINA BAY,MARINA BOULEVARD,1,Non-Landed Properties,1,"4,900",50 to 60,600 to 700,Dec-24
THE SAIL @ MARINA BAY,MARINA BOULEVARD,1,Non-Landed Properties,1,"4,300",50 to 60,600 to 700,Dec-24
THE SAIL @ MARINA BAY,MARINA BOULEVARD,1,Non-Landed Properties,1,"4,200",60 to 70,600 to 700,Dec-24
THE SAIL @ MARINA BAY,MARINA BOULEVARD,1,Non-Landed Properties,1,"3,950",50 to 60,600 to 700,Dec-24
THE SAIL @ MARINA BAY,MARINA BOULEVARD,1,Non-Landed Properties,1,"4,300",60 to 70,600 to 700,Dec-24
THE SAIL @ MARINA BAY,MARINA BOULEVARD,1,Non-Landed Properties,2,"7,800",90 to 100,"1,000 to 1,100",Dec-24
THE SAIL @ MARINA BAY,MARINA BOULEVARD,1,Non-Landed Properties,3,"11,300",160 to 170,"1,700 to 1,800",Dec-24
THE SAIL @ MARINA BAY,MARINA BOULEVARD,1,Non-Landed Properties,2,"7,000",80 to 90,800 to 900,Dec-24
THE SAIL @ MARINA BAY,MARINA BOULEVARD,1,Non-Landed Properties,2,"5,500",80 to 90,800 to 900,Dec-24
THE SAIL @ MARINA BAY,MARINA BOULEVARD,1,Non-Landed Properties,2,"5,100",80 to 90,800 to 900,Dec-24
THE SAIL @ MARINA BAY,MARINA BOULEVARD,1,Non-Landed Properties,3,"7,600",100 to 110,"1,100 to 1,200",Dec-24
THE SAIL @ MARINA BAY,MARINA BOULEVARD,1,Non-Landed Properties,1,"5,500",60 to 70,600 to 700,Dec-24
THE SAIL @ MARINA BAY,MARINA BOULEVARD,1,Non-Landed Properties,2,"6,000",80 to 90,800 to 900,Dec-24
THE SAIL @ MARINA BAY,MARINA BOULEVARD,1,Non-Landed Properties,2,"8,000",90 to 100,"1,000 to 1,100",Dec-24
THE SAIL @ MARINA BAY,MARINA BOULEVARD,1,Non-Landed Properties,1,"4,300",60 to 70,600 to 700,Dec-24
THE SAIL @ MARINA BAY,MARINA BOULEVARD,1,Non-Landed Properties,1,"4,300",60 to 70,600 to 700,Dec-24
THE SAIL @ MARINA BAY,MARINA BOULEVARD,1,Non-Landed Properties,2,"5,600",80 to 90,800 to 900,Dec-24
THE SAIL @ MARINA BAY,MARINA BOULEVARD,1,Non-Landed Properties,2,"7,400",80 to 90,800 to 900,Dec-24
THE SAIL @ MARINA BAY,MARINA BOULEVARD,1,Non-Landed Properties,1,"3,900",60 to 70,600 to 700,Dec-24
THE SAIL @ MARINA BAY,MARINA BOULEVARD,1,Non-Landed Properties,1,"5,100",60 to 70,600 to 700,Dec-24
THE SAIL @ MARINA BAY,MARINA BOULEVARD,1,Non-Landed Properties,2,"5,550",80 to 90,800 to 900,Dec-24
THE SAIL @ MARINA BAY,MARINA BOULEVARD,1,Non-Landed Properties,2,"5,700",80 to 90,800 to 900,Dec-24
THE SAIL @ MARINA BAY,MARINA BOULEVARD,1,Non-Landed Properties,2,"7,350",80 to 90,"900 to 1,000",Dec-24
THE SAIL @ MARINA BAY,MARINA BOULEVARD,1,Non-Landed Properties,1,"4,200",50 to 60,500 to 600,Dec-24
THE SAIL @ MARINA BAY,MARINA BOULEVARD,1,Non-Landed Properties,4,"13,000",190 to 200,"2,000 to 2,100",Dec-24
THE SAIL @ MARINA BAY,MARINA BOULEVARD,1,Non-Landed Properties,2,"5,600",80 to 90,800 to 900,Dec-24
THE SAIL @ MARINA BAY,MARINA BOULEVARD,1,Non-Landed Properties,2,"7,400",90 to 100,"1,000 to 1,100",Dec-24
THE SAIL @ MARINA BAY,MARINA BOULEVARD,1,Non-Landed Properties,1,"3,900",50 to 60,500 to 600,Dec-24
THE SAIL @ MARINA BAY,MARINA BOULEVARD,1,Non-Landed Properties,1,"4,300",50 to 60,500 to 600,Dec-24
THE SAIL @ MARINA BAY,MARINA BOULEVARD,1,Non-Landed Properties,1,"4,500",60 to 70,600 to 700,Dec-24
THE SAIL @ MARINA BAY,MARINA BOULEVARD,1,Non-Landed Properties,1,"5,100",60 to 70,600 to 700,Dec-24
THE SAIL @ MARINA BAY,MARINA BOULEVARD,1,Non-Landed Properties,1,"4,000",60 to 70,600 to 700,Dec-24
THE SAIL @ MARINA BAY,MARINA BOULEVARD,1,Non-Landed Properties,4,"12,000",200 to 210,"2,100 to 2,200",Dec-24
THE SAIL @ MARINA BAY,MARINA BOULEVARD,1,Non-Landed Properties,1,"4,000",50 to 60,500 to 600,Dec-24
THE SAIL @ MARINA BAY,MARINA BOULEVARD,1,Non-Landed Properties,2,"5,500",80 to 90,800 to 900,Dec-24
THE RIVERSIDE PIAZZA,KENG CHEOW STREET,1,Non-Landed Properties,3,"5,500",110 to 120,"1,200 to 1,300",Dec-24
THE RIVERSIDE PIAZZA,KENG CHEOW STREET,1,Non-Landed Properties,3,"5,100",110 to 120,"1,200 to 1,300",Dec-24
PEOPLE'S PARK CENTRE,UPPER CROSS STREET,1,Non-Landed Properties,4,"6,060",200 to 210,"2,200 to 2,300",Dec-24
V ON SHENTON,SHENTON WAY,1,Non-Landed Properties,2,"5,650",80 to 90,"900 to 1,000",Dec-24
V ON SHENTON,SHENTON WAY,1,Non-Landed Properties,1,"4,500",60 to 70,600 to 700,Dec-24
V ON SHENTON,SHENTON WAY,1,Non-Landed Properties,3,"8,500",140 to 150,"1,500 to 1,600",Dec-24
V ON SHENTON,SHENTON WAY,1,Non-Landed Properties,2,"6,500",100 to 110,"1,100 to 1,200",Dec-24
V ON SHENTON,SHENTON WAY,1,Non-Landed Properties,2,"7,400",100 to 110,"1,100 to 1,200",Dec-24
V ON SHENTON,SHENTON WAY,1,Non-Landed Properties,3,"8,200",140 to 150,"1,500 to 1,600",Dec-24
V ON SHENTON,SHENTON WAY,1,Non-Landed Properties,1,"4,000",40 to 50,500 to 600,Dec-24
V ON SHENTON,SHENTON WAY,1,Non-Landed Properties,2,"6,200",100 to 110,"1,000 to 1,100",Dec-24
V ON SHENTON,SHENTON WAY,1,Non-Landed Properties,2,"5,700",90 to 100,"1,000 to 1,100",Dec-24
V ON SHENTON,SHENTON WAY,1,Non-Landed Properties,2,"6,800",100 to 110,"1,000 to 1,100",Dec-24
V ON SHENTON,SHENTON WAY,1,Non-Landed Properties,3,"7,800",140 to 150,"1,500 to 1,600",Dec-24
V ON SHENTON,SHENTON WAY,1,Non-Landed Properties,NA,"3,550",40 to 50,400 to 500,Dec-24
V ON SHENTON,SHENTON WAY,1,Non-Landed Properties,NA,"3,500",40 to 50,400 to 500,Dec-24
V ON SHENTON,SHENTON WAY,1,Non-Landed Properties,4,"23,000",>300,>3000,Dec-24
V ON SHENTON,SHENTON WAY,1,Non-Landed Properties,2,"6,000",100 to 110,"1,100 to 1,200",Dec-24
V ON SHENTON,SHENTON WAY,1,Non-Landed Properties,NA,"3,300",40 to 50,400 to 500,Dec-24
V ON SHENTON,SHENTON WAY,1,Non-Landed Properties,2,"6,500",80 to 90,"900 to 1,000",Dec-24
V ON SHENTON,SHENTON WAY,1,Non-Landed Properties,NA,"3,600",40 to 50,400 to 500,Dec-24
V ON SHENTON,SHENTON WAY,1,Non-Landed Properties,2,"5,800",80 to 90,800 to 900,Dec-24
V ON SHENTON,SHENTON WAY,1,Non-Landed Properties,3,"14,000",160 to 170,"1,700 to 1,800",Dec-24
V ON SHENTON,SHENTON WAY,1,Non-Landed Properties,2,"7,500",100 to 110,"1,100 to 1,200",Dec-24
V ON SHENTON,SHENTON WAY,1,Non-Landed Properties,2,"7,660",90 to 100,"1,000 to 1,100",Dec-24
ROBINSON SUITES,ROBINSON ROAD,1,Non-Landed Properties,1,"3,700",40 to 50,500 to 600,Dec-24
ROBINSON SUITES,ROBINSON ROAD,1,Non-Landed Properties,1,"3,500",40 to 50,400 to 500,Dec-24
ROBINSON SUITES,ROBINSON ROAD,1,Non-Landed Properties,1,"3,500",40 to 50,400 to 500,Dec-24
ROBINSON SUITES,ROBINSON ROAD,1,Non-Landed Properties,1,"3,880",40 to 50,500 to 600,Dec-24
ROBINSON SUITES,ROBINSON ROAD,1,Non-Landed Properties,1,"3,700",40 to 50,500 to 600,Dec-24
ROBINSON SUITES,ROBINSON ROAD,1,Non-Landed Properties,1,"3,600",40 to 50,400 to 500,Dec-24
ROBINSON SUITES,ROBINSON ROAD,1,Non-Landed Properties,2,"4,300",50 to 60,600 to 700,Dec-24
ROBINSON SUITES,ROBINSON ROAD,1,Non-Landed Properties,1,"3,800",40 to 50,500 to 600,Dec-24
ROBINSON SUITES,ROBINSON ROAD,1,Non-Landed Properties,1,"3,500",40 to 50,400 to 500,Dec-24
ROBINSON SUITES,ROBINSON ROAD,1,Non-Landed Properties,1,"3,700",40 to 50,400 to 500,Dec-24
ALLAN VILLE,GEMMILL LANE,1,Non-Landed Properties,NA,"6,000",100 to 110,"1,000 to 1,100",Dec-24
MARINA BAY SUITES,CENTRAL BOULEVARD,1,Non-Landed Properties,3,"10,000",140 to 150,"1,500 to 1,600",Dec-24
MARINA BAY SUITES,CENTRAL BOULEVARD,1,Non-Landed Properties,4,"16,500",240 to 250,"2,600 to 2,700",Dec-24
MARINA BAY SUITES,CENTRAL BOULEVARD,1,Non-Landed Properties,4,"11,800",190 to 200,"2,000 to 2,100",Dec-24
MARINA BAY SUITES,CENTRAL BOULEVARD,1,Non-Landed Properties,4,"15,000",240 to 250,"2,600 to 2,700",Dec-24
MARINA BAY SUITES,CENTRAL BOULEVARD,1,Non-Landed Properties,4,"10,500",180 to 190,"2,000 to 2,100",Dec-24
MARINA BAY SUITES,CENTRAL BOULEVARD,1,Non-Landed Properties,4,"19,000",240 to 250,"2,600 to 2,700",Dec-24
RIVERWALK APARTMENTS,UPPER CIRCULAR ROAD,1,Non-Landed Properties,NA,"3,000",70 to 80,800 to 900,Dec-24
RIVERWALK APARTMENTS,UPPER CIRCULAR ROAD,1,Non-Landed Properties,3,"7,400",140 to 150,"1,600 to 1,700",Dec-24
RIVERWALK APARTMENTS,UPPER CIRCULAR ROAD,1,Non-Landed Properties,NA,"3,800",70 to 80,800 to 900,Dec-24
RIVERWALK APARTMENTS,UPPER CIRCULAR ROAD,1,Non-Landed Properties,3,"6,200",130 to 140,"1,400 to 1,500",Dec-24
RIVERWALK APARTMENTS,UPPER CIRCULAR ROAD,1,Non-Landed Properties,2,"5,500",110 to 120,"1,200 to 1,300",Dec-24
MARINA BAY RESIDENCES,MARINA BOULEVARD,1,Non-Landed Properties,4,"10,500",210 to 220,"2,300 to 2,400",Dec-24
MARINA BAY RESIDENCES,MARINA BOULEVARD,1,Non-Landed Properties,2,"8,000",110 to 120,"1,200 to 1,300",Dec-24
MARINA BAY RESIDENCES,MARINA BOULEVARD,1,Non-Landed Properties,3,"10,500",150 to 160,"1,600 to 1,700",Dec-24
MARINA BAY RESIDENCES,MARINA BOULEVARD,1,Non-Landed Properties,2,"8,500",110 to 120,"1,200 to 1,300",Dec-24
MARINA BAY RESIDENCES,MARINA BOULEVARD,1,Non-Landed Properties,1,"5,300",60 to 70,700 to 800,Dec-24
MARINA BAY RESIDENCES,MARINA BOULEVARD,1,Non-Landed Properties,3,"12,900",150 to 160,"1,600 to 1,700",Dec-24
MARINA BAY RESIDENCES,MARINA BOULEVARD,1,Non-Landed Properties,2,"7,800",90 to 100,"1,000 to 1,100",Dec-24
MARINA BAY RESIDENCES,MARINA BOULEVARD,1,Non-Landed Properties,1,"5,500",60 to 70,700 to 800,Dec-24
MARINA BAY RESIDENCES,MARINA BOULEVARD,1,Non-Landed Properties,2,"8,000",110 to 120,"1,200 to 1,300",Dec-24
MARINA BAY RESIDENCES,MARINA BOULEVARD,1,Non-Landed Properties,2,"7,500",90 to 100,"900 to 1,000",Dec-24
MARINA BAY RESIDENCES,MARINA BOULEVARD,1,Non-Landed Properties,4,"15,000",210 to 220,"2,300 to 2,400",Dec-24
THE CLIFT,MCCALLUM STREET,1,Non-Landed Properties,1,"5,200",40 to 50,400 to 500,Nov-24
THE CLIFT,MCCALLUM STREET,1,Non-Landed Properties,1,"4,000",50 to 60,500 to 600,Nov-24
THE CLIFT,MCCALLUM STREET,1,Non-Landed Properties,1,"4,200",40 to 50,400 to 500,Nov-24
THE CLIFT,MCCALLUM STREET,1,Non-Landed Properties,2,"5,500",70 to 80,700 to 800,Nov-24
THE CLIFT,MCCALLUM STREET,1,Non-Landed Properties,1,"4,900",60 to 70,700 to 800,Nov-24
THE CLIFT,MCCALLUM STREET,1,Non-Landed Properties,1,"4,800",70 to 80,700 to 800,Nov-24
THE CLIFT,MCCALLUM STREET,1,Non-Landed Properties,2,"5,200",70 to 80,700 to 800,Nov-24
THE CLIFT,MCCALLUM STREET,1,Non-Landed Properties,1,"5,000",40 to 50,500 to 600,Nov-24
THE CLIFT,MCCALLUM STREET,1,Non-Landed Properties,1,"4,000",40 to 50,400 to 500,Nov-24
THE CLIFT,MCCALLUM STREET,1,Non-Landed Properties,2,"5,200",70 to 80,700 to 800,Nov-24
THE CLIFT,MCCALLUM STREET,1,Non-Landed Properties,1,"4,200",40 to 50,500 to 600,Nov-24
ONE SHENTON,SHENTON WAY,1,Non-Landed Properties,2,"6,600",100 to 110,"1,100 to 1,200",Nov-24
ONE SHENTON,SHENTON WAY,1,Non-Landed Properties,2,"6,500",100 to 110,"1,100 to 1,200",Nov-24
ONE SHENTON,SHENTON WAY,1,Non-Landed Properties,4,"10,500",170 to 180,"1,900 to 2,000",Nov-24
ONE SHENTON,SHENTON WAY,1,Non-Landed Properties,2,"6,400",100 to 110,"1,100 to 1,200",Nov-24
ONE SHENTON,SHENTON WAY,1,Non-Landed Properties,1,"5,150",70 to 80,800 to 900,Nov-24
ONE SHENTON,SHENTON WAY,1,Non-Landed Properties,2,"5,800",100 to 110,"1,000 to 1,100",Nov-24
ONE SHENTON,SHENTON WAY,1,Non-Landed Properties,3,"8,500",140 to 150,"1,500 to 1,600",Nov-24
ONE SHENTON,SHENTON WAY,1,Non-Landed Properties,1,"4,500",50 to 60,500 to 600,Nov-24
ONE SHENTON,SHENTON WAY,1,Non-Landed Properties,4,"12,000",210 to 220,"2,200 to 2,300",Nov-24
ONE SHENTON,SHENTON WAY,1,Non-Landed Properties,1,"4,400",40 to 50,500 to 600,Nov-24
ONE SHENTON,SHENTON WAY,1,Non-Landed Properties,1,"4,100",50 to 60,500 to 600,Nov-24
ONE SHENTON,SHENTON WAY,1,Non-Landed Properties,3,"8,500",140 to 150,"1,500 to 1,600",Nov-24
FOOK HAI BUILDING,SOUTH BRIDGE ROAD,1,Non-Landed Properties,3,"6,500",140 to 150,"1,600 to 1,700",Nov-24
PEOPLE'S PARK COMPLEX,PARK ROAD,1,Non-Landed Properties,4,"6,800",140 to 150,"1,600 to 1,700",Nov-24
PEOPLE'S PARK COMPLEX,PARK ROAD,1,Non-Landed Properties,3,"5,400",100 to 110,"1,100 to 1,200",Nov-24
PEOPLE'S PARK COMPLEX,PARK ROAD,1,Non-Landed Properties,3,"1,800",100 to 110,"1,100 to 1,200",Nov-24
PEOPLE'S PARK COMPLEX,PARK ROAD,1,Non-Landed Properties,1,"2,400",30 to 40,400 to 500,Nov-24
EMERALD GARDEN,CLUB STREET,1,Non-Landed Properties,3,"5,000",110 to 120,"1,200 to 1,300",Nov-24
EMERALD GARDEN,CLUB STREET,1,Non-Landed Properties,2,"4,900",100 to 110,"1,000 to 1,100",Nov-24
EMERALD GARDEN,CLUB STREET,1,Non-Landed Properties,3,"7,200",110 to 120,"1,200 to 1,300",Nov-24
EMERALD GARDEN,CLUB STREET,1,Non-Landed Properties,2,"4,500",80 to 90,"900 to 1,000",Nov-24
EMERALD GARDEN,CLUB STREET,1,Non-Landed Properties,3,"5,850",120 to 130,"1,300 to 1,400",Nov-24
MARINA ONE RESIDENCES,MARINA WAY,1,Non-Landed Properties,3,"10,800",140 to 150,"1,500 to 1,600",Nov-24
MARINA ONE RESIDENCES,MARINA WAY,1,Non-Landed Properties,1,"4,200",60 to 70,600 to 700,Nov-24
MARINA ONE RESIDENCES,MARINA WAY,1,Non-Landed Properties,1,"4,900",60 to 70,700 to 800,Nov-24
MARINA ONE RESIDENCES,MARINA WAY,1,Non-Landed Properties,1,"5,200",60 to 70,600 to 700,Nov-24
MARINA ONE RESIDENCES,MARINA WAY,1,Non-Landed Properties,4,"13,000",200 to 210,"2,200 to 2,300",Nov-24
MARINA ONE RESIDENCES,MARINA WAY,1,Non-Landed Properties,2,"8,900",100 to 110,"1,100 to 1,200",Nov-24
MARINA ONE RESIDENCES,MARINA WAY,1,Non-Landed Properties,2,"8,300",100 to 110,"1,100 to 1,200",Nov-24
MARINA ONE RESIDENCES,MARINA WAY,1,Non-Landed Properties,1,"4,400",60 to 70,700 to 800,Nov-24
MARINA ONE RESIDENCES,MARINA WAY,1,Non-Landed Properties,1,"5,200",60 to 70,600 to 700,Nov-24
MARINA ONE RESIDENCES,MARINA WAY,1,Non-Landed Properties,3,"9,000",140 to 150,"1,500 to 1,600",Nov-24
MARINA ONE RESIDENCES,MARINA WAY,1,Non-Landed Properties,1,"5,100",70 to 80,700 to 800,Nov-24
MARINA ONE RESIDENCES,MARINA WAY,1,Non-Landed Properties,1,"5,200",60 to 70,700 to 800,Nov-24
MARINA ONE RESIDENCES,MARINA WAY,1,Non-Landed Properties,1,"4,800",60 to 70,600 to 700,Nov-24
MARINA ONE RESIDENCES,MARINA WAY,1,Non-Landed Properties,1,"4,600",60 to 70,700 to 800,Nov-24
MARINA ONE RESIDENCES,MARINA WAY,1,Non-Landed Properties,2,"8,700",100 to 110,"1,100 to 1,200",Nov-24
MARINA ONE RESIDENCES,MARINA WAY,1,Non-Landed Properties,1,"4,800",60 to 70,700 to 800,Nov-24
MARINA ONE RESIDENCES,MARINA WAY,1,Non-Landed Properties,2,"7,500",100 to 110,"1,100 to 1,200",Nov-24
MARINA ONE RESIDENCES,MARINA WAY,1,Non-Landed Properties,3,"11,000",140 to 150,"1,500 to 1,600",Nov-24
MARINA ONE RESIDENCES,MARINA WAY,1,Non-Landed Properties,2,"8,000",100 to 110,"1,100 to 1,200",Nov-24
MARINA ONE RESIDENCES,MARINA WAY,1,Non-Landed Properties,2,"6,800",90 to 100,"1,000 to 1,100",Nov-24
MARINA ONE RESIDENCES,MARINA WAY,1,Non-Landed Properties,2,"8,100",100 to 110,"1,100 to 1,200",Nov-24
MARINA ONE RESIDENCES,MARINA WAY,1,Non-Landed Properties,1,"5,200",60 to 70,700 to 800,Nov-24
MARINA ONE RESIDENCES,MARINA WAY,1,Non-Landed Properties,1,"4,800",60 to 70,700 to 800,Nov-24
MARINA ONE RESIDENCES,MARINA WAY,1,Non-Landed Properties,3,"11,000",140 to 150,"1,500 to 1,600",Nov-24
MARINA ONE RESIDENCES,MARINA WAY,1,Non-Landed Properties,3,"12,000",140 to 150,"1,500 to 1,600",Nov-24
MARINA ONE RESIDENCES,MARINA WAY,1,Non-Landed Properties,1,"4,500",60 to 70,600 to 700,Nov-24
MARINA ONE RESIDENCES,MARINA WAY,1,Non-Landed Properties,1,"5,500",60 to 70,700 to 800,Nov-24
MARINA ONE RESIDENCES,MARINA WAY,1,Non-Landed Properties,4,"12,800",180 to 190,"2,000 to 2,100",Nov-24
MARINA ONE RESIDENCES,MARINA WAY,1,Non-Landed Properties,1,"4,300",60 to 70,600 to 700,Nov-24
MARINA ONE RESIDENCES,MARINA WAY,1,Non-Landed Properties,1,"4,500",70 to 80,700 to 800,Nov-24
MARINA ONE RESIDENCES,MARINA WAY,1,Non-Landed Properties,3,"11,300",140 to 150,"1,500 to 1,600",Nov-24
MARINA ONE RESIDENCES,MARINA WAY,1,Non-Landed Properties,1,"5,300",60 to 70,700 to 800,Nov-24
MARINA ONE RESIDENCES,MARINA WAY,1,Non-Landed Properties,3,"10,000",140 to 150,"1,500 to 1,600",Nov-24
THE SAIL @ MARINA BAY,MARINA BOULEVARD,1,Non-Landed Properties,1,"5,000",50 to 60,600 to 700,Nov-24
THE SAIL @ MARINA BAY,MARINA BOULEVARD,1,Non-Landed Properties,1,"5,000",60 to 70,600 to 700,Nov-24
THE SAIL @ MARINA BAY,MARINA BOULEVARD,1,Non-Landed Properties,4,"10,800",150 to 160,"1,600 to 1,700",Nov-24
THE SAIL @ MARINA BAY,MARINA BOULEVARD,1,Non-Landed Properties,1,"4,500",60 to 70,600 to 700,Nov-24
THE SAIL @ MARINA BAY,MARINA BOULEVARD,1,Non-Landed Properties,3,"8,000",120 to 130,"1,300 to 1,400",Nov-24
THE SAIL @ MARINA BAY,MARINA BOULEVARD,1,Non-Landed Properties,3,"7,000",120 to 130,"1,300 to 1,400",Nov-24
THE SAIL @ MARINA BAY,MARINA BOULEVARD,1,Non-Landed Properties,3,"8,000",120 to 130,"1,300 to 1,400",Nov-24
THE SAIL @ MARINA BAY,MARINA BOULEVARD,1,Non-Landed Properties,1,"4,400",60 to 70,600 to 700,Nov-24
THE SAIL @ MARINA BAY,MARINA BOULEVARD,1,Non-Landed Properties,2,"5,900",80 to 90,800 to 900,Nov-24
THE SAIL @ MARINA BAY,MARINA BOULEVARD,1,Non-Landed Properties,2,"5,200",80 to 90,800 to 900,Nov-24
THE SAIL @ MARINA BAY,MARINA BOULEVARD,1,Non-Landed Properties,2,"5,200",80 to 90,800 to 900,Nov-24
THE SAIL @ MARINA BAY,MARINA BOULEVARD,1,Non-Landed Properties,1,"4,500",60 to 70,600 to 700,Nov-24
THE SAIL @ MARINA BAY,MARINA BOULEVARD,1,Non-Landed Properties,2,"5,600",80 to 90,800 to 900,Nov-24
THE SAIL @ MARINA BAY,MARINA BOULEVARD,1,Non-Landed Properties,1,"4,600",60 to 70,600 to 700,Nov-24
THE SAIL @ MARINA BAY,MARINA BOULEVARD,1,Non-Landed Properties,2,"6,000",80 to 90,800 to 900,Nov-24
THE SAIL @ MARINA BAY,MARINA BOULEVARD,1,Non-Landed Properties,1,"4,400",50 to 60,500 to 600,Nov-24
THE SAIL @ MARINA BAY,MARINA BOULEVARD,1,Non-Landed Properties,3,"6,500",100 to 110,"1,100 to 1,200",Nov-24
THE SAIL @ MARINA BAY,MARINA BOULEVARD,1,Non-Landed Properties,1,"6,600",60 to 70,600 to 700,Nov-24
THE SAIL @ MARINA BAY,MARINA BOULEVARD,1,Non-Landed Properties,1,"4,400",60 to 70,600 to 700,Nov-24
THE SAIL @ MARINA BAY,MARINA BOULEVARD,1,Non-Landed Properties,1,"4,300",60 to 70,600 to 700,Nov-24
THE SAIL @ MARINA BAY,MARINA BOULEVARD,1,Non-Landed Properties,3,"8,400",100 to 110,"1,100 to 1,200",Nov-24
THE SAIL @ MARINA BAY,MARINA BOULEVARD,1,Non-Landed Properties,1,"5,000",60 to 70,600 to 700,Nov-24
THE SAIL @ MARINA BAY,MARINA BOULEVARD,1,Non-Landed Properties,2,"6,200",80 to 90,800 to 900,Nov-24
THE SAIL @ MARINA BAY,MARINA BOULEVARD,1,Non-Landed Properties,2,"6,500",80 to 90,800 to 900,Nov-24
THE SAIL @ MARINA BAY,MARINA BOULEVARD,1,Non-Landed Properties,1,"4,550",50 to 60,500 to 600,Nov-24
THE SAIL @ MARINA BAY,MARINA BOULEVARD,1,Non-Landed Properties,3,"7,800",100 to 110,"1,100 to 1,200",Nov-24
THE SAIL @ MARINA BAY,MARINA BOULEVARD,1,Non-Landed Properties,1,"4,000",50 to 60,500 to 600,Nov-24
THE SAIL @ MARINA BAY,MARINA BOULEVARD,1,Non-Landed Properties,1,"3,800",50 to 60,500 to 600,Nov-24
THE SAIL @ MARINA BAY,MARINA BOULEVARD,1,Non-Landed Properties,2,"7,500",80 to 90,800 to 900,Nov-24
THE SAIL @ MARINA BAY,MARINA BOULEVARD,1,Non-Landed Properties,1,"4,400",60 to 70,600 to 700,Nov-24
THE SAIL @ MARINA BAY,MARINA BOULEVARD,1,Non-Landed Properties,1,"4,900",60 to 70,600 to 700,Nov-24
THE SAIL @ MARINA BAY,MARINA BOULEVARD,1,Non-Landed Properties,1,"4,750",60 to 70,600 to 700,Nov-24
THE SAIL @ MARINA BAY,MARINA BOULEVARD,1,Non-Landed Properties,2,"6,200",90 to 100,"1,000 to 1,100",Nov-24
THE SAIL @ MARINA BAY,MARINA BOULEVARD,1,Non-Landed Properties,2,"5,800",80 to 90,800 to 900,Nov-24
THE SAIL @ MARINA BAY,MARINA BOULEVARD,1,Non-Landed Properties,2,"5,500",80 to 90,800 to 900,Nov-24
THE SAIL @ MARINA BAY,MARINA BOULEVARD,1,Non-Landed Properties,2,"6,750",90 to 100,"1,000 to 1,100",Nov-24
THE SAIL @ MARINA BAY,MARINA BOULEVARD,1,Non-Landed Properties,1,"5,050",60 to 70,600 to 700,Nov-24
THE RIVERSIDE PIAZZA,KENG CHEOW STREET,1,Non-Landed Properties,2,"4,150",80 to 90,"900 to 1,000",Nov-24
THE RIVERSIDE PIAZZA,KENG CHEOW STREET,1,Non-Landed Properties,2,"4,500",90 to 100,"1,000 to 1,100",Nov-24
THE RIVERSIDE PIAZZA,KENG CHEOW STREET,1,Non-Landed Properties,3,"4,000",110 to 120,"1,200 to 1,300",Nov-24
V ON SHENTON,SHENTON WAY,1,Non-Landed Properties,1,"3,800",40 to 50,400 to 500,Nov-24
V ON SHENTON,SHENTON WAY,1,Non-Landed Properties,2,"6,000",90 to 100,"1,000 to 1,100",Nov-24
V ON SHENTON,SHENTON WAY,1,Non-Landed Properties,3,"7,600",140 to 150,"1,500 to 1,600",Nov-24
V ON SHENTON,SHENTON WAY,1,Non-Landed Properties,NA,"3,400",40 to 50,400 to 500,Nov-24
V ON SHENTON,SHENTON WAY,1,Non-Landed Properties,3,"8,000",140 to 150,"1,500 to 1,600",Nov-24
V ON SHENTON,SHENTON WAY,1,Non-Landed Properties,1,"3,900",40 to 50,400 to 500,Nov-24
V ON SHENTON,SHENTON WAY,1,Non-Landed Properties,NA,"3,300",40 to 50,400 to 500,Nov-24
V ON SHENTON,SHENTON WAY,1,Non-Landed Properties,2,"6,800",110 to 120,"1,200 to 1,300",Nov-24
V ON SHENTON,SHENTON WAY,1,Non-Landed Properties,3,"14,000",160 to 170,"1,700 to 1,800",Nov-24
V ON SHENTON,SHENTON WAY,1,Non-Landed Properties,3,"7,400",140 to 150,"1,500 to 1,600",Nov-24
V ON SHENTON,SHENTON WAY,1,Non-Landed Properties,3,"7,000",120 to 130,"1,300 to 1,400",Nov-24
V ON SHENTON,SHENTON WAY,1,Non-Landed Properties,NA,"3,300",40 to 50,400 to 500,Nov-24
V ON SHENTON,SHENTON WAY,1,Non-Landed Properties,3,"10,000",160 to 170,"1,700 to 1,800",Nov-24
V ON SHENTON,SHENTON WAY,1,Non-Landed Properties,2,"6,200",100 to 110,"1,100 to 1,200",Nov-24
V ON SHENTON,SHENTON WAY,1,Non-Landed Properties,2,"8,080",110 to 120,"1,200 to 1,300",Nov-24
V ON SHENTON,SHENTON WAY,1,Non-Landed Properties,2,"6,300",80 to 90,"900 to 1,000",Nov-24
V ON SHENTON,SHENTON WAY,1,Non-Landed Properties,3,"7,200",140 to 150,"1,500 to 1,600",Nov-24
V ON SHENTON,SHENTON WAY,1,Non-Landed Properties,2,"5,800",80 to 90,"900 to 1,000",Nov-24
ROBINSON SUITES,ROBINSON ROAD,1,Non-Landed Properties,1,"3,100",40 to 50,400 to 500,Nov-24
ROBINSON SUITES,ROBINSON ROAD,1,Non-Landed Properties,2,"4,000",50 to 60,600 to 700,Nov-24
ROBINSON SUITES,ROBINSON ROAD,1,Non-Landed Properties,1,"3,650",40 to 50,500 to 600,Nov-24
MARINA BAY SUITES,CENTRAL BOULEVARD,1,Non-Landed Properties,4,"14,000",190 to 200,"2,000 to 2,100",Nov-24
MARINA BAY SUITES,CENTRAL BOULEVARD,1,Non-Landed Properties,3,"9,500",150 to 160,"1,600 to 1,700",Nov-24
MARINA BAY SUITES,CENTRAL BOULEVARD,1,Non-Landed Properties,3,"8,800",140 to 150,"1,600 to 1,700",Nov-24
MARINA BAY SUITES,CENTRAL BOULEVARD,1,Non-Landed Properties,3,"9,500",140 to 150,"1,500 to 1,600",Nov-24
MARINA BAY SUITES,CENTRAL BOULEVARD,1,Non-Landed Properties,4,"13,000",190 to 200,"2,000 to 2,100",Nov-24
RIVERWALK APARTMENTS,UPPER CIRCULAR ROAD,1,Non-Landed Properties,NA,"2,500",70 to 80,800 to 900,Nov-24
RIVERWALK APARTMENTS,UPPER CIRCULAR ROAD,1,Non-Landed Properties,2,"5,900",110 to 120,"1,200 to 1,300",Nov-24
RIVERWALK APARTMENTS,UPPER CIRCULAR ROAD,1,Non-Landed Properties,NA,"4,000",70 to 80,800 to 900,Nov-24
RIVERWALK APARTMENTS,UPPER CIRCULAR ROAD,1,Non-Landed Properties,2,"5,800",110 to 120,"1,200 to 1,300",Nov-24
RIVERWALK APARTMENTS,UPPER CIRCULAR ROAD,1,Non-Landed Properties,2,"6,000",110 to 120,"1,200 to 1,300",Nov-24
MARINA BAY RESIDENCES,MARINA BOULEVARD,1,Non-Landed Properties,1,"5,800",60 to 70,700 to 800,Nov-24
MARINA BAY RESIDENCES,MARINA BOULEVARD,1,Non-Landed Properties,2,"9,000",90 to 100,"1,000 to 1,100",Nov-24
MARINA BAY RESIDENCES,MARINA BOULEVARD,1,Non-Landed Properties,3,"11,000",150 to 160,"1,600 to 1,700",Nov-24
MARINA BAY RESIDENCES,MARINA BOULEVARD,1,Non-Landed Properties,2,"7,800",90 to 100,"1,000 to 1,100",Nov-24
MARINA BAY RESIDENCES,MARINA BOULEVARD,1,Non-Landed Properties,1,"5,200",60 to 70,700 to 800,Nov-24
MARINA BAY RESIDENCES,MARINA BOULEVARD,1,Non-Landed Properties,3,"13,500",180 to 190,"1,900 to 2,000",Nov-24
MARINA BAY RESIDENCES,MARINA BOULEVARD,1,Non-Landed Properties,2,"8,200",90 to 100,"1,000 to 1,100",Nov-24
MARINA BAY RESIDENCES,MARINA BOULEVARD,1,Non-Landed Properties,1,"6,050",60 to 70,700 to 800,Nov-24
MARINA BAY RESIDENCES,MARINA BOULEVARD,1,Non-Landed Properties,1,"5,300",60 to 70,700 to 800,Nov-24
MARINA BAY RESIDENCES,MARINA BOULEVARD,1,Non-Landed Properties,2,"7,500",90 to 100,"1,000 to 1,100",Nov-24
MARINA BAY RESIDENCES,MARINA BOULEVARD,1,Non-Landed Properties,2,"9,000",100 to 110,"1,100 to 1,200",Nov-24
MARINA BAY RESIDENCES,MARINA BOULEVARD,1,Non-Landed Properties,1,"5,200",60 to 70,700 to 800,Nov-24
MARINA BAY RESIDENCES,MARINA BOULEVARD,1,Non-Landed Properties,1,"5,800",60 to 70,700 to 800,Nov-24
MARINA BAY RESIDENCES,MARINA BOULEVARD,1,Non-Landed Properties,2,"7,800",90 to 100,"1,000 to 1,100",Nov-24
MARINA BAY RESIDENCES,MARINA BOULEVARD,1,Non-Landed Properties,2,"9,000",110 to 120,"1,200 to 1,300",Nov-24
THE CLIFT,MCCALLUM STREET,1,Non-Landed Properties,2,"6,800",90 to 100,"1,000 to 1,100",Oct-24
THE CLIFT,MCCALLUM STREET,1,Non-Landed Properties,1,"4,300",40 to 50,500 to 600,Oct-24
THE CLIFT,MCCALLUM STREET,1,Non-Landed Properties,1,"4,800",70 to 80,700 to 800,Oct-24
THE CLIFT,MCCALLUM STREET,1,Non-Landed Properties,1,"4,000",40 to 50,500 to 600,Oct-24
THE CLIFT,MCCALLUM STREET,1,Non-Landed Properties,2,"6,300",90 to 100,"1,000 to 1,100",Oct-24
THE CLIFT,MCCALLUM STREET,1,Non-Landed Properties,1,"5,000",60 to 70,700 to 800,Oct-24
THE CLIFT,MCCALLUM STREET,1,Non-Landed Properties,1,"5,107",40 to 50,500 to 600,Oct-24
THE CLIFT,MCCALLUM STREET,1,Non-Landed Properties,1,"5,300",70 to 80,700 to 800,Oct-24
THE CLIFT,MCCALLUM STREET,1,Non-Landed Properties,2,"5,850",70 to 80,700 to 800,Oct-24
THE CLIFT,MCCALLUM STREET,1,Non-Landed Properties,1,"4,400",40 to 50,400 to 500,Oct-24
THE CLIFT,MCCALLUM STREET,1,Non-Landed Properties,2,"5,400",70 to 80,700 to 800,Oct-24
THE CLIFT,MCCALLUM STREET,1,Non-Landed Properties,2,"5,500",70 to 80,700 to 800,Oct-24
THE CLIFT,MCCALLUM STREET,1,Non-Landed Properties,1,"4,000",40 to 50,500 to 600,Oct-24
THE CLIFT,MCCALLUM STREET,1,Non-Landed Properties,1,"4,000",40 to 50,500 to 600,Oct-24
THE CLIFT,MCCALLUM STREET,1,Non-Landed Properties,1,"3,900",40 to 50,400 to 500,Oct-24
THE CLIFT,MCCALLUM STREET,1,Non-Landed Properties,1,"4,500",40 to 50,400 to 500,Oct-24
THE CLIFT,MCCALLUM STREET,1,Non-Landed Properties,1,"4,150",40 to 50,500 to 600,Oct-24
THE CLIFT,MCCALLUM STREET,1,Non-Landed Properties,2,"5,150",70 to 80,700 to 800,Oct-24
ONE SHENTON,SHENTON WAY,1,Non-Landed Properties,2,"6,000",80 to 90,"900 to 1,000",Oct-24
ONE SHENTON,SHENTON WAY,1,Non-Landed Properties,2,"5,800",100 to 110,"1,000 to 1,100",Oct-24
ONE SHENTON,SHENTON WAY,1,Non-Landed Properties,1,"4,650",40 to 50,500 to 600,Oct-24
ONE SHENTON,SHENTON WAY,1,Non-Landed Properties,2,"6,300",100 to 110,"1,000 to 1,100",Oct-24
ONE SHENTON,SHENTON WAY,1,Non-Landed Properties,1,"5,000",80 to 90,"900 to 1,000",Oct-24
ONE SHENTON,SHENTON WAY,1,Non-Landed Properties,1,"5,500",80 to 90,"900 to 1,000",Oct-24
ONE SHENTON,SHENTON WAY,1,Non-Landed Properties,1,"4,800",50 to 60,500 to 600,Oct-24
ONE SHENTON,SHENTON WAY,1,Non-Landed Properties,1,"4,300",50 to 60,500 to 600,Oct-24
ONE SHENTON,SHENTON WAY,1,Non-Landed Properties,1,"5,100",70 to 80,800 to 900,Oct-24
ONE SHENTON,SHENTON WAY,1,Non-Landed Properties,1,"4,100",40 to 50,500 to 600,Oct-24
ONE SHENTON,SHENTON WAY,1,Non-Landed Properties,1,"4,500",50 to 60,500 to 600,Oct-24
ONE SHENTON,SHENTON WAY,1,Non-Landed Properties,3,"8,000",140 to 150,"1,600 to 1,700",Oct-24
ONE SHENTON,SHENTON WAY,1,Non-Landed Properties,1,"4,400",40 to 50,500 to 600,Oct-24
ONE SHENTON,SHENTON WAY,1,Non-Landed Properties,1,"5,300",70 to 80,800 to 900,Oct-24
FOOK HAI BUILDING,SOUTH BRIDGE ROAD,1,Non-Landed Properties,3,"4,800",140 to 150,"1,600 to 1,700",Oct-24
PEOPLE'S PARK COMPLEX,PARK ROAD,1,Non-Landed Properties,3,"5,800",100 to 110,"1,100 to 1,200",Oct-24
PEOPLE'S PARK COMPLEX,PARK ROAD,1,Non-Landed Properties,1,"2,300",30 to 40,400 to 500,Oct-24
PEOPLE'S PARK COMPLEX,PARK ROAD,1,Non-Landed Properties,1,"2,900",30 to 40,400 to 500,Oct-24
PEOPLE'S PARK COMPLEX,PARK ROAD,1,Non-Landed Properties,1,"2,400",40 to 50,400 to 500,Oct-24
PEOPLE'S PARK COMPLEX,PARK ROAD,1,Non-Landed Properties,1,"2,800",30 to 40,400 to 500,Oct-24
PEOPLE'S PARK COMPLEX,PARK ROAD,1,Non-Landed Properties,1,"2,000",30 to 40,400 to 500,Oct-24
PEOPLE'S PARK COMPLEX,PARK ROAD,1,Non-Landed Properties,1,"2,700",30 to 40,400 to 500,Oct-24
PEOPLE'S PARK COMPLEX,PARK ROAD,1,Non-Landed Properties,3,"4,000",100 to 110,"1,100 to 1,200",Oct-24
EMERALD GARDEN,CLUB STREET,1,Non-Landed Properties,2,"5,800",110 to 120,"1,100 to 1,200",Oct-24
EMERALD GARDEN,CLUB STREET,1,Non-Landed Properties,3,"6,400",110 to 120,"1,200 to 1,300",Oct-24
EMERALD GARDEN,CLUB STREET,1,Non-Landed Properties,2,"4,500",90 to 100,"1,000 to 1,100",Oct-24
EMERALD GARDEN,CLUB STREET,1,Non-Landed Properties,2,"5,500",90 to 100,"1,000 to 1,100",Oct-24
EMERALD GARDEN,CLUB STREET,1,Non-Landed Properties,2,"4,800",90 to 100,"900 to 1,000",Oct-24
EMERALD GARDEN,CLUB STREET,1,Non-Landed Properties,1,"4,300",70 to 80,800 to 900,Oct-24
MARINA ONE RESIDENCES,MARINA WAY,1,Non-Landed Properties,1,"5,000",60 to 70,700 to 800,Oct-24
MARINA ONE RESIDENCES,MARINA WAY,1,Non-Landed Properties,1,"4,200",60 to 70,600 to 700,Oct-24
MARINA ONE RESIDENCES,MARINA WAY,1,Non-Landed Properties,2,"7,000",100 to 110,"1,100 to 1,200",Oct-24
MARINA ONE RESIDENCES,MARINA WAY,1,Non-Landed Properties,1,"4,700",60 to 70,700 to 800,Oct-24
MARINA ONE RESIDENCES,MARINA WAY,1,Non-Landed Properties,1,"4,400",60 to 70,700 to 800,Oct-24
MARINA ONE RESIDENCES,MARINA WAY,1,Non-Landed Properties,1,"4,200",60 to 70,600 to 700,Oct-24
MARINA ONE RESIDENCES,MARINA WAY,1,Non-Landed Properties,1,"5,300",60 to 70,700 to 800,Oct-24
MARINA ONE RESIDENCES,MARINA WAY,1,Non-Landed Properties,3,"13,800",140 to 150,"1,500 to 1,600",Oct-24
MARINA ONE RESIDENCES,MARINA WAY,1,Non-Landed Properties,2,"7,300",100 to 110,"1,100 to 1,200",Oct-24
MARINA ONE RESIDENCES,MARINA WAY,1,Non-Landed Properties,3,"9,900",140 to 150,"1,500 to 1,600",Oct-24
MARINA ONE RESIDENCES,MARINA WAY,1,Non-Landed Properties,2,"7,500",100 to 110,"1,100 to 1,200",Oct-24
MARINA ONE RESIDENCES,MARINA WAY,1,Non-Landed Properties,1,"4,500",60 to 70,600 to 700,Oct-24
MARINA ONE RESIDENCES,MARINA WAY,1,Non-Landed Properties,1,"4,200",60 to 70,700 to 800,Oct-24
MARINA ONE RESIDENCES,MARINA WAY,1,Non-Landed Properties,2,"7,500",100 to 110,"1,100 to 1,200",Oct-24
MARINA ONE RESIDENCES,MARINA WAY,1,Non-Landed Properties,1,"5,100",60 to 70,700 to 800,Oct-24
MARINA ONE RESIDENCES,MARINA WAY,1,Non-Landed Properties,2,"6,800",90 to 100,"1,000 to 1,100",Oct-24
MARINA ONE RESIDENCES,MARINA WAY,1,Non-Landed Properties,2,"7,300",100 to 110,"1,100 to 1,200",Oct-24
MARINA ONE RESIDENCES,MARINA WAY,1,Non-Landed Properties,1,"4,700",70 to 80,700 to 800,Oct-24
MARINA ONE RESIDENCES,MARINA WAY,1,Non-Landed Properties,2,"7,200",100 to 110,"1,100 to 1,200",Oct-24
MARINA ONE RESIDENCES,MARINA WAY,1,Non-Landed Properties,1,"4,700",60 to 70,700 to 800,Oct-24
MARINA ONE RESIDENCES,MARINA WAY,1,Non-Landed Properties,3,"10,500",130 to 140,"1,500 to 1,600",Oct-24
MARINA ONE RESIDENCES,MARINA WAY,1,Non-Landed Properties,1,"4,500",60 to 70,700 to 800,Oct-24
MARINA ONE RESIDENCES,MARINA WAY,1,Non-Landed Properties,1,"5,000",70 to 80,700 to 800,Oct-24
MARINA ONE RESIDENCES,MARINA WAY,1,Non-Landed Properties,1,"4,100",70 to 80,700 to 800,Oct-24
MARINA ONE RESIDENCES,MARINA WAY,1,Non-Landed Properties,1,"4,200",60 to 70,700 to 800,Oct-24
MARINA ONE RESIDENCES,MARINA WAY,1,Non-Landed Properties,2,"7,800",100 to 110,"1,100 to 1,200",Oct-24
MARINA ONE RESIDENCES,MARINA WAY,1,Non-Landed Properties,1,"5,700",70 to 80,700 to 800,Oct-24
MARINA ONE RESIDENCES,MARINA WAY,1,Non-Landed Properties,2,"6,300",90 to 100,"1,000 to 1,100",Oct-24
MARINA ONE RESIDENCES,MARINA WAY,1,Non-Landed Properties,1,"5,500",60 to 70,700 to 800,Oct-24
MARINA ONE RESIDENCES,MARINA WAY,1,Non-Landed Properties,1,"4,200",60 to 70,600 to 700,Oct-24
MARINA ONE RESIDENCES,MARINA WAY,1,Non-Landed Properties,1,"4,500",60 to 70,600 to 700,Oct-24
MARINA ONE RESIDENCES,MARINA WAY,1,Non-Landed Properties,1,"4,600",60 to 70,600 to 700,Oct-24
MARINA ONE RESIDENCES,MARINA WAY,1,Non-Landed Properties,3,"11,000",140 to 150,"1,500 to 1,600",Oct-24
MARINA ONE RESIDENCES,MARINA WAY,1,Non-Landed Properties,2,"8,000",100 to 110,"1,100 to 1,200",Oct-24
MARINA ONE RESIDENCES,MARINA WAY,1,Non-Landed Properties,1,"6,000",70 to 80,700 to 800,Oct-24
MARINA ONE RESIDENCES,MARINA WAY,1,Non-Landed Properties,1,"4,600",60 to 70,700 to 800,Oct-24
MARINA ONE RESIDENCES,MARINA WAY,1,Non-Landed Properties,1,"4,550",60 to 70,700 to 800,Oct-24
MARINA ONE RESIDENCES,MARINA WAY,1,Non-Landed Properties,2,"7,700",100 to 110,"1,100 to 1,200",Oct-24
MARINA ONE RESIDENCES,MARINA WAY,1,Non-Landed Properties,1,"6,600",60 to 70,700 to 800,Oct-24
MARINA ONE RESIDENCES,MARINA WAY,1,Non-Landed Properties,4,"15,000",200 to 210,"2,200 to 2,300",Oct-24
MARINA ONE RESIDENCES,MARINA WAY,1,Non-Landed Properties,1,"5,000",60 to 70,700 to 800,Oct-24
MARINA ONE RESIDENCES,MARINA WAY,1,Non-Landed Properties,1,"4,200",60 to 70,600 to 700,Oct-24
MARINA ONE RESIDENCES,MARINA WAY,1,Non-Landed Properties,2,"7,000",90 to 100,"1,000 to 1,100",Oct-24
MARINA ONE RESIDENCES,MARINA WAY,1,Non-Landed Properties,2,"7,000",90 to 100,"1,000 to 1,100",Oct-24
MARINA ONE RESIDENCES,MARINA WAY,1,Non-Landed Properties,3,"10,500",140 to 150,"1,500 to 1,600",Oct-24
MARINA ONE RESIDENCES,MARINA WAY,1,Non-Landed Properties,2,"8,000",110 to 120,"1,200 to 1,300",Oct-24
MARINA ONE RESIDENCES,MARINA WAY,1,Non-Landed Properties,1,"4,250",60 to 70,700 to 800,Oct-24
MARINA ONE RESIDENCES,MARINA WAY,1,Non-Landed Properties,1,"5,000",60 to 70,700 to 800,Oct-24
MARINA ONE RESIDENCES,MARINA WAY,1,Non-Landed Properties,2,"6,900",90 to 100,"900 to 1,000",Oct-24
MARINA ONE RESIDENCES,MARINA WAY,1,Non-Landed Properties,2,"6,300",110 to 120,"1,200 to 1,300",Oct-24
MARINA ONE RESIDENCES,MARINA WAY,1,Non-Landed Properties,1,"5,200",60 to 70,700 to 800,Oct-24
MARINA ONE RESIDENCES,MARINA WAY,1,Non-Landed Properties,1,"4,900",60 to 70,700 to 800,Oct-24
MARINA ONE RESIDENCES,MARINA WAY,1,Non-Landed Properties,2,"7,200",100 to 110,"1,100 to 1,200",Oct-24
THE SAIL @ MARINA BAY,MARINA BOULEVARD,1,Non-Landed Properties,1,"4,600",60 to 70,600 to 700,Oct-24
THE SAIL @ MARINA BAY,MARINA BOULEVARD,1,Non-Landed Properties,1,"4,400",50 to 60,600 to 700,Oct-24
THE SAIL @ MARINA BAY,MARINA BOULEVARD,1,Non-Landed Properties,1,"4,200",50 to 60,600 to 700,Oct-24
THE SAIL @ MARINA BAY,MARINA BOULEVARD,1,Non-Landed Properties,2,"5,800",70 to 80,800 to 900,Oct-24
THE SAIL @ MARINA BAY,MARINA BOULEVARD,1,Non-Landed Properties,2,"5,600",70 to 80,800 to 900,Oct-24
THE SAIL @ MARINA BAY,MARINA BOULEVARD,1,Non-Landed Properties,1,"4,000",60 to 70,600 to 700,Oct-24
THE SAIL @ MARINA BAY,MARINA BOULEVARD,1,Non-Landed Properties,2,"5,500",70 to 80,800 to 900,Oct-24
THE SAIL @ MARINA BAY,MARINA BOULEVARD,1,Non-Landed Properties,1,"4,300",60 to 70,600 to 700,Oct-24
THE SAIL @ MARINA BAY,MARINA BOULEVARD,1,Non-Landed Properties,1,"5,300",50 to 60,600 to 700,Oct-24
THE SAIL @ MARINA BAY,MARINA BOULEVARD,1,Non-Landed Properties,1,"4,400",50 to 60,600 to 700,Oct-24
THE SAIL @ MARINA BAY,MARINA BOULEVARD,1,Non-Landed Properties,3,"7,500",130 to 140,"1,400 to 1,500",Oct-24
THE SAIL @ MARINA BAY,MARINA BOULEVARD,1,Non-Landed Properties,1,"4,250",60 to 70,600 to 700,Oct-24
THE SAIL @ MARINA BAY,MARINA BOULEVARD,1,Non-Landed Properties,3,"9,500",160 to 170,"1,700 to 1,800",Oct-24
THE SAIL @ MARINA BAY,MARINA BOULEVARD,1,Non-Landed Properties,1,"4,300",60 to 70,600 to 700,Oct-24
THE SAIL @ MARINA BAY,MARINA BOULEVARD,1,Non-Landed Properties,1,"4,800",50 to 60,600 to 700,Oct-24
THE SAIL @ MARINA BAY,MARINA BOULEVARD,1,Non-Landed Properties,1,"5,000",50 to 60,600 to 700,Oct-24
THE SAIL @ MARINA BAY,MARINA BOULEVARD,1,Non-Landed Properties,1,"4,800",60 to 70,600 to 700,Oct-24
THE SAIL @ MARINA BAY,MARINA BOULEVARD,1,Non-Landed Properties,3,"9,800",170 to 180,"1,900 to 2,000",Oct-24
THE SAIL @ MARINA BAY,MARINA BOULEVARD,1,Non-Landed Properties,1,"4,900",70 to 80,700 to 800,Oct-24
THE SAIL @ MARINA BAY,MARINA BOULEVARD,1,Non-Landed Properties,1,"4,400",60 to 70,600 to 700,Oct-24
THE SAIL @ MARINA BAY,MARINA BOULEVARD,1,Non-Landed Properties,2,"6,999",90 to 100,"1,000 to 1,100",Oct-24
THE SAIL @ MARINA BAY,MARINA BOULEVARD,1,Non-Landed Properties,1,"6,200",50 to 60,600 to 700,Oct-24
THE SAIL @ MARINA BAY,MARINA BOULEVARD,1,Non-Landed Properties,1,"4,600",60 to 70,600 to 700,Oct-24
THE SAIL @ MARINA BAY,MARINA BOULEVARD,1,Non-Landed Properties,2,"5,500",80 to 90,800 to 900,Oct-24
THE SAIL @ MARINA BAY,MARINA BOULEVARD,1,Non-Landed Properties,2,"5,800",80 to 90,"900 to 1,000",Oct-24
THE SAIL @ MARINA BAY,MARINA BOULEVARD,1,Non-Landed Properties,3,"6,800",100 to 110,"1,100 to 1,200",Oct-24
THE SAIL @ MARINA BAY,MARINA BOULEVARD,1,Non-Landed Properties,2,"7,500",80 to 90,800 to 900,Oct-24
THE SAIL @ MARINA BAY,MARINA BOULEVARD,1,Non-Landed Properties,1,"4,000",50 to 60,500 to 600,Oct-24
THE SAIL @ MARINA BAY,MARINA BOULEVARD,1,Non-Landed Properties,2,"7,500",80 to 90,"900 to 1,000",Oct-24
THE SAIL @ MARINA BAY,MARINA BOULEVARD,1,Non-Landed Properties,2,"6,500",80 to 90,800 to 900,Oct-24
THE SAIL @ MARINA BAY,MARINA BOULEVARD,1,Non-Landed Properties,4,"12,600",190 to 200,"2,000 to 2,100",Oct-24
THE SAIL @ MARINA BAY,MARINA BOULEVARD,1,Non-Landed Properties,3,"8,500",100 to 110,"1,100 to 1,200",Oct-24
THE SAIL @ MARINA BAY,MARINA BOULEVARD,1,Non-Landed Properties,2,"6,600",80 to 90,"900 to 1,000",Oct-24
THE SAIL @ MARINA BAY,MARINA BOULEVARD,1,Non-Landed Properties,2,"7,300",90 to 100,"1,000 to 1,100",Oct-24
THE SAIL @ MARINA BAY,MARINA BOULEVARD,1,Non-Landed Properties,2,"6,700",80 to 90,800 to 900,Oct-24
THE SAIL @ MARINA BAY,MARINA BOULEVARD,1,Non-Landed Properties,3,"11,000",150 to 160,"1,600 to 1,700",Oct-24
THE SAIL @ MARINA BAY,MARINA BOULEVARD,1,Non-Landed Properties,1,"6,000",60 to 70,600 to 700,Oct-24
THE SAIL @ MARINA BAY,MARINA BOULEVARD,1,Non-Landed Properties,1,"5,700",60 to 70,600 to 700,Oct-24
THE SAIL @ MARINA BAY,MARINA BOULEVARD,1,Non-Landed Properties,2,"6,300",80 to 90,"900 to 1,000",Oct-24
THE SAIL @ MARINA BAY,MARINA BOULEVARD,1,Non-Landed Properties,3,"8,500",100 to 110,"1,100 to 1,200",Oct-24
THE SAIL @ MARINA BAY,MARINA BOULEVARD,1,Non-Landed Properties,2,"7,100",80 to 90,"900 to 1,000",Oct-24
THE SAIL @ MARINA BAY,MARINA BOULEVARD,1,Non-Landed Properties,1,"4,200",50 to 60,500 to 600,Oct-24
THE SAIL @ MARINA BAY,MARINA BOULEVARD,1,Non-Landed Properties,2,"6,500",80 to 90,800 to 900,Oct-24
THE SAIL @ MARINA BAY,MARINA BOULEVARD,1,Non-Landed Properties,1,"5,500",60 to 70,600 to 700,Oct-24
THE RIVERSIDE PIAZZA,KENG CHEOW STREET,1,Non-Landed Properties,3,"5,000",110 to 120,"1,200 to 1,300",Oct-24
PEOPLE'S PARK CENTRE,UPPER CROSS STREET,1,Non-Landed Properties,3,"3,900",140 to 150,"1,500 to 1,600",Oct-24
V ON SHENTON,SHENTON WAY,1,Non-Landed Properties,1,"4,000",40 to 50,400 to 500,Oct-24
V ON SHENTON,SHENTON WAY,1,Non-Landed Properties,2,"5,800",90 to 100,"1,000 to 1,100",Oct-24
V ON SHENTON,SHENTON WAY,1,Non-Landed Properties,NA,"3,400",40 to 50,400 to 500,Oct-24
V ON SHENTON,SHENTON WAY,1,Non-Landed Properties,2,"6,100",90 to 100,"1,000 to 1,100",Oct-24
V ON SHENTON,SHENTON WAY,1,Non-Landed Properties,NA,"3,800",40 to 50,400 to 500,Oct-24
V ON SHENTON,SHENTON WAY,1,Non-Landed Properties,2,"5,500",100 to 110,"1,100 to 1,200",Oct-24
V ON SHENTON,SHENTON WAY,1,Non-Landed Properties,2,"6,100",80 to 90,"900 to 1,000",Oct-24
V ON SHENTON,SHENTON WAY,1,Non-Landed Properties,1,"4,300",60 to 70,600 to 700,Oct-24
V ON SHENTON,SHENTON WAY,1,Non-Landed Properties,1,"4,400",60 to 70,600 to 700,Oct-24
V ON SHENTON,SHENTON WAY,1,Non-Landed Properties,1,"4,300",40 to 50,500 to 600,Oct-24
V ON SHENTON,SHENTON WAY,1,Non-Landed Properties,NA,"3,300",40 to 50,400 to 500,Oct-24
V ON SHENTON,SHENTON WAY,1,Non-Landed Properties,1,"4,500",60 to 70,700 to 800,Oct-24
V ON SHENTON,SHENTON WAY,1,Non-Landed Properties,1,"4,400",60 to 70,700 to 800,Oct-24
V ON SHENTON,SHENTON WAY,1,Non-Landed Properties,3,"7,250",140 to 150,"1,500 to 1,600",Oct-24
V ON SHENTON,SHENTON WAY,1,Non-Landed Properties,1,"3,350",40 to 50,500 to 600,Oct-24
V ON SHENTON,SHENTON WAY,1,Non-Landed Properties,1,"5,500",60 to 70,700 to 800,Oct-24
V ON SHENTON,SHENTON WAY,1,Non-Landed Properties,2,"5,750",90 to 100,"1,000 to 1,100",Oct-24
V ON SHENTON,SHENTON WAY,1,Non-Landed Properties,2,"6,500",80 to 90,800 to 900,Oct-24
V ON SHENTON,SHENTON WAY,1,Non-Landed Properties,1,"4,200",40 to 50,400 to 500,Oct-24
ROBINSON SUITES,ROBINSON ROAD,1,Non-Landed Properties,1,"3,700",40 to 50,400 to 500,Oct-24
ROBINSON SUITES,ROBINSON ROAD,1,Non-Landed Properties,2,"4,250",50 to 60,600 to 700,Oct-24
ROBINSON SUITES,ROBINSON ROAD,1,Non-Landed Properties,2,"4,500",50 to 60,600 to 700,Oct-24
ROBINSON SUITES,ROBINSON ROAD,1,Non-Landed Properties,2,"4,000",50 to 60,600 to 700,Oct-24
ROBINSON SUITES,ROBINSON ROAD,1,Non-Landed Properties,1,"3,800",40 to 50,400 to 500,Oct-24
ROBINSON SUITES,ROBINSON ROAD,1,Non-Landed Properties,1,"3,700",40 to 50,400 to 500,Oct-24
ROBINSON SUITES,ROBINSON ROAD,1,Non-Landed Properties,1,"3,600",40 to 50,400 to 500,Oct-24
ROBINSON SUITES,ROBINSON ROAD,1,Non-Landed Properties,1,"3,600",40 to 50,500 to 600,Oct-24
ROBINSON SUITES,ROBINSON ROAD,1,Non-Landed Properties,2,"3,900",50 to 60,600 to 700,Oct-24
ROBINSON SUITES,ROBINSON ROAD,1,Non-Landed Properties,2,"4,200",50 to 60,600 to 700,Oct-24
MARINA BAY SUITES,CENTRAL BOULEVARD,1,Non-Landed Properties,4,"15,000",240 to 250,"2,600 to 2,700",Oct-24
MARINA BAY SUITES,CENTRAL BOULEVARD,1,Non-Landed Properties,3,"9,300",150 to 160,"1,600 to 1,700",Oct-24
MARINA BAY SUITES,CENTRAL BOULEVARD,1,Non-Landed Properties,3,"10,500",140 to 150,"1,500 to 1,600",Oct-24
MARINA BAY SUITES,CENTRAL BOULEVARD,1,Non-Landed Properties,3,"10,000",150 to 160,"1,600 to 1,700",Oct-24
MARINA BAY SUITES,CENTRAL BOULEVARD,1,Non-Landed Properties,3,"9,500",140 to 150,"1,600 to 1,700",Oct-24
MARINA BAY SUITES,CENTRAL BOULEVARD,1,Non-Landed Properties,3,"9,500",140 to 150,"1,600 to 1,700",Oct-24
RIVERWALK APARTMENTS,UPPER CIRCULAR ROAD,1,Non-Landed Properties,NA,"4,000",70 to 80,800 to 900,Oct-24
MARINA BAY RESIDENCES,MARINA BOULEVARD,1,Non-Landed Properties,3,"12,000",180 to 190,"1,900 to 2,000",Oct-24
MARINA BAY RESIDENCES,MARINA BOULEVARD,1,Non-Landed Properties,2,"9,000",100 to 110,"1,100 to 1,200",Oct-24
MARINA BAY RESIDENCES,MARINA BOULEVARD,1,Non-Landed Properties,5,"34,000",>300,>3000,Oct-24
MARINA BAY RESIDENCES,MARINA BOULEVARD,1,Non-Landed Properties,2,"9,500",110 to 120,"1,200 to 1,300",Oct-24
MARINA BAY RESIDENCES,MARINA BOULEVARD,1,Non-Landed Properties,3,"11,250",150 to 160,"1,600 to 1,700",Oct-24
MARINA BAY RESIDENCES,MARINA BOULEVARD,1,Non-Landed Properties,1,"5,800",60 to 70,700 to 800,Oct-24
MARINA BAY RESIDENCES,MARINA BOULEVARD,1,Non-Landed Properties,2,"7,350",100 to 110,"1,100 to 1,200",Oct-24
MARINA BAY RESIDENCES,MARINA BOULEVARD,1,Non-Landed Properties,1,"5,000",60 to 70,700 to 800,Oct-24
MARINA BAY RESIDENCES,MARINA BOULEVARD,1,Non-Landed Properties,4,"16,500",220 to 230,"2,300 to 2,400",Oct-24
MARINA BAY RESIDENCES,MARINA BOULEVARD,1,Non-Landed Properties,2,"7,800",90 to 100,"1,000 to 1,100",Oct-24
MARINA BAY RESIDENCES,MARINA BOULEVARD,1,Non-Landed Properties,2,"7,800",90 to 100,"1,000 to 1,100",Oct-24
MARINA BAY RESIDENCES,MARINA BOULEVARD,1,Non-Landed Properties,4,"16,000",220 to 230,"2,300 to 2,400",Oct-24
MARINA BAY RESIDENCES,MARINA BOULEVARD,1,Non-Landed Properties,1,"5,300",60 to 70,700 to 800,Oct-24
MARINA BAY RESIDENCES,MARINA BOULEVARD,1,Non-Landed Properties,3,"13,000",180 to 190,"1,900 to 2,000",Oct-24
MARINA BAY RESIDENCES,MARINA BOULEVARD,1,Non-Landed Properties,1,"5,400",60 to 70,700 to 800,Oct-24
MARINA BAY RESIDENCES,MARINA BOULEVARD,1,Non-Landed Properties,3,"11,250",150 to 160,"1,600 to 1,700",Oct-24
MARINA BAY RESIDENCES,MARINA BOULEVARD,1,Non-Landed Properties,4,"21,200",210 to 220,"2,300 to 2,400",Oct-24
MARINA BAY RESIDENCES,MARINA BOULEVARD,1,Non-Landed Properties,2,"8,000",100 to 110,"1,100 to 1,200",Oct-24
MARINA BAY RESIDENCES,MARINA BOULEVARD,1,Non-Landed Properties,1,"5,850",60 to 70,700 to 800,Oct-24
MARINA BAY RESIDENCES,MARINA BOULEVARD,1,Non-Landed Properties,1,"5,800",60 to 70,700 to 800,Oct-24
MARINA BAY RESIDENCES,MARINA BOULEVARD,1,Non-Landed Properties,2,"8,500",110 to 120,"1,200 to 1,300",Oct-24
MARINA ONE RESIDENCES,MARINA WAY,1,Non-Landed Properties,1,"4,000",60 to 70,600 to 700,Sep-24
MARINA ONE RESIDENCES,MARINA WAY,1,Non-Landed Properties,1,"4,500",60 to 70,700 to 800,Sep-24
MARINA ONE RESIDENCES,MARINA WAY,1,Non-Landed Properties,2,"6,650",100 to 110,"1,100 to 1,200",Sep-24
MARINA ONE RESIDENCES,MARINA WAY,1,Non-Landed Properties,1,"4,500",60 to 70,600 to 700,Sep-24
MARINA ONE RESIDENCES,MARINA WAY,1,Non-Landed Properties,1,"4,000",70 to 80,700 to 800,Sep-24
MARINA ONE RESIDENCES,MARINA WAY,1,Non-Landed Properties,1,"5,300",60 to 70,700 to 800,Sep-24
MARINA ONE RESIDENCES,MARINA WAY,1,Non-Landed Properties,1,"4,800",60 to 70,700 to 800,Sep-24
MARINA ONE RESIDENCES,MARINA WAY,1,Non-Landed Properties,1,"4,300",60 to 70,700 to 800,Sep-24
MARINA ONE RESIDENCES,MARINA WAY,1,Non-Landed Properties,1,"5,000",60 to 70,700 to 800,Sep-24
MARINA ONE RESIDENCES,MARINA WAY,1,Non-Landed Properties,2,"7,100",100 to 110,"1,100 to 1,200",Sep-24
MARINA ONE RESIDENCES,MARINA WAY,1,Non-Landed Properties,2,"8,000",100 to 110,"1,100 to 1,200",Sep-24
MARINA ONE RESIDENCES,MARINA WAY,1,Non-Landed Properties,4,"18,000",200 to 210,"2,200 to 2,300",Sep-24
MARINA ONE RESIDENCES,MARINA WAY,1,Non-Landed Properties,1,"4,600",60 to 70,600 to 700,Sep-24
MARINA ONE RESIDENCES,MARINA WAY,1,Non-Landed Properties,1,"4,750",60 to 70,600 to 700,Sep-24
MARINA ONE RESIDENCES,MARINA WAY,1,Non-Landed Properties,1,"4,800",60 to 70,600 to 700,Sep-24
MARINA ONE RESIDENCES,MARINA WAY,1,Non-Landed Properties,1,"4,500",60 to 70,600 to 700,Sep-24
MARINA ONE RESIDENCES,MARINA WAY,1,Non-Landed Properties,2,"7,200",100 to 110,"1,100 to 1,200",Sep-24
MARINA ONE RESIDENCES,MARINA WAY,1,Non-Landed Properties,1,"4,500",60 to 70,700 to 800,Sep-24
MARINA ONE RESIDENCES,MARINA WAY,1,Non-Landed Properties,1,"4,400",60 to 70,700 to 800,Sep-24
MARINA ONE RESIDENCES,MARINA WAY,1,Non-Landed Properties,2,"7,800",90 to 100,"1,000 to 1,100",Sep-24
MARINA ONE RESIDENCES,MARINA WAY,1,Non-Landed Properties,1,"4,700",60 to 70,600 to 700,Sep-24
MARINA ONE RESIDENCES,MARINA WAY,1,Non-Landed Properties,1,"5,000",70 to 80,700 to 800,Sep-24
MARINA ONE RESIDENCES,MARINA WAY,1,Non-Landed Properties,2,"7,500",100 to 110,"1,100 to 1,200",Sep-24
MARINA ONE RESIDENCES,MARINA WAY,1,Non-Landed Properties,2,"7,300",100 to 110,"1,100 to 1,200",Sep-24
MARINA ONE RESIDENCES,MARINA WAY,1,Non-Landed Properties,2,"7,600",100 to 110,"1,100 to 1,200",Sep-24
MARINA ONE RESIDENCES,MARINA WAY,1,Non-Landed Properties,1,"5,000",70 to 80,700 to 800,Sep-24
MARINA ONE RESIDENCES,MARINA WAY,1,Non-Landed Properties,1,"4,600",70 to 80,700 to 800,Sep-24
MARINA ONE RESIDENCES,MARINA WAY,1,Non-Landed Properties,3,"12,000",140 to 150,"1,500 to 1,600",Sep-24
MARINA ONE RESIDENCES,MARINA WAY,1,Non-Landed Properties,1,"4,400",60 to 70,600 to 700,Sep-24
MARINA ONE RESIDENCES,MARINA WAY,1,Non-Landed Properties,1,"5,400",60 to 70,700 to 800,Sep-24
MARINA ONE RESIDENCES,MARINA WAY,1,Non-Landed Properties,4,"50,000",>300,>3000,Sep-24
MARINA ONE RESIDENCES,MARINA WAY,1,Non-Landed Properties,3,"13,500",140 to 150,"1,500 to 1,600",Sep-24
MARINA ONE RESIDENCES,MARINA WAY,1,Non-Landed Properties,1,"4,100",60 to 70,600 to 700,Sep-24
MARINA ONE RESIDENCES,MARINA WAY,1,Non-Landed Properties,2,"7,700",100 to 110,"1,100 to 1,200",Sep-24
MARINA ONE RESIDENCES,MARINA WAY,1,Non-Landed Properties,2,"7,500",100 to 110,"1,100 to 1,200",Sep-24
MARINA ONE RESIDENCES,MARINA WAY,1,Non-Landed Properties,2,"7,800",110 to 120,"1,200 to 1,300",Sep-24
MARINA ONE RESIDENCES,MARINA WAY,1,Non-Landed Properties,1,"4,800",60 to 70,700 to 800,Sep-24
MARINA ONE RESIDENCES,MARINA WAY,1,Non-Landed Properties,1,"4,200",60 to 70,700 to 800,Sep-24
MARINA ONE RESIDENCES,MARINA WAY,1,Non-Landed Properties,1,"5,500",60 to 70,700 to 800,Sep-24
MARINA ONE RESIDENCES,MARINA WAY,1,Non-Landed Properties,1,"4,500",60 to 70,700 to 800,Sep-24
MARINA ONE RESIDENCES,MARINA WAY,1,Non-Landed Properties,2,"7,800",100 to 110,"1,100 to 1,200",Sep-24
MARINA ONE RESIDENCES,MARINA WAY,1,Non-Landed Properties,2,"8,300",110 to 120,"1,200 to 1,300",Sep-24
MARINA ONE RESIDENCES,MARINA WAY,1,Non-Landed Properties,1,"5,500",60 to 70,600 to 700,Sep-24
MARINA ONE RESIDENCES,MARINA WAY,1,Non-Landed Properties,2,"7,300",100 to 110,"1,100 to 1,200",Sep-24
MARINA ONE RESIDENCES,MARINA WAY,1,Non-Landed Properties,3,"9,300",140 to 150,"1,500 to 1,600",Sep-24
MARINA ONE RESIDENCES,MARINA WAY,1,Non-Landed Properties,2,"8,000",100 to 110,"1,100 to 1,200",Sep-24
MARINA ONE RESIDENCES,MARINA WAY,1,Non-Landed Properties,1,"5,000",60 to 70,600 to 700,Sep-24
MARINA ONE RESIDENCES,MARINA WAY,1,Non-Landed Properties,2,"7,500",100 to 110,"1,100 to 1,200",Sep-24
MARINA ONE RESIDENCES,MARINA WAY,1,Non-Landed Properties,1,"5,200",60 to 70,700 to 800,Sep-24
MARINA ONE RESIDENCES,MARINA WAY,1,Non-Landed Properties,2,"8,300",100 to 110,"1,100 to 1,200",Sep-24
MARINA ONE RESIDENCES,MARINA WAY,1,Non-Landed Properties,2,"8,000",100 to 110,"1,100 to 1,200",Sep-24
MARINA ONE RESIDENCES,MARINA WAY,1,Non-Landed Properties,3,"9,000",140 to 150,"1,500 to 1,600",Sep-24
MARINA ONE RESIDENCES,MARINA WAY,1,Non-Landed Properties,2,"8,100",100 to 110,"1,100 to 1,200",Sep-24
MARINA ONE RESIDENCES,MARINA WAY,1,Non-Landed Properties,1,"4,500",60 to 70,700 to 800,Sep-24
THE SAIL @ MARINA BAY,MARINA BOULEVARD,1,Non-Landed Properties,1,"4,200",50 to 60,600 to 700,Sep-24
THE SAIL @ MARINA BAY,MARINA BOULEVARD,1,Non-Landed Properties,2,"5,300",70 to 80,800 to 900,Sep-24
THE SAIL @ MARINA BAY,MARINA BOULEVARD,1,Non-Landed Properties,2,"5,700",70 to 80,800 to 900,Sep-24
THE SAIL @ MARINA BAY,MARINA BOULEVARD,1,Non-Landed Properties,2,"5,700",70 to 80,800 to 900,Sep-24
THE SAIL @ MARINA BAY,MARINA BOULEVARD,1,Non-Landed Properties,2,"6,100",70 to 80,800 to 900,Sep-24
THE SAIL @ MARINA BAY,MARINA BOULEVARD,1,Non-Landed Properties,1,"4,600",50 to 60,600 to 700,Sep-24
THE SAIL @ MARINA BAY,MARINA BOULEVARD,1,Non-Landed Properties,2,"5,600",70 to 80,800 to 900,Sep-24
THE SAIL @ MARINA BAY,MARINA BOULEVARD,1,Non-Landed Properties,3,"8,800",120 to 130,"1,300 to 1,400",Sep-24
THE SAIL @ MARINA BAY,MARINA BOULEVARD,1,Non-Landed Properties,3,"7,100",110 to 120,"1,200 to 1,300",Sep-24
THE SAIL @ MARINA BAY,MARINA BOULEVARD,1,Non-Landed Properties,3,"7,700",120 to 130,"1,300 to 1,400",Sep-24
THE SAIL @ MARINA BAY,MARINA BOULEVARD,1,Non-Landed Properties,1,"4,000",60 to 70,600 to 700,Sep-24
THE SAIL @ MARINA BAY,MARINA BOULEVARD,1,Non-Landed Properties,1,"5,100",50 to 60,600 to 700,Sep-24
THE SAIL @ MARINA BAY,MARINA BOULEVARD,1,Non-Landed Properties,1,"4,600",50 to 60,600 to 700,Sep-24
THE SAIL @ MARINA BAY,MARINA BOULEVARD,1,Non-Landed Properties,1,"4,500",50 to 60,600 to 700,Sep-24
THE SAIL @ MARINA BAY,MARINA BOULEVARD,1,Non-Landed Properties,3,"7,500",120 to 130,"1,300 to 1,400",Sep-24
THE SAIL @ MARINA BAY,MARINA BOULEVARD,1,Non-Landed Properties,4,"9,800",150 to 160,"1,600 to 1,700",Sep-24
THE SAIL @ MARINA BAY,MARINA BOULEVARD,1,Non-Landed Properties,1,"4,300",50 to 60,600 to 700,Sep-24
THE SAIL @ MARINA BAY,MARINA BOULEVARD,1,Non-Landed Properties,2,"5,800",80 to 90,"900 to 1,000",Sep-24
THE SAIL @ MARINA BAY,MARINA BOULEVARD,1,Non-Landed Properties,1,"3,900",50 to 60,600 to 700,Sep-24
THE SAIL @ MARINA BAY,MARINA BOULEVARD,1,Non-Landed Properties,1,"4,200",50 to 60,600 to 700,Sep-24
THE SAIL @ MARINA BAY,MARINA BOULEVARD,1,Non-Landed Properties,1,"4,600",50 to 60,600 to 700,Sep-24
THE SAIL @ MARINA BAY,MARINA BOULEVARD,1,Non-Landed Properties,1,"5,000",50 to 60,600 to 700,Sep-24
THE SAIL @ MARINA BAY,MARINA BOULEVARD,1,Non-Landed Properties,3,"8,800",150 to 160,"1,700 to 1,800",Sep-24
THE SAIL @ MARINA BAY,MARINA BOULEVARD,1,Non-Landed Properties,2,"5,300",70 to 80,800 to 900,Sep-24
THE SAIL @ MARINA BAY,MARINA BOULEVARD,1,Non-Landed Properties,3,"8,200",100 to 110,"1,100 to 1,200",Sep-24
THE SAIL @ MARINA BAY,MARINA BOULEVARD,1,Non-Landed Properties,1,"4,600",60 to 70,600 to 700,Sep-24
THE SAIL @ MARINA BAY,MARINA BOULEVARD,1,Non-Landed Properties,1,"4,100",60 to 70,600 to 700,Sep-24
THE SAIL @ MARINA BAY,MARINA BOULEVARD,1,Non-Landed Properties,1,"4,300",60 to 70,600 to 700,Sep-24
THE SAIL @ MARINA BAY,MARINA BOULEVARD,1,Non-Landed Properties,1,"4,200",50 to 60,500 to 600,Sep-24
THE SAIL @ MARINA BAY,MARINA BOULEVARD,1,Non-Landed Properties,1,"4,500",60 to 70,600 to 700,Sep-24
THE SAIL @ MARINA BAY,MARINA BOULEVARD,1,Non-Landed Properties,3,"8,500",100 to 110,"1,100 to 1,200",Sep-24
THE SAIL @ MARINA BAY,MARINA BOULEVARD,1,Non-Landed Properties,2,"7,800",80 to 90,"900 to 1,000",Sep-24
THE SAIL @ MARINA BAY,MARINA BOULEVARD,1,Non-Landed Properties,1,"4,100",50 to 60,500 to 600,Sep-24
THE SAIL @ MARINA BAY,MARINA BOULEVARD,1,Non-Landed Properties,1,"4,400",60 to 70,600 to 700,Sep-24
THE SAIL @ MARINA BAY,MARINA BOULEVARD,1,Non-Landed Properties,1,"4,000",50 to 60,500 to 600,Sep-24
THE SAIL @ MARINA BAY,MARINA BOULEVARD,1,Non-Landed Properties,4,"13,000",190 to 200,"2,100 to 2,200",Sep-24
THE SAIL @ MARINA BAY,MARINA BOULEVARD,1,Non-Landed Properties,1,"4,100",60 to 70,600 to 700,Sep-24
THE SAIL @ MARINA BAY,MARINA BOULEVARD,1,Non-Landed Properties,2,"5,600",80 to 90,800 to 900,Sep-24
THE SAIL @ MARINA BAY,MARINA BOULEVARD,1,Non-Landed Properties,1,"4,000",60 to 70,600 to 700,Sep-24
THE SAIL @ MARINA BAY,MARINA BOULEVARD,1,Non-Landed Properties,3,"6,500",100 to 110,"1,100 to 1,200",Sep-24
THE SAIL @ MARINA BAY,MARINA BOULEVARD,1,Non-Landed Properties,2,"5,000",80 to 90,800 to 900,Sep-24
THE SAIL @ MARINA BAY,MARINA BOULEVARD,1,Non-Landed Properties,2,"8,200",80 to 90,"900 to 1,000",Sep-24
THE SAIL @ MARINA BAY,MARINA BOULEVARD,1,Non-Landed Properties,2,"7,000",80 to 90,800 to 900,Sep-24
THE SAIL @ MARINA BAY,MARINA BOULEVARD,1,Non-Landed Properties,1,"4,400",60 to 70,600 to 700,Sep-24
THE SAIL @ MARINA BAY,MARINA BOULEVARD,1,Non-Landed Properties,1,"5,200",60 to 70,600 to 700,Sep-24
THE SAIL @ MARINA BAY,MARINA BOULEVARD,1,Non-Landed Properties,1,"4,100",50 to 60,500 to 600,Sep-24
THE SAIL @ MARINA BAY,MARINA BOULEVARD,1,Non-Landed Properties,1,"4,400",50 to 60,500 to 600,Sep-24
V ON SHENTON,SHENTON WAY,1,Non-Landed Properties,3,"8,000",140 to 150,"1,500 to 1,600",Sep-24
V ON SHENTON,SHENTON WAY,1,Non-Landed Properties,1,"3,800",40 to 50,500 to 600,Sep-24
V ON SHENTON,SHENTON WAY,1,Non-Landed Properties,2,"6,000",90 to 100,"1,000 to 1,100",Sep-24
V ON SHENTON,SHENTON WAY,1,Non-Landed Properties,2,"5,400",80 to 90,800 to 900,Sep-24
V ON SHENTON,SHENTON WAY,1,Non-Landed Properties,1,"5,400",60 to 70,700 to 800,Sep-24
V ON SHENTON,SHENTON WAY,1,Non-Landed Properties,3,"8,000",140 to 150,"1,500 to 1,600",Sep-24
V ON SHENTON,SHENTON WAY,1,Non-Landed Properties,2,"6,400",90 to 100,"1,000 to 1,100",Sep-24
V ON SHENTON,SHENTON WAY,1,Non-Landed Properties,3,"10,000",160 to 170,"1,700 to 1,800",Sep-24
V ON SHENTON,SHENTON WAY,1,Non-Landed Properties,2,"6,150",90 to 100,"1,000 to 1,100",Sep-24
V ON SHENTON,SHENTON WAY,1,Non-Landed Properties,2,"7,200",100 to 110,"1,100 to 1,200",Sep-24
V ON SHENTON,SHENTON WAY,1,Non-Landed Properties,2,"5,500",80 to 90,"900 to 1,000",Sep-24
V ON SHENTON,SHENTON WAY,1,Non-Landed Properties,1,"4,400",60 to 70,600 to 700,Sep-24
V ON SHENTON,SHENTON WAY,1,Non-Landed Properties,1,"4,900",60 to 70,600 to 700,Sep-24
V ON SHENTON,SHENTON WAY,1,Non-Landed Properties,NA,"3,600",40 to 50,400 to 500,Sep-24
V ON SHENTON,SHENTON WAY,1,Non-Landed Properties,3,"7,300",120 to 130,"1,300 to 1,400",Sep-24
V ON SHENTON,SHENTON WAY,1,Non-Landed Properties,2,"6,800",100 to 110,"1,100 to 1,200",Sep-24
V ON SHENTON,SHENTON WAY,1,Non-Landed Properties,NA,"3,650",40 to 50,400 to 500,Sep-24
V ON SHENTON,SHENTON WAY,1,Non-Landed Properties,2,"5,400",80 to 90,800 to 900,Sep-24
V ON SHENTON,SHENTON WAY,1,Non-Landed Properties,3,"7,800",140 to 150,"1,500 to 1,600",Sep-24
V ON SHENTON,SHENTON WAY,1,Non-Landed Properties,3,"7,800",140 to 150,"1,500 to 1,600",Sep-24
MARINA BAY SUITES,CENTRAL BOULEVARD,1,Non-Landed Properties,3,"9,500",150 to 160,"1,600 to 1,700",Sep-24
MARINA BAY SUITES,CENTRAL BOULEVARD,1,Non-Landed Properties,3,"8,500",140 to 150,"1,500 to 1,600",Sep-24
MARINA BAY SUITES,CENTRAL BOULEVARD,1,Non-Landed Properties,3,"9,500",140 to 150,"1,600 to 1,700",Sep-24
MARINA BAY SUITES,CENTRAL BOULEVARD,1,Non-Landed Properties,3,"10,200",140 to 150,"1,600 to 1,700",Sep-24
MARINA BAY SUITES,CENTRAL BOULEVARD,1,Non-Landed Properties,4,"16,500",240 to 250,"2,600 to 2,700",Sep-24
MARINA BAY SUITES,CENTRAL BOULEVARD,1,Non-Landed Properties,4,"11,500",180 to 190,"2,000 to 2,100",Sep-24
MARINA BAY SUITES,CENTRAL BOULEVARD,1,Non-Landed Properties,3,"9,000",140 to 150,"1,500 to 1,600",Sep-24
MARINA BAY SUITES,CENTRAL BOULEVARD,1,Non-Landed Properties,3,"9,500",150 to 160,"1,600 to 1,700",Sep-24
MARINA BAY SUITES,CENTRAL BOULEVARD,1,Non-Landed Properties,3,"11,000",150 to 160,"1,600 to 1,700",Sep-24
MARINA BAY SUITES,CENTRAL BOULEVARD,1,Non-Landed Properties,4,"13,800",240 to 250,"2,600 to 2,700",Sep-24
THE CLIFT,MCCALLUM STREET,1,Non-Landed Properties,1,"4,750",70 to 80,700 to 800,Sep-24
THE CLIFT,MCCALLUM STREET,1,Non-Landed Properties,1,"3,900",40 to 50,400 to 500,Sep-24
THE CLIFT,MCCALLUM STREET,1,Non-Landed Properties,1,"4,200",40 to 50,500 to 600,Sep-24
THE CLIFT,MCCALLUM STREET,1,Non-Landed Properties,2,"5,300",70 to 80,800 to 900,Sep-24
THE CLIFT,MCCALLUM STREET,1,Non-Landed Properties,1,"5,200",70 to 80,700 to 800,Sep-24
THE CLIFT,MCCALLUM STREET,1,Non-Landed Properties,1,"6,125",60 to 70,700 to 800,Sep-24
THE CLIFT,MCCALLUM STREET,1,Non-Landed Properties,1,"5,300",70 to 80,700 to 800,Sep-24
THE CLIFT,MCCALLUM STREET,1,Non-Landed Properties,1,"4,000",40 to 50,500 to 600,Sep-24
THE CLIFT,MCCALLUM STREET,1,Non-Landed Properties,1,"4,000",40 to 50,500 to 600,Sep-24
THE CLIFT,MCCALLUM STREET,1,Non-Landed Properties,1,"4,350",50 to 60,500 to 600,Sep-24
THE CLIFT,MCCALLUM STREET,1,Non-Landed Properties,1,"4,100",40 to 50,500 to 600,Sep-24
THE CLIFT,MCCALLUM STREET,1,Non-Landed Properties,1,"3,800",40 to 50,500 to 600,Sep-24
THE CLIFT,MCCALLUM STREET,1,Non-Landed Properties,2,"5,400",70 to 80,700 to 800,Sep-24
THE CLIFT,MCCALLUM STREET,1,Non-Landed Properties,1,"4,900",70 to 80,700 to 800,Sep-24
ONE SHENTON,SHENTON WAY,1,Non-Landed Properties,3,"9,600",130 to 140,"1,400 to 1,500",Sep-24
ONE SHENTON,SHENTON WAY,1,Non-Landed Properties,1,"4,250",40 to 50,500 to 600,Sep-24
ONE SHENTON,SHENTON WAY,1,Non-Landed Properties,1,"4,200",50 to 60,500 to 600,Sep-24
ONE SHENTON,SHENTON WAY,1,Non-Landed Properties,2,"6,700",110 to 120,"1,200 to 1,300",Sep-24
ONE SHENTON,SHENTON WAY,1,Non-Landed Properties,4,"19,000",>300,>3000,Sep-24
ONE SHENTON,SHENTON WAY,1,Non-Landed Properties,2,"6,200",100 to 110,"1,100 to 1,200",Sep-24
ONE SHENTON,SHENTON WAY,1,Non-Landed Properties,3,"11,500",140 to 150,"1,500 to 1,600",Sep-24
ONE SHENTON,SHENTON WAY,1,Non-Landed Properties,4,"11,000",170 to 180,"1,800 to 1,900",Sep-24
ONE SHENTON,SHENTON WAY,1,Non-Landed Properties,1,"4,500",50 to 60,500 to 600,Sep-24
ONE SHENTON,SHENTON WAY,1,Non-Landed Properties,2,"5,700",100 to 110,"1,000 to 1,100",Sep-24
FOOK HAI BUILDING,SOUTH BRIDGE ROAD,1,Non-Landed Properties,3,"4,400",140 to 150,"1,600 to 1,700",Sep-24
PEOPLE'S PARK COMPLEX,PARK ROAD,1,Non-Landed Properties,1,"2,400",30 to 40,400 to 500,Sep-24
PEOPLE'S PARK COMPLEX,PARK ROAD,1,Non-Landed Properties,1,"2,300",40 to 50,400 to 500,Sep-24
PEOPLE'S PARK COMPLEX,PARK ROAD,1,Non-Landed Properties,1,"2,300",30 to 40,400 to 500,Sep-24
PEOPLE'S PARK COMPLEX,PARK ROAD,1,Non-Landed Properties,1,"2,200",30 to 40,400 to 500,Sep-24
PEOPLE'S PARK COMPLEX,PARK ROAD,1,Non-Landed Properties,3,"5,000",100 to 110,"1,100 to 1,200",Sep-24
PEOPLE'S PARK COMPLEX,PARK ROAD,1,Non-Landed Properties,1,"2,550",30 to 40,400 to 500,Sep-24
PEOPLE'S PARK COMPLEX,PARK ROAD,1,Non-Landed Properties,3,"5,000",100 to 110,"1,100 to 1,200",Sep-24
PEOPLE'S PARK COMPLEX,PARK ROAD,1,Non-Landed Properties,1,"2,500",30 to 40,400 to 500,Sep-24
PEOPLE'S PARK COMPLEX,PARK ROAD,1,Non-Landed Properties,1,"2,500",30 to 40,400 to 500,Sep-24
PEOPLE'S PARK COMPLEX,PARK ROAD,1,Non-Landed Properties,1,"2,600",30 to 40,400 to 500,Sep-24
PEOPLE'S PARK COMPLEX,PARK ROAD,1,Non-Landed Properties,1,"2,900",30 to 40,400 to 500,Sep-24
EMERALD GARDEN,CLUB STREET,1,Non-Landed Properties,1,"5,200",90 to 100,"1,000 to 1,100",Sep-24
EMERALD GARDEN,CLUB STREET,1,Non-Landed Properties,2,"4,700",80 to 90,"900 to 1,000",Sep-24
EMERALD GARDEN,CLUB STREET,1,Non-Landed Properties,1,"4,100",70 to 80,800 to 900,Sep-24
EMERALD GARDEN,CLUB STREET,1,Non-Landed Properties,2,"5,500",100 to 110,"1,100 to 1,200",Sep-24
EMERALD GARDEN,CLUB STREET,1,Non-Landed Properties,3,"5,850",110 to 120,"1,200 to 1,300",Sep-24
EMERALD GARDEN,CLUB STREET,1,Non-Landed Properties,3,"5,000",120 to 130,"1,300 to 1,400",Sep-24
EMERALD GARDEN,CLUB STREET,1,Non-Landed Properties,2,"4,800",90 to 100,"900 to 1,000",Sep-24
EMERALD GARDEN,CLUB STREET,1,Non-Landed Properties,1,"4,550",70 to 80,800 to 900,Sep-24
EMERALD GARDEN,CLUB STREET,1,Non-Landed Properties,1,"5,000",70 to 80,800 to 900,Sep-24
EMERALD GARDEN,CLUB STREET,1,Non-Landed Properties,2,"5,000",80 to 90,"900 to 1,000",Sep-24
EMERALD GARDEN,CLUB STREET,1,Non-Landed Properties,3,"6,000",110 to 120,"1,200 to 1,300",Sep-24
THE RIVERSIDE PIAZZA,KENG CHEOW STREET,1,Non-Landed Properties,3,"5,500",110 to 120,"1,200 to 1,300",Sep-24
PEOPLE'S PARK CENTRE,UPPER CROSS STREET,1,Non-Landed Properties,5,"8,000",>300,>3000,Sep-24
PEOPLE'S PARK CENTRE,UPPER CROSS STREET,1,Non-Landed Properties,3,"4,500",150 to 160,"1,600 to 1,700",Sep-24
ROBINSON SUITES,ROBINSON ROAD,1,Non-Landed Properties,1,"3,600",40 to 50,400 to 500,Sep-24
ROBINSON SUITES,ROBINSON ROAD,1,Non-Landed Properties,1,"3,650",40 to 50,400 to 500,Sep-24
ROBINSON SUITES,ROBINSON ROAD,1,Non-Landed Properties,2,"4,100",50 to 60,600 to 700,Sep-24
ROBINSON SUITES,ROBINSON ROAD,1,Non-Landed Properties,1,"3,800",40 to 50,500 to 600,Sep-24
ROBINSON SUITES,ROBINSON ROAD,1,Non-Landed Properties,2,"3,600",50 to 60,600 to 700,Sep-24
ROBINSON SUITES,ROBINSON ROAD,1,Non-Landed Properties,1,"3,750",40 to 50,500 to 600,Sep-24
ROBINSON SUITES,ROBINSON ROAD,1,Non-Landed Properties,1,"3,700",40 to 50,400 to 500,Sep-24
ROBINSON SUITES,ROBINSON ROAD,1,Non-Landed Properties,1,"3,500",40 to 50,400 to 500,Sep-24
ROBINSON SUITES,ROBINSON ROAD,1,Non-Landed Properties,1,"3,600",40 to 50,400 to 500,Sep-24
ROBINSON SUITES,ROBINSON ROAD,1,Non-Landed Properties,2,"4,200",50 to 60,600 to 700,Sep-24
RIVERWALK APARTMENTS,UPPER CIRCULAR ROAD,1,Non-Landed Properties,2,"5,600",110 to 120,"1,200 to 1,300",Sep-24
RIVERWALK APARTMENTS,UPPER CIRCULAR ROAD,1,Non-Landed Properties,2,"6,500",110 to 120,"1,200 to 1,300",Sep-24
RIVERWALK APARTMENTS,UPPER CIRCULAR ROAD,1,Non-Landed Properties,NA,"3,900",70 to 80,800 to 900,Sep-24
RIVERWALK APARTMENTS,UPPER CIRCULAR ROAD,1,Non-Landed Properties,2,"5,750",110 to 120,"1,200 to 1,300",Sep-24
RIVERWALK APARTMENTS,UPPER CIRCULAR ROAD,1,Non-Landed Properties,3,"7,000",140 to 150,"1,600 to 1,700",Sep-24
MARINA BAY RESIDENCES,MARINA BOULEVARD,1,Non-Landed Properties,1,"5,500",60 to 70,700 to 800,Sep-24
MARINA BAY RESIDENCES,MARINA BOULEVARD,1,Non-Landed Properties,3,"11,300",150 to 160,"1,600 to 1,700",Sep-24
MARINA BAY RESIDENCES,MARINA BOULEVARD,1,Non-Landed Properties,2,"8,400",100 to 110,"1,100 to 1,200",Sep-24
MARINA BAY RESIDENCES,MARINA BOULEVARD,1,Non-Landed Properties,2,"7,500",100 to 110,"1,100 to 1,200",Sep-24
MARINA BAY RESIDENCES,MARINA BOULEVARD,1,Non-Landed Properties,2,"7,900",90 to 100,"1,000 to 1,100",Sep-24
MARINA BAY RESIDENCES,MARINA BOULEVARD,1,Non-Landed Properties,1,"5,600",60 to 70,700 to 800,Sep-24
MARINA BAY RESIDENCES,MARINA BOULEVARD,1,Non-Landed Properties,2,"7,300",90 to 100,"1,000 to 1,100",Sep-24
MARINA BAY RESIDENCES,MARINA BOULEVARD,1,Non-Landed Properties,3,"11,200",180 to 190,"1,900 to 2,000",Sep-24
MARINA BAY RESIDENCES,MARINA BOULEVARD,1,Non-Landed Properties,1,"6,100",60 to 70,700 to 800,Sep-24
MARINA BAY RESIDENCES,MARINA BOULEVARD,1,Non-Landed Properties,2,"8,800",90 to 100,"1,000 to 1,100",Sep-24
MARINA BAY RESIDENCES,MARINA BOULEVARD,1,Non-Landed Properties,2,"8,800",110 to 120,"1,200 to 1,300",Sep-24
MARINA ONE RESIDENCES,MARINA WAY,1,Non-Landed Properties,1,"4,500",60 to 70,600 to 700,Aug-24
MARINA ONE RESIDENCES,MARINA WAY,1,Non-Landed Properties,2,"7,800",100 to 110,"1,100 to 1,200",Aug-24
MARINA ONE RESIDENCES,MARINA WAY,1,Non-Landed Properties,2,"7,700",100 to 110,"1,100 to 1,200",Aug-24
MARINA ONE RESIDENCES,MARINA WAY,1,Non-Landed Properties,1,"5,000",60 to 70,700 to 800,Aug-24
MARINA ONE RESIDENCES,MARINA WAY,1,Non-Landed Properties,3,"12,000",140 to 150,"1,500 to 1,600",Aug-24
MARINA ONE RESIDENCES,MARINA WAY,1,Non-Landed Properties,1,"4,500",60 to 70,700 to 800,Aug-24
MARINA ONE RESIDENCES,MARINA WAY,1,Non-Landed Properties,1,"4,100",60 to 70,600 to 700,Aug-24
MARINA ONE RESIDENCES,MARINA WAY,1,Non-Landed Properties,1,"4,700",60 to 70,700 to 800,Aug-24
MARINA ONE RESIDENCES,MARINA WAY,1,Non-Landed Properties,1,"4,499",60 to 70,600 to 700,Aug-24
MARINA ONE RESIDENCES,MARINA WAY,1,Non-Landed Properties,1,"4,500",60 to 70,600 to 700,Aug-24
MARINA ONE RESIDENCES,MARINA WAY,1,Non-Landed Properties,1,"4,500",70 to 80,700 to 800,Aug-24
MARINA ONE RESIDENCES,MARINA WAY,1,Non-Landed Properties,1,"4,300",60 to 70,600 to 700,Aug-24
MARINA ONE RESIDENCES,MARINA WAY,1,Non-Landed Properties,1,"4,500",60 to 70,600 to 700,Aug-24
MARINA ONE RESIDENCES,MARINA WAY,1,Non-Landed Properties,1,"4,700",60 to 70,700 to 800,Aug-24
MARINA ONE RESIDENCES,MARINA WAY,1,Non-Landed Properties,2,"7,100",100 to 110,"1,100 to 1,200",Aug-24
MARINA ONE RESIDENCES,MARINA WAY,1,Non-Landed Properties,1,"4,400",60 to 70,700 to 800,Aug-24
MARINA ONE RESIDENCES,MARINA WAY,1,Non-Landed Properties,3,"10,000",140 to 150,"1,500 to 1,600",Aug-24
MARINA ONE RESIDENCES,MARINA WAY,1,Non-Landed Properties,1,"4,625",70 to 80,700 to 800,Aug-24
MARINA ONE RESIDENCES,MARINA WAY,1,Non-Landed Properties,3,"10,250",140 to 150,"1,500 to 1,600",Aug-24
MARINA ONE RESIDENCES,MARINA WAY,1,Non-Landed Properties,3,"10,000",140 to 150,"1,500 to 1,600",Aug-24
MARINA ONE RESIDENCES,MARINA WAY,1,Non-Landed Properties,1,"4,400",60 to 70,600 to 700,Aug-24
MARINA ONE RESIDENCES,MARINA WAY,1,Non-Landed Properties,2,"8,000",100 to 110,"1,100 to 1,200",Aug-24
MARINA ONE RESIDENCES,MARINA WAY,1,Non-Landed Properties,1,"4,800",60 to 70,600 to 700,Aug-24
MARINA ONE RESIDENCES,MARINA WAY,1,Non-Landed Properties,2,"6,300",90 to 100,"900 to 1,000",Aug-24
MARINA ONE RESIDENCES,MARINA WAY,1,Non-Landed Properties,1,"5,250",60 to 70,700 to 800,Aug-24
MARINA ONE RESIDENCES,MARINA WAY,1,Non-Landed Properties,2,"8,000",110 to 120,"1,200 to 1,300",Aug-24
MARINA ONE RESIDENCES,MARINA WAY,1,Non-Landed Properties,1,"5,300",60 to 70,700 to 800,Aug-24
MARINA ONE RESIDENCES,MARINA WAY,1,Non-Landed Properties,3,"10,800",140 to 150,"1,500 to 1,600",Aug-24
MARINA ONE RESIDENCES,MARINA WAY,1,Non-Landed Properties,1,"5,000",60 to 70,700 to 800,Aug-24
MARINA ONE RESIDENCES,MARINA WAY,1,Non-Landed Properties,3,"10,800",140 to 150,"1,500 to 1,600",Aug-24
MARINA ONE RESIDENCES,MARINA WAY,1,Non-Landed Properties,1,"4,500",60 to 70,700 to 800,Aug-24
MARINA ONE RESIDENCES,MARINA WAY,1,Non-Landed Properties,1,"4,500",60 to 70,700 to 800,Aug-24
MARINA ONE RESIDENCES,MARINA WAY,1,Non-Landed Properties,1,"5,500",60 to 70,700 to 800,Aug-24
MARINA ONE RESIDENCES,MARINA WAY,1,Non-Landed Properties,1,"5,500",60 to 70,700 to 800,Aug-24
MARINA ONE RESIDENCES,MARINA WAY,1,Non-Landed Properties,2,"8,300",100 to 110,"1,100 to 1,200",Aug-24
MARINA ONE RESIDENCES,MARINA WAY,1,Non-Landed Properties,1,"4,700",70 to 80,700 to 800,Aug-24
MARINA ONE RESIDENCES,MARINA WAY,1,Non-Landed Properties,2,"7,200",100 to 110,"1,100 to 1,200",Aug-24
MARINA ONE RESIDENCES,MARINA WAY,1,Non-Landed Properties,1,"6,000",60 to 70,700 to 800,Aug-24
MARINA ONE RESIDENCES,MARINA WAY,1,Non-Landed Properties,1,"4,500",60 to 70,700 to 800,Aug-24
MARINA ONE RESIDENCES,MARINA WAY,1,Non-Landed Properties,1,"5,350",60 to 70,600 to 700,Aug-24
MARINA ONE RESIDENCES,MARINA WAY,1,Non-Landed Properties,1,"4,500",60 to 70,600 to 700,Aug-24
MARINA ONE RESIDENCES,MARINA WAY,1,Non-Landed Properties,3,"9,700",140 to 150,"1,500 to 1,600",Aug-24
MARINA ONE RESIDENCES,MARINA WAY,1,Non-Landed Properties,1,"5,100",60 to 70,600 to 700,Aug-24
THE SAIL @ MARINA BAY,MARINA BOULEVARD,1,Non-Landed Properties,2,"5,500",70 to 80,800 to 900,Aug-24
THE SAIL @ MARINA BAY,MARINA BOULEVARD,1,Non-Landed Properties,2,"5,800",70 to 80,800 to 900,Aug-24
THE SAIL @ MARINA BAY,MARINA BOULEVARD,1,Non-Landed Properties,1,"4,200",60 to 70,600 to 700,Aug-24
THE SAIL @ MARINA BAY,MARINA BOULEVARD,1,Non-Landed Properties,3,"7,500",120 to 130,"1,300 to 1,400",Aug-24
THE SAIL @ MARINA BAY,MARINA BOULEVARD,1,Non-Landed Properties,2,"5,200",70 to 80,800 to 900,Aug-24
THE SAIL @ MARINA BAY,MARINA BOULEVARD,1,Non-Landed Properties,1,"4,500",50 to 60,600 to 700,Aug-24
THE SAIL @ MARINA BAY,MARINA BOULEVARD,1,Non-Landed Properties,2,"5,600",70 to 80,800 to 900,Aug-24
THE SAIL @ MARINA BAY,MARINA BOULEVARD,1,Non-Landed Properties,1,"4,000",60 to 70,600 to 700,Aug-24
THE SAIL @ MARINA BAY,MARINA BOULEVARD,1,Non-Landed Properties,1,"4,000",50 to 60,600 to 700,Aug-24
THE SAIL @ MARINA BAY,MARINA BOULEVARD,1,Non-Landed Properties,2,"5,300",70 to 80,800 to 900,Aug-24
THE SAIL @ MARINA BAY,MARINA BOULEVARD,1,Non-Landed Properties,4,"10,000",200 to 210,"2,200 to 2,300",Aug-24
THE SAIL @ MARINA BAY,MARINA BOULEVARD,1,Non-Landed Properties,3,"6,800",120 to 130,"1,300 to 1,400",Aug-24
THE SAIL @ MARINA BAY,MARINA BOULEVARD,1,Non-Landed Properties,2,"5,400",70 to 80,800 to 900,Aug-24
THE SAIL @ MARINA BAY,MARINA BOULEVARD,1,Non-Landed Properties,2,"5,700",70 to 80,800 to 900,Aug-24
THE SAIL @ MARINA BAY,MARINA BOULEVARD,1,Non-Landed Properties,1,"4,000",50 to 60,600 to 700,Aug-24
THE SAIL @ MARINA BAY,MARINA BOULEVARD,1,Non-Landed Properties,3,"10,000",100 to 110,"1,100 to 1,200",Aug-24
THE SAIL @ MARINA BAY,MARINA BOULEVARD,1,Non-Landed Properties,2,"4,600",80 to 90,800 to 900,Aug-24
THE SAIL @ MARINA BAY,MARINA BOULEVARD,1,Non-Landed Properties,3,"9,000",140 to 150,"1,500 to 1,600",Aug-24
THE SAIL @ MARINA BAY,MARINA BOULEVARD,1,Non-Landed Properties,2,"6,800",80 to 90,800 to 900,Aug-24
THE SAIL @ MARINA BAY,MARINA BOULEVARD,1,Non-Landed Properties,1,"5,700",60 to 70,600 to 700,Aug-24
THE SAIL @ MARINA BAY,MARINA BOULEVARD,1,Non-Landed Properties,1,"4,000",50 to 60,500 to 600,Aug-24
THE SAIL @ MARINA BAY,MARINA BOULEVARD,1,Non-Landed Properties,2,"6,500",80 to 90,800 to 900,Aug-24
THE SAIL @ MARINA BAY,MARINA BOULEVARD,1,Non-Landed Properties,2,"6,800",80 to 90,"900 to 1,000",Aug-24
THE SAIL @ MARINA BAY,MARINA BOULEVARD,1,Non-Landed Properties,2,"6,700",80 to 90,"900 to 1,000",Aug-24
THE SAIL @ MARINA BAY,MARINA BOULEVARD,1,Non-Landed Properties,2,"6,999",80 to 90,800 to 900,Aug-24
THE SAIL @ MARINA BAY,MARINA BOULEVARD,1,Non-Landed Properties,2,"7,000",80 to 90,"900 to 1,000",Aug-24
THE SAIL @ MARINA BAY,MARINA BOULEVARD,1,Non-Landed Properties,1,"3,600",50 to 60,500 to 600,Aug-24
THE SAIL @ MARINA BAY,MARINA BOULEVARD,1,Non-Landed Properties,1,"4,600",60 to 70,600 to 700,Aug-24
THE SAIL @ MARINA BAY,MARINA BOULEVARD,1,Non-Landed Properties,1,"4,100",50 to 60,500 to 600,Aug-24
THE SAIL @ MARINA BAY,MARINA BOULEVARD,1,Non-Landed Properties,1,"4,700",60 to 70,600 to 700,Aug-24
THE SAIL @ MARINA BAY,MARINA BOULEVARD,1,Non-Landed Properties,2,"7,000",90 to 100,"1,000 to 1,100",Aug-24
THE SAIL @ MARINA BAY,MARINA BOULEVARD,1,Non-Landed Properties,2,"7,500",80 to 90,"900 to 1,000",Aug-24
THE SAIL @ MARINA BAY,MARINA BOULEVARD,1,Non-Landed Properties,2,"7,000",80 to 90,"900 to 1,000",Aug-24
THE SAIL @ MARINA BAY,MARINA BOULEVARD,1,Non-Landed Properties,1,"4,000",60 to 70,600 to 700,Aug-24
THE SAIL @ MARINA BAY,MARINA BOULEVARD,1,Non-Landed Properties,3,"10,000",140 to 150,"1,500 to 1,600",Aug-24
THE SAIL @ MARINA BAY,MARINA BOULEVARD,1,Non-Landed Properties,1,"5,800",60 to 70,600 to 700,Aug-24
THE SAIL @ MARINA BAY,MARINA BOULEVARD,1,Non-Landed Properties,1,"4,200",50 to 60,500 to 600,Aug-24
THE SAIL @ MARINA BAY,MARINA BOULEVARD,1,Non-Landed Properties,1,"5,400",60 to 70,600 to 700,Aug-24
THE SAIL @ MARINA BAY,MARINA BOULEVARD,1,Non-Landed Properties,1,"4,200",60 to 70,600 to 700,Aug-24
THE SAIL @ MARINA BAY,MARINA BOULEVARD,1,Non-Landed Properties,2,"6,300",80 to 90,"900 to 1,000",Aug-24
THE SAIL @ MARINA BAY,MARINA BOULEVARD,1,Non-Landed Properties,2,"6,500",80 to 90,800 to 900,Aug-24
THE SAIL @ MARINA BAY,MARINA BOULEVARD,1,Non-Landed Properties,1,"4,000",50 to 60,500 to 600,Aug-24
THE SAIL @ MARINA BAY,MARINA BOULEVARD,1,Non-Landed Properties,1,"4,900",60 to 70,600 to 700,Aug-24
THE SAIL @ MARINA BAY,MARINA BOULEVARD,1,Non-Landed Properties,2,"6,300",90 to 100,"1,000 to 1,100",Aug-24
THE SAIL @ MARINA BAY,MARINA BOULEVARD,1,Non-Landed Properties,2,"6,500",90 to 100,"1,000 to 1,100",Aug-24
THE SAIL @ MARINA BAY,MARINA BOULEVARD,1,Non-Landed Properties,2,"7,200",90 to 100,"1,000 to 1,100",Aug-24
THE SAIL @ MARINA BAY,MARINA BOULEVARD,1,Non-Landed Properties,1,"4,000",50 to 60,500 to 600,Aug-24
THE SAIL @ MARINA BAY,MARINA BOULEVARD,1,Non-Landed Properties,1,"4,750",60 to 70,600 to 700,Aug-24
THE SAIL @ MARINA BAY,MARINA BOULEVARD,1,Non-Landed Properties,2,"5,000",80 to 90,800 to 900,Aug-24
THE SAIL @ MARINA BAY,MARINA BOULEVARD,1,Non-Landed Properties,2,"7,000",80 to 90,"900 to 1,000",Aug-24
THE SAIL @ MARINA BAY,MARINA BOULEVARD,1,Non-Landed Properties,2,"6,500",80 to 90,800 to 900,Aug-24
V ON SHENTON,SHENTON WAY,1,Non-Landed Properties,NA,"3,250",40 to 50,400 to 500,Aug-24
V ON SHENTON,SHENTON WAY,1,Non-Landed Properties,2,"7,500",110 to 120,"1,200 to 1,300",Aug-24
V ON SHENTON,SHENTON WAY,1,Non-Landed Properties,2,"6,900",110 to 120,"1,200 to 1,300",Aug-24
V ON SHENTON,SHENTON WAY,1,Non-Landed Properties,3,"7,800",140 to 150,"1,500 to 1,600",Aug-24
V ON SHENTON,SHENTON WAY,1,Non-Landed Properties,3,"8,000",140 to 150,"1,500 to 1,600",Aug-24
V ON SHENTON,SHENTON WAY,1,Non-Landed Properties,3,"7,500",140 to 150,"1,500 to 1,600",Aug-24
V ON SHENTON,SHENTON WAY,1,Non-Landed Properties,3,"8,700",160 to 170,"1,700 to 1,800",Aug-24
V ON SHENTON,SHENTON WAY,1,Non-Landed Properties,1,"4,500",60 to 70,700 to 800,Aug-24
V ON SHENTON,SHENTON WAY,1,Non-Landed Properties,1,"4,500",60 to 70,700 to 800,Aug-24
V ON SHENTON,SHENTON WAY,1,Non-Landed Properties,NA,"3,400",40 to 50,400 to 500,Aug-24
V ON SHENTON,SHENTON WAY,1,Non-Landed Properties,3,"9,500",160 to 170,"1,700 to 1,800",Aug-24
V ON SHENTON,SHENTON WAY,1,Non-Landed Properties,NA,"3,450",40 to 50,400 to 500,Aug-24
V ON SHENTON,SHENTON WAY,1,Non-Landed Properties,3,"11,000",160 to 170,"1,700 to 1,800",Aug-24
V ON SHENTON,SHENTON WAY,1,Non-Landed Properties,NA,"4,300",40 to 50,400 to 500,Aug-24
V ON SHENTON,SHENTON WAY,1,Non-Landed Properties,2,"5,300",80 to 90,800 to 900,Aug-24
V ON SHENTON,SHENTON WAY,1,Non-Landed Properties,NA,"3,500",40 to 50,400 to 500,Aug-24
V ON SHENTON,SHENTON WAY,1,Non-Landed Properties,3,"8,800",140 to 150,"1,500 to 1,600",Aug-24
V ON SHENTON,SHENTON WAY,1,Non-Landed Properties,1,"3,600",40 to 50,400 to 500,Aug-24
V ON SHENTON,SHENTON WAY,1,Non-Landed Properties,1,"4,000",60 to 70,700 to 800,Aug-24
V ON SHENTON,SHENTON WAY,1,Non-Landed Properties,NA,"3,500",40 to 50,400 to 500,Aug-24
V ON SHENTON,SHENTON WAY,1,Non-Landed Properties,3,"8,300",140 to 150,"1,500 to 1,600",Aug-24
V ON SHENTON,SHENTON WAY,1,Non-Landed Properties,1,"3,800",40 to 50,400 to 500,Aug-24
V ON SHENTON,SHENTON WAY,1,Non-Landed Properties,2,"6,600",100 to 110,"1,000 to 1,100",Aug-24
V ON SHENTON,SHENTON WAY,1,Non-Landed Properties,2,"7,500",110 to 120,"1,200 to 1,300",Aug-24
V ON SHENTON,SHENTON WAY,1,Non-Landed Properties,2,"5,600",80 to 90,"900 to 1,000",Aug-24
V ON SHENTON,SHENTON WAY,1,Non-Landed Properties,2,"5,700",90 to 100,"1,000 to 1,100",Aug-24
V ON SHENTON,SHENTON WAY,1,Non-Landed Properties,1,"4,300",60 to 70,600 to 700,Aug-24
V ON SHENTON,SHENTON WAY,1,Non-Landed Properties,2,"5,600",90 to 100,"1,000 to 1,100",Aug-24
V ON SHENTON,SHENTON WAY,1,Non-Landed Properties,1,"4,300",60 to 70,600 to 700,Aug-24
MARINA BAY SUITES,CENTRAL BOULEVARD,1,Non-Landed Properties,3,"10,000",150 to 160,"1,600 to 1,700",Aug-24
MARINA BAY SUITES,CENTRAL BOULEVARD,1,Non-Landed Properties,3,"10,000",140 to 150,"1,600 to 1,700",Aug-24
MARINA BAY SUITES,CENTRAL BOULEVARD,1,Non-Landed Properties,3,"8,888",140 to 150,"1,500 to 1,600",Aug-24
MARINA BAY SUITES,CENTRAL BOULEVARD,1,Non-Landed Properties,4,"16,500",240 to 250,"2,600 to 2,700",Aug-24
MARINA BAY SUITES,CENTRAL BOULEVARD,1,Non-Landed Properties,4,"12,000",180 to 190,"2,000 to 2,100",Aug-24
THE CLIFT,MCCALLUM STREET,1,Non-Landed Properties,2,"5,500",70 to 80,700 to 800,Aug-24
THE CLIFT,MCCALLUM STREET,1,Non-Landed Properties,1,"5,681",40 to 50,400 to 500,Aug-24
THE CLIFT,MCCALLUM STREET,1,Non-Landed Properties,1,"4,500",40 to 50,500 to 600,Aug-24
THE CLIFT,MCCALLUM STREET,1,Non-Landed Properties,1,"4,800",60 to 70,700 to 800,Aug-24
THE CLIFT,MCCALLUM STREET,1,Non-Landed Properties,1,"5,000",70 to 80,700 to 800,Aug-24
THE CLIFT,MCCALLUM STREET,1,Non-Landed Properties,1,"3,700",40 to 50,500 to 600,Aug-24
THE CLIFT,MCCALLUM STREET,1,Non-Landed Properties,2,"6,600",90 to 100,"1,000 to 1,100",Aug-24
THE CLIFT,MCCALLUM STREET,1,Non-Landed Properties,2,"6,000",70 to 80,800 to 900,Aug-24
THE CLIFT,MCCALLUM STREET,1,Non-Landed Properties,2,"6,700",90 to 100,"1,000 to 1,100",Aug-24
THE CLIFT,MCCALLUM STREET,1,Non-Landed Properties,2,"5,300",70 to 80,700 to 800,Aug-24
THE CLIFT,MCCALLUM STREET,1,Non-Landed Properties,1,"5,100",70 to 80,700 to 800,Aug-24
THE CLIFT,MCCALLUM STREET,1,Non-Landed Properties,1,"3,900",40 to 50,500 to 600,Aug-24
THE CLIFT,MCCALLUM STREET,1,Non-Landed Properties,1,"4,000",40 to 50,500 to 600,Aug-24
THE CLIFT,MCCALLUM STREET,1,Non-Landed Properties,1,"3,900",40 to 50,500 to 600,Aug-24
THE CLIFT,MCCALLUM STREET,1,Non-Landed Properties,1,"4,100",40 to 50,500 to 600,Aug-24
THE CLIFT,MCCALLUM STREET,1,Non-Landed Properties,1,"4,200",40 to 50,500 to 600,Aug-24
THE CLIFT,MCCALLUM STREET,1,Non-Landed Properties,2,"5,400",70 to 80,700 to 800,Aug-24
THE CLIFT,MCCALLUM STREET,1,Non-Landed Properties,2,"5,400",70 to 80,700 to 800,Aug-24
THE CLIFT,MCCALLUM STREET,1,Non-Landed Properties,1,"4,100",40 to 50,500 to 600,Aug-24
THE CLIFT,MCCALLUM STREET,1,Non-Landed Properties,1,"3,900",40 to 50,500 to 600,Aug-24
THE CLIFT,MCCALLUM STREET,1,Non-Landed Properties,2,"5,300",70 to 80,700 to 800,Aug-24
THE CLIFT,MCCALLUM STREET,1,Non-Landed Properties,1,"5,250",70 to 80,700 to 800,Aug-24
THE CLIFT,MCCALLUM STREET,1,Non-Landed Properties,1,"4,600",40 to 50,500 to 600,Aug-24
THE CLIFT,MCCALLUM STREET,1,Non-Landed Properties,1,"4,000",40 to 50,500 to 600,Aug-24
THE CLIFT,MCCALLUM STREET,1,Non-Landed Properties,2,"5,000",70 to 80,700 to 800,Aug-24
ONE SHENTON,SHENTON WAY,1,Non-Landed Properties,3,"8,200",140 to 150,"1,500 to 1,600",Aug-24
ONE SHENTON,SHENTON WAY,1,Non-Landed Properties,2,"5,400",100 to 110,"1,100 to 1,200",Aug-24
ONE SHENTON,SHENTON WAY,1,Non-Landed Properties,1,"5,300",80 to 90,"900 to 1,000",Aug-24
ONE SHENTON,SHENTON WAY,1,Non-Landed Properties,1,"4,500",70 to 80,800 to 900,Aug-24
ONE SHENTON,SHENTON WAY,1,Non-Landed Properties,1,"3,800",50 to 60,500 to 600,Aug-24
ONE SHENTON,SHENTON WAY,1,Non-Landed Properties,2,"6,000",110 to 120,"1,100 to 1,200",Aug-24
ONE SHENTON,SHENTON WAY,1,Non-Landed Properties,1,"5,000",80 to 90,"900 to 1,000",Aug-24
ONE SHENTON,SHENTON WAY,1,Non-Landed Properties,1,"4,300",50 to 60,600 to 700,Aug-24
ONE SHENTON,SHENTON WAY,1,Non-Landed Properties,1,"4,900",70 to 80,800 to 900,Aug-24
ONE SHENTON,SHENTON WAY,1,Non-Landed Properties,2,"6,200",100 to 110,"1,100 to 1,200",Aug-24
ONE SHENTON,SHENTON WAY,1,Non-Landed Properties,1,"4,300",50 to 60,500 to 600,Aug-24
ONE SHENTON,SHENTON WAY,1,Non-Landed Properties,2,"6,600",100 to 110,"1,100 to 1,200",Aug-24
ONE SHENTON,SHENTON WAY,1,Non-Landed Properties,2,"5,500",80 to 90,"900 to 1,000",Aug-24
ONE SHENTON,SHENTON WAY,1,Non-Landed Properties,1,"4,400",40 to 50,500 to 600,Aug-24
PEOPLE'S PARK COMPLEX,PARK ROAD,1,Non-Landed Properties,1,"2,200",30 to 40,400 to 500,Aug-24
PEOPLE'S PARK COMPLEX,PARK ROAD,1,Non-Landed Properties,1,"2,300",40 to 50,400 to 500,Aug-24
PEOPLE'S PARK COMPLEX,PARK ROAD,1,Non-Landed Properties,1,"3,000",30 to 40,400 to 500,Aug-24
PEOPLE'S PARK COMPLEX,PARK ROAD,1,Non-Landed Properties,1,"1,900",30 to 40,400 to 500,Aug-24
PEOPLE'S PARK COMPLEX,PARK ROAD,1,Non-Landed Properties,3,"4,200",100 to 110,"1,100 to 1,200",Aug-24
PEOPLE'S PARK COMPLEX,PARK ROAD,1,Non-Landed Properties,1,"2,800",30 to 40,400 to 500,Aug-24
PEOPLE'S PARK COMPLEX,PARK ROAD,1,Non-Landed Properties,3,"3,200",100 to 110,"1,100 to 1,200",Aug-24
EMERALD GARDEN,CLUB STREET,1,Non-Landed Properties,2,"5,200",90 to 100,"1,000 to 1,100",Aug-24
EMERALD GARDEN,CLUB STREET,1,Non-Landed Properties,1,"4,200",70 to 80,800 to 900,Aug-24
EMERALD GARDEN,CLUB STREET,1,Non-Landed Properties,2,"6,100",90 to 100,"1,000 to 1,100",Aug-24
EMERALD GARDEN,CLUB STREET,1,Non-Landed Properties,2,"4,900",90 to 100,"1,000 to 1,100",Aug-24
EMERALD GARDEN,CLUB STREET,1,Non-Landed Properties,2,"6,000",90 to 100,"1,000 to 1,100",Aug-24
EMERALD GARDEN,CLUB STREET,1,Non-Landed Properties,3,"6,500",120 to 130,"1,300 to 1,400",Aug-24
EMERALD GARDEN,CLUB STREET,1,Non-Landed Properties,2,"4,550",80 to 90,"900 to 1,000",Aug-24
EMERALD GARDEN,CLUB STREET,1,Non-Landed Properties,1,"4,300",70 to 80,800 to 900,Aug-24
EMERALD GARDEN,CLUB STREET,1,Non-Landed Properties,1,"4,500",70 to 80,800 to 900,Aug-24
EMERALD GARDEN,CLUB STREET,1,Non-Landed Properties,2,"5,100",90 to 100,"1,000 to 1,100",Aug-24
EMERALD GARDEN,CLUB STREET,1,Non-Landed Properties,3,"6,500",110 to 120,"1,200 to 1,300",Aug-24
EMERALD GARDEN,CLUB STREET,1,Non-Landed Properties,2,"5,850",110 to 120,"1,200 to 1,300",Aug-24
ROBINSON SUITES,ROBINSON ROAD,1,Non-Landed Properties,2,"4,300",50 to 60,600 to 700,Aug-24
ROBINSON SUITES,ROBINSON ROAD,1,Non-Landed Properties,2,"4,000",50 to 60,600 to 700,Aug-24
ROBINSON SUITES,ROBINSON ROAD,1,Non-Landed Properties,1,"3,700",40 to 50,500 to 600,Aug-24
ROBINSON SUITES,ROBINSON ROAD,1,Non-Landed Properties,1,"3,600",40 to 50,400 to 500,Aug-24
ROBINSON SUITES,ROBINSON ROAD,1,Non-Landed Properties,2,"4,000",50 to 60,600 to 700,Aug-24
ROBINSON SUITES,ROBINSON ROAD,1,Non-Landed Properties,1,"3,500",40 to 50,400 to 500,Aug-24
ROBINSON SUITES,ROBINSON ROAD,1,Non-Landed Properties,2,"4,000",50 to 60,600 to 700,Aug-24
ROBINSON SUITES,ROBINSON ROAD,1,Non-Landed Properties,2,"4,400",50 to 60,600 to 700,Aug-24
ROBINSON SUITES,ROBINSON ROAD,1,Non-Landed Properties,1,"3,400",40 to 50,500 to 600,Aug-24
ROBINSON SUITES,ROBINSON ROAD,1,Non-Landed Properties,1,"3,850",40 to 50,400 to 500,Aug-24
ROBINSON SUITES,ROBINSON ROAD,1,Non-Landed Properties,2,"4,200",50 to 60,600 to 700,Aug-24
ROBINSON SUITES,ROBINSON ROAD,1,Non-Landed Properties,1,"3,700",40 to 50,500 to 600,Aug-24
ROBINSON SUITES,ROBINSON ROAD,1,Non-Landed Properties,1,"3,800",40 to 50,400 to 500,Aug-24
ROBINSON SUITES,ROBINSON ROAD,1,Non-Landed Properties,2,"4,300",50 to 60,600 to 700,Aug-24
ROBINSON SUITES,ROBINSON ROAD,1,Non-Landed Properties,1,"3,500",40 to 50,500 to 600,Aug-24
RIVERWALK APARTMENTS,UPPER CIRCULAR ROAD,1,Non-Landed Properties,NA,"3,650",70 to 80,800 to 900,Aug-24
RIVERWALK APARTMENTS,UPPER CIRCULAR ROAD,1,Non-Landed Properties,3,"6,800",140 to 150,"1,600 to 1,700",Aug-24
RIVERWALK APARTMENTS,UPPER CIRCULAR ROAD,1,Non-Landed Properties,2,"5,350",110 to 120,"1,200 to 1,300",Aug-24
MARINA BAY RESIDENCES,MARINA BOULEVARD,1,Non-Landed Properties,3,"11,000",150 to 160,"1,600 to 1,700",Aug-24
MARINA BAY RESIDENCES,MARINA BOULEVARD,1,Non-Landed Properties,1,"5,700",60 to 70,700 to 800,Aug-24
MARINA BAY RESIDENCES,MARINA BOULEVARD,1,Non-Landed Properties,2,"8,200",90 to 100,"1,000 to 1,100",Aug-24
MARINA BAY RESIDENCES,MARINA BOULEVARD,1,Non-Landed Properties,1,"5,200",60 to 70,700 to 800,Aug-24
MARINA BAY RESIDENCES,MARINA BOULEVARD,1,Non-Landed Properties,1,"5,600",60 to 70,700 to 800,Aug-24
MARINA BAY RESIDENCES,MARINA BOULEVARD,1,Non-Landed Properties,1,"6,200",60 to 70,700 to 800,Aug-24
MARINA BAY RESIDENCES,MARINA BOULEVARD,1,Non-Landed Properties,1,"5,200",60 to 70,700 to 800,Aug-24
MARINA BAY RESIDENCES,MARINA BOULEVARD,1,Non-Landed Properties,3,"10,800",150 to 160,"1,600 to 1,700",Aug-24
MARINA BAY RESIDENCES,MARINA BOULEVARD,1,Non-Landed Properties,1,"5,200",60 to 70,700 to 800,Aug-24
MARINA BAY RESIDENCES,MARINA BOULEVARD,1,Non-Landed Properties,2,"8,500",100 to 110,"1,100 to 1,200",Aug-24
MARINA BAY RESIDENCES,MARINA BOULEVARD,1,Non-Landed Properties,2,"8,500",90 to 100,"1,000 to 1,100",Aug-24
MARINA BAY RESIDENCES,MARINA BOULEVARD,1,Non-Landed Properties,2,"8,600",110 to 120,"1,200 to 1,300",Aug-24
MARINA BAY RESIDENCES,MARINA BOULEVARD,1,Non-Landed Properties,2,"7,500",100 to 110,"1,100 to 1,200",Aug-24
MARINA BAY RESIDENCES,MARINA BOULEVARD,1,Non-Landed Properties,3,"10,500",150 to 160,"1,600 to 1,700",Aug-24
MARINA BAY RESIDENCES,MARINA BOULEVARD,1,Non-Landed Properties,1,"6,100",60 to 70,700 to 800,Aug-24
MARINA BAY RESIDENCES,MARINA BOULEVARD,1,Non-Landed Properties,2,"8,300",90 to 100,"900 to 1,000",Aug-24
MARINA BAY RESIDENCES,MARINA BOULEVARD,1,Non-Landed Properties,2,"8,300",110 to 120,"1,200 to 1,300",Aug-24
MARINA ONE RESIDENCES,MARINA WAY,1,Non-Landed Properties,2,"7,200",100 to 110,"1,100 to 1,200",Jul-24
MARINA ONE RESIDENCES,MARINA WAY,1,Non-Landed Properties,1,"4,550",60 to 70,600 to 700,Jul-24
MARINA ONE RESIDENCES,MARINA WAY,1,Non-Landed Properties,1,"4,200",60 to 70,600 to 700,Jul-24
MARINA ONE RESIDENCES,MARINA WAY,1,Non-Landed Properties,2,"7,000",100 to 110,"1,100 to 1,200",Jul-24
MARINA ONE RESIDENCES,MARINA WAY,1,Non-Landed Properties,2,"7,800",100 to 110,"1,100 to 1,200",Jul-24
MARINA ONE RESIDENCES,MARINA WAY,1,Non-Landed Properties,1,"4,700",60 to 70,600 to 700,Jul-24
MARINA ONE RESIDENCES,MARINA WAY,1,Non-Landed Properties,2,"7,600",90 to 100,"1,000 to 1,100",Jul-24
MARINA ONE RESIDENCES,MARINA WAY,1,Non-Landed Properties,1,"4,250",60 to 70,600 to 700,Jul-24
MARINA ONE RESIDENCES,MARINA WAY,1,Non-Landed Properties,1,"4,500",60 to 70,600 to 700,Jul-24
MARINA ONE RESIDENCES,MARINA WAY,1,Non-Landed Properties,1,"3,900",60 to 70,600 to 700,Jul-24
MARINA ONE RESIDENCES,MARINA WAY,1,Non-Landed Properties,2,"7,500",100 to 110,"1,100 to 1,200",Jul-24
MARINA ONE RESIDENCES,MARINA WAY,1,Non-Landed Properties,1,"4,200",60 to 70,600 to 700,Jul-24
MARINA ONE RESIDENCES,MARINA WAY,1,Non-Landed Properties,2,"7,300",100 to 110,"1,100 to 1,200",Jul-24
MARINA ONE RESIDENCES,MARINA WAY,1,Non-Landed Properties,2,"7,900",100 to 110,"1,100 to 1,200",Jul-24
MARINA ONE RESIDENCES,MARINA WAY,1,Non-Landed Properties,1,"4,000",60 to 70,700 to 800,Jul-24
MARINA ONE RESIDENCES,MARINA WAY,1,Non-Landed Properties,2,"7,200",100 to 110,"1,100 to 1,200",Jul-24
MARINA ONE RESIDENCES,MARINA WAY,1,Non-Landed Properties,3,"9,500",140 to 150,"1,500 to 1,600",Jul-24
MARINA ONE RESIDENCES,MARINA WAY,1,Non-Landed Properties,3,"10,000",140 to 150,"1,500 to 1,600",Jul-24
MARINA ONE RESIDENCES,MARINA WAY,1,Non-Landed Properties,2,"7,050",100 to 110,"1,100 to 1,200",Jul-24
MARINA ONE RESIDENCES,MARINA WAY,1,Non-Landed Properties,2,"7,000",100 to 110,"1,100 to 1,200",Jul-24
MARINA ONE RESIDENCES,MARINA WAY,1,Non-Landed Properties,2,"7,000",100 to 110,"1,100 to 1,200",Jul-24
MARINA ONE RESIDENCES,MARINA WAY,1,Non-Landed Properties,1,"4,700",60 to 70,600 to 700,Jul-24
MARINA ONE RESIDENCES,MARINA WAY,1,Non-Landed Properties,1,"5,800",60 to 70,600 to 700,Jul-24
MARINA ONE RESIDENCES,MARINA WAY,1,Non-Landed Properties,3,"11,000",140 to 150,"1,500 to 1,600",Jul-24
MARINA ONE RESIDENCES,MARINA WAY,1,Non-Landed Properties,1,"4,700",60 to 70,600 to 700,Jul-24
MARINA ONE RESIDENCES,MARINA WAY,1,Non-Landed Properties,1,"4,500",60 to 70,600 to 700,Jul-24
MARINA ONE RESIDENCES,MARINA WAY,1,Non-Landed Properties,1,"4,400",60 to 70,600 to 700,Jul-24
MARINA ONE RESIDENCES,MARINA WAY,1,Non-Landed Properties,2,"7,500",100 to 110,"1,100 to 1,200",Jul-24
MARINA ONE RESIDENCES,MARINA WAY,1,Non-Landed Properties,3,"13,000",140 to 150,"1,500 to 1,600",Jul-24
MARINA ONE RESIDENCES,MARINA WAY,1,Non-Landed Properties,2,"6,180",100 to 110,"1,100 to 1,200",Jul-24
MARINA ONE RESIDENCES,MARINA WAY,1,Non-Landed Properties,1,"5,400",60 to 70,700 to 800,Jul-24
MARINA ONE RESIDENCES,MARINA WAY,1,Non-Landed Properties,1,"5,800",70 to 80,700 to 800,Jul-24
MARINA ONE RESIDENCES,MARINA WAY,1,Non-Landed Properties,1,"4,200",70 to 80,700 to 800,Jul-24
MARINA ONE RESIDENCES,MARINA WAY,1,Non-Landed Properties,2,"7,000",100 to 110,"1,100 to 1,200",Jul-24
MARINA ONE RESIDENCES,MARINA WAY,1,Non-Landed Properties,1,"4,200",60 to 70,700 to 800,Jul-24
MARINA ONE RESIDENCES,MARINA WAY,1,Non-Landed Properties,2,"8,100",100 to 110,"1,100 to 1,200",Jul-24
MARINA ONE RESIDENCES,MARINA WAY,1,Non-Landed Properties,1,"5,350",60 to 70,700 to 800,Jul-24
MARINA ONE RESIDENCES,MARINA WAY,1,Non-Landed Properties,1,"4,450",60 to 70,700 to 800,Jul-24
MARINA ONE RESIDENCES,MARINA WAY,1,Non-Landed Properties,1,"4,200",60 to 70,600 to 700,Jul-24
MARINA ONE RESIDENCES,MARINA WAY,1,Non-Landed Properties,1,"6,300",60 to 70,700 to 800,Jul-24
MARINA ONE RESIDENCES,MARINA WAY,1,Non-Landed Properties,1,"4,400",60 to 70,600 to 700,Jul-24
MARINA ONE RESIDENCES,MARINA WAY,1,Non-Landed Properties,4,"17,500",180 to 190,"2,000 to 2,100",Jul-24
MARINA ONE RESIDENCES,MARINA WAY,1,Non-Landed Properties,1,"6,000",60 to 70,700 to 800,Jul-24
MARINA ONE RESIDENCES,MARINA WAY,1,Non-Landed Properties,2,"8,000",100 to 110,"1,100 to 1,200",Jul-24
MARINA ONE RESIDENCES,MARINA WAY,1,Non-Landed Properties,1,"5,250",60 to 70,700 to 800,Jul-24
MARINA ONE RESIDENCES,MARINA WAY,1,Non-Landed Properties,4,"12,000",200 to 210,"2,200 to 2,300",Jul-24
MARINA ONE RESIDENCES,MARINA WAY,1,Non-Landed Properties,1,"5,800",60 to 70,700 to 800,Jul-24
MARINA ONE RESIDENCES,MARINA WAY,1,Non-Landed Properties,1,"4,500",60 to 70,600 to 700,Jul-24
MARINA ONE RESIDENCES,MARINA WAY,1,Non-Landed Properties,2,"7,650",100 to 110,"1,100 to 1,200",Jul-24
MARINA ONE RESIDENCES,MARINA WAY,1,Non-Landed Properties,1,"5,000",60 to 70,700 to 800,Jul-24
MARINA ONE RESIDENCES,MARINA WAY,1,Non-Landed Properties,2,"7,000",90 to 100,"900 to 1,000",Jul-24
MARINA ONE RESIDENCES,MARINA WAY,1,Non-Landed Properties,1,"5,150",60 to 70,700 to 800,Jul-24
MARINA ONE RESIDENCES,MARINA WAY,1,Non-Landed Properties,2,"7,200",100 to 110,"1,100 to 1,200",Jul-24
MARINA ONE RESIDENCES,MARINA WAY,1,Non-Landed Properties,1,"5,400",60 to 70,700 to 800,Jul-24
THE SAIL @ MARINA BAY,MARINA BOULEVARD,1,Non-Landed Properties,2,"6,000",70 to 80,800 to 900,Jul-24
THE SAIL @ MARINA BAY,MARINA BOULEVARD,1,Non-Landed Properties,1,"4,600",60 to 70,600 to 700,Jul-24
THE SAIL @ MARINA BAY,MARINA BOULEVARD,1,Non-Landed Properties,1,"3,900",50 to 60,600 to 700,Jul-24
THE SAIL @ MARINA BAY,MARINA BOULEVARD,1,Non-Landed Properties,1,"4,000",50 to 60,600 to 700,Jul-24
THE SAIL @ MARINA BAY,MARINA BOULEVARD,1,Non-Landed Properties,3,"8,500",110 to 120,"1,200 to 1,300",Jul-24
THE SAIL @ MARINA BAY,MARINA BOULEVARD,1,Non-Landed Properties,2,"6,000",70 to 80,800 to 900,Jul-24
THE SAIL @ MARINA BAY,MARINA BOULEVARD,1,Non-Landed Properties,1,"4,700",60 to 70,600 to 700,Jul-24
THE SAIL @ MARINA BAY,MARINA BOULEVARD,1,Non-Landed Properties,1,"4,950",50 to 60,600 to 700,Jul-24
THE SAIL @ MARINA BAY,MARINA BOULEVARD,1,Non-Landed Properties,1,"4,000",60 to 70,600 to 700,Jul-24
THE SAIL @ MARINA BAY,MARINA BOULEVARD,1,Non-Landed Properties,1,"5,000",60 to 70,600 to 700,Jul-24
THE SAIL @ MARINA BAY,MARINA BOULEVARD,1,Non-Landed Properties,1,"4,200",50 to 60,600 to 700,Jul-24
THE SAIL @ MARINA BAY,MARINA BOULEVARD,1,Non-Landed Properties,1,"4,600",50 to 60,600 to 700,Jul-24
THE SAIL @ MARINA BAY,MARINA BOULEVARD,1,Non-Landed Properties,1,"4,800",70 to 80,700 to 800,Jul-24
THE SAIL @ MARINA BAY,MARINA BOULEVARD,1,Non-Landed Properties,2,"5,400",70 to 80,800 to 900,Jul-24
THE SAIL @ MARINA BAY,MARINA BOULEVARD,1,Non-Landed Properties,3,"8,100",120 to 130,"1,300 to 1,400",Jul-24
THE SAIL @ MARINA BAY,MARINA BOULEVARD,1,Non-Landed Properties,4,"8,800",150 to 160,"1,600 to 1,700",Jul-24
THE SAIL @ MARINA BAY,MARINA BOULEVARD,1,Non-Landed Properties,1,"4,800",60 to 70,600 to 700,Jul-24
THE SAIL @ MARINA BAY,MARINA BOULEVARD,1,Non-Landed Properties,3,"7,800",120 to 130,"1,300 to 1,400",Jul-24
THE SAIL @ MARINA BAY,MARINA BOULEVARD,1,Non-Landed Properties,1,"5,300",50 to 60,600 to 700,Jul-24
THE SAIL @ MARINA BAY,MARINA BOULEVARD,1,Non-Landed Properties,2,"5,800",70 to 80,800 to 900,Jul-24
THE SAIL @ MARINA BAY,MARINA BOULEVARD,1,Non-Landed Properties,1,"4,000",60 to 70,600 to 700,Jul-24
THE SAIL @ MARINA BAY,MARINA BOULEVARD,1,Non-Landed Properties,1,"4,200",60 to 70,600 to 700,Jul-24
THE SAIL @ MARINA BAY,MARINA BOULEVARD,1,Non-Landed Properties,2,"5,300",80 to 90,800 to 900,Jul-24
THE SAIL @ MARINA BAY,MARINA BOULEVARD,1,Non-Landed Properties,4,"13,000",200 to 210,"2,100 to 2,200",Jul-24
THE SAIL @ MARINA BAY,MARINA BOULEVARD,1,Non-Landed Properties,1,"4,200",50 to 60,500 to 600,Jul-24
THE SAIL @ MARINA BAY,MARINA BOULEVARD,1,Non-Landed Properties,2,"7,300",90 to 100,"1,000 to 1,100",Jul-24
THE SAIL @ MARINA BAY,MARINA BOULEVARD,1,Non-Landed Properties,2,"5,200",80 to 90,800 to 900,Jul-24
THE SAIL @ MARINA BAY,MARINA BOULEVARD,1,Non-Landed Properties,2,"6,300",80 to 90,800 to 900,Jul-24
THE SAIL @ MARINA BAY,MARINA BOULEVARD,1,Non-Landed Properties,2,"6,300",80 to 90,800 to 900,Jul-24
THE SAIL @ MARINA BAY,MARINA BOULEVARD,1,Non-Landed Properties,1,"4,800",60 to 70,600 to 700,Jul-24
THE SAIL @ MARINA BAY,MARINA BOULEVARD,1,Non-Landed Properties,2,"5,900",80 to 90,800 to 900,Jul-24
THE SAIL @ MARINA BAY,MARINA BOULEVARD,1,Non-Landed Properties,1,"3,900",60 to 70,600 to 700,Jul-24
THE SAIL @ MARINA BAY,MARINA BOULEVARD,1,Non-Landed Properties,2,"7,000",80 to 90,800 to 900,Jul-24
THE SAIL @ MARINA BAY,MARINA BOULEVARD,1,Non-Landed Properties,1,"4,200",50 to 60,500 to 600,Jul-24
THE SAIL @ MARINA BAY,MARINA BOULEVARD,1,Non-Landed Properties,2,"5,000",80 to 90,800 to 900,Jul-24
THE SAIL @ MARINA BAY,MARINA BOULEVARD,1,Non-Landed Properties,2,"6,250",90 to 100,"1,000 to 1,100",Jul-24
THE SAIL @ MARINA BAY,MARINA BOULEVARD,1,Non-Landed Properties,2,"5,800",80 to 90,800 to 900,Jul-24
THE SAIL @ MARINA BAY,MARINA BOULEVARD,1,Non-Landed Properties,1,"3,900",60 to 70,600 to 700,Jul-24
THE SAIL @ MARINA BAY,MARINA BOULEVARD,1,Non-Landed Properties,3,"8,000",160 to 170,"1,800 to 1,900",Jul-24
THE SAIL @ MARINA BAY,MARINA BOULEVARD,1,Non-Landed Properties,1,"4,400",60 to 70,600 to 700,Jul-24
THE SAIL @ MARINA BAY,MARINA BOULEVARD,1,Non-Landed Properties,1,"4,700",60 to 70,600 to 700,Jul-24
THE SAIL @ MARINA BAY,MARINA BOULEVARD,1,Non-Landed Properties,1,"4,500",50 to 60,500 to 600,Jul-24
THE SAIL @ MARINA BAY,MARINA BOULEVARD,1,Non-Landed Properties,2,"6,000",80 to 90,800 to 900,Jul-24
THE SAIL @ MARINA BAY,MARINA BOULEVARD,1,Non-Landed Properties,2,"6,200",80 to 90,"900 to 1,000",Jul-24
THE SAIL @ MARINA BAY,MARINA BOULEVARD,1,Non-Landed Properties,2,"5,100",80 to 90,800 to 900,Jul-24
THE SAIL @ MARINA BAY,MARINA BOULEVARD,1,Non-Landed Properties,3,"8,000",150 to 160,"1,700 to 1,800",Jul-24
THE SAIL @ MARINA BAY,MARINA BOULEVARD,1,Non-Landed Properties,1,"3,900",50 to 60,500 to 600,Jul-24
THE SAIL @ MARINA BAY,MARINA BOULEVARD,1,Non-Landed Properties,1,"4,300",60 to 70,600 to 700,Jul-24
THE SAIL @ MARINA BAY,MARINA BOULEVARD,1,Non-Landed Properties,1,"4,200",60 to 70,600 to 700,Jul-24
THE SAIL @ MARINA BAY,MARINA BOULEVARD,1,Non-Landed Properties,3,"9,300",100 to 110,"1,100 to 1,200",Jul-24
THE SAIL @ MARINA BAY,MARINA BOULEVARD,1,Non-Landed Properties,3,"8,500",100 to 110,"1,100 to 1,200",Jul-24
THE SAIL @ MARINA BAY,MARINA BOULEVARD,1,Non-Landed Properties,1,"5,000",60 to 70,600 to 700,Jul-24
THE SAIL @ MARINA BAY,MARINA BOULEVARD,1,Non-Landed Properties,1,"3,800",60 to 70,600 to 700,Jul-24
THE SAIL @ MARINA BAY,MARINA BOULEVARD,1,Non-Landed Properties,3,"8,500",100 to 110,"1,100 to 1,200",Jul-24
THE SAIL @ MARINA BAY,MARINA BOULEVARD,1,Non-Landed Properties,1,"6,287",50 to 60,500 to 600,Jul-24
THE SAIL @ MARINA BAY,MARINA BOULEVARD,1,Non-Landed Properties,2,"7,200",80 to 90,800 to 900,Jul-24
THE SAIL @ MARINA BAY,MARINA BOULEVARD,1,Non-Landed Properties,2,"7,200",80 to 90,"900 to 1,000",Jul-24
V ON SHENTON,SHENTON WAY,1,Non-Landed Properties,2,"6,500",100 to 110,"1,100 to 1,200",Jul-24
V ON SHENTON,SHENTON WAY,1,Non-Landed Properties,NA,"3,500",40 to 50,400 to 500,Jul-24
V ON SHENTON,SHENTON WAY,1,Non-Landed Properties,NA,"3,350",40 to 50,400 to 500,Jul-24
V ON SHENTON,SHENTON WAY,1,Non-Landed Properties,3,"8,000",140 to 150,"1,500 to 1,600",Jul-24
V ON SHENTON,SHENTON WAY,1,Non-Landed Properties,1,"5,914",60 to 70,700 to 800,Jul-24
V ON SHENTON,SHENTON WAY,1,Non-Landed Properties,2,"5,800",90 to 100,"1,000 to 1,100",Jul-24
V ON SHENTON,SHENTON WAY,1,Non-Landed Properties,1,"4,200",40 to 50,500 to 600,Jul-24
V ON SHENTON,SHENTON WAY,1,Non-Landed Properties,NA,"3,800",40 to 50,400 to 500,Jul-24
V ON SHENTON,SHENTON WAY,1,Non-Landed Properties,2,"6,200",100 to 110,"1,100 to 1,200",Jul-24
V ON SHENTON,SHENTON WAY,1,Non-Landed Properties,NA,"3,600",40 to 50,400 to 500,Jul-24
V ON SHENTON,SHENTON WAY,1,Non-Landed Properties,NA,"3,300",40 to 50,400 to 500,Jul-24
V ON SHENTON,SHENTON WAY,1,Non-Landed Properties,1,"4,200",40 to 50,500 to 600,Jul-24
V ON SHENTON,SHENTON WAY,1,Non-Landed Properties,3,"10,000",160 to 170,"1,700 to 1,800",Jul-24
V ON SHENTON,SHENTON WAY,1,Non-Landed Properties,1,"4,300",60 to 70,700 to 800,Jul-24
V ON SHENTON,SHENTON WAY,1,Non-Landed Properties,1,"4,750",60 to 70,600 to 700,Jul-24
V ON SHENTON,SHENTON WAY,1,Non-Landed Properties,2,"6,000",100 to 110,"1,000 to 1,100",Jul-24
V ON SHENTON,SHENTON WAY,1,Non-Landed Properties,3,"9,500",140 to 150,"1,500 to 1,600",Jul-24
V ON SHENTON,SHENTON WAY,1,Non-Landed Properties,2,"6,500",90 to 100,"1,000 to 1,100",Jul-24
V ON SHENTON,SHENTON WAY,1,Non-Landed Properties,2,"6,000",100 to 110,"1,100 to 1,200",Jul-24
V ON SHENTON,SHENTON WAY,1,Non-Landed Properties,1,"3,650",40 to 50,400 to 500,Jul-24
V ON SHENTON,SHENTON WAY,1,Non-Landed Properties,3,"9,000",160 to 170,"1,700 to 1,800",Jul-24
V ON SHENTON,SHENTON WAY,1,Non-Landed Properties,3,"7,200",140 to 150,"1,500 to 1,600",Jul-24
V ON SHENTON,SHENTON WAY,1,Non-Landed Properties,2,"5,000",80 to 90,800 to 900,Jul-24
V ON SHENTON,SHENTON WAY,1,Non-Landed Properties,2,"5,000",100 to 110,"1,000 to 1,100",Jul-24
V ON SHENTON,SHENTON WAY,1,Non-Landed Properties,1,"4,000",60 to 70,700 to 800,Jul-24
V ON SHENTON,SHENTON WAY,1,Non-Landed Properties,3,"7,000",140 to 150,"1,500 to 1,600",Jul-24
V ON SHENTON,SHENTON WAY,1,Non-Landed Properties,2,"5,600",90 to 100,"1,000 to 1,100",Jul-24
ALLAN VILLE,GEMMILL LANE,1,Non-Landed Properties,NA,"4,300",60 to 70,600 to 700,Jul-24
MARINA BAY SUITES,CENTRAL BOULEVARD,1,Non-Landed Properties,4,"15,500",240 to 250,"2,600 to 2,700",Jul-24
MARINA BAY SUITES,CENTRAL BOULEVARD,1,Non-Landed Properties,3,"10,000",140 to 150,"1,500 to 1,600",Jul-24
MARINA BAY SUITES,CENTRAL BOULEVARD,1,Non-Landed Properties,4,"18,600",240 to 250,"2,600 to 2,700",Jul-24
MARINA BAY SUITES,CENTRAL BOULEVARD,1,Non-Landed Properties,4,"15,000",240 to 250,"2,600 to 2,700",Jul-24
MARINA BAY SUITES,CENTRAL BOULEVARD,1,Non-Landed Properties,4,"10,500",190 to 200,"2,000 to 2,100",Jul-24
MARINA BAY SUITES,CENTRAL BOULEVARD,1,Non-Landed Properties,3,"9,300",140 to 150,"1,600 to 1,700",Jul-24
THE CLIFT,MCCALLUM STREET,1,Non-Landed Properties,1,"4,000",40 to 50,500 to 600,Jul-24
THE CLIFT,MCCALLUM STREET,1,Non-Landed Properties,1,"4,900",70 to 80,700 to 800,Jul-24
THE CLIFT,MCCALLUM STREET,1,Non-Landed Properties,1,"3,450",40 to 50,400 to 500,Jul-24
THE CLIFT,MCCALLUM STREET,1,Non-Landed Properties,1,"3,800",40 to 50,500 to 600,Jul-24
THE CLIFT,MCCALLUM STREET,1,Non-Landed Properties,1,"4,400",40 to 50,500 to 600,Jul-24
THE CLIFT,MCCALLUM STREET,1,Non-Landed Properties,2,"4,800",70 to 80,700 to 800,Jul-24
THE CLIFT,MCCALLUM STREET,1,Non-Landed Properties,1,"3,800",40 to 50,500 to 600,Jul-24
THE CLIFT,MCCALLUM STREET,1,Non-Landed Properties,1,"4,000",40 to 50,500 to 600,Jul-24
THE CLIFT,MCCALLUM STREET,1,Non-Landed Properties,1,"4,800",70 to 80,700 to 800,Jul-24
THE CLIFT,MCCALLUM STREET,1,Non-Landed Properties,1,"4,000",40 to 50,500 to 600,Jul-24
THE CLIFT,MCCALLUM STREET,1,Non-Landed Properties,1,"5,422",70 to 80,700 to 800,Jul-24
THE CLIFT,MCCALLUM STREET,1,Non-Landed Properties,1,"3,500",40 to 50,400 to 500,Jul-24
THE CLIFT,MCCALLUM STREET,1,Non-Landed Properties,1,"4,200",40 to 50,500 to 600,Jul-24
THE CLIFT,MCCALLUM STREET,1,Non-Landed Properties,1,"4,000",40 to 50,500 to 600,Jul-24
ONE SHENTON,SHENTON WAY,1,Non-Landed Properties,2,"6,500",100 to 110,"1,100 to 1,200",Jul-24
ONE SHENTON,SHENTON WAY,1,Non-Landed Properties,2,"7,000",100 to 110,"1,100 to 1,200",Jul-24
ONE SHENTON,SHENTON WAY,1,Non-Landed Properties,2,"6,500",100 to 110,"1,100 to 1,200",Jul-24
ONE SHENTON,SHENTON WAY,1,Non-Landed Properties,3,"8,400",140 to 150,"1,500 to 1,600",Jul-24
ONE SHENTON,SHENTON WAY,1,Non-Landed Properties,1,"4,200",50 to 60,500 to 600,Jul-24
ONE SHENTON,SHENTON WAY,1,Non-Landed Properties,1,"4,200",50 to 60,500 to 600,Jul-24
ONE SHENTON,SHENTON WAY,1,Non-Landed Properties,2,"6,850",100 to 110,"1,100 to 1,200",Jul-24
ONE SHENTON,SHENTON WAY,1,Non-Landed Properties,1,"4,800",70 to 80,800 to 900,Jul-24
ONE SHENTON,SHENTON WAY,1,Non-Landed Properties,3,"8,400",140 to 150,"1,500 to 1,600",Jul-24
ONE SHENTON,SHENTON WAY,1,Non-Landed Properties,3,"8,900",140 to 150,"1,500 to 1,600",Jul-24
ONE SHENTON,SHENTON WAY,1,Non-Landed Properties,1,"4,000",50 to 60,500 to 600,Jul-24
ONE SHENTON,SHENTON WAY,1,Non-Landed Properties,2,"6,200",100 to 110,"1,100 to 1,200",Jul-24
ONE SHENTON,SHENTON WAY,1,Non-Landed Properties,1,"3,800",40 to 50,500 to 600,Jul-24
ONE SHENTON,SHENTON WAY,1,Non-Landed Properties,2,"6,300",100 to 110,"1,100 to 1,200",Jul-24
ONE SHENTON,SHENTON WAY,1,Non-Landed Properties,2,"6,200",100 to 110,"1,100 to 1,200",Jul-24
ONE SHENTON,SHENTON WAY,1,Non-Landed Properties,2,"5,800",110 to 120,"1,200 to 1,300",Jul-24
ONE SHENTON,SHENTON WAY,1,Non-Landed Properties,2,"5,200",80 to 90,"900 to 1,000",Jul-24
ONE SHENTON,SHENTON WAY,1,Non-Landed Properties,3,"8,600",140 to 150,"1,500 to 1,600",Jul-24
ONE SHENTON,SHENTON WAY,1,Non-Landed Properties,2,"6,400",100 to 110,"1,100 to 1,200",Jul-24
ONE SHENTON,SHENTON WAY,1,Non-Landed Properties,1,"4,500",40 to 50,500 to 600,Jul-24
ONE SHENTON,SHENTON WAY,1,Non-Landed Properties,1,"4,600",50 to 60,500 to 600,Jul-24
ONE SHENTON,SHENTON WAY,1,Non-Landed Properties,2,"6,200",100 to 110,"1,100 to 1,200",Jul-24
ONE SHENTON,SHENTON WAY,1,Non-Landed Properties,2,"5,000",100 to 110,"1,100 to 1,200",Jul-24
ONE SHENTON,SHENTON WAY,1,Non-Landed Properties,1,"4,250",50 to 60,600 to 700,Jul-24
PEOPLE'S PARK COMPLEX,PARK ROAD,1,Non-Landed Properties,1,"3,000",30 to 40,400 to 500,Jul-24
PEOPLE'S PARK COMPLEX,PARK ROAD,1,Non-Landed Properties,1,"2,200",30 to 40,400 to 500,Jul-24
PEOPLE'S PARK COMPLEX,PARK ROAD,1,Non-Landed Properties,1,"2,200",30 to 40,400 to 500,Jul-24
PEOPLE'S PARK COMPLEX,PARK ROAD,1,Non-Landed Properties,3,"6,800",100 to 110,"1,100 to 1,200",Jul-24
EMERALD GARDEN,CLUB STREET,1,Non-Landed Properties,1,"4,600",70 to 80,800 to 900,Jul-24
EMERALD GARDEN,CLUB STREET,1,Non-Landed Properties,3,"5,500",110 to 120,"1,200 to 1,300",Jul-24
EMERALD GARDEN,CLUB STREET,1,Non-Landed Properties,2,"5,300",80 to 90,"900 to 1,000",Jul-24
EMERALD GARDEN,CLUB STREET,1,Non-Landed Properties,2,"5,000",90 to 100,"900 to 1,000",Jul-24
EMERALD GARDEN,CLUB STREET,1,Non-Landed Properties,2,"4,750",80 to 90,"900 to 1,000",Jul-24
EMERALD GARDEN,CLUB STREET,1,Non-Landed Properties,2,"4,500",80 to 90,"900 to 1,000",Jul-24
EMERALD GARDEN,CLUB STREET,1,Non-Landed Properties,1,"4,100",70 to 80,800 to 900,Jul-24
EMERALD GARDEN,CLUB STREET,1,Non-Landed Properties,2,"5,100",80 to 90,"900 to 1,000",Jul-24
ROBINSON SUITES,ROBINSON ROAD,1,Non-Landed Properties,1,"3,500",40 to 50,400 to 500,Jul-24
ROBINSON SUITES,ROBINSON ROAD,1,Non-Landed Properties,1,"3,600",40 to 50,400 to 500,Jul-24
ROBINSON SUITES,ROBINSON ROAD,1,Non-Landed Properties,2,"4,100",50 to 60,600 to 700,Jul-24
ROBINSON SUITES,ROBINSON ROAD,1,Non-Landed Properties,2,"3,800",50 to 60,600 to 700,Jul-24
ROBINSON SUITES,ROBINSON ROAD,1,Non-Landed Properties,2,"3,900",50 to 60,600 to 700,Jul-24
ROBINSON SUITES,ROBINSON ROAD,1,Non-Landed Properties,1,"3,300",40 to 50,400 to 500,Jul-24
ROBINSON SUITES,ROBINSON ROAD,1,Non-Landed Properties,2,"4,200",50 to 60,600 to 700,Jul-24
ROBINSON SUITES,ROBINSON ROAD,1,Non-Landed Properties,2,"4,500",50 to 60,600 to 700,Jul-24
ROBINSON SUITES,ROBINSON ROAD,1,Non-Landed Properties,2,"4,100",50 to 60,600 to 700,Jul-24
ROBINSON SUITES,ROBINSON ROAD,1,Non-Landed Properties,1,"3,600",40 to 50,500 to 600,Jul-24
ROBINSON SUITES,ROBINSON ROAD,1,Non-Landed Properties,2,"4,200",50 to 60,600 to 700,Jul-24
RIVERWALK APARTMENTS,UPPER CIRCULAR ROAD,1,Non-Landed Properties,2,"5,000",110 to 120,"1,200 to 1,300",Jul-24
RIVERWALK APARTMENTS,UPPER CIRCULAR ROAD,1,Non-Landed Properties,2,"6,200",110 to 120,"1,200 to 1,300",Jul-24
MARINA BAY RESIDENCES,MARINA BOULEVARD,1,Non-Landed Properties,2,"8,400",90 to 100,"1,000 to 1,100",Jul-24
MARINA BAY RESIDENCES,MARINA BOULEVARD,1,Non-Landed Properties,1,"5,200",60 to 70,700 to 800,Jul-24
MARINA BAY RESIDENCES,MARINA BOULEVARD,1,Non-Landed Properties,2,"7,800",90 to 100,"1,000 to 1,100",Jul-24
MARINA BAY RESIDENCES,MARINA BOULEVARD,1,Non-Landed Properties,2,"8,300",90 to 100,"1,000 to 1,100",Jul-24
MARINA BAY RESIDENCES,MARINA BOULEVARD,1,Non-Landed Properties,2,"8,500",90 to 100,"1,000 to 1,100",Jul-24
MARINA BAY RESIDENCES,MARINA BOULEVARD,1,Non-Landed Properties,1,"5,500",60 to 70,700 to 800,Jul-24
MARINA BAY RESIDENCES,MARINA BOULEVARD,1,Non-Landed Properties,2,"8,000",90 to 100,"1,000 to 1,100",Jul-24
MARINA BAY RESIDENCES,MARINA BOULEVARD,1,Non-Landed Properties,2,"7,500",90 to 100,"1,000 to 1,100",Jul-24
MARINA BAY RESIDENCES,MARINA BOULEVARD,1,Non-Landed Properties,1,"5,700",60 to 70,700 to 800,Jul-24
MARINA BAY RESIDENCES,MARINA BOULEVARD,1,Non-Landed Properties,1,"5,300",60 to 70,700 to 800,Jul-24
MARINA BAY RESIDENCES,MARINA BOULEVARD,1,Non-Landed Properties,1,"5,500",60 to 70,700 to 800,Jul-24
MARINA BAY RESIDENCES,MARINA BOULEVARD,1,Non-Landed Properties,1,"5,850",60 to 70,700 to 800,Jul-24
MARINA BAY RESIDENCES,MARINA BOULEVARD,1,Non-Landed Properties,2,"9,000",110 to 120,"1,200 to 1,300",Jul-24
MARINA BAY RESIDENCES,MARINA BOULEVARD,1,Non-Landed Properties,4,"18,000",210 to 220,"2,300 to 2,400",Jul-24
MARINA BAY RESIDENCES,MARINA BOULEVARD,1,Non-Landed Properties,2,"7,800",90 to 100,"1,000 to 1,100",Jul-24
MARINA BAY RESIDENCES,MARINA BOULEVARD,1,Non-Landed Properties,2,"8,000",100 to 110,"1,100 to 1,200",Jul-24
MARINA BAY RESIDENCES,MARINA BOULEVARD,1,Non-Landed Properties,2,"8,300",110 to 120,"1,200 to 1,300",Jul-24
MARINA BAY RESIDENCES,MARINA BOULEVARD,1,Non-Landed Properties,2,"7,200",90 to 100,"1,000 to 1,100",Jul-24
MARINA BAY RESIDENCES,MARINA BOULEVARD,1,Non-Landed Properties,1,"5,400",60 to 70,700 to 800,Jul-24
MARINA BAY RESIDENCES,MARINA BOULEVARD,1,Non-Landed Properties,2,"7,600",90 to 100,"1,000 to 1,100",Jul-24
MARINA BAY RESIDENCES,MARINA BOULEVARD,1,Non-Landed Properties,2,"7,600",90 to 100,"1,000 to 1,100",Jul-24
MARINA BAY RESIDENCES,MARINA BOULEVARD,1,Non-Landed Properties,1,"5,600",60 to 70,700 to 800,Jul-24
MARINA BAY RESIDENCES,MARINA BOULEVARD,1,Non-Landed Properties,2,"7,700",90 to 100,"1,000 to 1,100",Jul-24
MARINA BAY RESIDENCES,MARINA BOULEVARD,1,Non-Landed Properties,3,"18,000",180 to 190,"1,900 to 2,000",Jul-24
THE CLIFT,MCCALLUM STREET,1,Non-Landed Properties,1,"4,750",70 to 80,700 to 800,Jun-24
THE CLIFT,MCCALLUM STREET,1,Non-Landed Properties,1,"4,275",40 to 50,500 to 600,Jun-24
THE CLIFT,MCCALLUM STREET,1,Non-Landed Properties,1,"4,000",40 to 50,500 to 600,Jun-24
THE CLIFT,MCCALLUM STREET,1,Non-Landed Properties,1,"4,000",40 to 50,500 to 600,Jun-24
THE CLIFT,MCCALLUM STREET,1,Non-Landed Properties,1,"4,800",70 to 80,700 to 800,Jun-24
THE CLIFT,MCCALLUM STREET,1,Non-Landed Properties,1,"4,500",40 to 50,500 to 600,Jun-24
THE CLIFT,MCCALLUM STREET,1,Non-Landed Properties,1,"6,125",60 to 70,700 to 800,Jun-24
THE CLIFT,MCCALLUM STREET,1,Non-Landed Properties,1,"3,900",40 to 50,500 to 600,Jun-24
THE CLIFT,MCCALLUM STREET,1,Non-Landed Properties,1,"4,100",40 to 50,400 to 500,Jun-24
THE CLIFT,MCCALLUM STREET,1,Non-Landed Properties,1,"4,737",40 to 50,400 to 500,Jun-24
THE CLIFT,MCCALLUM STREET,1,Non-Landed Properties,1,"5,200",70 to 80,700 to 800,Jun-24
THE CLIFT,MCCALLUM STREET,1,Non-Landed Properties,1,"5,088",40 to 50,500 to 600,Jun-24
THE CLIFT,MCCALLUM STREET,1,Non-Landed Properties,2,"7,000",90 to 100,"1,000 to 1,100",Jun-24
THE CLIFT,MCCALLUM STREET,1,Non-Landed Properties,1,"5,000",70 to 80,800 to 900,Jun-24
THE CLIFT,MCCALLUM STREET,1,Non-Landed Properties,1,"5,100",60 to 70,700 to 800,Jun-24
THE CLIFT,MCCALLUM STREET,1,Non-Landed Properties,1,"5,400",70 to 80,800 to 900,Jun-24
THE CLIFT,MCCALLUM STREET,1,Non-Landed Properties,1,"4,050",40 to 50,500 to 600,Jun-24
ONE SHENTON,SHENTON WAY,1,Non-Landed Properties,1,"6,000",80 to 90,"900 to 1,000",Jun-24
ONE SHENTON,SHENTON WAY,1,Non-Landed Properties,1,"5,444",50 to 60,500 to 600,Jun-24
ONE SHENTON,SHENTON WAY,1,Non-Landed Properties,2,"6,900",100 to 110,"1,000 to 1,100",Jun-24
ONE SHENTON,SHENTON WAY,1,Non-Landed Properties,1,"4,500",50 to 60,500 to 600,Jun-24
ONE SHENTON,SHENTON WAY,1,Non-Landed Properties,1,"5,500",70 to 80,800 to 900,Jun-24
ONE SHENTON,SHENTON WAY,1,Non-Landed Properties,2,"6,000",90 to 100,"1,000 to 1,100",Jun-24
ONE SHENTON,SHENTON WAY,1,Non-Landed Properties,2,"6,500",110 to 120,"1,200 to 1,300",Jun-24
ONE SHENTON,SHENTON WAY,1,Non-Landed Properties,2,"6,200",100 to 110,"1,100 to 1,200",Jun-24
ONE SHENTON,SHENTON WAY,1,Non-Landed Properties,2,"6,500",100 to 110,"1,100 to 1,200",Jun-24
ONE SHENTON,SHENTON WAY,1,Non-Landed Properties,3,"8,800",140 to 150,"1,500 to 1,600",Jun-24
ONE SHENTON,SHENTON WAY,1,Non-Landed Properties,4,"10,800",160 to 170,"1,800 to 1,900",Jun-24
PEOPLE'S PARK COMPLEX,PARK ROAD,1,Non-Landed Properties,1,"2,000",30 to 40,400 to 500,Jun-24
PEOPLE'S PARK COMPLEX,PARK ROAD,1,Non-Landed Properties,4,"4,200",140 to 150,"1,600 to 1,700",Jun-24
PEOPLE'S PARK COMPLEX,PARK ROAD,1,Non-Landed Properties,1,"2,300",40 to 50,400 to 500,Jun-24
PEOPLE'S PARK COMPLEX,PARK ROAD,1,Non-Landed Properties,1,"2,400",30 to 40,400 to 500,Jun-24
EMERALD GARDEN,CLUB STREET,1,Non-Landed Properties,2,"4,900",90 to 100,"1,000 to 1,100",Jun-24
EMERALD GARDEN,CLUB STREET,1,Non-Landed Properties,2,"4,600",80 to 90,"900 to 1,000",Jun-24
EMERALD GARDEN,CLUB STREET,1,Non-Landed Properties,2,"4,900",90 to 100,"900 to 1,000",Jun-24
EMERALD GARDEN,CLUB STREET,1,Non-Landed Properties,1,"4,600",80 to 90,"900 to 1,000",Jun-24
MARINA ONE RESIDENCES,MARINA WAY,1,Non-Landed Properties,1,"4,500",60 to 70,600 to 700,Jun-24
MARINA ONE RESIDENCES,MARINA WAY,1,Non-Landed Properties,2,"7,400",100 to 110,"1,100 to 1,200",Jun-24
MARINA ONE RESIDENCES,MARINA WAY,1,Non-Landed Properties,2,"7,000",100 to 110,"1,100 to 1,200",Jun-24
MARINA ONE RESIDENCES,MARINA WAY,1,Non-Landed Properties,1,"4,500",60 to 70,700 to 800,Jun-24
MARINA ONE RESIDENCES,MARINA WAY,1,Non-Landed Properties,4,"38,000",>300,>3000,Jun-24
MARINA ONE RESIDENCES,MARINA WAY,1,Non-Landed Properties,2,"7,800",100 to 110,"1,100 to 1,200",Jun-24
MARINA ONE RESIDENCES,MARINA WAY,1,Non-Landed Properties,1,"4,650",60 to 70,600 to 700,Jun-24
MARINA ONE RESIDENCES,MARINA WAY,1,Non-Landed Properties,2,"8,000",100 to 110,"1,100 to 1,200",Jun-24
MARINA ONE RESIDENCES,MARINA WAY,1,Non-Landed Properties,3,"12,500",140 to 150,"1,500 to 1,600",Jun-24
MARINA ONE RESIDENCES,MARINA WAY,1,Non-Landed Properties,4,"17,000",200 to 210,"2,200 to 2,300",Jun-24
MARINA ONE RESIDENCES,MARINA WAY,1,Non-Landed Properties,3,"15,000",140 to 150,"1,500 to 1,600",Jun-24
MARINA ONE RESIDENCES,MARINA WAY,1,Non-Landed Properties,3,"10,550",140 to 150,"1,500 to 1,600",Jun-24
MARINA ONE RESIDENCES,MARINA WAY,1,Non-Landed Properties,2,"7,500",100 to 110,"1,100 to 1,200",Jun-24
MARINA ONE RESIDENCES,MARINA WAY,1,Non-Landed Properties,2,"6,800",90 to 100,"900 to 1,000",Jun-24
MARINA ONE RESIDENCES,MARINA WAY,1,Non-Landed Properties,1,"4,800",60 to 70,700 to 800,Jun-24
MARINA ONE RESIDENCES,MARINA WAY,1,Non-Landed Properties,1,"4,300",60 to 70,700 to 800,Jun-24
MARINA ONE RESIDENCES,MARINA WAY,1,Non-Landed Properties,1,"4,500",60 to 70,600 to 700,Jun-24
MARINA ONE RESIDENCES,MARINA WAY,1,Non-Landed Properties,1,"4,600",60 to 70,700 to 800,Jun-24
MARINA ONE RESIDENCES,MARINA WAY,1,Non-Landed Properties,2,"7,200",100 to 110,"1,100 to 1,200",Jun-24
MARINA ONE RESIDENCES,MARINA WAY,1,Non-Landed Properties,1,"4,500",60 to 70,600 to 700,Jun-24
MARINA ONE RESIDENCES,MARINA WAY,1,Non-Landed Properties,2,"7,100",100 to 110,"1,100 to 1,200",Jun-24
MARINA ONE RESIDENCES,MARINA WAY,1,Non-Landed Properties,1,"5,700",60 to 70,700 to 800,Jun-24
MARINA ONE RESIDENCES,MARINA WAY,1,Non-Landed Properties,1,"4,500",60 to 70,700 to 800,Jun-24
MARINA ONE RESIDENCES,MARINA WAY,1,Non-Landed Properties,1,"4,780",60 to 70,600 to 700,Jun-24
MARINA ONE RESIDENCES,MARINA WAY,1,Non-Landed Properties,1,"4,500",60 to 70,700 to 800,Jun-24
MARINA ONE RESIDENCES,MARINA WAY,1,Non-Landed Properties,2,"7,200",100 to 110,"1,100 to 1,200",Jun-24
MARINA ONE RESIDENCES,MARINA WAY,1,Non-Landed Properties,2,"6,500",90 to 100,"1,000 to 1,100",Jun-24
MARINA ONE RESIDENCES,MARINA WAY,1,Non-Landed Properties,1,"4,300",60 to 70,700 to 800,Jun-24
MARINA ONE RESIDENCES,MARINA WAY,1,Non-Landed Properties,1,"4,777",60 to 70,700 to 800,Jun-24
MARINA ONE RESIDENCES,MARINA WAY,1,Non-Landed Properties,2,"8,000",100 to 110,"1,100 to 1,200",Jun-24
MARINA ONE RESIDENCES,MARINA WAY,1,Non-Landed Properties,1,"4,350",70 to 80,700 to 800,Jun-24
MARINA ONE RESIDENCES,MARINA WAY,1,Non-Landed Properties,2,"7,500",100 to 110,"1,100 to 1,200",Jun-24
MARINA ONE RESIDENCES,MARINA WAY,1,Non-Landed Properties,1,"6,212",60 to 70,600 to 700,Jun-24
THE SAIL @ MARINA BAY,MARINA BOULEVARD,1,Non-Landed Properties,1,"4,750",50 to 60,600 to 700,Jun-24
THE SAIL @ MARINA BAY,MARINA BOULEVARD,1,Non-Landed Properties,1,"4,800",60 to 70,600 to 700,Jun-24
THE SAIL @ MARINA BAY,MARINA BOULEVARD,1,Non-Landed Properties,1,"5,600",60 to 70,600 to 700,Jun-24
THE SAIL @ MARINA BAY,MARINA BOULEVARD,1,Non-Landed Properties,1,"4,000",60 to 70,600 to 700,Jun-24
THE SAIL @ MARINA BAY,MARINA BOULEVARD,1,Non-Landed Properties,1,"4,900",50 to 60,600 to 700,Jun-24
THE SAIL @ MARINA BAY,MARINA BOULEVARD,1,Non-Landed Properties,2,"6,500",70 to 80,800 to 900,Jun-24
THE SAIL @ MARINA BAY,MARINA BOULEVARD,1,Non-Landed Properties,1,"3,800",50 to 60,600 to 700,Jun-24
THE SAIL @ MARINA BAY,MARINA BOULEVARD,1,Non-Landed Properties,2,"6,737",70 to 80,800 to 900,Jun-24
THE SAIL @ MARINA BAY,MARINA BOULEVARD,1,Non-Landed Properties,2,"5,800",70 to 80,800 to 900,Jun-24
THE SAIL @ MARINA BAY,MARINA BOULEVARD,1,Non-Landed Properties,2,"5,600",70 to 80,800 to 900,Jun-24
THE SAIL @ MARINA BAY,MARINA BOULEVARD,1,Non-Landed Properties,2,"6,000",70 to 80,800 to 900,Jun-24
THE SAIL @ MARINA BAY,MARINA BOULEVARD,1,Non-Landed Properties,1,"3,900",50 to 60,600 to 700,Jun-24
THE SAIL @ MARINA BAY,MARINA BOULEVARD,1,Non-Landed Properties,3,"7,800",120 to 130,"1,300 to 1,400",Jun-24
THE SAIL @ MARINA BAY,MARINA BOULEVARD,1,Non-Landed Properties,3,"7,500",120 to 130,"1,300 to 1,400",Jun-24
THE SAIL @ MARINA BAY,MARINA BOULEVARD,1,Non-Landed Properties,1,"5,000",60 to 70,600 to 700,Jun-24
THE SAIL @ MARINA BAY,MARINA BOULEVARD,1,Non-Landed Properties,1,"4,600",50 to 60,600 to 700,Jun-24
THE SAIL @ MARINA BAY,MARINA BOULEVARD,1,Non-Landed Properties,3,"8,000",120 to 130,"1,300 to 1,400",Jun-24
THE SAIL @ MARINA BAY,MARINA BOULEVARD,1,Non-Landed Properties,1,"4,700",60 to 70,600 to 700,Jun-24
THE SAIL @ MARINA BAY,MARINA BOULEVARD,1,Non-Landed Properties,1,"4,950",60 to 70,600 to 700,Jun-24
THE SAIL @ MARINA BAY,MARINA BOULEVARD,1,Non-Landed Properties,2,"5,350",80 to 90,800 to 900,Jun-24
THE SAIL @ MARINA BAY,MARINA BOULEVARD,1,Non-Landed Properties,4,"12,500",190 to 200,"2,100 to 2,200",Jun-24
THE SAIL @ MARINA BAY,MARINA BOULEVARD,1,Non-Landed Properties,1,"3,900",50 to 60,500 to 600,Jun-24
THE SAIL @ MARINA BAY,MARINA BOULEVARD,1,Non-Landed Properties,2,"7,227",80 to 90,800 to 900,Jun-24
THE SAIL @ MARINA BAY,MARINA BOULEVARD,1,Non-Landed Properties,2,"8,600",90 to 100,"1,000 to 1,100",Jun-24
THE SAIL @ MARINA BAY,MARINA BOULEVARD,1,Non-Landed Properties,2,"5,800",80 to 90,800 to 900,Jun-24
THE SAIL @ MARINA BAY,MARINA BOULEVARD,1,Non-Landed Properties,2,"5,000",80 to 90,800 to 900,Jun-24
THE SAIL @ MARINA BAY,MARINA BOULEVARD,1,Non-Landed Properties,1,"5,400",60 to 70,600 to 700,Jun-24
THE SAIL @ MARINA BAY,MARINA BOULEVARD,1,Non-Landed Properties,2,"6,500",80 to 90,"900 to 1,000",Jun-24
THE SAIL @ MARINA BAY,MARINA BOULEVARD,1,Non-Landed Properties,1,"4,000",50 to 60,500 to 600,Jun-24
THE SAIL @ MARINA BAY,MARINA BOULEVARD,1,Non-Landed Properties,1,"4,400",50 to 60,500 to 600,Jun-24
THE SAIL @ MARINA BAY,MARINA BOULEVARD,1,Non-Landed Properties,3,"7,900",100 to 110,"1,100 to 1,200",Jun-24
THE SAIL @ MARINA BAY,MARINA BOULEVARD,1,Non-Landed Properties,2,"5,500",80 to 90,800 to 900,Jun-24
THE SAIL @ MARINA BAY,MARINA BOULEVARD,1,Non-Landed Properties,2,"5,400",80 to 90,800 to 900,Jun-24
THE SAIL @ MARINA BAY,MARINA BOULEVARD,1,Non-Landed Properties,2,"7,500",90 to 100,"1,000 to 1,100",Jun-24
THE SAIL @ MARINA BAY,MARINA BOULEVARD,1,Non-Landed Properties,2,"7,000",80 to 90,800 to 900,Jun-24
THE SAIL @ MARINA BAY,MARINA BOULEVARD,1,Non-Landed Properties,4,"12,500",190 to 200,"2,100 to 2,200",Jun-24
THE SAIL @ MARINA BAY,MARINA BOULEVARD,1,Non-Landed Properties,3,"11,000",170 to 180,"1,800 to 1,900",Jun-24
THE SAIL @ MARINA BAY,MARINA BOULEVARD,1,Non-Landed Properties,1,"4,300",60 to 70,600 to 700,Jun-24
THE SAIL @ MARINA BAY,MARINA BOULEVARD,1,Non-Landed Properties,1,"4,300",60 to 70,600 to 700,Jun-24
THE SAIL @ MARINA BAY,MARINA BOULEVARD,1,Non-Landed Properties,2,"5,800",80 to 90,800 to 900,Jun-24
THE SAIL @ MARINA BAY,MARINA BOULEVARD,1,Non-Landed Properties,3,"11,800",170 to 180,"1,900 to 2,000",Jun-24
THE SAIL @ MARINA BAY,MARINA BOULEVARD,1,Non-Landed Properties,2,"4,700",80 to 90,800 to 900,Jun-24
THE SAIL @ MARINA BAY,MARINA BOULEVARD,1,Non-Landed Properties,2,"6,500",90 to 100,"1,000 to 1,100",Jun-24
THE SAIL @ MARINA BAY,MARINA BOULEVARD,1,Non-Landed Properties,2,"7,050",80 to 90,800 to 900,Jun-24
THE SAIL @ MARINA BAY,MARINA BOULEVARD,1,Non-Landed Properties,1,"4,700",60 to 70,600 to 700,Jun-24
THE SAIL @ MARINA BAY,MARINA BOULEVARD,1,Non-Landed Properties,1,"4,200",60 to 70,600 to 700,Jun-24
THE SAIL @ MARINA BAY,MARINA BOULEVARD,1,Non-Landed Properties,3,"9,100",100 to 110,"1,100 to 1,200",Jun-24
THE SAIL @ MARINA BAY,MARINA BOULEVARD,1,Non-Landed Properties,1,"4,000",60 to 70,600 to 700,Jun-24
THE RIVERSIDE PIAZZA,KENG CHEOW STREET,1,Non-Landed Properties,3,"5,000",110 to 120,"1,200 to 1,300",Jun-24
PEOPLE'S PARK CENTRE,UPPER CROSS STREET,1,Non-Landed Properties,3,"5,500",150 to 160,"1,600 to 1,700",Jun-24
V ON SHENTON,SHENTON WAY,1,Non-Landed Properties,2,"7,000",100 to 110,"1,000 to 1,100",Jun-24
V ON SHENTON,SHENTON WAY,1,Non-Landed Properties,1,"4,000",60 to 70,600 to 700,Jun-24
V ON SHENTON,SHENTON WAY,1,Non-Landed Properties,1,"3,500",40 to 50,500 to 600,Jun-24
V ON SHENTON,SHENTON WAY,1,Non-Landed Properties,2,"5,700",80 to 90,"900 to 1,000",Jun-24
V ON SHENTON,SHENTON WAY,1,Non-Landed Properties,3,"8,200",140 to 150,"1,500 to 1,600",Jun-24
V ON SHENTON,SHENTON WAY,1,Non-Landed Properties,NA,"3,600",40 to 50,400 to 500,Jun-24
V ON SHENTON,SHENTON WAY,1,Non-Landed Properties,NA,"3,200",40 to 50,400 to 500,Jun-24
V ON SHENTON,SHENTON WAY,1,Non-Landed Properties,3,"8,200",140 to 150,"1,500 to 1,600",Jun-24
V ON SHENTON,SHENTON WAY,1,Non-Landed Properties,2,"5,300",80 to 90,"900 to 1,000",Jun-24
V ON SHENTON,SHENTON WAY,1,Non-Landed Properties,2,"7,300",110 to 120,"1,200 to 1,300",Jun-24
V ON SHENTON,SHENTON WAY,1,Non-Landed Properties,NA,"3,600",40 to 50,400 to 500,Jun-24
V ON SHENTON,SHENTON WAY,1,Non-Landed Properties,2,"7,350",110 to 120,"1,200 to 1,300",Jun-24
V ON SHENTON,SHENTON WAY,1,Non-Landed Properties,NA,"3,400",40 to 50,400 to 500,Jun-24
V ON SHENTON,SHENTON WAY,1,Non-Landed Properties,1,"4,150",60 to 70,600 to 700,Jun-24
V ON SHENTON,SHENTON WAY,1,Non-Landed Properties,2,"6,200",90 to 100,"1,000 to 1,100",Jun-24
V ON SHENTON,SHENTON WAY,1,Non-Landed Properties,NA,"3,400",40 to 50,400 to 500,Jun-24
V ON SHENTON,SHENTON WAY,1,Non-Landed Properties,3,"7,500",140 to 150,"1,500 to 1,600",Jun-24
ROBINSON SUITES,ROBINSON ROAD,1,Non-Landed Properties,1,"3,400",40 to 50,400 to 500,Jun-24
ROBINSON SUITES,ROBINSON ROAD,1,Non-Landed Properties,1,"3,500",40 to 50,500 to 600,Jun-24
ROBINSON SUITES,ROBINSON ROAD,1,Non-Landed Properties,2,"3,800",50 to 60,600 to 700,Jun-24
ROBINSON SUITES,ROBINSON ROAD,1,Non-Landed Properties,1,"3,800",40 to 50,400 to 500,Jun-24
ROBINSON SUITES,ROBINSON ROAD,1,Non-Landed Properties,2,"3,700",50 to 60,600 to 700,Jun-24
ROBINSON SUITES,ROBINSON ROAD,1,Non-Landed Properties,1,"3,700",40 to 50,500 to 600,Jun-24
ALLAN VILLE,GEMMILL LANE,1,Non-Landed Properties,NA,"4,250",50 to 60,600 to 700,Jun-24
MARINA BAY SUITES,CENTRAL BOULEVARD,1,Non-Landed Properties,3,"9,500",150 to 160,"1,600 to 1,700",Jun-24
MARINA BAY SUITES,CENTRAL BOULEVARD,1,Non-Landed Properties,4,"10,800",190 to 200,"2,000 to 2,100",Jun-24
MARINA BAY SUITES,CENTRAL BOULEVARD,1,Non-Landed Properties,3,"9,000",140 to 150,"1,500 to 1,600",Jun-24
MARINA BAY SUITES,CENTRAL BOULEVARD,1,Non-Landed Properties,4,"16,000",240 to 250,"2,600 to 2,700",Jun-24
MARINA BAY SUITES,CENTRAL BOULEVARD,1,Non-Landed Properties,4,"17,000",240 to 250,"2,600 to 2,700",Jun-24
MARINA BAY SUITES,CENTRAL BOULEVARD,1,Non-Landed Properties,4,"17,000",240 to 250,"2,600 to 2,700",Jun-24
MARINA BAY SUITES,CENTRAL BOULEVARD,1,Non-Landed Properties,4,"13,800",240 to 250,"2,600 to 2,700",Jun-24
MARINA BAY SUITES,CENTRAL BOULEVARD,1,Non-Landed Properties,3,"9,500",150 to 160,"1,600 to 1,700",Jun-24
RIVERWALK APARTMENTS,UPPER CIRCULAR ROAD,1,Non-Landed Properties,NA,"3,700",70 to 80,800 to 900,Jun-24
RIVERWALK APARTMENTS,UPPER CIRCULAR ROAD,1,Non-Landed Properties,NA,"4,200",70 to 80,800 to 900,Jun-24
RIVERWALK APARTMENTS,UPPER CIRCULAR ROAD,1,Non-Landed Properties,2,"5,100",110 to 120,"1,200 to 1,300",Jun-24
MARINA BAY RESIDENCES,MARINA BOULEVARD,1,Non-Landed Properties,1,"5,500",60 to 70,700 to 800,Jun-24
MARINA BAY RESIDENCES,MARINA BOULEVARD,1,Non-Landed Properties,2,"7,800",90 to 100,"1,000 to 1,100",Jun-24
MARINA BAY RESIDENCES,MARINA BOULEVARD,1,Non-Landed Properties,4,"15,000",220 to 230,"2,300 to 2,400",Jun-24
MARINA BAY RESIDENCES,MARINA BOULEVARD,1,Non-Landed Properties,2,"6,500",90 to 100,"1,000 to 1,100",Jun-24
MARINA BAY RESIDENCES,MARINA BOULEVARD,1,Non-Landed Properties,3,"15,000",180 to 190,"1,900 to 2,000",Jun-24
MARINA BAY RESIDENCES,MARINA BOULEVARD,1,Non-Landed Properties,3,"14,000",180 to 190,"1,900 to 2,000",Jun-24
MARINA BAY RESIDENCES,MARINA BOULEVARD,1,Non-Landed Properties,2,"9,000",110 to 120,"1,200 to 1,300",Jun-24
MARINA BAY RESIDENCES,MARINA BOULEVARD,1,Non-Landed Properties,1,"6,000",60 to 70,700 to 800,Jun-24
MARINA BAY RESIDENCES,MARINA BOULEVARD,1,Non-Landed Properties,3,"14,000",180 to 190,"1,900 to 2,000",Jun-24
MARINA BAY RESIDENCES,MARINA BOULEVARD,1,Non-Landed Properties,3,"14,000",180 to 190,"1,900 to 2,000",Jun-24
MARINA BAY RESIDENCES,MARINA BOULEVARD,1,Non-Landed Properties,3,"16,500",180 to 190,"1,900 to 2,000",Jun-24
MARINA BAY RESIDENCES,MARINA BOULEVARD,1,Non-Landed Properties,4,"19,000",210 to 220,"2,300 to 2,400",Jun-24
MARINA BAY RESIDENCES,MARINA BOULEVARD,1,Non-Landed Properties,2,"7,000",90 to 100,"1,000 to 1,100",Jun-24
MARINA BAY RESIDENCES,MARINA BOULEVARD,1,Non-Landed Properties,2,"8,000",90 to 100,"1,000 to 1,100",Jun-24
MARINA BAY RESIDENCES,MARINA BOULEVARD,1,Non-Landed Properties,1,"4,800",60 to 70,700 to 800,Jun-24
MARINA BAY RESIDENCES,MARINA BOULEVARD,1,Non-Landed Properties,1,"5,200",60 to 70,700 to 800,Jun-24
THE CLIFT,MCCALLUM STREET,1,Non-Landed Properties,2,"5,600",70 to 80,700 to 800,May-24
THE CLIFT,MCCALLUM STREET,1,Non-Landed Properties,1,"4,200",40 to 50,500 to 600,May-24
THE CLIFT,MCCALLUM STREET,1,Non-Landed Properties,1,"4,000",40 to 50,500 to 600,May-24
THE CLIFT,MCCALLUM STREET,1,Non-Landed Properties,1,"4,200",40 to 50,500 to 600,May-24
THE CLIFT,MCCALLUM STREET,1,Non-Landed Properties,1,"5,718",40 to 50,400 to 500,May-24
THE CLIFT,MCCALLUM STREET,1,Non-Landed Properties,1,"4,100",40 to 50,500 to 600,May-24
THE CLIFT,MCCALLUM STREET,1,Non-Landed Properties,1,"5,912",40 to 50,400 to 500,May-24
THE CLIFT,MCCALLUM STREET,1,Non-Landed Properties,1,"3,900",40 to 50,500 to 600,May-24
THE CLIFT,MCCALLUM STREET,1,Non-Landed Properties,1,"3,800",40 to 50,400 to 500,May-24
THE CLIFT,MCCALLUM STREET,1,Non-Landed Properties,2,"7,000",90 to 100,"1,000 to 1,100",May-24
THE CLIFT,MCCALLUM STREET,1,Non-Landed Properties,1,"3,800",40 to 50,400 to 500,May-24
THE CLIFT,MCCALLUM STREET,1,Non-Landed Properties,1,"4,764",40 to 50,400 to 500,May-24
THE CLIFT,MCCALLUM STREET,1,Non-Landed Properties,1,"4,000",40 to 50,500 to 600,May-24
THE CLIFT,MCCALLUM STREET,1,Non-Landed Properties,1,"4,150",40 to 50,500 to 600,May-24
THE CLIFT,MCCALLUM STREET,1,Non-Landed Properties,2,"5,188",70 to 80,700 to 800,May-24
THE CLIFT,MCCALLUM STREET,1,Non-Landed Properties,1,"4,400",40 to 50,400 to 500,May-24
THE CLIFT,MCCALLUM STREET,1,Non-Landed Properties,1,"3,700",40 to 50,400 to 500,May-24
ONE SHENTON,SHENTON WAY,1,Non-Landed Properties,2,"6,300",100 to 110,"1,100 to 1,200",May-24
ONE SHENTON,SHENTON WAY,1,Non-Landed Properties,3,"9,000",140 to 150,"1,500 to 1,600",May-24
ONE SHENTON,SHENTON WAY,1,Non-Landed Properties,1,"4,000",50 to 60,500 to 600,May-24
ONE SHENTON,SHENTON WAY,1,Non-Landed Properties,3,"8,000",140 to 150,"1,500 to 1,600",May-24
ONE SHENTON,SHENTON WAY,1,Non-Landed Properties,1,"4,350",50 to 60,600 to 700,May-24
ONE SHENTON,SHENTON WAY,1,Non-Landed Properties,1,"4,400",50 to 60,500 to 600,May-24
ONE SHENTON,SHENTON WAY,1,Non-Landed Properties,2,"6,000",100 to 110,"1,000 to 1,100",May-24
ONE SHENTON,SHENTON WAY,1,Non-Landed Properties,3,"8,000",140 to 150,"1,500 to 1,600",May-24
ONE SHENTON,SHENTON WAY,1,Non-Landed Properties,2,"6,280",110 to 120,"1,200 to 1,300",May-24
ONE SHENTON,SHENTON WAY,1,Non-Landed Properties,1,"4,300",50 to 60,500 to 600,May-24
ONE SHENTON,SHENTON WAY,1,Non-Landed Properties,1,"6,100",90 to 100,"900 to 1,000",May-24
ONE SHENTON,SHENTON WAY,1,Non-Landed Properties,1,"3,900",40 to 50,500 to 600,May-24
ONE SHENTON,SHENTON WAY,1,Non-Landed Properties,3,"8,500",140 to 150,"1,500 to 1,600",May-24
ONE SHENTON,SHENTON WAY,1,Non-Landed Properties,3,"9,990",140 to 150,"1,500 to 1,600",May-24
ONE SHENTON,SHENTON WAY,1,Non-Landed Properties,1,"3,500",40 to 50,500 to 600,May-24
PEOPLE'S PARK COMPLEX,PARK ROAD,1,Non-Landed Properties,3,"4,800",100 to 110,"1,100 to 1,200",May-24
PEOPLE'S PARK COMPLEX,PARK ROAD,1,Non-Landed Properties,3,"5,700",100 to 110,"1,100 to 1,200",May-24
PEOPLE'S PARK COMPLEX,PARK ROAD,1,Non-Landed Properties,3,"2,900",100 to 110,"1,100 to 1,200",May-24
PEOPLE'S PARK COMPLEX,PARK ROAD,1,Non-Landed Properties,1,"2,000",30 to 40,400 to 500,May-24
PEOPLE'S PARK COMPLEX,PARK ROAD,1,Non-Landed Properties,3,"4,200",100 to 110,"1,100 to 1,200",May-24
PEOPLE'S PARK COMPLEX,PARK ROAD,1,Non-Landed Properties,3,"3,700",100 to 110,"1,100 to 1,200",May-24
PEOPLE'S PARK COMPLEX,PARK ROAD,1,Non-Landed Properties,1,"2,800",30 to 40,400 to 500,May-24
EMERALD GARDEN,CLUB STREET,1,Non-Landed Properties,1,"5,700",90 to 100,"1,000 to 1,100",May-24
EMERALD GARDEN,CLUB STREET,1,Non-Landed Properties,2,"5,500",90 to 100,"1,000 to 1,100",May-24
EMERALD GARDEN,CLUB STREET,1,Non-Landed Properties,2,"5,500",90 to 100,"1,000 to 1,100",May-24
EMERALD GARDEN,CLUB STREET,1,Non-Landed Properties,2,"5,000",90 to 100,"1,000 to 1,100",May-24
EMERALD GARDEN,CLUB STREET,1,Non-Landed Properties,3,"6,400",120 to 130,"1,300 to 1,400",May-24
EMERALD GARDEN,CLUB STREET,1,Non-Landed Properties,2,"5,150",80 to 90,"900 to 1,000",May-24
EMERALD GARDEN,CLUB STREET,1,Non-Landed Properties,3,"5,850",110 to 120,"1,200 to 1,300",May-24
MARINA ONE RESIDENCES,MARINA WAY,1,Non-Landed Properties,1,"4,500",60 to 70,600 to 700,May-24
MARINA ONE RESIDENCES,MARINA WAY,1,Non-Landed Properties,1,"4,500",60 to 70,600 to 700,May-24
MARINA ONE RESIDENCES,MARINA WAY,1,Non-Landed Properties,1,"4,300",60 to 70,600 to 700,May-24
MARINA ONE RESIDENCES,MARINA WAY,1,Non-Landed Properties,2,"6,700",100 to 110,"1,100 to 1,200",May-24
MARINA ONE RESIDENCES,MARINA WAY,1,Non-Landed Properties,1,"4,300",60 to 70,700 to 800,May-24
MARINA ONE RESIDENCES,MARINA WAY,1,Non-Landed Properties,2,"6,500",100 to 110,"1,100 to 1,200",May-24
MARINA ONE RESIDENCES,MARINA WAY,1,Non-Landed Properties,3,"11,250",130 to 140,"1,500 to 1,600",May-24
MARINA ONE RESIDENCES,MARINA WAY,1,Non-Landed Properties,1,"4,650",60 to 70,600 to 700,May-24
MARINA ONE RESIDENCES,MARINA WAY,1,Non-Landed Properties,2,"7,850",100 to 110,"1,100 to 1,200",May-24
MARINA ONE RESIDENCES,MARINA WAY,1,Non-Landed Properties,3,"13,000",140 to 150,"1,500 to 1,600",May-24
MARINA ONE RESIDENCES,MARINA WAY,1,Non-Landed Properties,2,"7,600",100 to 110,"1,100 to 1,200",May-24
MARINA ONE RESIDENCES,MARINA WAY,1,Non-Landed Properties,1,"4,550",60 to 70,600 to 700,May-24
MARINA ONE RESIDENCES,MARINA WAY,1,Non-Landed Properties,1,"6,625",60 to 70,700 to 800,May-24
MARINA ONE RESIDENCES,MARINA WAY,1,Non-Landed Properties,1,"6,000",60 to 70,700 to 800,May-24
MARINA ONE RESIDENCES,MARINA WAY,1,Non-Landed Properties,1,"4,500",60 to 70,600 to 700,May-24
MARINA ONE RESIDENCES,MARINA WAY,1,Non-Landed Properties,1,"4,500",60 to 70,600 to 700,May-24
MARINA ONE RESIDENCES,MARINA WAY,1,Non-Landed Properties,1,"4,400",70 to 80,700 to 800,May-24
MARINA ONE RESIDENCES,MARINA WAY,1,Non-Landed Properties,2,"6,500",90 to 100,"1,000 to 1,100",May-24
MARINA ONE RESIDENCES,MARINA WAY,1,Non-Landed Properties,1,"4,200",60 to 70,700 to 800,May-24
MARINA ONE RESIDENCES,MARINA WAY,1,Non-Landed Properties,1,"5,150",60 to 70,600 to 700,May-24
MARINA ONE RESIDENCES,MARINA WAY,1,Non-Landed Properties,1,"4,200",60 to 70,600 to 700,May-24
MARINA ONE RESIDENCES,MARINA WAY,1,Non-Landed Properties,2,"8,500",100 to 110,"1,100 to 1,200",May-24
MARINA ONE RESIDENCES,MARINA WAY,1,Non-Landed Properties,1,"6,009",60 to 70,600 to 700,May-24
MARINA ONE RESIDENCES,MARINA WAY,1,Non-Landed Properties,3,"10,000",140 to 150,"1,500 to 1,600",May-24
MARINA ONE RESIDENCES,MARINA WAY,1,Non-Landed Properties,1,"4,340",60 to 70,600 to 700,May-24
MARINA ONE RESIDENCES,MARINA WAY,1,Non-Landed Properties,1,"4,800",70 to 80,700 to 800,May-24
MARINA ONE RESIDENCES,MARINA WAY,1,Non-Landed Properties,2,"6,500",100 to 110,"1,100 to 1,200",May-24
MARINA ONE RESIDENCES,MARINA WAY,1,Non-Landed Properties,1,"5,500",60 to 70,700 to 800,May-24
MARINA ONE RESIDENCES,MARINA WAY,1,Non-Landed Properties,4,"19,000",200 to 210,"2,100 to 2,200",May-24
MARINA ONE RESIDENCES,MARINA WAY,1,Non-Landed Properties,4,"19,000",200 to 210,"2,200 to 2,300",May-24
MARINA ONE RESIDENCES,MARINA WAY,1,Non-Landed Properties,2,"6,900",90 to 100,"900 to 1,000",May-24
MARINA ONE RESIDENCES,MARINA WAY,1,Non-Landed Properties,2,"8,200",100 to 110,"1,100 to 1,200",May-24
MARINA ONE RESIDENCES,MARINA WAY,1,Non-Landed Properties,1,"5,500",60 to 70,700 to 800,May-24
MARINA ONE RESIDENCES,MARINA WAY,1,Non-Landed Properties,1,"5,000",60 to 70,700 to 800,May-24
MARINA ONE RESIDENCES,MARINA WAY,1,Non-Landed Properties,2,"8,400",100 to 110,"1,100 to 1,200",May-24
MARINA ONE RESIDENCES,MARINA WAY,1,Non-Landed Properties,2,"8,000",100 to 110,"1,100 to 1,200",May-24
MARINA ONE RESIDENCES,MARINA WAY,1,Non-Landed Properties,2,"7,500",110 to 120,"1,200 to 1,300",May-24
THE SAIL @ MARINA BAY,MARINA BOULEVARD,1,Non-Landed Properties,1,"4,800",60 to 70,600 to 700,May-24
THE SAIL @ MARINA BAY,MARINA BOULEVARD,1,Non-Landed Properties,1,"4,200",60 to 70,600 to 700,May-24
THE SAIL @ MARINA BAY,MARINA BOULEVARD,1,Non-Landed Properties,1,"4,000",50 to 60,600 to 700,May-24
THE SAIL @ MARINA BAY,MARINA BOULEVARD,1,Non-Landed Properties,2,"6,500",70 to 80,800 to 900,May-24
THE SAIL @ MARINA BAY,MARINA BOULEVARD,1,Non-Landed Properties,1,"4,500",50 to 60,600 to 700,May-24
THE SAIL @ MARINA BAY,MARINA BOULEVARD,1,Non-Landed Properties,3,"7,250",120 to 130,"1,300 to 1,400",May-24
THE SAIL @ MARINA BAY,MARINA BOULEVARD,1,Non-Landed Properties,4,"8,800",150 to 160,"1,600 to 1,700",May-24
THE SAIL @ MARINA BAY,MARINA BOULEVARD,1,Non-Landed Properties,1,"4,500",60 to 70,600 to 700,May-24
THE SAIL @ MARINA BAY,MARINA BOULEVARD,1,Non-Landed Properties,1,"4,200",50 to 60,600 to 700,May-24
THE SAIL @ MARINA BAY,MARINA BOULEVARD,1,Non-Landed Properties,1,"3,800",60 to 70,600 to 700,May-24
THE SAIL @ MARINA BAY,MARINA BOULEVARD,1,Non-Landed Properties,1,"4,150",60 to 70,600 to 700,May-24
THE SAIL @ MARINA BAY,MARINA BOULEVARD,1,Non-Landed Properties,1,"4,000",50 to 60,600 to 700,May-24
THE SAIL @ MARINA BAY,MARINA BOULEVARD,1,Non-Landed Properties,4,"10,500",190 to 200,"2,000 to 2,100",May-24
THE SAIL @ MARINA BAY,MARINA BOULEVARD,1,Non-Landed Properties,2,"6,000",70 to 80,800 to 900,May-24
THE SAIL @ MARINA BAY,MARINA BOULEVARD,1,Non-Landed Properties,3,"8,200",110 to 120,"1,200 to 1,300",May-24
THE SAIL @ MARINA BAY,MARINA BOULEVARD,1,Non-Landed Properties,2,"9,800",70 to 80,800 to 900,May-24
THE SAIL @ MARINA BAY,MARINA BOULEVARD,1,Non-Landed Properties,3,"8,500",130 to 140,"1,400 to 1,500",May-24
THE SAIL @ MARINA BAY,MARINA BOULEVARD,1,Non-Landed Properties,2,"6,200",70 to 80,800 to 900,May-24
THE SAIL @ MARINA BAY,MARINA BOULEVARD,1,Non-Landed Properties,2,"5,000",70 to 80,800 to 900,May-24
THE SAIL @ MARINA BAY,MARINA BOULEVARD,1,Non-Landed Properties,2,"3,400",70 to 80,800 to 900,May-24
THE SAIL @ MARINA BAY,MARINA BOULEVARD,1,Non-Landed Properties,1,"5,400",60 to 70,600 to 700,May-24
THE SAIL @ MARINA BAY,MARINA BOULEVARD,1,Non-Landed Properties,2,"6,250",90 to 100,"1,000 to 1,100",May-24
THE SAIL @ MARINA BAY,MARINA BOULEVARD,1,Non-Landed Properties,2,"6,700",90 to 100,"1,000 to 1,100",May-24
THE SAIL @ MARINA BAY,MARINA BOULEVARD,1,Non-Landed Properties,1,"5,600",60 to 70,600 to 700,May-24
THE SAIL @ MARINA BAY,MARINA BOULEVARD,1,Non-Landed Properties,3,"8,000",100 to 110,"1,100 to 1,200",May-24
THE SAIL @ MARINA BAY,MARINA BOULEVARD,1,Non-Landed Properties,1,"5,000",50 to 60,500 to 600,May-24
THE SAIL @ MARINA BAY,MARINA BOULEVARD,1,Non-Landed Properties,1,"5,092",60 to 70,600 to 700,May-24
THE SAIL @ MARINA BAY,MARINA BOULEVARD,1,Non-Landed Properties,2,"5,200",80 to 90,800 to 900,May-24
THE SAIL @ MARINA BAY,MARINA BOULEVARD,1,Non-Landed Properties,1,"4,200",60 to 70,600 to 700,May-24
THE SAIL @ MARINA BAY,MARINA BOULEVARD,1,Non-Landed Properties,2,"6,100",80 to 90,"900 to 1,000",May-24
THE SAIL @ MARINA BAY,MARINA BOULEVARD,1,Non-Landed Properties,3,"8,800",100 to 110,"1,100 to 1,200",May-24
THE SAIL @ MARINA BAY,MARINA BOULEVARD,1,Non-Landed Properties,3,"9,500",160 to 170,"1,700 to 1,800",May-24
THE SAIL @ MARINA BAY,MARINA BOULEVARD,1,Non-Landed Properties,2,"7,250",90 to 100,"1,000 to 1,100",May-24
THE SAIL @ MARINA BAY,MARINA BOULEVARD,1,Non-Landed Properties,3,"9,800",160 to 170,"1,800 to 1,900",May-24
THE SAIL @ MARINA BAY,MARINA BOULEVARD,1,Non-Landed Properties,2,"7,283",80 to 90,800 to 900,May-24
THE SAIL @ MARINA BAY,MARINA BOULEVARD,1,Non-Landed Properties,2,"8,500",80 to 90,"900 to 1,000",May-24
THE SAIL @ MARINA BAY,MARINA BOULEVARD,1,Non-Landed Properties,1,"4,100",60 to 70,600 to 700,May-24
THE SAIL @ MARINA BAY,MARINA BOULEVARD,1,Non-Landed Properties,2,"6,500",80 to 90,800 to 900,May-24
THE SAIL @ MARINA BAY,MARINA BOULEVARD,1,Non-Landed Properties,1,"4,000",60 to 70,600 to 700,May-24
THE SAIL @ MARINA BAY,MARINA BOULEVARD,1,Non-Landed Properties,2,"7,000",80 to 90,800 to 900,May-24
THE SAIL @ MARINA BAY,MARINA BOULEVARD,1,Non-Landed Properties,1,"4,800",60 to 70,600 to 700,May-24
THE SAIL @ MARINA BAY,MARINA BOULEVARD,1,Non-Landed Properties,1,"4,000",50 to 60,500 to 600,May-24
THE SAIL @ MARINA BAY,MARINA BOULEVARD,1,Non-Landed Properties,2,"5,700",80 to 90,800 to 900,May-24
THE SAIL @ MARINA BAY,MARINA BOULEVARD,1,Non-Landed Properties,1,"4,200",60 to 70,600 to 700,May-24
THE SAIL @ MARINA BAY,MARINA BOULEVARD,1,Non-Landed Properties,3,"8,000",100 to 110,"1,100 to 1,200",May-24
THE RIVERSIDE PIAZZA,KENG CHEOW STREET,1,Non-Landed Properties,3,"5,650",110 to 120,"1,200 to 1,300",May-24
V ON SHENTON,SHENTON WAY,1,Non-Landed Properties,1,"4,600",60 to 70,700 to 800,May-24
V ON SHENTON,SHENTON WAY,1,Non-Landed Properties,1,"4,500",60 to 70,700 to 800,May-24
V ON SHENTON,SHENTON WAY,1,Non-Landed Properties,NA,"4,700",40 to 50,400 to 500,May-24
V ON SHENTON,SHENTON WAY,1,Non-Landed Properties,2,"6,450",100 to 110,"1,000 to 1,100",May-24
V ON SHENTON,SHENTON WAY,1,Non-Landed Properties,NA,"3,300",40 to 50,400 to 500,May-24
V ON SHENTON,SHENTON WAY,1,Non-Landed Properties,NA,"3,200",40 to 50,400 to 500,May-24
V ON SHENTON,SHENTON WAY,1,Non-Landed Properties,2,"5,000",80 to 90,"900 to 1,000",May-24
V ON SHENTON,SHENTON WAY,1,Non-Landed Properties,NA,"3,800",40 to 50,400 to 500,May-24
V ON SHENTON,SHENTON WAY,1,Non-Landed Properties,2,"6,500",100 to 110,"1,100 to 1,200",May-24
V ON SHENTON,SHENTON WAY,1,Non-Landed Properties,2,"5,200",80 to 90,800 to 900,May-24
V ON SHENTON,SHENTON WAY,1,Non-Landed Properties,NA,"3,800",40 to 50,400 to 500,May-24
V ON SHENTON,SHENTON WAY,1,Non-Landed Properties,3,"9,000",140 to 150,"1,500 to 1,600",May-24
V ON SHENTON,SHENTON WAY,1,Non-Landed Properties,NA,"3,500",40 to 50,400 to 500,May-24
V ON SHENTON,SHENTON WAY,1,Non-Landed Properties,NA,"3,800",40 to 50,400 to 500,May-24
V ON SHENTON,SHENTON WAY,1,Non-Landed Properties,NA,"3,900",40 to 50,400 to 500,May-24
V ON SHENTON,SHENTON WAY,1,Non-Landed Properties,NA,"3,700",40 to 50,400 to 500,May-24
V ON SHENTON,SHENTON WAY,1,Non-Landed Properties,2,"5,200",80 to 90,"900 to 1,000",May-24
V ON SHENTON,SHENTON WAY,1,Non-Landed Properties,NA,"3,300",40 to 50,400 to 500,May-24
V ON SHENTON,SHENTON WAY,1,Non-Landed Properties,2,"5,700",80 to 90,800 to 900,May-24
V ON SHENTON,SHENTON WAY,1,Non-Landed Properties,3,"10,125",160 to 170,"1,700 to 1,800",May-24
V ON SHENTON,SHENTON WAY,1,Non-Landed Properties,2,"6,200",100 to 110,"1,100 to 1,200",May-24
V ON SHENTON,SHENTON WAY,1,Non-Landed Properties,1,"5,000",60 to 70,700 to 800,May-24
V ON SHENTON,SHENTON WAY,1,Non-Landed Properties,3,"8,300",120 to 130,"1,300 to 1,400",May-24
V ON SHENTON,SHENTON WAY,1,Non-Landed Properties,1,"4,700",60 to 70,700 to 800,May-24
V ON SHENTON,SHENTON WAY,1,Non-Landed Properties,2,"5,600",80 to 90,"900 to 1,000",May-24
V ON SHENTON,SHENTON WAY,1,Non-Landed Properties,1,"4,800",60 to 70,700 to 800,May-24
V ON SHENTON,SHENTON WAY,1,Non-Landed Properties,2,"7,750",90 to 100,"1,000 to 1,100",May-24
V ON SHENTON,SHENTON WAY,1,Non-Landed Properties,1,"4,800",60 to 70,700 to 800,May-24
V ON SHENTON,SHENTON WAY,1,Non-Landed Properties,NA,"3,200",40 to 50,400 to 500,May-24
THE PLATINUM,UPPER CROSS STREET,1,Non-Landed Properties,NA,"3,800",40 to 50,500 to 600,May-24
THE PLATINUM,UPPER CROSS STREET,1,Non-Landed Properties,NA,"3,400",40 to 50,400 to 500,May-24
ROBINSON SUITES,ROBINSON ROAD,1,Non-Landed Properties,1,"3,700",40 to 50,400 to 500,May-24
ROBINSON SUITES,ROBINSON ROAD,1,Non-Landed Properties,1,"3,900",40 to 50,500 to 600,May-24
ROBINSON SUITES,ROBINSON ROAD,1,Non-Landed Properties,2,"4,000",50 to 60,600 to 700,May-24
ROBINSON SUITES,ROBINSON ROAD,1,Non-Landed Properties,1,"3,850",40 to 50,400 to 500,May-24
ROBINSON SUITES,ROBINSON ROAD,1,Non-Landed Properties,2,"4,000",50 to 60,600 to 700,May-24
ROBINSON SUITES,ROBINSON ROAD,1,Non-Landed Properties,2,"4,100",50 to 60,600 to 700,May-24
MARINA BAY SUITES,CENTRAL BOULEVARD,1,Non-Landed Properties,4,"15,000",240 to 250,"2,600 to 2,700",May-24
MARINA BAY SUITES,CENTRAL BOULEVARD,1,Non-Landed Properties,4,"10,500",190 to 200,"2,000 to 2,100",May-24
MARINA BAY SUITES,CENTRAL BOULEVARD,1,Non-Landed Properties,4,"12,000",180 to 190,"2,000 to 2,100",May-24
MARINA BAY SUITES,CENTRAL BOULEVARD,1,Non-Landed Properties,3,"9,300",140 to 150,"1,500 to 1,600",May-24
MARINA BAY SUITES,CENTRAL BOULEVARD,1,Non-Landed Properties,3,"9,600",140 to 150,"1,500 to 1,600",May-24
MARINA BAY SUITES,CENTRAL BOULEVARD,1,Non-Landed Properties,3,"9,800",140 to 150,"1,500 to 1,600",May-24
MARINA BAY SUITES,CENTRAL BOULEVARD,1,Non-Landed Properties,3,"9,800",140 to 150,"1,500 to 1,600",May-24
RIVERWALK APARTMENTS,UPPER CIRCULAR ROAD,1,Non-Landed Properties,3,"7,500",140 to 150,"1,600 to 1,700",May-24
RIVERWALK APARTMENTS,UPPER CIRCULAR ROAD,1,Non-Landed Properties,2,"5,300",110 to 120,"1,200 to 1,300",May-24
MARINA BAY RESIDENCES,MARINA BOULEVARD,1,Non-Landed Properties,3,"15,833",180 to 190,"1,900 to 2,000",May-24
MARINA BAY RESIDENCES,MARINA BOULEVARD,1,Non-Landed Properties,1,"5,500",60 to 70,700 to 800,May-24
MARINA BAY RESIDENCES,MARINA BOULEVARD,1,Non-Landed Properties,2,"7,200",90 to 100,"1,000 to 1,100",May-24
MARINA BAY RESIDENCES,MARINA BOULEVARD,1,Non-Landed Properties,3,"10,300",150 to 160,"1,600 to 1,700",May-24
MARINA BAY RESIDENCES,MARINA BOULEVARD,1,Non-Landed Properties,1,"5,900",60 to 70,700 to 800,May-24
MARINA BAY RESIDENCES,MARINA BOULEVARD,1,Non-Landed Properties,4,"25,200",210 to 220,"2,300 to 2,400",May-24
MARINA BAY RESIDENCES,MARINA BOULEVARD,1,Non-Landed Properties,2,"6,800",90 to 100,"1,000 to 1,100",May-24
MARINA BAY RESIDENCES,MARINA BOULEVARD,1,Non-Landed Properties,2,"7,750",110 to 120,"1,200 to 1,300",May-24
MARINA BAY RESIDENCES,MARINA BOULEVARD,1,Non-Landed Properties,1,"5,900",60 to 70,700 to 800,May-24
MARINA BAY RESIDENCES,MARINA BOULEVARD,1,Non-Landed Properties,1,"5,700",60 to 70,700 to 800,May-24
MARINA BAY RESIDENCES,MARINA BOULEVARD,1,Non-Landed Properties,2,"7,400",110 to 120,"1,200 to 1,300",May-24
MARINA BAY RESIDENCES,MARINA BOULEVARD,1,Non-Landed Properties,2,"8,500",90 to 100,"1,000 to 1,100",May-24
MARINA BAY RESIDENCES,MARINA BOULEVARD,1,Non-Landed Properties,2,"8,800",90 to 100,"1,000 to 1,100",May-24
MARINA BAY RESIDENCES,MARINA BOULEVARD,1,Non-Landed Properties,3,"12,500",180 to 190,"1,900 to 2,000",May-24
MARINA BAY RESIDENCES,MARINA BOULEVARD,1,Non-Landed Properties,1,"5,800",60 to 70,700 to 800,May-24
MARINA BAY RESIDENCES,MARINA BOULEVARD,1,Non-Landed Properties,3,"10,800",150 to 160,"1,600 to 1,700",May-24
MARINA BAY RESIDENCES,MARINA BOULEVARD,1,Non-Landed Properties,2,"8,000",90 to 100,"900 to 1,000",May-24
MARINA BAY RESIDENCES,MARINA BOULEVARD,1,Non-Landed Properties,1,"5,250",60 to 70,700 to 800,May-24
MARINA BAY RESIDENCES,MARINA BOULEVARD,1,Non-Landed Properties,1,"6,000",60 to 70,700 to 800,May-24
THE CLIFT,MCCALLUM STREET,1,Non-Landed Properties,1,"5,300",60 to 70,700 to 800,Apr-24
THE CLIFT,MCCALLUM STREET,1,Non-Landed Properties,1,"5,000",70 to 80,700 to 800,Apr-24
THE CLIFT,MCCALLUM STREET,1,Non-Landed Properties,2,"5,900",70 to 80,700 to 800,Apr-24
THE CLIFT,MCCALLUM STREET,1,Non-Landed Properties,1,"5,200",60 to 70,700 to 800,Apr-24
THE CLIFT,MCCALLUM STREET,1,Non-Landed Properties,1,"3,700",40 to 50,400 to 500,Apr-24
THE CLIFT,MCCALLUM STREET,1,Non-Landed Properties,1,"4,100",40 to 50,500 to 600,Apr-24
THE CLIFT,MCCALLUM STREET,1,Non-Landed Properties,2,"7,000",90 to 100,"1,000 to 1,100",Apr-24
THE CLIFT,MCCALLUM STREET,1,Non-Landed Properties,1,"5,500",70 to 80,700 to 800,Apr-24
THE CLIFT,MCCALLUM STREET,1,Non-Landed Properties,1,"3,800",50 to 60,500 to 600,Apr-24
THE CLIFT,MCCALLUM STREET,1,Non-Landed Properties,1,"3,900",40 to 50,500 to 600,Apr-24
THE CLIFT,MCCALLUM STREET,1,Non-Landed Properties,2,"5,500",70 to 80,800 to 900,Apr-24
THE CLIFT,MCCALLUM STREET,1,Non-Landed Properties,1,"3,500",40 to 50,500 to 600,Apr-24
THE CLIFT,MCCALLUM STREET,1,Non-Landed Properties,1,"3,900",40 to 50,500 to 600,Apr-24
THE CLIFT,MCCALLUM STREET,1,Non-Landed Properties,1,"3,800",40 to 50,400 to 500,Apr-24
THE CLIFT,MCCALLUM STREET,1,Non-Landed Properties,1,"5,300",70 to 80,800 to 900,Apr-24
THE CLIFT,MCCALLUM STREET,1,Non-Landed Properties,1,"5,000",40 to 50,500 to 600,Apr-24
THE CLIFT,MCCALLUM STREET,1,Non-Landed Properties,1,"3,800",40 to 50,400 to 500,Apr-24
THE CLIFT,MCCALLUM STREET,1,Non-Landed Properties,1,"5,283",40 to 50,500 to 600,Apr-24
THE CLIFT,MCCALLUM STREET,1,Non-Landed Properties,1,"4,500",40 to 50,500 to 600,Apr-24
ONE SHENTON,SHENTON WAY,1,Non-Landed Properties,1,"5,100",70 to 80,800 to 900,Apr-24
ONE SHENTON,SHENTON WAY,1,Non-Landed Properties,1,"4,800",50 to 60,500 to 600,Apr-24
ONE SHENTON,SHENTON WAY,1,Non-Landed Properties,1,"4,300",50 to 60,500 to 600,Apr-24
ONE SHENTON,SHENTON WAY,1,Non-Landed Properties,1,"4,200",50 to 60,500 to 600,Apr-24
ONE SHENTON,SHENTON WAY,1,Non-Landed Properties,1,"5,400",80 to 90,"900 to 1,000",Apr-24
ONE SHENTON,SHENTON WAY,1,Non-Landed Properties,1,"4,400",50 to 60,500 to 600,Apr-24
ONE SHENTON,SHENTON WAY,1,Non-Landed Properties,1,"3,900",40 to 50,500 to 600,Apr-24
ONE SHENTON,SHENTON WAY,1,Non-Landed Properties,2,"5,800",80 to 90,"900 to 1,000",Apr-24
ONE SHENTON,SHENTON WAY,1,Non-Landed Properties,2,"6,000",100 to 110,"1,100 to 1,200",Apr-24
ONE SHENTON,SHENTON WAY,1,Non-Landed Properties,1,"3,900",50 to 60,600 to 700,Apr-24
ONE SHENTON,SHENTON WAY,1,Non-Landed Properties,1,"3,700",50 to 60,500 to 600,Apr-24
ONE SHENTON,SHENTON WAY,1,Non-Landed Properties,4,"11,000",170 to 180,"1,800 to 1,900",Apr-24
PEOPLE'S PARK COMPLEX,PARK ROAD,1,Non-Landed Properties,3,"2,749",100 to 110,"1,100 to 1,200",Apr-24
PEOPLE'S PARK COMPLEX,PARK ROAD,1,Non-Landed Properties,1,"2,800",40 to 50,400 to 500,Apr-24
PEOPLE'S PARK COMPLEX,PARK ROAD,1,Non-Landed Properties,4,"7,200",140 to 150,"1,600 to 1,700",Apr-24
PEOPLE'S PARK COMPLEX,PARK ROAD,1,Non-Landed Properties,1,"2,900",30 to 40,400 to 500,Apr-24
PEOPLE'S PARK COMPLEX,PARK ROAD,1,Non-Landed Properties,3,"5,000",100 to 110,"1,100 to 1,200",Apr-24
PEOPLE'S PARK COMPLEX,PARK ROAD,1,Non-Landed Properties,1,"3,100",30 to 40,400 to 500,Apr-24
PEOPLE'S PARK COMPLEX,PARK ROAD,1,Non-Landed Properties,NA,"4,000",100 to 110,"1,100 to 1,200",Apr-24
EMERALD GARDEN,CLUB STREET,1,Non-Landed Properties,2,"5,300",80 to 90,"900 to 1,000",Apr-24
EMERALD GARDEN,CLUB STREET,1,Non-Landed Properties,2,"5,300",90 to 100,"1,000 to 1,100",Apr-24
EMERALD GARDEN,CLUB STREET,1,Non-Landed Properties,3,"5,750",110 to 120,"1,200 to 1,300",Apr-24
EMERALD GARDEN,CLUB STREET,1,Non-Landed Properties,2,"5,200",90 to 100,"1,000 to 1,100",Apr-24
EMERALD GARDEN,CLUB STREET,1,Non-Landed Properties,3,"6,300",140 to 150,"1,500 to 1,600",Apr-24
EMERALD GARDEN,CLUB STREET,1,Non-Landed Properties,1,"4,800",80 to 90,"900 to 1,000",Apr-24
EMERALD GARDEN,CLUB STREET,1,Non-Landed Properties,2,"5,000",90 to 100,"900 to 1,000",Apr-24
EMERALD GARDEN,CLUB STREET,1,Non-Landed Properties,2,"5,600",100 to 110,"1,100 to 1,200",Apr-24
EMERALD GARDEN,CLUB STREET,1,Non-Landed Properties,1,"4,300",70 to 80,800 to 900,Apr-24
EMERALD GARDEN,CLUB STREET,1,Non-Landed Properties,3,"6,000",110 to 120,"1,200 to 1,300",Apr-24
EMERALD GARDEN,CLUB STREET,1,Non-Landed Properties,2,"5,000",80 to 90,"900 to 1,000",Apr-24
MARINA ONE RESIDENCES,MARINA WAY,1,Non-Landed Properties,1,"5,500",70 to 80,700 to 800,Apr-24
MARINA ONE RESIDENCES,MARINA WAY,1,Non-Landed Properties,1,"4,500",60 to 70,700 to 800,Apr-24
MARINA ONE RESIDENCES,MARINA WAY,1,Non-Landed Properties,2,"6,800",90 to 100,"1,000 to 1,100",Apr-24
MARINA ONE RESIDENCES,MARINA WAY,1,Non-Landed Properties,1,"4,700",60 to 70,700 to 800,Apr-24
MARINA ONE RESIDENCES,MARINA WAY,1,Non-Landed Properties,2,"6,800",90 to 100,"1,000 to 1,100",Apr-24
MARINA ONE RESIDENCES,MARINA WAY,1,Non-Landed Properties,2,"7,000",100 to 110,"1,100 to 1,200",Apr-24
MARINA ONE RESIDENCES,MARINA WAY,1,Non-Landed Properties,1,"5,000",60 to 70,600 to 700,Apr-24
MARINA ONE RESIDENCES,MARINA WAY,1,Non-Landed Properties,1,"5,000",60 to 70,700 to 800,Apr-24
MARINA ONE RESIDENCES,MARINA WAY,1,Non-Landed Properties,1,"5,250",60 to 70,700 to 800,Apr-24
MARINA ONE RESIDENCES,MARINA WAY,1,Non-Landed Properties,3,"12,000",140 to 150,"1,500 to 1,600",Apr-24
MARINA ONE RESIDENCES,MARINA WAY,1,Non-Landed Properties,1,"4,500",60 to 70,700 to 800,Apr-24
MARINA ONE RESIDENCES,MARINA WAY,1,Non-Landed Properties,1,"4,500",60 to 70,700 to 800,Apr-24
MARINA ONE RESIDENCES,MARINA WAY,1,Non-Landed Properties,2,"7,000",100 to 110,"1,100 to 1,200",Apr-24
MARINA ONE RESIDENCES,MARINA WAY,1,Non-Landed Properties,1,"4,800",60 to 70,600 to 700,Apr-24
MARINA ONE RESIDENCES,MARINA WAY,1,Non-Landed Properties,1,"5,000",60 to 70,600 to 700,Apr-24
MARINA ONE RESIDENCES,MARINA WAY,1,Non-Landed Properties,2,"7,150",100 to 110,"1,100 to 1,200",Apr-24
MARINA ONE RESIDENCES,MARINA WAY,1,Non-Landed Properties,1,"4,200",60 to 70,600 to 700,Apr-24
MARINA ONE RESIDENCES,MARINA WAY,1,Non-Landed Properties,2,"6,900",90 to 100,"1,000 to 1,100",Apr-24
MARINA ONE RESIDENCES,MARINA WAY,1,Non-Landed Properties,3,"12,600",140 to 150,"1,500 to 1,600",Apr-24
MARINA ONE RESIDENCES,MARINA WAY,1,Non-Landed Properties,1,"5,200",60 to 70,700 to 800,Apr-24
MARINA ONE RESIDENCES,MARINA WAY,1,Non-Landed Properties,1,"4,500",70 to 80,700 to 800,Apr-24
MARINA ONE RESIDENCES,MARINA WAY,1,Non-Landed Properties,1,"4,700",60 to 70,700 to 800,Apr-24
MARINA ONE RESIDENCES,MARINA WAY,1,Non-Landed Properties,2,"7,300",100 to 110,"1,100 to 1,200",Apr-24
MARINA ONE RESIDENCES,MARINA WAY,1,Non-Landed Properties,1,"4,500",60 to 70,700 to 800,Apr-24
MARINA ONE RESIDENCES,MARINA WAY,1,Non-Landed Properties,2,"7,000",90 to 100,"1,000 to 1,100",Apr-24
MARINA ONE RESIDENCES,MARINA WAY,1,Non-Landed Properties,2,"6,500",100 to 110,"1,100 to 1,200",Apr-24
MARINA ONE RESIDENCES,MARINA WAY,1,Non-Landed Properties,2,"7,300",100 to 110,"1,100 to 1,200",Apr-24
MARINA ONE RESIDENCES,MARINA WAY,1,Non-Landed Properties,2,"7,300",100 to 110,"1,100 to 1,200",Apr-24
MARINA ONE RESIDENCES,MARINA WAY,1,Non-Landed Properties,1,"5,500",60 to 70,700 to 800,Apr-24
MARINA ONE RESIDENCES,MARINA WAY,1,Non-Landed Properties,2,"7,900",100 to 110,"1,100 to 1,200",Apr-24
MARINA ONE RESIDENCES,MARINA WAY,1,Non-Landed Properties,1,"4,850",70 to 80,700 to 800,Apr-24
MARINA ONE RESIDENCES,MARINA WAY,1,Non-Landed Properties,2,"8,400",100 to 110,"1,100 to 1,200",Apr-24
MARINA ONE RESIDENCES,MARINA WAY,1,Non-Landed Properties,1,"4,500",60 to 70,700 to 800,Apr-24
MARINA ONE RESIDENCES,MARINA WAY,1,Non-Landed Properties,3,"10,800",140 to 150,"1,500 to 1,600",Apr-24
MARINA ONE RESIDENCES,MARINA WAY,1,Non-Landed Properties,1,"6,500",60 to 70,700 to 800,Apr-24
MARINA ONE RESIDENCES,MARINA WAY,1,Non-Landed Properties,1,"5,000",60 to 70,700 to 800,Apr-24
MARINA ONE RESIDENCES,MARINA WAY,1,Non-Landed Properties,1,"5,050",60 to 70,700 to 800,Apr-24
MARINA ONE RESIDENCES,MARINA WAY,1,Non-Landed Properties,1,"5,000",70 to 80,700 to 800,Apr-24
MARINA ONE RESIDENCES,MARINA WAY,1,Non-Landed Properties,1,"5,000",60 to 70,700 to 800,Apr-24
MARINA ONE RESIDENCES,MARINA WAY,1,Non-Landed Properties,1,"4,300",70 to 80,700 to 800,Apr-24
MARINA ONE RESIDENCES,MARINA WAY,1,Non-Landed Properties,2,"7,000",100 to 110,"1,100 to 1,200",Apr-24
MARINA ONE RESIDENCES,MARINA WAY,1,Non-Landed Properties,1,"5,935",60 to 70,600 to 700,Apr-24
MARINA ONE RESIDENCES,MARINA WAY,1,Non-Landed Properties,1,"4,800",60 to 70,600 to 700,Apr-24
MARINA ONE RESIDENCES,MARINA WAY,1,Non-Landed Properties,2,"8,250",100 to 110,"1,100 to 1,200",Apr-24
MARINA ONE RESIDENCES,MARINA WAY,1,Non-Landed Properties,1,"5,100",60 to 70,700 to 800,Apr-24
MARINA ONE RESIDENCES,MARINA WAY,1,Non-Landed Properties,1,"5,500",70 to 80,700 to 800,Apr-24
MARINA ONE RESIDENCES,MARINA WAY,1,Non-Landed Properties,1,"4,600",60 to 70,700 to 800,Apr-24
MARINA ONE RESIDENCES,MARINA WAY,1,Non-Landed Properties,3,"10,000",140 to 150,"1,500 to 1,600",Apr-24
MARINA ONE RESIDENCES,MARINA WAY,1,Non-Landed Properties,1,"4,900",70 to 80,700 to 800,Apr-24
MARINA ONE RESIDENCES,MARINA WAY,1,Non-Landed Properties,1,"5,500",60 to 70,700 to 800,Apr-24
MARINA ONE RESIDENCES,MARINA WAY,1,Non-Landed Properties,1,"4,500",60 to 70,700 to 800,Apr-24
MARINA ONE RESIDENCES,MARINA WAY,1,Non-Landed Properties,1,"6,600",60 to 70,700 to 800,Apr-24
MARINA ONE RESIDENCES,MARINA WAY,1,Non-Landed Properties,1,"4,300",60 to 70,700 to 800,Apr-24
MARINA ONE RESIDENCES,MARINA WAY,1,Non-Landed Properties,2,"6,500",100 to 110,"1,100 to 1,200",Apr-24
THE SAIL @ MARINA BAY,MARINA BOULEVARD,1,Non-Landed Properties,3,"7,500",120 to 130,"1,300 to 1,400",Apr-24
THE SAIL @ MARINA BAY,MARINA BOULEVARD,1,Non-Landed Properties,1,"4,150",50 to 60,600 to 700,Apr-24
THE SAIL @ MARINA BAY,MARINA BOULEVARD,1,Non-Landed Properties,2,"6,903",70 to 80,800 to 900,Apr-24
THE SAIL @ MARINA BAY,MARINA BOULEVARD,1,Non-Landed Properties,3,"11,000",170 to 180,"1,900 to 2,000",Apr-24
THE SAIL @ MARINA BAY,MARINA BOULEVARD,1,Non-Landed Properties,3,"10,800",180 to 190,"2,000 to 2,100",Apr-24
THE SAIL @ MARINA BAY,MARINA BOULEVARD,1,Non-Landed Properties,1,"4,700",60 to 70,600 to 700,Apr-24
THE SAIL @ MARINA BAY,MARINA BOULEVARD,1,Non-Landed Properties,1,"3,800",50 to 60,600 to 700,Apr-24
THE SAIL @ MARINA BAY,MARINA BOULEVARD,1,Non-Landed Properties,2,"5,600",70 to 80,800 to 900,Apr-24
THE SAIL @ MARINA BAY,MARINA BOULEVARD,1,Non-Landed Properties,1,"4,250",60 to 70,600 to 700,Apr-24
THE SAIL @ MARINA BAY,MARINA BOULEVARD,1,Non-Landed Properties,2,"6,300",70 to 80,800 to 900,Apr-24
THE SAIL @ MARINA BAY,MARINA BOULEVARD,1,Non-Landed Properties,1,"4,000",50 to 60,600 to 700,Apr-24
THE SAIL @ MARINA BAY,MARINA BOULEVARD,1,Non-Landed Properties,2,"6,500",70 to 80,800 to 900,Apr-24
THE SAIL @ MARINA BAY,MARINA BOULEVARD,1,Non-Landed Properties,1,"5,000",60 to 70,600 to 700,Apr-24
THE SAIL @ MARINA BAY,MARINA BOULEVARD,1,Non-Landed Properties,1,"4,900",50 to 60,600 to 700,Apr-24
THE SAIL @ MARINA BAY,MARINA BOULEVARD,1,Non-Landed Properties,1,"4,250",50 to 60,600 to 700,Apr-24
THE SAIL @ MARINA BAY,MARINA BOULEVARD,1,Non-Landed Properties,2,"5,600",70 to 80,800 to 900,Apr-24
THE SAIL @ MARINA BAY,MARINA BOULEVARD,1,Non-Landed Properties,4,"9,300",150 to 160,"1,600 to 1,700",Apr-24
THE SAIL @ MARINA BAY,MARINA BOULEVARD,1,Non-Landed Properties,3,"12,000",170 to 180,"1,800 to 1,900",Apr-24
THE SAIL @ MARINA BAY,MARINA BOULEVARD,1,Non-Landed Properties,4,"20,000",>300,>3000,Apr-24
THE SAIL @ MARINA BAY,MARINA BOULEVARD,1,Non-Landed Properties,4,"11,800",180 to 190,"2,000 to 2,100",Apr-24
THE SAIL @ MARINA BAY,MARINA BOULEVARD,1,Non-Landed Properties,2,"7,500",80 to 90,800 to 900,Apr-24
THE SAIL @ MARINA BAY,MARINA BOULEVARD,1,Non-Landed Properties,2,"5,000",80 to 90,800 to 900,Apr-24
THE SAIL @ MARINA BAY,MARINA BOULEVARD,1,Non-Landed Properties,1,"4,400",60 to 70,600 to 700,Apr-24
THE SAIL @ MARINA BAY,MARINA BOULEVARD,1,Non-Landed Properties,1,"4,500",50 to 60,500 to 600,Apr-24
THE SAIL @ MARINA BAY,MARINA BOULEVARD,1,Non-Landed Properties,3,"9,000",160 to 170,"1,700 to 1,800",Apr-24
THE SAIL @ MARINA BAY,MARINA BOULEVARD,1,Non-Landed Properties,2,"6,300",80 to 90,800 to 900,Apr-24
THE SAIL @ MARINA BAY,MARINA BOULEVARD,1,Non-Landed Properties,1,"3,900",60 to 70,600 to 700,Apr-24
THE SAIL @ MARINA BAY,MARINA BOULEVARD,1,Non-Landed Properties,2,"7,000",80 to 90,800 to 900,Apr-24
THE SAIL @ MARINA BAY,MARINA BOULEVARD,1,Non-Landed Properties,2,"7,500",80 to 90,"900 to 1,000",Apr-24
THE SAIL @ MARINA BAY,MARINA BOULEVARD,1,Non-Landed Properties,2,"5,600",80 to 90,800 to 900,Apr-24
THE SAIL @ MARINA BAY,MARINA BOULEVARD,1,Non-Landed Properties,3,"11,000",180 to 190,"1,900 to 2,000",Apr-24
THE SAIL @ MARINA BAY,MARINA BOULEVARD,1,Non-Landed Properties,2,"5,400",80 to 90,800 to 900,Apr-24
THE SAIL @ MARINA BAY,MARINA BOULEVARD,1,Non-Landed Properties,1,"6,000",60 to 70,600 to 700,Apr-24
THE SAIL @ MARINA BAY,MARINA BOULEVARD,1,Non-Landed Properties,3,"8,000",100 to 110,"1,100 to 1,200",Apr-24
THE SAIL @ MARINA BAY,MARINA BOULEVARD,1,Non-Landed Properties,4,"12,000",180 to 190,"2,000 to 2,100",Apr-24
THE SAIL @ MARINA BAY,MARINA BOULEVARD,1,Non-Landed Properties,2,"5,500",80 to 90,800 to 900,Apr-24
THE SAIL @ MARINA BAY,MARINA BOULEVARD,1,Non-Landed Properties,1,"3,600",50 to 60,500 to 600,Apr-24
THE SAIL @ MARINA BAY,MARINA BOULEVARD,1,Non-Landed Properties,2,"5,600",80 to 90,800 to 900,Apr-24
THE SAIL @ MARINA BAY,MARINA BOULEVARD,1,Non-Landed Properties,1,"5,600",60 to 70,600 to 700,Apr-24
THE SAIL @ MARINA BAY,MARINA BOULEVARD,1,Non-Landed Properties,2,"4,300",80 to 90,800 to 900,Apr-24
THE SAIL @ MARINA BAY,MARINA BOULEVARD,1,Non-Landed Properties,3,"8,100",100 to 110,"1,100 to 1,200",Apr-24
THE SAIL @ MARINA BAY,MARINA BOULEVARD,1,Non-Landed Properties,2,"5,700",80 to 90,800 to 900,Apr-24
THE SAIL @ MARINA BAY,MARINA BOULEVARD,1,Non-Landed Properties,1,"4,900",50 to 60,500 to 600,Apr-24
THE SAIL @ MARINA BAY,MARINA BOULEVARD,1,Non-Landed Properties,1,"4,100",60 to 70,600 to 700,Apr-24
THE SAIL @ MARINA BAY,MARINA BOULEVARD,1,Non-Landed Properties,2,"7,100",80 to 90,800 to 900,Apr-24
THE SAIL @ MARINA BAY,MARINA BOULEVARD,1,Non-Landed Properties,1,"5,800",60 to 70,600 to 700,Apr-24
THE SAIL @ MARINA BAY,MARINA BOULEVARD,1,Non-Landed Properties,2,"3,300",80 to 90,800 to 900,Apr-24
THE SAIL @ MARINA BAY,MARINA BOULEVARD,1,Non-Landed Properties,1,"4,100",60 to 70,600 to 700,Apr-24
THE SAIL @ MARINA BAY,MARINA BOULEVARD,1,Non-Landed Properties,2,"6,600",80 to 90,"900 to 1,000",Apr-24
THE SAIL @ MARINA BAY,MARINA BOULEVARD,1,Non-Landed Properties,1,"5,200",60 to 70,600 to 700,Apr-24
THE SAIL @ MARINA BAY,MARINA BOULEVARD,1,Non-Landed Properties,2,"6,800",80 to 90,800 to 900,Apr-24
THE SAIL @ MARINA BAY,MARINA BOULEVARD,1,Non-Landed Properties,2,"6,800",80 to 90,"900 to 1,000",Apr-24
V ON SHENTON,SHENTON WAY,1,Non-Landed Properties,2,"5,500",90 to 100,"1,000 to 1,100",Apr-24
V ON SHENTON,SHENTON WAY,1,Non-Landed Properties,2,"5,900",90 to 100,"1,000 to 1,100",Apr-24
V ON SHENTON,SHENTON WAY,1,Non-Landed Properties,1,"3,300",40 to 50,400 to 500,Apr-24
V ON SHENTON,SHENTON WAY,1,Non-Landed Properties,4,"48,000",>300,>3000,Apr-24
V ON SHENTON,SHENTON WAY,1,Non-Landed Properties,NA,"3,250",40 to 50,400 to 500,Apr-24
V ON SHENTON,SHENTON WAY,1,Non-Landed Properties,2,"7,500",80 to 90,"900 to 1,000",Apr-24
V ON SHENTON,SHENTON WAY,1,Non-Landed Properties,1,"5,800",60 to 70,700 to 800,Apr-24
V ON SHENTON,SHENTON WAY,1,Non-Landed Properties,2,"5,500",80 to 90,"900 to 1,000",Apr-24
V ON SHENTON,SHENTON WAY,1,Non-Landed Properties,2,"6,600",110 to 120,"1,200 to 1,300",Apr-24
V ON SHENTON,SHENTON WAY,1,Non-Landed Properties,NA,"3,400",40 to 50,400 to 500,Apr-24
V ON SHENTON,SHENTON WAY,1,Non-Landed Properties,3,"8,500",140 to 150,"1,500 to 1,600",Apr-24
V ON SHENTON,SHENTON WAY,1,Non-Landed Properties,1,"3,700",40 to 50,400 to 500,Apr-24
V ON SHENTON,SHENTON WAY,1,Non-Landed Properties,1,"5,000",60 to 70,700 to 800,Apr-24
V ON SHENTON,SHENTON WAY,1,Non-Landed Properties,2,"6,200",110 to 120,"1,200 to 1,300",Apr-24
V ON SHENTON,SHENTON WAY,1,Non-Landed Properties,1,"4,100",40 to 50,400 to 500,Apr-24
V ON SHENTON,SHENTON WAY,1,Non-Landed Properties,2,"6,200",80 to 90,"900 to 1,000",Apr-24
V ON SHENTON,SHENTON WAY,1,Non-Landed Properties,1,"4,300",40 to 50,500 to 600,Apr-24
V ON SHENTON,SHENTON WAY,1,Non-Landed Properties,1,"4,100",40 to 50,400 to 500,Apr-24
V ON SHENTON,SHENTON WAY,1,Non-Landed Properties,1,"4,600",60 to 70,700 to 800,Apr-24
V ON SHENTON,SHENTON WAY,1,Non-Landed Properties,1,"5,200",60 to 70,700 to 800,Apr-24
V ON SHENTON,SHENTON WAY,1,Non-Landed Properties,2,"7,200",100 to 110,"1,000 to 1,100",Apr-24
V ON SHENTON,SHENTON WAY,1,Non-Landed Properties,2,"6,800",90 to 100,"1,000 to 1,100",Apr-24
V ON SHENTON,SHENTON WAY,1,Non-Landed Properties,2,"6,800",110 to 120,"1,200 to 1,300",Apr-24
V ON SHENTON,SHENTON WAY,1,Non-Landed Properties,3,"8,000",140 to 150,"1,500 to 1,600",Apr-24
V ON SHENTON,SHENTON WAY,1,Non-Landed Properties,3,"7,800",140 to 150,"1,500 to 1,600",Apr-24
V ON SHENTON,SHENTON WAY,1,Non-Landed Properties,NA,"3,500",40 to 50,400 to 500,Apr-24
V ON SHENTON,SHENTON WAY,1,Non-Landed Properties,2,"6,750",90 to 100,"1,000 to 1,100",Apr-24
V ON SHENTON,SHENTON WAY,1,Non-Landed Properties,3,"7,800",140 to 150,"1,500 to 1,600",Apr-24
V ON SHENTON,SHENTON WAY,1,Non-Landed Properties,NA,"3,300",40 to 50,400 to 500,Apr-24
ROBINSON SUITES,ROBINSON ROAD,1,Non-Landed Properties,1,"3,600",40 to 50,400 to 500,Apr-24
ROBINSON SUITES,ROBINSON ROAD,1,Non-Landed Properties,2,"4,000",50 to 60,600 to 700,Apr-24
ROBINSON SUITES,ROBINSON ROAD,1,Non-Landed Properties,1,"3,600",40 to 50,400 to 500,Apr-24
ROBINSON SUITES,ROBINSON ROAD,1,Non-Landed Properties,2,"3,900",50 to 60,600 to 700,Apr-24
ROBINSON SUITES,ROBINSON ROAD,1,Non-Landed Properties,1,"3,700",40 to 50,400 to 500,Apr-24
ALLAN VILLE,GEMMILL LANE,1,Non-Landed Properties,NA,"4,200",50 to 60,600 to 700,Apr-24
MARINA BAY SUITES,CENTRAL BOULEVARD,1,Non-Landed Properties,4,"11,500",190 to 200,"2,000 to 2,100",Apr-24
MARINA BAY SUITES,CENTRAL BOULEVARD,1,Non-Landed Properties,4,"16,000",240 to 250,"2,600 to 2,700",Apr-24
MARINA BAY SUITES,CENTRAL BOULEVARD,1,Non-Landed Properties,3,"9,000",140 to 150,"1,600 to 1,700",Apr-24
MARINA BAY SUITES,CENTRAL BOULEVARD,1,Non-Landed Properties,4,"11,000",180 to 190,"2,000 to 2,100",Apr-24
RIVERWALK APARTMENTS,UPPER CIRCULAR ROAD,1,Non-Landed Properties,NA,"4,000",70 to 80,800 to 900,Apr-24
RIVERWALK APARTMENTS,UPPER CIRCULAR ROAD,1,Non-Landed Properties,NA,"4,100",70 to 80,800 to 900,Apr-24
MARINA BAY RESIDENCES,MARINA BOULEVARD,1,Non-Landed Properties,4,"28,000",>300,>3000,Apr-24
MARINA BAY RESIDENCES,MARINA BOULEVARD,1,Non-Landed Properties,2,"7,800",90 to 100,"1,000 to 1,100",Apr-24
MARINA BAY RESIDENCES,MARINA BOULEVARD,1,Non-Landed Properties,4,"15,000",210 to 220,"2,300 to 2,400",Apr-24
MARINA BAY RESIDENCES,MARINA BOULEVARD,1,Non-Landed Properties,1,"6,000",60 to 70,700 to 800,Apr-24
MARINA BAY RESIDENCES,MARINA BOULEVARD,1,Non-Landed Properties,2,"7,700",90 to 100,"1,000 to 1,100",Apr-24
MARINA BAY RESIDENCES,MARINA BOULEVARD,1,Non-Landed Properties,1,"6,450",60 to 70,700 to 800,Apr-24
MARINA BAY RESIDENCES,MARINA BOULEVARD,1,Non-Landed Properties,1,"5,200",60 to 70,700 to 800,Apr-24
MARINA BAY RESIDENCES,MARINA BOULEVARD,1,Non-Landed Properties,1,"6,000",60 to 70,700 to 800,Apr-24
MARINA BAY RESIDENCES,MARINA BOULEVARD,1,Non-Landed Properties,1,"5,000",60 to 70,700 to 800,Apr-24
MARINA BAY RESIDENCES,MARINA BOULEVARD,1,Non-Landed Properties,2,"8,200",90 to 100,"1,000 to 1,100",Apr-24
MARINA BAY RESIDENCES,MARINA BOULEVARD,1,Non-Landed Properties,1,"5,300",60 to 70,700 to 800,Apr-24
MARINA BAY RESIDENCES,MARINA BOULEVARD,1,Non-Landed Properties,2,"8,100",100 to 110,"1,100 to 1,200",Apr-24
MARINA BAY RESIDENCES,MARINA BOULEVARD,1,Non-Landed Properties,2,"7,500",90 to 100,"900 to 1,000",Apr-24
MARINA BAY RESIDENCES,MARINA BOULEVARD,1,Non-Landed Properties,1,"5,800",60 to 70,700 to 800,Apr-24
MARINA BAY RESIDENCES,MARINA BOULEVARD,1,Non-Landed Properties,1,"5,300",60 to 70,700 to 800,Apr-24
MARINA BAY RESIDENCES,MARINA BOULEVARD,1,Non-Landed Properties,1,"6,600",60 to 70,700 to 800,Apr-24
MARINA BAY RESIDENCES,MARINA BOULEVARD,1,Non-Landed Properties,2,"7,800",90 to 100,"1,000 to 1,100",Apr-24
MARINA BAY RESIDENCES,MARINA BOULEVARD,1,Non-Landed Properties,5,"50,000",>300,>3000,Apr-24
MARINA BAY RESIDENCES,MARINA BOULEVARD,1,Non-Landed Properties,1,"5,600",60 to 70,700 to 800,Apr-24
MARINA BAY RESIDENCES,MARINA BOULEVARD,1,Non-Landed Properties,1,"5,800",60 to 70,700 to 800,Apr-24
MARINA BAY RESIDENCES,MARINA BOULEVARD,1,Non-Landed Properties,2,"9,000",110 to 120,"1,200 to 1,300",Apr-24
MARINA BAY RESIDENCES,MARINA BOULEVARD,1,Non-Landed Properties,1,"5,300",60 to 70,700 to 800,Apr-24
MARINA BAY RESIDENCES,MARINA BOULEVARD,1,Non-Landed Properties,1,"5,700",60 to 70,700 to 800,Apr-24
THE CLIFT,MCCALLUM STREET,1,Non-Landed Properties,2,"5,500",70 to 80,700 to 800,Mar-24
THE CLIFT,MCCALLUM STREET,1,Non-Landed Properties,1,"5,850",70 to 80,800 to 900,Mar-24
THE CLIFT,MCCALLUM STREET,1,Non-Landed Properties,1,"5,450",70 to 80,700 to 800,Mar-24
THE CLIFT,MCCALLUM STREET,1,Non-Landed Properties,1,"4,000",40 to 50,500 to 600,Mar-24
THE CLIFT,MCCALLUM STREET,1,Non-Landed Properties,1,"5,500",70 to 80,700 to 800,Mar-24
THE CLIFT,MCCALLUM STREET,1,Non-Landed Properties,2,"5,100",70 to 80,700 to 800,Mar-24
THE CLIFT,MCCALLUM STREET,1,Non-Landed Properties,1,"4,000",40 to 50,500 to 600,Mar-24
THE CLIFT,MCCALLUM STREET,1,Non-Landed Properties,1,"5,550",70 to 80,700 to 800,Mar-24
THE CLIFT,MCCALLUM STREET,1,Non-Landed Properties,1,"5,987",60 to 70,700 to 800,Mar-24
THE CLIFT,MCCALLUM STREET,1,Non-Landed Properties,1,"4,000",40 to 50,500 to 600,Mar-24
THE CLIFT,MCCALLUM STREET,1,Non-Landed Properties,1,"5,200",70 to 80,800 to 900,Mar-24
THE CLIFT,MCCALLUM STREET,1,Non-Landed Properties,1,"3,800",40 to 50,400 to 500,Mar-24
THE CLIFT,MCCALLUM STREET,1,Non-Landed Properties,1,"4,300",40 to 50,500 to 600,Mar-24
THE CLIFT,MCCALLUM STREET,1,Non-Landed Properties,2,"6,750",90 to 100,"1,000 to 1,100",Mar-24
THE CLIFT,MCCALLUM STREET,1,Non-Landed Properties,1,"5,700",70 to 80,700 to 800,Mar-24
THE CLIFT,MCCALLUM STREET,1,Non-Landed Properties,1,"3,800",40 to 50,500 to 600,Mar-24
THE CLIFT,MCCALLUM STREET,1,Non-Landed Properties,1,"5,500",70 to 80,700 to 800,Mar-24
ONE SHENTON,SHENTON WAY,1,Non-Landed Properties,1,"5,393",50 to 60,600 to 700,Mar-24
ONE SHENTON,SHENTON WAY,1,Non-Landed Properties,1,"4,800",50 to 60,500 to 600,Mar-24
ONE SHENTON,SHENTON WAY,1,Non-Landed Properties,1,"4,916",50 to 60,500 to 600,Mar-24
ONE SHENTON,SHENTON WAY,1,Non-Landed Properties,1,"4,200",50 to 60,500 to 600,Mar-24
ONE SHENTON,SHENTON WAY,1,Non-Landed Properties,2,"6,200",100 to 110,"1,000 to 1,100",Mar-24
ONE SHENTON,SHENTON WAY,1,Non-Landed Properties,2,"5,600",100 to 110,"1,000 to 1,100",Mar-24
ONE SHENTON,SHENTON WAY,1,Non-Landed Properties,4,"20,000",>300,>3000,Mar-24
ONE SHENTON,SHENTON WAY,1,Non-Landed Properties,3,"8,500",140 to 150,"1,500 to 1,600",Mar-24
ONE SHENTON,SHENTON WAY,1,Non-Landed Properties,1,"4,200",50 to 60,500 to 600,Mar-24
PEOPLE'S PARK COMPLEX,PARK ROAD,1,Non-Landed Properties,1,"2,800",40 to 50,400 to 500,Mar-24
PEOPLE'S PARK COMPLEX,PARK ROAD,1,Non-Landed Properties,3,"5,800",100 to 110,"1,100 to 1,200",Mar-24
PEOPLE'S PARK COMPLEX,PARK ROAD,1,Non-Landed Properties,1,"2,800",30 to 40,400 to 500,Mar-24
EMERALD GARDEN,CLUB STREET,1,Non-Landed Properties,2,"4,600",90 to 100,"1,000 to 1,100",Mar-24
EMERALD GARDEN,CLUB STREET,1,Non-Landed Properties,3,"6,100",110 to 120,"1,200 to 1,300",Mar-24
EMERALD GARDEN,CLUB STREET,1,Non-Landed Properties,3,"6,600",140 to 150,"1,500 to 1,600",Mar-24
EMERALD GARDEN,CLUB STREET,1,Non-Landed Properties,2,"4,800",80 to 90,"900 to 1,000",Mar-24
EMERALD GARDEN,CLUB STREET,1,Non-Landed Properties,2,"5,200",80 to 90,"900 to 1,000",Mar-24
EMERALD GARDEN,CLUB STREET,1,Non-Landed Properties,3,"5,700",130 to 140,"1,500 to 1,600",Mar-24
EMERALD GARDEN,CLUB STREET,1,Non-Landed Properties,2,"5,000",80 to 90,"900 to 1,000",Mar-24
EMERALD GARDEN,CLUB STREET,1,Non-Landed Properties,2,"5,300",80 to 90,"900 to 1,000",Mar-24
EMERALD GARDEN,CLUB STREET,1,Non-Landed Properties,3,"6,500",130 to 140,"1,500 to 1,600",Mar-24
MARINA ONE RESIDENCES,MARINA WAY,1,Non-Landed Properties,2,"7,500",100 to 110,"1,100 to 1,200",Mar-24
MARINA ONE RESIDENCES,MARINA WAY,1,Non-Landed Properties,3,"10,800",140 to 150,"1,500 to 1,600",Mar-24
MARINA ONE RESIDENCES,MARINA WAY,1,Non-Landed Properties,1,"4,800",60 to 70,700 to 800,Mar-24
MARINA ONE RESIDENCES,MARINA WAY,1,Non-Landed Properties,1,"5,500",60 to 70,600 to 700,Mar-24
MARINA ONE RESIDENCES,MARINA WAY,1,Non-Landed Properties,2,"7,000",100 to 110,"1,100 to 1,200",Mar-24
MARINA ONE RESIDENCES,MARINA WAY,1,Non-Landed Properties,1,"4,600",60 to 70,600 to 700,Mar-24
MARINA ONE RESIDENCES,MARINA WAY,1,Non-Landed Properties,4,"17,700",200 to 210,"2,100 to 2,200",Mar-24
MARINA ONE RESIDENCES,MARINA WAY,1,Non-Landed Properties,2,"7,250",100 to 110,"1,100 to 1,200",Mar-24
MARINA ONE RESIDENCES,MARINA WAY,1,Non-Landed Properties,3,"10,500",140 to 150,"1,500 to 1,600",Mar-24
MARINA ONE RESIDENCES,MARINA WAY,1,Non-Landed Properties,1,"5,000",70 to 80,700 to 800,Mar-24
MARINA ONE RESIDENCES,MARINA WAY,1,Non-Landed Properties,2,"7,000",100 to 110,"1,100 to 1,200",Mar-24
MARINA ONE RESIDENCES,MARINA WAY,1,Non-Landed Properties,1,"4,600",70 to 80,700 to 800,Mar-24
MARINA ONE RESIDENCES,MARINA WAY,1,Non-Landed Properties,1,"5,000",60 to 70,600 to 700,Mar-24
MARINA ONE RESIDENCES,MARINA WAY,1,Non-Landed Properties,1,"4,600",60 to 70,700 to 800,Mar-24
MARINA ONE RESIDENCES,MARINA WAY,1,Non-Landed Properties,1,"4,500",60 to 70,600 to 700,Mar-24
MARINA ONE RESIDENCES,MARINA WAY,1,Non-Landed Properties,1,"4,400",60 to 70,600 to 700,Mar-24
MARINA ONE RESIDENCES,MARINA WAY,1,Non-Landed Properties,3,"11,200",130 to 140,"1,500 to 1,600",Mar-24
MARINA ONE RESIDENCES,MARINA WAY,1,Non-Landed Properties,1,"5,500",60 to 70,600 to 700,Mar-24
MARINA ONE RESIDENCES,MARINA WAY,1,Non-Landed Properties,3,"10,500",140 to 150,"1,500 to 1,600",Mar-24
MARINA ONE RESIDENCES,MARINA WAY,1,Non-Landed Properties,2,"7,500",100 to 110,"1,100 to 1,200",Mar-24
MARINA ONE RESIDENCES,MARINA WAY,1,Non-Landed Properties,1,"4,300",60 to 70,600 to 700,Mar-24
MARINA ONE RESIDENCES,MARINA WAY,1,Non-Landed Properties,1,"6,111",60 to 70,700 to 800,Mar-24
MARINA ONE RESIDENCES,MARINA WAY,1,Non-Landed Properties,1,"4,400",60 to 70,600 to 700,Mar-24
MARINA ONE RESIDENCES,MARINA WAY,1,Non-Landed Properties,3,"2,000",140 to 150,"1,500 to 1,600",Mar-24
MARINA ONE RESIDENCES,MARINA WAY,1,Non-Landed Properties,2,"8,600",100 to 110,"1,100 to 1,200",Mar-24
MARINA ONE RESIDENCES,MARINA WAY,1,Non-Landed Properties,1,"5,500",60 to 70,600 to 700,Mar-24
MARINA ONE RESIDENCES,MARINA WAY,1,Non-Landed Properties,2,"6,500",90 to 100,"1,000 to 1,100",Mar-24
MARINA ONE RESIDENCES,MARINA WAY,1,Non-Landed Properties,1,"4,500",60 to 70,700 to 800,Mar-24
MARINA ONE RESIDENCES,MARINA WAY,1,Non-Landed Properties,2,"7,200",100 to 110,"1,100 to 1,200",Mar-24
MARINA ONE RESIDENCES,MARINA WAY,1,Non-Landed Properties,3,"12,500",140 to 150,"1,500 to 1,600",Mar-24
MARINA ONE RESIDENCES,MARINA WAY,1,Non-Landed Properties,2,"6,600",90 to 100,"900 to 1,000",Mar-24
MARINA ONE RESIDENCES,MARINA WAY,1,Non-Landed Properties,2,"7,500",100 to 110,"1,100 to 1,200",Mar-24
MARINA ONE RESIDENCES,MARINA WAY,1,Non-Landed Properties,1,"4,800",60 to 70,700 to 800,Mar-24
MARINA ONE RESIDENCES,MARINA WAY,1,Non-Landed Properties,1,"4,600",60 to 70,600 to 700,Mar-24
MARINA ONE RESIDENCES,MARINA WAY,1,Non-Landed Properties,1,"6,200",60 to 70,700 to 800,Mar-24
MARINA ONE RESIDENCES,MARINA WAY,1,Non-Landed Properties,1,"5,361",60 to 70,600 to 700,Mar-24
MARINA ONE RESIDENCES,MARINA WAY,1,Non-Landed Properties,2,"8,300",100 to 110,"1,100 to 1,200",Mar-24
MARINA ONE RESIDENCES,MARINA WAY,1,Non-Landed Properties,1,"4,800",60 to 70,600 to 700,Mar-24
MARINA ONE RESIDENCES,MARINA WAY,1,Non-Landed Properties,1,"6,000",60 to 70,700 to 800,Mar-24
MARINA ONE RESIDENCES,MARINA WAY,1,Non-Landed Properties,2,"7,500",100 to 110,"1,100 to 1,200",Mar-24
MARINA ONE RESIDENCES,MARINA WAY,1,Non-Landed Properties,4,"21,000",200 to 210,"2,200 to 2,300",Mar-24
MARINA ONE RESIDENCES,MARINA WAY,1,Non-Landed Properties,1,"5,000",60 to 70,700 to 800,Mar-24
MARINA ONE RESIDENCES,MARINA WAY,1,Non-Landed Properties,1,"5,500",60 to 70,700 to 800,Mar-24
MARINA ONE RESIDENCES,MARINA WAY,1,Non-Landed Properties,1,"5,000",60 to 70,700 to 800,Mar-24
THE SAIL @ MARINA BAY,MARINA BOULEVARD,1,Non-Landed Properties,3,"7,800",120 to 130,"1,300 to 1,400",Mar-24
THE SAIL @ MARINA BAY,MARINA BOULEVARD,1,Non-Landed Properties,4,"8,750",150 to 160,"1,600 to 1,700",Mar-24
THE SAIL @ MARINA BAY,MARINA BOULEVARD,1,Non-Landed Properties,1,"3,600",50 to 60,600 to 700,Mar-24
THE SAIL @ MARINA BAY,MARINA BOULEVARD,1,Non-Landed Properties,2,"6,500",70 to 80,800 to 900,Mar-24
THE SAIL @ MARINA BAY,MARINA BOULEVARD,1,Non-Landed Properties,1,"6,055",50 to 60,600 to 700,Mar-24
THE SAIL @ MARINA BAY,MARINA BOULEVARD,1,Non-Landed Properties,1,"4,500",50 to 60,600 to 700,Mar-24
THE SAIL @ MARINA BAY,MARINA BOULEVARD,1,Non-Landed Properties,1,"4,900",60 to 70,600 to 700,Mar-24
THE SAIL @ MARINA BAY,MARINA BOULEVARD,1,Non-Landed Properties,1,"4,500",50 to 60,600 to 700,Mar-24
THE SAIL @ MARINA BAY,MARINA BOULEVARD,1,Non-Landed Properties,1,"2,500",60 to 70,600 to 700,Mar-24
THE SAIL @ MARINA BAY,MARINA BOULEVARD,1,Non-Landed Properties,2,"7,400",80 to 90,"900 to 1,000",Mar-24
THE SAIL @ MARINA BAY,MARINA BOULEVARD,1,Non-Landed Properties,2,"5,500",80 to 90,800 to 900,Mar-24
THE SAIL @ MARINA BAY,MARINA BOULEVARD,1,Non-Landed Properties,1,"4,150",50 to 60,500 to 600,Mar-24
THE SAIL @ MARINA BAY,MARINA BOULEVARD,1,Non-Landed Properties,1,"4,000",60 to 70,600 to 700,Mar-24
THE SAIL @ MARINA BAY,MARINA BOULEVARD,1,Non-Landed Properties,1,"4,400",60 to 70,600 to 700,Mar-24
THE SAIL @ MARINA BAY,MARINA BOULEVARD,1,Non-Landed Properties,3,"8,000",100 to 110,"1,100 to 1,200",Mar-24
THE SAIL @ MARINA BAY,MARINA BOULEVARD,1,Non-Landed Properties,1,"5,300",60 to 70,600 to 700,Mar-24
THE SAIL @ MARINA BAY,MARINA BOULEVARD,1,Non-Landed Properties,1,"5,600",60 to 70,600 to 700,Mar-24
THE SAIL @ MARINA BAY,MARINA BOULEVARD,1,Non-Landed Properties,1,"4,400",60 to 70,600 to 700,Mar-24
THE SAIL @ MARINA BAY,MARINA BOULEVARD,1,Non-Landed Properties,2,"5,700",80 to 90,"900 to 1,000",Mar-24
THE SAIL @ MARINA BAY,MARINA BOULEVARD,1,Non-Landed Properties,2,"7,000",90 to 100,"1,000 to 1,100",Mar-24
THE SAIL @ MARINA BAY,MARINA BOULEVARD,1,Non-Landed Properties,2,"6,800",80 to 90,800 to 900,Mar-24
THE SAIL @ MARINA BAY,MARINA BOULEVARD,1,Non-Landed Properties,1,"4,250",60 to 70,600 to 700,Mar-24
THE SAIL @ MARINA BAY,MARINA BOULEVARD,1,Non-Landed Properties,1,"4,000",60 to 70,600 to 700,Mar-24
THE SAIL @ MARINA BAY,MARINA BOULEVARD,1,Non-Landed Properties,3,"8,500",100 to 110,"1,100 to 1,200",Mar-24
THE SAIL @ MARINA BAY,MARINA BOULEVARD,1,Non-Landed Properties,2,"7,500",80 to 90,800 to 900,Mar-24
THE SAIL @ MARINA BAY,MARINA BOULEVARD,1,Non-Landed Properties,3,"6,800",100 to 110,"1,100 to 1,200",Mar-24
THE SAIL @ MARINA BAY,MARINA BOULEVARD,1,Non-Landed Properties,2,"7,250",80 to 90,800 to 900,Mar-24
THE SAIL @ MARINA BAY,MARINA BOULEVARD,1,Non-Landed Properties,1,"4,700",60 to 70,600 to 700,Mar-24
THE SAIL @ MARINA BAY,MARINA BOULEVARD,1,Non-Landed Properties,1,"4,150",50 to 60,500 to 600,Mar-24
THE SAIL @ MARINA BAY,MARINA BOULEVARD,1,Non-Landed Properties,1,"4,800",60 to 70,600 to 700,Mar-24
THE SAIL @ MARINA BAY,MARINA BOULEVARD,1,Non-Landed Properties,2,"5,800",80 to 90,800 to 900,Mar-24
PEOPLE'S PARK CENTRE,UPPER CROSS STREET,1,Non-Landed Properties,3,"5,300",140 to 150,"1,500 to 1,600",Mar-24
PEOPLE'S PARK CENTRE,UPPER CROSS STREET,1,Non-Landed Properties,3,"5,300",140 to 150,"1,500 to 1,600",Mar-24
V ON SHENTON,SHENTON WAY,1,Non-Landed Properties,3,"11,000",160 to 170,"1,700 to 1,800",Mar-24
V ON SHENTON,SHENTON WAY,1,Non-Landed Properties,2,"6,200",90 to 100,"1,000 to 1,100",Mar-24
V ON SHENTON,SHENTON WAY,1,Non-Landed Properties,1,"3,700",40 to 50,400 to 500,Mar-24
V ON SHENTON,SHENTON WAY,1,Non-Landed Properties,1,"4,900",60 to 70,600 to 700,Mar-24
V ON SHENTON,SHENTON WAY,1,Non-Landed Properties,2,"7,000",80 to 90,"900 to 1,000",Mar-24
V ON SHENTON,SHENTON WAY,1,Non-Landed Properties,3,"8,000",140 to 150,"1,500 to 1,600",Mar-24
V ON SHENTON,SHENTON WAY,1,Non-Landed Properties,1,"4,500",40 to 50,500 to 600,Mar-24
V ON SHENTON,SHENTON WAY,1,Non-Landed Properties,3,"9,000",140 to 150,"1,500 to 1,600",Mar-24
V ON SHENTON,SHENTON WAY,1,Non-Landed Properties,1,"5,494",60 to 70,700 to 800,Mar-24
V ON SHENTON,SHENTON WAY,1,Non-Landed Properties,1,"4,750",60 to 70,700 to 800,Mar-24
V ON SHENTON,SHENTON WAY,1,Non-Landed Properties,NA,"3,550",40 to 50,400 to 500,Mar-24
V ON SHENTON,SHENTON WAY,1,Non-Landed Properties,1,"4,300",40 to 50,500 to 600,Mar-24
V ON SHENTON,SHENTON WAY,1,Non-Landed Properties,2,"6,600",90 to 100,"1,000 to 1,100",Mar-24
V ON SHENTON,SHENTON WAY,1,Non-Landed Properties,2,"8,300",110 to 120,"1,200 to 1,300",Mar-24
ROBINSON SUITES,ROBINSON ROAD,1,Non-Landed Properties,2,"4,000",50 to 60,600 to 700,Mar-24
ROBINSON SUITES,ROBINSON ROAD,1,Non-Landed Properties,2,"4,500",50 to 60,600 to 700,Mar-24
ROBINSON SUITES,ROBINSON ROAD,1,Non-Landed Properties,1,"3,600",40 to 50,400 to 500,Mar-24
ROBINSON SUITES,ROBINSON ROAD,1,Non-Landed Properties,1,"3,500",40 to 50,400 to 500,Mar-24
ROBINSON SUITES,ROBINSON ROAD,1,Non-Landed Properties,1,"3,700",40 to 50,500 to 600,Mar-24
ROBINSON SUITES,ROBINSON ROAD,1,Non-Landed Properties,1,"4,000",40 to 50,400 to 500,Mar-24
ROBINSON SUITES,ROBINSON ROAD,1,Non-Landed Properties,2,"4,200",50 to 60,600 to 700,Mar-24
ROBINSON SUITES,ROBINSON ROAD,1,Non-Landed Properties,1,"3,600",40 to 50,400 to 500,Mar-24
MARINA BAY SUITES,CENTRAL BOULEVARD,1,Non-Landed Properties,4,"13,000",190 to 200,"2,000 to 2,100",Mar-24
MARINA BAY SUITES,CENTRAL BOULEVARD,1,Non-Landed Properties,4,"18,500",240 to 250,"2,600 to 2,700",Mar-24
MARINA BAY SUITES,CENTRAL BOULEVARD,1,Non-Landed Properties,4,"11,500",190 to 200,"2,000 to 2,100",Mar-24
MARINA BAY SUITES,CENTRAL BOULEVARD,1,Non-Landed Properties,3,"9,300",140 to 150,"1,600 to 1,700",Mar-24
MARINA BAY SUITES,CENTRAL BOULEVARD,1,Non-Landed Properties,4,"10,800",190 to 200,"2,000 to 2,100",Mar-24
MARINA BAY SUITES,CENTRAL BOULEVARD,1,Non-Landed Properties,3,"8,500",140 to 150,"1,600 to 1,700",Mar-24
MARINA BAY SUITES,CENTRAL BOULEVARD,1,Non-Landed Properties,4,"15,000",240 to 250,"2,600 to 2,700",Mar-24
MARINA BAY SUITES,CENTRAL BOULEVARD,1,Non-Landed Properties,3,"9,500",140 to 150,"1,600 to 1,700",Mar-24
MARINA BAY SUITES,CENTRAL BOULEVARD,1,Non-Landed Properties,3,"9,500",140 to 150,"1,600 to 1,700",Mar-24
RIVERWALK APARTMENTS,UPPER CIRCULAR ROAD,1,Non-Landed Properties,NA,"13,500",>300,>3000,Mar-24
MARINA BAY RESIDENCES,MARINA BOULEVARD,1,Non-Landed Properties,2,"7,900",100 to 110,"1,100 to 1,200",Mar-24
MARINA BAY RESIDENCES,MARINA BOULEVARD,1,Non-Landed Properties,3,"11,500",150 to 160,"1,600 to 1,700",Mar-24
MARINA BAY RESIDENCES,MARINA BOULEVARD,1,Non-Landed Properties,2,"9,500",110 to 120,"1,200 to 1,300",Mar-24
MARINA BAY RESIDENCES,MARINA BOULEVARD,1,Non-Landed Properties,1,"5,700",60 to 70,700 to 800,Mar-24
MARINA BAY RESIDENCES,MARINA BOULEVARD,1,Non-Landed Properties,2,"7,400",100 to 110,"1,100 to 1,200",Mar-24
MARINA BAY RESIDENCES,MARINA BOULEVARD,1,Non-Landed Properties,1,"5,700",60 to 70,700 to 800,Mar-24
MARINA BAY RESIDENCES,MARINA BOULEVARD,1,Non-Landed Properties,2,"7,000",90 to 100,"1,000 to 1,100",Mar-24
MARINA BAY RESIDENCES,MARINA BOULEVARD,1,Non-Landed Properties,1,"5,800",60 to 70,700 to 800,Mar-24
MARINA BAY RESIDENCES,MARINA BOULEVARD,1,Non-Landed Properties,4,"18,000",210 to 220,"2,300 to 2,400",Mar-24
MARINA BAY RESIDENCES,MARINA BOULEVARD,1,Non-Landed Properties,1,"5,600",60 to 70,700 to 800,Mar-24
THE CLIFT,MCCALLUM STREET,1,Non-Landed Properties,1,"5,300",70 to 80,800 to 900,Feb-24
THE CLIFT,MCCALLUM STREET,1,Non-Landed Properties,1,"4,000",40 to 50,400 to 500,Feb-24
THE CLIFT,MCCALLUM STREET,1,Non-Landed Properties,1,"4,000",40 to 50,500 to 600,Feb-24
THE CLIFT,MCCALLUM STREET,1,Non-Landed Properties,1,"4,200",40 to 50,400 to 500,Feb-24
THE CLIFT,MCCALLUM STREET,1,Non-Landed Properties,1,"4,000",40 to 50,500 to 600,Feb-24
THE CLIFT,MCCALLUM STREET,1,Non-Landed Properties,1,"4,100",40 to 50,500 to 600,Feb-24
THE CLIFT,MCCALLUM STREET,1,Non-Landed Properties,1,"5,500",70 to 80,700 to 800,Feb-24
THE CLIFT,MCCALLUM STREET,1,Non-Landed Properties,1,"4,400",40 to 50,500 to 600,Feb-24
THE CLIFT,MCCALLUM STREET,1,Non-Landed Properties,1,"4,400",40 to 50,500 to 600,Feb-24
THE CLIFT,MCCALLUM STREET,1,Non-Landed Properties,2,"5,000",70 to 80,700 to 800,Feb-24
THE CLIFT,MCCALLUM STREET,1,Non-Landed Properties,2,"6,700",90 to 100,"1,000 to 1,100",Feb-24
THE CLIFT,MCCALLUM STREET,1,Non-Landed Properties,1,"4,300",40 to 50,500 to 600,Feb-24
THE CLIFT,MCCALLUM STREET,1,Non-Landed Properties,1,"3,700",40 to 50,500 to 600,Feb-24
THE CLIFT,MCCALLUM STREET,1,Non-Landed Properties,1,"4,000",40 to 50,500 to 600,Feb-24
ONE SHENTON,SHENTON WAY,1,Non-Landed Properties,1,"4,500",70 to 80,800 to 900,Feb-24
ONE SHENTON,SHENTON WAY,1,Non-Landed Properties,3,"8,500",140 to 150,"1,500 to 1,600",Feb-24
ONE SHENTON,SHENTON WAY,1,Non-Landed Properties,1,"5,700",90 to 100,"1,000 to 1,100",Feb-24
ONE SHENTON,SHENTON WAY,1,Non-Landed Properties,2,"6,500",90 to 100,"1,000 to 1,100",Feb-24
ONE SHENTON,SHENTON WAY,1,Non-Landed Properties,4,"9,600",170 to 180,"1,800 to 1,900",Feb-24
ONE SHENTON,SHENTON WAY,1,Non-Landed Properties,3,"7,000",140 to 150,"1,500 to 1,600",Feb-24
ONE SHENTON,SHENTON WAY,1,Non-Landed Properties,1,"4,600",50 to 60,600 to 700,Feb-24
ONE SHENTON,SHENTON WAY,1,Non-Landed Properties,1,"4,200",50 to 60,500 to 600,Feb-24
ONE SHENTON,SHENTON WAY,1,Non-Landed Properties,3,"8,500",140 to 150,"1,500 to 1,600",Feb-24
ONE SHENTON,SHENTON WAY,1,Non-Landed Properties,1,"4,000",40 to 50,500 to 600,Feb-24
ONE SHENTON,SHENTON WAY,1,Non-Landed Properties,3,"8,500",140 to 150,"1,500 to 1,600",Feb-24
ONE SHENTON,SHENTON WAY,1,Non-Landed Properties,1,"4,400",50 to 60,500 to 600,Feb-24
ONE SHENTON,SHENTON WAY,1,Non-Landed Properties,2,"6,500",100 to 110,"1,100 to 1,200",Feb-24
ONE SHENTON,SHENTON WAY,1,Non-Landed Properties,1,"6,000",80 to 90,"900 to 1,000",Feb-24
ONE SHENTON,SHENTON WAY,1,Non-Landed Properties,3,"8,500",140 to 150,"1,500 to 1,600",Feb-24
ONE SHENTON,SHENTON WAY,1,Non-Landed Properties,2,"7,300",110 to 120,"1,100 to 1,200",Feb-24
ONE SHENTON,SHENTON WAY,1,Non-Landed Properties,2,"6,400",100 to 110,"1,100 to 1,200",Feb-24
ONE SHENTON,SHENTON WAY,1,Non-Landed Properties,2,"5,600",100 to 110,"1,000 to 1,100",Feb-24
PEOPLE'S PARK COMPLEX,PARK ROAD,1,Non-Landed Properties,4,"4,800",140 to 150,"1,600 to 1,700",Feb-24
PEOPLE'S PARK COMPLEX,PARK ROAD,1,Non-Landed Properties,NA,"4,380",100 to 110,"1,100 to 1,200",Feb-24
PEOPLE'S PARK COMPLEX,PARK ROAD,1,Non-Landed Properties,1,"3,200",30 to 40,400 to 500,Feb-24
PEOPLE'S PARK COMPLEX,PARK ROAD,1,Non-Landed Properties,3,"3,200",100 to 110,"1,100 to 1,200",Feb-24
PEOPLE'S PARK COMPLEX,PARK ROAD,1,Non-Landed Properties,1,"3,000",30 to 40,400 to 500,Feb-24
EMERALD GARDEN,CLUB STREET,1,Non-Landed Properties,2,"4,200",100 to 110,"1,000 to 1,100",Feb-24
EMERALD GARDEN,CLUB STREET,1,Non-Landed Properties,1,"4,800",80 to 90,"900 to 1,000",Feb-24
EMERALD GARDEN,CLUB STREET,1,Non-Landed Properties,2,"4,250",90 to 100,"900 to 1,000",Feb-24
MARINA ONE RESIDENCES,MARINA WAY,1,Non-Landed Properties,1,"5,500",70 to 80,700 to 800,Feb-24
MARINA ONE RESIDENCES,MARINA WAY,1,Non-Landed Properties,1,"5,000",60 to 70,700 to 800,Feb-24
MARINA ONE RESIDENCES,MARINA WAY,1,Non-Landed Properties,3,"9,500",140 to 150,"1,500 to 1,600",Feb-24
MARINA ONE RESIDENCES,MARINA WAY,1,Non-Landed Properties,2,"7,200",100 to 110,"1,100 to 1,200",Feb-24
MARINA ONE RESIDENCES,MARINA WAY,1,Non-Landed Properties,2,"8,000",100 to 110,"1,100 to 1,200",Feb-24
MARINA ONE RESIDENCES,MARINA WAY,1,Non-Landed Properties,2,"6,000",100 to 110,"1,100 to 1,200",Feb-24
MARINA ONE RESIDENCES,MARINA WAY,1,Non-Landed Properties,2,"6,800",100 to 110,"1,100 to 1,200",Feb-24
MARINA ONE RESIDENCES,MARINA WAY,1,Non-Landed Properties,1,"4,300",60 to 70,600 to 700,Feb-24
MARINA ONE RESIDENCES,MARINA WAY,1,Non-Landed Properties,2,"7,000",90 to 100,"900 to 1,000",Feb-24
MARINA ONE RESIDENCES,MARINA WAY,1,Non-Landed Properties,2,"7,900",100 to 110,"1,100 to 1,200",Feb-24
MARINA ONE RESIDENCES,MARINA WAY,1,Non-Landed Properties,1,"4,300",60 to 70,600 to 700,Feb-24
MARINA ONE RESIDENCES,MARINA WAY,1,Non-Landed Properties,1,"4,500",60 to 70,700 to 800,Feb-24
MARINA ONE RESIDENCES,MARINA WAY,1,Non-Landed Properties,2,"6,300",110 to 120,"1,200 to 1,300",Feb-24
MARINA ONE RESIDENCES,MARINA WAY,1,Non-Landed Properties,1,"4,500",60 to 70,700 to 800,Feb-24
MARINA ONE RESIDENCES,MARINA WAY,1,Non-Landed Properties,1,"4,600",60 to 70,700 to 800,Feb-24
MARINA ONE RESIDENCES,MARINA WAY,1,Non-Landed Properties,1,"5,500",60 to 70,700 to 800,Feb-24
MARINA ONE RESIDENCES,MARINA WAY,1,Non-Landed Properties,1,"4,650",60 to 70,600 to 700,Feb-24
MARINA ONE RESIDENCES,MARINA WAY,1,Non-Landed Properties,1,"5,500",60 to 70,700 to 800,Feb-24
MARINA ONE RESIDENCES,MARINA WAY,1,Non-Landed Properties,2,"8,200",100 to 110,"1,100 to 1,200",Feb-24
MARINA ONE RESIDENCES,MARINA WAY,1,Non-Landed Properties,3,"10,400",140 to 150,"1,500 to 1,600",Feb-24
MARINA ONE RESIDENCES,MARINA WAY,1,Non-Landed Properties,1,"6,000",60 to 70,700 to 800,Feb-24
MARINA ONE RESIDENCES,MARINA WAY,1,Non-Landed Properties,1,"6,212",60 to 70,600 to 700,Feb-24
MARINA ONE RESIDENCES,MARINA WAY,1,Non-Landed Properties,3,"11,000",140 to 150,"1,500 to 1,600",Feb-24
MARINA ONE RESIDENCES,MARINA WAY,1,Non-Landed Properties,2,"7,200",90 to 100,"1,000 to 1,100",Feb-24
MARINA ONE RESIDENCES,MARINA WAY,1,Non-Landed Properties,2,"7,000",90 to 100,"1,000 to 1,100",Feb-24
MARINA ONE RESIDENCES,MARINA WAY,1,Non-Landed Properties,2,"7,200",100 to 110,"1,100 to 1,200",Feb-24
MARINA ONE RESIDENCES,MARINA WAY,1,Non-Landed Properties,1,"5,000",60 to 70,700 to 800,Feb-24
THE SAIL @ MARINA BAY,MARINA BOULEVARD,1,Non-Landed Properties,3,"7,500",120 to 130,"1,300 to 1,400",Feb-24
THE SAIL @ MARINA BAY,MARINA BOULEVARD,1,Non-Landed Properties,1,"5,200",60 to 70,600 to 700,Feb-24
THE SAIL @ MARINA BAY,MARINA BOULEVARD,1,Non-Landed Properties,1,"4,500",50 to 60,600 to 700,Feb-24
THE SAIL @ MARINA BAY,MARINA BOULEVARD,1,Non-Landed Properties,1,"5,200",50 to 60,600 to 700,Feb-24
THE SAIL @ MARINA BAY,MARINA BOULEVARD,1,Non-Landed Properties,1,"3,300",60 to 70,600 to 700,Feb-24
THE SAIL @ MARINA BAY,MARINA BOULEVARD,1,Non-Landed Properties,1,"5,000",70 to 80,700 to 800,Feb-24
THE SAIL @ MARINA BAY,MARINA BOULEVARD,1,Non-Landed Properties,1,"4,800",60 to 70,600 to 700,Feb-24
THE SAIL @ MARINA BAY,MARINA BOULEVARD,1,Non-Landed Properties,3,"9,200",140 to 150,"1,500 to 1,600",Feb-24
THE SAIL @ MARINA BAY,MARINA BOULEVARD,1,Non-Landed Properties,1,"4,000",60 to 70,600 to 700,Feb-24
THE SAIL @ MARINA BAY,MARINA BOULEVARD,1,Non-Landed Properties,4,"13,000",200 to 210,"2,100 to 2,200",Feb-24
THE SAIL @ MARINA BAY,MARINA BOULEVARD,1,Non-Landed Properties,3,"8,980",120 to 130,"1,300 to 1,400",Feb-24
THE SAIL @ MARINA BAY,MARINA BOULEVARD,1,Non-Landed Properties,2,"6,800",70 to 80,800 to 900,Feb-24
THE SAIL @ MARINA BAY,MARINA BOULEVARD,1,Non-Landed Properties,3,"8,100",120 to 130,"1,300 to 1,400",Feb-24
THE SAIL @ MARINA BAY,MARINA BOULEVARD,1,Non-Landed Properties,2,"8,000",90 to 100,"1,000 to 1,100",Feb-24
THE SAIL @ MARINA BAY,MARINA BOULEVARD,1,Non-Landed Properties,2,"7,270",90 to 100,"1,000 to 1,100",Feb-24
THE SAIL @ MARINA BAY,MARINA BOULEVARD,1,Non-Landed Properties,2,"8,000",90 to 100,"1,000 to 1,100",Feb-24
THE SAIL @ MARINA BAY,MARINA BOULEVARD,1,Non-Landed Properties,1,"5,500",50 to 60,500 to 600,Feb-24
THE SAIL @ MARINA BAY,MARINA BOULEVARD,1,Non-Landed Properties,1,"4,000",50 to 60,500 to 600,Feb-24
THE SAIL @ MARINA BAY,MARINA BOULEVARD,1,Non-Landed Properties,2,"5,800",80 to 90,800 to 900,Feb-24
THE SAIL @ MARINA BAY,MARINA BOULEVARD,1,Non-Landed Properties,1,"4,900",60 to 70,600 to 700,Feb-24
THE SAIL @ MARINA BAY,MARINA BOULEVARD,1,Non-Landed Properties,4,"13,000",200 to 210,"2,100 to 2,200",Feb-24
THE SAIL @ MARINA BAY,MARINA BOULEVARD,1,Non-Landed Properties,1,"3,900",50 to 60,500 to 600,Feb-24
THE SAIL @ MARINA BAY,MARINA BOULEVARD,1,Non-Landed Properties,2,"5,500",80 to 90,800 to 900,Feb-24
THE SAIL @ MARINA BAY,MARINA BOULEVARD,1,Non-Landed Properties,1,"5,342",50 to 60,500 to 600,Feb-24
THE SAIL @ MARINA BAY,MARINA BOULEVARD,1,Non-Landed Properties,2,"6,600",90 to 100,"1,000 to 1,100",Feb-24
THE SAIL @ MARINA BAY,MARINA BOULEVARD,1,Non-Landed Properties,2,"7,000",90 to 100,"1,000 to 1,100",Feb-24
THE SAIL @ MARINA BAY,MARINA BOULEVARD,1,Non-Landed Properties,2,"7,700",80 to 90,"900 to 1,000",Feb-24
THE SAIL @ MARINA BAY,MARINA BOULEVARD,1,Non-Landed Properties,3,"8,200",100 to 110,"1,100 to 1,200",Feb-24
THE SAIL @ MARINA BAY,MARINA BOULEVARD,1,Non-Landed Properties,4,"12,600",180 to 190,"2,000 to 2,100",Feb-24
THE SAIL @ MARINA BAY,MARINA BOULEVARD,1,Non-Landed Properties,1,"4,500",60 to 70,600 to 700,Feb-24
THE SAIL @ MARINA BAY,MARINA BOULEVARD,1,Non-Landed Properties,2,"7,200",80 to 90,"900 to 1,000",Feb-24
THE SAIL @ MARINA BAY,MARINA BOULEVARD,1,Non-Landed Properties,1,"5,801",60 to 70,600 to 700,Feb-24
THE SAIL @ MARINA BAY,MARINA BOULEVARD,1,Non-Landed Properties,1,"3,900",50 to 60,500 to 600,Feb-24
THE RIVERSIDE PIAZZA,KENG CHEOW STREET,1,Non-Landed Properties,3,"6,100",110 to 120,"1,200 to 1,300",Feb-24
V ON SHENTON,SHENTON WAY,1,Non-Landed Properties,3,"10,000",160 to 170,"1,700 to 1,800",Feb-24
V ON SHENTON,SHENTON WAY,1,Non-Landed Properties,2,"5,500",90 to 100,"1,000 to 1,100",Feb-24
V ON SHENTON,SHENTON WAY,1,Non-Landed Properties,2,"6,500",100 to 110,"1,000 to 1,100",Feb-24
V ON SHENTON,SHENTON WAY,1,Non-Landed Properties,2,"7,200",110 to 120,"1,200 to 1,300",Feb-24
V ON SHENTON,SHENTON WAY,1,Non-Landed Properties,3,"9,200",140 to 150,"1,500 to 1,600",Feb-24
V ON SHENTON,SHENTON WAY,1,Non-Landed Properties,1,"5,000",40 to 50,500 to 600,Feb-24
V ON SHENTON,SHENTON WAY,1,Non-Landed Properties,3,"8,000",120 to 130,"1,300 to 1,400",Feb-24
V ON SHENTON,SHENTON WAY,1,Non-Landed Properties,NA,"3,400",40 to 50,400 to 500,Feb-24
V ON SHENTON,SHENTON WAY,1,Non-Landed Properties,1,"4,100",40 to 50,500 to 600,Feb-24
V ON SHENTON,SHENTON WAY,1,Non-Landed Properties,1,"4,800",60 to 70,600 to 700,Feb-24
V ON SHENTON,SHENTON WAY,1,Non-Landed Properties,NA,"3,500",40 to 50,400 to 500,Feb-24
V ON SHENTON,SHENTON WAY,1,Non-Landed Properties,3,"7,800",140 to 150,"1,500 to 1,600",Feb-24
V ON SHENTON,SHENTON WAY,1,Non-Landed Properties,NA,"3,600",40 to 50,400 to 500,Feb-24
V ON SHENTON,SHENTON WAY,1,Non-Landed Properties,NA,"3,600",40 to 50,400 to 500,Feb-24
V ON SHENTON,SHENTON WAY,1,Non-Landed Properties,1,"4,000",40 to 50,400 to 500,Feb-24
V ON SHENTON,SHENTON WAY,1,Non-Landed Properties,3,"8,000",140 to 150,"1,500 to 1,600",Feb-24
V ON SHENTON,SHENTON WAY,1,Non-Landed Properties,2,"6,000",80 to 90,800 to 900,Feb-24
NON-LANDED HOUSING DEVELOPMENT,LORONG TELOK,1,Non-Landed Properties,NA,"5,900",90 to 100,"900 to 1,000",Feb-24
ROBINSON SUITES,ROBINSON ROAD,1,Non-Landed Properties,2,"4,550",50 to 60,600 to 700,Feb-24
ROBINSON SUITES,ROBINSON ROAD,1,Non-Landed Properties,1,"3,800",40 to 50,500 to 600,Feb-24
ROBINSON SUITES,ROBINSON ROAD,1,Non-Landed Properties,2,"3,900",50 to 60,600 to 700,Feb-24
ROBINSON SUITES,ROBINSON ROAD,1,Non-Landed Properties,2,"4,800",50 to 60,600 to 700,Feb-24
MARINA BAY SUITES,CENTRAL BOULEVARD,1,Non-Landed Properties,4,"10,000",180 to 190,"2,000 to 2,100",Feb-24
MARINA BAY SUITES,CENTRAL BOULEVARD,1,Non-Landed Properties,4,"10,500",180 to 190,"2,000 to 2,100",Feb-24
MARINA BAY SUITES,CENTRAL BOULEVARD,1,Non-Landed Properties,3,"8,500",140 to 150,"1,500 to 1,600",Feb-24
MARINA BAY SUITES,CENTRAL BOULEVARD,1,Non-Landed Properties,3,"9,000",150 to 160,"1,600 to 1,700",Feb-24
MARINA BAY SUITES,CENTRAL BOULEVARD,1,Non-Landed Properties,4,"12,200",190 to 200,"2,000 to 2,100",Feb-24
RIVERWALK APARTMENTS,UPPER CIRCULAR ROAD,1,Non-Landed Properties,2,"6,000",110 to 120,"1,200 to 1,300",Feb-24
RIVERWALK APARTMENTS,UPPER CIRCULAR ROAD,1,Non-Landed Properties,NA,"4,500",70 to 80,800 to 900,Feb-24
RIVERWALK APARTMENTS,UPPER CIRCULAR ROAD,1,Non-Landed Properties,NA,"4,500",70 to 80,800 to 900,Feb-24
RIVERWALK APARTMENTS,UPPER CIRCULAR ROAD,1,Non-Landed Properties,2,"6,000",110 to 120,"1,200 to 1,300",Feb-24
RIVERWALK APARTMENTS,UPPER CIRCULAR ROAD,1,Non-Landed Properties,NA,"4,200",70 to 80,800 to 900,Feb-24
MARINA BAY RESIDENCES,MARINA BOULEVARD,1,Non-Landed Properties,2,"7,500",100 to 110,"1,100 to 1,200",Feb-24
MARINA BAY RESIDENCES,MARINA BOULEVARD,1,Non-Landed Properties,2,"7,500",90 to 100,"1,000 to 1,100",Feb-24
MARINA BAY RESIDENCES,MARINA BOULEVARD,1,Non-Landed Properties,4,"18,000",220 to 230,"2,300 to 2,400",Feb-24
MARINA BAY RESIDENCES,MARINA BOULEVARD,1,Non-Landed Properties,3,"20,000",180 to 190,"1,900 to 2,000",Feb-24
MARINA BAY RESIDENCES,MARINA BOULEVARD,1,Non-Landed Properties,2,"8,000",110 to 120,"1,200 to 1,300",Feb-24
MARINA BAY RESIDENCES,MARINA BOULEVARD,1,Non-Landed Properties,2,"7,500",90 to 100,"1,000 to 1,100",Feb-24
MARINA BAY RESIDENCES,MARINA BOULEVARD,1,Non-Landed Properties,2,"7,200",90 to 100,"1,000 to 1,100",Feb-24
MARINA BAY RESIDENCES,MARINA BOULEVARD,1,Non-Landed Properties,2,"8,500",90 to 100,"1,000 to 1,100",Feb-24
MARINA BAY RESIDENCES,MARINA BOULEVARD,1,Non-Landed Properties,1,"6,000",60 to 70,700 to 800,Feb-24
MARINA BAY RESIDENCES,MARINA BOULEVARD,1,Non-Landed Properties,2,"8,300",110 to 120,"1,200 to 1,300",Feb-24
MARINA BAY RESIDENCES,MARINA BOULEVARD,1,Non-Landed Properties,3,"10,000",150 to 160,"1,600 to 1,700",Feb-24
MARINA BAY RESIDENCES,MARINA BOULEVARD,1,Non-Landed Properties,2,"7,800",100 to 110,"1,100 to 1,200",Feb-24
MARINA BAY RESIDENCES,MARINA BOULEVARD,1,Non-Landed Properties,1,"5,870",60 to 70,700 to 800,Feb-24
THE CLIFT,MCCALLUM STREET,1,Non-Landed Properties,1,"4,100",40 to 50,500 to 600,Jan-24
THE CLIFT,MCCALLUM STREET,1,Non-Landed Properties,1,"5,300",70 to 80,700 to 800,Jan-24
THE CLIFT,MCCALLUM STREET,1,Non-Landed Properties,1,"4,400",40 to 50,400 to 500,Jan-24
THE CLIFT,MCCALLUM STREET,1,Non-Landed Properties,1,"5,200",70 to 80,700 to 800,Jan-24
THE CLIFT,MCCALLUM STREET,1,Non-Landed Properties,1,"5,350",70 to 80,700 to 800,Jan-24
THE CLIFT,MCCALLUM STREET,1,Non-Landed Properties,1,"4,000",40 to 50,400 to 500,Jan-24
THE CLIFT,MCCALLUM STREET,1,Non-Landed Properties,1,"3,500",40 to 50,500 to 600,Jan-24
THE CLIFT,MCCALLUM STREET,1,Non-Landed Properties,1,"5,450",70 to 80,700 to 800,Jan-24
THE CLIFT,MCCALLUM STREET,1,Non-Landed Properties,1,"5,794",40 to 50,400 to 500,Jan-24
THE CLIFT,MCCALLUM STREET,1,Non-Landed Properties,1,"4,200",40 to 50,500 to 600,Jan-24
THE CLIFT,MCCALLUM STREET,1,Non-Landed Properties,1,"5,250",40 to 50,500 to 600,Jan-24
ONE SHENTON,SHENTON WAY,1,Non-Landed Properties,3,"8,000",140 to 150,"1,500 to 1,600",Jan-24
ONE SHENTON,SHENTON WAY,1,Non-Landed Properties,1,"4,400",40 to 50,500 to 600,Jan-24
ONE SHENTON,SHENTON WAY,1,Non-Landed Properties,2,"6,600",90 to 100,"1,000 to 1,100",Jan-24
ONE SHENTON,SHENTON WAY,1,Non-Landed Properties,1,"4,500",50 to 60,600 to 700,Jan-24
ONE SHENTON,SHENTON WAY,1,Non-Landed Properties,2,"6,500",100 to 110,"1,000 to 1,100",Jan-24
ONE SHENTON,SHENTON WAY,1,Non-Landed Properties,3,"8,500",140 to 150,"1,500 to 1,600",Jan-24
ONE SHENTON,SHENTON WAY,1,Non-Landed Properties,2,"6,700",100 to 110,"1,000 to 1,100",Jan-24
ONE SHENTON,SHENTON WAY,1,Non-Landed Properties,1,"5,100",90 to 100,"900 to 1,000",Jan-24
ONE SHENTON,SHENTON WAY,1,Non-Landed Properties,2,"6,200",90 to 100,"1,000 to 1,100",Jan-24
ONE SHENTON,SHENTON WAY,1,Non-Landed Properties,4,"20,000",>300,>3000,Jan-24
ONE SHENTON,SHENTON WAY,1,Non-Landed Properties,3,"8,500",140 to 150,"1,600 to 1,700",Jan-24
ONE SHENTON,SHENTON WAY,1,Non-Landed Properties,1,"5,716",50 to 60,500 to 600,Jan-24
PEOPLE'S PARK COMPLEX,PARK ROAD,1,Non-Landed Properties,3,"3,000",100 to 110,"1,100 to 1,200",Jan-24
PEOPLE'S PARK COMPLEX,PARK ROAD,1,Non-Landed Properties,3,"5,000",100 to 110,"1,100 to 1,200",Jan-24
PEOPLE'S PARK COMPLEX,PARK ROAD,1,Non-Landed Properties,3,"3,800",100 to 110,"1,100 to 1,200",Jan-24
PEOPLE'S PARK COMPLEX,PARK ROAD,1,Non-Landed Properties,1,"2,200",30 to 40,400 to 500,Jan-24
PEOPLE'S PARK COMPLEX,PARK ROAD,1,Non-Landed Properties,3,"5,000",100 to 110,"1,100 to 1,200",Jan-24
PEOPLE'S PARK COMPLEX,PARK ROAD,1,Non-Landed Properties,1,"2,300",30 to 40,400 to 500,Jan-24
PEOPLE'S PARK COMPLEX,PARK ROAD,1,Non-Landed Properties,4,"6,700",140 to 150,"1,600 to 1,700",Jan-24
PEOPLE'S PARK COMPLEX,PARK ROAD,1,Non-Landed Properties,3,"4,800",100 to 110,"1,100 to 1,200",Jan-24
PEOPLE'S PARK COMPLEX,PARK ROAD,1,Non-Landed Properties,3,"8,000",200 to 210,"2,200 to 2,300",Jan-24
PEOPLE'S PARK COMPLEX,PARK ROAD,1,Non-Landed Properties,3,"5,000",100 to 110,"1,100 to 1,200",Jan-24
EMERALD GARDEN,CLUB STREET,1,Non-Landed Properties,2,"4,800",90 to 100,"900 to 1,000",Jan-24
EMERALD GARDEN,CLUB STREET,1,Non-Landed Properties,3,"6,700",110 to 120,"1,200 to 1,300",Jan-24
EMERALD GARDEN,CLUB STREET,1,Non-Landed Properties,2,"6,100",100 to 110,"1,000 to 1,100",Jan-24
EMERALD GARDEN,CLUB STREET,1,Non-Landed Properties,2,"4,700",80 to 90,"900 to 1,000",Jan-24
EMERALD GARDEN,CLUB STREET,1,Non-Landed Properties,4,"8,500",170 to 180,"1,800 to 1,900",Jan-24
EMERALD GARDEN,CLUB STREET,1,Non-Landed Properties,3,"6,500",110 to 120,"1,200 to 1,300",Jan-24
EMERALD GARDEN,CLUB STREET,1,Non-Landed Properties,2,"5,400",90 to 100,"900 to 1,000",Jan-24
EMERALD GARDEN,CLUB STREET,1,Non-Landed Properties,2,"5,600",100 to 110,"1,100 to 1,200",Jan-24
EMERALD GARDEN,CLUB STREET,1,Non-Landed Properties,3,"6,300",110 to 120,"1,200 to 1,300",Jan-24
EMERALD GARDEN,CLUB STREET,1,Non-Landed Properties,2,"5,200",80 to 90,"900 to 1,000",Jan-24
EMERALD GARDEN,CLUB STREET,1,Non-Landed Properties,2,"5,000",80 to 90,"900 to 1,000",Jan-24
EMERALD GARDEN,CLUB STREET,1,Non-Landed Properties,2,"5,500",100 to 110,"1,000 to 1,100",Jan-24
EMERALD GARDEN,CLUB STREET,1,Non-Landed Properties,3,"6,200",110 to 120,"1,200 to 1,300",Jan-24
MARINA ONE RESIDENCES,MARINA WAY,1,Non-Landed Properties,2,"7,600",100 to 110,"1,100 to 1,200",Jan-24
MARINA ONE RESIDENCES,MARINA WAY,1,Non-Landed Properties,1,"4,600",70 to 80,700 to 800,Jan-24
MARINA ONE RESIDENCES,MARINA WAY,1,Non-Landed Properties,1,"4,200",60 to 70,700 to 800,Jan-24
MARINA ONE RESIDENCES,MARINA WAY,1,Non-Landed Properties,2,"7,000",100 to 110,"1,100 to 1,200",Jan-24
MARINA ONE RESIDENCES,MARINA WAY,1,Non-Landed Properties,2,"7,800",100 to 110,"1,100 to 1,200",Jan-24
MARINA ONE RESIDENCES,MARINA WAY,1,Non-Landed Properties,2,"7,000",90 to 100,"1,000 to 1,100",Jan-24
MARINA ONE RESIDENCES,MARINA WAY,1,Non-Landed Properties,1,"4,400",60 to 70,700 to 800,Jan-24
MARINA ONE RESIDENCES,MARINA WAY,1,Non-Landed Properties,2,"7,800",100 to 110,"1,100 to 1,200",Jan-24
MARINA ONE RESIDENCES,MARINA WAY,1,Non-Landed Properties,2,"7,500",100 to 110,"1,100 to 1,200",Jan-24
MARINA ONE RESIDENCES,MARINA WAY,1,Non-Landed Properties,1,"4,500",60 to 70,700 to 800,Jan-24
MARINA ONE RESIDENCES,MARINA WAY,1,Non-Landed Properties,1,"5,000",60 to 70,600 to 700,Jan-24
MARINA ONE RESIDENCES,MARINA WAY,1,Non-Landed Properties,3,"10,300",140 to 150,"1,500 to 1,600",Jan-24
MARINA ONE RESIDENCES,MARINA WAY,1,Non-Landed Properties,1,"5,250",60 to 70,700 to 800,Jan-24
MARINA ONE RESIDENCES,MARINA WAY,1,Non-Landed Properties,2,"7,200",100 to 110,"1,100 to 1,200",Jan-24
MARINA ONE RESIDENCES,MARINA WAY,1,Non-Landed Properties,1,"4,550",60 to 70,700 to 800,Jan-24
MARINA ONE RESIDENCES,MARINA WAY,1,Non-Landed Properties,1,"4,400",60 to 70,600 to 700,Jan-24
MARINA ONE RESIDENCES,MARINA WAY,1,Non-Landed Properties,2,"7,500",100 to 110,"1,100 to 1,200",Jan-24
MARINA ONE RESIDENCES,MARINA WAY,1,Non-Landed Properties,1,"5,000",60 to 70,700 to 800,Jan-24
MARINA ONE RESIDENCES,MARINA WAY,1,Non-Landed Properties,1,"5,000",70 to 80,700 to 800,Jan-24
MARINA ONE RESIDENCES,MARINA WAY,1,Non-Landed Properties,1,"5,000",60 to 70,700 to 800,Jan-24
MARINA ONE RESIDENCES,MARINA WAY,1,Non-Landed Properties,1,"5,800",60 to 70,600 to 700,Jan-24
MARINA ONE RESIDENCES,MARINA WAY,1,Non-Landed Properties,3,"10,400",140 to 150,"1,500 to 1,600",Jan-24
MARINA ONE RESIDENCES,MARINA WAY,1,Non-Landed Properties,2,"7,000",90 to 100,"1,000 to 1,100",Jan-24
MARINA ONE RESIDENCES,MARINA WAY,1,Non-Landed Properties,1,"4,800",60 to 70,700 to 800,Jan-24
MARINA ONE RESIDENCES,MARINA WAY,1,Non-Landed Properties,1,"5,000",60 to 70,600 to 700,Jan-24
MARINA ONE RESIDENCES,MARINA WAY,1,Non-Landed Properties,2,"7,000",90 to 100,"1,000 to 1,100",Jan-24
MARINA ONE RESIDENCES,MARINA WAY,1,Non-Landed Properties,2,"6,500",90 to 100,"1,000 to 1,100",Jan-24
MARINA ONE RESIDENCES,MARINA WAY,1,Non-Landed Properties,1,"5,500",60 to 70,700 to 800,Jan-24
MARINA ONE RESIDENCES,MARINA WAY,1,Non-Landed Properties,1,"4,500",70 to 80,700 to 800,Jan-24
MARINA ONE RESIDENCES,MARINA WAY,1,Non-Landed Properties,3,"10,500",140 to 150,"1,500 to 1,600",Jan-24
MARINA ONE RESIDENCES,MARINA WAY,1,Non-Landed Properties,1,"5,400",60 to 70,600 to 700,Jan-24
MARINA ONE RESIDENCES,MARINA WAY,1,Non-Landed Properties,1,"5,200",60 to 70,700 to 800,Jan-24
MARINA ONE RESIDENCES,MARINA WAY,1,Non-Landed Properties,1,"4,500",60 to 70,700 to 800,Jan-24
MARINA ONE RESIDENCES,MARINA WAY,1,Non-Landed Properties,2,"7,200",90 to 100,"900 to 1,000",Jan-24
MARINA ONE RESIDENCES,MARINA WAY,1,Non-Landed Properties,4,"14,500",190 to 200,"2,100 to 2,200",Jan-24
THE SAIL @ MARINA BAY,MARINA BOULEVARD,1,Non-Landed Properties,1,"4,250",60 to 70,600 to 700,Jan-24
THE SAIL @ MARINA BAY,MARINA BOULEVARD,1,Non-Landed Properties,1,"5,800",50 to 60,600 to 700,Jan-24
THE SAIL @ MARINA BAY,MARINA BOULEVARD,1,Non-Landed Properties,2,"5,420",70 to 80,800 to 900,Jan-24
THE SAIL @ MARINA BAY,MARINA BOULEVARD,1,Non-Landed Properties,2,"6,000",70 to 80,800 to 900,Jan-24
THE SAIL @ MARINA BAY,MARINA BOULEVARD,1,Non-Landed Properties,1,"5,200",50 to 60,600 to 700,Jan-24
THE SAIL @ MARINA BAY,MARINA BOULEVARD,1,Non-Landed Properties,1,"4,200",60 to 70,600 to 700,Jan-24
THE SAIL @ MARINA BAY,MARINA BOULEVARD,1,Non-Landed Properties,4,"9,000",150 to 160,"1,600 to 1,700",Jan-24
THE SAIL @ MARINA BAY,MARINA BOULEVARD,1,Non-Landed Properties,1,"4,500",50 to 60,600 to 700,Jan-24
THE SAIL @ MARINA BAY,MARINA BOULEVARD,1,Non-Landed Properties,1,"4,100",50 to 60,600 to 700,Jan-24
THE SAIL @ MARINA BAY,MARINA BOULEVARD,1,Non-Landed Properties,3,"8,316",120 to 130,"1,300 to 1,400",Jan-24
THE SAIL @ MARINA BAY,MARINA BOULEVARD,1,Non-Landed Properties,1,"4,200",50 to 60,600 to 700,Jan-24
THE SAIL @ MARINA BAY,MARINA BOULEVARD,1,Non-Landed Properties,2,"6,500",70 to 80,800 to 900,Jan-24
THE SAIL @ MARINA BAY,MARINA BOULEVARD,1,Non-Landed Properties,2,"6,000",70 to 80,800 to 900,Jan-24
THE SAIL @ MARINA BAY,MARINA BOULEVARD,1,Non-Landed Properties,2,"3,000",70 to 80,800 to 900,Jan-24
THE SAIL @ MARINA BAY,MARINA BOULEVARD,1,Non-Landed Properties,2,"6,000",70 to 80,800 to 900,Jan-24
THE SAIL @ MARINA BAY,MARINA BOULEVARD,1,Non-Landed Properties,1,"4,700",70 to 80,800 to 900,Jan-24
THE SAIL @ MARINA BAY,MARINA BOULEVARD,1,Non-Landed Properties,2,"5,800",80 to 90,800 to 900,Jan-24
THE SAIL @ MARINA BAY,MARINA BOULEVARD,1,Non-Landed Properties,1,"4,400",60 to 70,600 to 700,Jan-24
THE SAIL @ MARINA BAY,MARINA BOULEVARD,1,Non-Landed Properties,1,"4,100",50 to 60,500 to 600,Jan-24
THE SAIL @ MARINA BAY,MARINA BOULEVARD,1,Non-Landed Properties,2,"7,281",80 to 90,800 to 900,Jan-24
THE SAIL @ MARINA BAY,MARINA BOULEVARD,1,Non-Landed Properties,4,"9,000",160 to 170,"1,800 to 1,900",Jan-24
THE SAIL @ MARINA BAY,MARINA BOULEVARD,1,Non-Landed Properties,2,"6,900",80 to 90,800 to 900,Jan-24
THE SAIL @ MARINA BAY,MARINA BOULEVARD,1,Non-Landed Properties,1,"4,050",60 to 70,600 to 700,Jan-24
THE SAIL @ MARINA BAY,MARINA BOULEVARD,1,Non-Landed Properties,2,"6,600",80 to 90,800 to 900,Jan-24
THE SAIL @ MARINA BAY,MARINA BOULEVARD,1,Non-Landed Properties,3,"8,188",100 to 110,"1,100 to 1,200",Jan-24
THE SAIL @ MARINA BAY,MARINA BOULEVARD,1,Non-Landed Properties,1,"4,300",60 to 70,600 to 700,Jan-24
THE SAIL @ MARINA BAY,MARINA BOULEVARD,1,Non-Landed Properties,1,"4,200",50 to 60,500 to 600,Jan-24
THE SAIL @ MARINA BAY,MARINA BOULEVARD,1,Non-Landed Properties,4,"12,400",200 to 210,"2,100 to 2,200",Jan-24
THE SAIL @ MARINA BAY,MARINA BOULEVARD,1,Non-Landed Properties,2,"7,600",90 to 100,"1,000 to 1,100",Jan-24
THE SAIL @ MARINA BAY,MARINA BOULEVARD,1,Non-Landed Properties,1,"4,300",60 to 70,600 to 700,Jan-24
THE SAIL @ MARINA BAY,MARINA BOULEVARD,1,Non-Landed Properties,2,"6,800",90 to 100,"1,000 to 1,100",Jan-24
THE SAIL @ MARINA BAY,MARINA BOULEVARD,1,Non-Landed Properties,2,"7,250",80 to 90,"900 to 1,000",Jan-24
THE SAIL @ MARINA BAY,MARINA BOULEVARD,1,Non-Landed Properties,1,"5,200",60 to 70,600 to 700,Jan-24
THE SAIL @ MARINA BAY,MARINA BOULEVARD,1,Non-Landed Properties,1,"4,300",60 to 70,600 to 700,Jan-24
THE SAIL @ MARINA BAY,MARINA BOULEVARD,1,Non-Landed Properties,2,"7,000",80 to 90,800 to 900,Jan-24
THE SAIL @ MARINA BAY,MARINA BOULEVARD,1,Non-Landed Properties,1,"5,318",50 to 60,500 to 600,Jan-24
THE SAIL @ MARINA BAY,MARINA BOULEVARD,1,Non-Landed Properties,1,"4,500",50 to 60,500 to 600,Jan-24
THE SAIL @ MARINA BAY,MARINA BOULEVARD,1,Non-Landed Properties,1,"4,200",50 to 60,500 to 600,Jan-24
THE SAIL @ MARINA BAY,MARINA BOULEVARD,1,Non-Landed Properties,1,"5,253",60 to 70,600 to 700,Jan-24
THE SAIL @ MARINA BAY,MARINA BOULEVARD,1,Non-Landed Properties,3,"15,000",180 to 190,"2,000 to 2,100",Jan-24
THE SAIL @ MARINA BAY,MARINA BOULEVARD,1,Non-Landed Properties,2,"7,000",80 to 90,"900 to 1,000",Jan-24
THE SAIL @ MARINA BAY,MARINA BOULEVARD,1,Non-Landed Properties,2,"8,500",80 to 90,800 to 900,Jan-24
V ON SHENTON,SHENTON WAY,1,Non-Landed Properties,1,"4,500",60 to 70,700 to 800,Jan-24
V ON SHENTON,SHENTON WAY,1,Non-Landed Properties,2,"6,200",90 to 100,"1,000 to 1,100",Jan-24
V ON SHENTON,SHENTON WAY,1,Non-Landed Properties,2,"6,500",90 to 100,"1,000 to 1,100",Jan-24
V ON SHENTON,SHENTON WAY,1,Non-Landed Properties,NA,"3,400",40 to 50,400 to 500,Jan-24
V ON SHENTON,SHENTON WAY,1,Non-Landed Properties,2,"6,100",80 to 90,"900 to 1,000",Jan-24
V ON SHENTON,SHENTON WAY,1,Non-Landed Properties,1,"4,850",60 to 70,600 to 700,Jan-24
V ON SHENTON,SHENTON WAY,1,Non-Landed Properties,NA,"3,600",40 to 50,400 to 500,Jan-24
V ON SHENTON,SHENTON WAY,1,Non-Landed Properties,2,"6,500",90 to 100,"1,000 to 1,100",Jan-24
V ON SHENTON,SHENTON WAY,1,Non-Landed Properties,NA,"3,800",40 to 50,400 to 500,Jan-24
V ON SHENTON,SHENTON WAY,1,Non-Landed Properties,2,"6,300",80 to 90,"900 to 1,000",Jan-24
V ON SHENTON,SHENTON WAY,1,Non-Landed Properties,2,"7,400",110 to 120,"1,200 to 1,300",Jan-24
V ON SHENTON,SHENTON WAY,1,Non-Landed Properties,2,"6,700",90 to 100,"1,000 to 1,100",Jan-24
V ON SHENTON,SHENTON WAY,1,Non-Landed Properties,3,"8,500",140 to 150,"1,500 to 1,600",Jan-24
V ON SHENTON,SHENTON WAY,1,Non-Landed Properties,3,"9,200",120 to 130,"1,300 to 1,400",Jan-24
ROBINSON SUITES,ROBINSON ROAD,1,Non-Landed Properties,1,"4,000",40 to 50,400 to 500,Jan-24
ROBINSON SUITES,ROBINSON ROAD,1,Non-Landed Properties,1,"3,750",40 to 50,500 to 600,Jan-24
ROBINSON SUITES,ROBINSON ROAD,1,Non-Landed Properties,2,"4,000",50 to 60,600 to 700,Jan-24
ROBINSON SUITES,ROBINSON ROAD,1,Non-Landed Properties,2,"4,300",50 to 60,600 to 700,Jan-24
ROBINSON SUITES,ROBINSON ROAD,1,Non-Landed Properties,1,"3,600",40 to 50,400 to 500,Jan-24
MARINA BAY SUITES,CENTRAL BOULEVARD,1,Non-Landed Properties,4,"13,500",190 to 200,"2,000 to 2,100",Jan-24
MARINA BAY SUITES,CENTRAL BOULEVARD,1,Non-Landed Properties,4,"15,700",240 to 250,"2,600 to 2,700",Jan-24
MARINA BAY SUITES,CENTRAL BOULEVARD,1,Non-Landed Properties,4,"16,000",240 to 250,"2,600 to 2,700",Jan-24
MARINA BAY SUITES,CENTRAL BOULEVARD,1,Non-Landed Properties,3,"9,800",140 to 150,"1,600 to 1,700",Jan-24
MARINA BAY SUITES,CENTRAL BOULEVARD,1,Non-Landed Properties,4,"15,500",240 to 250,"2,600 to 2,700",Jan-24
MARINA BAY SUITES,CENTRAL BOULEVARD,1,Non-Landed Properties,3,"10,500",140 to 150,"1,500 to 1,600",Jan-24
RIVERWALK APARTMENTS,UPPER CIRCULAR ROAD,1,Non-Landed Properties,2,"5,500",110 to 120,"1,200 to 1,300",Jan-24
RIVERWALK APARTMENTS,UPPER CIRCULAR ROAD,1,Non-Landed Properties,NA,"4,000",70 to 80,800 to 900,Jan-24
RIVERWALK APARTMENTS,UPPER CIRCULAR ROAD,1,Non-Landed Properties,2,"6,100",110 to 120,"1,200 to 1,300",Jan-24
MARINA BAY RESIDENCES,MARINA BOULEVARD,1,Non-Landed Properties,3,"13,000",180 to 190,"1,900 to 2,000",Jan-24
MARINA BAY RESIDENCES,MARINA BOULEVARD,1,Non-Landed Properties,2,"8,300",100 to 110,"1,100 to 1,200",Jan-24
MARINA BAY RESIDENCES,MARINA BOULEVARD,1,Non-Landed Properties,2,"8,400",90 to 100,"1,000 to 1,100",Jan-24
MARINA BAY RESIDENCES,MARINA BOULEVARD,1,Non-Landed Properties,1,"6,000",60 to 70,700 to 800,Jan-24
MARINA BAY RESIDENCES,MARINA BOULEVARD,1,Non-Landed Properties,2,"8,300",90 to 100,"1,000 to 1,100",Jan-24
MARINA BAY RESIDENCES,MARINA BOULEVARD,1,Non-Landed Properties,2,"7,350",90 to 100,"1,000 to 1,100",Jan-24
MARINA BAY RESIDENCES,MARINA BOULEVARD,1,Non-Landed Properties,2,"8,000",90 to 100,"1,000 to 1,100",Jan-24
MARINA BAY RESIDENCES,MARINA BOULEVARD,1,Non-Landed Properties,2,"9,000",110 to 120,"1,200 to 1,300",Jan-24
MARINA BAY RESIDENCES,MARINA BOULEVARD,1,Non-Landed Properties,2,"8,300",110 to 120,"1,200 to 1,300",Jan-24
MARINA BAY RESIDENCES,MARINA BOULEVARD,1,Non-Landed Properties,1,"5,500",60 to 70,700 to 800,Jan-24
MARINA BAY RESIDENCES,MARINA BOULEVARD,1,Non-Landed Properties,2,"7,300",90 to 100,"1,000 to 1,100",Jan-24
MARINA BAY RESIDENCES,MARINA BOULEVARD,1,Non-Landed Properties,2,"6,800",100 to 110,"1,100 to 1,200",Jan-24
MARINA BAY RESIDENCES,MARINA BOULEVARD,1,Non-Landed Properties,2,"8,000",110 to 120,"1,200 to 1,300",Jan-24
MARINA BAY RESIDENCES,MARINA BOULEVARD,1,Non-Landed Properties,1,"6,200",60 to 70,700 to 800,Jan-24
THE CLIFT,MCCALLUM STREET,1,Non-Landed Properties,1,"5,138",40 to 50,400 to 500,Dec-23
THE CLIFT,MCCALLUM STREET,1,Non-Landed Properties,1,"4,000",40 to 50,500 to 600,Dec-23
THE CLIFT,MCCALLUM STREET,1,Non-Landed Properties,1,"4,350",40 to 50,500 to 600,Dec-23
THE CLIFT,MCCALLUM STREET,1,Non-Landed Properties,1,"4,000",40 to 50,400 to 500,Dec-23
THE CLIFT,MCCALLUM STREET,1,Non-Landed Properties,1,"4,100",40 to 50,400 to 500,Dec-23
THE CLIFT,MCCALLUM STREET,1,Non-Landed Properties,1,"4,000",40 to 50,400 to 500,Dec-23
THE CLIFT,MCCALLUM STREET,1,Non-Landed Properties,1,"4,000",40 to 50,500 to 600,Dec-23
THE CLIFT,MCCALLUM STREET,1,Non-Landed Properties,2,"7,000",90 to 100,"1,000 to 1,100",Dec-23
THE CLIFT,MCCALLUM STREET,1,Non-Landed Properties,1,"4,000",40 to 50,400 to 500,Dec-23
THE CLIFT,MCCALLUM STREET,1,Non-Landed Properties,1,"5,957",60 to 70,700 to 800,Dec-23
THE CLIFT,MCCALLUM STREET,1,Non-Landed Properties,1,"3,900",40 to 50,500 to 600,Dec-23
THE CLIFT,MCCALLUM STREET,1,Non-Landed Properties,1,"3,800",40 to 50,500 to 600,Dec-23
THE CLIFT,MCCALLUM STREET,1,Non-Landed Properties,1,"3,900",40 to 50,500 to 600,Dec-23
THE CLIFT,MCCALLUM STREET,1,Non-Landed Properties,1,"4,300",40 to 50,500 to 600,Dec-23
THE CLIFT,MCCALLUM STREET,1,Non-Landed Properties,1,"5,240",40 to 50,400 to 500,Dec-23
ONE SHENTON,SHENTON WAY,1,Non-Landed Properties,2,"6,500",100 to 110,"1,000 to 1,100",Dec-23
ONE SHENTON,SHENTON WAY,1,Non-Landed Properties,1,"4,850",70 to 80,800 to 900,Dec-23
ONE SHENTON,SHENTON WAY,1,Non-Landed Properties,1,"4,600",40 to 50,500 to 600,Dec-23
ONE SHENTON,SHENTON WAY,1,Non-Landed Properties,1,"4,300",50 to 60,500 to 600,Dec-23
ONE SHENTON,SHENTON WAY,1,Non-Landed Properties,3,"8,200",140 to 150,"1,500 to 1,600",Dec-23
ONE SHENTON,SHENTON WAY,1,Non-Landed Properties,3,"8,500",140 to 150,"1,500 to 1,600",Dec-23
ONE SHENTON,SHENTON WAY,1,Non-Landed Properties,1,"4,600",50 to 60,500 to 600,Dec-23
ONE SHENTON,SHENTON WAY,1,Non-Landed Properties,3,"9,000",140 to 150,"1,500 to 1,600",Dec-23
ONE SHENTON,SHENTON WAY,1,Non-Landed Properties,1,"4,450",50 to 60,500 to 600,Dec-23
ONE SHENTON,SHENTON WAY,1,Non-Landed Properties,2,"5,700",80 to 90,"900 to 1,000",Dec-23
ONE SHENTON,SHENTON WAY,1,Non-Landed Properties,1,"6,100",80 to 90,"900 to 1,000",Dec-23
ONE SHENTON,SHENTON WAY,1,Non-Landed Properties,3,"8,500",140 to 150,"1,600 to 1,700",Dec-23
ONE SHENTON,SHENTON WAY,1,Non-Landed Properties,2,"6,500",110 to 120,"1,100 to 1,200",Dec-23
PEOPLE'S PARK COMPLEX,PARK ROAD,1,Non-Landed Properties,1,"2,200",30 to 40,300 to 400,Dec-23
PEOPLE'S PARK COMPLEX,PARK ROAD,1,Non-Landed Properties,3,"3,600",100 to 110,"1,100 to 1,200",Dec-23
PEOPLE'S PARK COMPLEX,PARK ROAD,1,Non-Landed Properties,1,"2,800",40 to 50,400 to 500,Dec-23
EMERALD GARDEN,CLUB STREET,1,Non-Landed Properties,2,"5,300",90 to 100,"1,000 to 1,100",Dec-23
EMERALD GARDEN,CLUB STREET,1,Non-Landed Properties,3,"5,600",110 to 120,"1,200 to 1,300",Dec-23
EMERALD GARDEN,CLUB STREET,1,Non-Landed Properties,1,"4,200",70 to 80,800 to 900,Dec-23
EMERALD GARDEN,CLUB STREET,1,Non-Landed Properties,2,"6,300",110 to 120,"1,200 to 1,300",Dec-23
EMERALD GARDEN,CLUB STREET,1,Non-Landed Properties,1,"4,500",70 to 80,800 to 900,Dec-23
EMERALD GARDEN,CLUB STREET,1,Non-Landed Properties,2,"5,350",90 to 100,"900 to 1,000",Dec-23
EMERALD GARDEN,CLUB STREET,1,Non-Landed Properties,2,"5,600",80 to 90,"900 to 1,000",Dec-23
EMERALD GARDEN,CLUB STREET,1,Non-Landed Properties,2,"6,500",110 to 120,"1,100 to 1,200",Dec-23
MARINA ONE RESIDENCES,MARINA WAY,1,Non-Landed Properties,1,"4,800",60 to 70,600 to 700,Dec-23
MARINA ONE RESIDENCES,MARINA WAY,1,Non-Landed Properties,1,"4,400",70 to 80,700 to 800,Dec-23
MARINA ONE RESIDENCES,MARINA WAY,1,Non-Landed Properties,3,"10,400",140 to 150,"1,500 to 1,600",Dec-23
MARINA ONE RESIDENCES,MARINA WAY,1,Non-Landed Properties,1,"5,000",60 to 70,600 to 700,Dec-23
MARINA ONE RESIDENCES,MARINA WAY,1,Non-Landed Properties,2,"7,000",100 to 110,"1,100 to 1,200",Dec-23
MARINA ONE RESIDENCES,MARINA WAY,1,Non-Landed Properties,1,"4,650",60 to 70,700 to 800,Dec-23
MARINA ONE RESIDENCES,MARINA WAY,1,Non-Landed Properties,1,"5,000",60 to 70,700 to 800,Dec-23
MARINA ONE RESIDENCES,MARINA WAY,1,Non-Landed Properties,3,"11,800",140 to 150,"1,500 to 1,600",Dec-23
MARINA ONE RESIDENCES,MARINA WAY,1,Non-Landed Properties,1,"4,800",60 to 70,700 to 800,Dec-23
MARINA ONE RESIDENCES,MARINA WAY,1,Non-Landed Properties,1,"5,000",60 to 70,700 to 800,Dec-23
MARINA ONE RESIDENCES,MARINA WAY,1,Non-Landed Properties,1,"5,000",60 to 70,700 to 800,Dec-23
MARINA ONE RESIDENCES,MARINA WAY,1,Non-Landed Properties,1,"6,000",60 to 70,600 to 700,Dec-23
MARINA ONE RESIDENCES,MARINA WAY,1,Non-Landed Properties,2,"6,800",100 to 110,"1,100 to 1,200",Dec-23
MARINA ONE RESIDENCES,MARINA WAY,1,Non-Landed Properties,1,"4,750",60 to 70,700 to 800,Dec-23
MARINA ONE RESIDENCES,MARINA WAY,1,Non-Landed Properties,3,"11,500",140 to 150,"1,500 to 1,600",Dec-23
MARINA ONE RESIDENCES,MARINA WAY,1,Non-Landed Properties,2,"10,000",100 to 110,"1,100 to 1,200",Dec-23
MARINA ONE RESIDENCES,MARINA WAY,1,Non-Landed Properties,2,"7,300",100 to 110,"1,100 to 1,200",Dec-23
MARINA ONE RESIDENCES,MARINA WAY,1,Non-Landed Properties,1,"5,898",60 to 70,700 to 800,Dec-23
MARINA ONE RESIDENCES,MARINA WAY,1,Non-Landed Properties,1,"5,100",60 to 70,600 to 700,Dec-23
MARINA ONE RESIDENCES,MARINA WAY,1,Non-Landed Properties,2,"7,980",100 to 110,"1,100 to 1,200",Dec-23
MARINA ONE RESIDENCES,MARINA WAY,1,Non-Landed Properties,1,"5,500",70 to 80,700 to 800,Dec-23
MARINA ONE RESIDENCES,MARINA WAY,1,Non-Landed Properties,1,"5,666",60 to 70,600 to 700,Dec-23
MARINA ONE RESIDENCES,MARINA WAY,1,Non-Landed Properties,1,"5,000",60 to 70,700 to 800,Dec-23
MARINA ONE RESIDENCES,MARINA WAY,1,Non-Landed Properties,1,"5,700",60 to 70,700 to 800,Dec-23
MARINA ONE RESIDENCES,MARINA WAY,1,Non-Landed Properties,1,"5,787",60 to 70,600 to 700,Dec-23
MARINA ONE RESIDENCES,MARINA WAY,1,Non-Landed Properties,1,"5,300",60 to 70,600 to 700,Dec-23
MARINA ONE RESIDENCES,MARINA WAY,1,Non-Landed Properties,2,"7,500",100 to 110,"1,100 to 1,200",Dec-23
MARINA ONE RESIDENCES,MARINA WAY,1,Non-Landed Properties,1,"5,000",60 to 70,700 to 800,Dec-23
MARINA ONE RESIDENCES,MARINA WAY,1,Non-Landed Properties,2,"8,400",110 to 120,"1,200 to 1,300",Dec-23
MARINA ONE RESIDENCES,MARINA WAY,1,Non-Landed Properties,2,"7,900",100 to 110,"1,100 to 1,200",Dec-23
MARINA ONE RESIDENCES,MARINA WAY,1,Non-Landed Properties,1,"4,700",60 to 70,700 to 800,Dec-23
THE SAIL @ MARINA BAY,MARINA BOULEVARD,1,Non-Landed Properties,1,"5,500",60 to 70,600 to 700,Dec-23
THE SAIL @ MARINA BAY,MARINA BOULEVARD,1,Non-Landed Properties,1,"5,000",70 to 80,700 to 800,Dec-23
THE SAIL @ MARINA BAY,MARINA BOULEVARD,1,Non-Landed Properties,1,"4,500",50 to 60,600 to 700,Dec-23
THE SAIL @ MARINA BAY,MARINA BOULEVARD,1,Non-Landed Properties,1,"5,000",50 to 60,600 to 700,Dec-23
THE SAIL @ MARINA BAY,MARINA BOULEVARD,1,Non-Landed Properties,1,"5,500",110 to 120,"1,200 to 1,300",Dec-23
THE SAIL @ MARINA BAY,MARINA BOULEVARD,1,Non-Landed Properties,1,"4,650",50 to 60,600 to 700,Dec-23
THE SAIL @ MARINA BAY,MARINA BOULEVARD,1,Non-Landed Properties,2,"6,400",70 to 80,800 to 900,Dec-23
THE SAIL @ MARINA BAY,MARINA BOULEVARD,1,Non-Landed Properties,1,"5,550",50 to 60,600 to 700,Dec-23
THE SAIL @ MARINA BAY,MARINA BOULEVARD,1,Non-Landed Properties,1,"4,800",50 to 60,600 to 700,Dec-23
THE SAIL @ MARINA BAY,MARINA BOULEVARD,1,Non-Landed Properties,4,"8,000",150 to 160,"1,600 to 1,700",Dec-23
THE SAIL @ MARINA BAY,MARINA BOULEVARD,1,Non-Landed Properties,4,"8,500",150 to 160,"1,600 to 1,700",Dec-23
THE SAIL @ MARINA BAY,MARINA BOULEVARD,1,Non-Landed Properties,1,"4,500",60 to 70,600 to 700,Dec-23
THE SAIL @ MARINA BAY,MARINA BOULEVARD,1,Non-Landed Properties,4,"13,300",210 to 220,"2,200 to 2,300",Dec-23
THE SAIL @ MARINA BAY,MARINA BOULEVARD,1,Non-Landed Properties,1,"4,600",60 to 70,600 to 700,Dec-23
THE SAIL @ MARINA BAY,MARINA BOULEVARD,1,Non-Landed Properties,2,"6,800",70 to 80,800 to 900,Dec-23
THE SAIL @ MARINA BAY,MARINA BOULEVARD,1,Non-Landed Properties,3,"8,000",120 to 130,"1,300 to 1,400",Dec-23
THE SAIL @ MARINA BAY,MARINA BOULEVARD,1,Non-Landed Properties,1,"4,300",50 to 60,600 to 700,Dec-23
THE SAIL @ MARINA BAY,MARINA BOULEVARD,1,Non-Landed Properties,2,"6,300",70 to 80,800 to 900,Dec-23
THE SAIL @ MARINA BAY,MARINA BOULEVARD,1,Non-Landed Properties,2,"5,250",70 to 80,800 to 900,Dec-23
THE SAIL @ MARINA BAY,MARINA BOULEVARD,1,Non-Landed Properties,3,"7,500",120 to 130,"1,300 to 1,400",Dec-23
THE SAIL @ MARINA BAY,MARINA BOULEVARD,1,Non-Landed Properties,2,"6,400",70 to 80,800 to 900,Dec-23
THE SAIL @ MARINA BAY,MARINA BOULEVARD,1,Non-Landed Properties,2,"5,600",70 to 80,800 to 900,Dec-23
THE SAIL @ MARINA BAY,MARINA BOULEVARD,1,Non-Landed Properties,1,"4,500",50 to 60,600 to 700,Dec-23
THE SAIL @ MARINA BAY,MARINA BOULEVARD,1,Non-Landed Properties,1,"4,600",60 to 70,600 to 700,Dec-23
THE SAIL @ MARINA BAY,MARINA BOULEVARD,1,Non-Landed Properties,2,"6,200",80 to 90,800 to 900,Dec-23
THE SAIL @ MARINA BAY,MARINA BOULEVARD,1,Non-Landed Properties,1,"4,300",50 to 60,500 to 600,Dec-23
THE SAIL @ MARINA BAY,MARINA BOULEVARD,1,Non-Landed Properties,4,"12,750",200 to 210,"2,100 to 2,200",Dec-23
THE SAIL @ MARINA BAY,MARINA BOULEVARD,1,Non-Landed Properties,2,"7,100",80 to 90,800 to 900,Dec-23
THE SAIL @ MARINA BAY,MARINA BOULEVARD,1,Non-Landed Properties,2,"5,300",80 to 90,800 to 900,Dec-23
THE SAIL @ MARINA BAY,MARINA BOULEVARD,1,Non-Landed Properties,1,"4,100",50 to 60,500 to 600,Dec-23
THE SAIL @ MARINA BAY,MARINA BOULEVARD,1,Non-Landed Properties,1,"4,250",60 to 70,600 to 700,Dec-23
THE SAIL @ MARINA BAY,MARINA BOULEVARD,1,Non-Landed Properties,1,"4,200",60 to 70,600 to 700,Dec-23
THE SAIL @ MARINA BAY,MARINA BOULEVARD,1,Non-Landed Properties,2,"5,900",80 to 90,800 to 900,Dec-23
THE SAIL @ MARINA BAY,MARINA BOULEVARD,1,Non-Landed Properties,1,"4,873",60 to 70,600 to 700,Dec-23
THE SAIL @ MARINA BAY,MARINA BOULEVARD,1,Non-Landed Properties,3,"7,200",100 to 110,"1,100 to 1,200",Dec-23
THE SAIL @ MARINA BAY,MARINA BOULEVARD,1,Non-Landed Properties,2,"6,000",80 to 90,800 to 900,Dec-23
THE SAIL @ MARINA BAY,MARINA BOULEVARD,1,Non-Landed Properties,1,"4,300",60 to 70,600 to 700,Dec-23
THE SAIL @ MARINA BAY,MARINA BOULEVARD,1,Non-Landed Properties,1,"5,000",60 to 70,600 to 700,Dec-23
THE SAIL @ MARINA BAY,MARINA BOULEVARD,1,Non-Landed Properties,1,"3,200",60 to 70,600 to 700,Dec-23
THE SAIL @ MARINA BAY,MARINA BOULEVARD,1,Non-Landed Properties,1,"4,800",60 to 70,600 to 700,Dec-23
THE SAIL @ MARINA BAY,MARINA BOULEVARD,1,Non-Landed Properties,1,"4,000",50 to 60,500 to 600,Dec-23
THE SAIL @ MARINA BAY,MARINA BOULEVARD,1,Non-Landed Properties,2,"7,500",80 to 90,"900 to 1,000",Dec-23
THE SAIL @ MARINA BAY,MARINA BOULEVARD,1,Non-Landed Properties,2,"5,300",80 to 90,800 to 900,Dec-23
THE SAIL @ MARINA BAY,MARINA BOULEVARD,1,Non-Landed Properties,1,"4,500",50 to 60,500 to 600,Dec-23
THE SAIL @ MARINA BAY,MARINA BOULEVARD,1,Non-Landed Properties,1,"5,400",60 to 70,600 to 700,Dec-23
THE SAIL @ MARINA BAY,MARINA BOULEVARD,1,Non-Landed Properties,1,"4,200",60 to 70,600 to 700,Dec-23
THE SAIL @ MARINA BAY,MARINA BOULEVARD,1,Non-Landed Properties,3,"8,000",100 to 110,"1,100 to 1,200",Dec-23
THE SAIL @ MARINA BAY,MARINA BOULEVARD,1,Non-Landed Properties,1,"4,300",60 to 70,600 to 700,Dec-23
THE SAIL @ MARINA BAY,MARINA BOULEVARD,1,Non-Landed Properties,2,"6,700",90 to 100,"1,000 to 1,100",Dec-23
THE SAIL @ MARINA BAY,MARINA BOULEVARD,1,Non-Landed Properties,3,"10,500",170 to 180,"1,800 to 1,900",Dec-23
THE SAIL @ MARINA BAY,MARINA BOULEVARD,1,Non-Landed Properties,1,"4,300",50 to 60,500 to 600,Dec-23
THE SAIL @ MARINA BAY,MARINA BOULEVARD,1,Non-Landed Properties,1,"4,800",60 to 70,600 to 700,Dec-23
THE SAIL @ MARINA BAY,MARINA BOULEVARD,1,Non-Landed Properties,3,"7,500",100 to 110,"1,100 to 1,200",Dec-23
THE SAIL @ MARINA BAY,MARINA BOULEVARD,1,Non-Landed Properties,2,"5,200",80 to 90,800 to 900,Dec-23
THE SAIL @ MARINA BAY,MARINA BOULEVARD,1,Non-Landed Properties,2,"6,900",90 to 100,"1,000 to 1,100",Dec-23
THE RIVERSIDE PIAZZA,KENG CHEOW STREET,1,Non-Landed Properties,3,"5,000",110 to 120,"1,200 to 1,300",Dec-23
THE RIVERSIDE PIAZZA,KENG CHEOW STREET,1,Non-Landed Properties,2,"4,400",90 to 100,"1,000 to 1,100",Dec-23
PEOPLE'S PARK CENTRE,UPPER CROSS STREET,1,Non-Landed Properties,4,"5,500",200 to 210,"2,200 to 2,300",Dec-23
V ON SHENTON,SHENTON WAY,1,Non-Landed Properties,1,"3,500",40 to 50,400 to 500,Dec-23
V ON SHENTON,SHENTON WAY,1,Non-Landed Properties,1,"5,000",40 to 50,500 to 600,Dec-23
V ON SHENTON,SHENTON WAY,1,Non-Landed Properties,3,"9,000",140 to 150,"1,500 to 1,600",Dec-23
V ON SHENTON,SHENTON WAY,1,Non-Landed Properties,2,"5,800",80 to 90,"900 to 1,000",Dec-23
V ON SHENTON,SHENTON WAY,1,Non-Landed Properties,NA,"3,800",40 to 50,400 to 500,Dec-23
V ON SHENTON,SHENTON WAY,1,Non-Landed Properties,2,"8,000",100 to 110,"1,100 to 1,200",Dec-23
V ON SHENTON,SHENTON WAY,1,Non-Landed Properties,2,"5,650",80 to 90,"900 to 1,000",Dec-23
V ON SHENTON,SHENTON WAY,1,Non-Landed Properties,3,"9,200",120 to 130,"1,300 to 1,400",Dec-23
V ON SHENTON,SHENTON WAY,1,Non-Landed Properties,3,"8,800",140 to 150,"1,500 to 1,600",Dec-23
V ON SHENTON,SHENTON WAY,1,Non-Landed Properties,1,"4,200",40 to 50,500 to 600,Dec-23
V ON SHENTON,SHENTON WAY,1,Non-Landed Properties,1,"4,700",60 to 70,700 to 800,Dec-23
V ON SHENTON,SHENTON WAY,1,Non-Landed Properties,NA,"3,700",40 to 50,400 to 500,Dec-23
V ON SHENTON,SHENTON WAY,1,Non-Landed Properties,1,"4,200",60 to 70,700 to 800,Dec-23
V ON SHENTON,SHENTON WAY,1,Non-Landed Properties,2,"6,000",100 to 110,"1,100 to 1,200",Dec-23
V ON SHENTON,SHENTON WAY,1,Non-Landed Properties,2,"6,750",100 to 110,"1,000 to 1,100",Dec-23
V ON SHENTON,SHENTON WAY,1,Non-Landed Properties,2,"7,660",90 to 100,"1,000 to 1,100",Dec-23
V ON SHENTON,SHENTON WAY,1,Non-Landed Properties,1,"3,800",40 to 50,500 to 600,Dec-23
ROBINSON SUITES,ROBINSON ROAD,1,Non-Landed Properties,1,"4,000",40 to 50,400 to 500,Dec-23
ROBINSON SUITES,ROBINSON ROAD,1,Non-Landed Properties,2,"4,600",50 to 60,600 to 700,Dec-23
ROBINSON SUITES,ROBINSON ROAD,1,Non-Landed Properties,1,"3,700",40 to 50,400 to 500,Dec-23
ROBINSON SUITES,ROBINSON ROAD,1,Non-Landed Properties,1,"3,800",40 to 50,500 to 600,Dec-23
ROBINSON SUITES,ROBINSON ROAD,1,Non-Landed Properties,1,"4,100",40 to 50,400 to 500,Dec-23
ROBINSON SUITES,ROBINSON ROAD,1,Non-Landed Properties,1,"3,700",40 to 50,400 to 500,Dec-23
ROBINSON SUITES,ROBINSON ROAD,1,Non-Landed Properties,1,"3,800",40 to 50,400 to 500,Dec-23
MARINA BAY SUITES,CENTRAL BOULEVARD,1,Non-Landed Properties,3,"10,400",140 to 150,"1,500 to 1,600",Dec-23
MARINA BAY SUITES,CENTRAL BOULEVARD,1,Non-Landed Properties,4,"12,500",190 to 200,"2,000 to 2,100",Dec-23
MARINA BAY SUITES,CENTRAL BOULEVARD,1,Non-Landed Properties,3,"10,500",150 to 160,"1,600 to 1,700",Dec-23
MARINA BAY SUITES,CENTRAL BOULEVARD,1,Non-Landed Properties,3,"9,500",140 to 150,"1,500 to 1,600",Dec-23
MARINA BAY SUITES,CENTRAL BOULEVARD,1,Non-Landed Properties,3,"9,500",150 to 160,"1,600 to 1,700",Dec-23
MARINA BAY SUITES,CENTRAL BOULEVARD,1,Non-Landed Properties,4,"12,200",190 to 200,"2,000 to 2,100",Dec-23
MARINA BAY SUITES,CENTRAL BOULEVARD,1,Non-Landed Properties,4,"14,700",240 to 250,"2,600 to 2,700",Dec-23
MARINA BAY SUITES,CENTRAL BOULEVARD,1,Non-Landed Properties,3,"10,500",140 to 150,"1,500 to 1,600",Dec-23
RIVERWALK APARTMENTS,UPPER CIRCULAR ROAD,1,Non-Landed Properties,2,"5,900",110 to 120,"1,200 to 1,300",Dec-23
RIVERWALK APARTMENTS,UPPER CIRCULAR ROAD,1,Non-Landed Properties,3,"7,300",140 to 150,"1,600 to 1,700",Dec-23
RIVERWALK APARTMENTS,UPPER CIRCULAR ROAD,1,Non-Landed Properties,2,"5,000",110 to 120,"1,200 to 1,300",Dec-23
RIVERWALK APARTMENTS,UPPER CIRCULAR ROAD,1,Non-Landed Properties,2,"6,200",110 to 120,"1,200 to 1,300",Dec-23
RIVERWALK APARTMENTS,UPPER CIRCULAR ROAD,1,Non-Landed Properties,NA,"3,600",70 to 80,800 to 900,Dec-23
RIVERWALK APARTMENTS,UPPER CIRCULAR ROAD,1,Non-Landed Properties,NA,"3,700",70 to 80,800 to 900,Dec-23
RIVERWALK APARTMENTS,UPPER CIRCULAR ROAD,1,Non-Landed Properties,2,"5,800",110 to 120,"1,200 to 1,300",Dec-23
RIVERWALK APARTMENTS,UPPER CIRCULAR ROAD,1,Non-Landed Properties,3,"7,400",140 to 150,"1,600 to 1,700",Dec-23
MARINA BAY RESIDENCES,MARINA BOULEVARD,1,Non-Landed Properties,4,"19,500",220 to 230,"2,300 to 2,400",Dec-23
MARINA BAY RESIDENCES,MARINA BOULEVARD,1,Non-Landed Properties,1,"5,600",60 to 70,700 to 800,Dec-23
MARINA BAY RESIDENCES,MARINA BOULEVARD,1,Non-Landed Properties,2,"9,700",90 to 100,"1,000 to 1,100",Dec-23
MARINA BAY RESIDENCES,MARINA BOULEVARD,1,Non-Landed Properties,4,"19,000",220 to 230,"2,300 to 2,400",Dec-23
MARINA BAY RESIDENCES,MARINA BOULEVARD,1,Non-Landed Properties,2,"8,500",90 to 100,"1,000 to 1,100",Dec-23
MARINA BAY RESIDENCES,MARINA BOULEVARD,1,Non-Landed Properties,2,"8,400",100 to 110,"1,100 to 1,200",Dec-23
MARINA BAY RESIDENCES,MARINA BOULEVARD,1,Non-Landed Properties,2,"7,300",100 to 110,"1,100 to 1,200",Dec-23
MARINA BAY RESIDENCES,MARINA BOULEVARD,1,Non-Landed Properties,2,"7,750",90 to 100,"1,000 to 1,100",Dec-23
MARINA BAY RESIDENCES,MARINA BOULEVARD,1,Non-Landed Properties,1,"6,000",60 to 70,700 to 800,Dec-23
MARINA BAY RESIDENCES,MARINA BOULEVARD,1,Non-Landed Properties,2,"7,200",100 to 110,"1,100 to 1,200",Dec-23
MARINA BAY RESIDENCES,MARINA BOULEVARD,1,Non-Landed Properties,3,"18,000",180 to 190,"1,900 to 2,000",Dec-23
MARINA BAY RESIDENCES,MARINA BOULEVARD,1,Non-Landed Properties,3,"15,000",180 to 190,"1,900 to 2,000",Dec-23
MARINA BAY RESIDENCES,MARINA BOULEVARD,1,Non-Landed Properties,1,"5,870",60 to 70,700 to 800,Dec-23
MARINA BAY RESIDENCES,MARINA BOULEVARD,1,Non-Landed Properties,2,"8,000",90 to 100,"1,000 to 1,100",Dec-23
MARINA BAY RESIDENCES,MARINA BOULEVARD,1,Non-Landed Properties,2,"9,200",110 to 120,"1,200 to 1,300",Dec-23
THE CLIFT,MCCALLUM STREET,1,Non-Landed Properties,1,"4,000",40 to 50,500 to 600,Nov-23
THE CLIFT,MCCALLUM STREET,1,Non-Landed Properties,1,"4,400",40 to 50,500 to 600,Nov-23
THE CLIFT,MCCALLUM STREET,1,Non-Landed Properties,1,"4,300",40 to 50,500 to 600,Nov-23
THE CLIFT,MCCALLUM STREET,1,Non-Landed Properties,1,"5,800",70 to 80,700 to 800,Nov-23
THE CLIFT,MCCALLUM STREET,1,Non-Landed Properties,2,"5,500",70 to 80,700 to 800,Nov-23
THE CLIFT,MCCALLUM STREET,1,Non-Landed Properties,1,"5,200",70 to 80,700 to 800,Nov-23
THE CLIFT,MCCALLUM STREET,1,Non-Landed Properties,1,"4,200",40 to 50,400 to 500,Nov-23
THE CLIFT,MCCALLUM STREET,1,Non-Landed Properties,1,"5,500",70 to 80,700 to 800,Nov-23
THE CLIFT,MCCALLUM STREET,1,Non-Landed Properties,1,"4,000",40 to 50,400 to 500,Nov-23
THE CLIFT,MCCALLUM STREET,1,Non-Landed Properties,2,"5,450",70 to 80,700 to 800,Nov-23
ONE SHENTON,SHENTON WAY,1,Non-Landed Properties,1,"5,100",70 to 80,800 to 900,Nov-23
ONE SHENTON,SHENTON WAY,1,Non-Landed Properties,1,"5,000",70 to 80,800 to 900,Nov-23
ONE SHENTON,SHENTON WAY,1,Non-Landed Properties,1,"5,250",80 to 90,"900 to 1,000",Nov-23
ONE SHENTON,SHENTON WAY,1,Non-Landed Properties,1,"4,500",40 to 50,500 to 600,Nov-23
ONE SHENTON,SHENTON WAY,1,Non-Landed Properties,2,"6,300",110 to 120,"1,200 to 1,300",Nov-23
ONE SHENTON,SHENTON WAY,1,Non-Landed Properties,1,"4,000",50 to 60,600 to 700,Nov-23
ONE SHENTON,SHENTON WAY,1,Non-Landed Properties,2,"7,300",100 to 110,"1,100 to 1,200",Nov-23
ONE SHENTON,SHENTON WAY,1,Non-Landed Properties,1,"5,150",70 to 80,800 to 900,Nov-23
ONE SHENTON,SHENTON WAY,1,Non-Landed Properties,1,"5,000",80 to 90,"900 to 1,000",Nov-23
ONE SHENTON,SHENTON WAY,1,Non-Landed Properties,1,"6,250",80 to 90,"900 to 1,000",Nov-23
ONE SHENTON,SHENTON WAY,1,Non-Landed Properties,2,"5,000",80 to 90,"900 to 1,000",Nov-23
PEOPLE'S PARK COMPLEX,PARK ROAD,1,Non-Landed Properties,3,"5,500",90 to 100,"900 to 1,000",Nov-23
PEOPLE'S PARK COMPLEX,PARK ROAD,1,Non-Landed Properties,1,"3,000",40 to 50,400 to 500,Nov-23
PEOPLE'S PARK COMPLEX,PARK ROAD,1,Non-Landed Properties,1,"1,400",30 to 40,400 to 500,Nov-23
PEOPLE'S PARK COMPLEX,PARK ROAD,1,Non-Landed Properties,4,"6,000",140 to 150,"1,600 to 1,700",Nov-23
PEOPLE'S PARK COMPLEX,PARK ROAD,1,Non-Landed Properties,1,"2,800",30 to 40,400 to 500,Nov-23
PEOPLE'S PARK COMPLEX,PARK ROAD,1,Non-Landed Properties,1,"2,800",30 to 40,400 to 500,Nov-23
PEOPLE'S PARK COMPLEX,PARK ROAD,1,Non-Landed Properties,1,"2,300",30 to 40,400 to 500,Nov-23
EMERALD GARDEN,CLUB STREET,1,Non-Landed Properties,2,"5,500",80 to 90,"900 to 1,000",Nov-23
EMERALD GARDEN,CLUB STREET,1,Non-Landed Properties,2,"5,780",90 to 100,"1,000 to 1,100",Nov-23
MARINA ONE RESIDENCES,MARINA WAY,1,Non-Landed Properties,1,"5,200",60 to 70,600 to 700,Nov-23
MARINA ONE RESIDENCES,MARINA WAY,1,Non-Landed Properties,3,"11,500",130 to 140,"1,500 to 1,600",Nov-23
MARINA ONE RESIDENCES,MARINA WAY,1,Non-Landed Properties,1,"4,700",60 to 70,700 to 800,Nov-23
MARINA ONE RESIDENCES,MARINA WAY,1,Non-Landed Properties,1,"4,500",60 to 70,600 to 700,Nov-23
MARINA ONE RESIDENCES,MARINA WAY,1,Non-Landed Properties,1,"6,300",70 to 80,700 to 800,Nov-23
MARINA ONE RESIDENCES,MARINA WAY,1,Non-Landed Properties,1,"4,350",60 to 70,600 to 700,Nov-23
MARINA ONE RESIDENCES,MARINA WAY,1,Non-Landed Properties,1,"5,000",60 to 70,600 to 700,Nov-23
MARINA ONE RESIDENCES,MARINA WAY,1,Non-Landed Properties,1,"4,500",60 to 70,700 to 800,Nov-23
MARINA ONE RESIDENCES,MARINA WAY,1,Non-Landed Properties,1,"4,300",60 to 70,700 to 800,Nov-23
MARINA ONE RESIDENCES,MARINA WAY,1,Non-Landed Properties,2,"8,200",100 to 110,"1,100 to 1,200",Nov-23
MARINA ONE RESIDENCES,MARINA WAY,1,Non-Landed Properties,1,"5,300",60 to 70,600 to 700,Nov-23
MARINA ONE RESIDENCES,MARINA WAY,1,Non-Landed Properties,1,"5,200",60 to 70,600 to 700,Nov-23
MARINA ONE RESIDENCES,MARINA WAY,1,Non-Landed Properties,3,"11,650",140 to 150,"1,500 to 1,600",Nov-23
MARINA ONE RESIDENCES,MARINA WAY,1,Non-Landed Properties,1,"5,450",60 to 70,700 to 800,Nov-23
MARINA ONE RESIDENCES,MARINA WAY,1,Non-Landed Properties,2,"7,600",100 to 110,"1,100 to 1,200",Nov-23
MARINA ONE RESIDENCES,MARINA WAY,1,Non-Landed Properties,1,"4,800",60 to 70,600 to 700,Nov-23
MARINA ONE RESIDENCES,MARINA WAY,1,Non-Landed Properties,1,"4,800",60 to 70,700 to 800,Nov-23
MARINA ONE RESIDENCES,MARINA WAY,1,Non-Landed Properties,3,"10,000",140 to 150,"1,500 to 1,600",Nov-23
MARINA ONE RESIDENCES,MARINA WAY,1,Non-Landed Properties,1,"5,500",60 to 70,700 to 800,Nov-23
MARINA ONE RESIDENCES,MARINA WAY,1,Non-Landed Properties,3,"15,200",140 to 150,"1,500 to 1,600",Nov-23
MARINA ONE RESIDENCES,MARINA WAY,1,Non-Landed Properties,1,"5,000",60 to 70,700 to 800,Nov-23
MARINA ONE RESIDENCES,MARINA WAY,1,Non-Landed Properties,2,"8,000",100 to 110,"1,100 to 1,200",Nov-23
MARINA ONE RESIDENCES,MARINA WAY,1,Non-Landed Properties,1,"4,800",60 to 70,600 to 700,Nov-23
MARINA ONE RESIDENCES,MARINA WAY,1,Non-Landed Properties,2,"7,300",90 to 100,"900 to 1,000",Nov-23
MARINA ONE RESIDENCES,MARINA WAY,1,Non-Landed Properties,1,"5,000",60 to 70,700 to 800,Nov-23
MARINA ONE RESIDENCES,MARINA WAY,1,Non-Landed Properties,1,"4,400",60 to 70,700 to 800,Nov-23
MARINA ONE RESIDENCES,MARINA WAY,1,Non-Landed Properties,1,"5,200",60 to 70,700 to 800,Nov-23
MARINA ONE RESIDENCES,MARINA WAY,1,Non-Landed Properties,2,"7,800",100 to 110,"1,100 to 1,200",Nov-23
MARINA ONE RESIDENCES,MARINA WAY,1,Non-Landed Properties,1,"4,500",60 to 70,600 to 700,Nov-23
MARINA ONE RESIDENCES,MARINA WAY,1,Non-Landed Properties,1,"4,800",60 to 70,700 to 800,Nov-23
THE SAIL @ MARINA BAY,MARINA BOULEVARD,1,Non-Landed Properties,2,"6,000",70 to 80,800 to 900,Nov-23
THE SAIL @ MARINA BAY,MARINA BOULEVARD,1,Non-Landed Properties,2,"6,994",70 to 80,800 to 900,Nov-23
THE SAIL @ MARINA BAY,MARINA BOULEVARD,1,Non-Landed Properties,1,"5,200",60 to 70,600 to 700,Nov-23
THE SAIL @ MARINA BAY,MARINA BOULEVARD,1,Non-Landed Properties,1,"4,500",50 to 60,600 to 700,Nov-23
THE SAIL @ MARINA BAY,MARINA BOULEVARD,1,Non-Landed Properties,1,"4,300",50 to 60,600 to 700,Nov-23
THE SAIL @ MARINA BAY,MARINA BOULEVARD,1,Non-Landed Properties,3,"9,000",130 to 140,"1,400 to 1,500",Nov-23
THE SAIL @ MARINA BAY,MARINA BOULEVARD,1,Non-Landed Properties,1,"5,800",70 to 80,700 to 800,Nov-23
THE SAIL @ MARINA BAY,MARINA BOULEVARD,1,Non-Landed Properties,2,"6,050",70 to 80,800 to 900,Nov-23
THE SAIL @ MARINA BAY,MARINA BOULEVARD,1,Non-Landed Properties,2,"6,500",70 to 80,800 to 900,Nov-23
THE SAIL @ MARINA BAY,MARINA BOULEVARD,1,Non-Landed Properties,2,"5,000",70 to 80,800 to 900,Nov-23
THE SAIL @ MARINA BAY,MARINA BOULEVARD,1,Non-Landed Properties,2,"6,800",70 to 80,800 to 900,Nov-23
THE SAIL @ MARINA BAY,MARINA BOULEVARD,1,Non-Landed Properties,3,"7,800",120 to 130,"1,300 to 1,400",Nov-23
THE SAIL @ MARINA BAY,MARINA BOULEVARD,1,Non-Landed Properties,1,"4,800",50 to 60,600 to 700,Nov-23
THE SAIL @ MARINA BAY,MARINA BOULEVARD,1,Non-Landed Properties,2,"6,200",80 to 90,"900 to 1,000",Nov-23
THE SAIL @ MARINA BAY,MARINA BOULEVARD,1,Non-Landed Properties,2,"5,800",70 to 80,800 to 900,Nov-23
THE SAIL @ MARINA BAY,MARINA BOULEVARD,1,Non-Landed Properties,1,"4,500",60 to 70,600 to 700,Nov-23
THE SAIL @ MARINA BAY,MARINA BOULEVARD,1,Non-Landed Properties,1,"4,600",50 to 60,600 to 700,Nov-23
THE SAIL @ MARINA BAY,MARINA BOULEVARD,1,Non-Landed Properties,1,"4,600",50 to 60,600 to 700,Nov-23
THE SAIL @ MARINA BAY,MARINA BOULEVARD,1,Non-Landed Properties,1,"4,200",50 to 60,600 to 700,Nov-23
THE SAIL @ MARINA BAY,MARINA BOULEVARD,1,Non-Landed Properties,1,"5,900",60 to 70,600 to 700,Nov-23
THE SAIL @ MARINA BAY,MARINA BOULEVARD,1,Non-Landed Properties,3,"7,000",100 to 110,"1,100 to 1,200",Nov-23
THE SAIL @ MARINA BAY,MARINA BOULEVARD,1,Non-Landed Properties,1,"6,837",60 to 70,600 to 700,Nov-23
THE SAIL @ MARINA BAY,MARINA BOULEVARD,1,Non-Landed Properties,2,"4,300",80 to 90,800 to 900,Nov-23
THE SAIL @ MARINA BAY,MARINA BOULEVARD,1,Non-Landed Properties,2,"6,750",80 to 90,800 to 900,Nov-23
THE SAIL @ MARINA BAY,MARINA BOULEVARD,1,Non-Landed Properties,1,"6,000",60 to 70,600 to 700,Nov-23
THE SAIL @ MARINA BAY,MARINA BOULEVARD,1,Non-Landed Properties,1,"4,300",60 to 70,600 to 700,Nov-23
THE SAIL @ MARINA BAY,MARINA BOULEVARD,1,Non-Landed Properties,1,"4,900",60 to 70,600 to 700,Nov-23
THE SAIL @ MARINA BAY,MARINA BOULEVARD,1,Non-Landed Properties,2,"9,000",80 to 90,800 to 900,Nov-23
THE SAIL @ MARINA BAY,MARINA BOULEVARD,1,Non-Landed Properties,1,"4,500",60 to 70,600 to 700,Nov-23
THE SAIL @ MARINA BAY,MARINA BOULEVARD,1,Non-Landed Properties,1,"4,800",60 to 70,600 to 700,Nov-23
THE SAIL @ MARINA BAY,MARINA BOULEVARD,1,Non-Landed Properties,1,"5,000",60 to 70,600 to 700,Nov-23
THE SAIL @ MARINA BAY,MARINA BOULEVARD,1,Non-Landed Properties,1,"4,900",60 to 70,600 to 700,Nov-23
THE SAIL @ MARINA BAY,MARINA BOULEVARD,1,Non-Landed Properties,2,"6,500",90 to 100,"1,000 to 1,100",Nov-23
THE SAIL @ MARINA BAY,MARINA BOULEVARD,1,Non-Landed Properties,2,"6,600",90 to 100,"1,000 to 1,100",Nov-23
THE SAIL @ MARINA BAY,MARINA BOULEVARD,1,Non-Landed Properties,2,"6,350",80 to 90,"900 to 1,000",Nov-23
THE SAIL @ MARINA BAY,MARINA BOULEVARD,1,Non-Landed Properties,2,"6,000",80 to 90,800 to 900,Nov-23
THE SAIL @ MARINA BAY,MARINA BOULEVARD,1,Non-Landed Properties,3,"7,500",100 to 110,"1,100 to 1,200",Nov-23
THE SAIL @ MARINA BAY,MARINA BOULEVARD,1,Non-Landed Properties,1,"4,850",60 to 70,600 to 700,Nov-23
THE SAIL @ MARINA BAY,MARINA BOULEVARD,1,Non-Landed Properties,1,"4,900",60 to 70,600 to 700,Nov-23
THE SAIL @ MARINA BAY,MARINA BOULEVARD,1,Non-Landed Properties,1,"4,500",50 to 60,500 to 600,Nov-23
V ON SHENTON,SHENTON WAY,1,Non-Landed Properties,2,"6,000",80 to 90,"900 to 1,000",Nov-23
V ON SHENTON,SHENTON WAY,1,Non-Landed Properties,1,"4,700",60 to 70,700 to 800,Nov-23
V ON SHENTON,SHENTON WAY,1,Non-Landed Properties,NA,"3,600",40 to 50,400 to 500,Nov-23
V ON SHENTON,SHENTON WAY,1,Non-Landed Properties,1,"5,000",60 to 70,700 to 800,Nov-23
V ON SHENTON,SHENTON WAY,1,Non-Landed Properties,NA,"3,900",40 to 50,400 to 500,Nov-23
V ON SHENTON,SHENTON WAY,1,Non-Landed Properties,1,"4,000",60 to 70,700 to 800,Nov-23
V ON SHENTON,SHENTON WAY,1,Non-Landed Properties,1,"4,300",40 to 50,400 to 500,Nov-23
V ON SHENTON,SHENTON WAY,1,Non-Landed Properties,NA,"3,300",40 to 50,400 to 500,Nov-23
V ON SHENTON,SHENTON WAY,1,Non-Landed Properties,2,"6,600",90 to 100,"1,000 to 1,100",Nov-23
V ON SHENTON,SHENTON WAY,1,Non-Landed Properties,2,"6,200",110 to 120,"1,200 to 1,300",Nov-23
V ON SHENTON,SHENTON WAY,1,Non-Landed Properties,NA,"4,000",40 to 50,400 to 500,Nov-23
V ON SHENTON,SHENTON WAY,1,Non-Landed Properties,NA,"3,400",40 to 50,400 to 500,Nov-23
V ON SHENTON,SHENTON WAY,1,Non-Landed Properties,2,"7,000",90 to 100,"1,000 to 1,100",Nov-23
V ON SHENTON,SHENTON WAY,1,Non-Landed Properties,2,"6,000",90 to 100,"1,000 to 1,100",Nov-23
ROBINSON SUITES,ROBINSON ROAD,1,Non-Landed Properties,1,"4,000",40 to 50,400 to 500,Nov-23
ROBINSON SUITES,ROBINSON ROAD,1,Non-Landed Properties,1,"4,200",40 to 50,400 to 500,Nov-23
ROBINSON SUITES,ROBINSON ROAD,1,Non-Landed Properties,1,"3,700",40 to 50,500 to 600,Nov-23
ROBINSON SUITES,ROBINSON ROAD,1,Non-Landed Properties,2,"4,400",50 to 60,600 to 700,Nov-23
ROBINSON SUITES,ROBINSON ROAD,1,Non-Landed Properties,1,"3,500",40 to 50,500 to 600,Nov-23
MARINA BAY SUITES,CENTRAL BOULEVARD,1,Non-Landed Properties,3,"9,000",150 to 160,"1,600 to 1,700",Nov-23
MARINA BAY SUITES,CENTRAL BOULEVARD,1,Non-Landed Properties,3,"9,350",140 to 150,"1,600 to 1,700",Nov-23
MARINA BAY SUITES,CENTRAL BOULEVARD,1,Non-Landed Properties,4,"14,000",190 to 200,"2,000 to 2,100",Nov-23
MARINA BAY SUITES,CENTRAL BOULEVARD,1,Non-Landed Properties,4,"13,500",190 to 200,"2,000 to 2,100",Nov-23
MARINA BAY SUITES,CENTRAL BOULEVARD,1,Non-Landed Properties,4,"15,000",240 to 250,"2,600 to 2,700",Nov-23
MARINA BAY SUITES,CENTRAL BOULEVARD,1,Non-Landed Properties,3,"9,000",140 to 150,"1,500 to 1,600",Nov-23
MARINA BAY SUITES,CENTRAL BOULEVARD,1,Non-Landed Properties,4,"15,000",240 to 250,"2,600 to 2,700",Nov-23
RIVERWALK APARTMENTS,UPPER CIRCULAR ROAD,1,Non-Landed Properties,NA,"4,200",70 to 80,800 to 900,Nov-23
RIVERWALK APARTMENTS,UPPER CIRCULAR ROAD,1,Non-Landed Properties,3,"8,100",140 to 150,"1,600 to 1,700",Nov-23
RIVERWALK APARTMENTS,UPPER CIRCULAR ROAD,1,Non-Landed Properties,3,"6,900",140 to 150,"1,600 to 1,700",Nov-23
RIVERWALK APARTMENTS,UPPER CIRCULAR ROAD,1,Non-Landed Properties,3,"6,700",140 to 150,"1,600 to 1,700",Nov-23
MARINA BAY RESIDENCES,MARINA BOULEVARD,1,Non-Landed Properties,2,"8,000",110 to 120,"1,200 to 1,300",Nov-23
MARINA BAY RESIDENCES,MARINA BOULEVARD,1,Non-Landed Properties,3,"11,800",150 to 160,"1,600 to 1,700",Nov-23
MARINA BAY RESIDENCES,MARINA BOULEVARD,1,Non-Landed Properties,1,"5,800",60 to 70,700 to 800,Nov-23
MARINA BAY RESIDENCES,MARINA BOULEVARD,1,Non-Landed Properties,1,"5,800",60 to 70,700 to 800,Nov-23
MARINA BAY RESIDENCES,MARINA BOULEVARD,1,Non-Landed Properties,2,"8,800",110 to 120,"1,200 to 1,300",Nov-23
MARINA BAY RESIDENCES,MARINA BOULEVARD,1,Non-Landed Properties,3,"10,500",150 to 160,"1,600 to 1,700",Nov-23
MARINA BAY RESIDENCES,MARINA BOULEVARD,1,Non-Landed Properties,2,"8,000",100 to 110,"1,100 to 1,200",Nov-23
MARINA BAY RESIDENCES,MARINA BOULEVARD,1,Non-Landed Properties,1,"5,600",60 to 70,700 to 800,Nov-23
MARINA BAY RESIDENCES,MARINA BOULEVARD,1,Non-Landed Properties,2,"7,000",110 to 120,"1,200 to 1,300",Nov-23
MARINA BAY RESIDENCES,MARINA BOULEVARD,1,Non-Landed Properties,2,"8,300",90 to 100,"1,000 to 1,100",Nov-23
THE CLIFT,MCCALLUM STREET,1,Non-Landed Properties,2,"5,200",70 to 80,700 to 800,Oct-23
THE CLIFT,MCCALLUM STREET,1,Non-Landed Properties,1,"4,250",40 to 50,500 to 600,Oct-23
THE CLIFT,MCCALLUM STREET,1,Non-Landed Properties,1,"4,200",40 to 50,400 to 500,Oct-23
THE CLIFT,MCCALLUM STREET,1,Non-Landed Properties,1,"4,500",40 to 50,500 to 600,Oct-23
THE CLIFT,MCCALLUM STREET,1,Non-Landed Properties,2,"5,500",70 to 80,700 to 800,Oct-23
THE CLIFT,MCCALLUM STREET,1,Non-Landed Properties,1,"4,100",40 to 50,500 to 600,Oct-23
THE CLIFT,MCCALLUM STREET,1,Non-Landed Properties,1,"3,700",40 to 50,500 to 600,Oct-23
THE CLIFT,MCCALLUM STREET,1,Non-Landed Properties,2,"5,000",70 to 80,700 to 800,Oct-23
THE CLIFT,MCCALLUM STREET,1,Non-Landed Properties,1,"5,250",40 to 50,500 to 600,Oct-23
THE CLIFT,MCCALLUM STREET,1,Non-Landed Properties,1,"4,200",40 to 50,500 to 600,Oct-23
THE CLIFT,MCCALLUM STREET,1,Non-Landed Properties,1,"4,500",50 to 60,500 to 600,Oct-23
ONE SHENTON,SHENTON WAY,1,Non-Landed Properties,2,"6,500",100 to 110,"1,100 to 1,200",Oct-23
ONE SHENTON,SHENTON WAY,1,Non-Landed Properties,2,"6,200",90 to 100,"1,000 to 1,100",Oct-23
ONE SHENTON,SHENTON WAY,1,Non-Landed Properties,1,"6,200",80 to 90,"900 to 1,000",Oct-23
ONE SHENTON,SHENTON WAY,1,Non-Landed Properties,2,"7,200",100 to 110,"1,100 to 1,200",Oct-23
ONE SHENTON,SHENTON WAY,1,Non-Landed Properties,1,"4,750",40 to 50,500 to 600,Oct-23
ONE SHENTON,SHENTON WAY,1,Non-Landed Properties,4,"10,000",170 to 180,"1,800 to 1,900",Oct-23
ONE SHENTON,SHENTON WAY,1,Non-Landed Properties,3,"8,500",140 to 150,"1,500 to 1,600",Oct-23
ONE SHENTON,SHENTON WAY,1,Non-Landed Properties,1,"4,700",80 to 90,"900 to 1,000",Oct-23
ONE SHENTON,SHENTON WAY,1,Non-Landed Properties,1,"4,500",50 to 60,600 to 700,Oct-23
ONE SHENTON,SHENTON WAY,1,Non-Landed Properties,1,"4,600",50 to 60,500 to 600,Oct-23
ONE SHENTON,SHENTON WAY,1,Non-Landed Properties,2,"6,600",100 to 110,"1,000 to 1,100",Oct-23
FOOK HAI BUILDING,SOUTH BRIDGE ROAD,1,Non-Landed Properties,3,"4,500",140 to 150,"1,600 to 1,700",Oct-23
PEOPLE'S PARK COMPLEX,PARK ROAD,1,Non-Landed Properties,1,"1,600",30 to 40,400 to 500,Oct-23
PEOPLE'S PARK COMPLEX,PARK ROAD,1,Non-Landed Properties,1,"2,000",30 to 40,400 to 500,Oct-23
PEOPLE'S PARK COMPLEX,PARK ROAD,1,Non-Landed Properties,1,"2,100",30 to 40,400 to 500,Oct-23
PEOPLE'S PARK COMPLEX,PARK ROAD,1,Non-Landed Properties,1,"2,550",40 to 50,400 to 500,Oct-23
PEOPLE'S PARK COMPLEX,PARK ROAD,1,Non-Landed Properties,1,"2,200",40 to 50,400 to 500,Oct-23
PEOPLE'S PARK COMPLEX,PARK ROAD,1,Non-Landed Properties,3,"5,350",100 to 110,"1,100 to 1,200",Oct-23
PEOPLE'S PARK COMPLEX,PARK ROAD,1,Non-Landed Properties,1,"2,800",30 to 40,400 to 500,Oct-23
EMERALD GARDEN,CLUB STREET,1,Non-Landed Properties,2,"6,500",100 to 110,"1,100 to 1,200",Oct-23
EMERALD GARDEN,CLUB STREET,1,Non-Landed Properties,3,"6,000",110 to 120,"1,200 to 1,300",Oct-23
EMERALD GARDEN,CLUB STREET,1,Non-Landed Properties,2,"5,500",90 to 100,"1,000 to 1,100",Oct-23
EMERALD GARDEN,CLUB STREET,1,Non-Landed Properties,1,"4,800",70 to 80,800 to 900,Oct-23
EMERALD GARDEN,CLUB STREET,1,Non-Landed Properties,1,"4,900",80 to 90,"900 to 1,000",Oct-23
EMERALD GARDEN,CLUB STREET,1,Non-Landed Properties,2,"4,200",90 to 100,"900 to 1,000",Oct-23
EMERALD GARDEN,CLUB STREET,1,Non-Landed Properties,2,"4,500",90 to 100,"900 to 1,000",Oct-23
EMERALD GARDEN,CLUB STREET,1,Non-Landed Properties,3,"6,500",110 to 120,"1,200 to 1,300",Oct-23
EMERALD GARDEN,CLUB STREET,1,Non-Landed Properties,2,"5,000",90 to 100,"900 to 1,000",Oct-23
EMERALD GARDEN,CLUB STREET,1,Non-Landed Properties,2,"6,200",100 to 110,"1,100 to 1,200",Oct-23
EMERALD GARDEN,CLUB STREET,1,Non-Landed Properties,2,"4,800",80 to 90,"900 to 1,000",Oct-23
MARINA ONE RESIDENCES,MARINA WAY,1,Non-Landed Properties,1,"4,800",60 to 70,700 to 800,Oct-23
MARINA ONE RESIDENCES,MARINA WAY,1,Non-Landed Properties,1,"4,500",60 to 70,700 to 800,Oct-23
MARINA ONE RESIDENCES,MARINA WAY,1,Non-Landed Properties,2,"7,000",90 to 100,"1,000 to 1,100",Oct-23
MARINA ONE RESIDENCES,MARINA WAY,1,Non-Landed Properties,1,"5,000",60 to 70,700 to 800,Oct-23
MARINA ONE RESIDENCES,MARINA WAY,1,Non-Landed Properties,2,"8,000",100 to 110,"1,100 to 1,200",Oct-23
MARINA ONE RESIDENCES,MARINA WAY,1,Non-Landed Properties,1,"5,200",60 to 70,700 to 800,Oct-23
MARINA ONE RESIDENCES,MARINA WAY,1,Non-Landed Properties,1,"5,100",60 to 70,700 to 800,Oct-23
MARINA ONE RESIDENCES,MARINA WAY,1,Non-Landed Properties,1,"5,000",70 to 80,700 to 800,Oct-23
MARINA ONE RESIDENCES,MARINA WAY,1,Non-Landed Properties,1,"5,100",60 to 70,700 to 800,Oct-23
MARINA ONE RESIDENCES,MARINA WAY,1,Non-Landed Properties,2,"6,800",100 to 110,"1,100 to 1,200",Oct-23
MARINA ONE RESIDENCES,MARINA WAY,1,Non-Landed Properties,2,"7,300",100 to 110,"1,100 to 1,200",Oct-23
MARINA ONE RESIDENCES,MARINA WAY,1,Non-Landed Properties,2,"7,600",100 to 110,"1,100 to 1,200",Oct-23
MARINA ONE RESIDENCES,MARINA WAY,1,Non-Landed Properties,1,"5,200",60 to 70,700 to 800,Oct-23
MARINA ONE RESIDENCES,MARINA WAY,1,Non-Landed Properties,3,"12,500",140 to 150,"1,500 to 1,600",Oct-23
MARINA ONE RESIDENCES,MARINA WAY,1,Non-Landed Properties,2,"8,200",110 to 120,"1,200 to 1,300",Oct-23
MARINA ONE RESIDENCES,MARINA WAY,1,Non-Landed Properties,1,"5,500",60 to 70,700 to 800,Oct-23
MARINA ONE RESIDENCES,MARINA WAY,1,Non-Landed Properties,3,"9,500",140 to 150,"1,500 to 1,600",Oct-23
MARINA ONE RESIDENCES,MARINA WAY,1,Non-Landed Properties,1,"5,400",60 to 70,700 to 800,Oct-23
MARINA ONE RESIDENCES,MARINA WAY,1,Non-Landed Properties,2,"8,000",100 to 110,"1,100 to 1,200",Oct-23
MARINA ONE RESIDENCES,MARINA WAY,1,Non-Landed Properties,3,"10,400",130 to 140,"1,500 to 1,600",Oct-23
MARINA ONE RESIDENCES,MARINA WAY,1,Non-Landed Properties,2,"7,000",100 to 110,"1,100 to 1,200",Oct-23
MARINA ONE RESIDENCES,MARINA WAY,1,Non-Landed Properties,3,"11,000",130 to 140,"1,500 to 1,600",Oct-23
MARINA ONE RESIDENCES,MARINA WAY,1,Non-Landed Properties,1,"5,800",60 to 70,600 to 700,Oct-23
MARINA ONE RESIDENCES,MARINA WAY,1,Non-Landed Properties,2,"8,500",100 to 110,"1,100 to 1,200",Oct-23
MARINA ONE RESIDENCES,MARINA WAY,1,Non-Landed Properties,2,"8,400",100 to 110,"1,100 to 1,200",Oct-23
MARINA ONE RESIDENCES,MARINA WAY,1,Non-Landed Properties,2,"7,800",100 to 110,"1,100 to 1,200",Oct-23
MARINA ONE RESIDENCES,MARINA WAY,1,Non-Landed Properties,2,"8,300",100 to 110,"1,100 to 1,200",Oct-23
MARINA ONE RESIDENCES,MARINA WAY,1,Non-Landed Properties,3,"9,000",140 to 150,"1,500 to 1,600",Oct-23
MARINA ONE RESIDENCES,MARINA WAY,1,Non-Landed Properties,1,"5,800",70 to 80,700 to 800,Oct-23
MARINA ONE RESIDENCES,MARINA WAY,1,Non-Landed Properties,1,"5,300",60 to 70,600 to 700,Oct-23
MARINA ONE RESIDENCES,MARINA WAY,1,Non-Landed Properties,2,"7,700",100 to 110,"1,100 to 1,200",Oct-23
MARINA ONE RESIDENCES,MARINA WAY,1,Non-Landed Properties,2,"7,000",90 to 100,"1,000 to 1,100",Oct-23
MARINA ONE RESIDENCES,MARINA WAY,1,Non-Landed Properties,1,"4,700",60 to 70,700 to 800,Oct-23
MARINA ONE RESIDENCES,MARINA WAY,1,Non-Landed Properties,2,"7,400",100 to 110,"1,100 to 1,200",Oct-23
MARINA ONE RESIDENCES,MARINA WAY,1,Non-Landed Properties,2,"9,000",100 to 110,"1,100 to 1,200",Oct-23
MARINA ONE RESIDENCES,MARINA WAY,1,Non-Landed Properties,1,"6,000",60 to 70,700 to 800,Oct-23
MARINA ONE RESIDENCES,MARINA WAY,1,Non-Landed Properties,3,"12,000",140 to 150,"1,500 to 1,600",Oct-23
MARINA ONE RESIDENCES,MARINA WAY,1,Non-Landed Properties,1,"5,000",60 to 70,700 to 800,Oct-23
MARINA ONE RESIDENCES,MARINA WAY,1,Non-Landed Properties,2,"8,100",100 to 110,"1,100 to 1,200",Oct-23
MARINA ONE RESIDENCES,MARINA WAY,1,Non-Landed Properties,1,"4,900",60 to 70,700 to 800,Oct-23
MARINA ONE RESIDENCES,MARINA WAY,1,Non-Landed Properties,1,"5,800",60 to 70,700 to 800,Oct-23
THE SAIL @ MARINA BAY,MARINA BOULEVARD,1,Non-Landed Properties,3,"8,000",120 to 130,"1,300 to 1,400",Oct-23
THE SAIL @ MARINA BAY,MARINA BOULEVARD,1,Non-Landed Properties,1,"4,300",60 to 70,600 to 700,Oct-23
THE SAIL @ MARINA BAY,MARINA BOULEVARD,1,Non-Landed Properties,2,"6,000",70 to 80,800 to 900,Oct-23
THE SAIL @ MARINA BAY,MARINA BOULEVARD,1,Non-Landed Properties,1,"4,300",60 to 70,600 to 700,Oct-23
THE SAIL @ MARINA BAY,MARINA BOULEVARD,1,Non-Landed Properties,2,"5,900",70 to 80,800 to 900,Oct-23
THE SAIL @ MARINA BAY,MARINA BOULEVARD,1,Non-Landed Properties,2,"6,000",70 to 80,800 to 900,Oct-23
THE SAIL @ MARINA BAY,MARINA BOULEVARD,1,Non-Landed Properties,1,"4,600",60 to 70,600 to 700,Oct-23
THE SAIL @ MARINA BAY,MARINA BOULEVARD,1,Non-Landed Properties,1,"5,000",60 to 70,600 to 700,Oct-23
THE SAIL @ MARINA BAY,MARINA BOULEVARD,1,Non-Landed Properties,1,"5,600",50 to 60,600 to 700,Oct-23
THE SAIL @ MARINA BAY,MARINA BOULEVARD,1,Non-Landed Properties,1,"6,500",50 to 60,600 to 700,Oct-23
THE SAIL @ MARINA BAY,MARINA BOULEVARD,1,Non-Landed Properties,2,"6,999",90 to 100,"1,000 to 1,100",Oct-23
THE SAIL @ MARINA BAY,MARINA BOULEVARD,1,Non-Landed Properties,1,"4,800",50 to 60,600 to 700,Oct-23
THE SAIL @ MARINA BAY,MARINA BOULEVARD,1,Non-Landed Properties,1,"4,800",60 to 70,600 to 700,Oct-23
THE SAIL @ MARINA BAY,MARINA BOULEVARD,1,Non-Landed Properties,2,"7,500",90 to 100,"1,000 to 1,100",Oct-23
THE SAIL @ MARINA BAY,MARINA BOULEVARD,1,Non-Landed Properties,2,"5,500",80 to 90,800 to 900,Oct-23
THE SAIL @ MARINA BAY,MARINA BOULEVARD,1,Non-Landed Properties,1,"4,700",60 to 70,600 to 700,Oct-23
THE SAIL @ MARINA BAY,MARINA BOULEVARD,1,Non-Landed Properties,1,"4,100",50 to 60,500 to 600,Oct-23
THE SAIL @ MARINA BAY,MARINA BOULEVARD,1,Non-Landed Properties,3,"8,000",100 to 110,"1,100 to 1,200",Oct-23
THE SAIL @ MARINA BAY,MARINA BOULEVARD,1,Non-Landed Properties,2,"5,800",80 to 90,800 to 900,Oct-23
THE SAIL @ MARINA BAY,MARINA BOULEVARD,1,Non-Landed Properties,2,"7,000",80 to 90,800 to 900,Oct-23
THE SAIL @ MARINA BAY,MARINA BOULEVARD,1,Non-Landed Properties,2,"5,900",80 to 90,800 to 900,Oct-23
THE SAIL @ MARINA BAY,MARINA BOULEVARD,1,Non-Landed Properties,2,"6,300",80 to 90,800 to 900,Oct-23
THE SAIL @ MARINA BAY,MARINA BOULEVARD,1,Non-Landed Properties,1,"4,300",60 to 70,600 to 700,Oct-23
THE SAIL @ MARINA BAY,MARINA BOULEVARD,1,Non-Landed Properties,2,"7,200",80 to 90,800 to 900,Oct-23
THE SAIL @ MARINA BAY,MARINA BOULEVARD,1,Non-Landed Properties,2,"5,400",80 to 90,800 to 900,Oct-23
THE SAIL @ MARINA BAY,MARINA BOULEVARD,1,Non-Landed Properties,2,"5,500",80 to 90,800 to 900,Oct-23
THE SAIL @ MARINA BAY,MARINA BOULEVARD,1,Non-Landed Properties,3,"13,800",180 to 190,"1,900 to 2,000",Oct-23
THE SAIL @ MARINA BAY,MARINA BOULEVARD,1,Non-Landed Properties,2,"7,300",90 to 100,"1,000 to 1,100",Oct-23
THE SAIL @ MARINA BAY,MARINA BOULEVARD,1,Non-Landed Properties,3,"11,500",170 to 180,"1,800 to 1,900",Oct-23
THE SAIL @ MARINA BAY,MARINA BOULEVARD,1,Non-Landed Properties,4,"12,000",180 to 190,"2,000 to 2,100",Oct-23
THE SAIL @ MARINA BAY,MARINA BOULEVARD,1,Non-Landed Properties,1,"5,400",60 to 70,600 to 700,Oct-23
THE SAIL @ MARINA BAY,MARINA BOULEVARD,1,Non-Landed Properties,1,"4,200",60 to 70,600 to 700,Oct-23
THE SAIL @ MARINA BAY,MARINA BOULEVARD,1,Non-Landed Properties,3,"6,500",100 to 110,"1,100 to 1,200",Oct-23
THE SAIL @ MARINA BAY,MARINA BOULEVARD,1,Non-Landed Properties,1,"5,050",60 to 70,600 to 700,Oct-23
THE SAIL @ MARINA BAY,MARINA BOULEVARD,1,Non-Landed Properties,3,"13,600",170 to 180,"1,900 to 2,000",Oct-23
THE SAIL @ MARINA BAY,MARINA BOULEVARD,1,Non-Landed Properties,3,"8,800",100 to 110,"1,100 to 1,200",Oct-23
THE SAIL @ MARINA BAY,MARINA BOULEVARD,1,Non-Landed Properties,1,"4,500",50 to 60,500 to 600,Oct-23
THE SAIL @ MARINA BAY,MARINA BOULEVARD,1,Non-Landed Properties,2,"5,100",90 to 100,"900 to 1,000",Oct-23
THE SAIL @ MARINA BAY,MARINA BOULEVARD,1,Non-Landed Properties,2,"6,999",80 to 90,800 to 900,Oct-23
THE SAIL @ MARINA BAY,MARINA BOULEVARD,1,Non-Landed Properties,2,"7,000",90 to 100,"1,000 to 1,100",Oct-23
THE SAIL @ MARINA BAY,MARINA BOULEVARD,1,Non-Landed Properties,2,"7,000",90 to 100,"1,000 to 1,100",Oct-23
THE SAIL @ MARINA BAY,MARINA BOULEVARD,1,Non-Landed Properties,2,"8,000",80 to 90,"900 to 1,000",Oct-23
THE SAIL @ MARINA BAY,MARINA BOULEVARD,1,Non-Landed Properties,1,"4,735",50 to 60,500 to 600,Oct-23
THE SAIL @ MARINA BAY,MARINA BOULEVARD,1,Non-Landed Properties,3,"8,800",150 to 160,"1,700 to 1,800",Oct-23
THE SAIL @ MARINA BAY,MARINA BOULEVARD,1,Non-Landed Properties,2,"6,500",80 to 90,800 to 900,Oct-23
THE SAIL @ MARINA BAY,MARINA BOULEVARD,1,Non-Landed Properties,2,"6,500",80 to 90,"900 to 1,000",Oct-23
THE SAIL @ MARINA BAY,MARINA BOULEVARD,1,Non-Landed Properties,1,"4,600",60 to 70,600 to 700,Oct-23
THE SAIL @ MARINA BAY,MARINA BOULEVARD,1,Non-Landed Properties,2,"7,500",80 to 90,800 to 900,Oct-23
THE SAIL @ MARINA BAY,MARINA BOULEVARD,1,Non-Landed Properties,2,"6,200",80 to 90,800 to 900,Oct-23
THE SAIL @ MARINA BAY,MARINA BOULEVARD,1,Non-Landed Properties,1,"6,000",60 to 70,600 to 700,Oct-23
PEOPLE'S PARK CENTRE,UPPER CROSS STREET,1,Non-Landed Properties,3,"3,900",140 to 150,"1,500 to 1,600",Oct-23
V ON SHENTON,SHENTON WAY,1,Non-Landed Properties,1,"4,200",40 to 50,400 to 500,Oct-23
V ON SHENTON,SHENTON WAY,1,Non-Landed Properties,2,"7,950",110 to 120,"1,200 to 1,300",Oct-23
V ON SHENTON,SHENTON WAY,1,Non-Landed Properties,1,"5,300",60 to 70,700 to 800,Oct-23
V ON SHENTON,SHENTON WAY,1,Non-Landed Properties,NA,"3,600",40 to 50,400 to 500,Oct-23
V ON SHENTON,SHENTON WAY,1,Non-Landed Properties,1,"3,800",40 to 50,400 to 500,Oct-23
V ON SHENTON,SHENTON WAY,1,Non-Landed Properties,3,"9,500",140 to 150,"1,500 to 1,600",Oct-23
V ON SHENTON,SHENTON WAY,1,Non-Landed Properties,NA,"3,700",40 to 50,400 to 500,Oct-23
V ON SHENTON,SHENTON WAY,1,Non-Landed Properties,1,"3,300",40 to 50,500 to 600,Oct-23
V ON SHENTON,SHENTON WAY,1,Non-Landed Properties,1,"5,300",60 to 70,600 to 700,Oct-23
V ON SHENTON,SHENTON WAY,1,Non-Landed Properties,NA,"3,800",40 to 50,400 to 500,Oct-23
V ON SHENTON,SHENTON WAY,1,Non-Landed Properties,2,"8,400",110 to 120,"1,200 to 1,300",Oct-23
V ON SHENTON,SHENTON WAY,1,Non-Landed Properties,NA,"3,700",40 to 50,400 to 500,Oct-23
V ON SHENTON,SHENTON WAY,1,Non-Landed Properties,1,"5,000",60 to 70,700 to 800,Oct-23
V ON SHENTON,SHENTON WAY,1,Non-Landed Properties,NA,"3,800",40 to 50,400 to 500,Oct-23
V ON SHENTON,SHENTON WAY,1,Non-Landed Properties,NA,"4,000",40 to 50,400 to 500,Oct-23
V ON SHENTON,SHENTON WAY,1,Non-Landed Properties,2,"7,000",80 to 90,800 to 900,Oct-23
V ON SHENTON,SHENTON WAY,1,Non-Landed Properties,1,"4,100",40 to 50,400 to 500,Oct-23
V ON SHENTON,SHENTON WAY,1,Non-Landed Properties,2,"5,600",100 to 110,"1,100 to 1,200",Oct-23
V ON SHENTON,SHENTON WAY,1,Non-Landed Properties,2,"5,700",100 to 110,"1,000 to 1,100",Oct-23
V ON SHENTON,SHENTON WAY,1,Non-Landed Properties,2,"5,500",90 to 100,"1,000 to 1,100",Oct-23
V ON SHENTON,SHENTON WAY,1,Non-Landed Properties,1,"4,300",60 to 70,600 to 700,Oct-23
V ON SHENTON,SHENTON WAY,1,Non-Landed Properties,1,"5,000",40 to 50,500 to 600,Oct-23
ROBINSON SUITES,ROBINSON ROAD,1,Non-Landed Properties,2,"4,500",50 to 60,600 to 700,Oct-23
ROBINSON SUITES,ROBINSON ROAD,1,Non-Landed Properties,2,"4,500",50 to 60,600 to 700,Oct-23
ROBINSON SUITES,ROBINSON ROAD,1,Non-Landed Properties,1,"4,000",40 to 50,500 to 600,Oct-23
ROBINSON SUITES,ROBINSON ROAD,1,Non-Landed Properties,1,"3,800",40 to 50,500 to 600,Oct-23
MARINA BAY SUITES,CENTRAL BOULEVARD,1,Non-Landed Properties,4,"16,500",240 to 250,"2,600 to 2,700",Oct-23
MARINA BAY SUITES,CENTRAL BOULEVARD,1,Non-Landed Properties,4,"14,000",190 to 200,"2,000 to 2,100",Oct-23
MARINA BAY SUITES,CENTRAL BOULEVARD,1,Non-Landed Properties,3,"10,800",140 to 150,"1,600 to 1,700",Oct-23
MARINA BAY SUITES,CENTRAL BOULEVARD,1,Non-Landed Properties,3,"10,500",140 to 150,"1,500 to 1,600",Oct-23
RIVERWALK APARTMENTS,UPPER CIRCULAR ROAD,1,Non-Landed Properties,NA,"4,000",70 to 80,800 to 900,Oct-23
RIVERWALK APARTMENTS,UPPER CIRCULAR ROAD,1,Non-Landed Properties,3,"7,700",140 to 150,"1,600 to 1,700",Oct-23
MARINA BAY RESIDENCES,MARINA BOULEVARD,1,Non-Landed Properties,2,"8,000",100 to 110,"1,100 to 1,200",Oct-23
MARINA BAY RESIDENCES,MARINA BOULEVARD,1,Non-Landed Properties,1,"6,800",60 to 70,700 to 800,Oct-23
MARINA BAY RESIDENCES,MARINA BOULEVARD,1,Non-Landed Properties,2,"9,400",110 to 120,"1,200 to 1,300",Oct-23
MARINA BAY RESIDENCES,MARINA BOULEVARD,1,Non-Landed Properties,2,"8,500",90 to 100,"1,000 to 1,100",Oct-23
MARINA BAY RESIDENCES,MARINA BOULEVARD,1,Non-Landed Properties,1,"5,500",60 to 70,700 to 800,Oct-23
MARINA BAY RESIDENCES,MARINA BOULEVARD,1,Non-Landed Properties,1,"6,000",60 to 70,700 to 800,Oct-23
MARINA BAY RESIDENCES,MARINA BOULEVARD,1,Non-Landed Properties,2,"9,000",100 to 110,"1,100 to 1,200",Oct-23
MARINA BAY RESIDENCES,MARINA BOULEVARD,1,Non-Landed Properties,2,"8,400",90 to 100,"1,000 to 1,100",Oct-23
MARINA BAY RESIDENCES,MARINA BOULEVARD,1,Non-Landed Properties,3,"10,400",150 to 160,"1,600 to 1,700",Oct-23
MARINA BAY RESIDENCES,MARINA BOULEVARD,1,Non-Landed Properties,1,"6,340",60 to 70,700 to 800,Oct-23
MARINA BAY RESIDENCES,MARINA BOULEVARD,1,Non-Landed Properties,3,"10,400",150 to 160,"1,600 to 1,700",Oct-23
MARINA BAY RESIDENCES,MARINA BOULEVARD,1,Non-Landed Properties,1,"6,000",60 to 70,700 to 800,Oct-23
MARINA BAY RESIDENCES,MARINA BOULEVARD,1,Non-Landed Properties,2,"7,600",90 to 100,"900 to 1,000",Oct-23
MARINA BAY RESIDENCES,MARINA BOULEVARD,1,Non-Landed Properties,2,"8,000",110 to 120,"1,200 to 1,300",Oct-23
MARINA BAY RESIDENCES,MARINA BOULEVARD,1,Non-Landed Properties,2,"8,000",90 to 100,"1,000 to 1,100",Oct-23
MARINA BAY RESIDENCES,MARINA BOULEVARD,1,Non-Landed Properties,1,"5,300",60 to 70,700 to 800,Oct-23
MARINA BAY RESIDENCES,MARINA BOULEVARD,1,Non-Landed Properties,2,"8,500",110 to 120,"1,200 to 1,300",Oct-23
