Project Name,Street Name,Postal District,Property Type,No of Bedroom,Monthly Rent ($),Floor Area (SQM),Floor Area (SQFT),Lease Commencement Date
VERDUN HOUSE,VERDUN ROAD,8,Non-Landed Properties,NA,"8,500",160 to 170,"1,700 to 1,800",Aug-26
MAPLE LEAF ELITE 2,RANGOON ROAD,8,Non-Landed Properties,2,"4,000",50 to 60,500 to 600,Aug-26
KERRISDALE,STURDEE ROAD,8,Non-Landed Properties,3,"5,500",110 to 120,"1,200 to 1,300",Aug-26
KERRISDALE,STURDEE ROAD,8,Non-Landed Properties,2,"4,850",90 to 100,"900 to 1,000",Aug-26
KERRISDALE,STURDEE ROAD,8,Non-Landed Properties,4,"7,600",230 to 240,"2,500 to 2,600",Aug-26
KERRISDALE,STURDEE ROAD,8,Non-Landed Properties,3,"5,600",110 to 120,"1,200 to 1,300",Aug-26
KERRISDALE,STURDEE ROAD,8,Non-Landed Properties,3,"5,700",110 to 120,"1,200 to 1,300",Aug-26
KERRISDALE,STURDEE ROAD,8,Non-Landed Properties,3,"6,000",110 to 120,"1,200 to 1,300",Aug-26
KERRISDALE,STURDEE ROAD,8,Non-Landed Properties,3,"5,800",110 to 120,"1,200 to 1,300",Aug-26
KERRISDALE,STURDEE ROAD,8,Non-Landed Properties,3,"5,700",110 to 120,"1,200 to 1,300",Aug-26
KERRISDALE,STURDEE ROAD,8,Non-Landed Properties,2,"4,500",90 to 100,"900 to 1,000",Aug-26
KERRISDALE,STURDEE ROAD,8,Non-Landed Properties,4,"7,500",150 to 160,"1,600 to 1,700",Aug-26
CITY SQUARE RESIDENCES,KITCHENER LINK,8,Non-Landed Properties,1,"3,500",50 to 60,500 to 600,Aug-26
CITY SQUARE RESIDENCES,KITCHENER LINK,8,Non-Landed Properties,2,"4,300",70 to 80,800 to 900,Aug-26
CITY SQUARE RESIDENCES,KITCHENER LINK,8,Non-Landed Properties,3,"7,000",110 to 120,"1,200 to 1,300",Aug-26
CITY SQUARE RESIDENCES,KITCHENER LINK,8,Non-Landed Properties,1,"3,600",50 to 60,500 to 600,Aug-26
CITY SQUARE RESIDENCES,KITCHENER LINK,8,Non-Landed Properties,2,"5,000",70 to 80,800 to 900,Aug-26
CITY SQUARE RESIDENCES,KITCHENER LINK,8,Non-Landed Properties,2,"4,700",70 to 80,800 to 900,Aug-26
CITY SQUARE RESIDENCES,KITCHENER LINK,8,Non-Landed Properties,2,"4,800",70 to 80,800 to 900,Aug-26
CITY SQUARE RESIDENCES,KITCHENER LINK,8,Non-Landed Properties,2,"4,500",70 to 80,800 to 900,Aug-26
CITY SQUARE RESIDENCES,KITCHENER LINK,8,Non-Landed Properties,4,"6,900",140 to 150,"1,500 to 1,600",Aug-26
CITY SQUARE RESIDENCES,KITCHENER LINK,8,Non-Landed Properties,4,"7,000",140 to 150,"1,500 to 1,600",Aug-26
CITY SQUARE RESIDENCES,KITCHENER LINK,8,Non-Landed Properties,2,"4,900",70 to 80,800 to 900,Aug-26
CITY SQUARE RESIDENCES,KITCHENER LINK,8,Non-Landed Properties,3,"5,900",110 to 120,"1,200 to 1,300",Aug-26
CITY SQUARE RESIDENCES,KITCHENER LINK,8,Non-Landed Properties,4,"7,500",140 to 150,"1,500 to 1,600",Aug-26
CITY SQUARE RESIDENCES,KITCHENER LINK,8,Non-Landed Properties,2,"4,300",70 to 80,800 to 900,Aug-26
CITY SQUARE RESIDENCES,KITCHENER LINK,8,Non-Landed Properties,1,"3,500",50 to 60,500 to 600,Aug-26
CITY SQUARE RESIDENCES,KITCHENER LINK,8,Non-Landed Properties,1,"3,600",50 to 60,500 to 600,Aug-26
CITY SQUARE RESIDENCES,KITCHENER LINK,8,Non-Landed Properties,4,"6,500",130 to 140,"1,500 to 1,600",Aug-26
CITY SQUARE RESIDENCES,KITCHENER LINK,8,Non-Landed Properties,2,"4,500",80 to 90,800 to 900,Aug-26
CITY SQUARE RESIDENCES,KITCHENER LINK,8,Non-Landed Properties,2,"4,600",80 to 90,800 to 900,Aug-26
CITY SQUARE RESIDENCES,KITCHENER LINK,8,Non-Landed Properties,3,"5,300",110 to 120,"1,100 to 1,200",Aug-26
CITY SQUARE RESIDENCES,KITCHENER LINK,8,Non-Landed Properties,2,"4,500",70 to 80,800 to 900,Aug-26
CITY SQUARE RESIDENCES,KITCHENER LINK,8,Non-Landed Properties,3,"5,500",110 to 120,"1,100 to 1,200",Aug-26
CITY SQUARE RESIDENCES,KITCHENER LINK,8,Non-Landed Properties,3,"6,400",110 to 120,"1,200 to 1,300",Aug-26
CITY SQUARE RESIDENCES,KITCHENER LINK,8,Non-Landed Properties,1,"3,550",50 to 60,500 to 600,Aug-26
CITY SQUARE RESIDENCES,KITCHENER LINK,8,Non-Landed Properties,3,"6,200",110 to 120,"1,200 to 1,300",Aug-26
CITY SQUARE RESIDENCES,KITCHENER LINK,8,Non-Landed Properties,4,"6,500",130 to 140,"1,400 to 1,500",Aug-26
CITY SQUARE RESIDENCES,KITCHENER LINK,8,Non-Landed Properties,1,"3,400",50 to 60,500 to 600,Aug-26
CITY SQUARE RESIDENCES,KITCHENER LINK,8,Non-Landed Properties,3,"6,000",110 to 120,"1,100 to 1,200",Aug-26
CITY SQUARE RESIDENCES,KITCHENER LINK,8,Non-Landed Properties,1,"3,700",50 to 60,500 to 600,Aug-26
CITY SQUARE RESIDENCES,KITCHENER LINK,8,Non-Landed Properties,2,"4,400",70 to 80,800 to 900,Aug-26
CITY SQUARE RESIDENCES,KITCHENER LINK,8,Non-Landed Properties,2,"4,900",70 to 80,800 to 900,Aug-26
CITY SQUARE RESIDENCES,KITCHENER LINK,8,Non-Landed Properties,4,"7,500",130 to 140,"1,400 to 1,500",Aug-26
CITY SQUARE RESIDENCES,KITCHENER LINK,8,Non-Landed Properties,1,"3,400",50 to 60,500 to 600,Aug-26
CITY SQUARE RESIDENCES,KITCHENER LINK,8,Non-Landed Properties,3,"5,100",110 to 120,"1,100 to 1,200",Aug-26
CITY SQUARE RESIDENCES,KITCHENER LINK,8,Non-Landed Properties,1,"3,400",50 to 60,500 to 600,Aug-26
CITY SQUARE RESIDENCES,KITCHENER LINK,8,Non-Landed Properties,3,"6,800",110 to 120,"1,200 to 1,300",Aug-26
CITY SQUARE RESIDENCES,KITCHENER LINK,8,Non-Landed Properties,3,"5,700",110 to 120,"1,200 to 1,300",Aug-26
CITY SQUARE RESIDENCES,KITCHENER LINK,8,Non-Landed Properties,3,"6,500",110 to 120,"1,100 to 1,200",Aug-26
HERTFORD MANSION,HERTFORD ROAD,8,Non-Landed Properties,NA,"4,300",100 to 110,"1,100 to 1,200",Aug-26
STURDEE RESIDENCES,BEATTY ROAD,8,Non-Landed Properties,1,"3,400",30 to 40,400 to 500,Aug-26
STURDEE RESIDENCES,BEATTY ROAD,8,Non-Landed Properties,2,"3,900",50 to 60,500 to 600,Aug-26
STURDEE RESIDENCES,BEATTY ROAD,8,Non-Landed Properties,2,"4,450",60 to 70,600 to 700,Aug-26
STURDEE RESIDENCES,BEATTY ROAD,8,Non-Landed Properties,1,"3,400",30 to 40,400 to 500,Aug-26
STURDEE RESIDENCES,BEATTY ROAD,8,Non-Landed Properties,1,"3,100",30 to 40,400 to 500,Aug-26
STURDEE RESIDENCES,BEATTY ROAD,8,Non-Landed Properties,2,"4,200",60 to 70,600 to 700,Aug-26
STURDEE RESIDENCES,BEATTY ROAD,8,Non-Landed Properties,2,"4,000",60 to 70,600 to 700,Aug-26
STURDEE RESIDENCES,BEATTY ROAD,8,Non-Landed Properties,3,"5,400",90 to 100,"1,000 to 1,100",Aug-26
STURDEE RESIDENCES,BEATTY ROAD,8,Non-Landed Properties,1,"3,300",30 to 40,400 to 500,Aug-26
STURDEE RESIDENCES,BEATTY ROAD,8,Non-Landed Properties,3,"5,200",70 to 80,800 to 900,Aug-26
STURDEE RESIDENCES,BEATTY ROAD,8,Non-Landed Properties,1,"3,300",30 to 40,400 to 500,Aug-26
STURDEE RESIDENCES,BEATTY ROAD,8,Non-Landed Properties,2,"4,300",60 to 70,600 to 700,Aug-26
LOFT @ RANGOON,RANGOON ROAD,8,Non-Landed Properties,1,"3,000",30 to 40,400 to 500,Aug-26
LOFT @ RANGOON,RANGOON ROAD,8,Non-Landed Properties,1,"2,750",30 to 40,400 to 500,Aug-26
PARC SOMME,SOMME ROAD,8,Non-Landed Properties,2,"3,400",50 to 60,600 to 700,Aug-26
NON-LANDED HOUSING DEVELOPMENT,RACE COURSE ROAD,8,Non-Landed Properties,NA,"2,300",30 to 40,300 to 400,Aug-26
NON-LANDED HOUSING DEVELOPMENT,RACE COURSE ROAD,8,Non-Landed Properties,NA,"2,200",20 to 30,200 to 300,Aug-26
NON-LANDED HOUSING DEVELOPMENT,RACE COURSE ROAD,8,Non-Landed Properties,2,"2,750",70 to 80,700 to 800,Aug-26
NON-LANDED HOUSING DEVELOPMENT,RACE COURSE ROAD,8,Non-Landed Properties,NA,"2,250",40 to 50,500 to 600,Aug-26
NON-LANDED HOUSING DEVELOPMENT,RACE COURSE ROAD,8,Non-Landed Properties,1,"2,300",20 to 30,300 to 400,Aug-26
NON-LANDED HOUSING DEVELOPMENT,PENHAS ROAD,8,Non-Landed Properties,NA,"5,800",100 to 110,"1,100 to 1,200",Aug-26
SUITES @ OWEN,OWEN ROAD,8,Non-Landed Properties,1,"3,200",40 to 50,500 to 600,Aug-26
NON-LANDED HOUSING DEVELOPMENT,CARLISLE ROAD,8,Non-Landed Properties,NA,"2,100",80 to 90,"900 to 1,000",Aug-26
MERA SPRINGS,CARLISLE ROAD,8,Non-Landed Properties,3,"5,800",110 to 120,"1,200 to 1,300",Aug-26
MERA SPRINGS,CARLISLE ROAD,8,Non-Landed Properties,3,"5,750",110 to 120,"1,200 to 1,300",Aug-26
MERA SPRINGS,CARLISLE ROAD,8,Non-Landed Properties,4,"6,500",140 to 150,"1,500 to 1,600",Aug-26
SOHO @ FARRER,RACE COURSE ROAD,8,Non-Landed Properties,1,"3,200",40 to 50,400 to 500,Aug-26
SOHO @ FARRER,RACE COURSE ROAD,8,Non-Landed Properties,1,"3,550",30 to 40,400 to 500,Aug-26
SOHO @ FARRER,RACE COURSE ROAD,8,Non-Landed Properties,1,"2,800",40 to 50,400 to 500,Aug-26
CHERRYLOFT,RANGOON ROAD,8,Non-Landed Properties,NA,"2,300",20 to 30,300 to 400,Aug-26
CHERRYLOFT,RANGOON ROAD,8,Non-Landed Properties,NA,"2,100",20 to 30,300 to 400,Aug-26
CHERRYLOFT,RANGOON ROAD,8,Non-Landed Properties,NA,"2,300",20 to 30,300 to 400,Aug-26
CHERRYLOFT,RANGOON ROAD,8,Non-Landed Properties,NA,"2,350",20 to 30,300 to 400,Aug-26
TYRWHITT 139,TYRWHITT ROAD,8,Non-Landed Properties,2,"3,350",40 to 50,500 to 600,Aug-26
TYRWHITT 139,TYRWHITT ROAD,8,Non-Landed Properties,1,"3,200",40 to 50,400 to 500,Aug-26
LE SOMME,SOMME ROAD,8,Non-Landed Properties,1,"3,475",80 to 90,"900 to 1,000",Aug-26
KENG LEE COURT,KENG LEE ROAD,8,Non-Landed Properties,3,"4,150",90 to 100,"1,000 to 1,100",Aug-26
KENG LEE COURT,KENG LEE ROAD,8,Non-Landed Properties,2,"2,000",50 to 60,600 to 700,Aug-26
NON-LANDED HOUSING DEVELOPMENT,HAMILTON ROAD,8,Non-Landed Properties,NA,"5,100",120 to 130,"1,300 to 1,400",Aug-26
NON-LANDED HOUSING DEVELOPMENT,HAMILTON ROAD,8,Non-Landed Properties,NA,"3,000",130 to 140,"1,400 to 1,500",Aug-26
SUITES 123,RANGOON ROAD,8,Non-Landed Properties,1,"3,000",40 to 50,400 to 500,Aug-26
SUITES 123,RANGOON ROAD,8,Non-Landed Properties,1,"2,900",50 to 60,500 to 600,Aug-26
NON-LANDED HOUSING DEVELOPMENT,HORNE ROAD,8,Non-Landed Properties,NA,"5,600",110 to 120,"1,200 to 1,300",Aug-26
NON-LANDED HOUSING DEVELOPMENT,HORNE ROAD,8,Non-Landed Properties,NA,"3,600",110 to 120,"1,200 to 1,300",Aug-26
NON-LANDED HOUSING DEVELOPMENT,HORNE ROAD,8,Non-Landed Properties,NA,"5,050",80 to 90,"900 to 1,000",Aug-26
NON-LANDED HOUSING DEVELOPMENT,HORNE ROAD,8,Non-Landed Properties,NA,"3,850",80 to 90,"900 to 1,000",Aug-26
CAMBRIDGE VILLAGE,CAMBRIDGE ROAD,8,Non-Landed Properties,4,"5,000",140 to 150,"1,600 to 1,700",Aug-26
UPTOWN @ FARRER,PERUMAL ROAD,8,Non-Landed Properties,3,"5,200",60 to 70,700 to 800,Aug-26
UPTOWN @ FARRER,PERUMAL ROAD,8,Non-Landed Properties,2,"3,800",40 to 50,500 to 600,Aug-26
UPTOWN @ FARRER,PERUMAL ROAD,8,Non-Landed Properties,3,"6,100",90 to 100,"1,000 to 1,100",Aug-26
UPTOWN @ FARRER,PERUMAL ROAD,8,Non-Landed Properties,3,"5,200",70 to 80,800 to 900,Aug-26
UPTOWN @ FARRER,PERUMAL ROAD,8,Non-Landed Properties,3,"5,000",70 to 80,800 to 900,Aug-26
UPTOWN @ FARRER,PERUMAL ROAD,8,Non-Landed Properties,3,"4,800",70 to 80,800 to 900,Aug-26
UPTOWN @ FARRER,PERUMAL ROAD,8,Non-Landed Properties,2,"3,900",40 to 50,500 to 600,Aug-26
UPTOWN @ FARRER,PERUMAL ROAD,8,Non-Landed Properties,2,"3,650",40 to 50,500 to 600,Aug-26
UPTOWN @ FARRER,PERUMAL ROAD,8,Non-Landed Properties,2,"4,000",40 to 50,500 to 600,Aug-26
UPTOWN @ FARRER,PERUMAL ROAD,8,Non-Landed Properties,4,"8,500",140 to 150,"1,500 to 1,600",Aug-26
UPTOWN @ FARRER,PERUMAL ROAD,8,Non-Landed Properties,2,"3,800",40 to 50,500 to 600,Aug-26
THE URBANITE,HERTFORD ROAD,8,Non-Landed Properties,2,"3,500",60 to 70,600 to 700,Aug-26
1953,TESSENSOHN ROAD,8,Non-Landed Properties,2,"4,650",70 to 80,700 to 800,Aug-26
1953,TESSENSOHN ROAD,8,Non-Landed Properties,3,"5,500",100 to 110,"1,100 to 1,200",Aug-26
VANADIUM,HERTFORD ROAD,8,Non-Landed Properties,3,"4,200",90 to 100,"1,000 to 1,100",Aug-26
VANADIUM,HERTFORD ROAD,8,Non-Landed Properties,2,"3,700",70 to 80,800 to 900,Aug-26
VANADIUM,HERTFORD ROAD,8,Non-Landed Properties,3,"5,300",90 to 100,"1,000 to 1,100",Aug-26
NON-LANDED HOUSING DEVELOPMENT,KITCHENER ROAD,8,Non-Landed Properties,NA,"5,000",120 to 130,"1,300 to 1,400",Aug-26
THE RANZ,RANGOON ROAD,8,Non-Landed Properties,2,"4,200",60 to 70,600 to 700,Aug-26
THE CITRON RESIDENCES,MARNE ROAD,8,Non-Landed Properties,2,"2,500",60 to 70,700 to 800,Aug-26
CITIGATE RESIDENCE,RANGOON ROAD,8,Non-Landed Properties,1,"3,000",40 to 50,500 to 600,Aug-26
CITIGATE RESIDENCE,RANGOON ROAD,8,Non-Landed Properties,1,"3,400",40 to 50,400 to 500,Aug-26
CITIGATE RESIDENCE,RANGOON ROAD,8,Non-Landed Properties,1,"2,719",50 to 60,500 to 600,Aug-26
FARRER PARK SUITES,OWEN ROAD,8,Non-Landed Properties,1,"3,200",50 to 60,600 to 700,Aug-26
OXFORD SUITES,OXFORD ROAD,8,Non-Landed Properties,1,"3,000",60 to 70,600 to 700,Aug-26
OXFORD SUITES,OXFORD ROAD,8,Non-Landed Properties,NA,"4,100",80 to 90,800 to 900,Aug-26
OXFORD SUITES,OXFORD ROAD,8,Non-Landed Properties,NA,"4,000",80 to 90,800 to 900,Aug-26
OXFORD SUITES,OXFORD ROAD,8,Non-Landed Properties,NA,"4,300",80 to 90,800 to 900,Aug-26
OXFORD SUITES,OXFORD ROAD,8,Non-Landed Properties,NA,"4,000",80 to 90,800 to 900,Aug-26
THE MERLOT,KENG LEE ROAD,8,Non-Landed Properties,3,"4,700",100 to 110,"1,000 to 1,100",Aug-26
THE MERLOT,KENG LEE ROAD,8,Non-Landed Properties,1,"3,200",40 to 50,500 to 600,Aug-26
MAPLE LEAF ELITE 1,RANGOON ROAD,8,Non-Landed Properties,2,"4,300",70 to 80,700 to 800,Aug-26
CITYLIGHTS,JELLICOE ROAD,8,Non-Landed Properties,2,"5,000",80 to 90,"900 to 1,000",Aug-26
CITYLIGHTS,JELLICOE ROAD,8,Non-Landed Properties,2,"5,100",80 to 90,800 to 900,Aug-26
CITYLIGHTS,JELLICOE ROAD,8,Non-Landed Properties,1,"4,300",60 to 70,600 to 700,Aug-26
CITYLIGHTS,JELLICOE ROAD,8,Non-Landed Properties,1,"3,800",50 to 60,500 to 600,Aug-26
CITYLIGHTS,JELLICOE ROAD,8,Non-Landed Properties,1,"4,328",60 to 70,600 to 700,Aug-26
CITYLIGHTS,JELLICOE ROAD,8,Non-Landed Properties,1,"3,600",50 to 60,500 to 600,Aug-26
CITYLIGHTS,JELLICOE ROAD,8,Non-Landed Properties,2,"5,000",80 to 90,"900 to 1,000",Aug-26
CITYLIGHTS,JELLICOE ROAD,8,Non-Landed Properties,1,"4,300",60 to 70,600 to 700,Aug-26
CITYLIGHTS,JELLICOE ROAD,8,Non-Landed Properties,1,"4,400",60 to 70,600 to 700,Aug-26
CITYLIGHTS,JELLICOE ROAD,8,Non-Landed Properties,1,"4,200",60 to 70,700 to 800,Aug-26
CITYLIGHTS,JELLICOE ROAD,8,Non-Landed Properties,1,"4,350",60 to 70,700 to 800,Aug-26
CITYLIGHTS,JELLICOE ROAD,8,Non-Landed Properties,1,"3,800",50 to 60,500 to 600,Aug-26
CITYLIGHTS,JELLICOE ROAD,8,Non-Landed Properties,1,"4,000",60 to 70,600 to 700,Aug-26
CITYLIGHTS,JELLICOE ROAD,8,Non-Landed Properties,1,"4,200",50 to 60,500 to 600,Aug-26
CITYLIGHTS,JELLICOE ROAD,8,Non-Landed Properties,3,"6,100",120 to 130,"1,300 to 1,400",Aug-26
CITYLIGHTS,JELLICOE ROAD,8,Non-Landed Properties,3,"6,900",130 to 140,"1,400 to 1,500",Aug-26
NON-LANDED HOUSING DEVELOPMENT,JALAN BESAR,8,Non-Landed Properties,NA,"2,550",80 to 90,"900 to 1,000",Aug-26
URBAN LOFTS,RANGOON ROAD,8,Non-Landed Properties,1,"3,000",50 to 60,500 to 600,Aug-26
URBAN LOFTS,RANGOON ROAD,8,Non-Landed Properties,2,"2,750",50 to 60,600 to 700,Aug-26
RESIDENCES @ SOMME,PETAIN ROAD,8,Non-Landed Properties,1,"3,500",60 to 70,600 to 700,Aug-26
FORTE SUITES,MERGUI ROAD,8,Non-Landed Properties,2,"3,800",60 to 70,600 to 700,Aug-26
FORTE SUITES,MERGUI ROAD,8,Non-Landed Properties,2,"3,400",50 to 60,600 to 700,Aug-26
FORTE SUITES,MERGUI ROAD,8,Non-Landed Properties,1,"3,000",40 to 50,400 to 500,Aug-26
FORTE SUITES,MERGUI ROAD,8,Non-Landed Properties,2,"3,600",50 to 60,600 to 700,Aug-26
FORTE SUITES,MERGUI ROAD,8,Non-Landed Properties,1,"3,100",40 to 50,400 to 500,Aug-26
FORTE SUITES,MERGUI ROAD,8,Non-Landed Properties,2,"3,900",50 to 60,600 to 700,Aug-26
FORTE SUITES,MERGUI ROAD,8,Non-Landed Properties,2,"3,850",60 to 70,600 to 700,Aug-26
FORTE SUITES,MERGUI ROAD,8,Non-Landed Properties,1,"3,050",40 to 50,400 to 500,Aug-26
CITYSCAPE @FARRER PARK,MERGUI ROAD,8,Non-Landed Properties,2,"4,000",90 to 100,"1,000 to 1,100",Aug-26
CITYSCAPE @FARRER PARK,MERGUI ROAD,8,Non-Landed Properties,2,"4,250",90 to 100,"900 to 1,000",Aug-26
CITYSCAPE @FARRER PARK,MERGUI ROAD,8,Non-Landed Properties,2,"4,600",90 to 100,"900 to 1,000",Aug-26
CITYSCAPE @FARRER PARK,MERGUI ROAD,8,Non-Landed Properties,2,"4,400",80 to 90,"900 to 1,000",Aug-26
CITYSCAPE @FARRER PARK,MERGUI ROAD,8,Non-Landed Properties,2,"4,200",90 to 100,"1,000 to 1,100",Aug-26
CITYSCAPE @FARRER PARK,MERGUI ROAD,8,Non-Landed Properties,2,"4,200",80 to 90,"900 to 1,000",Aug-26
CITYSCAPE @FARRER PARK,MERGUI ROAD,8,Non-Landed Properties,2,"4,500",90 to 100,"1,000 to 1,100",Aug-26
SPA BUILDING,VERDUN ROAD,8,Non-Landed Properties,2,"4,500",160 to 170,"1,700 to 1,800",Aug-26
OWEN COURT,OWEN ROAD,8,Non-Landed Properties,NA,"8,500",160 to 170,"1,700 to 1,800",Aug-26
28 RC SUITES,RACE COURSE LANE,8,Non-Landed Properties,1,"3,000",30 to 40,400 to 500,Aug-26
28 RC SUITES,RACE COURSE LANE,8,Non-Landed Properties,1,"3,600",50 to 60,500 to 600,Aug-26
NON-LANDED HOUSING DEVELOPMENT,SERANGOON ROAD,8,Non-Landed Properties,NA,"5,800",70 to 80,700 to 800,Aug-26
NON-LANDED HOUSING DEVELOPMENT,SERANGOON ROAD,8,Non-Landed Properties,NA,"5,500",60 to 70,700 to 800,Aug-26
NON-LANDED HOUSING DEVELOPMENT,SERANGOON ROAD,8,Non-Landed Properties,NA,"5,600",60 to 70,700 to 800,Aug-26
NON-LANDED HOUSING DEVELOPMENT,TRURO ROAD,8,Non-Landed Properties,NA,"5,800",>300,>3000,Aug-26
KENTISH COURT,OXFORD ROAD,8,Non-Landed Properties,2,"4,000",100 to 110,"1,000 to 1,100",Aug-26
CITY STUDIOS,RACE COURSE LANE,8,Non-Landed Properties,2,"3,500",60 to 70,600 to 700,Aug-26
PICCADILLY GRAND,NORTHUMBERLAND ROAD,8,Non-Landed Properties,4,"8,500",130 to 140,"1,400 to 1,500",Aug-26
PICCADILLY GRAND,NORTHUMBERLAND ROAD,8,Non-Landed Properties,2,"4,750",50 to 60,600 to 700,Aug-26
PICCADILLY GRAND,NORTHUMBERLAND ROAD,8,Non-Landed Properties,2,"4,700",50 to 60,600 to 700,Aug-26
PICCADILLY GRAND,NORTHUMBERLAND ROAD,8,Non-Landed Properties,2,"5,600",50 to 60,600 to 700,Aug-26
PICCADILLY GRAND,NORTHUMBERLAND ROAD,8,Non-Landed Properties,1,"4,100",40 to 50,400 to 500,Aug-26
PICCADILLY GRAND,NORTHUMBERLAND ROAD,8,Non-Landed Properties,2,"4,700",60 to 70,600 to 700,Aug-26
RANGOON 88,RANGOON ROAD,8,Non-Landed Properties,1,"3,000",60 to 70,600 to 700,Aug-26
RANGOON 88,RANGOON ROAD,8,Non-Landed Properties,1,"3,000",40 to 50,400 to 500,Aug-26
RANGOON 88,RANGOON ROAD,8,Non-Landed Properties,2,"3,900",70 to 80,800 to 900,Aug-26
RANGOON 88,RANGOON ROAD,8,Non-Landed Properties,1,"3,300",70 to 80,700 to 800,Aug-26
NON-LANDED HOUSING DEVELOPMENT,DUNLOP STREET,8,Non-Landed Properties,NA,"4,200",60 to 70,700 to 800,Aug-26
70@TRURO,TRURO ROAD,8,Non-Landed Properties,3,"4,400",70 to 80,800 to 900,Aug-26
NON-LANDED HOUSING DEVELOPMENT,JOO AVENUE,8,Non-Landed Properties,NA,"6,800",90 to 100,"1,000 to 1,100",Aug-26
NON-LANDED HOUSING DEVELOPMENT,STURDEE ROAD,8,Non-Landed Properties,NA,"4,500",160 to 170,"1,800 to 1,900",Aug-26
RITZ @ FARRER,RACE COURSE ROAD,8,Non-Landed Properties,2,"4,140",100 to 110,"1,000 to 1,100",Aug-26
JOOL SUITES,SING JOO WALK,8,Non-Landed Properties,1,"3,088",30 to 40,400 to 500,Aug-26
JOOL SUITES,SING JOO WALK,8,Non-Landed Properties,1,"2,800",30 to 40,400 to 500,Aug-26
JOOL SUITES,SING JOO WALK,8,Non-Landed Properties,1,"3,800",40 to 50,400 to 500,Aug-26
JOOL SUITES,SING JOO WALK,8,Non-Landed Properties,1,"3,500",30 to 40,400 to 500,Aug-26
JOOL SUITES,SING JOO WALK,8,Non-Landed Properties,1,"3,300",60 to 70,600 to 700,Aug-26
JOOL SUITES,SING JOO WALK,8,Non-Landed Properties,1,"2,950",30 to 40,300 to 400,Aug-26
HERTFORD COLLECTION,HERTFORD ROAD,8,Non-Landed Properties,NA,"3,600",50 to 60,600 to 700,Aug-26
STUDIOS @ MARNE,MARNE ROAD,8,Non-Landed Properties,NA,"3,500",70 to 80,700 to 800,Aug-26
VOGX,DORSET ROAD,8,Non-Landed Properties,2,"4,000",80 to 90,800 to 900,Aug-26
NON-LANDED HOUSING DEVELOPMENT,RANGOON ROAD,8,Non-Landed Properties,NA,"3,600",110 to 120,"1,200 to 1,300",Aug-26
PRISTINE HEIGHTS,MERGUI ROAD,8,Non-Landed Properties,3,"4,600",90 to 100,"1,000 to 1,100",Aug-26
WONG TAK FLAT,SERANGOON ROAD,8,Non-Landed Properties,3,"4,300",140 to 150,"1,500 to 1,600",Aug-26
HOA NAM BUILDING,FOCH ROAD,8,Non-Landed Properties,2,"3,500",70 to 80,800 to 900,Aug-26
R66 APARTMENTS,RANGOON ROAD,8,Non-Landed Properties,2,"4,700",110 to 120,"1,200 to 1,300",Aug-26
R66 APARTMENTS,RANGOON ROAD,8,Non-Landed Properties,1,"2,650",40 to 50,400 to 500,Aug-26
NON-LANDED HOUSING DEVELOPMENT,FLANDERS SQUARE,8,Non-Landed Properties,NA,"2,600",90 to 100,"1,000 to 1,100",Aug-26
NON-LANDED HOUSING DEVELOPMENT,STARLIGHT ROAD,8,Non-Landed Properties,NA,"4,500",90 to 100,"1,000 to 1,100",Aug-26
KENT RESIDENCES,KENT ROAD,8,Non-Landed Properties,1,"3,400",50 to 60,500 to 600,Aug-26
NON-LANDED HOUSING DEVELOPMENT,UPPER WELD ROAD,8,Non-Landed Properties,NA,"5,000",120 to 130,"1,300 to 1,400",Aug-26
RACE COURSE MANSION,RACE COURSE ROAD,8,Non-Landed Properties,1,"3,100",60 to 70,600 to 700,Jul-26
MAPLE LEAF ELITE 2,RANGOON ROAD,8,Non-Landed Properties,3,"5,800",100 to 110,"1,100 to 1,200",Jul-26
KERRISDALE,STURDEE ROAD,8,Non-Landed Properties,3,"5,200",110 to 120,"1,200 to 1,300",Jul-26
KERRISDALE,STURDEE ROAD,8,Non-Landed Properties,3,"6,400",110 to 120,"1,200 to 1,300",Jul-26
KERRISDALE,STURDEE ROAD,8,Non-Landed Properties,3,"5,800",110 to 120,"1,200 to 1,300",Jul-26
KERRISDALE,STURDEE ROAD,8,Non-Landed Properties,3,"6,000",110 to 120,"1,200 to 1,300",Jul-26
KERRISDALE,STURDEE ROAD,8,Non-Landed Properties,4,"6,500",130 to 140,"1,400 to 1,500",Jul-26
KERRISDALE,STURDEE ROAD,8,Non-Landed Properties,2,"4,450",90 to 100,"900 to 1,000",Jul-26
CITY SQUARE RESIDENCES,KITCHENER LINK,8,Non-Landed Properties,2,"4,800",70 to 80,800 to 900,Jul-26
CITY SQUARE RESIDENCES,KITCHENER LINK,8,Non-Landed Properties,1,"3,500",50 to 60,500 to 600,Jul-26
CITY SQUARE RESIDENCES,KITCHENER LINK,8,Non-Landed Properties,4,"6,300",140 to 150,"1,500 to 1,600",Jul-26
CITY SQUARE RESIDENCES,KITCHENER LINK,8,Non-Landed Properties,3,"6,000",110 to 120,"1,200 to 1,300",Jul-26
CITY SQUARE RESIDENCES,KITCHENER LINK,8,Non-Landed Properties,2,"4,500",70 to 80,800 to 900,Jul-26
CITY SQUARE RESIDENCES,KITCHENER LINK,8,Non-Landed Properties,3,"5,800",110 to 120,"1,200 to 1,300",Jul-26
CITY SQUARE RESIDENCES,KITCHENER LINK,8,Non-Landed Properties,3,"6,600",110 to 120,"1,200 to 1,300",Jul-26
CITY SQUARE RESIDENCES,KITCHENER LINK,8,Non-Landed Properties,1,"3,500",50 to 60,500 to 600,Jul-26
CITY SQUARE RESIDENCES,KITCHENER LINK,8,Non-Landed Properties,2,"2,700",70 to 80,800 to 900,Jul-26
CITY SQUARE RESIDENCES,KITCHENER LINK,8,Non-Landed Properties,3,"6,000",110 to 120,"1,200 to 1,300",Jul-26
CITY SQUARE RESIDENCES,KITCHENER LINK,8,Non-Landed Properties,3,"6,300",110 to 120,"1,200 to 1,300",Jul-26
CITY SQUARE RESIDENCES,KITCHENER LINK,8,Non-Landed Properties,2,"4,700",70 to 80,800 to 900,Jul-26
CITY SQUARE RESIDENCES,KITCHENER LINK,8,Non-Landed Properties,1,"3,500",50 to 60,500 to 600,Jul-26
CITY SQUARE RESIDENCES,KITCHENER LINK,8,Non-Landed Properties,4,"6,900",130 to 140,"1,500 to 1,600",Jul-26
CITY SQUARE RESIDENCES,KITCHENER LINK,8,Non-Landed Properties,2,"4,350",80 to 90,800 to 900,Jul-26
CITY SQUARE RESIDENCES,KITCHENER LINK,8,Non-Landed Properties,4,"6,800",130 to 140,"1,500 to 1,600",Jul-26
CITY SQUARE RESIDENCES,KITCHENER LINK,8,Non-Landed Properties,2,"4,800",80 to 90,800 to 900,Jul-26
CITY SQUARE RESIDENCES,KITCHENER LINK,8,Non-Landed Properties,3,"6,800",110 to 120,"1,200 to 1,300",Jul-26
CITY SQUARE RESIDENCES,KITCHENER LINK,8,Non-Landed Properties,2,"4,500",80 to 90,800 to 900,Jul-26
CITY SQUARE RESIDENCES,KITCHENER LINK,8,Non-Landed Properties,2,"4,400",80 to 90,800 to 900,Jul-26
CITY SQUARE RESIDENCES,KITCHENER LINK,8,Non-Landed Properties,3,"6,300",110 to 120,"1,200 to 1,300",Jul-26
CITY SQUARE RESIDENCES,KITCHENER LINK,8,Non-Landed Properties,2,"4,700",80 to 90,800 to 900,Jul-26
CITY SQUARE RESIDENCES,KITCHENER LINK,8,Non-Landed Properties,1,"3,750",50 to 60,500 to 600,Jul-26
CITY SQUARE RESIDENCES,KITCHENER LINK,8,Non-Landed Properties,1,"3,500",50 to 60,500 to 600,Jul-26
CITY SQUARE RESIDENCES,KITCHENER LINK,8,Non-Landed Properties,3,"6,400",110 to 120,"1,200 to 1,300",Jul-26
CITY SQUARE RESIDENCES,KITCHENER LINK,8,Non-Landed Properties,2,"4,500",70 to 80,800 to 900,Jul-26
CITY SQUARE RESIDENCES,KITCHENER LINK,8,Non-Landed Properties,1,"3,500",50 to 60,500 to 600,Jul-26
CITY SQUARE RESIDENCES,KITCHENER LINK,8,Non-Landed Properties,3,"6,200",110 to 120,"1,200 to 1,300",Jul-26
CITY SQUARE RESIDENCES,KITCHENER LINK,8,Non-Landed Properties,1,"3,800",50 to 60,500 to 600,Jul-26
CITY SQUARE RESIDENCES,KITCHENER LINK,8,Non-Landed Properties,3,"6,000",110 to 120,"1,100 to 1,200",Jul-26
CITY SQUARE RESIDENCES,KITCHENER LINK,8,Non-Landed Properties,2,"4,300",70 to 80,800 to 900,Jul-26
CITY SQUARE RESIDENCES,KITCHENER LINK,8,Non-Landed Properties,4,"6,500",140 to 150,"1,500 to 1,600",Jul-26
CITY SQUARE RESIDENCES,KITCHENER LINK,8,Non-Landed Properties,3,"6,100",110 to 120,"1,200 to 1,300",Jul-26
STURDEE RESIDENCES,BEATTY ROAD,8,Non-Landed Properties,1,"3,500",30 to 40,400 to 500,Jul-26
STURDEE RESIDENCES,BEATTY ROAD,8,Non-Landed Properties,1,"3,300",30 to 40,400 to 500,Jul-26
STURDEE RESIDENCES,BEATTY ROAD,8,Non-Landed Properties,2,"4,000",50 to 60,500 to 600,Jul-26
STURDEE RESIDENCES,BEATTY ROAD,8,Non-Landed Properties,1,"3,400",30 to 40,400 to 500,Jul-26
STURDEE RESIDENCES,BEATTY ROAD,8,Non-Landed Properties,3,"5,000",80 to 90,"900 to 1,000",Jul-26
STURDEE RESIDENCES,BEATTY ROAD,8,Non-Landed Properties,1,"3,800",30 to 40,400 to 500,Jul-26
STURDEE RESIDENCES,BEATTY ROAD,8,Non-Landed Properties,3,"5,500",70 to 80,800 to 900,Jul-26
STURDEE RESIDENCES,BEATTY ROAD,8,Non-Landed Properties,1,"3,300",30 to 40,400 to 500,Jul-26
STURDEE RESIDENCES,BEATTY ROAD,8,Non-Landed Properties,1,"3,450",30 to 40,400 to 500,Jul-26
STURDEE RESIDENCES,BEATTY ROAD,8,Non-Landed Properties,3,"6,050",90 to 100,"1,000 to 1,100",Jul-26
STURDEE RESIDENCES,BEATTY ROAD,8,Non-Landed Properties,2,"4,000",50 to 60,500 to 600,Jul-26
LOFT @ RANGOON,RANGOON ROAD,8,Non-Landed Properties,1,"2,800",30 to 40,400 to 500,Jul-26
PARC SOMME,SOMME ROAD,8,Non-Landed Properties,1,"3,000",40 to 50,400 to 500,Jul-26
D'CAMBRIDGE,CAMBRIDGE ROAD,8,Non-Landed Properties,2,"3,400",60 to 70,700 to 800,Jul-26
JALAN BESAR PLAZA,KITCHENER ROAD,8,Non-Landed Properties,2,"2,500",80 to 90,"900 to 1,000",Jul-26
NON-LANDED HOUSING DEVELOPMENT,STARLIGHT TERRACE,8,Non-Landed Properties,NA,"3,000",120 to 130,"1,300 to 1,400",Jul-26
SUITES @ OWEN,OWEN ROAD,8,Non-Landed Properties,1,"2,600",30 to 40,300 to 400,Jul-26
NON-LANDED HOUSING DEVELOPMENT,BIRCH ROAD,8,Non-Landed Properties,NA,"2,600",60 to 70,600 to 700,Jul-26
NON-LANDED HOUSING DEVELOPMENT,CARLISLE ROAD,8,Non-Landed Properties,NA,"2,100",80 to 90,"900 to 1,000",Jul-26
MERA SPRINGS,CARLISLE ROAD,8,Non-Landed Properties,3,"5,000",110 to 120,"1,200 to 1,300",Jul-26
8 FARRER SUITES,SING JOO WALK,8,Non-Landed Properties,2,"3,300",60 to 70,600 to 700,Jul-26
CHERRYLOFT,RANGOON ROAD,8,Non-Landed Properties,NA,"2,300",20 to 30,300 to 400,Jul-26
TYRWHITT 139,TYRWHITT ROAD,8,Non-Landed Properties,1,"2,600",40 to 50,400 to 500,Jul-26
TYRWHITT 139,TYRWHITT ROAD,8,Non-Landed Properties,1,"2,500",40 to 50,400 to 500,Jul-26
RACE COURSE 138,RACE COURSE ROAD,8,Non-Landed Properties,1,"3,000",40 to 50,400 to 500,Jul-26
RACE COURSE 138,RACE COURSE ROAD,8,Non-Landed Properties,1,"3,400",50 to 60,600 to 700,Jul-26
NON-LANDED HOUSING DEVELOPMENT,HAMILTON ROAD,8,Non-Landed Properties,NA,"4,175",110 to 120,"1,200 to 1,300",Jul-26
NON-LANDED HOUSING DEVELOPMENT,HAMILTON ROAD,8,Non-Landed Properties,NA,"4,800",80 to 90,"900 to 1,000",Jul-26
CITY LOFT,RACE COURSE ROAD,8,Non-Landed Properties,1,"2,500",30 to 40,300 to 400,Jul-26
CITY LOFT,RACE COURSE ROAD,8,Non-Landed Properties,1,"2,600",30 to 40,300 to 400,Jul-26
SUITES 123,RANGOON ROAD,8,Non-Landed Properties,1,"3,100",40 to 50,400 to 500,Jul-26
SUITES 123,RANGOON ROAD,8,Non-Landed Properties,1,"3,200",50 to 60,500 to 600,Jul-26
SUITES 123,RANGOON ROAD,8,Non-Landed Properties,1,"2,550",40 to 50,400 to 500,Jul-26
SOHO 188,RACE COURSE ROAD,8,Non-Landed Properties,2,"3,400",50 to 60,500 to 600,Jul-26
SOHO 188,RACE COURSE ROAD,8,Non-Landed Properties,1,"2,800",40 to 50,400 to 500,Jul-26
UPTOWN @ FARRER,PERUMAL ROAD,8,Non-Landed Properties,3,"4,800",70 to 80,800 to 900,Jul-26
UPTOWN @ FARRER,PERUMAL ROAD,8,Non-Landed Properties,2,"3,800",40 to 50,500 to 600,Jul-26
UPTOWN @ FARRER,PERUMAL ROAD,8,Non-Landed Properties,2,"3,900",40 to 50,500 to 600,Jul-26
UPTOWN @ FARRER,PERUMAL ROAD,8,Non-Landed Properties,2,"4,000",40 to 50,500 to 600,Jul-26
UPTOWN @ FARRER,PERUMAL ROAD,8,Non-Landed Properties,2,"3,800",40 to 50,500 to 600,Jul-26
UPTOWN @ FARRER,PERUMAL ROAD,8,Non-Landed Properties,2,"4,000",40 to 50,500 to 600,Jul-26
UPTOWN @ FARRER,PERUMAL ROAD,8,Non-Landed Properties,2,"3,550",40 to 50,500 to 600,Jul-26
UPTOWN @ FARRER,PERUMAL ROAD,8,Non-Landed Properties,3,"4,850",60 to 70,600 to 700,Jul-26
THE URBANITE,HERTFORD ROAD,8,Non-Landed Properties,2,"3,800",60 to 70,700 to 800,Jul-26
THE URBANITE,HERTFORD ROAD,8,Non-Landed Properties,3,"5,200",110 to 120,"1,200 to 1,300",Jul-26
THE URBANITE,HERTFORD ROAD,8,Non-Landed Properties,1,"2,900",40 to 50,400 to 500,Jul-26
1953,TESSENSOHN ROAD,8,Non-Landed Properties,1,"3,450",50 to 60,600 to 700,Jul-26
1953,TESSENSOHN ROAD,8,Non-Landed Properties,1,"3,400",50 to 60,500 to 600,Jul-26
THE RANZ,RANGOON ROAD,8,Non-Landed Properties,2,"4,300",70 to 80,700 to 800,Jul-26
THE CITRON RESIDENCES,MARNE ROAD,8,Non-Landed Properties,3,"4,200",80 to 90,"900 to 1,000",Jul-26
OXFORD SUITES,OXFORD ROAD,8,Non-Landed Properties,NA,"3,900",80 to 90,800 to 900,Jul-26
THE MERLOT,KENG LEE ROAD,8,Non-Landed Properties,1,"2,800",40 to 50,500 to 600,Jul-26
THE MERLOT,KENG LEE ROAD,8,Non-Landed Properties,1,"2,900",40 to 50,500 to 600,Jul-26
MAPLE LEAF ELITE 1,RANGOON ROAD,8,Non-Landed Properties,2,"5,100",80 to 90,"900 to 1,000",Jul-26
MAPLE LEAF ELITE 1,RANGOON ROAD,8,Non-Landed Properties,1,"3,200",40 to 50,400 to 500,Jul-26
CITYLIGHTS,JELLICOE ROAD,8,Non-Landed Properties,1,"4,500",60 to 70,700 to 800,Jul-26
CITYLIGHTS,JELLICOE ROAD,8,Non-Landed Properties,1,"4,300",60 to 70,600 to 700,Jul-26
CITYLIGHTS,JELLICOE ROAD,8,Non-Landed Properties,2,"5,050",80 to 90,800 to 900,Jul-26
CITYLIGHTS,JELLICOE ROAD,8,Non-Landed Properties,1,"4,250",60 to 70,700 to 800,Jul-26
CITYLIGHTS,JELLICOE ROAD,8,Non-Landed Properties,2,"5,300",80 to 90,800 to 900,Jul-26
CITYLIGHTS,JELLICOE ROAD,8,Non-Landed Properties,1,"5,000",60 to 70,600 to 700,Jul-26
CITYLIGHTS,JELLICOE ROAD,8,Non-Landed Properties,2,"4,900",80 to 90,800 to 900,Jul-26
CITYLIGHTS,JELLICOE ROAD,8,Non-Landed Properties,1,"4,200",50 to 60,500 to 600,Jul-26
CITYLIGHTS,JELLICOE ROAD,8,Non-Landed Properties,1,"3,770",50 to 60,500 to 600,Jul-26
CITYLIGHTS,JELLICOE ROAD,8,Non-Landed Properties,1,"4,000",60 to 70,700 to 800,Jul-26
CITYLIGHTS,JELLICOE ROAD,8,Non-Landed Properties,1,"4,100",50 to 60,500 to 600,Jul-26
CITYLIGHTS,JELLICOE ROAD,8,Non-Landed Properties,1,"4,000",60 to 70,600 to 700,Jul-26
CITYLIGHTS,JELLICOE ROAD,8,Non-Landed Properties,2,"4,300",80 to 90,800 to 900,Jul-26
CITYLIGHTS,JELLICOE ROAD,8,Non-Landed Properties,2,"5,050",80 to 90,800 to 900,Jul-26
CITYLIGHTS,JELLICOE ROAD,8,Non-Landed Properties,1,"3,900",60 to 70,600 to 700,Jul-26
CITYLIGHTS,JELLICOE ROAD,8,Non-Landed Properties,2,"5,000",80 to 90,800 to 900,Jul-26
CITYLIGHTS,JELLICOE ROAD,8,Non-Landed Properties,2,"5,200",80 to 90,"900 to 1,000",Jul-26
CITYLIGHTS,JELLICOE ROAD,8,Non-Landed Properties,1,"4,000",60 to 70,600 to 700,Jul-26
CITYLIGHTS,JELLICOE ROAD,8,Non-Landed Properties,3,"7,200",120 to 130,"1,300 to 1,400",Jul-26
KENTISH GREEN,OXFORD ROAD,8,Non-Landed Properties,2,"3,900",100 to 110,"1,000 to 1,100",Jul-26
KENTISH GREEN,OXFORD ROAD,8,Non-Landed Properties,3,"5,200",120 to 130,"1,300 to 1,400",Jul-26
KENTISH GREEN,OXFORD ROAD,8,Non-Landed Properties,2,"4,200",100 to 110,"1,000 to 1,100",Jul-26
KENTISH GREEN,OXFORD ROAD,8,Non-Landed Properties,3,"5,500",120 to 130,"1,300 to 1,400",Jul-26
KENTISH GREEN,OXFORD ROAD,8,Non-Landed Properties,2,"3,900",110 to 120,"1,200 to 1,300",Jul-26
KENTISH GREEN,OXFORD ROAD,8,Non-Landed Properties,3,"4,700",120 to 130,"1,300 to 1,400",Jul-26
NON-LANDED HOUSING DEVELOPMENT,JALAN BESAR,8,Non-Landed Properties,NA,"8,500",70 to 80,800 to 900,Jul-26
URBAN LOFTS,RANGOON ROAD,8,Non-Landed Properties,1,"2,700",30 to 40,400 to 500,Jul-26
URBAN LOFTS,RANGOON ROAD,8,Non-Landed Properties,1,"3,200",70 to 80,700 to 800,Jul-26
RESIDENCES @ SOMME,PETAIN ROAD,8,Non-Landed Properties,1,"2,750",30 to 40,400 to 500,Jul-26
RESIDENCES @ SOMME,PETAIN ROAD,8,Non-Landed Properties,1,"3,000",40 to 50,400 to 500,Jul-26
FORTE SUITES,MERGUI ROAD,8,Non-Landed Properties,2,"3,800",60 to 70,600 to 700,Jul-26
FORTE SUITES,MERGUI ROAD,8,Non-Landed Properties,2,"3,800",50 to 60,600 to 700,Jul-26
FORTE SUITES,MERGUI ROAD,8,Non-Landed Properties,2,"3,600",50 to 60,600 to 700,Jul-26
FORTE SUITES,MERGUI ROAD,8,Non-Landed Properties,1,"2,900",40 to 50,400 to 500,Jul-26
FORTE SUITES,MERGUI ROAD,8,Non-Landed Properties,2,"5,000",100 to 110,"1,100 to 1,200",Jul-26
FORTE SUITES,MERGUI ROAD,8,Non-Landed Properties,2,"3,900",60 to 70,600 to 700,Jul-26
FORTE SUITES,MERGUI ROAD,8,Non-Landed Properties,2,"3,900",50 to 60,600 to 700,Jul-26
FORTE SUITES,MERGUI ROAD,8,Non-Landed Properties,2,"3,500",50 to 60,600 to 700,Jul-26
CAVAN SUITES,CAVAN ROAD,8,Non-Landed Properties,1,"2,900",40 to 50,400 to 500,Jul-26
CITYSCAPE @FARRER PARK,MERGUI ROAD,8,Non-Landed Properties,2,"4,000",90 to 100,"1,000 to 1,100",Jul-26
CITYSCAPE @FARRER PARK,MERGUI ROAD,8,Non-Landed Properties,2,"4,200",90 to 100,"900 to 1,000",Jul-26
CITYSCAPE @FARRER PARK,MERGUI ROAD,8,Non-Landed Properties,3,"5,500",120 to 130,"1,300 to 1,400",Jul-26
CITYSCAPE @FARRER PARK,MERGUI ROAD,8,Non-Landed Properties,3,"5,700",120 to 130,"1,300 to 1,400",Jul-26
CITYSCAPE @FARRER PARK,MERGUI ROAD,8,Non-Landed Properties,3,"5,500",120 to 130,"1,300 to 1,400",Jul-26
CITYSCAPE @FARRER PARK,MERGUI ROAD,8,Non-Landed Properties,2,"4,200",90 to 100,"900 to 1,000",Jul-26
CITYSCAPE @FARRER PARK,MERGUI ROAD,8,Non-Landed Properties,2,"4,200",90 to 100,"900 to 1,000",Jul-26
CITYSCAPE @FARRER PARK,MERGUI ROAD,8,Non-Landed Properties,3,"5,850",120 to 130,"1,300 to 1,400",Jul-26
BRISTOL LODGE,BRISTOL ROAD,8,Non-Landed Properties,NA,"3,700",80 to 90,"900 to 1,000",Jul-26
28 RC SUITES,RACE COURSE LANE,8,Non-Landed Properties,1,"2,700",30 to 40,400 to 500,Jul-26
28 RC SUITES,RACE COURSE LANE,8,Non-Landed Properties,1,"3,000",40 to 50,400 to 500,Jul-26
28 RC SUITES,RACE COURSE LANE,8,Non-Landed Properties,1,"3,600",30 to 40,400 to 500,Jul-26
NON-LANDED HOUSING DEVELOPMENT,TRURO ROAD,8,Non-Landed Properties,NA,"5,450",100 to 110,"1,100 to 1,200",Jul-26
KENTISH COURT,OXFORD ROAD,8,Non-Landed Properties,2,"3,900",90 to 100,"1,000 to 1,100",Jul-26
CITY STUDIOS,RACE COURSE LANE,8,Non-Landed Properties,2,"3,650",60 to 70,600 to 700,Jul-26
CITY STUDIOS,RACE COURSE LANE,8,Non-Landed Properties,2,"3,850",60 to 70,700 to 800,Jul-26
PICCADILLY GRAND,NORTHUMBERLAND ROAD,8,Non-Landed Properties,2,"4,900",80 to 90,800 to 900,Jul-26
PICCADILLY GRAND,NORTHUMBERLAND ROAD,8,Non-Landed Properties,4,"9,000",130 to 140,"1,400 to 1,500",Jul-26
PICCADILLY GRAND,NORTHUMBERLAND ROAD,8,Non-Landed Properties,3,"7,200",100 to 110,"1,000 to 1,100",Jul-26
PICCADILLY GRAND,NORTHUMBERLAND ROAD,8,Non-Landed Properties,2,"4,500",60 to 70,700 to 800,Jul-26
PICCADILLY GRAND,NORTHUMBERLAND ROAD,8,Non-Landed Properties,2,"4,800",50 to 60,600 to 700,Jul-26
PICCADILLY GRAND,NORTHUMBERLAND ROAD,8,Non-Landed Properties,1,"4,000",40 to 50,500 to 600,Jul-26
PICCADILLY GRAND,NORTHUMBERLAND ROAD,8,Non-Landed Properties,1,"3,800",40 to 50,500 to 600,Jul-26
PICCADILLY GRAND,NORTHUMBERLAND ROAD,8,Non-Landed Properties,1,"3,688",40 to 50,500 to 600,Jul-26
PICCADILLY GRAND,NORTHUMBERLAND ROAD,8,Non-Landed Properties,2,"4,500",60 to 70,600 to 700,Jul-26
PICCADILLY GRAND,NORTHUMBERLAND ROAD,8,Non-Landed Properties,1,"3,850",40 to 50,500 to 600,Jul-26
PICCADILLY GRAND,NORTHUMBERLAND ROAD,8,Non-Landed Properties,2,"4,600",60 to 70,600 to 700,Jul-26
PICCADILLY GRAND,NORTHUMBERLAND ROAD,8,Non-Landed Properties,1,"3,800",40 to 50,500 to 600,Jul-26
PICCADILLY GRAND,NORTHUMBERLAND ROAD,8,Non-Landed Properties,1,"3,800",40 to 50,500 to 600,Jul-26
PICCADILLY GRAND,NORTHUMBERLAND ROAD,8,Non-Landed Properties,1,"3,600",40 to 50,500 to 600,Jul-26
RANGOON 88,RANGOON ROAD,8,Non-Landed Properties,1,"2,800",30 to 40,400 to 500,Jul-26
RANGOON 88,RANGOON ROAD,8,Non-Landed Properties,1,"3,200",40 to 50,400 to 500,Jul-26
RANGOON 88,RANGOON ROAD,8,Non-Landed Properties,1,"2,850",30 to 40,400 to 500,Jul-26
NON-LANDED HOUSING DEVELOPMENT,DUNLOP STREET,8,Non-Landed Properties,NA,"4,000",60 to 70,700 to 800,Jul-26
70@TRURO,TRURO ROAD,8,Non-Landed Properties,3,"4,300",70 to 80,800 to 900,Jul-26
70@TRURO,TRURO ROAD,8,Non-Landed Properties,3,"4,500",70 to 80,800 to 900,Jul-26
70@TRURO,TRURO ROAD,8,Non-Landed Properties,3,"4,300",70 to 80,800 to 900,Jul-26
70@TRURO,TRURO ROAD,8,Non-Landed Properties,3,"4,100",70 to 80,800 to 900,Jul-26
NON-LANDED HOUSING DEVELOPMENT,JOO AVENUE,8,Non-Landed Properties,NA,"4,800",70 to 80,800 to 900,Jul-26
NON-LANDED HOUSING DEVELOPMENT,SING AVENUE,8,Non-Landed Properties,NA,"4,900",110 to 120,"1,200 to 1,300",Jul-26
RITZ @ FARRER,RACE COURSE ROAD,8,Non-Landed Properties,1,"4,200",50 to 60,500 to 600,Jul-26
RITZ @ FARRER,RACE COURSE ROAD,8,Non-Landed Properties,2,"3,700",70 to 80,800 to 900,Jul-26
JOOL SUITES,SING JOO WALK,8,Non-Landed Properties,1,"3,000",30 to 40,400 to 500,Jul-26
JOOL SUITES,SING JOO WALK,8,Non-Landed Properties,1,"3,200",50 to 60,600 to 700,Jul-26
JOOL SUITES,SING JOO WALK,8,Non-Landed Properties,1,"3,200",30 to 40,400 to 500,Jul-26
KENTISH LODGE,OXFORD ROAD,8,Non-Landed Properties,3,"5,500",110 to 120,"1,200 to 1,300",Jul-26
STUDIOS @ MARNE,MARNE ROAD,8,Non-Landed Properties,NA,"3,300",50 to 60,500 to 600,Jul-26
STUDIOS @ MARNE,MARNE ROAD,8,Non-Landed Properties,NA,"3,400",40 to 50,500 to 600,Jul-26
STUDIOS @ MARNE,MARNE ROAD,8,Non-Landed Properties,NA,"3,100",50 to 60,500 to 600,Jul-26
VOGX,DORSET ROAD,8,Non-Landed Properties,2,"3,500",80 to 90,800 to 900,Jul-26
NON-LANDED HOUSING DEVELOPMENT,TESSENSOHN ROAD,8,Non-Landed Properties,NA,"4,600",90 to 100,"1,000 to 1,100",Jul-26
NON-LANDED HOUSING DEVELOPMENT,RANGOON ROAD,8,Non-Landed Properties,2,"4,300",60 to 70,700 to 800,Jul-26
PRISTINE HEIGHTS,MERGUI ROAD,8,Non-Landed Properties,3,"5,400",90 to 100,"1,000 to 1,100",Jul-26
HOA NAM BUILDING,FOCH ROAD,8,Non-Landed Properties,2,"3,650",70 to 80,800 to 900,Jul-26
R66 APARTMENTS,RANGOON ROAD,8,Non-Landed Properties,1,"3,500",40 to 50,500 to 600,Jul-26
NON-LANDED HOUSING DEVELOPMENT,BRISTOL ROAD,8,Non-Landed Properties,NA,"6,000",160 to 170,"1,700 to 1,800",Jun-26
RACE COURSE MANSION,RACE COURSE ROAD,8,Non-Landed Properties,3,"5,700",100 to 110,"1,100 to 1,200",Jun-26
MAPLE LEAF ELITE 2,RANGOON ROAD,8,Non-Landed Properties,1,"3,700",70 to 80,700 to 800,Jun-26
KERRISDALE,STURDEE ROAD,8,Non-Landed Properties,2,"4,700",90 to 100,"900 to 1,000",Jun-26
KERRISDALE,STURDEE ROAD,8,Non-Landed Properties,3,"5,400",110 to 120,"1,200 to 1,300",Jun-26
KERRISDALE,STURDEE ROAD,8,Non-Landed Properties,2,"4,600",90 to 100,"900 to 1,000",Jun-26
KERRISDALE,STURDEE ROAD,8,Non-Landed Properties,3,"5,500",110 to 120,"1,200 to 1,300",Jun-26
KERRISDALE,STURDEE ROAD,8,Non-Landed Properties,2,"4,400",90 to 100,"900 to 1,000",Jun-26
NON-LANDED HOUSING DEVELOPMENT,CHANDER ROAD,8,Non-Landed Properties,NA,"3,500",60 to 70,600 to 700,Jun-26
CITY SQUARE RESIDENCES,KITCHENER LINK,8,Non-Landed Properties,2,"4,350",70 to 80,800 to 900,Jun-26
CITY SQUARE RESIDENCES,KITCHENER LINK,8,Non-Landed Properties,2,"3,900",70 to 80,800 to 900,Jun-26
CITY SQUARE RESIDENCES,KITCHENER LINK,8,Non-Landed Properties,1,"3,800",50 to 60,500 to 600,Jun-26
CITY SQUARE RESIDENCES,KITCHENER LINK,8,Non-Landed Properties,1,"3,200",50 to 60,500 to 600,Jun-26
CITY SQUARE RESIDENCES,KITCHENER LINK,8,Non-Landed Properties,2,"4,350",70 to 80,800 to 900,Jun-26
CITY SQUARE RESIDENCES,KITCHENER LINK,8,Non-Landed Properties,4,"6,500",140 to 150,"1,500 to 1,600",Jun-26
CITY SQUARE RESIDENCES,KITCHENER LINK,8,Non-Landed Properties,2,"4,300",70 to 80,800 to 900,Jun-26
CITY SQUARE RESIDENCES,KITCHENER LINK,8,Non-Landed Properties,2,"5,000",70 to 80,800 to 900,Jun-26
CITY SQUARE RESIDENCES,KITCHENER LINK,8,Non-Landed Properties,2,"4,400",70 to 80,800 to 900,Jun-26
CITY SQUARE RESIDENCES,KITCHENER LINK,8,Non-Landed Properties,1,"3,850",50 to 60,500 to 600,Jun-26
CITY SQUARE RESIDENCES,KITCHENER LINK,8,Non-Landed Properties,2,"4,500",70 to 80,800 to 900,Jun-26
CITY SQUARE RESIDENCES,KITCHENER LINK,8,Non-Landed Properties,1,"3,500",50 to 60,500 to 600,Jun-26
CITY SQUARE RESIDENCES,KITCHENER LINK,8,Non-Landed Properties,1,"3,600",50 to 60,500 to 600,Jun-26
CITY SQUARE RESIDENCES,KITCHENER LINK,8,Non-Landed Properties,2,"4,200",80 to 90,800 to 900,Jun-26
CITY SQUARE RESIDENCES,KITCHENER LINK,8,Non-Landed Properties,2,"4,900",80 to 90,800 to 900,Jun-26
CITY SQUARE RESIDENCES,KITCHENER LINK,8,Non-Landed Properties,1,"3,550",50 to 60,500 to 600,Jun-26
CITY SQUARE RESIDENCES,KITCHENER LINK,8,Non-Landed Properties,4,"7,800",130 to 140,"1,400 to 1,500",Jun-26
CITY SQUARE RESIDENCES,KITCHENER LINK,8,Non-Landed Properties,1,"3,200",50 to 60,500 to 600,Jun-26
CITY SQUARE RESIDENCES,KITCHENER LINK,8,Non-Landed Properties,3,"6,000",110 to 120,"1,100 to 1,200",Jun-26
CITY SQUARE RESIDENCES,KITCHENER LINK,8,Non-Landed Properties,3,"6,100",110 to 120,"1,100 to 1,200",Jun-26
CITY SQUARE RESIDENCES,KITCHENER LINK,8,Non-Landed Properties,1,"3,500",50 to 60,500 to 600,Jun-26
CITY SQUARE RESIDENCES,KITCHENER LINK,8,Non-Landed Properties,1,"3,250",50 to 60,500 to 600,Jun-26
CITY SQUARE RESIDENCES,KITCHENER LINK,8,Non-Landed Properties,1,"3,150",50 to 60,500 to 600,Jun-26
CITY SQUARE RESIDENCES,KITCHENER LINK,8,Non-Landed Properties,2,"4,250",70 to 80,800 to 900,Jun-26
CITY SQUARE RESIDENCES,KITCHENER LINK,8,Non-Landed Properties,3,"6,400",110 to 120,"1,200 to 1,300",Jun-26
CITY SQUARE RESIDENCES,KITCHENER LINK,8,Non-Landed Properties,1,"3,400",50 to 60,500 to 600,Jun-26
CITY SQUARE RESIDENCES,KITCHENER LINK,8,Non-Landed Properties,1,"3,550",50 to 60,500 to 600,Jun-26
HERTFORD MANSION,HERTFORD ROAD,8,Non-Landed Properties,NA,"4,800",110 to 120,"1,200 to 1,300",Jun-26
STURDEE RESIDENCES,BEATTY ROAD,8,Non-Landed Properties,2,"4,050",60 to 70,600 to 700,Jun-26
STURDEE RESIDENCES,BEATTY ROAD,8,Non-Landed Properties,1,"3,500",30 to 40,400 to 500,Jun-26
STURDEE RESIDENCES,BEATTY ROAD,8,Non-Landed Properties,4,"7,700",120 to 130,"1,300 to 1,400",Jun-26
STURDEE RESIDENCES,BEATTY ROAD,8,Non-Landed Properties,3,"5,200",80 to 90,"900 to 1,000",Jun-26
STURDEE RESIDENCES,BEATTY ROAD,8,Non-Landed Properties,1,"3,300",30 to 40,400 to 500,Jun-26
STURDEE RESIDENCES,BEATTY ROAD,8,Non-Landed Properties,3,"5,150",70 to 80,800 to 900,Jun-26
STURDEE RESIDENCES,BEATTY ROAD,8,Non-Landed Properties,3,"5,700",90 to 100,"1,000 to 1,100",Jun-26
STURDEE RESIDENCES,BEATTY ROAD,8,Non-Landed Properties,2,"4,300",60 to 70,600 to 700,Jun-26
STURDEE RESIDENCES,BEATTY ROAD,8,Non-Landed Properties,2,"3,900",50 to 60,500 to 600,Jun-26
STURDEE RESIDENCES,BEATTY ROAD,8,Non-Landed Properties,2,"4,700",60 to 70,700 to 800,Jun-26
STURDEE RESIDENCES,BEATTY ROAD,8,Non-Landed Properties,2,"4,600",60 to 70,600 to 700,Jun-26
NON-LANDED HOUSING DEVELOPMENT,RACE COURSE ROAD,8,Non-Landed Properties,1,"2,300",20 to 30,300 to 400,Jun-26
NON-LANDED HOUSING DEVELOPMENT,RACE COURSE ROAD,8,Non-Landed Properties,NA,"2,250",30 to 40,300 to 400,Jun-26
NON-LANDED HOUSING DEVELOPMENT,RACE COURSE ROAD,8,Non-Landed Properties,NA,"2,100",20 to 30,200 to 300,Jun-26
NON-LANDED HOUSING DEVELOPMENT,BIRCH ROAD,8,Non-Landed Properties,NA,"5,400",90 to 100,"1,000 to 1,100",Jun-26
NON-LANDED HOUSING DEVELOPMENT,BIRCH ROAD,8,Non-Landed Properties,NA,"5,400",60 to 70,600 to 700,Jun-26
NON-LANDED HOUSING DEVELOPMENT,CARLISLE ROAD,8,Non-Landed Properties,NA,"2,100",80 to 90,"900 to 1,000",Jun-26
MERA SPRINGS,CARLISLE ROAD,8,Non-Landed Properties,2,"4,150",90 to 100,"1,000 to 1,100",Jun-26
SOHO @ FARRER,RACE COURSE ROAD,8,Non-Landed Properties,1,"2,600",40 to 50,400 to 500,Jun-26
CHERRYLOFT,RANGOON ROAD,8,Non-Landed Properties,NA,"2,300",20 to 30,300 to 400,Jun-26
CHERRYLOFT,RANGOON ROAD,8,Non-Landed Properties,NA,"2,100",20 to 30,300 to 400,Jun-26
TYRWHITT 139,TYRWHITT ROAD,8,Non-Landed Properties,1,"2,900",40 to 50,400 to 500,Jun-26
TYRWHITT 139,TYRWHITT ROAD,8,Non-Landed Properties,1,"2,400",30 to 40,300 to 400,Jun-26
TYRWHITT 139,TYRWHITT ROAD,8,Non-Landed Properties,1,"2,800",30 to 40,300 to 400,Jun-26
TYRWHITT 139,TYRWHITT ROAD,8,Non-Landed Properties,1,"2,600",40 to 50,400 to 500,Jun-26
TYRWHITT 139,TYRWHITT ROAD,8,Non-Landed Properties,1,"3,000",40 to 50,400 to 500,Jun-26
RACE COURSE 138,RACE COURSE ROAD,8,Non-Landed Properties,4,"7,000",150 to 160,"1,600 to 1,700",Jun-26
HONG BUILDING,RANGOON ROAD,8,Non-Landed Properties,NA,"4,000",120 to 130,"1,300 to 1,400",Jun-26
KENG LEE COURT,KENG LEE ROAD,8,Non-Landed Properties,3,"4,300",90 to 100,"1,000 to 1,100",Jun-26
NON-LANDED HOUSING DEVELOPMENT,HAMILTON ROAD,8,Non-Landed Properties,NA,"5,050",110 to 120,"1,200 to 1,300",Jun-26
CITY LOFT,RACE COURSE ROAD,8,Non-Landed Properties,1,"2,700",30 to 40,300 to 400,Jun-26
CITY LOFT,RACE COURSE ROAD,8,Non-Landed Properties,1,"2,500",30 to 40,300 to 400,Jun-26
CITY LOFT,RACE COURSE ROAD,8,Non-Landed Properties,1,"2,350",30 to 40,300 to 400,Jun-26
SUITES 123,RANGOON ROAD,8,Non-Landed Properties,1,"3,600",40 to 50,400 to 500,Jun-26
SUITES 123,RANGOON ROAD,8,Non-Landed Properties,1,"3,500",50 to 60,500 to 600,Jun-26
SUITES 123,RANGOON ROAD,8,Non-Landed Properties,1,"3,400",50 to 60,500 to 600,Jun-26
SUITES 123,RANGOON ROAD,8,Non-Landed Properties,1,"3,000",40 to 50,400 to 500,Jun-26
SOHO 188,RACE COURSE ROAD,8,Non-Landed Properties,1,"3,200",30 to 40,400 to 500,Jun-26
SOHO 188,RACE COURSE ROAD,8,Non-Landed Properties,1,"3,200",30 to 40,400 to 500,Jun-26
SOHO 188,RACE COURSE ROAD,8,Non-Landed Properties,1,"2,800",40 to 50,400 to 500,Jun-26
SOHO 188,RACE COURSE ROAD,8,Non-Landed Properties,1,"2,800",30 to 40,400 to 500,Jun-26
CAMBRIDGE VILLAGE,CAMBRIDGE ROAD,8,Non-Landed Properties,4,"5,000",140 to 150,"1,500 to 1,600",Jun-26
UPTOWN @ FARRER,PERUMAL ROAD,8,Non-Landed Properties,2,"3,800",40 to 50,500 to 600,Jun-26
UPTOWN @ FARRER,PERUMAL ROAD,8,Non-Landed Properties,2,"3,800",40 to 50,500 to 600,Jun-26
UPTOWN @ FARRER,PERUMAL ROAD,8,Non-Landed Properties,2,"3,800",40 to 50,500 to 600,Jun-26
UPTOWN @ FARRER,PERUMAL ROAD,8,Non-Landed Properties,2,"3,400",40 to 50,500 to 600,Jun-26
THE URBANITE,HERTFORD ROAD,8,Non-Landed Properties,1,"2,800",40 to 50,400 to 500,Jun-26
THE URBANITE,HERTFORD ROAD,8,Non-Landed Properties,1,"3,000",40 to 50,400 to 500,Jun-26
THE URBANITE,HERTFORD ROAD,8,Non-Landed Properties,1,"2,900",40 to 50,400 to 500,Jun-26
THE URBANITE,HERTFORD ROAD,8,Non-Landed Properties,1,"3,100",40 to 50,400 to 500,Jun-26
THE URBANITE,HERTFORD ROAD,8,Non-Landed Properties,2,"3,450",60 to 70,600 to 700,Jun-26
1953,TESSENSOHN ROAD,8,Non-Landed Properties,2,"3,850",50 to 60,600 to 700,Jun-26
1953,TESSENSOHN ROAD,8,Non-Landed Properties,4,"6,700",120 to 130,"1,300 to 1,400",Jun-26
1953,TESSENSOHN ROAD,8,Non-Landed Properties,5,"7,500",130 to 140,"1,500 to 1,600",Jun-26
1953,TESSENSOHN ROAD,8,Non-Landed Properties,1,"3,400",50 to 60,600 to 700,Jun-26
VANADIUM,HERTFORD ROAD,8,Non-Landed Properties,2,"3,800",60 to 70,700 to 800,Jun-26
VANADIUM,HERTFORD ROAD,8,Non-Landed Properties,2,"3,900",70 to 80,700 to 800,Jun-26
VANADIUM,HERTFORD ROAD,8,Non-Landed Properties,2,"3,900",70 to 80,800 to 900,Jun-26
CARLYX RESIDENCE,CARLISLE ROAD,8,Non-Landed Properties,1,"2,950",50 to 60,500 to 600,Jun-26
CARLYX RESIDENCE,CARLISLE ROAD,8,Non-Landed Properties,1,"3,000",50 to 60,500 to 600,Jun-26
THE CITRON RESIDENCES,MARNE ROAD,8,Non-Landed Properties,2,"4,300",50 to 60,600 to 700,Jun-26
THE CITRON RESIDENCES,MARNE ROAD,8,Non-Landed Properties,1,"2,800",30 to 40,300 to 400,Jun-26
CITIGATE RESIDENCE,RANGOON ROAD,8,Non-Landed Properties,2,"3,450",60 to 70,700 to 800,Jun-26
CITIGATE RESIDENCE,RANGOON ROAD,8,Non-Landed Properties,1,"3,000",40 to 50,400 to 500,Jun-26
FARRER PARK SUITES,OWEN ROAD,8,Non-Landed Properties,NA,"2,888",40 to 50,400 to 500,Jun-26
OXFORD SUITES,OXFORD ROAD,8,Non-Landed Properties,1,"3,500",60 to 70,600 to 700,Jun-26
NON-LANDED HOUSING DEVELOPMENT,TYRWHITT ROAD,8,Non-Landed Properties,NA,"4,000",100 to 110,"1,000 to 1,100",Jun-26
THE MERLOT,KENG LEE ROAD,8,Non-Landed Properties,2,"4,000",80 to 90,800 to 900,Jun-26
THE MERLOT,KENG LEE ROAD,8,Non-Landed Properties,1,"3,100",40 to 50,500 to 600,Jun-26
MAPLE LEAF ELITE 1,RANGOON ROAD,8,Non-Landed Properties,2,"5,000",80 to 90,"900 to 1,000",Jun-26
CITYLIGHTS,JELLICOE ROAD,8,Non-Landed Properties,1,"4,080",60 to 70,600 to 700,Jun-26
CITYLIGHTS,JELLICOE ROAD,8,Non-Landed Properties,1,"3,600",50 to 60,500 to 600,Jun-26
CITYLIGHTS,JELLICOE ROAD,8,Non-Landed Properties,1,"3,900",50 to 60,500 to 600,Jun-26
CITYLIGHTS,JELLICOE ROAD,8,Non-Landed Properties,1,"4,000",50 to 60,500 to 600,Jun-26
CITYLIGHTS,JELLICOE ROAD,8,Non-Landed Properties,1,"4,400",60 to 70,600 to 700,Jun-26
CITYLIGHTS,JELLICOE ROAD,8,Non-Landed Properties,1,"3,500",50 to 60,500 to 600,Jun-26
CITYLIGHTS,JELLICOE ROAD,8,Non-Landed Properties,1,"4,100",60 to 70,600 to 700,Jun-26
CITYLIGHTS,JELLICOE ROAD,8,Non-Landed Properties,1,"3,850",60 to 70,600 to 700,Jun-26
CITYLIGHTS,JELLICOE ROAD,8,Non-Landed Properties,2,"4,800",80 to 90,"900 to 1,000",Jun-26
CITYLIGHTS,JELLICOE ROAD,8,Non-Landed Properties,1,"4,000",60 to 70,600 to 700,Jun-26
CITYLIGHTS,JELLICOE ROAD,8,Non-Landed Properties,2,"5,000",80 to 90,800 to 900,Jun-26
CITYLIGHTS,JELLICOE ROAD,8,Non-Landed Properties,1,"3,900",60 to 70,600 to 700,Jun-26
CITYLIGHTS,JELLICOE ROAD,8,Non-Landed Properties,1,"4,050",60 to 70,700 to 800,Jun-26
CITYLIGHTS,JELLICOE ROAD,8,Non-Landed Properties,1,"5,100",60 to 70,600 to 700,Jun-26
CITYLIGHTS,JELLICOE ROAD,8,Non-Landed Properties,2,"6,000",80 to 90,800 to 900,Jun-26
CITYLIGHTS,JELLICOE ROAD,8,Non-Landed Properties,2,"5,000",80 to 90,"900 to 1,000",Jun-26
CITYLIGHTS,JELLICOE ROAD,8,Non-Landed Properties,1,"4,400",60 to 70,700 to 800,Jun-26
CITYLIGHTS,JELLICOE ROAD,8,Non-Landed Properties,2,"5,400",80 to 90,800 to 900,Jun-26
CITYLIGHTS,JELLICOE ROAD,8,Non-Landed Properties,2,"4,700",80 to 90,800 to 900,Jun-26
CITYLIGHTS,JELLICOE ROAD,8,Non-Landed Properties,3,"6,850",120 to 130,"1,300 to 1,400",Jun-26
CITYLIGHTS,JELLICOE ROAD,8,Non-Landed Properties,3,"6,000",120 to 130,"1,300 to 1,400",Jun-26
KENTISH GREEN,OXFORD ROAD,8,Non-Landed Properties,2,"4,000",90 to 100,"1,000 to 1,100",Jun-26
KENTISH GREEN,OXFORD ROAD,8,Non-Landed Properties,2,"4,100",100 to 110,"1,000 to 1,100",Jun-26
URBAN LOFTS,RANGOON ROAD,8,Non-Landed Properties,1,"3,000",30 to 40,400 to 500,Jun-26
URBAN LOFTS,RANGOON ROAD,8,Non-Landed Properties,1,"2,900",50 to 60,500 to 600,Jun-26
URBAN LOFTS,RANGOON ROAD,8,Non-Landed Properties,1,"2,800",30 to 40,400 to 500,Jun-26
FORTE SUITES,MERGUI ROAD,8,Non-Landed Properties,3,"4,100",50 to 60,600 to 700,Jun-26
FORTE SUITES,MERGUI ROAD,8,Non-Landed Properties,3,"4,300",50 to 60,600 to 700,Jun-26
FORTE SUITES,MERGUI ROAD,8,Non-Landed Properties,2,"3,800",60 to 70,600 to 700,Jun-26
CAVAN SUITES,CAVAN ROAD,8,Non-Landed Properties,NA,"2,700",30 to 40,400 to 500,Jun-26
CAVAN SUITES,CAVAN ROAD,8,Non-Landed Properties,NA,"2,250",30 to 40,300 to 400,Jun-26
CAVAN SUITES,CAVAN ROAD,8,Non-Landed Properties,NA,"2,500",20 to 30,300 to 400,Jun-26
CITYSCAPE @FARRER PARK,MERGUI ROAD,8,Non-Landed Properties,2,"3,800",80 to 90,"900 to 1,000",Jun-26
CITYSCAPE @FARRER PARK,MERGUI ROAD,8,Non-Landed Properties,2,"4,200",100 to 110,"1,100 to 1,200",Jun-26
CITYSCAPE @FARRER PARK,MERGUI ROAD,8,Non-Landed Properties,2,"4,000",100 to 110,"1,100 to 1,200",Jun-26
CITYSCAPE @FARRER PARK,MERGUI ROAD,8,Non-Landed Properties,3,"6,000",110 to 120,"1,200 to 1,300",Jun-26
CITYSCAPE @FARRER PARK,MERGUI ROAD,8,Non-Landed Properties,3,"5,600",120 to 130,"1,300 to 1,400",Jun-26
CITYSCAPE @FARRER PARK,MERGUI ROAD,8,Non-Landed Properties,3,"5,400",120 to 130,"1,300 to 1,400",Jun-26
CITYSCAPE @FARRER PARK,MERGUI ROAD,8,Non-Landed Properties,3,"5,400",110 to 120,"1,200 to 1,300",Jun-26
CITYSCAPE @FARRER PARK,MERGUI ROAD,8,Non-Landed Properties,2,"4,500",90 to 100,"900 to 1,000",Jun-26
CITYSCAPE @FARRER PARK,MERGUI ROAD,8,Non-Landed Properties,3,"6,000",110 to 120,"1,200 to 1,300",Jun-26
CITYSCAPE @FARRER PARK,MERGUI ROAD,8,Non-Landed Properties,2,"4,300",90 to 100,"1,000 to 1,100",Jun-26
28 RC SUITES,RACE COURSE LANE,8,Non-Landed Properties,1,"3,100",50 to 60,600 to 700,Jun-26
28 RC SUITES,RACE COURSE LANE,8,Non-Landed Properties,1,"3,000",30 to 40,400 to 500,Jun-26
28 RC SUITES,RACE COURSE LANE,8,Non-Landed Properties,1,"3,300",30 to 40,400 to 500,Jun-26
SAM LEONG MANSION,SAM LEONG ROAD,8,Non-Landed Properties,NA,"5,200",90 to 100,"1,000 to 1,100",Jun-26
KENTISH COURT,OXFORD ROAD,8,Non-Landed Properties,2,"4,300",90 to 100,"1,000 to 1,100",Jun-26
PICCADILLY GRAND,NORTHUMBERLAND ROAD,8,Non-Landed Properties,2,"4,600",50 to 60,600 to 700,Jun-26
PICCADILLY GRAND,NORTHUMBERLAND ROAD,8,Non-Landed Properties,2,"5,000",60 to 70,700 to 800,Jun-26
PICCADILLY GRAND,NORTHUMBERLAND ROAD,8,Non-Landed Properties,3,"6,600",100 to 110,"1,000 to 1,100",Jun-26
PICCADILLY GRAND,NORTHUMBERLAND ROAD,8,Non-Landed Properties,1,"4,000",40 to 50,500 to 600,Jun-26
PICCADILLY GRAND,NORTHUMBERLAND ROAD,8,Non-Landed Properties,1,"3,700",40 to 50,500 to 600,Jun-26
PICCADILLY GRAND,NORTHUMBERLAND ROAD,8,Non-Landed Properties,2,"4,300",50 to 60,600 to 700,Jun-26
PICCADILLY GRAND,NORTHUMBERLAND ROAD,8,Non-Landed Properties,2,"4,400",50 to 60,600 to 700,Jun-26
PICCADILLY GRAND,NORTHUMBERLAND ROAD,8,Non-Landed Properties,1,"3,900",40 to 50,500 to 600,Jun-26
PICCADILLY GRAND,NORTHUMBERLAND ROAD,8,Non-Landed Properties,2,"4,800",70 to 80,800 to 900,Jun-26
PICCADILLY GRAND,NORTHUMBERLAND ROAD,8,Non-Landed Properties,4,"6,000",120 to 130,"1,300 to 1,400",Jun-26
PICCADILLY GRAND,NORTHUMBERLAND ROAD,8,Non-Landed Properties,1,"3,800",40 to 50,400 to 500,Jun-26
RANGOON 88,RANGOON ROAD,8,Non-Landed Properties,1,"2,900",30 to 40,400 to 500,Jun-26
RANGOON 88,RANGOON ROAD,8,Non-Landed Properties,1,"3,300",60 to 70,700 to 800,Jun-26
NON-LANDED HOUSING DEVELOPMENT,CAMBRIDGE ROAD,8,Non-Landed Properties,NA,"4,200",70 to 80,800 to 900,Jun-26
NON-LANDED HOUSING DEVELOPMENT,JOO AVENUE,8,Non-Landed Properties,NA,"3,800",70 to 80,800 to 900,Jun-26
NON-LANDED HOUSING DEVELOPMENT,SING AVENUE,8,Non-Landed Properties,NA,"5,250",100 to 110,"1,100 to 1,200",Jun-26
RITZ @ FARRER,RACE COURSE ROAD,8,Non-Landed Properties,3,"4,100",70 to 80,700 to 800,Jun-26
JOOL SUITES,SING JOO WALK,8,Non-Landed Properties,1,"3,100",30 to 40,300 to 400,Jun-26
JOOL SUITES,SING JOO WALK,8,Non-Landed Properties,1,"3,300",40 to 50,400 to 500,Jun-26
JOOL SUITES,SING JOO WALK,8,Non-Landed Properties,1,"3,100",30 to 40,400 to 500,Jun-26
KENTISH LODGE,OXFORD ROAD,8,Non-Landed Properties,3,"4,700",110 to 120,"1,200 to 1,300",Jun-26
HERTFORD COLLECTION,HERTFORD ROAD,8,Non-Landed Properties,NA,"3,600",60 to 70,600 to 700,Jun-26
HERTFORD COLLECTION,HERTFORD ROAD,8,Non-Landed Properties,NA,"2,800",50 to 60,500 to 600,Jun-26
STUDIOS @ MARNE,MARNE ROAD,8,Non-Landed Properties,NA,"3,300",40 to 50,500 to 600,Jun-26
VOGX,DORSET ROAD,8,Non-Landed Properties,1,"3,000",40 to 50,500 to 600,Jun-26
NON-LANDED HOUSING DEVELOPMENT,RANGOON ROAD,8,Non-Landed Properties,NA,"4,200",110 to 120,"1,200 to 1,300",Jun-26
PRISTINE HEIGHTS,MERGUI ROAD,8,Non-Landed Properties,2,"3,800",60 to 70,700 to 800,Jun-26
WONG TAK FLAT,SERANGOON ROAD,8,Non-Landed Properties,3,"3,500",140 to 150,"1,500 to 1,600",Jun-26
R66 APARTMENTS,RANGOON ROAD,8,Non-Landed Properties,1,"3,350",50 to 60,500 to 600,Jun-26
CLYDES RESIDENCE,MERGUI ROAD,8,Non-Landed Properties,1,"3,100",50 to 60,500 to 600,Jun-26
CLYDES RESIDENCE,MERGUI ROAD,8,Non-Landed Properties,2,"4,100",90 to 100,"1,000 to 1,100",Jun-26
CLYDES RESIDENCE,MERGUI ROAD,8,Non-Landed Properties,2,"3,900",90 to 100,"1,000 to 1,100",Jun-26
MAPLE LEAF ELITE 2,RANGOON ROAD,8,Non-Landed Properties,2,"4,100",50 to 60,500 to 600,May-26
MAPLE LEAF ELITE 2,RANGOON ROAD,8,Non-Landed Properties,1,"3,800",70 to 80,700 to 800,May-26
KERRISDALE,STURDEE ROAD,8,Non-Landed Properties,3,"5,800",110 to 120,"1,200 to 1,300",May-26
KERRISDALE,STURDEE ROAD,8,Non-Landed Properties,3,"5,800",110 to 120,"1,200 to 1,300",May-26
KERRISDALE,STURDEE ROAD,8,Non-Landed Properties,3,"5,800",110 to 120,"1,200 to 1,300",May-26
KERRISDALE,STURDEE ROAD,8,Non-Landed Properties,3,"6,000",110 to 120,"1,200 to 1,300",May-26
KERRISDALE,STURDEE ROAD,8,Non-Landed Properties,3,"5,100",110 to 120,"1,200 to 1,300",May-26
KERRISDALE,STURDEE ROAD,8,Non-Landed Properties,3,"5,585",110 to 120,"1,200 to 1,300",May-26
KERRISDALE,STURDEE ROAD,8,Non-Landed Properties,3,"5,200",110 to 120,"1,200 to 1,300",May-26
KERRISDALE,STURDEE ROAD,8,Non-Landed Properties,3,"5,800",110 to 120,"1,200 to 1,300",May-26
CITY SQUARE RESIDENCES,KITCHENER LINK,8,Non-Landed Properties,2,"4,500",70 to 80,800 to 900,May-26
CITY SQUARE RESIDENCES,KITCHENER LINK,8,Non-Landed Properties,2,"4,550",70 to 80,800 to 900,May-26
CITY SQUARE RESIDENCES,KITCHENER LINK,8,Non-Landed Properties,2,"4,800",70 to 80,800 to 900,May-26
CITY SQUARE RESIDENCES,KITCHENER LINK,8,Non-Landed Properties,2,"4,500",70 to 80,800 to 900,May-26
CITY SQUARE RESIDENCES,KITCHENER LINK,8,Non-Landed Properties,2,"4,050",70 to 80,800 to 900,May-26
CITY SQUARE RESIDENCES,KITCHENER LINK,8,Non-Landed Properties,1,"3,500",50 to 60,500 to 600,May-26
CITY SQUARE RESIDENCES,KITCHENER LINK,8,Non-Landed Properties,1,"3,750",50 to 60,500 to 600,May-26
CITY SQUARE RESIDENCES,KITCHENER LINK,8,Non-Landed Properties,2,"4,600",70 to 80,800 to 900,May-26
CITY SQUARE RESIDENCES,KITCHENER LINK,8,Non-Landed Properties,2,"4,800",70 to 80,800 to 900,May-26
CITY SQUARE RESIDENCES,KITCHENER LINK,8,Non-Landed Properties,2,"4,200",70 to 80,800 to 900,May-26
CITY SQUARE RESIDENCES,KITCHENER LINK,8,Non-Landed Properties,1,"3,500",50 to 60,500 to 600,May-26
CITY SQUARE RESIDENCES,KITCHENER LINK,8,Non-Landed Properties,2,"5,000",70 to 80,800 to 900,May-26
CITY SQUARE RESIDENCES,KITCHENER LINK,8,Non-Landed Properties,1,"3,800",50 to 60,500 to 600,May-26
CITY SQUARE RESIDENCES,KITCHENER LINK,8,Non-Landed Properties,3,"6,000",110 to 120,"1,200 to 1,300",May-26
CITY SQUARE RESIDENCES,KITCHENER LINK,8,Non-Landed Properties,4,"7,100",130 to 140,"1,500 to 1,600",May-26
CITY SQUARE RESIDENCES,KITCHENER LINK,8,Non-Landed Properties,4,"7,500",130 to 140,"1,500 to 1,600",May-26
CITY SQUARE RESIDENCES,KITCHENER LINK,8,Non-Landed Properties,3,"5,950",110 to 120,"1,200 to 1,300",May-26
CITY SQUARE RESIDENCES,KITCHENER LINK,8,Non-Landed Properties,3,"6,600",110 to 120,"1,100 to 1,200",May-26
CITY SQUARE RESIDENCES,KITCHENER LINK,8,Non-Landed Properties,1,"3,500",50 to 60,500 to 600,May-26
CITY SQUARE RESIDENCES,KITCHENER LINK,8,Non-Landed Properties,3,"5,200",110 to 120,"1,200 to 1,300",May-26
CITY SQUARE RESIDENCES,KITCHENER LINK,8,Non-Landed Properties,3,"4,800",110 to 120,"1,100 to 1,200",May-26
CITY SQUARE RESIDENCES,KITCHENER LINK,8,Non-Landed Properties,2,"4,200",70 to 80,800 to 900,May-26
CITY SQUARE RESIDENCES,KITCHENER LINK,8,Non-Landed Properties,1,"3,500",50 to 60,500 to 600,May-26
CITY SQUARE RESIDENCES,KITCHENER LINK,8,Non-Landed Properties,1,"3,600",50 to 60,500 to 600,May-26
CITY SQUARE RESIDENCES,KITCHENER LINK,8,Non-Landed Properties,1,"3,200",50 to 60,500 to 600,May-26
CITY SQUARE RESIDENCES,KITCHENER LINK,8,Non-Landed Properties,2,"4,500",70 to 80,800 to 900,May-26
CITY SQUARE RESIDENCES,KITCHENER LINK,8,Non-Landed Properties,2,"4,500",70 to 80,800 to 900,May-26
CITY SQUARE RESIDENCES,KITCHENER LINK,8,Non-Landed Properties,3,"6,100",110 to 120,"1,200 to 1,300",May-26
CITY SQUARE RESIDENCES,KITCHENER LINK,8,Non-Landed Properties,3,"5,900",110 to 120,"1,200 to 1,300",May-26
STURDEE RESIDENCES,BEATTY ROAD,8,Non-Landed Properties,2,"4,150",60 to 70,600 to 700,May-26
STURDEE RESIDENCES,BEATTY ROAD,8,Non-Landed Properties,2,"4,250",60 to 70,600 to 700,May-26
STURDEE RESIDENCES,BEATTY ROAD,8,Non-Landed Properties,2,"4,800",60 to 70,700 to 800,May-26
STURDEE RESIDENCES,BEATTY ROAD,8,Non-Landed Properties,2,"4,200",60 to 70,600 to 700,May-26
STURDEE RESIDENCES,BEATTY ROAD,8,Non-Landed Properties,1,"3,500",30 to 40,400 to 500,May-26
LOFT @ RANGOON,RANGOON ROAD,8,Non-Landed Properties,1,"3,000",40 to 50,400 to 500,May-26
LOFT @ RANGOON,RANGOON ROAD,8,Non-Landed Properties,1,"3,000",40 to 50,400 to 500,May-26
PARC SOMME,SOMME ROAD,8,Non-Landed Properties,1,"3,300",40 to 50,400 to 500,May-26
D'CAMBRIDGE,CAMBRIDGE ROAD,8,Non-Landed Properties,3,"4,500",110 to 120,"1,200 to 1,300",May-26
JALAN BESAR PLAZA,KITCHENER ROAD,8,Non-Landed Properties,2,"4,800",80 to 90,"900 to 1,000",May-26
NON-LANDED HOUSING DEVELOPMENT,RACE COURSE ROAD,8,Non-Landed Properties,NA,"2,200",20 to 30,200 to 300,May-26
SUITES @ OWEN,OWEN ROAD,8,Non-Landed Properties,1,"2,700",40 to 50,500 to 600,May-26
NON-LANDED HOUSING DEVELOPMENT,CARLISLE ROAD,8,Non-Landed Properties,NA,"2,100",80 to 90,"900 to 1,000",May-26
NON-LANDED HOUSING DEVELOPMENT,CARLISLE ROAD,8,Non-Landed Properties,NA,"2,100",80 to 90,"900 to 1,000",May-26
SOHO @ FARRER,RACE COURSE ROAD,8,Non-Landed Properties,1,"2,850",30 to 40,400 to 500,May-26
SOHO @ FARRER,RACE COURSE ROAD,8,Non-Landed Properties,1,"3,000",40 to 50,400 to 500,May-26
CHERRYLOFT,RANGOON ROAD,8,Non-Landed Properties,NA,"2,200",20 to 30,300 to 400,May-26
CHERRYLOFT,RANGOON ROAD,8,Non-Landed Properties,NA,"2,400",20 to 30,300 to 400,May-26
CHERRYLOFT,RANGOON ROAD,8,Non-Landed Properties,NA,"2,400",20 to 30,300 to 400,May-26
CHERRYLOFT,RANGOON ROAD,8,Non-Landed Properties,NA,"2,100",20 to 30,300 to 400,May-26
CHERRYLOFT,RANGOON ROAD,8,Non-Landed Properties,NA,"2,200",20 to 30,300 to 400,May-26
TYRWHITT 139,TYRWHITT ROAD,8,Non-Landed Properties,2,"3,700",40 to 50,500 to 600,May-26
LE SOMME,SOMME ROAD,8,Non-Landed Properties,1,"3,300",50 to 60,500 to 600,May-26
LE SOMME,SOMME ROAD,8,Non-Landed Properties,1,"3,200",40 to 50,400 to 500,May-26
KENG LEE COURT,KENG LEE ROAD,8,Non-Landed Properties,1,"2,700",40 to 50,400 to 500,May-26
NON-LANDED HOUSING DEVELOPMENT,HAMILTON ROAD,8,Non-Landed Properties,NA,"5,200",110 to 120,"1,200 to 1,300",May-26
NON-LANDED HOUSING DEVELOPMENT,HAMILTON ROAD,8,Non-Landed Properties,NA,"4,250",130 to 140,"1,300 to 1,400",May-26
NON-LANDED HOUSING DEVELOPMENT,HAMILTON ROAD,8,Non-Landed Properties,NA,"5,130",130 to 140,"1,300 to 1,400",May-26
CITY LOFT,RACE COURSE ROAD,8,Non-Landed Properties,1,"2,500",30 to 40,400 to 500,May-26
CITY LOFT,RACE COURSE ROAD,8,Non-Landed Properties,1,"2,600",30 to 40,300 to 400,May-26
SUITES 123,RANGOON ROAD,8,Non-Landed Properties,1,"3,000",40 to 50,400 to 500,May-26
NON-LANDED HOUSING DEVELOPMENT,HORNE ROAD,8,Non-Landed Properties,NA,"3,500",180 to 190,"1,900 to 2,000",May-26
SOHO 188,RACE COURSE ROAD,8,Non-Landed Properties,1,"3,200",30 to 40,400 to 500,May-26
SOHO 188,RACE COURSE ROAD,8,Non-Landed Properties,1,"3,100",50 to 60,500 to 600,May-26
UPTOWN @ FARRER,PERUMAL ROAD,8,Non-Landed Properties,3,"5,000",70 to 80,700 to 800,May-26
1953,TESSENSOHN ROAD,8,Non-Landed Properties,1,"3,750",50 to 60,600 to 700,May-26
1953,TESSENSOHN ROAD,8,Non-Landed Properties,1,"3,700",50 to 60,600 to 700,May-26
THE CITRON RESIDENCES,MARNE ROAD,8,Non-Landed Properties,2,"4,050",60 to 70,600 to 700,May-26
THE CITRON RESIDENCES,MARNE ROAD,8,Non-Landed Properties,1,"2,900",30 to 40,300 to 400,May-26
THE CITRON RESIDENCES,MARNE ROAD,8,Non-Landed Properties,2,"4,050",60 to 70,600 to 700,May-26
FARRER PARK SUITES,OWEN ROAD,8,Non-Landed Properties,1,"3,400",60 to 70,700 to 800,May-26
OXFORD SUITES,OXFORD ROAD,8,Non-Landed Properties,2,"4,000",90 to 100,"1,000 to 1,100",May-26
OXFORD SUITES,OXFORD ROAD,8,Non-Landed Properties,3,"5,800",150 to 160,"1,700 to 1,800",May-26
OXFORD SUITES,OXFORD ROAD,8,Non-Landed Properties,3,"7,000",210 to 220,"2,200 to 2,300",May-26
OXFORD SUITES,OXFORD ROAD,8,Non-Landed Properties,3,"4,200",100 to 110,"1,100 to 1,200",May-26
THE MERLOT,KENG LEE ROAD,8,Non-Landed Properties,2,"3,750",80 to 90,800 to 900,May-26
THE MERLOT,KENG LEE ROAD,8,Non-Landed Properties,2,"3,700",80 to 90,800 to 900,May-26
MAPLE LEAF ELITE 1,RANGOON ROAD,8,Non-Landed Properties,1,"3,350",50 to 60,600 to 700,May-26
CITYLIGHTS,JELLICOE ROAD,8,Non-Landed Properties,1,"3,700",50 to 60,500 to 600,May-26
CITYLIGHTS,JELLICOE ROAD,8,Non-Landed Properties,2,"5,150",80 to 90,800 to 900,May-26
CITYLIGHTS,JELLICOE ROAD,8,Non-Landed Properties,1,"4,250",60 to 70,600 to 700,May-26
CITYLIGHTS,JELLICOE ROAD,8,Non-Landed Properties,1,"4,400",60 to 70,700 to 800,May-26
CITYLIGHTS,JELLICOE ROAD,8,Non-Landed Properties,2,"5,000",80 to 90,800 to 900,May-26
CITYLIGHTS,JELLICOE ROAD,8,Non-Landed Properties,1,"4,200",50 to 60,500 to 600,May-26
CITYLIGHTS,JELLICOE ROAD,8,Non-Landed Properties,1,"4,300",60 to 70,600 to 700,May-26
CITYLIGHTS,JELLICOE ROAD,8,Non-Landed Properties,1,"4,000",60 to 70,600 to 700,May-26
CITYLIGHTS,JELLICOE ROAD,8,Non-Landed Properties,1,"4,250",60 to 70,600 to 700,May-26
CITYLIGHTS,JELLICOE ROAD,8,Non-Landed Properties,2,"4,900",80 to 90,800 to 900,May-26
CITYLIGHTS,JELLICOE ROAD,8,Non-Landed Properties,1,"4,200",60 to 70,700 to 800,May-26
CITYLIGHTS,JELLICOE ROAD,8,Non-Landed Properties,2,"5,100",80 to 90,"900 to 1,000",May-26
CITYLIGHTS,JELLICOE ROAD,8,Non-Landed Properties,3,"6,600",130 to 140,"1,400 to 1,500",May-26
CITYLIGHTS,JELLICOE ROAD,8,Non-Landed Properties,3,"7,200",130 to 140,"1,400 to 1,500",May-26
CITYLIGHTS,JELLICOE ROAD,8,Non-Landed Properties,3,"7,000",130 to 140,"1,400 to 1,500",May-26
CITYLIGHTS,JELLICOE ROAD,8,Non-Landed Properties,3,"6,800",130 to 140,"1,400 to 1,500",May-26
CITYLIGHTS,JELLICOE ROAD,8,Non-Landed Properties,3,"5,100",120 to 130,"1,300 to 1,400",May-26
KENTISH GREEN,OXFORD ROAD,8,Non-Landed Properties,2,"4,000",100 to 110,"1,000 to 1,100",May-26
KENG LEE VIEW,KENG LEE ROAD,8,Non-Landed Properties,NA,"4,000",110 to 120,"1,200 to 1,300",May-26
NON-LANDED HOUSING DEVELOPMENT,JALAN BESAR,8,Non-Landed Properties,NA,"4,500",100 to 110,"1,100 to 1,200",May-26
URBAN LOFTS,RANGOON ROAD,8,Non-Landed Properties,1,"3,500",60 to 70,600 to 700,May-26
URBAN LOFTS,RANGOON ROAD,8,Non-Landed Properties,1,"2,800",30 to 40,400 to 500,May-26
URBAN LOFTS,RANGOON ROAD,8,Non-Landed Properties,2,"4,500",110 to 120,"1,200 to 1,300",May-26
RESIDENCES @ SOMME,PETAIN ROAD,8,Non-Landed Properties,1,"3,300",70 to 80,700 to 800,May-26
RESIDENCES @ SOMME,PETAIN ROAD,8,Non-Landed Properties,1,"3,000",40 to 50,400 to 500,May-26
RESIDENCES @ SOMME,PETAIN ROAD,8,Non-Landed Properties,1,"2,800",40 to 50,500 to 600,May-26
FORTE SUITES,MERGUI ROAD,8,Non-Landed Properties,3,"4,200",50 to 60,600 to 700,May-26
FORTE SUITES,MERGUI ROAD,8,Non-Landed Properties,2,"3,800",50 to 60,600 to 700,May-26
CAVAN SUITES,CAVAN ROAD,8,Non-Landed Properties,NA,"2,500",30 to 40,300 to 400,May-26
CITYSCAPE @FARRER PARK,MERGUI ROAD,8,Non-Landed Properties,2,"4,150",80 to 90,"900 to 1,000",May-26
CITYSCAPE @FARRER PARK,MERGUI ROAD,8,Non-Landed Properties,2,"4,100",80 to 90,"900 to 1,000",May-26
CITYSCAPE @FARRER PARK,MERGUI ROAD,8,Non-Landed Properties,2,"4,350",90 to 100,"1,000 to 1,100",May-26
CITYSCAPE @FARRER PARK,MERGUI ROAD,8,Non-Landed Properties,2,"4,500",90 to 100,"1,000 to 1,100",May-26
CITYSCAPE @FARRER PARK,MERGUI ROAD,8,Non-Landed Properties,2,"4,150",100 to 110,"1,100 to 1,200",May-26
CITYSCAPE @FARRER PARK,MERGUI ROAD,8,Non-Landed Properties,3,"6,100",110 to 120,"1,200 to 1,300",May-26
CITYSCAPE @FARRER PARK,MERGUI ROAD,8,Non-Landed Properties,2,"4,250",80 to 90,"900 to 1,000",May-26
CITYSCAPE @FARRER PARK,MERGUI ROAD,8,Non-Landed Properties,2,"4,200",100 to 110,"1,100 to 1,200",May-26
28 RC SUITES,RACE COURSE LANE,8,Non-Landed Properties,1,"2,700",30 to 40,400 to 500,May-26
28 RC SUITES,RACE COURSE LANE,8,Non-Landed Properties,1,"2,800",40 to 50,400 to 500,May-26
28 RC SUITES,RACE COURSE LANE,8,Non-Landed Properties,1,"2,800",30 to 40,400 to 500,May-26
NON-LANDED HOUSING DEVELOPMENT,SERANGOON ROAD,8,Non-Landed Properties,NA,"5,400",90 to 100,"1,000 to 1,100",May-26
NON-LANDED HOUSING DEVELOPMENT,TRURO ROAD,8,Non-Landed Properties,NA,"4,200",90 to 100,"1,000 to 1,100",May-26
KENTISH COURT,OXFORD ROAD,8,Non-Landed Properties,3,"4,600",120 to 130,"1,300 to 1,400",May-26
KENTISH COURT,OXFORD ROAD,8,Non-Landed Properties,2,"3,350",100 to 110,"1,000 to 1,100",May-26
CITY STUDIOS,RACE COURSE LANE,8,Non-Landed Properties,2,"4,000",70 to 80,800 to 900,May-26
PICCADILLY GRAND,NORTHUMBERLAND ROAD,8,Non-Landed Properties,2,"4,300",50 to 60,600 to 700,May-26
PICCADILLY GRAND,NORTHUMBERLAND ROAD,8,Non-Landed Properties,3,"6,100",90 to 100,"1,000 to 1,100",May-26
PICCADILLY GRAND,NORTHUMBERLAND ROAD,8,Non-Landed Properties,2,"4,300",50 to 60,600 to 700,May-26
PICCADILLY GRAND,NORTHUMBERLAND ROAD,8,Non-Landed Properties,2,"4,500",50 to 60,600 to 700,May-26
PICCADILLY GRAND,NORTHUMBERLAND ROAD,8,Non-Landed Properties,3,"6,100",80 to 90,800 to 900,May-26
PICCADILLY GRAND,NORTHUMBERLAND ROAD,8,Non-Landed Properties,1,"3,850",40 to 50,500 to 600,May-26
PICCADILLY GRAND,NORTHUMBERLAND ROAD,8,Non-Landed Properties,2,"4,850",60 to 70,700 to 800,May-26
PICCADILLY GRAND,NORTHUMBERLAND ROAD,8,Non-Landed Properties,1,"3,450",40 to 50,400 to 500,May-26
PICCADILLY GRAND,NORTHUMBERLAND ROAD,8,Non-Landed Properties,1,"3,800",40 to 50,400 to 500,May-26
PICCADILLY GRAND,NORTHUMBERLAND ROAD,8,Non-Landed Properties,2,"4,800",70 to 80,800 to 900,May-26
PICCADILLY GRAND,NORTHUMBERLAND ROAD,8,Non-Landed Properties,1,"3,700",40 to 50,400 to 500,May-26
PICCADILLY GRAND,NORTHUMBERLAND ROAD,8,Non-Landed Properties,2,"4,800",60 to 70,700 to 800,May-26
NON-LANDED HOUSING DEVELOPMENT,DUNLOP STREET,8,Non-Landed Properties,NA,"5,500",60 to 70,600 to 700,May-26
HERTFORD MANSION,BRISTOL ROAD,8,Non-Landed Properties,NA,"5,400",110 to 120,"1,200 to 1,300",May-26
MERGUI MANSIONS,MERGUI ROAD,8,Non-Landed Properties,3,"4,400",130 to 140,"1,400 to 1,500",May-26
70@TRURO,TRURO ROAD,8,Non-Landed Properties,3,"4,300",70 to 80,800 to 900,May-26
70@TRURO,TRURO ROAD,8,Non-Landed Properties,3,"4,250",70 to 80,800 to 900,May-26
NON-LANDED HOUSING DEVELOPMENT,JOO AVENUE,8,Non-Landed Properties,NA,"2,600",130 to 140,"1,500 to 1,600",May-26
RITZ @ FARRER,RACE COURSE ROAD,8,Non-Landed Properties,3,"4,250",60 to 70,700 to 800,May-26
HERTFORD COLLECTION,HERTFORD ROAD,8,Non-Landed Properties,NA,"3,250",50 to 60,500 to 600,May-26
HERTFORD COLLECTION,HERTFORD ROAD,8,Non-Landed Properties,NA,"3,800",70 to 80,700 to 800,May-26
STUDIOS @ MARNE,MARNE ROAD,8,Non-Landed Properties,NA,"3,600",50 to 60,500 to 600,May-26
STUDIOS @ MARNE,MARNE ROAD,8,Non-Landed Properties,NA,"2,950",50 to 60,600 to 700,May-26
STUDIOS @ MARNE,MARNE ROAD,8,Non-Landed Properties,NA,"3,000",50 to 60,500 to 600,May-26
STUDIOS @ MARNE,MARNE ROAD,8,Non-Landed Properties,NA,"2,800",40 to 50,500 to 600,May-26
PRISTINE HEIGHTS,MERGUI ROAD,8,Non-Landed Properties,3,"4,700",90 to 100,"1,000 to 1,100",May-26
NON-LANDED HOUSING DEVELOPMENT,BEATTY ROAD,8,Non-Landed Properties,NA,"5,000",80 to 90,"900 to 1,000",May-26
R66 APARTMENTS,RANGOON ROAD,8,Non-Landed Properties,1,"3,000",40 to 50,500 to 600,May-26
R66 APARTMENTS,RANGOON ROAD,8,Non-Landed Properties,1,"2,700",40 to 50,400 to 500,May-26
NON-LANDED HOUSING DEVELOPMENT,STARLIGHT ROAD,8,Non-Landed Properties,NA,"2,380",120 to 130,"1,300 to 1,400",May-26
NON-LANDED HOUSING DEVELOPMENT,STARLIGHT ROAD,8,Non-Landed Properties,NA,"5,050",60 to 70,700 to 800,May-26
CLYDES RESIDENCE,MERGUI ROAD,8,Non-Landed Properties,1,"3,100",50 to 60,500 to 600,May-26
MAPLE LEAF ELITE 2,RANGOON ROAD,8,Non-Landed Properties,2,"5,000",70 to 80,800 to 900,Apr-26
MAPLE LEAF ELITE 2,RANGOON ROAD,8,Non-Landed Properties,2,"4,250",50 to 60,500 to 600,Apr-26
MAPLE LEAF ELITE 2,RANGOON ROAD,8,Non-Landed Properties,2,"4,000",50 to 60,500 to 600,Apr-26
KERRISDALE,STURDEE ROAD,8,Non-Landed Properties,2,"5,000",90 to 100,"900 to 1,000",Apr-26
KERRISDALE,STURDEE ROAD,8,Non-Landed Properties,3,"6,000",110 to 120,"1,200 to 1,300",Apr-26
KERRISDALE,STURDEE ROAD,8,Non-Landed Properties,3,"5,300",110 to 120,"1,200 to 1,300",Apr-26
KERRISDALE,STURDEE ROAD,8,Non-Landed Properties,2,"4,700",90 to 100,"900 to 1,000",Apr-26
KERRISDALE,STURDEE ROAD,8,Non-Landed Properties,3,"5,500",110 to 120,"1,200 to 1,300",Apr-26
KERRISDALE,STURDEE ROAD,8,Non-Landed Properties,3,"6,000",110 to 120,"1,200 to 1,300",Apr-26
KERRISDALE,STURDEE ROAD,8,Non-Landed Properties,3,"5,500",110 to 120,"1,200 to 1,300",Apr-26
KERRISDALE,STURDEE ROAD,8,Non-Landed Properties,3,"7,250",110 to 120,"1,200 to 1,300",Apr-26
KERRISDALE,STURDEE ROAD,8,Non-Landed Properties,3,"5,400",110 to 120,"1,200 to 1,300",Apr-26
KERRISDALE,STURDEE ROAD,8,Non-Landed Properties,2,"4,650",90 to 100,"900 to 1,000",Apr-26
KERRISDALE,STURDEE ROAD,8,Non-Landed Properties,2,"4,500",90 to 100,"900 to 1,000",Apr-26
NON-LANDED HOUSING DEVELOPMENT,CHANDER ROAD,8,Non-Landed Properties,NA,"15,000",110 to 120,"1,200 to 1,300",Apr-26
CITY SQUARE RESIDENCES,KITCHENER LINK,8,Non-Landed Properties,4,"6,900",140 to 150,"1,500 to 1,600",Apr-26
CITY SQUARE RESIDENCES,KITCHENER LINK,8,Non-Landed Properties,3,"6,000",110 to 120,"1,200 to 1,300",Apr-26
CITY SQUARE RESIDENCES,KITCHENER LINK,8,Non-Landed Properties,2,"4,600",70 to 80,800 to 900,Apr-26
CITY SQUARE RESIDENCES,KITCHENER LINK,8,Non-Landed Properties,2,"4,600",70 to 80,800 to 900,Apr-26
CITY SQUARE RESIDENCES,KITCHENER LINK,8,Non-Landed Properties,1,"3,600",50 to 60,500 to 600,Apr-26
CITY SQUARE RESIDENCES,KITCHENER LINK,8,Non-Landed Properties,1,"3,500",50 to 60,500 to 600,Apr-26
CITY SQUARE RESIDENCES,KITCHENER LINK,8,Non-Landed Properties,4,"7,300",140 to 150,"1,500 to 1,600",Apr-26
CITY SQUARE RESIDENCES,KITCHENER LINK,8,Non-Landed Properties,2,"4,500",70 to 80,800 to 900,Apr-26
CITY SQUARE RESIDENCES,KITCHENER LINK,8,Non-Landed Properties,4,"6,250",140 to 150,"1,500 to 1,600",Apr-26
CITY SQUARE RESIDENCES,KITCHENER LINK,8,Non-Landed Properties,1,"3,600",50 to 60,500 to 600,Apr-26
CITY SQUARE RESIDENCES,KITCHENER LINK,8,Non-Landed Properties,4,"7,100",140 to 150,"1,500 to 1,600",Apr-26
CITY SQUARE RESIDENCES,KITCHENER LINK,8,Non-Landed Properties,4,"6,900",140 to 150,"1,500 to 1,600",Apr-26
CITY SQUARE RESIDENCES,KITCHENER LINK,8,Non-Landed Properties,2,"4,600",70 to 80,800 to 900,Apr-26
CITY SQUARE RESIDENCES,KITCHENER LINK,8,Non-Landed Properties,1,"3,700",50 to 60,500 to 600,Apr-26
CITY SQUARE RESIDENCES,KITCHENER LINK,8,Non-Landed Properties,3,"6,300",110 to 120,"1,200 to 1,300",Apr-26
CITY SQUARE RESIDENCES,KITCHENER LINK,8,Non-Landed Properties,2,"4,500",70 to 80,800 to 900,Apr-26
CITY SQUARE RESIDENCES,KITCHENER LINK,8,Non-Landed Properties,2,"4,500",70 to 80,800 to 900,Apr-26
CITY SQUARE RESIDENCES,KITCHENER LINK,8,Non-Landed Properties,1,"3,600",50 to 60,500 to 600,Apr-26
CITY SQUARE RESIDENCES,KITCHENER LINK,8,Non-Landed Properties,2,"4,900",80 to 90,800 to 900,Apr-26
CITY SQUARE RESIDENCES,KITCHENER LINK,8,Non-Landed Properties,3,"6,000",110 to 120,"1,200 to 1,300",Apr-26
CITY SQUARE RESIDENCES,KITCHENER LINK,8,Non-Landed Properties,4,"7,000",130 to 140,"1,500 to 1,600",Apr-26
CITY SQUARE RESIDENCES,KITCHENER LINK,8,Non-Landed Properties,2,"4,800",80 to 90,800 to 900,Apr-26
CITY SQUARE RESIDENCES,KITCHENER LINK,8,Non-Landed Properties,2,"4,600",80 to 90,800 to 900,Apr-26
CITY SQUARE RESIDENCES,KITCHENER LINK,8,Non-Landed Properties,3,"7,000",110 to 120,"1,200 to 1,300",Apr-26
CITY SQUARE RESIDENCES,KITCHENER LINK,8,Non-Landed Properties,3,"5,000",110 to 120,"1,200 to 1,300",Apr-26
CITY SQUARE RESIDENCES,KITCHENER LINK,8,Non-Landed Properties,2,"4,200",80 to 90,800 to 900,Apr-26
CITY SQUARE RESIDENCES,KITCHENER LINK,8,Non-Landed Properties,3,"6,500",110 to 120,"1,100 to 1,200",Apr-26
CITY SQUARE RESIDENCES,KITCHENER LINK,8,Non-Landed Properties,3,"5,800",110 to 120,"1,200 to 1,300",Apr-26
CITY SQUARE RESIDENCES,KITCHENER LINK,8,Non-Landed Properties,1,"3,700",50 to 60,500 to 600,Apr-26
CITY SQUARE RESIDENCES,KITCHENER LINK,8,Non-Landed Properties,3,"5,300",110 to 120,"1,200 to 1,300",Apr-26
CITY SQUARE RESIDENCES,KITCHENER LINK,8,Non-Landed Properties,1,"3,700",50 to 60,500 to 600,Apr-26
CITY SQUARE RESIDENCES,KITCHENER LINK,8,Non-Landed Properties,3,"5,000",110 to 120,"1,200 to 1,300",Apr-26
CITY SQUARE RESIDENCES,KITCHENER LINK,8,Non-Landed Properties,3,"5,300",110 to 120,"1,200 to 1,300",Apr-26
CITY SQUARE RESIDENCES,KITCHENER LINK,8,Non-Landed Properties,3,"5,100",110 to 120,"1,200 to 1,300",Apr-26
CITY SQUARE RESIDENCES,KITCHENER LINK,8,Non-Landed Properties,3,"5,900",110 to 120,"1,200 to 1,300",Apr-26
CITY SQUARE RESIDENCES,KITCHENER LINK,8,Non-Landed Properties,2,"4,300",70 to 80,800 to 900,Apr-26
STURDEE RESIDENCES,BEATTY ROAD,8,Non-Landed Properties,1,"3,800",30 to 40,400 to 500,Apr-26
STURDEE RESIDENCES,BEATTY ROAD,8,Non-Landed Properties,2,"4,200",60 to 70,600 to 700,Apr-26
STURDEE RESIDENCES,BEATTY ROAD,8,Non-Landed Properties,2,"4,100",60 to 70,700 to 800,Apr-26
STURDEE RESIDENCES,BEATTY ROAD,8,Non-Landed Properties,3,"5,200",80 to 90,"900 to 1,000",Apr-26
STURDEE RESIDENCES,BEATTY ROAD,8,Non-Landed Properties,1,"3,100",30 to 40,400 to 500,Apr-26
STURDEE RESIDENCES,BEATTY ROAD,8,Non-Landed Properties,2,"4,100",60 to 70,600 to 700,Apr-26
STURDEE RESIDENCES,BEATTY ROAD,8,Non-Landed Properties,1,"3,200",30 to 40,400 to 500,Apr-26
STURDEE RESIDENCES,BEATTY ROAD,8,Non-Landed Properties,1,"3,200",30 to 40,400 to 500,Apr-26
STURDEE RESIDENCES,BEATTY ROAD,8,Non-Landed Properties,2,"4,500",60 to 70,700 to 800,Apr-26
STURDEE RESIDENCES,BEATTY ROAD,8,Non-Landed Properties,2,"4,750",60 to 70,700 to 800,Apr-26
D'CAMBRIDGE,CAMBRIDGE ROAD,8,Non-Landed Properties,2,"3,200",60 to 70,700 to 800,Apr-26
NON-LANDED HOUSING DEVELOPMENT,RACE COURSE ROAD,8,Non-Landed Properties,NA,"2,300",20 to 30,200 to 300,Apr-26
NON-LANDED HOUSING DEVELOPMENT,RACE COURSE ROAD,8,Non-Landed Properties,1,"2,400",30 to 40,300 to 400,Apr-26
NON-LANDED HOUSING DEVELOPMENT,RACE COURSE ROAD,8,Non-Landed Properties,NA,"2,180",30 to 40,300 to 400,Apr-26
NON-LANDED HOUSING DEVELOPMENT,RACE COURSE ROAD,8,Non-Landed Properties,NA,"2,200",30 to 40,300 to 400,Apr-26
NON-LANDED HOUSING DEVELOPMENT,RACE COURSE ROAD,8,Non-Landed Properties,NA,"4,000",90 to 100,"1,000 to 1,100",Apr-26
NON-LANDED HOUSING DEVELOPMENT,RACE COURSE ROAD,8,Non-Landed Properties,NA,"6,000",160 to 170,"1,800 to 1,900",Apr-26
NON-LANDED HOUSING DEVELOPMENT,RACE COURSE ROAD,8,Non-Landed Properties,NA,"4,200",100 to 110,"1,000 to 1,100",Apr-26
NON-LANDED HOUSING DEVELOPMENT,STARLIGHT TERRACE,8,Non-Landed Properties,NA,"5,000",130 to 140,"1,400 to 1,500",Apr-26
SUITES @ OWEN,OWEN ROAD,8,Non-Landed Properties,1,"2,900",40 to 50,400 to 500,Apr-26
SUITES @ OWEN,OWEN ROAD,8,Non-Landed Properties,1,"2,900",40 to 50,400 to 500,Apr-26
NON-LANDED HOUSING DEVELOPMENT,BIRCH ROAD,8,Non-Landed Properties,NA,"6,000",60 to 70,600 to 700,Apr-26
NON-LANDED HOUSING DEVELOPMENT,KINTA ROAD,8,Non-Landed Properties,2,"3,200",70 to 80,800 to 900,Apr-26
SOHO @ FARRER,RACE COURSE ROAD,8,Non-Landed Properties,1,"3,300",30 to 40,400 to 500,Apr-26
8 FARRER SUITES,SING JOO WALK,8,Non-Landed Properties,3,"5,500",80 to 90,"900 to 1,000",Apr-26
CHERRYLOFT,RANGOON ROAD,8,Non-Landed Properties,NA,"2,300",20 to 30,300 to 400,Apr-26
CHERRYLOFT,RANGOON ROAD,8,Non-Landed Properties,NA,"2,400",20 to 30,300 to 400,Apr-26
TYRWHITT 139,TYRWHITT ROAD,8,Non-Landed Properties,2,"3,050",40 to 50,500 to 600,Apr-26
TYRWHITT 139,TYRWHITT ROAD,8,Non-Landed Properties,1,"2,700",40 to 50,400 to 500,Apr-26
LE SOMME,SOMME ROAD,8,Non-Landed Properties,1,"2,950",40 to 50,500 to 600,Apr-26
HONG BUILDING,RANGOON ROAD,8,Non-Landed Properties,NA,"5,000",120 to 130,"1,300 to 1,400",Apr-26
KENG LEE COURT,KENG LEE ROAD,8,Non-Landed Properties,3,"3,800",90 to 100,"1,000 to 1,100",Apr-26
KENG LEE COURT,KENG LEE ROAD,8,Non-Landed Properties,1,"2,300",40 to 50,400 to 500,Apr-26
NON-LANDED HOUSING DEVELOPMENT,HAMILTON ROAD,8,Non-Landed Properties,NA,"3,600",90 to 100,"900 to 1,000",Apr-26
CITY LOFT,RACE COURSE ROAD,8,Non-Landed Properties,1,"3,050",30 to 40,300 to 400,Apr-26
CITY LOFT,RACE COURSE ROAD,8,Non-Landed Properties,2,"3,000",80 to 90,800 to 900,Apr-26
CITY LOFT,RACE COURSE ROAD,8,Non-Landed Properties,2,"3,650",80 to 90,"900 to 1,000",Apr-26
CITY LOFT,RACE COURSE ROAD,8,Non-Landed Properties,1,"2,700",30 to 40,300 to 400,Apr-26
SUITES 123,RANGOON ROAD,8,Non-Landed Properties,1,"3,400",50 to 60,500 to 600,Apr-26
SOHO 188,RACE COURSE ROAD,8,Non-Landed Properties,1,"2,850",40 to 50,400 to 500,Apr-26
SOHO 188,RACE COURSE ROAD,8,Non-Landed Properties,1,"3,100",40 to 50,400 to 500,Apr-26
SOHO 188,RACE COURSE ROAD,8,Non-Landed Properties,1,"2,850",40 to 50,400 to 500,Apr-26
SOHO 188,RACE COURSE ROAD,8,Non-Landed Properties,1,"3,000",30 to 40,300 to 400,Apr-26
UPTOWN @ FARRER,PERUMAL ROAD,8,Non-Landed Properties,3,"5,400",70 to 80,800 to 900,Apr-26
UPTOWN @ FARRER,PERUMAL ROAD,8,Non-Landed Properties,2,"4,000",40 to 50,500 to 600,Apr-26
UPTOWN @ FARRER,PERUMAL ROAD,8,Non-Landed Properties,2,"4,100",40 to 50,500 to 600,Apr-26
UPTOWN @ FARRER,PERUMAL ROAD,8,Non-Landed Properties,2,"3,650",40 to 50,500 to 600,Apr-26
THE URBANITE,HERTFORD ROAD,8,Non-Landed Properties,1,"2,750",40 to 50,500 to 600,Apr-26
CARLYX RESIDENCE,CARLISLE ROAD,8,Non-Landed Properties,1,"3,800",80 to 90,800 to 900,Apr-26
NON-LANDED HOUSING DEVELOPMENT,KITCHENER ROAD,8,Non-Landed Properties,NA,"4,700",80 to 90,800 to 900,Apr-26
THE CITRON RESIDENCES,MARNE ROAD,8,Non-Landed Properties,2,"4,700",60 to 70,600 to 700,Apr-26
THE CITRON RESIDENCES,MARNE ROAD,8,Non-Landed Properties,2,"4,000",60 to 70,600 to 700,Apr-26
THE CITRON RESIDENCES,MARNE ROAD,8,Non-Landed Properties,3,"5,200",80 to 90,"900 to 1,000",Apr-26
THE CITRON RESIDENCES,MARNE ROAD,8,Non-Landed Properties,2,"4,000",60 to 70,600 to 700,Apr-26
CITIGATE RESIDENCE,RANGOON ROAD,8,Non-Landed Properties,1,"3,000",50 to 60,500 to 600,Apr-26
CITIGATE RESIDENCE,RANGOON ROAD,8,Non-Landed Properties,1,"2,700",40 to 50,400 to 500,Apr-26
OXFORD SUITES,OXFORD ROAD,8,Non-Landed Properties,NA,"3,750",80 to 90,"900 to 1,000",Apr-26
OXFORD SUITES,OXFORD ROAD,8,Non-Landed Properties,1,"3,600",60 to 70,600 to 700,Apr-26
OXFORD SUITES,OXFORD ROAD,8,Non-Landed Properties,2,"4,050",90 to 100,"1,000 to 1,100",Apr-26
OXFORD SUITES,OXFORD ROAD,8,Non-Landed Properties,NA,"4,000",80 to 90,800 to 900,Apr-26
OXFORD SUITES,OXFORD ROAD,8,Non-Landed Properties,1,"3,600",60 to 70,600 to 700,Apr-26
CITYLIGHTS,JELLICOE ROAD,8,Non-Landed Properties,2,"5,500",80 to 90,"900 to 1,000",Apr-26
CITYLIGHTS,JELLICOE ROAD,8,Non-Landed Properties,2,"4,900",80 to 90,"900 to 1,000",Apr-26
CITYLIGHTS,JELLICOE ROAD,8,Non-Landed Properties,3,"8,500",170 to 180,"1,800 to 1,900",Apr-26
CITYLIGHTS,JELLICOE ROAD,8,Non-Landed Properties,2,"5,000",80 to 90,800 to 900,Apr-26
CITYLIGHTS,JELLICOE ROAD,8,Non-Landed Properties,1,"3,600",50 to 60,500 to 600,Apr-26
CITYLIGHTS,JELLICOE ROAD,8,Non-Landed Properties,1,"3,700",50 to 60,500 to 600,Apr-26
CITYLIGHTS,JELLICOE ROAD,8,Non-Landed Properties,1,"3,600",50 to 60,500 to 600,Apr-26
CITYLIGHTS,JELLICOE ROAD,8,Non-Landed Properties,1,"4,150",60 to 70,700 to 800,Apr-26
CITYLIGHTS,JELLICOE ROAD,8,Non-Landed Properties,1,"4,000",60 to 70,600 to 700,Apr-26
CITYLIGHTS,JELLICOE ROAD,8,Non-Landed Properties,2,"5,000",80 to 90,800 to 900,Apr-26
CITYLIGHTS,JELLICOE ROAD,8,Non-Landed Properties,3,"6,400",120 to 130,"1,300 to 1,400",Apr-26
CITYLIGHTS,JELLICOE ROAD,8,Non-Landed Properties,3,"6,700",130 to 140,"1,400 to 1,500",Apr-26
CITYLIGHTS,JELLICOE ROAD,8,Non-Landed Properties,3,"6,900",130 to 140,"1,400 to 1,500",Apr-26
CITYLIGHTS,JELLICOE ROAD,8,Non-Landed Properties,3,"6,200",120 to 130,"1,300 to 1,400",Apr-26
NON-LANDED HOUSING DEVELOPMENT,MERGUI ROAD,8,Non-Landed Properties,NA,"4,500",80 to 90,"900 to 1,000",Apr-26
KENTISH GREEN,OXFORD ROAD,8,Non-Landed Properties,2,"4,200",90 to 100,"1,000 to 1,100",Apr-26
KENTISH GREEN,OXFORD ROAD,8,Non-Landed Properties,3,"5,000",110 to 120,"1,200 to 1,300",Apr-26
KENTISH GREEN,OXFORD ROAD,8,Non-Landed Properties,2,"3,900",100 to 110,"1,000 to 1,100",Apr-26
RESIDENCES @ SOMME,PETAIN ROAD,8,Non-Landed Properties,1,"2,900",40 to 50,500 to 600,Apr-26
FORTE SUITES,MERGUI ROAD,8,Non-Landed Properties,2,"3,650",60 to 70,600 to 700,Apr-26
FORTE SUITES,MERGUI ROAD,8,Non-Landed Properties,2,"3,850",60 to 70,600 to 700,Apr-26
FORTE SUITES,MERGUI ROAD,8,Non-Landed Properties,2,"3,500",50 to 60,600 to 700,Apr-26
FORTE SUITES,MERGUI ROAD,8,Non-Landed Properties,1,"3,000",40 to 50,400 to 500,Apr-26
CAVAN SUITES,CAVAN ROAD,8,Non-Landed Properties,NA,"2,500",30 to 40,300 to 400,Apr-26
CITYSCAPE @FARRER PARK,MERGUI ROAD,8,Non-Landed Properties,2,"4,500",100 to 110,"1,100 to 1,200",Apr-26
CITYSCAPE @FARRER PARK,MERGUI ROAD,8,Non-Landed Properties,3,"5,200",120 to 130,"1,300 to 1,400",Apr-26
CITYSCAPE @FARRER PARK,MERGUI ROAD,8,Non-Landed Properties,2,"4,200",90 to 100,"1,000 to 1,100",Apr-26
CITYSCAPE @FARRER PARK,MERGUI ROAD,8,Non-Landed Properties,2,"4,300",80 to 90,"900 to 1,000",Apr-26
CITYSCAPE @FARRER PARK,MERGUI ROAD,8,Non-Landed Properties,2,"4,300",80 to 90,"900 to 1,000",Apr-26
NON-LANDED HOUSING DEVELOPMENT,SING JOO WALK,8,Non-Landed Properties,NA,"3,600",90 to 100,"1,000 to 1,100",Apr-26
28 RC SUITES,RACE COURSE LANE,8,Non-Landed Properties,1,"3,700",30 to 40,400 to 500,Apr-26
28 RC SUITES,RACE COURSE LANE,8,Non-Landed Properties,1,"3,300",40 to 50,400 to 500,Apr-26
28 RC SUITES,RACE COURSE LANE,8,Non-Landed Properties,1,"3,500",70 to 80,800 to 900,Apr-26
28 RC SUITES,RACE COURSE LANE,8,Non-Landed Properties,1,"2,950",30 to 40,400 to 500,Apr-26
28 RC SUITES,RACE COURSE LANE,8,Non-Landed Properties,1,"2,850",30 to 40,400 to 500,Apr-26
28 RC SUITES,RACE COURSE LANE,8,Non-Landed Properties,1,"2,900",30 to 40,400 to 500,Apr-26
NON-LANDED HOUSING DEVELOPMENT,KELANTAN LANE,8,Non-Landed Properties,NA,"2,850",190 to 200,"2,000 to 2,100",Apr-26
KENTISH COURT,OXFORD ROAD,8,Non-Landed Properties,2,"4,000",90 to 100,"1,000 to 1,100",Apr-26
KENTISH COURT,OXFORD ROAD,8,Non-Landed Properties,2,"3,900",100 to 110,"1,100 to 1,200",Apr-26
PICCADILLY GRAND,NORTHUMBERLAND ROAD,8,Non-Landed Properties,2,"4,900",60 to 70,700 to 800,Apr-26
PICCADILLY GRAND,NORTHUMBERLAND ROAD,8,Non-Landed Properties,2,"4,700",60 to 70,700 to 800,Apr-26
PICCADILLY GRAND,NORTHUMBERLAND ROAD,8,Non-Landed Properties,3,"6,000",100 to 110,"1,000 to 1,100",Apr-26
PICCADILLY GRAND,NORTHUMBERLAND ROAD,8,Non-Landed Properties,2,"5,000",60 to 70,700 to 800,Apr-26
PICCADILLY GRAND,NORTHUMBERLAND ROAD,8,Non-Landed Properties,2,"4,800",60 to 70,700 to 800,Apr-26
PICCADILLY GRAND,NORTHUMBERLAND ROAD,8,Non-Landed Properties,2,"4,700",50 to 60,600 to 700,Apr-26
PICCADILLY GRAND,NORTHUMBERLAND ROAD,8,Non-Landed Properties,1,"3,700",40 to 50,500 to 600,Apr-26
PICCADILLY GRAND,NORTHUMBERLAND ROAD,8,Non-Landed Properties,2,"4,600",50 to 60,600 to 700,Apr-26
PICCADILLY GRAND,NORTHUMBERLAND ROAD,8,Non-Landed Properties,1,"3,850",60 to 70,600 to 700,Apr-26
PICCADILLY GRAND,NORTHUMBERLAND ROAD,8,Non-Landed Properties,1,"3,750",40 to 50,500 to 600,Apr-26
PICCADILLY GRAND,NORTHUMBERLAND ROAD,8,Non-Landed Properties,2,"4,650",50 to 60,600 to 700,Apr-26
PICCADILLY GRAND,NORTHUMBERLAND ROAD,8,Non-Landed Properties,2,"4,700",60 to 70,700 to 800,Apr-26
PICCADILLY GRAND,NORTHUMBERLAND ROAD,8,Non-Landed Properties,5,"10,000",150 to 160,"1,600 to 1,700",Apr-26
PICCADILLY GRAND,NORTHUMBERLAND ROAD,8,Non-Landed Properties,2,"4,200",50 to 60,600 to 700,Apr-26
PICCADILLY GRAND,NORTHUMBERLAND ROAD,8,Non-Landed Properties,3,"6,600",100 to 110,"1,000 to 1,100",Apr-26
PICCADILLY GRAND,NORTHUMBERLAND ROAD,8,Non-Landed Properties,3,"6,500",90 to 100,"1,000 to 1,100",Apr-26
PICCADILLY GRAND,NORTHUMBERLAND ROAD,8,Non-Landed Properties,1,"3,800",40 to 50,500 to 600,Apr-26
PICCADILLY GRAND,NORTHUMBERLAND ROAD,8,Non-Landed Properties,3,"6,700",90 to 100,"1,000 to 1,100",Apr-26
PICCADILLY GRAND,NORTHUMBERLAND ROAD,8,Non-Landed Properties,2,"4,600",60 to 70,600 to 700,Apr-26
PICCADILLY GRAND,NORTHUMBERLAND ROAD,8,Non-Landed Properties,2,"4,800",60 to 70,600 to 700,Apr-26
PICCADILLY GRAND,NORTHUMBERLAND ROAD,8,Non-Landed Properties,4,"9,200",120 to 130,"1,300 to 1,400",Apr-26
PICCADILLY GRAND,NORTHUMBERLAND ROAD,8,Non-Landed Properties,2,"4,800",60 to 70,700 to 800,Apr-26
PICCADILLY GRAND,NORTHUMBERLAND ROAD,8,Non-Landed Properties,1,"3,750",60 to 70,600 to 700,Apr-26
PICCADILLY GRAND,NORTHUMBERLAND ROAD,8,Non-Landed Properties,1,"3,900",40 to 50,400 to 500,Apr-26
PICCADILLY GRAND,NORTHUMBERLAND ROAD,8,Non-Landed Properties,2,"4,800",60 to 70,700 to 800,Apr-26
PICCADILLY GRAND,NORTHUMBERLAND ROAD,8,Non-Landed Properties,3,"6,500",90 to 100,"1,000 to 1,100",Apr-26
RANGOON 88,RANGOON ROAD,8,Non-Landed Properties,1,"3,000",50 to 60,600 to 700,Apr-26
NON-LANDED HOUSING DEVELOPMENT,CAMBRIDGE ROAD,8,Non-Landed Properties,NA,"4,100",70 to 80,800 to 900,Apr-26
70@TRURO,TRURO ROAD,8,Non-Landed Properties,3,"4,400",70 to 80,800 to 900,Apr-26
70@TRURO,TRURO ROAD,8,Non-Landed Properties,3,"4,300",70 to 80,800 to 900,Apr-26
NON-LANDED HOUSING DEVELOPMENT,JOO AVENUE,8,Non-Landed Properties,NA,"5,500",140 to 150,"1,500 to 1,600",Apr-26
RITZ @ FARRER,RACE COURSE ROAD,8,Non-Landed Properties,3,"4,500",80 to 90,800 to 900,Apr-26
JOOL SUITES,SING JOO WALK,8,Non-Landed Properties,1,"2,900",30 to 40,400 to 500,Apr-26
JOOL SUITES,SING JOO WALK,8,Non-Landed Properties,1,"3,200",60 to 70,600 to 700,Apr-26
JOOL SUITES,SING JOO WALK,8,Non-Landed Properties,1,"3,000",30 to 40,300 to 400,Apr-26
JOOL SUITES,SING JOO WALK,8,Non-Landed Properties,1,"3,000",30 to 40,300 to 400,Apr-26
JOOL SUITES,SING JOO WALK,8,Non-Landed Properties,1,"3,000",30 to 40,300 to 400,Apr-26
STUDIOS @ MARNE,MARNE ROAD,8,Non-Landed Properties,NA,"3,100",50 to 60,500 to 600,Apr-26
STUDIOS @ MARNE,MARNE ROAD,8,Non-Landed Properties,NA,"3,300",50 to 60,500 to 600,Apr-26
STUDIOS @ MARNE,MARNE ROAD,8,Non-Landed Properties,NA,"3,800",50 to 60,500 to 600,Apr-26
STUDIOS @ MARNE,MARNE ROAD,8,Non-Landed Properties,NA,"3,800",50 to 60,500 to 600,Apr-26
STUDIOS @ MARNE,MARNE ROAD,8,Non-Landed Properties,2,"4,200",100 to 110,"1,000 to 1,100",Apr-26
VOGX,DORSET ROAD,8,Non-Landed Properties,2,"3,600",80 to 90,800 to 900,Apr-26
PRISTINE HEIGHTS,MERGUI ROAD,8,Non-Landed Properties,2,"4,100",60 to 70,700 to 800,Apr-26
PRISTINE HEIGHTS,MERGUI ROAD,8,Non-Landed Properties,3,"4,300",70 to 80,800 to 900,Apr-26
PRISTINE HEIGHTS,MERGUI ROAD,8,Non-Landed Properties,2,"4,000",60 to 70,700 to 800,Apr-26
PRISTINE HEIGHTS,MERGUI ROAD,8,Non-Landed Properties,3,"4,800",120 to 130,"1,300 to 1,400",Apr-26
PRISTINE HEIGHTS,MERGUI ROAD,8,Non-Landed Properties,2,"3,800",60 to 70,700 to 800,Apr-26
PRISTINE HEIGHTS,MERGUI ROAD,8,Non-Landed Properties,3,"4,200",70 to 80,800 to 900,Apr-26
WONG TAK FLAT,SERANGOON ROAD,8,Non-Landed Properties,3,"4,200",140 to 150,"1,500 to 1,600",Apr-26
WONG TAK FLAT,SERANGOON ROAD,8,Non-Landed Properties,3,"5,500",140 to 150,"1,500 to 1,600",Apr-26
NON-LANDED HOUSING DEVELOPMENT,BEATTY ROAD,8,Non-Landed Properties,NA,"3,600",80 to 90,"900 to 1,000",Apr-26
R66 APARTMENTS,RANGOON ROAD,8,Non-Landed Properties,1,"3,000",40 to 50,500 to 600,Apr-26
R66 APARTMENTS,RANGOON ROAD,8,Non-Landed Properties,1,"2,850",50 to 60,500 to 600,Apr-26
NON-LANDED HOUSING DEVELOPMENT,FLANDERS SQUARE,8,Non-Landed Properties,NA,"3,500",90 to 100,"1,000 to 1,100",Apr-26
KENT RESIDENCES,KENT ROAD,8,Non-Landed Properties,1,"3,000",40 to 50,500 to 600,Apr-26
KENT RESIDENCES,KENT ROAD,8,Non-Landed Properties,1,"2,800",30 to 40,400 to 500,Apr-26
MAPLE LEAF ELITE 2,RANGOON ROAD,8,Non-Landed Properties,3,"6,000",100 to 110,"1,100 to 1,200",Mar-26
MAPLE LEAF ELITE 2,RANGOON ROAD,8,Non-Landed Properties,3,"5,800",100 to 110,"1,100 to 1,200",Mar-26
KERRISDALE,STURDEE ROAD,8,Non-Landed Properties,4,"7,000",130 to 140,"1,400 to 1,500",Mar-26
KERRISDALE,STURDEE ROAD,8,Non-Landed Properties,3,"5,400",110 to 120,"1,200 to 1,300",Mar-26
KERRISDALE,STURDEE ROAD,8,Non-Landed Properties,4,"6,000",130 to 140,"1,400 to 1,500",Mar-26
KERRISDALE,STURDEE ROAD,8,Non-Landed Properties,3,"5,500",110 to 120,"1,200 to 1,300",Mar-26
KERRISDALE,STURDEE ROAD,8,Non-Landed Properties,2,"5,000",90 to 100,"900 to 1,000",Mar-26
KERRISDALE,STURDEE ROAD,8,Non-Landed Properties,3,"5,500",110 to 120,"1,200 to 1,300",Mar-26
KERRISDALE,STURDEE ROAD,8,Non-Landed Properties,3,"6,100",110 to 120,"1,200 to 1,300",Mar-26
KERRISDALE,STURDEE ROAD,8,Non-Landed Properties,4,"6,800",130 to 140,"1,400 to 1,500",Mar-26
KERRISDALE,STURDEE ROAD,8,Non-Landed Properties,2,"4,400",90 to 100,"900 to 1,000",Mar-26
CITY SQUARE RESIDENCES,KITCHENER LINK,8,Non-Landed Properties,2,"4,200",70 to 80,800 to 900,Mar-26
CITY SQUARE RESIDENCES,KITCHENER LINK,8,Non-Landed Properties,2,"4,700",70 to 80,800 to 900,Mar-26
CITY SQUARE RESIDENCES,KITCHENER LINK,8,Non-Landed Properties,2,"4,500",70 to 80,800 to 900,Mar-26
CITY SQUARE RESIDENCES,KITCHENER LINK,8,Non-Landed Properties,3,"6,200",110 to 120,"1,200 to 1,300",Mar-26
CITY SQUARE RESIDENCES,KITCHENER LINK,8,Non-Landed Properties,3,"6,100",110 to 120,"1,200 to 1,300",Mar-26
CITY SQUARE RESIDENCES,KITCHENER LINK,8,Non-Landed Properties,1,"3,700",50 to 60,500 to 600,Mar-26
CITY SQUARE RESIDENCES,KITCHENER LINK,8,Non-Landed Properties,3,"5,300",110 to 120,"1,200 to 1,300",Mar-26
CITY SQUARE RESIDENCES,KITCHENER LINK,8,Non-Landed Properties,2,"4,600",70 to 80,800 to 900,Mar-26
CITY SQUARE RESIDENCES,KITCHENER LINK,8,Non-Landed Properties,3,"6,500",110 to 120,"1,200 to 1,300",Mar-26
CITY SQUARE RESIDENCES,KITCHENER LINK,8,Non-Landed Properties,1,"3,700",50 to 60,500 to 600,Mar-26
CITY SQUARE RESIDENCES,KITCHENER LINK,8,Non-Landed Properties,1,"3,700",50 to 60,500 to 600,Mar-26
CITY SQUARE RESIDENCES,KITCHENER LINK,8,Non-Landed Properties,2,"4,875",70 to 80,800 to 900,Mar-26
CITY SQUARE RESIDENCES,KITCHENER LINK,8,Non-Landed Properties,2,"4,500",70 to 80,800 to 900,Mar-26
CITY SQUARE RESIDENCES,KITCHENER LINK,8,Non-Landed Properties,2,"4,700",80 to 90,800 to 900,Mar-26
CITY SQUARE RESIDENCES,KITCHENER LINK,8,Non-Landed Properties,3,"6,200",110 to 120,"1,200 to 1,300",Mar-26
CITY SQUARE RESIDENCES,KITCHENER LINK,8,Non-Landed Properties,2,"4,927",80 to 90,800 to 900,Mar-26
CITY SQUARE RESIDENCES,KITCHENER LINK,8,Non-Landed Properties,3,"5,600",110 to 120,"1,200 to 1,300",Mar-26
CITY SQUARE RESIDENCES,KITCHENER LINK,8,Non-Landed Properties,2,"4,600",80 to 90,800 to 900,Mar-26
CITY SQUARE RESIDENCES,KITCHENER LINK,8,Non-Landed Properties,4,"6,750",130 to 140,"1,500 to 1,600",Mar-26
CITY SQUARE RESIDENCES,KITCHENER LINK,8,Non-Landed Properties,3,"6,700",110 to 120,"1,200 to 1,300",Mar-26
CITY SQUARE RESIDENCES,KITCHENER LINK,8,Non-Landed Properties,2,"4,400",80 to 90,800 to 900,Mar-26
CITY SQUARE RESIDENCES,KITCHENER LINK,8,Non-Landed Properties,3,"5,500",110 to 120,"1,100 to 1,200",Mar-26
CITY SQUARE RESIDENCES,KITCHENER LINK,8,Non-Landed Properties,3,"5,800",110 to 120,"1,100 to 1,200",Mar-26
CITY SQUARE RESIDENCES,KITCHENER LINK,8,Non-Landed Properties,2,"4,800",80 to 90,800 to 900,Mar-26
CITY SQUARE RESIDENCES,KITCHENER LINK,8,Non-Landed Properties,1,"3,600",50 to 60,500 to 600,Mar-26
CITY SQUARE RESIDENCES,KITCHENER LINK,8,Non-Landed Properties,2,"3,850",70 to 80,800 to 900,Mar-26
CITY SQUARE RESIDENCES,KITCHENER LINK,8,Non-Landed Properties,3,"7,000",110 to 120,"1,200 to 1,300",Mar-26
CITY SQUARE RESIDENCES,KITCHENER LINK,8,Non-Landed Properties,2,"4,600",70 to 80,800 to 900,Mar-26
CITY SQUARE RESIDENCES,KITCHENER LINK,8,Non-Landed Properties,1,"3,450",50 to 60,500 to 600,Mar-26
CITY SQUARE RESIDENCES,KITCHENER LINK,8,Non-Landed Properties,2,"4,400",70 to 80,800 to 900,Mar-26
STURDEE RESIDENCES,BEATTY ROAD,8,Non-Landed Properties,1,"3,100",30 to 40,400 to 500,Mar-26
STURDEE RESIDENCES,BEATTY ROAD,8,Non-Landed Properties,5,"9,200",140 to 150,"1,500 to 1,600",Mar-26
STURDEE RESIDENCES,BEATTY ROAD,8,Non-Landed Properties,3,"5,300",70 to 80,800 to 900,Mar-26
STURDEE RESIDENCES,BEATTY ROAD,8,Non-Landed Properties,3,"5,400",90 to 100,"1,000 to 1,100",Mar-26
STURDEE RESIDENCES,BEATTY ROAD,8,Non-Landed Properties,2,"4,200",60 to 70,600 to 700,Mar-26
STURDEE RESIDENCES,BEATTY ROAD,8,Non-Landed Properties,3,"5,700",90 to 100,"1,000 to 1,100",Mar-26
STURDEE RESIDENCES,BEATTY ROAD,8,Non-Landed Properties,1,"3,300",30 to 40,400 to 500,Mar-26
STURDEE RESIDENCES,BEATTY ROAD,8,Non-Landed Properties,3,"5,300",80 to 90,"900 to 1,000",Mar-26
LOFT @ RANGOON,RANGOON ROAD,8,Non-Landed Properties,1,"3,100",40 to 50,400 to 500,Mar-26
PARC SOMME,SOMME ROAD,8,Non-Landed Properties,1,"2,900",30 to 40,300 to 400,Mar-26
PARC SOMME,SOMME ROAD,8,Non-Landed Properties,2,"3,300",50 to 60,500 to 600,Mar-26
PARC SOMME,SOMME ROAD,8,Non-Landed Properties,1,"2,900",30 to 40,300 to 400,Mar-26
PARC SOMME,SOMME ROAD,8,Non-Landed Properties,1,"3,000",40 to 50,400 to 500,Mar-26
JALAN BESAR PLAZA,KITCHENER ROAD,8,Non-Landed Properties,2,"3,000",80 to 90,"900 to 1,000",Mar-26
JALAN BESAR PLAZA,KITCHENER ROAD,8,Non-Landed Properties,2,"3,600",80 to 90,"900 to 1,000",Mar-26
JALAN BESAR PLAZA,KITCHENER ROAD,8,Non-Landed Properties,2,"3,200",80 to 90,"900 to 1,000",Mar-26
JALAN BESAR PLAZA,KITCHENER ROAD,8,Non-Landed Properties,2,"3,600",80 to 90,"900 to 1,000",Mar-26
NON-LANDED HOUSING DEVELOPMENT,RACE COURSE ROAD,8,Non-Landed Properties,1,"2,250",30 to 40,300 to 400,Mar-26
NON-LANDED HOUSING DEVELOPMENT,RACE COURSE ROAD,8,Non-Landed Properties,NA,"2,100",20 to 30,200 to 300,Mar-26
NON-LANDED HOUSING DEVELOPMENT,RACE COURSE ROAD,8,Non-Landed Properties,NA,"2,150",30 to 40,300 to 400,Mar-26
NON-LANDED HOUSING DEVELOPMENT,RACE COURSE ROAD,8,Non-Landed Properties,NA,"2,080",30 to 40,300 to 400,Mar-26
NON-LANDED HOUSING DEVELOPMENT,RACE COURSE ROAD,8,Non-Landed Properties,1,"2,200",20 to 30,300 to 400,Mar-26
SUITES @ OWEN,OWEN ROAD,8,Non-Landed Properties,1,"3,000",40 to 50,500 to 600,Mar-26
NON-LANDED HOUSING DEVELOPMENT,BIRCH ROAD,8,Non-Landed Properties,NA,"2,700",60 to 70,600 to 700,Mar-26
NON-LANDED HOUSING DEVELOPMENT,CARLISLE ROAD,8,Non-Landed Properties,NA,"2,100",80 to 90,"900 to 1,000",Mar-26
NON-LANDED HOUSING DEVELOPMENT,KINTA ROAD,8,Non-Landed Properties,2,"2,700",70 to 80,800 to 900,Mar-26
MERA SPRINGS,CARLISLE ROAD,8,Non-Landed Properties,2,"4,300",90 to 100,"1,000 to 1,100",Mar-26
MERA SPRINGS,CARLISLE ROAD,8,Non-Landed Properties,3,"5,500",110 to 120,"1,200 to 1,300",Mar-26
MERA SPRINGS,CARLISLE ROAD,8,Non-Landed Properties,4,"6,200",140 to 150,"1,500 to 1,600",Mar-26
SOHO @ FARRER,RACE COURSE ROAD,8,Non-Landed Properties,1,"2,600",30 to 40,300 to 400,Mar-26
8 FARRER SUITES,SING JOO WALK,8,Non-Landed Properties,3,"5,000",80 to 90,"900 to 1,000",Mar-26
CHERRYLOFT,RANGOON ROAD,8,Non-Landed Properties,NA,"2,100",20 to 30,300 to 400,Mar-26
CHERRYLOFT,RANGOON ROAD,8,Non-Landed Properties,NA,"2,400",20 to 30,300 to 400,Mar-26
TYRWHITT 139,TYRWHITT ROAD,8,Non-Landed Properties,1,"3,500",60 to 70,700 to 800,Mar-26
TYRWHITT 139,TYRWHITT ROAD,8,Non-Landed Properties,1,"3,100",30 to 40,300 to 400,Mar-26
RACE COURSE 138,RACE COURSE ROAD,8,Non-Landed Properties,3,"4,500",100 to 110,"1,100 to 1,200",Mar-26
KENG LEE COURT,KENG LEE ROAD,8,Non-Landed Properties,3,"4,100",90 to 100,"1,000 to 1,100",Mar-26
CITY LOFT,RACE COURSE ROAD,8,Non-Landed Properties,1,"3,000",30 to 40,300 to 400,Mar-26
CITY LOFT,RACE COURSE ROAD,8,Non-Landed Properties,1,"2,450",20 to 30,300 to 400,Mar-26
SUITES 123,RANGOON ROAD,8,Non-Landed Properties,1,"3,000",60 to 70,600 to 700,Mar-26
NON-LANDED HOUSING DEVELOPMENT,HORNE ROAD,8,Non-Landed Properties,NA,"6,800",150 to 160,"1,600 to 1,700",Mar-26
SOHO 188,RACE COURSE ROAD,8,Non-Landed Properties,1,"3,100",30 to 40,400 to 500,Mar-26
SOHO 188,RACE COURSE ROAD,8,Non-Landed Properties,1,"3,800",40 to 50,400 to 500,Mar-26
UPTOWN @ FARRER,PERUMAL ROAD,8,Non-Landed Properties,2,"3,800",40 to 50,500 to 600,Mar-26
THE URBANITE,HERTFORD ROAD,8,Non-Landed Properties,1,"2,800",40 to 50,400 to 500,Mar-26
THE URBANITE,HERTFORD ROAD,8,Non-Landed Properties,2,"3,500",50 to 60,600 to 700,Mar-26
1953,TESSENSOHN ROAD,8,Non-Landed Properties,1,"3,500",50 to 60,600 to 700,Mar-26
VANADIUM,HERTFORD ROAD,8,Non-Landed Properties,3,"4,500",100 to 110,"1,100 to 1,200",Mar-26
THE CITRON RESIDENCES,MARNE ROAD,8,Non-Landed Properties,2,"4,000",60 to 70,700 to 800,Mar-26
CITIGATE RESIDENCE,RANGOON ROAD,8,Non-Landed Properties,2,"4,100",80 to 90,"900 to 1,000",Mar-26
CITIGATE RESIDENCE,RANGOON ROAD,8,Non-Landed Properties,2,"3,500",60 to 70,700 to 800,Mar-26
NON-LANDED HOUSING DEVELOPMENT,ROBERTS LANE,8,Non-Landed Properties,NA,"3,200",70 to 80,700 to 800,Mar-26
FARRER PARK SUITES,OWEN ROAD,8,Non-Landed Properties,1,"3,700",50 to 60,500 to 600,Mar-26
NON-LANDED HOUSING DEVELOPMENT,KING GEORGE'S AVENUE,8,Non-Landed Properties,NA,"4,350",110 to 120,"1,200 to 1,300",Mar-26
NON-LANDED HOUSING DEVELOPMENT,KING GEORGE'S AVENUE,8,Non-Landed Properties,NA,"4,350",120 to 130,"1,300 to 1,400",Mar-26
OXFORD SUITES,OXFORD ROAD,8,Non-Landed Properties,NA,"4,200",80 to 90,800 to 900,Mar-26
THE MERLOT,KENG LEE ROAD,8,Non-Landed Properties,2,"3,750",80 to 90,800 to 900,Mar-26
THE MERLOT,KENG LEE ROAD,8,Non-Landed Properties,1,"2,950",40 to 50,500 to 600,Mar-26
MAPLE LEAF ELITE 1,RANGOON ROAD,8,Non-Landed Properties,1,"3,200",40 to 50,400 to 500,Mar-26
MAPLE LEAF ELITE 1,RANGOON ROAD,8,Non-Landed Properties,2,"4,800",80 to 90,"900 to 1,000",Mar-26
CITYLIGHTS,JELLICOE ROAD,8,Non-Landed Properties,4,"12,500",>300,>3000,Mar-26
CITYLIGHTS,JELLICOE ROAD,8,Non-Landed Properties,2,"5,000",80 to 90,800 to 900,Mar-26
CITYLIGHTS,JELLICOE ROAD,8,Non-Landed Properties,1,"3,900",50 to 60,500 to 600,Mar-26
CITYLIGHTS,JELLICOE ROAD,8,Non-Landed Properties,2,"4,900",80 to 90,800 to 900,Mar-26
CITYLIGHTS,JELLICOE ROAD,8,Non-Landed Properties,1,"4,000",50 to 60,500 to 600,Mar-26
CITYLIGHTS,JELLICOE ROAD,8,Non-Landed Properties,1,"4,200",60 to 70,600 to 700,Mar-26
CITYLIGHTS,JELLICOE ROAD,8,Non-Landed Properties,1,"4,300",60 to 70,700 to 800,Mar-26
CITYLIGHTS,JELLICOE ROAD,8,Non-Landed Properties,1,"4,100",50 to 60,500 to 600,Mar-26
CITYLIGHTS,JELLICOE ROAD,8,Non-Landed Properties,1,"3,900",50 to 60,500 to 600,Mar-26
CITYLIGHTS,JELLICOE ROAD,8,Non-Landed Properties,2,"4,800",80 to 90,800 to 900,Mar-26
CITYLIGHTS,JELLICOE ROAD,8,Non-Landed Properties,1,"4,300",60 to 70,600 to 700,Mar-26
CITYLIGHTS,JELLICOE ROAD,8,Non-Landed Properties,1,"4,100",60 to 70,600 to 700,Mar-26
CITYLIGHTS,JELLICOE ROAD,8,Non-Landed Properties,1,"3,800",50 to 60,500 to 600,Mar-26
CITYLIGHTS,JELLICOE ROAD,8,Non-Landed Properties,2,"5,800",80 to 90,800 to 900,Mar-26
CITYLIGHTS,JELLICOE ROAD,8,Non-Landed Properties,3,"6,250",130 to 140,"1,400 to 1,500",Mar-26
KENTISH GREEN,OXFORD ROAD,8,Non-Landed Properties,2,"4,200",90 to 100,"1,000 to 1,100",Mar-26
KENTISH GREEN,OXFORD ROAD,8,Non-Landed Properties,2,"3,950",110 to 120,"1,200 to 1,300",Mar-26
KENTISH GREEN,OXFORD ROAD,8,Non-Landed Properties,2,"4,300",100 to 110,"1,000 to 1,100",Mar-26
URBAN LOFTS,RANGOON ROAD,8,Non-Landed Properties,1,"2,600",30 to 40,400 to 500,Mar-26
URBAN LOFTS,RANGOON ROAD,8,Non-Landed Properties,1,"2,750",30 to 40,400 to 500,Mar-26
URBAN LOFTS,RANGOON ROAD,8,Non-Landed Properties,1,"3,000",30 to 40,400 to 500,Mar-26
URBAN LOFTS,RANGOON ROAD,8,Non-Landed Properties,1,"3,000",40 to 50,400 to 500,Mar-26
URBAN LOFTS,RANGOON ROAD,8,Non-Landed Properties,1,"2,700",30 to 40,400 to 500,Mar-26
FORTE SUITES,MERGUI ROAD,8,Non-Landed Properties,2,"3,800",50 to 60,600 to 700,Mar-26
FORTE SUITES,MERGUI ROAD,8,Non-Landed Properties,2,"4,100",50 to 60,600 to 700,Mar-26
FORTE SUITES,MERGUI ROAD,8,Non-Landed Properties,2,"3,900",60 to 70,600 to 700,Mar-26
FORTE SUITES,MERGUI ROAD,8,Non-Landed Properties,2,"3,800",50 to 60,600 to 700,Mar-26
FORTE SUITES,MERGUI ROAD,8,Non-Landed Properties,2,"3,850",50 to 60,600 to 700,Mar-26
FORTE SUITES,MERGUI ROAD,8,Non-Landed Properties,2,"3,600",50 to 60,600 to 700,Mar-26
FORTE SUITES,MERGUI ROAD,8,Non-Landed Properties,1,"3,000",40 to 50,400 to 500,Mar-26
FORTE SUITES,MERGUI ROAD,8,Non-Landed Properties,1,"2,900",40 to 50,400 to 500,Mar-26
FORTE SUITES,MERGUI ROAD,8,Non-Landed Properties,3,"3,900",50 to 60,600 to 700,Mar-26
FORTE SUITES,MERGUI ROAD,8,Non-Landed Properties,2,"3,900",60 to 70,600 to 700,Mar-26
CITYSCAPE @FARRER PARK,MERGUI ROAD,8,Non-Landed Properties,2,"4,000",90 to 100,"1,000 to 1,100",Mar-26
CITYSCAPE @FARRER PARK,MERGUI ROAD,8,Non-Landed Properties,2,"4,600",100 to 110,"1,100 to 1,200",Mar-26
CITYSCAPE @FARRER PARK,MERGUI ROAD,8,Non-Landed Properties,2,"4,800",100 to 110,"1,100 to 1,200",Mar-26
CITYSCAPE @FARRER PARK,MERGUI ROAD,8,Non-Landed Properties,2,"4,000",100 to 110,"1,100 to 1,200",Mar-26
CITYSCAPE @FARRER PARK,MERGUI ROAD,8,Non-Landed Properties,2,"4,000",90 to 100,"1,000 to 1,100",Mar-26
CITYSCAPE @FARRER PARK,MERGUI ROAD,8,Non-Landed Properties,3,"4,800",110 to 120,"1,200 to 1,300",Mar-26
CITYSCAPE @FARRER PARK,MERGUI ROAD,8,Non-Landed Properties,2,"4,300",80 to 90,"900 to 1,000",Mar-26
CITYSCAPE @FARRER PARK,MERGUI ROAD,8,Non-Landed Properties,3,"5,700",120 to 130,"1,300 to 1,400",Mar-26
CITYSCAPE @FARRER PARK,MERGUI ROAD,8,Non-Landed Properties,2,"4,200",90 to 100,"1,000 to 1,100",Mar-26
CITYSCAPE @FARRER PARK,MERGUI ROAD,8,Non-Landed Properties,2,"5,000",100 to 110,"1,100 to 1,200",Mar-26
28 RC SUITES,RACE COURSE LANE,8,Non-Landed Properties,1,"3,300",30 to 40,400 to 500,Mar-26
PICCADILLY GRAND,NORTHUMBERLAND ROAD,8,Non-Landed Properties,3,"6,400",100 to 110,"1,000 to 1,100",Mar-26
PICCADILLY GRAND,NORTHUMBERLAND ROAD,8,Non-Landed Properties,3,"6,500",100 to 110,"1,000 to 1,100",Mar-26
PICCADILLY GRAND,NORTHUMBERLAND ROAD,8,Non-Landed Properties,2,"4,700",50 to 60,600 to 700,Mar-26
PICCADILLY GRAND,NORTHUMBERLAND ROAD,8,Non-Landed Properties,2,"4,600",50 to 60,600 to 700,Mar-26
PICCADILLY GRAND,NORTHUMBERLAND ROAD,8,Non-Landed Properties,2,"4,600",50 to 60,600 to 700,Mar-26
PICCADILLY GRAND,NORTHUMBERLAND ROAD,8,Non-Landed Properties,2,"4,700",50 to 60,600 to 700,Mar-26
PICCADILLY GRAND,NORTHUMBERLAND ROAD,8,Non-Landed Properties,2,"4,800",60 to 70,700 to 800,Mar-26
PICCADILLY GRAND,NORTHUMBERLAND ROAD,8,Non-Landed Properties,3,"6,000",90 to 100,"1,000 to 1,100",Mar-26
PICCADILLY GRAND,NORTHUMBERLAND ROAD,8,Non-Landed Properties,3,"6,000",80 to 90,800 to 900,Mar-26
PICCADILLY GRAND,NORTHUMBERLAND ROAD,8,Non-Landed Properties,1,"3,700",40 to 50,500 to 600,Mar-26
PICCADILLY GRAND,NORTHUMBERLAND ROAD,8,Non-Landed Properties,3,"6,100",80 to 90,800 to 900,Mar-26
PICCADILLY GRAND,NORTHUMBERLAND ROAD,8,Non-Landed Properties,3,"6,100",80 to 90,800 to 900,Mar-26
PICCADILLY GRAND,NORTHUMBERLAND ROAD,8,Non-Landed Properties,1,"3,800",40 to 50,500 to 600,Mar-26
PICCADILLY GRAND,NORTHUMBERLAND ROAD,8,Non-Landed Properties,2,"4,300",50 to 60,600 to 700,Mar-26
PICCADILLY GRAND,NORTHUMBERLAND ROAD,8,Non-Landed Properties,1,"3,800",40 to 50,500 to 600,Mar-26
PICCADILLY GRAND,NORTHUMBERLAND ROAD,8,Non-Landed Properties,2,"4,900",60 to 70,700 to 800,Mar-26
PICCADILLY GRAND,NORTHUMBERLAND ROAD,8,Non-Landed Properties,1,"3,900",40 to 50,500 to 600,Mar-26
PICCADILLY GRAND,NORTHUMBERLAND ROAD,8,Non-Landed Properties,4,"8,200",120 to 130,"1,300 to 1,400",Mar-26
PICCADILLY GRAND,NORTHUMBERLAND ROAD,8,Non-Landed Properties,1,"4,200",40 to 50,500 to 600,Mar-26
PICCADILLY GRAND,NORTHUMBERLAND ROAD,8,Non-Landed Properties,2,"4,800",60 to 70,700 to 800,Mar-26
PICCADILLY GRAND,NORTHUMBERLAND ROAD,8,Non-Landed Properties,2,"4,800",60 to 70,700 to 800,Mar-26
PICCADILLY GRAND,NORTHUMBERLAND ROAD,8,Non-Landed Properties,1,"3,700",40 to 50,500 to 600,Mar-26
PICCADILLY GRAND,NORTHUMBERLAND ROAD,8,Non-Landed Properties,1,"3,450",40 to 50,400 to 500,Mar-26
PICCADILLY GRAND,NORTHUMBERLAND ROAD,8,Non-Landed Properties,1,"3,800",40 to 50,400 to 500,Mar-26
PICCADILLY GRAND,NORTHUMBERLAND ROAD,8,Non-Landed Properties,2,"4,499",60 to 70,600 to 700,Mar-26
PICCADILLY GRAND,NORTHUMBERLAND ROAD,8,Non-Landed Properties,2,"4,600",60 to 70,600 to 700,Mar-26
PICCADILLY GRAND,NORTHUMBERLAND ROAD,8,Non-Landed Properties,3,"6,450",90 to 100,"1,000 to 1,100",Mar-26
PICCADILLY GRAND,NORTHUMBERLAND ROAD,8,Non-Landed Properties,3,"6,000",90 to 100,"1,000 to 1,100",Mar-26
PICCADILLY GRAND,NORTHUMBERLAND ROAD,8,Non-Landed Properties,3,"6,700",90 to 100,"1,000 to 1,100",Mar-26
RANGOON 88,RANGOON ROAD,8,Non-Landed Properties,1,"3,000",40 to 50,400 to 500,Mar-26
RANGOON 88,RANGOON ROAD,8,Non-Landed Properties,1,"2,900",50 to 60,500 to 600,Mar-26
RANGOON 88,RANGOON ROAD,8,Non-Landed Properties,2,"4,600",120 to 130,"1,300 to 1,400",Mar-26
RANGOON 88,RANGOON ROAD,8,Non-Landed Properties,1,"2,700",30 to 40,400 to 500,Mar-26
NON-LANDED HOUSING DEVELOPMENT,CAMBRIDGE ROAD,8,Non-Landed Properties,NA,"3,800",80 to 90,800 to 900,Mar-26
70@TRURO,TRURO ROAD,8,Non-Landed Properties,3,"4,400",70 to 80,800 to 900,Mar-26
NON-LANDED HOUSING DEVELOPMENT,JOO AVENUE,8,Non-Landed Properties,NA,"3,050",110 to 120,"1,200 to 1,300",Mar-26
JOOL SUITES,SING JOO WALK,8,Non-Landed Properties,1,"2,900",30 to 40,300 to 400,Mar-26
JOOL SUITES,SING JOO WALK,8,Non-Landed Properties,1,"2,950",30 to 40,300 to 400,Mar-26
JOOL SUITES,SING JOO WALK,8,Non-Landed Properties,1,"2,950",30 to 40,400 to 500,Mar-26
KENTISH LODGE,OXFORD ROAD,8,Non-Landed Properties,3,"5,100",110 to 120,"1,200 to 1,300",Mar-26
HERTFORD COLLECTION,HERTFORD ROAD,8,Non-Landed Properties,NA,"3,000",50 to 60,500 to 600,Mar-26
STUDIOS @ MARNE,MARNE ROAD,8,Non-Landed Properties,NA,"2,850",50 to 60,500 to 600,Mar-26
STUDIOS @ MARNE,MARNE ROAD,8,Non-Landed Properties,NA,"4,250",50 to 60,500 to 600,Mar-26
VOGX,DORSET ROAD,8,Non-Landed Properties,3,"4,800",100 to 110,"1,100 to 1,200",Mar-26
VOGX,DORSET ROAD,8,Non-Landed Properties,2,"3,700",80 to 90,800 to 900,Mar-26
NON-LANDED HOUSING DEVELOPMENT,RANGOON ROAD,8,Non-Landed Properties,NA,"1,900",70 to 80,700 to 800,Mar-26
PRISTINE HEIGHTS,MERGUI ROAD,8,Non-Landed Properties,3,"5,100",90 to 100,"1,000 to 1,100",Mar-26
PRISTINE HEIGHTS,MERGUI ROAD,8,Non-Landed Properties,2,"3,900",60 to 70,700 to 800,Mar-26
LITTLE INDIA CONSERVATION AREA,RACE COURSE ROAD,8,Non-Landed Properties,NA,"6,900",80 to 90,800 to 900,Mar-26
NON-LANDED HOUSING DEVELOPMENT,BEATTY ROAD,8,Non-Landed Properties,NA,"4,000",110 to 120,"1,200 to 1,300",Mar-26
R66 APARTMENTS,RANGOON ROAD,8,Non-Landed Properties,1,"2,800",40 to 50,400 to 500,Mar-26
R66 APARTMENTS,RANGOON ROAD,8,Non-Landed Properties,1,"3,400",60 to 70,700 to 800,Mar-26
NON-LANDED HOUSING DEVELOPMENT,FLANDERS SQUARE,8,Non-Landed Properties,NA,"3,800",90 to 100,"1,000 to 1,100",Mar-26
NON-LANDED HOUSING DEVELOPMENT,FLANDERS SQUARE,8,Non-Landed Properties,NA,"9,000",130 to 140,"1,400 to 1,500",Mar-26
CLYDES RESIDENCE,MERGUI ROAD,8,Non-Landed Properties,3,"4,000",100 to 110,"1,100 to 1,200",Mar-26
KERRISDALE,STURDEE ROAD,8,Non-Landed Properties,2,"4,500",90 to 100,"900 to 1,000",Feb-26
KERRISDALE,STURDEE ROAD,8,Non-Landed Properties,4,"8,100",220 to 230,"2,300 to 2,400",Feb-26
KERRISDALE,STURDEE ROAD,8,Non-Landed Properties,3,"5,400",110 to 120,"1,200 to 1,300",Feb-26
KERRISDALE,STURDEE ROAD,8,Non-Landed Properties,3,"5,300",110 to 120,"1,200 to 1,300",Feb-26
KERRISDALE,STURDEE ROAD,8,Non-Landed Properties,3,"5,500",110 to 120,"1,200 to 1,300",Feb-26
KERRISDALE,STURDEE ROAD,8,Non-Landed Properties,2,"4,700",90 to 100,"900 to 1,000",Feb-26
NON-LANDED HOUSING DEVELOPMENT,CHANDER ROAD,8,Non-Landed Properties,NA,"15,000",110 to 120,"1,200 to 1,300",Feb-26
CITY SQUARE RESIDENCES,KITCHENER LINK,8,Non-Landed Properties,2,"4,700",70 to 80,800 to 900,Feb-26
CITY SQUARE RESIDENCES,KITCHENER LINK,8,Non-Landed Properties,1,"3,300",50 to 60,500 to 600,Feb-26
CITY SQUARE RESIDENCES,KITCHENER LINK,8,Non-Landed Properties,1,"3,500",50 to 60,500 to 600,Feb-26
CITY SQUARE RESIDENCES,KITCHENER LINK,8,Non-Landed Properties,1,"3,800",50 to 60,500 to 600,Feb-26
CITY SQUARE RESIDENCES,KITCHENER LINK,8,Non-Landed Properties,1,"3,500",50 to 60,500 to 600,Feb-26
CITY SQUARE RESIDENCES,KITCHENER LINK,8,Non-Landed Properties,2,"4,800",70 to 80,800 to 900,Feb-26
CITY SQUARE RESIDENCES,KITCHENER LINK,8,Non-Landed Properties,2,"4,500",70 to 80,800 to 900,Feb-26
CITY SQUARE RESIDENCES,KITCHENER LINK,8,Non-Landed Properties,4,"6,500",140 to 150,"1,500 to 1,600",Feb-26
CITY SQUARE RESIDENCES,KITCHENER LINK,8,Non-Landed Properties,1,"3,200",50 to 60,500 to 600,Feb-26
CITY SQUARE RESIDENCES,KITCHENER LINK,8,Non-Landed Properties,3,"6,000",110 to 120,"1,200 to 1,300",Feb-26
CITY SQUARE RESIDENCES,KITCHENER LINK,8,Non-Landed Properties,4,"7,400",140 to 150,"1,500 to 1,600",Feb-26
CITY SQUARE RESIDENCES,KITCHENER LINK,8,Non-Landed Properties,4,"7,500",140 to 150,"1,500 to 1,600",Feb-26
CITY SQUARE RESIDENCES,KITCHENER LINK,8,Non-Landed Properties,2,"4,800",80 to 90,800 to 900,Feb-26
CITY SQUARE RESIDENCES,KITCHENER LINK,8,Non-Landed Properties,2,"4,700",80 to 90,800 to 900,Feb-26
CITY SQUARE RESIDENCES,KITCHENER LINK,8,Non-Landed Properties,2,"4,400",80 to 90,800 to 900,Feb-26
CITY SQUARE RESIDENCES,KITCHENER LINK,8,Non-Landed Properties,3,"5,228",110 to 120,"1,100 to 1,200",Feb-26
CITY SQUARE RESIDENCES,KITCHENER LINK,8,Non-Landed Properties,1,"3,500",50 to 60,500 to 600,Feb-26
CITY SQUARE RESIDENCES,KITCHENER LINK,8,Non-Landed Properties,1,"3,700",50 to 60,500 to 600,Feb-26
CITY SQUARE RESIDENCES,KITCHENER LINK,8,Non-Landed Properties,2,"4,300",70 to 80,800 to 900,Feb-26
CITY SQUARE RESIDENCES,KITCHENER LINK,8,Non-Landed Properties,3,"5,600",110 to 120,"1,200 to 1,300",Feb-26
CITY SQUARE RESIDENCES,KITCHENER LINK,8,Non-Landed Properties,2,"4,600",70 to 80,800 to 900,Feb-26
CITY SQUARE RESIDENCES,KITCHENER LINK,8,Non-Landed Properties,1,"3,400",50 to 60,500 to 600,Feb-26
CITY SQUARE RESIDENCES,KITCHENER LINK,8,Non-Landed Properties,1,"3,500",50 to 60,500 to 600,Feb-26
CITY SQUARE RESIDENCES,KITCHENER LINK,8,Non-Landed Properties,2,"4,500",70 to 80,800 to 900,Feb-26
CITY SQUARE RESIDENCES,KITCHENER LINK,8,Non-Landed Properties,3,"5,700",110 to 120,"1,100 to 1,200",Feb-26
CITY SQUARE RESIDENCES,KITCHENER LINK,8,Non-Landed Properties,2,"4,700",70 to 80,800 to 900,Feb-26
CITY SQUARE RESIDENCES,KITCHENER LINK,8,Non-Landed Properties,2,"4,600",70 to 80,800 to 900,Feb-26
CITY SQUARE RESIDENCES,KITCHENER LINK,8,Non-Landed Properties,1,"3,500",50 to 60,500 to 600,Feb-26
CITY SQUARE RESIDENCES,KITCHENER LINK,8,Non-Landed Properties,1,"3,500",50 to 60,500 to 600,Feb-26
STURDEE RESIDENCES,BEATTY ROAD,8,Non-Landed Properties,1,"3,500",30 to 40,400 to 500,Feb-26
STURDEE RESIDENCES,BEATTY ROAD,8,Non-Landed Properties,3,"5,800",80 to 90,"900 to 1,000",Feb-26
STURDEE RESIDENCES,BEATTY ROAD,8,Non-Landed Properties,1,"3,400",30 to 40,400 to 500,Feb-26
STURDEE RESIDENCES,BEATTY ROAD,8,Non-Landed Properties,1,"3,500",30 to 40,400 to 500,Feb-26
PARC SOMME,SOMME ROAD,8,Non-Landed Properties,1,"3,300",40 to 50,400 to 500,Feb-26
JALAN BESAR PLAZA,KITCHENER ROAD,8,Non-Landed Properties,4,"5,800",140 to 150,"1,500 to 1,600",Feb-26
NON-LANDED HOUSING DEVELOPMENT,RACE COURSE ROAD,8,Non-Landed Properties,NA,"2,650",90 to 100,"900 to 1,000",Feb-26
NON-LANDED HOUSING DEVELOPMENT,RACE COURSE ROAD,8,Non-Landed Properties,NA,"2,650",80 to 90,800 to 900,Feb-26
NON-LANDED HOUSING DEVELOPMENT,RACE COURSE ROAD,8,Non-Landed Properties,NA,"2,200",30 to 40,300 to 400,Feb-26
NON-LANDED HOUSING DEVELOPMENT,RACE COURSE ROAD,8,Non-Landed Properties,NA,"2,400",40 to 50,500 to 600,Feb-26
NON-LANDED HOUSING DEVELOPMENT,RACE COURSE ROAD,8,Non-Landed Properties,NA,"2,300",30 to 40,300 to 400,Feb-26
NON-LANDED HOUSING DEVELOPMENT,BIRCH ROAD,8,Non-Landed Properties,NA,"3,000",90 to 100,"1,000 to 1,100",Feb-26
NON-LANDED HOUSING DEVELOPMENT,BIRCH ROAD,8,Non-Landed Properties,NA,"2,500",60 to 70,600 to 700,Feb-26
NON-LANDED HOUSING DEVELOPMENT,CARLISLE ROAD,8,Non-Landed Properties,NA,"2,100",80 to 90,"900 to 1,000",Feb-26
MERA SPRINGS,CARLISLE ROAD,8,Non-Landed Properties,2,"4,600",100 to 110,"1,100 to 1,200",Feb-26
MERA SPRINGS,CARLISLE ROAD,8,Non-Landed Properties,3,"5,550",110 to 120,"1,200 to 1,300",Feb-26
MERA SPRINGS,CARLISLE ROAD,8,Non-Landed Properties,2,"4,200",90 to 100,"1,000 to 1,100",Feb-26
SOHO @ FARRER,RACE COURSE ROAD,8,Non-Landed Properties,1,"2,800",40 to 50,400 to 500,Feb-26
CHERRYLOFT,RANGOON ROAD,8,Non-Landed Properties,NA,"2,400",20 to 30,300 to 400,Feb-26
TYRWHITT 139,TYRWHITT ROAD,8,Non-Landed Properties,1,"2,700",30 to 40,300 to 400,Feb-26
TYRWHITT 139,TYRWHITT ROAD,8,Non-Landed Properties,1,"3,500",70 to 80,700 to 800,Feb-26
LE SOMME,SOMME ROAD,8,Non-Landed Properties,1,"3,500",80 to 90,"900 to 1,000",Feb-26
NON-LANDED HOUSING DEVELOPMENT,HAMILTON ROAD,8,Non-Landed Properties,NA,"3,550",80 to 90,"900 to 1,000",Feb-26
SUITES 123,RANGOON ROAD,8,Non-Landed Properties,1,"3,288",40 to 50,400 to 500,Feb-26
SOHO 188,RACE COURSE ROAD,8,Non-Landed Properties,1,"3,200",30 to 40,400 to 500,Feb-26
SOHO 188,RACE COURSE ROAD,8,Non-Landed Properties,1,"3,300",60 to 70,600 to 700,Feb-26
SOHO 188,RACE COURSE ROAD,8,Non-Landed Properties,1,"2,700",40 to 50,400 to 500,Feb-26
UPTOWN @ FARRER,PERUMAL ROAD,8,Non-Landed Properties,2,"3,700",40 to 50,500 to 600,Feb-26
UPTOWN @ FARRER,PERUMAL ROAD,8,Non-Landed Properties,2,"3,750",40 to 50,500 to 600,Feb-26
UPTOWN @ FARRER,PERUMAL ROAD,8,Non-Landed Properties,2,"3,800",40 to 50,500 to 600,Feb-26
UPTOWN @ FARRER,PERUMAL ROAD,8,Non-Landed Properties,3,"5,200",70 to 80,800 to 900,Feb-26
1953,TESSENSOHN ROAD,8,Non-Landed Properties,1,"3,570",50 to 60,600 to 700,Feb-26
1953,TESSENSOHN ROAD,8,Non-Landed Properties,1,"3,500",50 to 60,600 to 700,Feb-26
1953,TESSENSOHN ROAD,8,Non-Landed Properties,1,"3,200",50 to 60,500 to 600,Feb-26
1953,TESSENSOHN ROAD,8,Non-Landed Properties,1,"3,000",50 to 60,500 to 600,Feb-26
CARLYX RESIDENCE,CARLISLE ROAD,8,Non-Landed Properties,1,"3,000",50 to 60,500 to 600,Feb-26
THE CITRON RESIDENCES,MARNE ROAD,8,Non-Landed Properties,2,"4,000",60 to 70,600 to 700,Feb-26
THE CITRON RESIDENCES,MARNE ROAD,8,Non-Landed Properties,2,"3,900",60 to 70,600 to 700,Feb-26
THE CITRON RESIDENCES,MARNE ROAD,8,Non-Landed Properties,2,"4,200",60 to 70,600 to 700,Feb-26
THE CITRON RESIDENCES,MARNE ROAD,8,Non-Landed Properties,2,"3,850",60 to 70,600 to 700,Feb-26
THE CITRON RESIDENCES,MARNE ROAD,8,Non-Landed Properties,2,"3,750",60 to 70,600 to 700,Feb-26
THE CITRON RESIDENCES,MARNE ROAD,8,Non-Landed Properties,2,"3,900",60 to 70,600 to 700,Feb-26
FARRER PARK SUITES,OWEN ROAD,8,Non-Landed Properties,NA,"2,800",50 to 60,500 to 600,Feb-26
FARRER PARK SUITES,OWEN ROAD,8,Non-Landed Properties,NA,"2,850",30 to 40,300 to 400,Feb-26
OXFORD SUITES,OXFORD ROAD,8,Non-Landed Properties,NA,"3,950",80 to 90,800 to 900,Feb-26
NON-LANDED HOUSING DEVELOPMENT,TYRWHITT ROAD,8,Non-Landed Properties,NA,"4,500",100 to 110,"1,000 to 1,100",Feb-26
THE MERLOT,KENG LEE ROAD,8,Non-Landed Properties,1,"3,200",40 to 50,500 to 600,Feb-26
THE MERLOT,KENG LEE ROAD,8,Non-Landed Properties,1,"3,150",40 to 50,500 to 600,Feb-26
CITYLIGHTS,JELLICOE ROAD,8,Non-Landed Properties,1,"4,200",60 to 70,600 to 700,Feb-26
CITYLIGHTS,JELLICOE ROAD,8,Non-Landed Properties,1,"4,300",60 to 70,600 to 700,Feb-26
CITYLIGHTS,JELLICOE ROAD,8,Non-Landed Properties,1,"4,100",60 to 70,600 to 700,Feb-26
CITYLIGHTS,JELLICOE ROAD,8,Non-Landed Properties,2,"5,000",80 to 90,800 to 900,Feb-26
CITYLIGHTS,JELLICOE ROAD,8,Non-Landed Properties,2,"5,000",80 to 90,"900 to 1,000",Feb-26
CITYLIGHTS,JELLICOE ROAD,8,Non-Landed Properties,1,"4,000",60 to 70,600 to 700,Feb-26
CITYLIGHTS,JELLICOE ROAD,8,Non-Landed Properties,1,"3,800",50 to 60,500 to 600,Feb-26
CITYLIGHTS,JELLICOE ROAD,8,Non-Landed Properties,3,"6,000",120 to 130,"1,300 to 1,400",Feb-26
CITYLIGHTS,JELLICOE ROAD,8,Non-Landed Properties,3,"6,600",130 to 140,"1,400 to 1,500",Feb-26
CITYLIGHTS,JELLICOE ROAD,8,Non-Landed Properties,3,"6,900",130 to 140,"1,400 to 1,500",Feb-26
KENTISH GREEN,OXFORD ROAD,8,Non-Landed Properties,2,"4,100",100 to 110,"1,000 to 1,100",Feb-26
KENTISH GREEN,OXFORD ROAD,8,Non-Landed Properties,2,"4,200",110 to 120,"1,200 to 1,300",Feb-26
URBAN LOFTS,RANGOON ROAD,8,Non-Landed Properties,1,"2,500",30 to 40,400 to 500,Feb-26
URBAN LOFTS,RANGOON ROAD,8,Non-Landed Properties,1,"3,400",60 to 70,700 to 800,Feb-26
URBAN LOFTS,RANGOON ROAD,8,Non-Landed Properties,1,"2,700",30 to 40,400 to 500,Feb-26
URBAN LOFTS,RANGOON ROAD,8,Non-Landed Properties,1,"2,600",40 to 50,500 to 600,Feb-26
CAVAN SUITES,CAVAN ROAD,8,Non-Landed Properties,NA,"2,400",30 to 40,300 to 400,Feb-26
CITYSCAPE @FARRER PARK,MERGUI ROAD,8,Non-Landed Properties,3,"5,300",120 to 130,"1,300 to 1,400",Feb-26
CITYSCAPE @FARRER PARK,MERGUI ROAD,8,Non-Landed Properties,2,"3,500",80 to 90,"900 to 1,000",Feb-26
CITYSCAPE @FARRER PARK,MERGUI ROAD,8,Non-Landed Properties,2,"4,500",90 to 100,"1,000 to 1,100",Feb-26
CITYSCAPE @FARRER PARK,MERGUI ROAD,8,Non-Landed Properties,2,"4,200",100 to 110,"1,100 to 1,200",Feb-26
SPA BUILDING,VERDUN ROAD,8,Non-Landed Properties,4,"4,969",160 to 170,"1,700 to 1,800",Feb-26
28 RC SUITES,RACE COURSE LANE,8,Non-Landed Properties,1,"2,900",30 to 40,400 to 500,Feb-26
28 RC SUITES,RACE COURSE LANE,8,Non-Landed Properties,1,"2,800",30 to 40,400 to 500,Feb-26
28 RC SUITES,RACE COURSE LANE,8,Non-Landed Properties,1,"3,000",30 to 40,400 to 500,Feb-26
NON-LANDED HOUSING DEVELOPMENT,SERANGOON ROAD,8,Non-Landed Properties,NA,"4,800",100 to 110,"1,100 to 1,200",Feb-26
NON-LANDED HOUSING DEVELOPMENT,SERANGOON ROAD,8,Non-Landed Properties,NA,"5,300",70 to 80,700 to 800,Feb-26
CITY STUDIOS,RACE COURSE LANE,8,Non-Landed Properties,2,"3,200",50 to 60,600 to 700,Feb-26
CITY STUDIOS,RACE COURSE LANE,8,Non-Landed Properties,2,"4,000",120 to 130,"1,300 to 1,400",Feb-26
CITY STUDIOS,RACE COURSE LANE,8,Non-Landed Properties,1,"2,800",40 to 50,400 to 500,Feb-26
PICCADILLY GRAND,NORTHUMBERLAND ROAD,8,Non-Landed Properties,3,"6,500",100 to 110,"1,000 to 1,100",Feb-26
PICCADILLY GRAND,NORTHUMBERLAND ROAD,8,Non-Landed Properties,2,"4,200",50 to 60,600 to 700,Feb-26
PICCADILLY GRAND,NORTHUMBERLAND ROAD,8,Non-Landed Properties,3,"6,300",90 to 100,"1,000 to 1,100",Feb-26
PICCADILLY GRAND,NORTHUMBERLAND ROAD,8,Non-Landed Properties,4,"8,600",130 to 140,"1,400 to 1,500",Feb-26
PICCADILLY GRAND,NORTHUMBERLAND ROAD,8,Non-Landed Properties,5,"9,300",140 to 150,"1,500 to 1,600",Feb-26
PICCADILLY GRAND,NORTHUMBERLAND ROAD,8,Non-Landed Properties,3,"6,500",100 to 110,"1,000 to 1,100",Feb-26
PICCADILLY GRAND,NORTHUMBERLAND ROAD,8,Non-Landed Properties,2,"4,900",60 to 70,700 to 800,Feb-26
PICCADILLY GRAND,NORTHUMBERLAND ROAD,8,Non-Landed Properties,2,"4,700",60 to 70,700 to 800,Feb-26
PICCADILLY GRAND,NORTHUMBERLAND ROAD,8,Non-Landed Properties,3,"6,500",90 to 100,"1,000 to 1,100",Feb-26
PICCADILLY GRAND,NORTHUMBERLAND ROAD,8,Non-Landed Properties,2,"4,600",50 to 60,600 to 700,Feb-26
PICCADILLY GRAND,NORTHUMBERLAND ROAD,8,Non-Landed Properties,3,"6,400",90 to 100,"1,000 to 1,100",Feb-26
PICCADILLY GRAND,NORTHUMBERLAND ROAD,8,Non-Landed Properties,3,"5,950",90 to 100,"1,000 to 1,100",Feb-26
PICCADILLY GRAND,NORTHUMBERLAND ROAD,8,Non-Landed Properties,1,"3,800",40 to 50,500 to 600,Feb-26
PICCADILLY GRAND,NORTHUMBERLAND ROAD,8,Non-Landed Properties,1,"3,500",40 to 50,500 to 600,Feb-26
PICCADILLY GRAND,NORTHUMBERLAND ROAD,8,Non-Landed Properties,2,"4,800",50 to 60,600 to 700,Feb-26
PICCADILLY GRAND,NORTHUMBERLAND ROAD,8,Non-Landed Properties,1,"3,850",40 to 50,500 to 600,Feb-26
PICCADILLY GRAND,NORTHUMBERLAND ROAD,8,Non-Landed Properties,2,"4,800",60 to 70,700 to 800,Feb-26
PICCADILLY GRAND,NORTHUMBERLAND ROAD,8,Non-Landed Properties,2,"4,800",60 to 70,700 to 800,Feb-26
PICCADILLY GRAND,NORTHUMBERLAND ROAD,8,Non-Landed Properties,4,"8,800",120 to 130,"1,300 to 1,400",Feb-26
PICCADILLY GRAND,NORTHUMBERLAND ROAD,8,Non-Landed Properties,2,"4,600",50 to 60,600 to 700,Feb-26
PICCADILLY GRAND,NORTHUMBERLAND ROAD,8,Non-Landed Properties,1,"3,550",40 to 50,500 to 600,Feb-26
PICCADILLY GRAND,NORTHUMBERLAND ROAD,8,Non-Landed Properties,2,"4,600",60 to 70,600 to 700,Feb-26
PICCADILLY GRAND,NORTHUMBERLAND ROAD,8,Non-Landed Properties,1,"3,800",40 to 50,500 to 600,Feb-26
PICCADILLY GRAND,NORTHUMBERLAND ROAD,8,Non-Landed Properties,1,"3,700",40 to 50,400 to 500,Feb-26
PICCADILLY GRAND,NORTHUMBERLAND ROAD,8,Non-Landed Properties,1,"3,700",40 to 50,400 to 500,Feb-26
PICCADILLY GRAND,NORTHUMBERLAND ROAD,8,Non-Landed Properties,1,"3,300",40 to 50,400 to 500,Feb-26
PICCADILLY GRAND,NORTHUMBERLAND ROAD,8,Non-Landed Properties,3,"6,000",90 to 100,"1,000 to 1,100",Feb-26
PICCADILLY GRAND,NORTHUMBERLAND ROAD,8,Non-Landed Properties,3,"6,200",90 to 100,"1,000 to 1,100",Feb-26
PICCADILLY GRAND,NORTHUMBERLAND ROAD,8,Non-Landed Properties,1,"3,600",40 to 50,500 to 600,Feb-26
RANGOON 88,RANGOON ROAD,8,Non-Landed Properties,1,"3,100",40 to 50,500 to 600,Feb-26
NON-LANDED HOUSING DEVELOPMENT,SING AVENUE,8,Non-Landed Properties,NA,"5,000",100 to 110,"1,100 to 1,200",Feb-26
KENTISH LODGE,OXFORD ROAD,8,Non-Landed Properties,2,"4,000",90 to 100,"1,000 to 1,100",Feb-26
HERTFORD COLLECTION,HERTFORD ROAD,8,Non-Landed Properties,NA,"3,100",50 to 60,500 to 600,Feb-26
STUDIOS @ MARNE,MARNE ROAD,8,Non-Landed Properties,NA,"3,000",50 to 60,500 to 600,Feb-26
NON-LANDED HOUSING DEVELOPMENT,STARLIGHT ROAD,8,Non-Landed Properties,NA,"4,600",120 to 130,"1,300 to 1,400",Feb-26
NON-LANDED HOUSING DEVELOPMENT,OWEN ROAD,8,Non-Landed Properties,NA,"4,200",80 to 90,800 to 900,Feb-26
CLYDES RESIDENCE,MERGUI ROAD,8,Non-Landed Properties,1,"2,900",50 to 60,500 to 600,Feb-26
MAPLE LEAF ELITE 2,RANGOON ROAD,8,Non-Landed Properties,1,"3,900",70 to 80,700 to 800,Jan-26
KERRISDALE,STURDEE ROAD,8,Non-Landed Properties,4,"7,600",130 to 140,"1,400 to 1,500",Jan-26
KERRISDALE,STURDEE ROAD,8,Non-Landed Properties,3,"5,300",110 to 120,"1,200 to 1,300",Jan-26
KERRISDALE,STURDEE ROAD,8,Non-Landed Properties,3,"5,500",110 to 120,"1,200 to 1,300",Jan-26
KERRISDALE,STURDEE ROAD,8,Non-Landed Properties,3,"5,500",110 to 120,"1,200 to 1,300",Jan-26
KERRISDALE,STURDEE ROAD,8,Non-Landed Properties,4,"7,200",130 to 140,"1,400 to 1,500",Jan-26
NON-LANDED HOUSING DEVELOPMENT,CHANDER ROAD,8,Non-Landed Properties,NA,"11,500",110 to 120,"1,200 to 1,300",Jan-26
NON-LANDED HOUSING DEVELOPMENT,CHANDER ROAD,8,Non-Landed Properties,NA,"4,600",80 to 90,"900 to 1,000",Jan-26
CITY SQUARE RESIDENCES,KITCHENER LINK,8,Non-Landed Properties,2,"4,650",70 to 80,800 to 900,Jan-26
CITY SQUARE RESIDENCES,KITCHENER LINK,8,Non-Landed Properties,3,"6,400",110 to 120,"1,200 to 1,300",Jan-26
CITY SQUARE RESIDENCES,KITCHENER LINK,8,Non-Landed Properties,2,"4,350",70 to 80,800 to 900,Jan-26
CITY SQUARE RESIDENCES,KITCHENER LINK,8,Non-Landed Properties,1,"3,800",50 to 60,500 to 600,Jan-26
CITY SQUARE RESIDENCES,KITCHENER LINK,8,Non-Landed Properties,1,"3,400",50 to 60,500 to 600,Jan-26
CITY SQUARE RESIDENCES,KITCHENER LINK,8,Non-Landed Properties,2,"4,400",70 to 80,800 to 900,Jan-26
CITY SQUARE RESIDENCES,KITCHENER LINK,8,Non-Landed Properties,2,"4,600",70 to 80,800 to 900,Jan-26
CITY SQUARE RESIDENCES,KITCHENER LINK,8,Non-Landed Properties,1,"3,450",50 to 60,500 to 600,Jan-26
CITY SQUARE RESIDENCES,KITCHENER LINK,8,Non-Landed Properties,2,"4,600",70 to 80,800 to 900,Jan-26
CITY SQUARE RESIDENCES,KITCHENER LINK,8,Non-Landed Properties,2,"4,500",70 to 80,800 to 900,Jan-26
CITY SQUARE RESIDENCES,KITCHENER LINK,8,Non-Landed Properties,3,"6,100",110 to 120,"1,200 to 1,300",Jan-26
CITY SQUARE RESIDENCES,KITCHENER LINK,8,Non-Landed Properties,2,"4,550",70 to 80,800 to 900,Jan-26
CITY SQUARE RESIDENCES,KITCHENER LINK,8,Non-Landed Properties,2,"4,400",70 to 80,800 to 900,Jan-26
CITY SQUARE RESIDENCES,KITCHENER LINK,8,Non-Landed Properties,3,"6,800",110 to 120,"1,100 to 1,200",Jan-26
CITY SQUARE RESIDENCES,KITCHENER LINK,8,Non-Landed Properties,2,"4,700",80 to 90,800 to 900,Jan-26
CITY SQUARE RESIDENCES,KITCHENER LINK,8,Non-Landed Properties,1,"3,450",50 to 60,500 to 600,Jan-26
CITY SQUARE RESIDENCES,KITCHENER LINK,8,Non-Landed Properties,3,"6,000",110 to 120,"1,100 to 1,200",Jan-26
CITY SQUARE RESIDENCES,KITCHENER LINK,8,Non-Landed Properties,1,"3,650",50 to 60,500 to 600,Jan-26
CITY SQUARE RESIDENCES,KITCHENER LINK,8,Non-Landed Properties,2,"4,500",70 to 80,800 to 900,Jan-26
CITY SQUARE RESIDENCES,KITCHENER LINK,8,Non-Landed Properties,3,"6,188",110 to 120,"1,200 to 1,300",Jan-26
CITY SQUARE RESIDENCES,KITCHENER LINK,8,Non-Landed Properties,4,"6,300",140 to 150,"1,500 to 1,600",Jan-26
CITY SQUARE RESIDENCES,KITCHENER LINK,8,Non-Landed Properties,3,"5,900",110 to 120,"1,200 to 1,300",Jan-26
CITY SQUARE RESIDENCES,KITCHENER LINK,8,Non-Landed Properties,3,"5,700",110 to 120,"1,200 to 1,300",Jan-26
CITY SQUARE RESIDENCES,KITCHENER LINK,8,Non-Landed Properties,2,"4,750",70 to 80,800 to 900,Jan-26
CITY SQUARE RESIDENCES,KITCHENER LINK,8,Non-Landed Properties,1,"3,300",50 to 60,500 to 600,Jan-26
STURDEE RESIDENCES,BEATTY ROAD,8,Non-Landed Properties,1,"3,300",30 to 40,400 to 500,Jan-26
STURDEE RESIDENCES,BEATTY ROAD,8,Non-Landed Properties,1,"3,500",30 to 40,400 to 500,Jan-26
STURDEE RESIDENCES,BEATTY ROAD,8,Non-Landed Properties,1,"3,400",30 to 40,400 to 500,Jan-26
STURDEE RESIDENCES,BEATTY ROAD,8,Non-Landed Properties,3,"5,088",70 to 80,800 to 900,Jan-26
STURDEE RESIDENCES,BEATTY ROAD,8,Non-Landed Properties,1,"3,400",30 to 40,400 to 500,Jan-26
LOFT @ RANGOON,RANGOON ROAD,8,Non-Landed Properties,1,"2,950",30 to 40,400 to 500,Jan-26
LOFT @ RANGOON,RANGOON ROAD,8,Non-Landed Properties,1,"2,850",40 to 50,400 to 500,Jan-26
LOFT @ RANGOON,RANGOON ROAD,8,Non-Landed Properties,1,"2,800",30 to 40,400 to 500,Jan-26
PARC SOMME,SOMME ROAD,8,Non-Landed Properties,1,"2,900",30 to 40,300 to 400,Jan-26
JALAN BESAR PLAZA,KITCHENER ROAD,8,Non-Landed Properties,2,"3,600",80 to 90,"900 to 1,000",Jan-26
NON-LANDED HOUSING DEVELOPMENT,RACE COURSE ROAD,8,Non-Landed Properties,1,"2,280",20 to 30,300 to 400,Jan-26
NON-LANDED HOUSING DEVELOPMENT,PENHAS ROAD,8,Non-Landed Properties,NA,"4,700",100 to 110,"1,100 to 1,200",Jan-26
SUITES @ OWEN,OWEN ROAD,8,Non-Landed Properties,1,"3,000",40 to 50,400 to 500,Jan-26
MERA SPRINGS,CARLISLE ROAD,8,Non-Landed Properties,2,"4,350",90 to 100,"1,000 to 1,100",Jan-26
SOHO @ FARRER,RACE COURSE ROAD,8,Non-Landed Properties,1,"2,500",30 to 40,300 to 400,Jan-26
8 FARRER SUITES,SING JOO WALK,8,Non-Landed Properties,3,"5,400",80 to 90,"900 to 1,000",Jan-26
8 FARRER SUITES,SING JOO WALK,8,Non-Landed Properties,2,"4,000",50 to 60,600 to 700,Jan-26
CHERRYLOFT,RANGOON ROAD,8,Non-Landed Properties,NA,"2,500",20 to 30,300 to 400,Jan-26
CHERRYLOFT,RANGOON ROAD,8,Non-Landed Properties,NA,"2,400",20 to 30,300 to 400,Jan-26
CHERRYLOFT,RANGOON ROAD,8,Non-Landed Properties,NA,"2,300",20 to 30,300 to 400,Jan-26
CHERRYLOFT,RANGOON ROAD,8,Non-Landed Properties,NA,"2,400",20 to 30,300 to 400,Jan-26
CHERRYLOFT,RANGOON ROAD,8,Non-Landed Properties,NA,"1,600",20 to 30,300 to 400,Jan-26
CHERRYLOFT,RANGOON ROAD,8,Non-Landed Properties,NA,"2,200",20 to 30,300 to 400,Jan-26
CHERRYLOFT,RANGOON ROAD,8,Non-Landed Properties,NA,"2,300",20 to 30,300 to 400,Jan-26
RACE COURSE 138,RACE COURSE ROAD,8,Non-Landed Properties,3,"5,200",100 to 110,"1,100 to 1,200",Jan-26
RACE COURSE 138,RACE COURSE ROAD,8,Non-Landed Properties,3,"4,000",100 to 110,"1,100 to 1,200",Jan-26
RACE COURSE 138,RACE COURSE ROAD,8,Non-Landed Properties,3,"4,650",100 to 110,"1,100 to 1,200",Jan-26
RACE COURSE 138,RACE COURSE ROAD,8,Non-Landed Properties,4,"6,200",140 to 150,"1,600 to 1,700",Jan-26
LE SOMME,SOMME ROAD,8,Non-Landed Properties,1,"3,000",80 to 90,"900 to 1,000",Jan-26
KENG LEE COURT,KENG LEE ROAD,8,Non-Landed Properties,2,"3,600",50 to 60,600 to 700,Jan-26
NON-LANDED HOUSING DEVELOPMENT,HAMILTON ROAD,8,Non-Landed Properties,NA,"4,750",80 to 90,"900 to 1,000",Jan-26
NON-LANDED HOUSING DEVELOPMENT,HAMILTON ROAD,8,Non-Landed Properties,NA,"3,550",140 to 150,"1,500 to 1,600",Jan-26
CITY LOFT,RACE COURSE ROAD,8,Non-Landed Properties,1,"2,500",30 to 40,300 to 400,Jan-26
CITY LOFT,RACE COURSE ROAD,8,Non-Landed Properties,1,"2,600",30 to 40,300 to 400,Jan-26
SUITES 123,RANGOON ROAD,8,Non-Landed Properties,2,"4,000",80 to 90,800 to 900,Jan-26
SUITES 123,RANGOON ROAD,8,Non-Landed Properties,1,"3,600",40 to 50,400 to 500,Jan-26
SOHO 188,RACE COURSE ROAD,8,Non-Landed Properties,1,"3,200",40 to 50,400 to 500,Jan-26
SOHO 188,RACE COURSE ROAD,8,Non-Landed Properties,1,"3,300",40 to 50,400 to 500,Jan-26
SOHO 188,RACE COURSE ROAD,8,Non-Landed Properties,1,"2,800",40 to 50,400 to 500,Jan-26
SOHO 188,RACE COURSE ROAD,8,Non-Landed Properties,1,"3,300",30 to 40,400 to 500,Jan-26
SOHO 188,RACE COURSE ROAD,8,Non-Landed Properties,1,"3,100",50 to 60,600 to 700,Jan-26
UPTOWN @ FARRER,PERUMAL ROAD,8,Non-Landed Properties,3,"5,000",60 to 70,600 to 700,Jan-26
UPTOWN @ FARRER,PERUMAL ROAD,8,Non-Landed Properties,2,"3,900",40 to 50,500 to 600,Jan-26
UPTOWN @ FARRER,PERUMAL ROAD,8,Non-Landed Properties,3,"4,900",70 to 80,700 to 800,Jan-26
UPTOWN @ FARRER,PERUMAL ROAD,8,Non-Landed Properties,2,"4,100",40 to 50,500 to 600,Jan-26
UPTOWN @ FARRER,PERUMAL ROAD,8,Non-Landed Properties,3,"5,000",70 to 80,700 to 800,Jan-26
UPTOWN @ FARRER,PERUMAL ROAD,8,Non-Landed Properties,4,"4,900",90 to 100,"1,000 to 1,100",Jan-26
THE URBANITE,HERTFORD ROAD,8,Non-Landed Properties,2,"3,400",50 to 60,600 to 700,Jan-26
THE URBANITE,HERTFORD ROAD,8,Non-Landed Properties,1,"3,000",40 to 50,400 to 500,Jan-26
1953,TESSENSOHN ROAD,8,Non-Landed Properties,1,"3,200",50 to 60,600 to 700,Jan-26
1953,TESSENSOHN ROAD,8,Non-Landed Properties,1,"3,500",50 to 60,600 to 700,Jan-26
1953,TESSENSOHN ROAD,8,Non-Landed Properties,1,"3,900",50 to 60,600 to 700,Jan-26
VANADIUM,HERTFORD ROAD,8,Non-Landed Properties,2,"4,150",70 to 80,700 to 800,Jan-26
VANADIUM,HERTFORD ROAD,8,Non-Landed Properties,3,"5,300",90 to 100,"1,000 to 1,100",Jan-26
CARLYX RESIDENCE,CARLISLE ROAD,8,Non-Landed Properties,1,"3,100",50 to 60,500 to 600,Jan-26
CITIGATE RESIDENCE,RANGOON ROAD,8,Non-Landed Properties,1,"2,700",50 to 60,500 to 600,Jan-26
MAPLE LEAF ELITE 1,RANGOON ROAD,8,Non-Landed Properties,2,"3,900",70 to 80,700 to 800,Jan-26
MAPLE LEAF ELITE 1,RANGOON ROAD,8,Non-Landed Properties,2,"4,300",70 to 80,700 to 800,Jan-26
CITYLIGHTS,JELLICOE ROAD,8,Non-Landed Properties,1,"4,000",50 to 60,500 to 600,Jan-26
CITYLIGHTS,JELLICOE ROAD,8,Non-Landed Properties,2,"5,200",80 to 90,800 to 900,Jan-26
CITYLIGHTS,JELLICOE ROAD,8,Non-Landed Properties,1,"4,200",60 to 70,600 to 700,Jan-26
CITYLIGHTS,JELLICOE ROAD,8,Non-Landed Properties,1,"4,100",60 to 70,600 to 700,Jan-26
CITYLIGHTS,JELLICOE ROAD,8,Non-Landed Properties,1,"4,300",60 to 70,700 to 800,Jan-26
CITYLIGHTS,JELLICOE ROAD,8,Non-Landed Properties,2,"5,050",80 to 90,800 to 900,Jan-26
CITYLIGHTS,JELLICOE ROAD,8,Non-Landed Properties,3,"6,000",120 to 130,"1,300 to 1,400",Jan-26
KENTISH GREEN,OXFORD ROAD,8,Non-Landed Properties,2,"3,700",110 to 120,"1,200 to 1,300",Jan-26
KENTISH GREEN,OXFORD ROAD,8,Non-Landed Properties,2,"4,300",100 to 110,"1,000 to 1,100",Jan-26
KENG LEE VIEW,KENG LEE ROAD,8,Non-Landed Properties,NA,"3,550",110 to 120,"1,200 to 1,300",Jan-26
NON-LANDED HOUSING DEVELOPMENT,JALAN BESAR,8,Non-Landed Properties,NA,"5,000",140 to 150,"1,600 to 1,700",Jan-26
NON-LANDED HOUSING DEVELOPMENT,JALAN BESAR,8,Non-Landed Properties,NA,"5,000",140 to 150,"1,600 to 1,700",Jan-26
URBAN LOFTS,RANGOON ROAD,8,Non-Landed Properties,1,"2,700",30 to 40,400 to 500,Jan-26
URBAN LOFTS,RANGOON ROAD,8,Non-Landed Properties,1,"2,900",30 to 40,400 to 500,Jan-26
URBAN LOFTS,RANGOON ROAD,8,Non-Landed Properties,1,"3,300",60 to 70,700 to 800,Jan-26
RESIDENCES @ SOMME,PETAIN ROAD,8,Non-Landed Properties,1,"2,900",30 to 40,400 to 500,Jan-26
FORTE SUITES,MERGUI ROAD,8,Non-Landed Properties,1,"3,000",40 to 50,400 to 500,Jan-26
FORTE SUITES,MERGUI ROAD,8,Non-Landed Properties,2,"3,900",50 to 60,600 to 700,Jan-26
FORTE SUITES,MERGUI ROAD,8,Non-Landed Properties,2,"3,800",60 to 70,600 to 700,Jan-26
FORTE SUITES,MERGUI ROAD,8,Non-Landed Properties,2,"3,650",60 to 70,600 to 700,Jan-26
FORTE SUITES,MERGUI ROAD,8,Non-Landed Properties,2,"3,800",50 to 60,600 to 700,Jan-26
CITYSCAPE @FARRER PARK,MERGUI ROAD,8,Non-Landed Properties,3,"5,500",120 to 130,"1,300 to 1,400",Jan-26
CITYSCAPE @FARRER PARK,MERGUI ROAD,8,Non-Landed Properties,2,"4,200",80 to 90,"900 to 1,000",Jan-26
CITYSCAPE @FARRER PARK,MERGUI ROAD,8,Non-Landed Properties,2,"4,000",100 to 110,"1,100 to 1,200",Jan-26
BRISTOL LODGE,BRISTOL ROAD,8,Non-Landed Properties,NA,"4,500",80 to 90,"900 to 1,000",Jan-26
28 RC SUITES,RACE COURSE LANE,8,Non-Landed Properties,1,"3,500",30 to 40,400 to 500,Jan-26
28 RC SUITES,RACE COURSE LANE,8,Non-Landed Properties,1,"3,000",40 to 50,400 to 500,Jan-26
NON-LANDED HOUSING DEVELOPMENT,SERANGOON ROAD,8,Non-Landed Properties,NA,"4,700",60 to 70,700 to 800,Jan-26
NON-LANDED HOUSING DEVELOPMENT,SERANGOON ROAD,8,Non-Landed Properties,NA,"3,000",60 to 70,700 to 800,Jan-26
NON-LANDED HOUSING DEVELOPMENT,SERANGOON ROAD,8,Non-Landed Properties,NA,"4,500",60 to 70,700 to 800,Jan-26
KENTISH COURT,OXFORD ROAD,8,Non-Landed Properties,2,"4,000",90 to 100,"1,000 to 1,100",Jan-26
DORSET MANSIONS,DORSET ROAD,8,Non-Landed Properties,NA,"3,900",90 to 100,"1,000 to 1,100",Jan-26
PICCADILLY GRAND,NORTHUMBERLAND ROAD,8,Non-Landed Properties,5,"9,200",140 to 150,"1,500 to 1,600",Jan-26
PICCADILLY GRAND,NORTHUMBERLAND ROAD,8,Non-Landed Properties,3,"6,500",90 to 100,"1,000 to 1,100",Jan-26
PICCADILLY GRAND,NORTHUMBERLAND ROAD,8,Non-Landed Properties,NA,"9,300",140 to 150,"1,500 to 1,600",Jan-26
PICCADILLY GRAND,NORTHUMBERLAND ROAD,8,Non-Landed Properties,NA,"4,600",50 to 60,600 to 700,Jan-26
PICCADILLY GRAND,NORTHUMBERLAND ROAD,8,Non-Landed Properties,NA,"6,200",100 to 110,"1,000 to 1,100",Jan-26
PICCADILLY GRAND,NORTHUMBERLAND ROAD,8,Non-Landed Properties,NA,"5,000",60 to 70,700 to 800,Jan-26
PICCADILLY GRAND,NORTHUMBERLAND ROAD,8,Non-Landed Properties,NA,"6,500",120 to 130,"1,300 to 1,400",Jan-26
PICCADILLY GRAND,NORTHUMBERLAND ROAD,8,Non-Landed Properties,NA,"6,000",100 to 110,"1,000 to 1,100",Jan-26
PICCADILLY GRAND,NORTHUMBERLAND ROAD,8,Non-Landed Properties,1,"3,500",40 to 50,500 to 600,Jan-26
PICCADILLY GRAND,NORTHUMBERLAND ROAD,8,Non-Landed Properties,2,"4,800",50 to 60,600 to 700,Jan-26
PICCADILLY GRAND,NORTHUMBERLAND ROAD,8,Non-Landed Properties,4,"8,400",120 to 130,"1,300 to 1,400",Jan-26
PICCADILLY GRAND,NORTHUMBERLAND ROAD,8,Non-Landed Properties,1,"3,900",40 to 50,500 to 600,Jan-26
PICCADILLY GRAND,NORTHUMBERLAND ROAD,8,Non-Landed Properties,4,"8,200",120 to 130,"1,300 to 1,400",Jan-26
PICCADILLY GRAND,NORTHUMBERLAND ROAD,8,Non-Landed Properties,5,"9,500",150 to 160,"1,600 to 1,700",Jan-26
PICCADILLY GRAND,NORTHUMBERLAND ROAD,8,Non-Landed Properties,2,"4,800",60 to 70,700 to 800,Jan-26
PICCADILLY GRAND,NORTHUMBERLAND ROAD,8,Non-Landed Properties,3,"6,000",80 to 90,800 to 900,Jan-26
PICCADILLY GRAND,NORTHUMBERLAND ROAD,8,Non-Landed Properties,2,"4,500",50 to 60,600 to 700,Jan-26
PICCADILLY GRAND,NORTHUMBERLAND ROAD,8,Non-Landed Properties,1,"3,650",40 to 50,500 to 600,Jan-26
PICCADILLY GRAND,NORTHUMBERLAND ROAD,8,Non-Landed Properties,NA,"9,000",120 to 130,"1,300 to 1,400",Jan-26
PICCADILLY GRAND,NORTHUMBERLAND ROAD,8,Non-Landed Properties,NA,"6,000",80 to 90,800 to 900,Jan-26
PICCADILLY GRAND,NORTHUMBERLAND ROAD,8,Non-Landed Properties,2,"5,000",60 to 70,700 to 800,Jan-26
PICCADILLY GRAND,NORTHUMBERLAND ROAD,8,Non-Landed Properties,1,"4,000",40 to 50,500 to 600,Jan-26
PICCADILLY GRAND,NORTHUMBERLAND ROAD,8,Non-Landed Properties,1,"3,500",40 to 50,400 to 500,Jan-26
PICCADILLY GRAND,NORTHUMBERLAND ROAD,8,Non-Landed Properties,1,"3,800",40 to 50,400 to 500,Jan-26
PICCADILLY GRAND,NORTHUMBERLAND ROAD,8,Non-Landed Properties,1,"3,500",40 to 50,500 to 600,Jan-26
PICCADILLY GRAND,NORTHUMBERLAND ROAD,8,Non-Landed Properties,NA,"3,700",40 to 50,400 to 500,Jan-26
PICCADILLY GRAND,NORTHUMBERLAND ROAD,8,Non-Landed Properties,NA,"3,500",40 to 50,400 to 500,Jan-26
PICCADILLY GRAND,NORTHUMBERLAND ROAD,8,Non-Landed Properties,NA,"5,000",60 to 70,700 to 800,Jan-26
PICCADILLY GRAND,NORTHUMBERLAND ROAD,8,Non-Landed Properties,NA,"4,800",60 to 70,600 to 700,Jan-26
PICCADILLY GRAND,NORTHUMBERLAND ROAD,8,Non-Landed Properties,NA,"4,900",60 to 70,700 to 800,Jan-26
PICCADILLY GRAND,NORTHUMBERLAND ROAD,8,Non-Landed Properties,NA,"6,500",90 to 100,"1,000 to 1,100",Jan-26
PICCADILLY GRAND,NORTHUMBERLAND ROAD,8,Non-Landed Properties,NA,"3,400",40 to 50,400 to 500,Jan-26
PICCADILLY GRAND,NORTHUMBERLAND ROAD,8,Non-Landed Properties,NA,"3,700",40 to 50,500 to 600,Jan-26
PICCADILLY GRAND,NORTHUMBERLAND ROAD,8,Non-Landed Properties,NA,"3,600",40 to 50,500 to 600,Jan-26
RANGOON 88,RANGOON ROAD,8,Non-Landed Properties,2,"4,200",90 to 100,"1,000 to 1,100",Jan-26
RANGOON 88,RANGOON ROAD,8,Non-Landed Properties,1,"3,000",30 to 40,400 to 500,Jan-26
RANGOON 88,RANGOON ROAD,8,Non-Landed Properties,1,"3,000",40 to 50,400 to 500,Jan-26
MERGUI MANSIONS,MERGUI ROAD,8,Non-Landed Properties,3,"4,700",130 to 140,"1,400 to 1,500",Jan-26
NON-LANDED HOUSING DEVELOPMENT,CAMBRIDGE ROAD,8,Non-Landed Properties,NA,"3,200",70 to 80,800 to 900,Jan-26
NON-LANDED HOUSING DEVELOPMENT,JOO AVENUE,8,Non-Landed Properties,NA,"3,800",90 to 100,"900 to 1,000",Jan-26
NON-LANDED HOUSING DEVELOPMENT,SING AVENUE,8,Non-Landed Properties,NA,"3,200",110 to 120,"1,200 to 1,300",Jan-26
JOOL SUITES,SING JOO WALK,8,Non-Landed Properties,1,"3,500",40 to 50,400 to 500,Jan-26
JOOL SUITES,SING JOO WALK,8,Non-Landed Properties,1,"3,250",30 to 40,400 to 500,Jan-26
JOOL SUITES,SING JOO WALK,8,Non-Landed Properties,1,"2,900",30 to 40,300 to 400,Jan-26
KENTISH LODGE,OXFORD ROAD,8,Non-Landed Properties,3,"3,300",100 to 110,"1,100 to 1,200",Jan-26
HERTFORD COLLECTION,HERTFORD ROAD,8,Non-Landed Properties,2,"4,000",100 to 110,"1,100 to 1,200",Jan-26
STUDIOS @ MARNE,MARNE ROAD,8,Non-Landed Properties,NA,"3,100",50 to 60,500 to 600,Jan-26
STUDIOS @ MARNE,MARNE ROAD,8,Non-Landed Properties,NA,"3,300",50 to 60,500 to 600,Jan-26
PETAIN RD/TYRWHITT RD CONSERVATION AREA,HAMILTON ROAD,8,Non-Landed Properties,NA,"7,000",130 to 140,"1,400 to 1,500",Jan-26
NON-LANDED HOUSING DEVELOPMENT,RANGOON ROAD,8,Non-Landed Properties,NA,"3,000",70 to 80,700 to 800,Jan-26
NON-LANDED HOUSING DEVELOPMENT,RANGOON ROAD,8,Non-Landed Properties,NA,"6,000",140 to 150,"1,500 to 1,600",Jan-26
PRISTINE HEIGHTS,MERGUI ROAD,8,Non-Landed Properties,3,"4,700",90 to 100,"1,000 to 1,100",Jan-26
HOA NAM BUILDING,FOCH ROAD,8,Non-Landed Properties,2,"3,400",70 to 80,800 to 900,Jan-26
HOA NAM BUILDING,FOCH ROAD,8,Non-Landed Properties,2,"3,200",80 to 90,800 to 900,Jan-26
HOA NAM BUILDING,FOCH ROAD,8,Non-Landed Properties,2,"5,000",70 to 80,800 to 900,Jan-26
HOA NAM BUILDING,FOCH ROAD,8,Non-Landed Properties,2,"1,800",70 to 80,800 to 900,Jan-26
NON-LANDED HOUSING DEVELOPMENT,BEATTY ROAD,8,Non-Landed Properties,NA,"2,800",80 to 90,"900 to 1,000",Jan-26
NON-LANDED HOUSING DEVELOPMENT,STARLIGHT ROAD,8,Non-Landed Properties,NA,"4,000",70 to 80,800 to 900,Jan-26
NON-LANDED HOUSING DEVELOPMENT,OWEN ROAD,8,Non-Landed Properties,NA,"4,600",>300,>3000,Jan-26
KENT RESIDENCES,KENT ROAD,8,Non-Landed Properties,1,"2,900",40 to 50,500 to 600,Jan-26
KING'S COURT,NORFOLK ROAD,8,Non-Landed Properties,3,"4,200",210 to 220,"2,300 to 2,400",Jan-26
CLYDES RESIDENCE,MERGUI ROAD,8,Non-Landed Properties,2,"3,900",90 to 100,"1,000 to 1,100",Jan-26
CLYDES RESIDENCE,MERGUI ROAD,8,Non-Landed Properties,3,"4,500",100 to 110,"1,100 to 1,200",Jan-26
CLYDES RESIDENCE,MERGUI ROAD,8,Non-Landed Properties,2,"4,000",90 to 100,"1,000 to 1,100",Jan-26
CLYDES RESIDENCE,MERGUI ROAD,8,Non-Landed Properties,1,"3,000",50 to 60,500 to 600,Jan-26
NON-LANDED HOUSING DEVELOPMENT,BRISTOL ROAD,8,Non-Landed Properties,NA,"3,500",120 to 130,"1,300 to 1,400",Dec-25
NON-LANDED HOUSING DEVELOPMENT,BRISTOL ROAD,8,Non-Landed Properties,NA,"3,500",160 to 170,"1,700 to 1,800",Dec-25
MAPLE LEAF ELITE 2,RANGOON ROAD,8,Non-Landed Properties,2,"5,300",80 to 90,"900 to 1,000",Dec-25
KERRISDALE,STURDEE ROAD,8,Non-Landed Properties,3,"5,400",110 to 120,"1,200 to 1,300",Dec-25
NON-LANDED HOUSING DEVELOPMENT,CHANDER ROAD,8,Non-Landed Properties,NA,"8,950",110 to 120,"1,200 to 1,300",Dec-25
CITY SQUARE RESIDENCES,KITCHENER LINK,8,Non-Landed Properties,2,"5,200",70 to 80,800 to 900,Dec-25
CITY SQUARE RESIDENCES,KITCHENER LINK,8,Non-Landed Properties,3,"6,400",110 to 120,"1,200 to 1,300",Dec-25
CITY SQUARE RESIDENCES,KITCHENER LINK,8,Non-Landed Properties,2,"4,400",70 to 80,800 to 900,Dec-25
CITY SQUARE RESIDENCES,KITCHENER LINK,8,Non-Landed Properties,1,"3,700",50 to 60,500 to 600,Dec-25
CITY SQUARE RESIDENCES,KITCHENER LINK,8,Non-Landed Properties,2,"4,350",70 to 80,800 to 900,Dec-25
CITY SQUARE RESIDENCES,KITCHENER LINK,8,Non-Landed Properties,2,"4,600",70 to 80,800 to 900,Dec-25
CITY SQUARE RESIDENCES,KITCHENER LINK,8,Non-Landed Properties,1,"3,700",50 to 60,500 to 600,Dec-25
CITY SQUARE RESIDENCES,KITCHENER LINK,8,Non-Landed Properties,3,"6,500",110 to 120,"1,200 to 1,300",Dec-25
CITY SQUARE RESIDENCES,KITCHENER LINK,8,Non-Landed Properties,2,"4,600",70 to 80,800 to 900,Dec-25
CITY SQUARE RESIDENCES,KITCHENER LINK,8,Non-Landed Properties,4,"7,600",140 to 150,"1,500 to 1,600",Dec-25
CITY SQUARE RESIDENCES,KITCHENER LINK,8,Non-Landed Properties,2,"4,300",70 to 80,800 to 900,Dec-25
CITY SQUARE RESIDENCES,KITCHENER LINK,8,Non-Landed Properties,1,"3,500",50 to 60,500 to 600,Dec-25
CITY SQUARE RESIDENCES,KITCHENER LINK,8,Non-Landed Properties,2,"5,500",70 to 80,800 to 900,Dec-25
CITY SQUARE RESIDENCES,KITCHENER LINK,8,Non-Landed Properties,3,"5,800",110 to 120,"1,200 to 1,300",Dec-25
CITY SQUARE RESIDENCES,KITCHENER LINK,8,Non-Landed Properties,3,"6,600",110 to 120,"1,200 to 1,300",Dec-25
CITY SQUARE RESIDENCES,KITCHENER LINK,8,Non-Landed Properties,2,"4,200",80 to 90,800 to 900,Dec-25
CITY SQUARE RESIDENCES,KITCHENER LINK,8,Non-Landed Properties,2,"4,800",70 to 80,800 to 900,Dec-25
CITY SQUARE RESIDENCES,KITCHENER LINK,8,Non-Landed Properties,4,"6,300",130 to 140,"1,400 to 1,500",Dec-25
CITY SQUARE RESIDENCES,KITCHENER LINK,8,Non-Landed Properties,2,"4,500",70 to 80,800 to 900,Dec-25
CITY SQUARE RESIDENCES,KITCHENER LINK,8,Non-Landed Properties,3,"6,500",110 to 120,"1,200 to 1,300",Dec-25
CITY SQUARE RESIDENCES,KITCHENER LINK,8,Non-Landed Properties,2,"4,300",70 to 80,800 to 900,Dec-25
CITY SQUARE RESIDENCES,KITCHENER LINK,8,Non-Landed Properties,3,"5,700",110 to 120,"1,200 to 1,300",Dec-25
CITY SQUARE RESIDENCES,KITCHENER LINK,8,Non-Landed Properties,2,"4,650",70 to 80,800 to 900,Dec-25
CITY SQUARE RESIDENCES,KITCHENER LINK,8,Non-Landed Properties,2,"4,600",70 to 80,800 to 900,Dec-25
HERTFORD MANSION,HERTFORD ROAD,8,Non-Landed Properties,NA,"4,800",110 to 120,"1,200 to 1,300",Dec-25
STURDEE RESIDENCES,BEATTY ROAD,8,Non-Landed Properties,2,"4,100",50 to 60,500 to 600,Dec-25
STURDEE RESIDENCES,BEATTY ROAD,8,Non-Landed Properties,3,"6,200",80 to 90,"900 to 1,000",Dec-25
STURDEE RESIDENCES,BEATTY ROAD,8,Non-Landed Properties,2,"3,700",50 to 60,500 to 600,Dec-25
PARC SOMME,SOMME ROAD,8,Non-Landed Properties,1,"3,200",40 to 50,400 to 500,Dec-25
PARC SOMME,SOMME ROAD,8,Non-Landed Properties,1,"3,200",20 to 30,300 to 400,Dec-25
JALAN BESAR PLAZA,KITCHENER ROAD,8,Non-Landed Properties,2,"2,800",80 to 90,"900 to 1,000",Dec-25
NON-LANDED HOUSING DEVELOPMENT,RACE COURSE ROAD,8,Non-Landed Properties,NA,"2,200",20 to 30,200 to 300,Dec-25
NON-LANDED HOUSING DEVELOPMENT,RACE COURSE ROAD,8,Non-Landed Properties,2,"2,650",70 to 80,700 to 800,Dec-25
NON-LANDED HOUSING DEVELOPMENT,PENHAS ROAD,8,Non-Landed Properties,NA,"4,100",90 to 100,"1,000 to 1,100",Dec-25
NON-LANDED HOUSING DEVELOPMENT,KINTA ROAD,8,Non-Landed Properties,2,"3,000",70 to 80,800 to 900,Dec-25
MERA SPRINGS,CARLISLE ROAD,8,Non-Landed Properties,3,"5,700",110 to 120,"1,200 to 1,300",Dec-25
MERA SPRINGS,CARLISLE ROAD,8,Non-Landed Properties,3,"5,700",110 to 120,"1,200 to 1,300",Dec-25
MERA SPRINGS,CARLISLE ROAD,8,Non-Landed Properties,2,"4,200",90 to 100,"1,000 to 1,100",Dec-25
MERA SPRINGS,CARLISLE ROAD,8,Non-Landed Properties,3,"5,400",110 to 120,"1,200 to 1,300",Dec-25
CHERRYLOFT,RANGOON ROAD,8,Non-Landed Properties,NA,"2,200",20 to 30,300 to 400,Dec-25
TYRWHITT 139,TYRWHITT ROAD,8,Non-Landed Properties,1,"2,600",30 to 40,300 to 400,Dec-25
CITY LOFT,RACE COURSE ROAD,8,Non-Landed Properties,1,"2,700",30 to 40,300 to 400,Dec-25
CITY LOFT,RACE COURSE ROAD,8,Non-Landed Properties,1,"2,700",30 to 40,300 to 400,Dec-25
SUITES 123,RANGOON ROAD,8,Non-Landed Properties,1,"2,550",30 to 40,300 to 400,Dec-25
SUITES 123,RANGOON ROAD,8,Non-Landed Properties,2,"4,100",70 to 80,800 to 900,Dec-25
SUITES 123,RANGOON ROAD,8,Non-Landed Properties,1,"3,800",50 to 60,500 to 600,Dec-25
SOHO 188,RACE COURSE ROAD,8,Non-Landed Properties,1,"3,100",50 to 60,500 to 600,Dec-25
SOHO 188,RACE COURSE ROAD,8,Non-Landed Properties,1,"2,900",40 to 50,400 to 500,Dec-25
SOHO 188,RACE COURSE ROAD,8,Non-Landed Properties,2,"3,550",50 to 60,600 to 700,Dec-25
SOHO 188,RACE COURSE ROAD,8,Non-Landed Properties,1,"3,200",40 to 50,400 to 500,Dec-25
UPTOWN @ FARRER,PERUMAL ROAD,8,Non-Landed Properties,3,"5,400",80 to 90,"900 to 1,000",Dec-25
UPTOWN @ FARRER,PERUMAL ROAD,8,Non-Landed Properties,3,"6,000",100 to 110,"1,100 to 1,200",Dec-25
UPTOWN @ FARRER,PERUMAL ROAD,8,Non-Landed Properties,3,"4,600",60 to 70,700 to 800,Dec-25
UPTOWN @ FARRER,PERUMAL ROAD,8,Non-Landed Properties,2,"3,850",40 to 50,500 to 600,Dec-25
UPTOWN @ FARRER,PERUMAL ROAD,8,Non-Landed Properties,2,"3,900",40 to 50,500 to 600,Dec-25
UPTOWN @ FARRER,PERUMAL ROAD,8,Non-Landed Properties,3,"5,900",100 to 110,"1,100 to 1,200",Dec-25
1953,TESSENSOHN ROAD,8,Non-Landed Properties,1,"3,500",50 to 60,600 to 700,Dec-25
1953,TESSENSOHN ROAD,8,Non-Landed Properties,3,"5,580",70 to 80,700 to 800,Dec-25
VANADIUM,HERTFORD ROAD,8,Non-Landed Properties,3,"5,100",90 to 100,"1,000 to 1,100",Dec-25
NON-LANDED HOUSING DEVELOPMENT,KITCHENER ROAD,8,Non-Landed Properties,NA,"4,700",80 to 90,800 to 900,Dec-25
THE CITRON RESIDENCES,MARNE ROAD,8,Non-Landed Properties,2,"3,900",60 to 70,600 to 700,Dec-25
CITIGATE RESIDENCE,RANGOON ROAD,8,Non-Landed Properties,1,"3,000",50 to 60,500 to 600,Dec-25
FARRER PARK SUITES,OWEN ROAD,8,Non-Landed Properties,NA,"2,800",30 to 40,400 to 500,Dec-25
MAPLE LEAF ELITE 1,RANGOON ROAD,8,Non-Landed Properties,2,"3,900",70 to 80,700 to 800,Dec-25
MAPLE LEAF ELITE 1,RANGOON ROAD,8,Non-Landed Properties,2,"4,300",70 to 80,700 to 800,Dec-25
MAPLE LEAF ELITE 1,RANGOON ROAD,8,Non-Landed Properties,2,"4,300",70 to 80,700 to 800,Dec-25
MAPLE LEAF ELITE 1,RANGOON ROAD,8,Non-Landed Properties,1,"3,200",40 to 50,400 to 500,Dec-25
CITYLIGHTS,JELLICOE ROAD,8,Non-Landed Properties,3,"10,700",250 to 260,"2,700 to 2,800",Dec-25
CITYLIGHTS,JELLICOE ROAD,8,Non-Landed Properties,1,"4,000",50 to 60,500 to 600,Dec-25
CITYLIGHTS,JELLICOE ROAD,8,Non-Landed Properties,1,"4,500",60 to 70,700 to 800,Dec-25
CITYLIGHTS,JELLICOE ROAD,8,Non-Landed Properties,1,"4,200",60 to 70,600 to 700,Dec-25
CITYLIGHTS,JELLICOE ROAD,8,Non-Landed Properties,1,"4,300",60 to 70,600 to 700,Dec-25
CITYLIGHTS,JELLICOE ROAD,8,Non-Landed Properties,1,"4,200",60 to 70,600 to 700,Dec-25
CITYLIGHTS,JELLICOE ROAD,8,Non-Landed Properties,2,"4,900",80 to 90,800 to 900,Dec-25
CITYLIGHTS,JELLICOE ROAD,8,Non-Landed Properties,2,"4,800",80 to 90,800 to 900,Dec-25
CITYLIGHTS,JELLICOE ROAD,8,Non-Landed Properties,1,"3,800",50 to 60,500 to 600,Dec-25
CITYLIGHTS,JELLICOE ROAD,8,Non-Landed Properties,1,"4,400",60 to 70,600 to 700,Dec-25
CITYLIGHTS,JELLICOE ROAD,8,Non-Landed Properties,1,"4,350",60 to 70,700 to 800,Dec-25
CITYLIGHTS,JELLICOE ROAD,8,Non-Landed Properties,1,"4,000",60 to 70,600 to 700,Dec-25
CITYLIGHTS,JELLICOE ROAD,8,Non-Landed Properties,1,"3,900",50 to 60,500 to 600,Dec-25
CITYLIGHTS,JELLICOE ROAD,8,Non-Landed Properties,1,"5,000",60 to 70,600 to 700,Dec-25
CITYLIGHTS,JELLICOE ROAD,8,Non-Landed Properties,1,"4,100",60 to 70,600 to 700,Dec-25
CITYLIGHTS,JELLICOE ROAD,8,Non-Landed Properties,2,"4,700",80 to 90,800 to 900,Dec-25
CITYLIGHTS,JELLICOE ROAD,8,Non-Landed Properties,1,"4,000",50 to 60,500 to 600,Dec-25
CITYLIGHTS,JELLICOE ROAD,8,Non-Landed Properties,3,"7,500",130 to 140,"1,400 to 1,500",Dec-25
KENTISH GREEN,OXFORD ROAD,8,Non-Landed Properties,2,"4,200",100 to 110,"1,000 to 1,100",Dec-25
NON-LANDED HOUSING DEVELOPMENT,JALAN BESAR,8,Non-Landed Properties,NA,"4,400",60 to 70,600 to 700,Dec-25
URBAN LOFTS,RANGOON ROAD,8,Non-Landed Properties,1,"3,150",50 to 60,600 to 700,Dec-25
RESIDENCES @ SOMME,PETAIN ROAD,8,Non-Landed Properties,1,"2,900",40 to 50,500 to 600,Dec-25
FORTE SUITES,MERGUI ROAD,8,Non-Landed Properties,1,"3,000",40 to 50,400 to 500,Dec-25
FORTE SUITES,MERGUI ROAD,8,Non-Landed Properties,2,"4,300",50 to 60,600 to 700,Dec-25
FORTE SUITES,MERGUI ROAD,8,Non-Landed Properties,2,"3,900",50 to 60,600 to 700,Dec-25
CAVAN SUITES,CAVAN ROAD,8,Non-Landed Properties,1,"2,780",50 to 60,600 to 700,Dec-25
CAVAN SUITES,CAVAN ROAD,8,Non-Landed Properties,1,"2,400",30 to 40,300 to 400,Dec-25
CITYSCAPE @FARRER PARK,MERGUI ROAD,8,Non-Landed Properties,3,"5,600",110 to 120,"1,200 to 1,300",Dec-25
CITYSCAPE @FARRER PARK,MERGUI ROAD,8,Non-Landed Properties,3,"5,500",120 to 130,"1,300 to 1,400",Dec-25
CITYSCAPE @FARRER PARK,MERGUI ROAD,8,Non-Landed Properties,2,"4,300",90 to 100,"1,000 to 1,100",Dec-25
CITYSCAPE @FARRER PARK,MERGUI ROAD,8,Non-Landed Properties,2,"4,350",90 to 100,"1,000 to 1,100",Dec-25
28 RC SUITES,RACE COURSE LANE,8,Non-Landed Properties,1,"3,500",70 to 80,800 to 900,Dec-25
28 RC SUITES,RACE COURSE LANE,8,Non-Landed Properties,1,"2,950",30 to 40,400 to 500,Dec-25
NON-LANDED HOUSING DEVELOPMENT,KELANTAN LANE,8,Non-Landed Properties,NA,"2,800",190 to 200,"2,000 to 2,100",Dec-25
NON-LANDED HOUSING DEVELOPMENT,KELANTAN LANE,8,Non-Landed Properties,NA,"2,500",190 to 200,"2,000 to 2,100",Dec-25
CITY STUDIOS,RACE COURSE LANE,8,Non-Landed Properties,2,"4,780",110 to 120,"1,200 to 1,300",Dec-25
PICCADILLY GRAND,NORTHUMBERLAND ROAD,8,Non-Landed Properties,NA,"6,500",90 to 100,"1,000 to 1,100",Dec-25
PICCADILLY GRAND,NORTHUMBERLAND ROAD,8,Non-Landed Properties,NA,"6,600",90 to 100,"1,000 to 1,100",Dec-25
PICCADILLY GRAND,NORTHUMBERLAND ROAD,8,Non-Landed Properties,NA,"8,200",130 to 140,"1,400 to 1,500",Dec-25
PICCADILLY GRAND,NORTHUMBERLAND ROAD,8,Non-Landed Properties,NA,"4,400",50 to 60,600 to 700,Dec-25
PICCADILLY GRAND,NORTHUMBERLAND ROAD,8,Non-Landed Properties,NA,"6,500",100 to 110,"1,000 to 1,100",Dec-25
PICCADILLY GRAND,NORTHUMBERLAND ROAD,8,Non-Landed Properties,NA,"5,000",60 to 70,700 to 800,Dec-25
PICCADILLY GRAND,NORTHUMBERLAND ROAD,8,Non-Landed Properties,NA,"3,600",40 to 50,500 to 600,Dec-25
PICCADILLY GRAND,NORTHUMBERLAND ROAD,8,Non-Landed Properties,NA,"6,000",80 to 90,800 to 900,Dec-25
PICCADILLY GRAND,NORTHUMBERLAND ROAD,8,Non-Landed Properties,NA,"6,350",100 to 110,"1,000 to 1,100",Dec-25
PICCADILLY GRAND,NORTHUMBERLAND ROAD,8,Non-Landed Properties,NA,"4,600",50 to 60,600 to 700,Dec-25
PICCADILLY GRAND,NORTHUMBERLAND ROAD,8,Non-Landed Properties,NA,"5,000",60 to 70,700 to 800,Dec-25
PICCADILLY GRAND,NORTHUMBERLAND ROAD,8,Non-Landed Properties,NA,"8,000",120 to 130,"1,300 to 1,400",Dec-25
PICCADILLY GRAND,NORTHUMBERLAND ROAD,8,Non-Landed Properties,NA,"6,000",80 to 90,800 to 900,Dec-25
PICCADILLY GRAND,NORTHUMBERLAND ROAD,8,Non-Landed Properties,NA,"4,399",50 to 60,600 to 700,Dec-25
PICCADILLY GRAND,NORTHUMBERLAND ROAD,8,Non-Landed Properties,NA,"3,000",120 to 130,"1,300 to 1,400",Dec-25
PICCADILLY GRAND,NORTHUMBERLAND ROAD,8,Non-Landed Properties,NA,"3,500",40 to 50,400 to 500,Dec-25
PICCADILLY GRAND,NORTHUMBERLAND ROAD,8,Non-Landed Properties,NA,"3,400",40 to 50,400 to 500,Dec-25
PICCADILLY GRAND,NORTHUMBERLAND ROAD,8,Non-Landed Properties,NA,"6,600",90 to 100,"1,000 to 1,100",Dec-25
PICCADILLY GRAND,NORTHUMBERLAND ROAD,8,Non-Landed Properties,NA,"3,800",40 to 50,500 to 600,Dec-25
PICCADILLY GRAND,NORTHUMBERLAND ROAD,8,Non-Landed Properties,NA,"5,000",60 to 70,700 to 800,Dec-25
PICCADILLY GRAND,NORTHUMBERLAND ROAD,8,Non-Landed Properties,NA,"3,500",40 to 50,500 to 600,Dec-25
PICCADILLY GRAND,NORTHUMBERLAND ROAD,8,Non-Landed Properties,NA,"3,500",40 to 50,400 to 500,Dec-25
PICCADILLY GRAND,NORTHUMBERLAND ROAD,8,Non-Landed Properties,NA,"5,100",60 to 70,700 to 800,Dec-25
PICCADILLY GRAND,NORTHUMBERLAND ROAD,8,Non-Landed Properties,NA,"3,700",40 to 50,400 to 500,Dec-25
PICCADILLY GRAND,NORTHUMBERLAND ROAD,8,Non-Landed Properties,NA,"3,700",40 to 50,400 to 500,Dec-25
PICCADILLY GRAND,NORTHUMBERLAND ROAD,8,Non-Landed Properties,NA,"3,700",40 to 50,400 to 500,Dec-25
PICCADILLY GRAND,NORTHUMBERLAND ROAD,8,Non-Landed Properties,NA,"3,600",40 to 50,500 to 600,Dec-25
PICCADILLY GRAND,NORTHUMBERLAND ROAD,8,Non-Landed Properties,NA,"3,600",40 to 50,400 to 500,Dec-25
PICCADILLY GRAND,NORTHUMBERLAND ROAD,8,Non-Landed Properties,NA,"3,800",40 to 50,400 to 500,Dec-25
PICCADILLY GRAND,NORTHUMBERLAND ROAD,8,Non-Landed Properties,NA,"3,400",40 to 50,400 to 500,Dec-25
PICCADILLY GRAND,NORTHUMBERLAND ROAD,8,Non-Landed Properties,NA,"3,500",40 to 50,400 to 500,Dec-25
PICCADILLY GRAND,NORTHUMBERLAND ROAD,8,Non-Landed Properties,NA,"3,400",40 to 50,500 to 600,Dec-25
PICCADILLY GRAND,NORTHUMBERLAND ROAD,8,Non-Landed Properties,NA,"3,800",40 to 50,500 to 600,Dec-25
RANGOON 88,RANGOON ROAD,8,Non-Landed Properties,1,"3,000",30 to 40,400 to 500,Dec-25
RANGOON 88,RANGOON ROAD,8,Non-Landed Properties,1,"2,800",40 to 50,400 to 500,Dec-25
MERGUI MANSIONS,MERGUI ROAD,8,Non-Landed Properties,3,"4,200",130 to 140,"1,400 to 1,500",Dec-25
MERGUI MANSIONS,MERGUI ROAD,8,Non-Landed Properties,3,"4,200",130 to 140,"1,400 to 1,500",Dec-25
MERGUI MANSIONS,MERGUI ROAD,8,Non-Landed Properties,3,"4,400",130 to 140,"1,400 to 1,500",Dec-25
70@TRURO,TRURO ROAD,8,Non-Landed Properties,3,"4,200",70 to 80,800 to 900,Dec-25
70@TRURO,TRURO ROAD,8,Non-Landed Properties,3,"4,300",70 to 80,800 to 900,Dec-25
NON-LANDED HOUSING DEVELOPMENT,SING AVENUE,8,Non-Landed Properties,NA,"4,500",110 to 120,"1,200 to 1,300",Dec-25
JOOL SUITES,SING JOO WALK,8,Non-Landed Properties,1,"2,800",30 to 40,400 to 500,Dec-25
JOOL SUITES,SING JOO WALK,8,Non-Landed Properties,1,"3,000",30 to 40,400 to 500,Dec-25
JOOL SUITES,SING JOO WALK,8,Non-Landed Properties,1,"2,950",40 to 50,400 to 500,Dec-25
JOOL SUITES,SING JOO WALK,8,Non-Landed Properties,1,"2,950",30 to 40,300 to 400,Dec-25
JOOL SUITES,SING JOO WALK,8,Non-Landed Properties,1,"3,200",40 to 50,400 to 500,Dec-25
STUDIOS @ MARNE,MARNE ROAD,8,Non-Landed Properties,NA,"2,900",40 to 50,500 to 600,Dec-25
VOGX,DORSET ROAD,8,Non-Landed Properties,3,"4,600",100 to 110,"1,100 to 1,200",Dec-25
NON-LANDED HOUSING DEVELOPMENT,TESSENSOHN ROAD,8,Non-Landed Properties,NA,"3,600",110 to 120,"1,100 to 1,200",Dec-25
PRISTINE HEIGHTS,MERGUI ROAD,8,Non-Landed Properties,3,"4,300",70 to 80,800 to 900,Dec-25
HOA NAM BUILDING,FOCH ROAD,8,Non-Landed Properties,2,"2,800",80 to 90,800 to 900,Dec-25
R66 APARTMENTS,RANGOON ROAD,8,Non-Landed Properties,1,"3,100",40 to 50,400 to 500,Dec-25
R66 APARTMENTS,RANGOON ROAD,8,Non-Landed Properties,1,"2,700",50 to 60,600 to 700,Dec-25
NON-LANDED HOUSING DEVELOPMENT,OWEN ROAD,8,Non-Landed Properties,NA,"4,000",120 to 130,"1,300 to 1,400",Dec-25
CLYDES RESIDENCE,MERGUI ROAD,8,Non-Landed Properties,2,"4,000",90 to 100,"1,000 to 1,100",Dec-25
KERRISDALE,STURDEE ROAD,8,Non-Landed Properties,4,"6,800",130 to 140,"1,400 to 1,500",Nov-25
KERRISDALE,STURDEE ROAD,8,Non-Landed Properties,4,"6,400",130 to 140,"1,400 to 1,500",Nov-25
KERRISDALE,STURDEE ROAD,8,Non-Landed Properties,2,"5,100",90 to 100,"900 to 1,000",Nov-25
KERRISDALE,STURDEE ROAD,8,Non-Landed Properties,3,"5,400",110 to 120,"1,200 to 1,300",Nov-25
KERRISDALE,STURDEE ROAD,8,Non-Landed Properties,3,"6,000",110 to 120,"1,200 to 1,300",Nov-25
KERRISDALE,STURDEE ROAD,8,Non-Landed Properties,3,"6,000",110 to 120,"1,200 to 1,300",Nov-25
KERRISDALE,STURDEE ROAD,8,Non-Landed Properties,3,"5,700",110 to 120,"1,200 to 1,300",Nov-25
KERRISDALE,STURDEE ROAD,8,Non-Landed Properties,2,"5,200",90 to 100,"900 to 1,000",Nov-25
CITY SQUARE RESIDENCES,KITCHENER LINK,8,Non-Landed Properties,2,"4,550",70 to 80,800 to 900,Nov-25
CITY SQUARE RESIDENCES,KITCHENER LINK,8,Non-Landed Properties,1,"3,300",50 to 60,500 to 600,Nov-25
CITY SQUARE RESIDENCES,KITCHENER LINK,8,Non-Landed Properties,2,"4,700",70 to 80,800 to 900,Nov-25
CITY SQUARE RESIDENCES,KITCHENER LINK,8,Non-Landed Properties,2,"4,500",70 to 80,800 to 900,Nov-25
CITY SQUARE RESIDENCES,KITCHENER LINK,8,Non-Landed Properties,3,"5,850",110 to 120,"1,200 to 1,300",Nov-25
CITY SQUARE RESIDENCES,KITCHENER LINK,8,Non-Landed Properties,1,"3,600",50 to 60,500 to 600,Nov-25
CITY SQUARE RESIDENCES,KITCHENER LINK,8,Non-Landed Properties,2,"4,800",70 to 80,800 to 900,Nov-25
CITY SQUARE RESIDENCES,KITCHENER LINK,8,Non-Landed Properties,3,"6,600",110 to 120,"1,200 to 1,300",Nov-25
CITY SQUARE RESIDENCES,KITCHENER LINK,8,Non-Landed Properties,2,"3,010",70 to 80,800 to 900,Nov-25
CITY SQUARE RESIDENCES,KITCHENER LINK,8,Non-Landed Properties,1,"3,500",50 to 60,500 to 600,Nov-25
CITY SQUARE RESIDENCES,KITCHENER LINK,8,Non-Landed Properties,3,"6,600",110 to 120,"1,200 to 1,300",Nov-25
CITY SQUARE RESIDENCES,KITCHENER LINK,8,Non-Landed Properties,3,"6,300",110 to 120,"1,200 to 1,300",Nov-25
CITY SQUARE RESIDENCES,KITCHENER LINK,8,Non-Landed Properties,4,"7,000",140 to 150,"1,500 to 1,600",Nov-25
CITY SQUARE RESIDENCES,KITCHENER LINK,8,Non-Landed Properties,2,"4,650",70 to 80,800 to 900,Nov-25
CITY SQUARE RESIDENCES,KITCHENER LINK,8,Non-Landed Properties,2,"4,600",70 to 80,800 to 900,Nov-25
CITY SQUARE RESIDENCES,KITCHENER LINK,8,Non-Landed Properties,1,"3,500",50 to 60,500 to 600,Nov-25
CITY SQUARE RESIDENCES,KITCHENER LINK,8,Non-Landed Properties,3,"6,300",110 to 120,"1,200 to 1,300",Nov-25
CITY SQUARE RESIDENCES,KITCHENER LINK,8,Non-Landed Properties,4,"8,000",130 to 140,"1,500 to 1,600",Nov-25
CITY SQUARE RESIDENCES,KITCHENER LINK,8,Non-Landed Properties,2,"4,800",80 to 90,800 to 900,Nov-25
CITY SQUARE RESIDENCES,KITCHENER LINK,8,Non-Landed Properties,2,"4,200",80 to 90,800 to 900,Nov-25
CITY SQUARE RESIDENCES,KITCHENER LINK,8,Non-Landed Properties,1,"3,400",50 to 60,500 to 600,Nov-25
CITY SQUARE RESIDENCES,KITCHENER LINK,8,Non-Landed Properties,1,"3,550",50 to 60,500 to 600,Nov-25
CITY SQUARE RESIDENCES,KITCHENER LINK,8,Non-Landed Properties,3,"4,500",110 to 120,"1,200 to 1,300",Nov-25
CITY SQUARE RESIDENCES,KITCHENER LINK,8,Non-Landed Properties,3,"6,100",110 to 120,"1,200 to 1,300",Nov-25
CITY SQUARE RESIDENCES,KITCHENER LINK,8,Non-Landed Properties,2,"4,100",70 to 80,800 to 900,Nov-25
CITY SQUARE RESIDENCES,KITCHENER LINK,8,Non-Landed Properties,1,"4,000",60 to 70,600 to 700,Nov-25
CITY SQUARE RESIDENCES,KITCHENER LINK,8,Non-Landed Properties,3,"7,000",110 to 120,"1,100 to 1,200",Nov-25
STURDEE RESIDENCES,BEATTY ROAD,8,Non-Landed Properties,3,"5,300",70 to 80,800 to 900,Nov-25
STURDEE RESIDENCES,BEATTY ROAD,8,Non-Landed Properties,3,"5,800",90 to 100,"1,000 to 1,100",Nov-25
STURDEE RESIDENCES,BEATTY ROAD,8,Non-Landed Properties,1,"3,200",30 to 40,400 to 500,Nov-25
STURDEE RESIDENCES,BEATTY ROAD,8,Non-Landed Properties,2,"4,800",60 to 70,600 to 700,Nov-25
STURDEE RESIDENCES,BEATTY ROAD,8,Non-Landed Properties,1,"3,250",30 to 40,400 to 500,Nov-25
STURDEE RESIDENCES,BEATTY ROAD,8,Non-Landed Properties,1,"3,200",30 to 40,400 to 500,Nov-25
STURDEE RESIDENCES,BEATTY ROAD,8,Non-Landed Properties,1,"3,500",30 to 40,400 to 500,Nov-25
PARC SOMME,SOMME ROAD,8,Non-Landed Properties,2,"3,500",50 to 60,600 to 700,Nov-25
PARC SOMME,SOMME ROAD,8,Non-Landed Properties,2,"3,600",50 to 60,500 to 600,Nov-25
PARC SOMME,SOMME ROAD,8,Non-Landed Properties,2,"4,100",100 to 110,"1,000 to 1,100",Nov-25
NON-LANDED HOUSING DEVELOPMENT,RACE COURSE ROAD,8,Non-Landed Properties,NA,"2,200",30 to 40,300 to 400,Nov-25
NON-LANDED HOUSING DEVELOPMENT,CARLISLE ROAD,8,Non-Landed Properties,NA,"2,100",80 to 90,"900 to 1,000",Nov-25
CHERRYLOFT,RANGOON ROAD,8,Non-Landed Properties,NA,"2,100",20 to 30,300 to 400,Nov-25
CHERRYLOFT,RANGOON ROAD,8,Non-Landed Properties,NA,"2,200",20 to 30,300 to 400,Nov-25
CHERRYLOFT,RANGOON ROAD,8,Non-Landed Properties,NA,"2,200",20 to 30,300 to 400,Nov-25
CHERRYLOFT,RANGOON ROAD,8,Non-Landed Properties,NA,"2,000",20 to 30,300 to 400,Nov-25
CHERRYLOFT,RANGOON ROAD,8,Non-Landed Properties,NA,"2,200",20 to 30,300 to 400,Nov-25
CHERRYLOFT,RANGOON ROAD,8,Non-Landed Properties,NA,"2,000",20 to 30,300 to 400,Nov-25
TYRWHITT 139,TYRWHITT ROAD,8,Non-Landed Properties,2,"3,600",40 to 50,500 to 600,Nov-25
TYRWHITT 139,TYRWHITT ROAD,8,Non-Landed Properties,2,"4,500",80 to 90,"900 to 1,000",Nov-25
LE SOMME,SOMME ROAD,8,Non-Landed Properties,1,"3,100",40 to 50,500 to 600,Nov-25
KENG LEE COURT,KENG LEE ROAD,8,Non-Landed Properties,1,"2,700",40 to 50,400 to 500,Nov-25
CITY LOFT,RACE COURSE ROAD,8,Non-Landed Properties,1,"2,850",30 to 40,300 to 400,Nov-25
SOHO 188,RACE COURSE ROAD,8,Non-Landed Properties,1,"3,400",30 to 40,300 to 400,Nov-25
SOHO 188,RACE COURSE ROAD,8,Non-Landed Properties,1,"2,800",30 to 40,300 to 400,Nov-25
UPTOWN @ FARRER,PERUMAL ROAD,8,Non-Landed Properties,3,"6,500",90 to 100,"1,000 to 1,100",Nov-25
UPTOWN @ FARRER,PERUMAL ROAD,8,Non-Landed Properties,2,"3,750",40 to 50,500 to 600,Nov-25
UPTOWN @ FARRER,PERUMAL ROAD,8,Non-Landed Properties,2,"3,500",40 to 50,500 to 600,Nov-25
THE URBANITE,HERTFORD ROAD,8,Non-Landed Properties,1,"2,800",40 to 50,400 to 500,Nov-25
THE URBANITE,HERTFORD ROAD,8,Non-Landed Properties,2,"3,300",60 to 70,600 to 700,Nov-25
1953,TESSENSOHN ROAD,8,Non-Landed Properties,1,"2,800",40 to 50,500 to 600,Nov-25
1953,TESSENSOHN ROAD,8,Non-Landed Properties,NA,"2,700",40 to 50,400 to 500,Nov-25
THE CITRON RESIDENCES,MARNE ROAD,8,Non-Landed Properties,2,"4,000",60 to 70,600 to 700,Nov-25
THE CITRON RESIDENCES,MARNE ROAD,8,Non-Landed Properties,1,"3,000",30 to 40,400 to 500,Nov-25
THE CITRON RESIDENCES,MARNE ROAD,8,Non-Landed Properties,1,"2,900",30 to 40,300 to 400,Nov-25
THE CITRON RESIDENCES,MARNE ROAD,8,Non-Landed Properties,3,"5,000",80 to 90,"900 to 1,000",Nov-25
CITIGATE RESIDENCE,RANGOON ROAD,8,Non-Landed Properties,1,"3,300",40 to 50,500 to 600,Nov-25
CITIGATE RESIDENCE,RANGOON ROAD,8,Non-Landed Properties,1,"3,500",50 to 60,500 to 600,Nov-25
STURDEE VIEW,STURDEE ROAD NORTH,8,Non-Landed Properties,3,"5,200",130 to 140,"1,400 to 1,500",Nov-25
FARRER PARK SUITES,OWEN ROAD,8,Non-Landed Properties,NA,"2,590",30 to 40,400 to 500,Nov-25
OXFORD SUITES,OXFORD ROAD,8,Non-Landed Properties,1,"3,100",60 to 70,600 to 700,Nov-25
OXFORD SUITES,OXFORD ROAD,8,Non-Landed Properties,1,"3,200",60 to 70,600 to 700,Nov-25
RACE COURSE RD/OWEN RD CON AREA,RACE COURSE ROAD,8,Non-Landed Properties,NA,"4,800",50 to 60,600 to 700,Nov-25
THE MERLOT,KENG LEE ROAD,8,Non-Landed Properties,3,"4,750",100 to 110,"1,000 to 1,100",Nov-25
MAPLE LEAF ELITE 1,RANGOON ROAD,8,Non-Landed Properties,2,"4,800",80 to 90,"900 to 1,000",Nov-25
MAPLE LEAF ELITE 1,RANGOON ROAD,8,Non-Landed Properties,3,"6,200",110 to 120,"1,100 to 1,200",Nov-25
CITYLIGHTS,JELLICOE ROAD,8,Non-Landed Properties,4,"13,000",>300,>3000,Nov-25
CITYLIGHTS,JELLICOE ROAD,8,Non-Landed Properties,2,"5,400",80 to 90,"900 to 1,000",Nov-25
CITYLIGHTS,JELLICOE ROAD,8,Non-Landed Properties,1,"4,000",60 to 70,700 to 800,Nov-25
CITYLIGHTS,JELLICOE ROAD,8,Non-Landed Properties,2,"5,400",80 to 90,800 to 900,Nov-25
CITYLIGHTS,JELLICOE ROAD,8,Non-Landed Properties,1,"3,800",50 to 60,500 to 600,Nov-25
CITYLIGHTS,JELLICOE ROAD,8,Non-Landed Properties,4,"10,000",170 to 180,"1,900 to 2,000",Nov-25
CITYLIGHTS,JELLICOE ROAD,8,Non-Landed Properties,2,"5,000",80 to 90,"900 to 1,000",Nov-25
CITYLIGHTS,JELLICOE ROAD,8,Non-Landed Properties,2,"5,400",80 to 90,"900 to 1,000",Nov-25
CITYLIGHTS,JELLICOE ROAD,8,Non-Landed Properties,2,"4,700",80 to 90,800 to 900,Nov-25
CITYLIGHTS,JELLICOE ROAD,8,Non-Landed Properties,2,"4,800",80 to 90,800 to 900,Nov-25
CITYLIGHTS,JELLICOE ROAD,8,Non-Landed Properties,2,"4,800",80 to 90,800 to 900,Nov-25
CITYLIGHTS,JELLICOE ROAD,8,Non-Landed Properties,3,"6,300",120 to 130,"1,300 to 1,400",Nov-25
CITYLIGHTS,JELLICOE ROAD,8,Non-Landed Properties,3,"6,500",130 to 140,"1,400 to 1,500",Nov-25
NON-LANDED HOUSING DEVELOPMENT,JALAN BESAR,8,Non-Landed Properties,NA,"4,200",90 to 100,"1,000 to 1,100",Nov-25
URBAN LOFTS,RANGOON ROAD,8,Non-Landed Properties,1,"3,200",60 to 70,600 to 700,Nov-25
RESIDENCES @ SOMME,PETAIN ROAD,8,Non-Landed Properties,1,"2,750",40 to 50,500 to 600,Nov-25
FORTE SUITES,MERGUI ROAD,8,Non-Landed Properties,1,"2,950",40 to 50,400 to 500,Nov-25
FORTE SUITES,MERGUI ROAD,8,Non-Landed Properties,2,"3,500",50 to 60,600 to 700,Nov-25
FORTE SUITES,MERGUI ROAD,8,Non-Landed Properties,2,"3,500",50 to 60,600 to 700,Nov-25
FORTE SUITES,MERGUI ROAD,8,Non-Landed Properties,2,"3,800",50 to 60,600 to 700,Nov-25
CAVAN SUITES,CAVAN ROAD,8,Non-Landed Properties,NA,"2,600",40 to 50,400 to 500,Nov-25
CITYSCAPE @FARRER PARK,MERGUI ROAD,8,Non-Landed Properties,2,"4,500",90 to 100,"1,000 to 1,100",Nov-25
CITYSCAPE @FARRER PARK,MERGUI ROAD,8,Non-Landed Properties,2,"4,500",90 to 100,"1,000 to 1,100",Nov-25
CITYSCAPE @FARRER PARK,MERGUI ROAD,8,Non-Landed Properties,3,"6,000",120 to 130,"1,300 to 1,400",Nov-25
CITYSCAPE @FARRER PARK,MERGUI ROAD,8,Non-Landed Properties,2,"4,700",90 to 100,"1,000 to 1,100",Nov-25
CITYSCAPE @FARRER PARK,MERGUI ROAD,8,Non-Landed Properties,2,"4,250",100 to 110,"1,100 to 1,200",Nov-25
CITYSCAPE @FARRER PARK,MERGUI ROAD,8,Non-Landed Properties,3,"5,200",130 to 140,"1,400 to 1,500",Nov-25
CITYSCAPE @FARRER PARK,MERGUI ROAD,8,Non-Landed Properties,3,"5,900",120 to 130,"1,300 to 1,400",Nov-25
SPA BUILDING,VERDUN ROAD,8,Non-Landed Properties,2,"5,000",160 to 170,"1,700 to 1,800",Nov-25
28 RC SUITES,RACE COURSE LANE,8,Non-Landed Properties,1,"3,000",30 to 40,400 to 500,Nov-25
28 RC SUITES,RACE COURSE LANE,8,Non-Landed Properties,1,"2,700",30 to 40,400 to 500,Nov-25
SAM LEONG MANSION,SAM LEONG ROAD,8,Non-Landed Properties,NA,"4,000",90 to 100,"1,000 to 1,100",Nov-25
KENTISH COURT,OXFORD ROAD,8,Non-Landed Properties,3,"5,000",110 to 120,"1,200 to 1,300",Nov-25
KENTISH COURT,OXFORD ROAD,8,Non-Landed Properties,2,"4,200",90 to 100,"1,000 to 1,100",Nov-25
PICCADILLY GRAND,NORTHUMBERLAND ROAD,8,Non-Landed Properties,NA,"5,300",60 to 70,700 to 800,Nov-25
PICCADILLY GRAND,NORTHUMBERLAND ROAD,8,Non-Landed Properties,NA,"6,500",100 to 110,"1,000 to 1,100",Nov-25
PICCADILLY GRAND,NORTHUMBERLAND ROAD,8,Non-Landed Properties,NA,"3,500",40 to 50,400 to 500,Nov-25
PICCADILLY GRAND,NORTHUMBERLAND ROAD,8,Non-Landed Properties,NA,"3,400",40 to 50,400 to 500,Nov-25
PICCADILLY GRAND,NORTHUMBERLAND ROAD,8,Non-Landed Properties,NA,"3,800",50 to 60,600 to 700,Nov-25
PICCADILLY GRAND,NORTHUMBERLAND ROAD,8,Non-Landed Properties,NA,"3,500",40 to 50,400 to 500,Nov-25
PICCADILLY GRAND,NORTHUMBERLAND ROAD,8,Non-Landed Properties,NA,"3,500",40 to 50,400 to 500,Nov-25
PICCADILLY GRAND,NORTHUMBERLAND ROAD,8,Non-Landed Properties,NA,"3,550",40 to 50,400 to 500,Nov-25
PICCADILLY GRAND,NORTHUMBERLAND ROAD,8,Non-Landed Properties,NA,"3,500",40 to 50,400 to 500,Nov-25
PICCADILLY GRAND,NORTHUMBERLAND ROAD,8,Non-Landed Properties,NA,"3,700",40 to 50,400 to 500,Nov-25
RANGOON 88,RANGOON ROAD,8,Non-Landed Properties,1,"3,000",30 to 40,400 to 500,Nov-25
RANGOON 88,RANGOON ROAD,8,Non-Landed Properties,1,"3,400",60 to 70,600 to 700,Nov-25
RANGOON 88,RANGOON ROAD,8,Non-Landed Properties,2,"4,700",120 to 130,"1,300 to 1,400",Nov-25
RANGOON 88,RANGOON ROAD,8,Non-Landed Properties,1,"3,150",60 to 70,600 to 700,Nov-25
RANGOON 88,RANGOON ROAD,8,Non-Landed Properties,1,"2,850",30 to 40,400 to 500,Nov-25
RITZ @ FARRER,RACE COURSE ROAD,8,Non-Landed Properties,1,"4,000",50 to 60,500 to 600,Nov-25
JOOL SUITES,SING JOO WALK,8,Non-Landed Properties,1,"3,000",30 to 40,300 to 400,Nov-25
JOOL SUITES,SING JOO WALK,8,Non-Landed Properties,1,"3,600",40 to 50,400 to 500,Nov-25
JOOL SUITES,SING JOO WALK,8,Non-Landed Properties,1,"2,950",30 to 40,400 to 500,Nov-25
JOOL SUITES,SING JOO WALK,8,Non-Landed Properties,1,"2,800",30 to 40,400 to 500,Nov-25
KENTISH LODGE,OXFORD ROAD,8,Non-Landed Properties,2,"4,000",100 to 110,"1,100 to 1,200",Nov-25
STUDIOS @ MARNE,MARNE ROAD,8,Non-Landed Properties,NA,"3,900",80 to 90,800 to 900,Nov-25
STUDIOS @ MARNE,MARNE ROAD,8,Non-Landed Properties,NA,"3,450",40 to 50,500 to 600,Nov-25
STUDIOS @ MARNE,MARNE ROAD,8,Non-Landed Properties,NA,"3,300",40 to 50,500 to 600,Nov-25
VOGX,DORSET ROAD,8,Non-Landed Properties,3,"5,500",190 to 200,"2,000 to 2,100",Nov-25
NON-LANDED HOUSING DEVELOPMENT,RANGOON ROAD,8,Non-Landed Properties,NA,"6,000",160 to 170,"1,800 to 1,900",Nov-25
NON-LANDED HOUSING DEVELOPMENT,BEATTY ROAD,8,Non-Landed Properties,NA,"3,300",80 to 90,"900 to 1,000",Nov-25
R66 APARTMENTS,RANGOON ROAD,8,Non-Landed Properties,1,"2,900",50 to 60,600 to 700,Nov-25
NON-LANDED HOUSING DEVELOPMENT,OWEN ROAD,8,Non-Landed Properties,NA,"6,000",>300,>3000,Nov-25
KENT RESIDENCES,KENT ROAD,8,Non-Landed Properties,1,"2,500",30 to 40,400 to 500,Nov-25
CLYDES RESIDENCE,MERGUI ROAD,8,Non-Landed Properties,2,"4,200",90 to 100,"1,000 to 1,100",Nov-25
FUQING BUILDING,ALLENBY ROAD,8,Non-Landed Properties,NA,"5,000",100 to 110,"1,100 to 1,200",Oct-25
FUQING BUILDING,ALLENBY ROAD,8,Non-Landed Properties,NA,"5,000",100 to 110,"1,100 to 1,200",Oct-25
FUQING BUILDING,ALLENBY ROAD,8,Non-Landed Properties,NA,"5,000",100 to 110,"1,100 to 1,200",Oct-25
FUQING BUILDING,ALLENBY ROAD,8,Non-Landed Properties,NA,"5,000",100 to 110,"1,100 to 1,200",Oct-25
MAPLE LEAF ELITE 2,RANGOON ROAD,8,Non-Landed Properties,3,"6,000",100 to 110,"1,100 to 1,200",Oct-25
KERRISDALE,STURDEE ROAD,8,Non-Landed Properties,4,"7,200",130 to 140,"1,400 to 1,500",Oct-25
KERRISDALE,STURDEE ROAD,8,Non-Landed Properties,3,"5,100",110 to 120,"1,200 to 1,300",Oct-25
KERRISDALE,STURDEE ROAD,8,Non-Landed Properties,3,"5,400",110 to 120,"1,200 to 1,300",Oct-25
KERRISDALE,STURDEE ROAD,8,Non-Landed Properties,3,"5,800",110 to 120,"1,200 to 1,300",Oct-25
KERRISDALE,STURDEE ROAD,8,Non-Landed Properties,3,"5,800",110 to 120,"1,200 to 1,300",Oct-25
CITY SQUARE RESIDENCES,KITCHENER LINK,8,Non-Landed Properties,1,"3,600",50 to 60,500 to 600,Oct-25
CITY SQUARE RESIDENCES,KITCHENER LINK,8,Non-Landed Properties,1,"3,350",50 to 60,500 to 600,Oct-25
CITY SQUARE RESIDENCES,KITCHENER LINK,8,Non-Landed Properties,2,"4,600",70 to 80,800 to 900,Oct-25
CITY SQUARE RESIDENCES,KITCHENER LINK,8,Non-Landed Properties,4,"6,400",140 to 150,"1,500 to 1,600",Oct-25
CITY SQUARE RESIDENCES,KITCHENER LINK,8,Non-Landed Properties,1,"3,500",50 to 60,500 to 600,Oct-25
CITY SQUARE RESIDENCES,KITCHENER LINK,8,Non-Landed Properties,4,"7,600",140 to 150,"1,500 to 1,600",Oct-25
CITY SQUARE RESIDENCES,KITCHENER LINK,8,Non-Landed Properties,4,"7,500",140 to 150,"1,500 to 1,600",Oct-25
CITY SQUARE RESIDENCES,KITCHENER LINK,8,Non-Landed Properties,2,"4,300",70 to 80,800 to 900,Oct-25
CITY SQUARE RESIDENCES,KITCHENER LINK,8,Non-Landed Properties,1,"3,400",50 to 60,500 to 600,Oct-25
CITY SQUARE RESIDENCES,KITCHENER LINK,8,Non-Landed Properties,2,"4,300",70 to 80,800 to 900,Oct-25
CITY SQUARE RESIDENCES,KITCHENER LINK,8,Non-Landed Properties,4,"7,250",140 to 150,"1,500 to 1,600",Oct-25
CITY SQUARE RESIDENCES,KITCHENER LINK,8,Non-Landed Properties,1,"3,800",50 to 60,500 to 600,Oct-25
CITY SQUARE RESIDENCES,KITCHENER LINK,8,Non-Landed Properties,2,"4,200",80 to 90,800 to 900,Oct-25
CITY SQUARE RESIDENCES,KITCHENER LINK,8,Non-Landed Properties,3,"6,000",110 to 120,"1,200 to 1,300",Oct-25
CITY SQUARE RESIDENCES,KITCHENER LINK,8,Non-Landed Properties,3,"5,400",110 to 120,"1,200 to 1,300",Oct-25
CITY SQUARE RESIDENCES,KITCHENER LINK,8,Non-Landed Properties,3,"6,500",110 to 120,"1,200 to 1,300",Oct-25
CITY SQUARE RESIDENCES,KITCHENER LINK,8,Non-Landed Properties,1,"3,500",50 to 60,500 to 600,Oct-25
CITY SQUARE RESIDENCES,KITCHENER LINK,8,Non-Landed Properties,3,"5,800",110 to 120,"1,100 to 1,200",Oct-25
CITY SQUARE RESIDENCES,KITCHENER LINK,8,Non-Landed Properties,3,"6,200",110 to 120,"1,200 to 1,300",Oct-25
HERTFORD MANSION,HERTFORD ROAD,8,Non-Landed Properties,NA,"4,600",110 to 120,"1,200 to 1,300",Oct-25
STURDEE RESIDENCES,BEATTY ROAD,8,Non-Landed Properties,3,"6,400",90 to 100,"1,000 to 1,100",Oct-25
STURDEE RESIDENCES,BEATTY ROAD,8,Non-Landed Properties,2,"4,250",60 to 70,600 to 700,Oct-25
STURDEE RESIDENCES,BEATTY ROAD,8,Non-Landed Properties,3,"5,500",90 to 100,"1,000 to 1,100",Oct-25
STURDEE RESIDENCES,BEATTY ROAD,8,Non-Landed Properties,4,"7,600",120 to 130,"1,300 to 1,400",Oct-25
STURDEE RESIDENCES,BEATTY ROAD,8,Non-Landed Properties,1,"3,300",30 to 40,400 to 500,Oct-25
STURDEE RESIDENCES,BEATTY ROAD,8,Non-Landed Properties,1,"3,400",30 to 40,400 to 500,Oct-25
STURDEE RESIDENCES,BEATTY ROAD,8,Non-Landed Properties,2,"3,900",50 to 60,500 to 600,Oct-25
STURDEE RESIDENCES,BEATTY ROAD,8,Non-Landed Properties,1,"3,300",30 to 40,400 to 500,Oct-25
STURDEE RESIDENCES,BEATTY ROAD,8,Non-Landed Properties,1,"3,750",30 to 40,400 to 500,Oct-25
LOFT @ RANGOON,RANGOON ROAD,8,Non-Landed Properties,2,"4,500",70 to 80,800 to 900,Oct-25
LOFT @ RANGOON,RANGOON ROAD,8,Non-Landed Properties,1,"2,700",30 to 40,400 to 500,Oct-25
JALAN BESAR PLAZA,KITCHENER ROAD,8,Non-Landed Properties,2,"3,200",80 to 90,"900 to 1,000",Oct-25
JALAN BESAR PLAZA,KITCHENER ROAD,8,Non-Landed Properties,4,"5,350",140 to 150,"1,500 to 1,600",Oct-25
JALAN BESAR PLAZA,KITCHENER ROAD,8,Non-Landed Properties,4,"5,200",140 to 150,"1,500 to 1,600",Oct-25
NON-LANDED HOUSING DEVELOPMENT,PENHAS ROAD,8,Non-Landed Properties,NA,"3,750",100 to 110,"1,100 to 1,200",Oct-25
NON-LANDED HOUSING DEVELOPMENT,PENHAS ROAD,8,Non-Landed Properties,NA,"4,000",100 to 110,"1,100 to 1,200",Oct-25
SUITES @ OWEN,OWEN ROAD,8,Non-Landed Properties,1,"2,550",30 to 40,300 to 400,Oct-25
SUITES @ OWEN,OWEN ROAD,8,Non-Landed Properties,2,"3,700",80 to 90,800 to 900,Oct-25
NON-LANDED HOUSING DEVELOPMENT,CARLISLE ROAD,8,Non-Landed Properties,NA,"2,100",80 to 90,"900 to 1,000",Oct-25
CARLYX GREEN,CARLISLE ROAD,8,Non-Landed Properties,2,"3,200",50 to 60,600 to 700,Oct-25
8 FARRER SUITES,SING JOO WALK,8,Non-Landed Properties,2,"3,750",50 to 60,500 to 600,Oct-25
8 FARRER SUITES,SING JOO WALK,8,Non-Landed Properties,2,"3,800",50 to 60,600 to 700,Oct-25
CHERRYLOFT,RANGOON ROAD,8,Non-Landed Properties,NA,"2,300",20 to 30,300 to 400,Oct-25
CHERRYLOFT,RANGOON ROAD,8,Non-Landed Properties,NA,"2,200",20 to 30,300 to 400,Oct-25
CHERRYLOFT,RANGOON ROAD,8,Non-Landed Properties,NA,"2,100",20 to 30,300 to 400,Oct-25
TYRWHITT 139,TYRWHITT ROAD,8,Non-Landed Properties,2,"4,700",80 to 90,"900 to 1,000",Oct-25
NON-LANDED HOUSING DEVELOPMENT,HAMILTON ROAD,8,Non-Landed Properties,NA,"4,050",110 to 120,"1,200 to 1,300",Oct-25
CITY LOFT,RACE COURSE ROAD,8,Non-Landed Properties,1,"2,600",30 to 40,300 to 400,Oct-25
CITY LOFT,RACE COURSE ROAD,8,Non-Landed Properties,1,"2,800",30 to 40,400 to 500,Oct-25
SUITES 123,RANGOON ROAD,8,Non-Landed Properties,1,"3,500",50 to 60,500 to 600,Oct-25
SUITES 123,RANGOON ROAD,8,Non-Landed Properties,1,"3,700",50 to 60,500 to 600,Oct-25
SOHO 188,RACE COURSE ROAD,8,Non-Landed Properties,1,"3,100",30 to 40,300 to 400,Oct-25
SOHO 188,RACE COURSE ROAD,8,Non-Landed Properties,1,"3,400",40 to 50,500 to 600,Oct-25
CAMBRIDGE VILLAGE,CAMBRIDGE ROAD,8,Non-Landed Properties,4,"5,000",140 to 150,"1,500 to 1,600",Oct-25
UPTOWN @ FARRER,PERUMAL ROAD,8,Non-Landed Properties,2,"3,800",40 to 50,500 to 600,Oct-25
UPTOWN @ FARRER,PERUMAL ROAD,8,Non-Landed Properties,3,"5,200",60 to 70,600 to 700,Oct-25
THE URBANITE,HERTFORD ROAD,8,Non-Landed Properties,3,"5,200",110 to 120,"1,200 to 1,300",Oct-25
1953,TESSENSOHN ROAD,8,Non-Landed Properties,NA,"2,800",40 to 50,400 to 500,Oct-25
1953,TESSENSOHN ROAD,8,Non-Landed Properties,1,"3,550",50 to 60,500 to 600,Oct-25
1953,TESSENSOHN ROAD,8,Non-Landed Properties,1,"3,600",50 to 60,600 to 700,Oct-25
CARLYX RESIDENCE,CARLISLE ROAD,8,Non-Landed Properties,2,"4,400",90 to 100,"1,000 to 1,100",Oct-25
CITIGATE RESIDENCE,RANGOON ROAD,8,Non-Landed Properties,2,"3,600",70 to 80,800 to 900,Oct-25
OXFORD SUITES,OXFORD ROAD,8,Non-Landed Properties,NA,"4,200",80 to 90,800 to 900,Oct-25
NON-LANDED HOUSING DEVELOPMENT,TYRWHITT ROAD,8,Non-Landed Properties,NA,"5,500",80 to 90,800 to 900,Oct-25
MAPLE LEAF ELITE 1,RANGOON ROAD,8,Non-Landed Properties,1,"3,600",50 to 60,600 to 700,Oct-25
MAPLE LEAF ELITE 1,RANGOON ROAD,8,Non-Landed Properties,1,"3,000",40 to 50,400 to 500,Oct-25
MAPLE LEAF ELITE 1,RANGOON ROAD,8,Non-Landed Properties,2,"5,000",80 to 90,"900 to 1,000",Oct-25
CITYLIGHTS,JELLICOE ROAD,8,Non-Landed Properties,1,"3,900",60 to 70,600 to 700,Oct-25
CITYLIGHTS,JELLICOE ROAD,8,Non-Landed Properties,1,"4,000",50 to 60,500 to 600,Oct-25
CITYLIGHTS,JELLICOE ROAD,8,Non-Landed Properties,1,"4,100",60 to 70,600 to 700,Oct-25
CITYLIGHTS,JELLICOE ROAD,8,Non-Landed Properties,3,"9,500",170 to 180,"1,800 to 1,900",Oct-25
CITYLIGHTS,JELLICOE ROAD,8,Non-Landed Properties,3,"8,500",170 to 180,"1,800 to 1,900",Oct-25
CITYLIGHTS,JELLICOE ROAD,8,Non-Landed Properties,1,"4,200",60 to 70,600 to 700,Oct-25
CITYLIGHTS,JELLICOE ROAD,8,Non-Landed Properties,2,"5,400",80 to 90,800 to 900,Oct-25
CITYLIGHTS,JELLICOE ROAD,8,Non-Landed Properties,2,"4,700",80 to 90,"900 to 1,000",Oct-25
CITYLIGHTS,JELLICOE ROAD,8,Non-Landed Properties,1,"4,200",60 to 70,700 to 800,Oct-25
CITYLIGHTS,JELLICOE ROAD,8,Non-Landed Properties,1,"4,200",60 to 70,700 to 800,Oct-25
CITYLIGHTS,JELLICOE ROAD,8,Non-Landed Properties,1,"4,100",60 to 70,600 to 700,Oct-25
CITYLIGHTS,JELLICOE ROAD,8,Non-Landed Properties,3,"6,200",120 to 130,"1,300 to 1,400",Oct-25
CITYLIGHTS,JELLICOE ROAD,8,Non-Landed Properties,3,"6,000",120 to 130,"1,300 to 1,400",Oct-25
CITYLIGHTS,JELLICOE ROAD,8,Non-Landed Properties,3,"6,600",130 to 140,"1,400 to 1,500",Oct-25
CITYLIGHTS,JELLICOE ROAD,8,Non-Landed Properties,3,"7,000",130 to 140,"1,400 to 1,500",Oct-25
KENTISH GREEN,OXFORD ROAD,8,Non-Landed Properties,3,"4,867",120 to 130,"1,300 to 1,400",Oct-25
KENTISH GREEN,OXFORD ROAD,8,Non-Landed Properties,2,"4,300",100 to 110,"1,000 to 1,100",Oct-25
NON-LANDED HOUSING DEVELOPMENT,JALAN BESAR,8,Non-Landed Properties,NA,"5,700",110 to 120,"1,200 to 1,300",Oct-25
URBAN LOFTS,RANGOON ROAD,8,Non-Landed Properties,1,"2,650",40 to 50,500 to 600,Oct-25
URBAN LOFTS,RANGOON ROAD,8,Non-Landed Properties,1,"2,800",30 to 40,400 to 500,Oct-25
RESIDENCES @ SOMME,PETAIN ROAD,8,Non-Landed Properties,1,"3,100",70 to 80,700 to 800,Oct-25
RESIDENCES @ SOMME,PETAIN ROAD,8,Non-Landed Properties,2,"3,350",60 to 70,600 to 700,Oct-25
FORTE SUITES,MERGUI ROAD,8,Non-Landed Properties,2,"3,300",50 to 60,600 to 700,Oct-25
FORTE SUITES,MERGUI ROAD,8,Non-Landed Properties,1,"2,800",40 to 50,400 to 500,Oct-25
FORTE SUITES,MERGUI ROAD,8,Non-Landed Properties,2,"5,000",100 to 110,"1,100 to 1,200",Oct-25
FORTE SUITES,MERGUI ROAD,8,Non-Landed Properties,2,"4,000",60 to 70,600 to 700,Oct-25
FORTE SUITES,MERGUI ROAD,8,Non-Landed Properties,3,"3,800",50 to 60,600 to 700,Oct-25
FORTE SUITES,MERGUI ROAD,8,Non-Landed Properties,2,"3,900",50 to 60,600 to 700,Oct-25
CITYSCAPE @FARRER PARK,MERGUI ROAD,8,Non-Landed Properties,4,"8,500",270 to 280,>3000,Oct-25
CITYSCAPE @FARRER PARK,MERGUI ROAD,8,Non-Landed Properties,2,"4,650",80 to 90,"900 to 1,000",Oct-25
CITYSCAPE @FARRER PARK,MERGUI ROAD,8,Non-Landed Properties,3,"5,900",110 to 120,"1,200 to 1,300",Oct-25
CITYSCAPE @FARRER PARK,MERGUI ROAD,8,Non-Landed Properties,2,"4,500",100 to 110,"1,100 to 1,200",Oct-25
CITYSCAPE @FARRER PARK,MERGUI ROAD,8,Non-Landed Properties,2,"4,200",90 to 100,"1,000 to 1,100",Oct-25
SPA BUILDING,VERDUN ROAD,8,Non-Landed Properties,4,"3,350",160 to 170,"1,700 to 1,800",Oct-25
SPA BUILDING,VERDUN ROAD,8,Non-Landed Properties,4,"4,952",160 to 170,"1,700 to 1,800",Oct-25
28 RC SUITES,RACE COURSE LANE,8,Non-Landed Properties,1,"3,600",30 to 40,400 to 500,Oct-25
28 RC SUITES,RACE COURSE LANE,8,Non-Landed Properties,1,"2,750",30 to 40,400 to 500,Oct-25
NON-LANDED HOUSING DEVELOPMENT,SERANGOON ROAD,8,Non-Landed Properties,NA,"5,000",100 to 110,"1,100 to 1,200",Oct-25
KENTISH COURT,OXFORD ROAD,8,Non-Landed Properties,2,"4,200",100 to 110,"1,100 to 1,200",Oct-25
KENTISH COURT,OXFORD ROAD,8,Non-Landed Properties,2,"4,000",90 to 100,"1,000 to 1,100",Oct-25
KENTISH COURT,OXFORD ROAD,8,Non-Landed Properties,2,"4,350",90 to 100,"1,000 to 1,100",Oct-25
RANGOON 88,RANGOON ROAD,8,Non-Landed Properties,1,"3,200",50 to 60,600 to 700,Oct-25
RANGOON 88,RANGOON ROAD,8,Non-Landed Properties,1,"2,900",40 to 50,400 to 500,Oct-25
HERTFORD MANSION,BRISTOL ROAD,8,Non-Landed Properties,NA,"5,000",110 to 120,"1,200 to 1,300",Oct-25
MERGUI MANSIONS,MERGUI ROAD,8,Non-Landed Properties,3,"4,050",130 to 140,"1,400 to 1,500",Oct-25
70@TRURO,TRURO ROAD,8,Non-Landed Properties,3,"4,300",70 to 80,800 to 900,Oct-25
RITZ @ FARRER,RACE COURSE ROAD,8,Non-Landed Properties,1,"4,200",70 to 80,700 to 800,Oct-25
RITZ @ FARRER,RACE COURSE ROAD,8,Non-Landed Properties,1,"3,800",70 to 80,700 to 800,Oct-25
RITZ @ FARRER,RACE COURSE ROAD,8,Non-Landed Properties,1,"3,150",50 to 60,500 to 600,Oct-25
KENTISH LODGE,OXFORD ROAD,8,Non-Landed Properties,2,"3,300",90 to 100,"1,000 to 1,100",Oct-25
HERTFORD COLLECTION,HERTFORD ROAD,8,Non-Landed Properties,2,"4,400",100 to 110,"1,100 to 1,200",Oct-25
STUDIOS @ MARNE,MARNE ROAD,8,Non-Landed Properties,NA,"3,800",50 to 60,500 to 600,Oct-25
STUDIOS @ MARNE,MARNE ROAD,8,Non-Landed Properties,NA,"3,700",50 to 60,500 to 600,Oct-25
STUDIOS @ MARNE,MARNE ROAD,8,Non-Landed Properties,NA,"3,300",50 to 60,500 to 600,Oct-25
STUDIOS @ MARNE,MARNE ROAD,8,Non-Landed Properties,NA,"2,950",40 to 50,400 to 500,Oct-25
NON-LANDED HOUSING DEVELOPMENT,TESSENSOHN ROAD,8,Non-Landed Properties,NA,"7,000",230 to 240,"2,500 to 2,600",Oct-25
PRISTINE HEIGHTS,MERGUI ROAD,8,Non-Landed Properties,3,"4,100",70 to 80,800 to 900,Oct-25
PRISTINE HEIGHTS,MERGUI ROAD,8,Non-Landed Properties,2,"4,000",60 to 70,700 to 800,Oct-25
PRISTINE HEIGHTS,MERGUI ROAD,8,Non-Landed Properties,3,"4,200",70 to 80,800 to 900,Oct-25
HOA NAM BUILDING,FOCH ROAD,8,Non-Landed Properties,2,"3,000",70 to 80,800 to 900,Oct-25
NON-LANDED HOUSING DEVELOPMENT,BEATTY ROAD,8,Non-Landed Properties,NA,"4,600",130 to 140,"1,400 to 1,500",Oct-25
NON-LANDED HOUSING DEVELOPMENT,FLANDERS SQUARE,8,Non-Landed Properties,NA,"4,500",90 to 100,"1,000 to 1,100",Oct-25
CLYDES RESIDENCE,MERGUI ROAD,8,Non-Landed Properties,2,"4,000",90 to 100,"1,000 to 1,100",Oct-25
CLYDES RESIDENCE,MERGUI ROAD,8,Non-Landed Properties,2,"4,400",90 to 100,"1,000 to 1,100",Oct-25
CITY SQUARE RESIDENCES,KITCHENER LINK,8,Non-Landed Properties,2,"4,600",70 to 80,800 to 900,Sep-25
CITY SQUARE RESIDENCES,KITCHENER LINK,8,Non-Landed Properties,2,"4,600",70 to 80,800 to 900,Sep-25
CITY SQUARE RESIDENCES,KITCHENER LINK,8,Non-Landed Properties,4,"7,800",140 to 150,"1,500 to 1,600",Sep-25
CITY SQUARE RESIDENCES,KITCHENER LINK,8,Non-Landed Properties,1,"3,350",50 to 60,500 to 600,Sep-25
CITY SQUARE RESIDENCES,KITCHENER LINK,8,Non-Landed Properties,3,"6,000",110 to 120,"1,200 to 1,300",Sep-25
CITY SQUARE RESIDENCES,KITCHENER LINK,8,Non-Landed Properties,3,"4,500",110 to 120,"1,200 to 1,300",Sep-25
CITY SQUARE RESIDENCES,KITCHENER LINK,8,Non-Landed Properties,2,"4,100",70 to 80,800 to 900,Sep-25
CITY SQUARE RESIDENCES,KITCHENER LINK,8,Non-Landed Properties,2,"4,600",70 to 80,800 to 900,Sep-25
CITY SQUARE RESIDENCES,KITCHENER LINK,8,Non-Landed Properties,1,"3,700",50 to 60,500 to 600,Sep-25
CITY SQUARE RESIDENCES,KITCHENER LINK,8,Non-Landed Properties,1,"3,700",50 to 60,500 to 600,Sep-25
CITY SQUARE RESIDENCES,KITCHENER LINK,8,Non-Landed Properties,1,"3,500",50 to 60,500 to 600,Sep-25
CITY SQUARE RESIDENCES,KITCHENER LINK,8,Non-Landed Properties,1,"3,800",50 to 60,500 to 600,Sep-25
CITY SQUARE RESIDENCES,KITCHENER LINK,8,Non-Landed Properties,3,"6,600",110 to 120,"1,200 to 1,300",Sep-25
CITY SQUARE RESIDENCES,KITCHENER LINK,8,Non-Landed Properties,3,"6,000",110 to 120,"1,200 to 1,300",Sep-25
CITY SQUARE RESIDENCES,KITCHENER LINK,8,Non-Landed Properties,3,"6,100",110 to 120,"1,200 to 1,300",Sep-25
CITY SQUARE RESIDENCES,KITCHENER LINK,8,Non-Landed Properties,3,"6,400",110 to 120,"1,200 to 1,300",Sep-25
CITY SQUARE RESIDENCES,KITCHENER LINK,8,Non-Landed Properties,2,"4,400",80 to 90,800 to 900,Sep-25
CITY SQUARE RESIDENCES,KITCHENER LINK,8,Non-Landed Properties,3,"4,700",110 to 120,"1,200 to 1,300",Sep-25
CITY SQUARE RESIDENCES,KITCHENER LINK,8,Non-Landed Properties,3,"5,500",110 to 120,"1,100 to 1,200",Sep-25
CITY SQUARE RESIDENCES,KITCHENER LINK,8,Non-Landed Properties,3,"6,000",110 to 120,"1,200 to 1,300",Sep-25
CITY SQUARE RESIDENCES,KITCHENER LINK,8,Non-Landed Properties,3,"6,400",110 to 120,"1,200 to 1,300",Sep-25
CITY SQUARE RESIDENCES,KITCHENER LINK,8,Non-Landed Properties,3,"5,300",110 to 120,"1,200 to 1,300",Sep-25
CITY SQUARE RESIDENCES,KITCHENER LINK,8,Non-Landed Properties,2,"4,600",70 to 80,800 to 900,Sep-25
CITY SQUARE RESIDENCES,KITCHENER LINK,8,Non-Landed Properties,4,"7,200",130 to 140,"1,400 to 1,500",Sep-25
CITY SQUARE RESIDENCES,KITCHENER LINK,8,Non-Landed Properties,1,"3,700",50 to 60,500 to 600,Sep-25
CITY SQUARE RESIDENCES,KITCHENER LINK,8,Non-Landed Properties,3,"5,400",110 to 120,"1,100 to 1,200",Sep-25
CITY SQUARE RESIDENCES,KITCHENER LINK,8,Non-Landed Properties,1,"3,500",50 to 60,500 to 600,Sep-25
CITY SQUARE RESIDENCES,KITCHENER LINK,8,Non-Landed Properties,1,"3,500",50 to 60,500 to 600,Sep-25
CITY SQUARE RESIDENCES,KITCHENER LINK,8,Non-Landed Properties,2,"4,300",70 to 80,800 to 900,Sep-25
SOHO @ FARRER,RACE COURSE ROAD,8,Non-Landed Properties,1,"2,900",40 to 50,400 to 500,Sep-25
8 FARRER SUITES,SING JOO WALK,8,Non-Landed Properties,2,"3,800",80 to 90,800 to 900,Sep-25
8 FARRER SUITES,SING JOO WALK,8,Non-Landed Properties,2,"3,750",50 to 60,600 to 700,Sep-25
8 FARRER SUITES,SING JOO WALK,8,Non-Landed Properties,3,"5,000",80 to 90,"900 to 1,000",Sep-25
8 FARRER SUITES,SING JOO WALK,8,Non-Landed Properties,2,"3,800",50 to 60,500 to 600,Sep-25
RACE COURSE 138,RACE COURSE ROAD,8,Non-Landed Properties,3,"5,600",130 to 140,"1,400 to 1,500",Sep-25
RACE COURSE 138,RACE COURSE ROAD,8,Non-Landed Properties,1,"3,000",40 to 50,400 to 500,Sep-25
RACE COURSE 138,RACE COURSE ROAD,8,Non-Landed Properties,3,"5,200",100 to 110,"1,100 to 1,200",Sep-25
HONG BUILDING,RANGOON ROAD,8,Non-Landed Properties,NA,"4,200",120 to 130,"1,300 to 1,400",Sep-25
NON-LANDED HOUSING DEVELOPMENT,HAMILTON ROAD,8,Non-Landed Properties,NA,"4,100",120 to 130,"1,300 to 1,400",Sep-25
NON-LANDED HOUSING DEVELOPMENT,HAMILTON ROAD,8,Non-Landed Properties,NA,"4,050",120 to 130,"1,300 to 1,400",Sep-25
SOHO 188,RACE COURSE ROAD,8,Non-Landed Properties,1,"2,700",40 to 50,400 to 500,Sep-25
SOHO 188,RACE COURSE ROAD,8,Non-Landed Properties,1,"2,800",30 to 40,400 to 500,Sep-25
UPTOWN @ FARRER,PERUMAL ROAD,8,Non-Landed Properties,3,"4,900",60 to 70,700 to 800,Sep-25
UPTOWN @ FARRER,PERUMAL ROAD,8,Non-Landed Properties,2,"3,700",40 to 50,500 to 600,Sep-25
UPTOWN @ FARRER,PERUMAL ROAD,8,Non-Landed Properties,2,"3,800",40 to 50,500 to 600,Sep-25
UPTOWN @ FARRER,PERUMAL ROAD,8,Non-Landed Properties,2,"3,700",40 to 50,500 to 600,Sep-25
UPTOWN @ FARRER,PERUMAL ROAD,8,Non-Landed Properties,2,"3,600",40 to 50,500 to 600,Sep-25
1953,TESSENSOHN ROAD,8,Non-Landed Properties,3,"7,000",110 to 120,"1,200 to 1,300",Sep-25
1953,TESSENSOHN ROAD,8,Non-Landed Properties,1,"3,850",50 to 60,600 to 700,Sep-25
1953,TESSENSOHN ROAD,8,Non-Landed Properties,3,"5,000",70 to 80,700 to 800,Sep-25
1953,TESSENSOHN ROAD,8,Non-Landed Properties,1,"3,250",50 to 60,600 to 700,Sep-25
1953,TESSENSOHN ROAD,8,Non-Landed Properties,1,"3,600",50 to 60,600 to 700,Sep-25
VANADIUM,HERTFORD ROAD,8,Non-Landed Properties,3,"3,900",90 to 100,"900 to 1,000",Sep-25
THE CITRON RESIDENCES,MARNE ROAD,8,Non-Landed Properties,2,"3,900",50 to 60,600 to 700,Sep-25
THE CITRON RESIDENCES,MARNE ROAD,8,Non-Landed Properties,2,"3,800",60 to 70,600 to 700,Sep-25
CITIGATE RESIDENCE,RANGOON ROAD,8,Non-Landed Properties,2,"3,500",60 to 70,700 to 800,Sep-25
CITIGATE RESIDENCE,RANGOON ROAD,8,Non-Landed Properties,1,"2,500",40 to 50,400 to 500,Sep-25
OXFORD SUITES,OXFORD ROAD,8,Non-Landed Properties,NA,"4,500",80 to 90,800 to 900,Sep-25
NON-LANDED HOUSING DEVELOPMENT,TYRWHITT ROAD,8,Non-Landed Properties,NA,"4,000",100 to 110,"1,000 to 1,100",Sep-25
RANGOON COURT,RANGOON ROAD,8,Non-Landed Properties,3,"5,000",140 to 150,"1,500 to 1,600",Sep-25
KENTISH GREEN,OXFORD ROAD,8,Non-Landed Properties,3,"5,300",120 to 130,"1,300 to 1,400",Sep-25
KENTISH GREEN,OXFORD ROAD,8,Non-Landed Properties,2,"4,000",90 to 100,"1,000 to 1,100",Sep-25
FORTE SUITES,MERGUI ROAD,8,Non-Landed Properties,2,"3,650",50 to 60,600 to 700,Sep-25
FORTE SUITES,MERGUI ROAD,8,Non-Landed Properties,2,"3,800",60 to 70,600 to 700,Sep-25
FORTE SUITES,MERGUI ROAD,8,Non-Landed Properties,1,"3,000",40 to 50,400 to 500,Sep-25
CAVAN SUITES,CAVAN ROAD,8,Non-Landed Properties,NA,"2,300",30 to 40,300 to 400,Sep-25
CITYSCAPE @FARRER PARK,MERGUI ROAD,8,Non-Landed Properties,2,"4,000",90 to 100,"900 to 1,000",Sep-25
CITYSCAPE @FARRER PARK,MERGUI ROAD,8,Non-Landed Properties,2,"4,400",80 to 90,"900 to 1,000",Sep-25
CITYSCAPE @FARRER PARK,MERGUI ROAD,8,Non-Landed Properties,3,"5,900",120 to 130,"1,300 to 1,400",Sep-25
CITYSCAPE @FARRER PARK,MERGUI ROAD,8,Non-Landed Properties,2,"4,468",100 to 110,"1,100 to 1,200",Sep-25
SPA BUILDING,VERDUN ROAD,8,Non-Landed Properties,4,"4,251",160 to 170,"1,700 to 1,800",Sep-25
28 RC SUITES,RACE COURSE LANE,8,Non-Landed Properties,1,"2,800",30 to 40,400 to 500,Sep-25
CITY STUDIOS,RACE COURSE LANE,8,Non-Landed Properties,1,"2,700",40 to 50,400 to 500,Sep-25
CITY STUDIOS,RACE COURSE LANE,8,Non-Landed Properties,1,"2,600",40 to 50,400 to 500,Sep-25
CITY STUDIOS,RACE COURSE LANE,8,Non-Landed Properties,2,"3,800",60 to 70,700 to 800,Sep-25
RANGOON 88,RANGOON ROAD,8,Non-Landed Properties,1,"2,700",30 to 40,400 to 500,Sep-25
RANGOON 88,RANGOON ROAD,8,Non-Landed Properties,1,"2,750",30 to 40,400 to 500,Sep-25
RANGOON 88,RANGOON ROAD,8,Non-Landed Properties,1,"2,800",40 to 50,400 to 500,Sep-25
RANGOON 88,RANGOON ROAD,8,Non-Landed Properties,1,"3,285",60 to 70,700 to 800,Sep-25
70@TRURO,TRURO ROAD,8,Non-Landed Properties,3,"4,300",70 to 80,800 to 900,Sep-25
70@TRURO,TRURO ROAD,8,Non-Landed Properties,2,"3,200",40 to 50,400 to 500,Sep-25
JOOL SUITES,SING JOO WALK,8,Non-Landed Properties,1,"2,900",30 to 40,300 to 400,Sep-25
JOOL SUITES,SING JOO WALK,8,Non-Landed Properties,2,"3,800",50 to 60,600 to 700,Sep-25
JOOL SUITES,SING JOO WALK,8,Non-Landed Properties,1,"2,950",60 to 70,600 to 700,Sep-25
JOOL SUITES,SING JOO WALK,8,Non-Landed Properties,1,"2,900",30 to 40,400 to 500,Sep-25
KENTISH LODGE,OXFORD ROAD,8,Non-Landed Properties,2,"3,700",100 to 110,"1,100 to 1,200",Sep-25
STUDIOS @ MARNE,MARNE ROAD,8,Non-Landed Properties,NA,"3,900",40 to 50,500 to 600,Sep-25
STUDIOS @ MARNE,MARNE ROAD,8,Non-Landed Properties,NA,"2,900",50 to 60,500 to 600,Sep-25
NON-LANDED HOUSING DEVELOPMENT,RANGOON ROAD,8,Non-Landed Properties,NA,"3,000",60 to 70,600 to 700,Sep-25
NON-LANDED HOUSING DEVELOPMENT,RANGOON ROAD,8,Non-Landed Properties,NA,"3,000",70 to 80,700 to 800,Sep-25
KERRISDALE,STURDEE ROAD,8,Non-Landed Properties,3,"5,400",110 to 120,"1,200 to 1,300",Sep-25
KERRISDALE,STURDEE ROAD,8,Non-Landed Properties,3,"5,500",110 to 120,"1,200 to 1,300",Sep-25
KERRISDALE,STURDEE ROAD,8,Non-Landed Properties,3,"5,700",110 to 120,"1,200 to 1,300",Sep-25
KERRISDALE,STURDEE ROAD,8,Non-Landed Properties,3,"5,100",110 to 120,"1,200 to 1,300",Sep-25
KERRISDALE,STURDEE ROAD,8,Non-Landed Properties,3,"6,000",110 to 120,"1,200 to 1,300",Sep-25
KERRISDALE,STURDEE ROAD,8,Non-Landed Properties,3,"5,500",110 to 120,"1,200 to 1,300",Sep-25
STURDEE RESIDENCES,BEATTY ROAD,8,Non-Landed Properties,1,"3,100",30 to 40,400 to 500,Sep-25
STURDEE RESIDENCES,BEATTY ROAD,8,Non-Landed Properties,1,"3,500",30 to 40,400 to 500,Sep-25
STURDEE RESIDENCES,BEATTY ROAD,8,Non-Landed Properties,1,"3,200",30 to 40,400 to 500,Sep-25
STURDEE RESIDENCES,BEATTY ROAD,8,Non-Landed Properties,2,"4,000",50 to 60,500 to 600,Sep-25
STURDEE RESIDENCES,BEATTY ROAD,8,Non-Landed Properties,1,"3,450",30 to 40,400 to 500,Sep-25
STURDEE RESIDENCES,BEATTY ROAD,8,Non-Landed Properties,1,"3,500",30 to 40,400 to 500,Sep-25
STURDEE RESIDENCES,BEATTY ROAD,8,Non-Landed Properties,3,"5,900",80 to 90,"900 to 1,000",Sep-25
STURDEE RESIDENCES,BEATTY ROAD,8,Non-Landed Properties,3,"5,000",70 to 80,800 to 900,Sep-25
STURDEE RESIDENCES,BEATTY ROAD,8,Non-Landed Properties,1,"3,400",30 to 40,400 to 500,Sep-25
STURDEE RESIDENCES,BEATTY ROAD,8,Non-Landed Properties,4,"7,600",120 to 130,"1,300 to 1,400",Sep-25
STURDEE RESIDENCES,BEATTY ROAD,8,Non-Landed Properties,2,"4,100",60 to 70,600 to 700,Sep-25
STURDEE RESIDENCES,BEATTY ROAD,8,Non-Landed Properties,3,"5,500",80 to 90,"900 to 1,000",Sep-25
STURDEE RESIDENCES,BEATTY ROAD,8,Non-Landed Properties,2,"4,400",60 to 70,600 to 700,Sep-25
STURDEE RESIDENCES,BEATTY ROAD,8,Non-Landed Properties,2,"4,100",50 to 60,500 to 600,Sep-25
STURDEE RESIDENCES,BEATTY ROAD,8,Non-Landed Properties,3,"5,250",80 to 90,"900 to 1,000",Sep-25
STURDEE RESIDENCES,BEATTY ROAD,8,Non-Landed Properties,2,"4,300",60 to 70,700 to 800,Sep-25
PARC SOMME,SOMME ROAD,8,Non-Landed Properties,1,"3,000",30 to 40,400 to 500,Sep-25
NON-LANDED HOUSING DEVELOPMENT,RACE COURSE ROAD,8,Non-Landed Properties,NA,"2,200",20 to 30,200 to 300,Sep-25
MERA SPRINGS,CARLISLE ROAD,8,Non-Landed Properties,3,"5,600",110 to 120,"1,200 to 1,300",Sep-25
MERA SPRINGS,CARLISLE ROAD,8,Non-Landed Properties,2,"4,200",90 to 100,"1,000 to 1,100",Sep-25
CARLYX GREEN,CARLISLE ROAD,8,Non-Landed Properties,1,"2,600",50 to 60,500 to 600,Sep-25
CHERRYLOFT,RANGOON ROAD,8,Non-Landed Properties,NA,"2,400",20 to 30,300 to 400,Sep-25
CHERRYLOFT,RANGOON ROAD,8,Non-Landed Properties,NA,"2,400",20 to 30,300 to 400,Sep-25
CHERRYLOFT,RANGOON ROAD,8,Non-Landed Properties,NA,"2,300",20 to 30,300 to 400,Sep-25
CHERRYLOFT,RANGOON ROAD,8,Non-Landed Properties,NA,"2,300",20 to 30,300 to 400,Sep-25
TYRWHITT 139,TYRWHITT ROAD,8,Non-Landed Properties,2,"4,500",80 to 90,"900 to 1,000",Sep-25
TYRWHITT 139,TYRWHITT ROAD,8,Non-Landed Properties,1,"3,050",30 to 40,300 to 400,Sep-25
TYRWHITT 139,TYRWHITT ROAD,8,Non-Landed Properties,2,"4,000",80 to 90,"900 to 1,000",Sep-25
LE SOMME,SOMME ROAD,8,Non-Landed Properties,1,"2,800",40 to 50,400 to 500,Sep-25
CITY LOFT,RACE COURSE ROAD,8,Non-Landed Properties,1,"2,800",30 to 40,300 to 400,Sep-25
SUITES 123,RANGOON ROAD,8,Non-Landed Properties,1,"2,800",40 to 50,400 to 500,Sep-25
SUITES 123,RANGOON ROAD,8,Non-Landed Properties,1,"3,600",50 to 60,500 to 600,Sep-25
THE URBANITE,HERTFORD ROAD,8,Non-Landed Properties,1,"2,850",40 to 50,400 to 500,Sep-25
THE URBANITE,HERTFORD ROAD,8,Non-Landed Properties,1,"2,750",40 to 50,400 to 500,Sep-25
THE URBANITE,HERTFORD ROAD,8,Non-Landed Properties,1,"3,000",40 to 50,400 to 500,Sep-25
THE URBANITE,HERTFORD ROAD,8,Non-Landed Properties,1,"3,000",40 to 50,400 to 500,Sep-25
THE URBANITE,HERTFORD ROAD,8,Non-Landed Properties,1,"2,800",40 to 50,400 to 500,Sep-25
NON-LANDED HOUSING DEVELOPMENT,ROBERTS LANE,8,Non-Landed Properties,NA,"3,200",70 to 80,700 to 800,Sep-25
NON-LANDED HOUSING DEVELOPMENT,ROBERTS LANE,8,Non-Landed Properties,3,"24,000",130 to 140,"1,400 to 1,500",Sep-25
MAPLE LEAF ELITE 1,RANGOON ROAD,8,Non-Landed Properties,3,"7,000",110 to 120,"1,100 to 1,200",Sep-25
MAPLE LEAF ELITE 1,RANGOON ROAD,8,Non-Landed Properties,1,"3,500",50 to 60,600 to 700,Sep-25
CITYLIGHTS,JELLICOE ROAD,8,Non-Landed Properties,2,"4,600",80 to 90,800 to 900,Sep-25
CITYLIGHTS,JELLICOE ROAD,8,Non-Landed Properties,2,"5,300",80 to 90,800 to 900,Sep-25
CITYLIGHTS,JELLICOE ROAD,8,Non-Landed Properties,2,"4,800",80 to 90,800 to 900,Sep-25
CITYLIGHTS,JELLICOE ROAD,8,Non-Landed Properties,2,"5,100",80 to 90,800 to 900,Sep-25
CITYLIGHTS,JELLICOE ROAD,8,Non-Landed Properties,2,"4,600",80 to 90,800 to 900,Sep-25
CITYLIGHTS,JELLICOE ROAD,8,Non-Landed Properties,2,"4,700",80 to 90,800 to 900,Sep-25
CITYLIGHTS,JELLICOE ROAD,8,Non-Landed Properties,1,"4,200",60 to 70,600 to 700,Sep-25
CITYLIGHTS,JELLICOE ROAD,8,Non-Landed Properties,1,"3,500",50 to 60,500 to 600,Sep-25
CITYLIGHTS,JELLICOE ROAD,8,Non-Landed Properties,2,"5,400",80 to 90,800 to 900,Sep-25
CITYLIGHTS,JELLICOE ROAD,8,Non-Landed Properties,1,"3,300",50 to 60,500 to 600,Sep-25
CITYLIGHTS,JELLICOE ROAD,8,Non-Landed Properties,1,"4,100",60 to 70,700 to 800,Sep-25
CITYLIGHTS,JELLICOE ROAD,8,Non-Landed Properties,3,"8,200",170 to 180,"1,800 to 1,900",Sep-25
CITYLIGHTS,JELLICOE ROAD,8,Non-Landed Properties,1,"4,000",50 to 60,500 to 600,Sep-25
CITYLIGHTS,JELLICOE ROAD,8,Non-Landed Properties,2,"5,200",80 to 90,"900 to 1,000",Sep-25
CITYLIGHTS,JELLICOE ROAD,8,Non-Landed Properties,1,"4,000",60 to 70,600 to 700,Sep-25
CITYLIGHTS,JELLICOE ROAD,8,Non-Landed Properties,3,"6,300",120 to 130,"1,300 to 1,400",Sep-25
CITYLIGHTS,JELLICOE ROAD,8,Non-Landed Properties,3,"6,450",130 to 140,"1,400 to 1,500",Sep-25
CITYLIGHTS,JELLICOE ROAD,8,Non-Landed Properties,3,"5,700",130 to 140,"1,400 to 1,500",Sep-25
CITYLIGHTS,JELLICOE ROAD,8,Non-Landed Properties,3,"6,300",130 to 140,"1,400 to 1,500",Sep-25
RESIDENCES @ SOMME,PETAIN ROAD,8,Non-Landed Properties,1,"3,000",40 to 50,400 to 500,Sep-25
RESIDENCES @ SOMME,PETAIN ROAD,8,Non-Landed Properties,1,"2,900",40 to 50,400 to 500,Sep-25
RESIDENCES @ SOMME,PETAIN ROAD,8,Non-Landed Properties,1,"2,900",40 to 50,500 to 600,Sep-25
RESIDENCES @ SOMME,PETAIN ROAD,8,Non-Landed Properties,1,"3,000",40 to 50,500 to 600,Sep-25
SAM LEONG MANSION,SAM LEONG ROAD,8,Non-Landed Properties,NA,"5,000",90 to 100,"1,000 to 1,100",Sep-25
NON-LANDED HOUSING DEVELOPMENT,DUNLOP STREET,8,Non-Landed Properties,NA,"9,500",60 to 70,700 to 800,Sep-25
MERGUI MANSIONS,MERGUI ROAD,8,Non-Landed Properties,3,"4,100",130 to 140,"1,400 to 1,500",Sep-25
NON-LANDED HOUSING DEVELOPMENT,CAMBRIDGE ROAD,8,Non-Landed Properties,NA,"4,200",100 to 110,"1,100 to 1,200",Sep-25
NON-LANDED HOUSING DEVELOPMENT,SING AVENUE,8,Non-Landed Properties,NA,"3,900",120 to 130,"1,300 to 1,400",Sep-25
RITZ @ FARRER,RACE COURSE ROAD,8,Non-Landed Properties,3,"4,700",90 to 100,"1,000 to 1,100",Sep-25
PRISTINE HEIGHTS,MERGUI ROAD,8,Non-Landed Properties,3,"5,200",120 to 130,"1,300 to 1,400",Sep-25
R66 APARTMENTS,RANGOON ROAD,8,Non-Landed Properties,1,"2,850",40 to 50,400 to 500,Sep-25
R66 APARTMENTS,RANGOON ROAD,8,Non-Landed Properties,2,"4,000",80 to 90,"900 to 1,000",Sep-25
R66 APARTMENTS,RANGOON ROAD,8,Non-Landed Properties,1,"3,100",40 to 50,500 to 600,Sep-25
NON-LANDED HOUSING DEVELOPMENT,STARLIGHT ROAD,8,Non-Landed Properties,NA,"2,200",70 to 80,800 to 900,Sep-25
KENT RESIDENCES,KENT ROAD,8,Non-Landed Properties,NA,"2,000",20 to 30,300 to 400,Sep-25
CLYDES RESIDENCE,MERGUI ROAD,8,Non-Landed Properties,1,"3,200",50 to 60,500 to 600,Sep-25
NON-LANDED HOUSING DEVELOPMENT,BRISTOL ROAD,8,Non-Landed Properties,NA,"4,500",100 to 110,"1,100 to 1,200",Aug-25
MAPLE LEAF ELITE 2,RANGOON ROAD,8,Non-Landed Properties,3,"5,500",100 to 110,"1,100 to 1,200",Aug-25
MAPLE LEAF ELITE 2,RANGOON ROAD,8,Non-Landed Properties,2,"4,000",50 to 60,500 to 600,Aug-25
MAPLE LEAF ELITE 2,RANGOON ROAD,8,Non-Landed Properties,1,"3,800",70 to 80,700 to 800,Aug-25
CITY SQUARE RESIDENCES,KITCHENER LINK,8,Non-Landed Properties,2,"4,600",70 to 80,800 to 900,Aug-25
CITY SQUARE RESIDENCES,KITCHENER LINK,8,Non-Landed Properties,2,"4,600",70 to 80,800 to 900,Aug-25
CITY SQUARE RESIDENCES,KITCHENER LINK,8,Non-Landed Properties,2,"5,000",70 to 80,800 to 900,Aug-25
CITY SQUARE RESIDENCES,KITCHENER LINK,8,Non-Landed Properties,3,"5,300",110 to 120,"1,200 to 1,300",Aug-25
CITY SQUARE RESIDENCES,KITCHENER LINK,8,Non-Landed Properties,3,"6,200",110 to 120,"1,200 to 1,300",Aug-25
CITY SQUARE RESIDENCES,KITCHENER LINK,8,Non-Landed Properties,2,"4,300",70 to 80,800 to 900,Aug-25
CITY SQUARE RESIDENCES,KITCHENER LINK,8,Non-Landed Properties,3,"6,000",110 to 120,"1,200 to 1,300",Aug-25
CITY SQUARE RESIDENCES,KITCHENER LINK,8,Non-Landed Properties,2,"4,400",70 to 80,800 to 900,Aug-25
CITY SQUARE RESIDENCES,KITCHENER LINK,8,Non-Landed Properties,4,"7,800",140 to 150,"1,500 to 1,600",Aug-25
CITY SQUARE RESIDENCES,KITCHENER LINK,8,Non-Landed Properties,2,"4,600",70 to 80,800 to 900,Aug-25
CITY SQUARE RESIDENCES,KITCHENER LINK,8,Non-Landed Properties,2,"4,500",70 to 80,800 to 900,Aug-25
CITY SQUARE RESIDENCES,KITCHENER LINK,8,Non-Landed Properties,1,"3,550",50 to 60,500 to 600,Aug-25
CITY SQUARE RESIDENCES,KITCHENER LINK,8,Non-Landed Properties,3,"6,500",110 to 120,"1,200 to 1,300",Aug-25
CITY SQUARE RESIDENCES,KITCHENER LINK,8,Non-Landed Properties,3,"5,700",110 to 120,"1,200 to 1,300",Aug-25
CITY SQUARE RESIDENCES,KITCHENER LINK,8,Non-Landed Properties,1,"3,700",50 to 60,500 to 600,Aug-25
CITY SQUARE RESIDENCES,KITCHENER LINK,8,Non-Landed Properties,1,"3,600",50 to 60,500 to 600,Aug-25
CITY SQUARE RESIDENCES,KITCHENER LINK,8,Non-Landed Properties,2,"4,650",70 to 80,800 to 900,Aug-25
CITY SQUARE RESIDENCES,KITCHENER LINK,8,Non-Landed Properties,1,"3,700",50 to 60,500 to 600,Aug-25
CITY SQUARE RESIDENCES,KITCHENER LINK,8,Non-Landed Properties,4,"5,000",140 to 150,"1,500 to 1,600",Aug-25
CITY SQUARE RESIDENCES,KITCHENER LINK,8,Non-Landed Properties,4,"6,500",130 to 140,"1,500 to 1,600",Aug-25
CITY SQUARE RESIDENCES,KITCHENER LINK,8,Non-Landed Properties,4,"7,100",130 to 140,"1,500 to 1,600",Aug-25
CITY SQUARE RESIDENCES,KITCHENER LINK,8,Non-Landed Properties,3,"5,300",110 to 120,"1,200 to 1,300",Aug-25
CITY SQUARE RESIDENCES,KITCHENER LINK,8,Non-Landed Properties,3,"6,400",110 to 120,"1,200 to 1,300",Aug-25
CITY SQUARE RESIDENCES,KITCHENER LINK,8,Non-Landed Properties,2,"4,000",80 to 90,800 to 900,Aug-25
CITY SQUARE RESIDENCES,KITCHENER LINK,8,Non-Landed Properties,1,"3,450",50 to 60,500 to 600,Aug-25
CITY SQUARE RESIDENCES,KITCHENER LINK,8,Non-Landed Properties,2,"4,600",70 to 80,800 to 900,Aug-25
CITY SQUARE RESIDENCES,KITCHENER LINK,8,Non-Landed Properties,1,"3,350",50 to 60,500 to 600,Aug-25
CITY SQUARE RESIDENCES,KITCHENER LINK,8,Non-Landed Properties,2,"4,300",70 to 80,800 to 900,Aug-25
CITY SQUARE RESIDENCES,KITCHENER LINK,8,Non-Landed Properties,3,"5,500",110 to 120,"1,100 to 1,200",Aug-25
CITY SQUARE RESIDENCES,KITCHENER LINK,8,Non-Landed Properties,3,"5,750",110 to 120,"1,200 to 1,300",Aug-25
CITY SQUARE RESIDENCES,KITCHENER LINK,8,Non-Landed Properties,4,"7,800",130 to 140,"1,400 to 1,500",Aug-25
CITY SQUARE RESIDENCES,KITCHENER LINK,8,Non-Landed Properties,1,"3,400",50 to 60,500 to 600,Aug-25
CITY SQUARE RESIDENCES,KITCHENER LINK,8,Non-Landed Properties,3,"4,900",110 to 120,"1,100 to 1,200",Aug-25
CITY SQUARE RESIDENCES,KITCHENER LINK,8,Non-Landed Properties,1,"3,350",50 to 60,500 to 600,Aug-25
CITY SQUARE RESIDENCES,KITCHENER LINK,8,Non-Landed Properties,3,"5,000",110 to 120,"1,200 to 1,300",Aug-25
CITY SQUARE RESIDENCES,KITCHENER LINK,8,Non-Landed Properties,3,"5,800",110 to 120,"1,100 to 1,200",Aug-25
LOFT @ RANGOON,RANGOON ROAD,8,Non-Landed Properties,1,"3,000",30 to 40,400 to 500,Aug-25
LOFT @ RANGOON,RANGOON ROAD,8,Non-Landed Properties,1,"2,850",30 to 40,400 to 500,Aug-25
LOFT @ RANGOON,RANGOON ROAD,8,Non-Landed Properties,1,"2,750",30 to 40,400 to 500,Aug-25
D'CAMBRIDGE,CAMBRIDGE ROAD,8,Non-Landed Properties,2,"3,400",60 to 70,700 to 800,Aug-25
SUITES @ OWEN,OWEN ROAD,8,Non-Landed Properties,1,"2,650",30 to 40,300 to 400,Aug-25
SUITES @ OWEN,OWEN ROAD,8,Non-Landed Properties,1,"3,200",40 to 50,500 to 600,Aug-25
SUITES @ OWEN,OWEN ROAD,8,Non-Landed Properties,1,"2,900",40 to 50,500 to 600,Aug-25
NON-LANDED HOUSING DEVELOPMENT,CARLISLE ROAD,8,Non-Landed Properties,NA,"2,100",80 to 90,"900 to 1,000",Aug-25
SOHO @ FARRER,RACE COURSE ROAD,8,Non-Landed Properties,1,"2,800",40 to 50,400 to 500,Aug-25
8 FARRER SUITES,SING JOO WALK,8,Non-Landed Properties,2,"4,400",70 to 80,800 to 900,Aug-25
KENG LEE COURT,KENG LEE ROAD,8,Non-Landed Properties,3,"4,100",90 to 100,"1,000 to 1,100",Aug-25
KENG LEE COURT,KENG LEE ROAD,8,Non-Landed Properties,2,"1,900",50 to 60,600 to 700,Aug-25
NON-LANDED HOUSING DEVELOPMENT,HAMILTON ROAD,8,Non-Landed Properties,NA,"4,100",120 to 130,"1,300 to 1,400",Aug-25
NON-LANDED HOUSING DEVELOPMENT,HAMILTON ROAD,8,Non-Landed Properties,NA,"4,900",120 to 130,"1,300 to 1,400",Aug-25
NON-LANDED HOUSING DEVELOPMENT,HORNE ROAD,8,Non-Landed Properties,NA,"11,000",80 to 90,"900 to 1,000",Aug-25
SOHO 188,RACE COURSE ROAD,8,Non-Landed Properties,1,"2,930",40 to 50,400 to 500,Aug-25
SOHO 188,RACE COURSE ROAD,8,Non-Landed Properties,1,"3,400",50 to 60,500 to 600,Aug-25
UPTOWN @ FARRER,PERUMAL ROAD,8,Non-Landed Properties,3,"4,800",60 to 70,700 to 800,Aug-25
UPTOWN @ FARRER,PERUMAL ROAD,8,Non-Landed Properties,3,"5,000",70 to 80,800 to 900,Aug-25
UPTOWN @ FARRER,PERUMAL ROAD,8,Non-Landed Properties,3,"6,000",70 to 80,800 to 900,Aug-25
UPTOWN @ FARRER,PERUMAL ROAD,8,Non-Landed Properties,2,"3,800",40 to 50,500 to 600,Aug-25
UPTOWN @ FARRER,PERUMAL ROAD,8,Non-Landed Properties,2,"3,900",40 to 50,500 to 600,Aug-25
UPTOWN @ FARRER,PERUMAL ROAD,8,Non-Landed Properties,3,"4,800",60 to 70,700 to 800,Aug-25
UPTOWN @ FARRER,PERUMAL ROAD,8,Non-Landed Properties,2,"3,700",40 to 50,500 to 600,Aug-25
UPTOWN @ FARRER,PERUMAL ROAD,8,Non-Landed Properties,3,"4,800",60 to 70,700 to 800,Aug-25
1953,TESSENSOHN ROAD,8,Non-Landed Properties,3,"5,350",100 to 110,"1,100 to 1,200",Aug-25
1953,TESSENSOHN ROAD,8,Non-Landed Properties,4,"6,500",120 to 130,"1,300 to 1,400",Aug-25
VANADIUM,HERTFORD ROAD,8,Non-Landed Properties,3,"4,200",90 to 100,"1,000 to 1,100",Aug-25
CARLYX RESIDENCE,CARLISLE ROAD,8,Non-Landed Properties,2,"3,000",60 to 70,700 to 800,Aug-25
THE CITRON RESIDENCES,MARNE ROAD,8,Non-Landed Properties,2,"4,200",60 to 70,600 to 700,Aug-25
CITIGATE RESIDENCE,RANGOON ROAD,8,Non-Landed Properties,1,"2,800",40 to 50,500 to 600,Aug-25
OXFORD SUITES,OXFORD ROAD,8,Non-Landed Properties,1,"3,000",60 to 70,600 to 700,Aug-25
NON-LANDED HOUSING DEVELOPMENT,TYRWHITT ROAD,8,Non-Landed Properties,NA,"4,800",80 to 90,800 to 900,Aug-25
NON-LANDED HOUSING DEVELOPMENT,TYRWHITT ROAD,8,Non-Landed Properties,NA,"4,600",80 to 90,800 to 900,Aug-25
KENTISH GREEN,OXFORD ROAD,8,Non-Landed Properties,2,"3,950",100 to 110,"1,000 to 1,100",Aug-25
KENTISH GREEN,OXFORD ROAD,8,Non-Landed Properties,3,"5,400",110 to 120,"1,200 to 1,300",Aug-25
FORTE SUITES,MERGUI ROAD,8,Non-Landed Properties,2,"4,900",60 to 70,600 to 700,Aug-25
FORTE SUITES,MERGUI ROAD,8,Non-Landed Properties,2,"3,700",50 to 60,600 to 700,Aug-25
FORTE SUITES,MERGUI ROAD,8,Non-Landed Properties,1,"3,000",40 to 50,400 to 500,Aug-25
CAVAN SUITES,CAVAN ROAD,8,Non-Landed Properties,NA,"2,300",20 to 30,300 to 400,Aug-25
CAVAN SUITES,CAVAN ROAD,8,Non-Landed Properties,NA,"2,500",40 to 50,400 to 500,Aug-25
CITYSCAPE @FARRER PARK,MERGUI ROAD,8,Non-Landed Properties,3,"5,800",120 to 130,"1,300 to 1,400",Aug-25
CITYSCAPE @FARRER PARK,MERGUI ROAD,8,Non-Landed Properties,2,"4,200",90 to 100,"900 to 1,000",Aug-25
CITYSCAPE @FARRER PARK,MERGUI ROAD,8,Non-Landed Properties,3,"5,800",120 to 130,"1,300 to 1,400",Aug-25
CITYSCAPE @FARRER PARK,MERGUI ROAD,8,Non-Landed Properties,3,"5,400",120 to 130,"1,300 to 1,400",Aug-25
CITYSCAPE @FARRER PARK,MERGUI ROAD,8,Non-Landed Properties,2,"4,400",80 to 90,"900 to 1,000",Aug-25
CITYSCAPE @FARRER PARK,MERGUI ROAD,8,Non-Landed Properties,2,"4,200",90 to 100,"900 to 1,000",Aug-25
CITYSCAPE @FARRER PARK,MERGUI ROAD,8,Non-Landed Properties,3,"6,000",120 to 130,"1,300 to 1,400",Aug-25
CITYSCAPE @FARRER PARK,MERGUI ROAD,8,Non-Landed Properties,2,"4,200",110 to 120,"1,200 to 1,300",Aug-25
CITYSCAPE @FARRER PARK,MERGUI ROAD,8,Non-Landed Properties,2,"4,200",80 to 90,"900 to 1,000",Aug-25
RANGOON VIEW,RANGOON ROAD,8,Non-Landed Properties,3,"7,200",120 to 130,"1,300 to 1,400",Aug-25
28 RC SUITES,RACE COURSE LANE,8,Non-Landed Properties,1,"3,000",30 to 40,400 to 500,Aug-25
NON-LANDED HOUSING DEVELOPMENT,KELANTAN LANE,8,Non-Landed Properties,NA,"2,800",190 to 200,"2,000 to 2,100",Aug-25
NON-LANDED HOUSING DEVELOPMENT,TRURO ROAD,8,Non-Landed Properties,NA,"5,000",100 to 110,"1,100 to 1,200",Aug-25
KENTISH COURT,OXFORD ROAD,8,Non-Landed Properties,2,"3,500",90 to 100,"1,000 to 1,100",Aug-25
CITY STUDIOS,RACE COURSE LANE,8,Non-Landed Properties,1,"3,400",40 to 50,400 to 500,Aug-25
RANGOON 88,RANGOON ROAD,8,Non-Landed Properties,2,"4,000",70 to 80,800 to 900,Aug-25
RANGOON 88,RANGOON ROAD,8,Non-Landed Properties,1,"2,800",40 to 50,400 to 500,Aug-25
70@TRURO,TRURO ROAD,8,Non-Landed Properties,3,"4,300",70 to 80,800 to 900,Aug-25
JOOL SUITES,SING JOO WALK,8,Non-Landed Properties,1,"3,300",60 to 70,600 to 700,Aug-25
JOOL SUITES,SING JOO WALK,8,Non-Landed Properties,2,"4,500",90 to 100,"900 to 1,000",Aug-25
KENTISH LODGE,OXFORD ROAD,8,Non-Landed Properties,2,"4,200",90 to 100,"900 to 1,000",Aug-25
HERTFORD COLLECTION,HERTFORD ROAD,8,Non-Landed Properties,NA,"3,600",50 to 60,600 to 700,Aug-25
STUDIOS @ MARNE,MARNE ROAD,8,Non-Landed Properties,NA,"3,200",50 to 60,500 to 600,Aug-25
KERRISDALE,STURDEE ROAD,8,Non-Landed Properties,2,"4,550",90 to 100,"900 to 1,000",Aug-25
KERRISDALE,STURDEE ROAD,8,Non-Landed Properties,4,"7,300",230 to 240,"2,500 to 2,600",Aug-25
KERRISDALE,STURDEE ROAD,8,Non-Landed Properties,2,"4,600",90 to 100,"900 to 1,000",Aug-25
KERRISDALE,STURDEE ROAD,8,Non-Landed Properties,4,"7,600",220 to 230,"2,300 to 2,400",Aug-25
KERRISDALE,STURDEE ROAD,8,Non-Landed Properties,4,"7,300",230 to 240,"2,500 to 2,600",Aug-25
KERRISDALE,STURDEE ROAD,8,Non-Landed Properties,3,"5,700",110 to 120,"1,200 to 1,300",Aug-25
KERRISDALE,STURDEE ROAD,8,Non-Landed Properties,3,"5,850",110 to 120,"1,200 to 1,300",Aug-25
KERRISDALE,STURDEE ROAD,8,Non-Landed Properties,2,"4,400",90 to 100,"900 to 1,000",Aug-25
KERRISDALE,STURDEE ROAD,8,Non-Landed Properties,2,"4,800",90 to 100,"900 to 1,000",Aug-25
KERRISDALE,STURDEE ROAD,8,Non-Landed Properties,3,"5,600",110 to 120,"1,200 to 1,300",Aug-25
KERRISDALE,STURDEE ROAD,8,Non-Landed Properties,3,"6,300",120 to 130,"1,300 to 1,400",Aug-25
KERRISDALE,STURDEE ROAD,8,Non-Landed Properties,2,"4,300",90 to 100,"900 to 1,000",Aug-25
STURDEE RESIDENCES,BEATTY ROAD,8,Non-Landed Properties,1,"3,300",30 to 40,400 to 500,Aug-25
STURDEE RESIDENCES,BEATTY ROAD,8,Non-Landed Properties,2,"3,800",50 to 60,500 to 600,Aug-25
STURDEE RESIDENCES,BEATTY ROAD,8,Non-Landed Properties,5,"7,600",120 to 130,"1,300 to 1,400",Aug-25
STURDEE RESIDENCES,BEATTY ROAD,8,Non-Landed Properties,1,"3,200",30 to 40,400 to 500,Aug-25
STURDEE RESIDENCES,BEATTY ROAD,8,Non-Landed Properties,2,"4,200",60 to 70,600 to 700,Aug-25
STURDEE RESIDENCES,BEATTY ROAD,8,Non-Landed Properties,2,"4,350",60 to 70,600 to 700,Aug-25
STURDEE RESIDENCES,BEATTY ROAD,8,Non-Landed Properties,1,"3,400",30 to 40,400 to 500,Aug-25
STURDEE RESIDENCES,BEATTY ROAD,8,Non-Landed Properties,2,"4,200",50 to 60,500 to 600,Aug-25
STURDEE RESIDENCES,BEATTY ROAD,8,Non-Landed Properties,1,"3,500",30 to 40,400 to 500,Aug-25
STURDEE RESIDENCES,BEATTY ROAD,8,Non-Landed Properties,1,"3,200",30 to 40,400 to 500,Aug-25
STURDEE RESIDENCES,BEATTY ROAD,8,Non-Landed Properties,2,"4,000",60 to 70,600 to 700,Aug-25
STURDEE RESIDENCES,BEATTY ROAD,8,Non-Landed Properties,2,"4,100",60 to 70,600 to 700,Aug-25
STURDEE RESIDENCES,BEATTY ROAD,8,Non-Landed Properties,1,"3,200",30 to 40,400 to 500,Aug-25
STURDEE RESIDENCES,BEATTY ROAD,8,Non-Landed Properties,2,"4,500",60 to 70,600 to 700,Aug-25
STURDEE RESIDENCES,BEATTY ROAD,8,Non-Landed Properties,3,"5,300",70 to 80,800 to 900,Aug-25
STURDEE RESIDENCES,BEATTY ROAD,8,Non-Landed Properties,2,"4,200",60 to 70,600 to 700,Aug-25
STURDEE RESIDENCES,BEATTY ROAD,8,Non-Landed Properties,3,"5,300",80 to 90,"900 to 1,000",Aug-25
STURDEE RESIDENCES,BEATTY ROAD,8,Non-Landed Properties,2,"4,200",60 to 70,600 to 700,Aug-25
STURDEE RESIDENCES,BEATTY ROAD,8,Non-Landed Properties,1,"3,450",30 to 40,400 to 500,Aug-25
STURDEE RESIDENCES,BEATTY ROAD,8,Non-Landed Properties,3,"5,300",80 to 90,"900 to 1,000",Aug-25
NON-LANDED HOUSING DEVELOPMENT,RACE COURSE ROAD,8,Non-Landed Properties,NA,"2,200",50 to 60,500 to 600,Aug-25
NON-LANDED HOUSING DEVELOPMENT,RACE COURSE ROAD,8,Non-Landed Properties,NA,"2,300",20 to 30,200 to 300,Aug-25
NON-LANDED HOUSING DEVELOPMENT,RACE COURSE ROAD,8,Non-Landed Properties,NA,"5,200",210 to 220,"2,300 to 2,400",Aug-25
NON-LANDED HOUSING DEVELOPMENT,BIRCH ROAD,8,Non-Landed Properties,NA,"4,000",20 to 30,300 to 400,Aug-25
NON-LANDED HOUSING DEVELOPMENT,BIRCH ROAD,8,Non-Landed Properties,NA,"3,800",20 to 30,300 to 400,Aug-25
NON-LANDED HOUSING DEVELOPMENT,KINTA ROAD,8,Non-Landed Properties,2,"2,700",70 to 80,800 to 900,Aug-25
MERA SPRINGS,CARLISLE ROAD,8,Non-Landed Properties,3,"5,450",110 to 120,"1,200 to 1,300",Aug-25
CHERRYLOFT,RANGOON ROAD,8,Non-Landed Properties,NA,"2,200",20 to 30,300 to 400,Aug-25
CHERRYLOFT,RANGOON ROAD,8,Non-Landed Properties,NA,"1,900",20 to 30,300 to 400,Aug-25
CHERRYLOFT,RANGOON ROAD,8,Non-Landed Properties,NA,"2,300",20 to 30,300 to 400,Aug-25
LE SOMME,SOMME ROAD,8,Non-Landed Properties,1,"3,400",80 to 90,"900 to 1,000",Aug-25
CITY LOFT,RACE COURSE ROAD,8,Non-Landed Properties,1,"2,300",30 to 40,300 to 400,Aug-25
CITY LOFT,RACE COURSE ROAD,8,Non-Landed Properties,1,"2,700",30 to 40,300 to 400,Aug-25
SUITES 123,RANGOON ROAD,8,Non-Landed Properties,1,"3,000",40 to 50,400 to 500,Aug-25
SUITES 123,RANGOON ROAD,8,Non-Landed Properties,1,"2,900",50 to 60,500 to 600,Aug-25
NON-LANDED HOUSING DEVELOPMENT,KITCHENER ROAD,8,Non-Landed Properties,NA,"5,500",120 to 130,"1,300 to 1,400",Aug-25
FARRER PARK SUITES,OWEN ROAD,8,Non-Landed Properties,1,"3,150",50 to 60,600 to 700,Aug-25
THE MERLOT,KENG LEE ROAD,8,Non-Landed Properties,1,"3,200",40 to 50,500 to 600,Aug-25
THE MERLOT,KENG LEE ROAD,8,Non-Landed Properties,2,"3,600",80 to 90,800 to 900,Aug-25
MAPLE LEAF ELITE 1,RANGOON ROAD,8,Non-Landed Properties,1,"3,600",50 to 60,600 to 700,Aug-25
MAPLE LEAF ELITE 1,RANGOON ROAD,8,Non-Landed Properties,1,"3,000",40 to 50,400 to 500,Aug-25
CITYLIGHTS,JELLICOE ROAD,8,Non-Landed Properties,1,"3,400",50 to 60,500 to 600,Aug-25
CITYLIGHTS,JELLICOE ROAD,8,Non-Landed Properties,2,"5,000",80 to 90,"900 to 1,000",Aug-25
CITYLIGHTS,JELLICOE ROAD,8,Non-Landed Properties,1,"3,600",50 to 60,500 to 600,Aug-25
CITYLIGHTS,JELLICOE ROAD,8,Non-Landed Properties,2,"5,000",80 to 90,"900 to 1,000",Aug-25
CITYLIGHTS,JELLICOE ROAD,8,Non-Landed Properties,1,"4,300",60 to 70,600 to 700,Aug-25
CITYLIGHTS,JELLICOE ROAD,8,Non-Landed Properties,1,"4,200",60 to 70,600 to 700,Aug-25
CITYLIGHTS,JELLICOE ROAD,8,Non-Landed Properties,1,"3,800",50 to 60,500 to 600,Aug-25
CITYLIGHTS,JELLICOE ROAD,8,Non-Landed Properties,1,"4,300",60 to 70,600 to 700,Aug-25
CITYLIGHTS,JELLICOE ROAD,8,Non-Landed Properties,1,"4,200",60 to 70,700 to 800,Aug-25
CITYLIGHTS,JELLICOE ROAD,8,Non-Landed Properties,1,"4,350",60 to 70,700 to 800,Aug-25
CITYLIGHTS,JELLICOE ROAD,8,Non-Landed Properties,1,"3,700",50 to 60,500 to 600,Aug-25
CITYLIGHTS,JELLICOE ROAD,8,Non-Landed Properties,1,"4,000",60 to 70,600 to 700,Aug-25
CITYLIGHTS,JELLICOE ROAD,8,Non-Landed Properties,1,"3,800",50 to 60,500 to 600,Aug-25
CITYLIGHTS,JELLICOE ROAD,8,Non-Landed Properties,1,"4,100",60 to 70,600 to 700,Aug-25
CITYLIGHTS,JELLICOE ROAD,8,Non-Landed Properties,3,"6,100",130 to 140,"1,400 to 1,500",Aug-25
CITYLIGHTS,JELLICOE ROAD,8,Non-Landed Properties,3,"5,800",120 to 130,"1,300 to 1,400",Aug-25
KENG LEE VIEW,KENG LEE ROAD,8,Non-Landed Properties,NA,"4,000",110 to 120,"1,200 to 1,300",Aug-25
KENG LEE VIEW,KENG LEE ROAD,8,Non-Landed Properties,NA,"4,567",110 to 120,"1,200 to 1,300",Aug-25
URBAN LOFTS,RANGOON ROAD,8,Non-Landed Properties,1,"3,000",50 to 60,500 to 600,Aug-25
URBAN LOFTS,RANGOON ROAD,8,Non-Landed Properties,2,"3,450",70 to 80,700 to 800,Aug-25
URBAN LOFTS,RANGOON ROAD,8,Non-Landed Properties,1,"2,650",40 to 50,400 to 500,Aug-25
URBAN LOFTS,RANGOON ROAD,8,Non-Landed Properties,1,"2,900",40 to 50,400 to 500,Aug-25
NON-LANDED HOUSING DEVELOPMENT,SERANGOON ROAD,8,Non-Landed Properties,NA,"5,800",70 to 80,700 to 800,Aug-25
NON-LANDED HOUSING DEVELOPMENT,SERANGOON ROAD,8,Non-Landed Properties,NA,"4,500",70 to 80,700 to 800,Aug-25
PRISTINE HEIGHTS,MERGUI ROAD,8,Non-Landed Properties,2,"4,100",60 to 70,700 to 800,Aug-25
PRISTINE HEIGHTS,MERGUI ROAD,8,Non-Landed Properties,3,"4,500",90 to 100,"1,000 to 1,100",Aug-25
PRISTINE HEIGHTS,MERGUI ROAD,8,Non-Landed Properties,3,"5,400",90 to 100,"1,000 to 1,100",Aug-25
HOA NAM BUILDING,FOCH ROAD,8,Non-Landed Properties,2,"3,500",70 to 80,800 to 900,Aug-25
R66 APARTMENTS,RANGOON ROAD,8,Non-Landed Properties,1,"3,200",40 to 50,400 to 500,Aug-25
NON-LANDED HOUSING DEVELOPMENT,OWEN ROAD,8,Non-Landed Properties,NA,"4,200",60 to 70,700 to 800,Aug-25
KENT RESIDENCES,KENT ROAD,8,Non-Landed Properties,1,"3,000",30 to 40,400 to 500,Aug-25
CLYDES RESIDENCE,MERGUI ROAD,8,Non-Landed Properties,2,"4,000",90 to 100,"1,000 to 1,100",Aug-25
CARLISLE COURT,CARLISLE ROAD,8,Non-Landed Properties,3,"4,150",100 to 110,"1,100 to 1,200",Aug-25
RACE COURSE MANSION,RACE COURSE ROAD,8,Non-Landed Properties,3,"5,300",100 to 110,"1,100 to 1,200",Jul-25
CITY SQUARE RESIDENCES,KITCHENER LINK,8,Non-Landed Properties,2,"4,500",70 to 80,800 to 900,Jul-25
CITY SQUARE RESIDENCES,KITCHENER LINK,8,Non-Landed Properties,3,"6,200",110 to 120,"1,200 to 1,300",Jul-25
CITY SQUARE RESIDENCES,KITCHENER LINK,8,Non-Landed Properties,2,"4,500",70 to 80,800 to 900,Jul-25
CITY SQUARE RESIDENCES,KITCHENER LINK,8,Non-Landed Properties,1,"3,500",50 to 60,500 to 600,Jul-25
CITY SQUARE RESIDENCES,KITCHENER LINK,8,Non-Landed Properties,2,"4,500",70 to 80,800 to 900,Jul-25
CITY SQUARE RESIDENCES,KITCHENER LINK,8,Non-Landed Properties,2,"5,000",70 to 80,800 to 900,Jul-25
CITY SQUARE RESIDENCES,KITCHENER LINK,8,Non-Landed Properties,2,"4,500",70 to 80,800 to 900,Jul-25
CITY SQUARE RESIDENCES,KITCHENER LINK,8,Non-Landed Properties,3,"5,800",110 to 120,"1,200 to 1,300",Jul-25
CITY SQUARE RESIDENCES,KITCHENER LINK,8,Non-Landed Properties,2,"4,500",70 to 80,800 to 900,Jul-25
CITY SQUARE RESIDENCES,KITCHENER LINK,8,Non-Landed Properties,1,"3,500",50 to 60,500 to 600,Jul-25
CITY SQUARE RESIDENCES,KITCHENER LINK,8,Non-Landed Properties,2,"4,400",70 to 80,800 to 900,Jul-25
CITY SQUARE RESIDENCES,KITCHENER LINK,8,Non-Landed Properties,2,"5,000",70 to 80,800 to 900,Jul-25
CITY SQUARE RESIDENCES,KITCHENER LINK,8,Non-Landed Properties,2,"4,600",70 to 80,800 to 900,Jul-25
CITY SQUARE RESIDENCES,KITCHENER LINK,8,Non-Landed Properties,3,"5,900",110 to 120,"1,200 to 1,300",Jul-25
CITY SQUARE RESIDENCES,KITCHENER LINK,8,Non-Landed Properties,3,"6,800",110 to 120,"1,200 to 1,300",Jul-25
CITY SQUARE RESIDENCES,KITCHENER LINK,8,Non-Landed Properties,3,"6,300",110 to 120,"1,200 to 1,300",Jul-25
CITY SQUARE RESIDENCES,KITCHENER LINK,8,Non-Landed Properties,3,"6,500",110 to 120,"1,200 to 1,300",Jul-25
CITY SQUARE RESIDENCES,KITCHENER LINK,8,Non-Landed Properties,2,"4,500",80 to 90,800 to 900,Jul-25
CITY SQUARE RESIDENCES,KITCHENER LINK,8,Non-Landed Properties,2,"4,700",80 to 90,800 to 900,Jul-25
CITY SQUARE RESIDENCES,KITCHENER LINK,8,Non-Landed Properties,1,"3,750",50 to 60,500 to 600,Jul-25
CITY SQUARE RESIDENCES,KITCHENER LINK,8,Non-Landed Properties,3,"5,000",110 to 120,"1,200 to 1,300",Jul-25
CITY SQUARE RESIDENCES,KITCHENER LINK,8,Non-Landed Properties,4,"7,000",130 to 140,"1,400 to 1,500",Jul-25
CITY SQUARE RESIDENCES,KITCHENER LINK,8,Non-Landed Properties,1,"3,500",50 to 60,500 to 600,Jul-25
CITY SQUARE RESIDENCES,KITCHENER LINK,8,Non-Landed Properties,3,"6,000",110 to 120,"1,100 to 1,200",Jul-25
CITY SQUARE RESIDENCES,KITCHENER LINK,8,Non-Landed Properties,3,"5,500",110 to 120,"1,200 to 1,300",Jul-25
CITY SQUARE RESIDENCES,KITCHENER LINK,8,Non-Landed Properties,3,"6,000",110 to 120,"1,200 to 1,300",Jul-25
CITY SQUARE RESIDENCES,KITCHENER LINK,8,Non-Landed Properties,3,"5,600",110 to 120,"1,100 to 1,200",Jul-25
CITY SQUARE RESIDENCES,KITCHENER LINK,8,Non-Landed Properties,4,"6,600",140 to 150,"1,500 to 1,600",Jul-25
CITY SQUARE RESIDENCES,KITCHENER LINK,8,Non-Landed Properties,3,"5,750",110 to 120,"1,100 to 1,200",Jul-25
CITY SQUARE RESIDENCES,KITCHENER LINK,8,Non-Landed Properties,1,"3,400",50 to 60,500 to 600,Jul-25
CITY SQUARE RESIDENCES,KITCHENER LINK,8,Non-Landed Properties,3,"5,300",110 to 120,"1,200 to 1,300",Jul-25
LOFT @ RANGOON,RANGOON ROAD,8,Non-Landed Properties,1,"3,000",40 to 50,400 to 500,Jul-25
D'CAMBRIDGE,CAMBRIDGE ROAD,8,Non-Landed Properties,2,"3,300",60 to 70,700 to 800,Jul-25
JALAN BESAR PLAZA,KITCHENER ROAD,8,Non-Landed Properties,2,"4,400",80 to 90,"900 to 1,000",Jul-25
SUITES @ OWEN,OWEN ROAD,8,Non-Landed Properties,1,"2,500",30 to 40,300 to 400,Jul-25
SUITES @ OWEN,OWEN ROAD,8,Non-Landed Properties,1,"2,900",40 to 50,500 to 600,Jul-25
SUITES @ OWEN,OWEN ROAD,8,Non-Landed Properties,2,"4,000",70 to 80,800 to 900,Jul-25
SUITES @ OWEN,OWEN ROAD,8,Non-Landed Properties,1,"3,000",40 to 50,400 to 500,Jul-25
NON-LANDED HOUSING DEVELOPMENT,CARLISLE ROAD,8,Non-Landed Properties,NA,"2,100",80 to 90,"900 to 1,000",Jul-25
RACE COURSE 138,RACE COURSE ROAD,8,Non-Landed Properties,1,"3,000",40 to 50,400 to 500,Jul-25
RACE COURSE 138,RACE COURSE ROAD,8,Non-Landed Properties,1,"3,100",30 to 40,400 to 500,Jul-25
RACE COURSE 138,RACE COURSE ROAD,8,Non-Landed Properties,1,"3,200",50 to 60,600 to 700,Jul-25
KENG LEE COURT,KENG LEE ROAD,8,Non-Landed Properties,1,"2,600",40 to 50,400 to 500,Jul-25
NON-LANDED HOUSING DEVELOPMENT,HAMILTON ROAD,8,Non-Landed Properties,NA,"4,050",110 to 120,"1,200 to 1,300",Jul-25
SOHO 188,RACE COURSE ROAD,8,Non-Landed Properties,1,"3,500",40 to 50,400 to 500,Jul-25
SOHO 188,RACE COURSE ROAD,8,Non-Landed Properties,2,"3,500",50 to 60,600 to 700,Jul-25
SOHO 188,RACE COURSE ROAD,8,Non-Landed Properties,1,"2,900",40 to 50,400 to 500,Jul-25
UPTOWN @ FARRER,PERUMAL ROAD,8,Non-Landed Properties,2,"3,500",40 to 50,500 to 600,Jul-25
UPTOWN @ FARRER,PERUMAL ROAD,8,Non-Landed Properties,2,"3,700",40 to 50,500 to 600,Jul-25
UPTOWN @ FARRER,PERUMAL ROAD,8,Non-Landed Properties,3,"4,800",70 to 80,800 to 900,Jul-25
UPTOWN @ FARRER,PERUMAL ROAD,8,Non-Landed Properties,2,"3,800",40 to 50,500 to 600,Jul-25
UPTOWN @ FARRER,PERUMAL ROAD,8,Non-Landed Properties,2,"3,900",40 to 50,500 to 600,Jul-25
UPTOWN @ FARRER,PERUMAL ROAD,8,Non-Landed Properties,3,"4,700",60 to 70,700 to 800,Jul-25
UPTOWN @ FARRER,PERUMAL ROAD,8,Non-Landed Properties,3,"4,700",60 to 70,600 to 700,Jul-25
UPTOWN @ FARRER,PERUMAL ROAD,8,Non-Landed Properties,3,"5,150",70 to 80,800 to 900,Jul-25
1953,TESSENSOHN ROAD,8,Non-Landed Properties,2,"4,500",70 to 80,700 to 800,Jul-25
VANADIUM,HERTFORD ROAD,8,Non-Landed Properties,2,"3,200",60 to 70,700 to 800,Jul-25
THE CITRON RESIDENCES,MARNE ROAD,8,Non-Landed Properties,2,"3,900",60 to 70,600 to 700,Jul-25
THE CITRON RESIDENCES,MARNE ROAD,8,Non-Landed Properties,3,"3,950",80 to 90,"900 to 1,000",Jul-25
THE CITRON RESIDENCES,MARNE ROAD,8,Non-Landed Properties,3,"4,950",70 to 80,800 to 900,Jul-25
THE CITRON RESIDENCES,MARNE ROAD,8,Non-Landed Properties,3,"4,950",70 to 80,800 to 900,Jul-25
THE CITRON RESIDENCES,MARNE ROAD,8,Non-Landed Properties,3,"5,200",100 to 110,"1,100 to 1,200",Jul-25
CITIGATE RESIDENCE,RANGOON ROAD,8,Non-Landed Properties,2,"3,300",50 to 60,600 to 700,Jul-25
CITIGATE RESIDENCE,RANGOON ROAD,8,Non-Landed Properties,1,"3,000",40 to 50,500 to 600,Jul-25
NON-LANDED HOUSING DEVELOPMENT,HERTFORD ROAD,8,Non-Landed Properties,NA,"4,800",110 to 120,"1,200 to 1,300",Jul-25
OXFORD SUITES,OXFORD ROAD,8,Non-Landed Properties,1,"3,400",60 to 70,600 to 700,Jul-25
KENTISH GREEN,OXFORD ROAD,8,Non-Landed Properties,2,"3,900",110 to 120,"1,200 to 1,300",Jul-25
KENTISH GREEN,OXFORD ROAD,8,Non-Landed Properties,3,"5,250",110 to 120,"1,200 to 1,300",Jul-25
FORTE SUITES,MERGUI ROAD,8,Non-Landed Properties,1,"3,000",40 to 50,400 to 500,Jul-25
FORTE SUITES,MERGUI ROAD,8,Non-Landed Properties,2,"3,500",50 to 60,600 to 700,Jul-25
FORTE SUITES,MERGUI ROAD,8,Non-Landed Properties,2,"3,400",50 to 60,600 to 700,Jul-25
FORTE SUITES,MERGUI ROAD,8,Non-Landed Properties,1,"3,000",40 to 50,400 to 500,Jul-25
FORTE SUITES,MERGUI ROAD,8,Non-Landed Properties,2,"3,800",60 to 70,600 to 700,Jul-25
FORTE SUITES,MERGUI ROAD,8,Non-Landed Properties,2,"3,600",50 to 60,600 to 700,Jul-25
FORTE SUITES,MERGUI ROAD,8,Non-Landed Properties,1,"2,750",40 to 50,400 to 500,Jul-25
FORTE SUITES,MERGUI ROAD,8,Non-Landed Properties,2,"3,400",50 to 60,600 to 700,Jul-25
CAVAN SUITES,CAVAN ROAD,8,Non-Landed Properties,NA,"2,300",20 to 30,300 to 400,Jul-25
CITYSCAPE @FARRER PARK,MERGUI ROAD,8,Non-Landed Properties,2,"4,400",90 to 100,"1,000 to 1,100",Jul-25
CITYSCAPE @FARRER PARK,MERGUI ROAD,8,Non-Landed Properties,2,"4,000",100 to 110,"1,100 to 1,200",Jul-25
CITYSCAPE @FARRER PARK,MERGUI ROAD,8,Non-Landed Properties,2,"4,200",90 to 100,"900 to 1,000",Jul-25
CITYSCAPE @FARRER PARK,MERGUI ROAD,8,Non-Landed Properties,2,"4,300",90 to 100,"900 to 1,000",Jul-25
CITYSCAPE @FARRER PARK,MERGUI ROAD,8,Non-Landed Properties,2,"4,200",90 to 100,"900 to 1,000",Jul-25
CITYSCAPE @FARRER PARK,MERGUI ROAD,8,Non-Landed Properties,2,"4,350",90 to 100,"900 to 1,000",Jul-25
CITYSCAPE @FARRER PARK,MERGUI ROAD,8,Non-Landed Properties,3,"5,500",110 to 120,"1,200 to 1,300",Jul-25
CITYSCAPE @FARRER PARK,MERGUI ROAD,8,Non-Landed Properties,2,"4,200",90 to 100,"900 to 1,000",Jul-25
CITYSCAPE @FARRER PARK,MERGUI ROAD,8,Non-Landed Properties,2,"4,200",80 to 90,"900 to 1,000",Jul-25
CITYSCAPE @FARRER PARK,MERGUI ROAD,8,Non-Landed Properties,2,"4,800",100 to 110,"1,100 to 1,200",Jul-25
CITYSCAPE @FARRER PARK,MERGUI ROAD,8,Non-Landed Properties,3,"5,700",110 to 120,"1,200 to 1,300",Jul-25
NON-LANDED HOUSING DEVELOPMENT,SING JOO WALK,8,Non-Landed Properties,NA,"3,800",80 to 90,"900 to 1,000",Jul-25
28 RC SUITES,RACE COURSE LANE,8,Non-Landed Properties,1,"3,000",30 to 40,400 to 500,Jul-25
28 RC SUITES,RACE COURSE LANE,8,Non-Landed Properties,1,"3,500",30 to 40,400 to 500,Jul-25
NON-LANDED HOUSING DEVELOPMENT,KELANTAN LANE,8,Non-Landed Properties,NA,"2,600",180 to 190,"1,900 to 2,000",Jul-25
CITY STUDIOS,RACE COURSE LANE,8,Non-Landed Properties,1,"2,750",40 to 50,400 to 500,Jul-25
CITY STUDIOS,RACE COURSE LANE,8,Non-Landed Properties,1,"2,750",40 to 50,400 to 500,Jul-25
CITY STUDIOS,RACE COURSE LANE,8,Non-Landed Properties,2,"3,300",60 to 70,600 to 700,Jul-25
RANGOON 88,RANGOON ROAD,8,Non-Landed Properties,1,"2,900",40 to 50,400 to 500,Jul-25
RANGOON 88,RANGOON ROAD,8,Non-Landed Properties,2,"4,500",120 to 130,"1,300 to 1,400",Jul-25
RANGOON 88,RANGOON ROAD,8,Non-Landed Properties,1,"2,900",60 to 70,700 to 800,Jul-25
70@TRURO,TRURO ROAD,8,Non-Landed Properties,3,"4,500",70 to 80,800 to 900,Jul-25
70@TRURO,TRURO ROAD,8,Non-Landed Properties,3,"4,000",70 to 80,800 to 900,Jul-25
70@TRURO,TRURO ROAD,8,Non-Landed Properties,3,"4,300",70 to 80,800 to 900,Jul-25
NON-LANDED HOUSING DEVELOPMENT,JOO AVENUE,8,Non-Landed Properties,NA,"3,100",130 to 140,"1,500 to 1,600",Jul-25
JOOL SUITES,SING JOO WALK,8,Non-Landed Properties,1,"3,800",40 to 50,400 to 500,Jul-25
STUDIOS @ MARNE,MARNE ROAD,8,Non-Landed Properties,NA,"3,200",50 to 60,500 to 600,Jul-25
VOGX,DORSET ROAD,8,Non-Landed Properties,2,"3,350",80 to 90,800 to 900,Jul-25
NON-LANDED HOUSING DEVELOPMENT,RANGOON ROAD,8,Non-Landed Properties,NA,"5,800",120 to 130,"1,300 to 1,400",Jul-25
NON-LANDED HOUSING DEVELOPMENT,RANGOON ROAD,8,Non-Landed Properties,NA,"3,800",120 to 130,"1,300 to 1,400",Jul-25
KERRISDALE,STURDEE ROAD,8,Non-Landed Properties,2,"4,500",90 to 100,"900 to 1,000",Jul-25
KERRISDALE,STURDEE ROAD,8,Non-Landed Properties,3,"5,400",110 to 120,"1,200 to 1,300",Jul-25
KERRISDALE,STURDEE ROAD,8,Non-Landed Properties,3,"5,650",110 to 120,"1,200 to 1,300",Jul-25
KERRISDALE,STURDEE ROAD,8,Non-Landed Properties,2,"4,700",90 to 100,"900 to 1,000",Jul-25
KERRISDALE,STURDEE ROAD,8,Non-Landed Properties,3,"5,700",110 to 120,"1,200 to 1,300",Jul-25
KERRISDALE,STURDEE ROAD,8,Non-Landed Properties,3,"5,200",110 to 120,"1,200 to 1,300",Jul-25
KERRISDALE,STURDEE ROAD,8,Non-Landed Properties,3,"5,400",110 to 120,"1,200 to 1,300",Jul-25
KERRISDALE,STURDEE ROAD,8,Non-Landed Properties,3,"5,500",110 to 120,"1,200 to 1,300",Jul-25
KERRISDALE,STURDEE ROAD,8,Non-Landed Properties,2,"4,900",90 to 100,"900 to 1,000",Jul-25
KERRISDALE,STURDEE ROAD,8,Non-Landed Properties,4,"7,000",150 to 160,"1,600 to 1,700",Jul-25
KERRISDALE,STURDEE ROAD,8,Non-Landed Properties,3,"4,600",110 to 120,"1,200 to 1,300",Jul-25
KERRISDALE,STURDEE ROAD,8,Non-Landed Properties,3,"5,400",110 to 120,"1,200 to 1,300",Jul-25
KERRISDALE,STURDEE ROAD,8,Non-Landed Properties,2,"4,300",90 to 100,"900 to 1,000",Jul-25
STURDEE RESIDENCES,BEATTY ROAD,8,Non-Landed Properties,1,"3,300",30 to 40,400 to 500,Jul-25
STURDEE RESIDENCES,BEATTY ROAD,8,Non-Landed Properties,1,"3,400",30 to 40,400 to 500,Jul-25
STURDEE RESIDENCES,BEATTY ROAD,8,Non-Landed Properties,1,"3,400",30 to 40,400 to 500,Jul-25
STURDEE RESIDENCES,BEATTY ROAD,8,Non-Landed Properties,1,"3,400",30 to 40,400 to 500,Jul-25
STURDEE RESIDENCES,BEATTY ROAD,8,Non-Landed Properties,3,"6,200",80 to 90,"900 to 1,000",Jul-25
STURDEE RESIDENCES,BEATTY ROAD,8,Non-Landed Properties,1,"3,200",30 to 40,400 to 500,Jul-25
STURDEE RESIDENCES,BEATTY ROAD,8,Non-Landed Properties,3,"5,900",80 to 90,"900 to 1,000",Jul-25
STURDEE RESIDENCES,BEATTY ROAD,8,Non-Landed Properties,1,"3,800",30 to 40,400 to 500,Jul-25
STURDEE RESIDENCES,BEATTY ROAD,8,Non-Landed Properties,1,"3,200",30 to 40,400 to 500,Jul-25
STURDEE RESIDENCES,BEATTY ROAD,8,Non-Landed Properties,4,"7,600",120 to 130,"1,300 to 1,400",Jul-25
PARC SOMME,SOMME ROAD,8,Non-Landed Properties,2,"3,200",50 to 60,500 to 600,Jul-25
NON-LANDED HOUSING DEVELOPMENT,RACE COURSE ROAD,8,Non-Landed Properties,1,"2,280",30 to 40,300 to 400,Jul-25
NON-LANDED HOUSING DEVELOPMENT,RACE COURSE ROAD,8,Non-Landed Properties,NA,"2,200",20 to 30,200 to 300,Jul-25
NON-LANDED HOUSING DEVELOPMENT,RACE COURSE ROAD,8,Non-Landed Properties,NA,"2,150",20 to 30,200 to 300,Jul-25
NON-LANDED HOUSING DEVELOPMENT,RACE COURSE ROAD,8,Non-Landed Properties,NA,"5,000",150 to 160,"1,600 to 1,700",Jul-25
NON-LANDED HOUSING DEVELOPMENT,KINTA ROAD,8,Non-Landed Properties,2,"2,750",70 to 80,800 to 900,Jul-25
MERA SPRINGS,CARLISLE ROAD,8,Non-Landed Properties,2,"4,550",90 to 100,"1,000 to 1,100",Jul-25
MERA SPRINGS,CARLISLE ROAD,8,Non-Landed Properties,3,"5,300",110 to 120,"1,200 to 1,300",Jul-25
MERA SPRINGS,CARLISLE ROAD,8,Non-Landed Properties,3,"5,500",110 to 120,"1,200 to 1,300",Jul-25
CHERRYLOFT,RANGOON ROAD,8,Non-Landed Properties,NA,"2,100",20 to 30,300 to 400,Jul-25
CHERRYLOFT,RANGOON ROAD,8,Non-Landed Properties,NA,"2,200",20 to 30,300 to 400,Jul-25
CHERRYLOFT,RANGOON ROAD,8,Non-Landed Properties,NA,"2,200",20 to 30,300 to 400,Jul-25
CHERRYLOFT,RANGOON ROAD,8,Non-Landed Properties,NA,"2,250",20 to 30,300 to 400,Jul-25
CHERRYLOFT,RANGOON ROAD,8,Non-Landed Properties,NA,"2,100",20 to 30,300 to 400,Jul-25
TYRWHITT 139,TYRWHITT ROAD,8,Non-Landed Properties,1,"3,900",60 to 70,700 to 800,Jul-25
LE SOMME,SOMME ROAD,8,Non-Landed Properties,1,"2,850",40 to 50,500 to 600,Jul-25
LE SOMME,SOMME ROAD,8,Non-Landed Properties,1,"3,400",50 to 60,500 to 600,Jul-25
CITY LOFT,RACE COURSE ROAD,8,Non-Landed Properties,1,"2,500",30 to 40,300 to 400,Jul-25
SUITES 123,RANGOON ROAD,8,Non-Landed Properties,1,"2,800",40 to 50,400 to 500,Jul-25
THE URBANITE,HERTFORD ROAD,8,Non-Landed Properties,2,"3,800",60 to 70,700 to 800,Jul-25
NON-LANDED HOUSING DEVELOPMENT,KITCHENER ROAD,8,Non-Landed Properties,NA,"5,500",120 to 130,"1,300 to 1,400",Jul-25
NON-LANDED HOUSING DEVELOPMENT,ROBERTS LANE,8,Non-Landed Properties,NA,"4,900",70 to 80,700 to 800,Jul-25
FARRER PARK SUITES,OWEN ROAD,8,Non-Landed Properties,NA,"3,600",30 to 40,400 to 500,Jul-25
THE MERLOT,KENG LEE ROAD,8,Non-Landed Properties,1,"2,800",40 to 50,500 to 600,Jul-25
NON-LANDED HOUSING DEVELOPMENT,DICKSON ROAD,8,Non-Landed Properties,NA,"3,000",80 to 90,"900 to 1,000",Jul-25
MAPLE LEAF ELITE 1,RANGOON ROAD,8,Non-Landed Properties,1,"3,100",40 to 50,400 to 500,Jul-25
CITYLIGHTS,JELLICOE ROAD,8,Non-Landed Properties,2,"4,800",80 to 90,"900 to 1,000",Jul-25
CITYLIGHTS,JELLICOE ROAD,8,Non-Landed Properties,1,"4,500",60 to 70,600 to 700,Jul-25
CITYLIGHTS,JELLICOE ROAD,8,Non-Landed Properties,1,"4,250",60 to 70,600 to 700,Jul-25
CITYLIGHTS,JELLICOE ROAD,8,Non-Landed Properties,1,"4,500",60 to 70,700 to 800,Jul-25
CITYLIGHTS,JELLICOE ROAD,8,Non-Landed Properties,1,"3,700",50 to 60,500 to 600,Jul-25
CITYLIGHTS,JELLICOE ROAD,8,Non-Landed Properties,2,"4,900",80 to 90,800 to 900,Jul-25
CITYLIGHTS,JELLICOE ROAD,8,Non-Landed Properties,2,"4,850",80 to 90,800 to 900,Jul-25
CITYLIGHTS,JELLICOE ROAD,8,Non-Landed Properties,4,"8,800",170 to 180,"1,800 to 1,900",Jul-25
CITYLIGHTS,JELLICOE ROAD,8,Non-Landed Properties,1,"3,700",50 to 60,500 to 600,Jul-25
CITYLIGHTS,JELLICOE ROAD,8,Non-Landed Properties,2,"4,300",80 to 90,800 to 900,Jul-25
CITYLIGHTS,JELLICOE ROAD,8,Non-Landed Properties,1,"3,800",50 to 60,500 to 600,Jul-25
CITYLIGHTS,JELLICOE ROAD,8,Non-Landed Properties,1,"3,800",50 to 60,500 to 600,Jul-25
CITYLIGHTS,JELLICOE ROAD,8,Non-Landed Properties,1,"3,900",50 to 60,500 to 600,Jul-25
CITYLIGHTS,JELLICOE ROAD,8,Non-Landed Properties,2,"5,000",80 to 90,800 to 900,Jul-25
CITYLIGHTS,JELLICOE ROAD,8,Non-Landed Properties,1,"4,300",60 to 70,700 to 800,Jul-25
CITYLIGHTS,JELLICOE ROAD,8,Non-Landed Properties,1,"3,550",50 to 60,500 to 600,Jul-25
CITYLIGHTS,JELLICOE ROAD,8,Non-Landed Properties,2,"4,900",80 to 90,800 to 900,Jul-25
CITYLIGHTS,JELLICOE ROAD,8,Non-Landed Properties,3,"6,000",120 to 130,"1,300 to 1,400",Jul-25
CITYLIGHTS,JELLICOE ROAD,8,Non-Landed Properties,3,"6,500",130 to 140,"1,400 to 1,500",Jul-25
URBAN LOFTS,RANGOON ROAD,8,Non-Landed Properties,1,"2,600",30 to 40,400 to 500,Jul-25
RESIDENCES @ SOMME,PETAIN ROAD,8,Non-Landed Properties,1,"3,000",40 to 50,400 to 500,Jul-25
SAM LEONG MANSION,SAM LEONG ROAD,8,Non-Landed Properties,NA,"4,100",90 to 100,"1,000 to 1,100",Jul-25
NON-LANDED HOUSING DEVELOPMENT,SERANGOON ROAD,8,Non-Landed Properties,NA,"3,500",60 to 70,700 to 800,Jul-25
NON-LANDED HOUSING DEVELOPMENT,SERANGOON ROAD,8,Non-Landed Properties,NA,"2,700",60 to 70,700 to 800,Jul-25
NON-LANDED HOUSING DEVELOPMENT,SERANGOON ROAD,8,Non-Landed Properties,NA,"4,700",100 to 110,"1,100 to 1,200",Jul-25
MERGUI MANSIONS,MERGUI ROAD,8,Non-Landed Properties,3,"3,750",120 to 130,"1,300 to 1,400",Jul-25
MERGUI MANSIONS,MERGUI ROAD,8,Non-Landed Properties,3,"3,800",130 to 140,"1,400 to 1,500",Jul-25
RITZ @ FARRER,RACE COURSE ROAD,8,Non-Landed Properties,1,"3,100",50 to 60,500 to 600,Jul-25
RITZ @ FARRER,RACE COURSE ROAD,8,Non-Landed Properties,2,"3,700",70 to 80,800 to 900,Jul-25
PRISTINE HEIGHTS,MERGUI ROAD,8,Non-Landed Properties,2,"3,800",60 to 70,700 to 800,Jul-25
PRISTINE HEIGHTS,MERGUI ROAD,8,Non-Landed Properties,3,"4,200",70 to 80,800 to 900,Jul-25
HOA NAM BUILDING,FOCH ROAD,8,Non-Landed Properties,2,"3,500",70 to 80,800 to 900,Jul-25
R66 APARTMENTS,RANGOON ROAD,8,Non-Landed Properties,1,"3,500",40 to 50,500 to 600,Jul-25
NON-LANDED HOUSING DEVELOPMENT,FLANDERS SQUARE,8,Non-Landed Properties,NA,"3,000",90 to 100,"1,000 to 1,100",Jul-25
CLYDES RESIDENCE,MERGUI ROAD,8,Non-Landed Properties,1,"2,950",50 to 60,500 to 600,Jul-25
CLYDES RESIDENCE,MERGUI ROAD,8,Non-Landed Properties,2,"4,000",90 to 100,"1,000 to 1,100",Jul-25
CLYDES RESIDENCE,MERGUI ROAD,8,Non-Landed Properties,2,"4,100",90 to 100,"1,000 to 1,100",Jul-25
CLYDES RESIDENCE,MERGUI ROAD,8,Non-Landed Properties,2,"4,000",90 to 100,"1,000 to 1,100",Jul-25
MAPLE LEAF ELITE 2,RANGOON ROAD,8,Non-Landed Properties,1,"3,800",70 to 80,700 to 800,Jun-25
KERRISDALE,STURDEE ROAD,8,Non-Landed Properties,3,"5,750",110 to 120,"1,200 to 1,300",Jun-25
KERRISDALE,STURDEE ROAD,8,Non-Landed Properties,2,"4,200",90 to 100,"900 to 1,000",Jun-25
KERRISDALE,STURDEE ROAD,8,Non-Landed Properties,3,"5,800",110 to 120,"1,200 to 1,300",Jun-25
KERRISDALE,STURDEE ROAD,8,Non-Landed Properties,3,"5,600",110 to 120,"1,200 to 1,300",Jun-25
KERRISDALE,STURDEE ROAD,8,Non-Landed Properties,3,"5,000",110 to 120,"1,200 to 1,300",Jun-25
KERRISDALE,STURDEE ROAD,8,Non-Landed Properties,3,"5,800",110 to 120,"1,200 to 1,300",Jun-25
KERRISDALE,STURDEE ROAD,8,Non-Landed Properties,2,"4,500",90 to 100,"900 to 1,000",Jun-25
KERRISDALE,STURDEE ROAD,8,Non-Landed Properties,3,"5,400",110 to 120,"1,200 to 1,300",Jun-25
NON-LANDED HOUSING DEVELOPMENT,CHANDER ROAD,8,Non-Landed Properties,NA,"3,400",60 to 70,600 to 700,Jun-25
CITY SQUARE RESIDENCES,KITCHENER LINK,8,Non-Landed Properties,2,"4,450",70 to 80,800 to 900,Jun-25
CITY SQUARE RESIDENCES,KITCHENER LINK,8,Non-Landed Properties,2,"4,400",70 to 80,800 to 900,Jun-25
CITY SQUARE RESIDENCES,KITCHENER LINK,8,Non-Landed Properties,3,"6,200",110 to 120,"1,200 to 1,300",Jun-25
CITY SQUARE RESIDENCES,KITCHENER LINK,8,Non-Landed Properties,2,"4,350",70 to 80,800 to 900,Jun-25
CITY SQUARE RESIDENCES,KITCHENER LINK,8,Non-Landed Properties,2,"5,000",70 to 80,800 to 900,Jun-25
CITY SQUARE RESIDENCES,KITCHENER LINK,8,Non-Landed Properties,2,"3,900",70 to 80,800 to 900,Jun-25
CITY SQUARE RESIDENCES,KITCHENER LINK,8,Non-Landed Properties,2,"4,300",70 to 80,800 to 900,Jun-25
CITY SQUARE RESIDENCES,KITCHENER LINK,8,Non-Landed Properties,3,"5,900",110 to 120,"1,200 to 1,300",Jun-25
CITY SQUARE RESIDENCES,KITCHENER LINK,8,Non-Landed Properties,1,"3,500",50 to 60,500 to 600,Jun-25
CITY SQUARE RESIDENCES,KITCHENER LINK,8,Non-Landed Properties,1,"3,500",50 to 60,500 to 600,Jun-25
CITY SQUARE RESIDENCES,KITCHENER LINK,8,Non-Landed Properties,2,"5,500",70 to 80,800 to 900,Jun-25
CITY SQUARE RESIDENCES,KITCHENER LINK,8,Non-Landed Properties,2,"4,500",70 to 80,800 to 900,Jun-25
CITY SQUARE RESIDENCES,KITCHENER LINK,8,Non-Landed Properties,3,"5,200",110 to 120,"1,200 to 1,300",Jun-25
CITY SQUARE RESIDENCES,KITCHENER LINK,8,Non-Landed Properties,2,"4,700",70 to 80,800 to 900,Jun-25
CITY SQUARE RESIDENCES,KITCHENER LINK,8,Non-Landed Properties,1,"3,500",50 to 60,500 to 600,Jun-25
CITY SQUARE RESIDENCES,KITCHENER LINK,8,Non-Landed Properties,3,"6,300",110 to 120,"1,200 to 1,300",Jun-25
CITY SQUARE RESIDENCES,KITCHENER LINK,8,Non-Landed Properties,3,"6,200",110 to 120,"1,200 to 1,300",Jun-25
CITY SQUARE RESIDENCES,KITCHENER LINK,8,Non-Landed Properties,2,"4,500",80 to 90,800 to 900,Jun-25
CITY SQUARE RESIDENCES,KITCHENER LINK,8,Non-Landed Properties,2,"4,300",70 to 80,800 to 900,Jun-25
CITY SQUARE RESIDENCES,KITCHENER LINK,8,Non-Landed Properties,2,"4,600",70 to 80,800 to 900,Jun-25
CITY SQUARE RESIDENCES,KITCHENER LINK,8,Non-Landed Properties,2,"4,300",70 to 80,800 to 900,Jun-25
CITY SQUARE RESIDENCES,KITCHENER LINK,8,Non-Landed Properties,1,"3,500",50 to 60,500 to 600,Jun-25
CITY SQUARE RESIDENCES,KITCHENER LINK,8,Non-Landed Properties,4,"6,800",140 to 150,"1,500 to 1,600",Jun-25
CITY SQUARE RESIDENCES,KITCHENER LINK,8,Non-Landed Properties,1,"3,000",50 to 60,500 to 600,Jun-25
CITY SQUARE RESIDENCES,KITCHENER LINK,8,Non-Landed Properties,1,"2,800",50 to 60,500 to 600,Jun-25
CITY SQUARE RESIDENCES,KITCHENER LINK,8,Non-Landed Properties,1,"3,500",50 to 60,500 to 600,Jun-25
STURDEE RESIDENCES,BEATTY ROAD,8,Non-Landed Properties,3,"5,100",70 to 80,800 to 900,Jun-25
STURDEE RESIDENCES,BEATTY ROAD,8,Non-Landed Properties,1,"3,300",30 to 40,400 to 500,Jun-25
STURDEE RESIDENCES,BEATTY ROAD,8,Non-Landed Properties,3,"5,100",70 to 80,800 to 900,Jun-25
PARC SOMME,SOMME ROAD,8,Non-Landed Properties,1,"3,000",30 to 40,300 to 400,Jun-25
PARC SOMME,SOMME ROAD,8,Non-Landed Properties,2,"2,200",60 to 70,600 to 700,Jun-25
NON-LANDED HOUSING DEVELOPMENT,RACE COURSE ROAD,8,Non-Landed Properties,1,"2,280",30 to 40,300 to 400,Jun-25
NON-LANDED HOUSING DEVELOPMENT,RACE COURSE ROAD,8,Non-Landed Properties,NA,"2,120",30 to 40,300 to 400,Jun-25
NON-LANDED HOUSING DEVELOPMENT,RACE COURSE ROAD,8,Non-Landed Properties,NA,"2,100",20 to 30,200 to 300,Jun-25
NON-LANDED HOUSING DEVELOPMENT,BIRCH ROAD,8,Non-Landed Properties,NA,"2,000",90 to 100,"1,000 to 1,100",Jun-25
NON-LANDED HOUSING DEVELOPMENT,BIRCH ROAD,8,Non-Landed Properties,NA,"2,700",60 to 70,600 to 700,Jun-25
NON-LANDED HOUSING DEVELOPMENT,CARLISLE ROAD,8,Non-Landed Properties,NA,"2,100",80 to 90,"900 to 1,000",Jun-25
MERA SPRINGS,CARLISLE ROAD,8,Non-Landed Properties,2,"4,700",90 to 100,"1,000 to 1,100",Jun-25
MERA SPRINGS,CARLISLE ROAD,8,Non-Landed Properties,2,"4,150",90 to 100,"1,000 to 1,100",Jun-25
MERA SPRINGS,CARLISLE ROAD,8,Non-Landed Properties,4,"6,600",140 to 150,"1,500 to 1,600",Jun-25
SOHO @ FARRER,RACE COURSE ROAD,8,Non-Landed Properties,1,"2,500",30 to 40,300 to 400,Jun-25
8 FARRER SUITES,SING JOO WALK,8,Non-Landed Properties,2,"3,800",60 to 70,600 to 700,Jun-25
CHERRYLOFT,RANGOON ROAD,8,Non-Landed Properties,NA,"2,300",20 to 30,300 to 400,Jun-25
CHERRYLOFT,RANGOON ROAD,8,Non-Landed Properties,NA,"2,300",20 to 30,300 to 400,Jun-25
CHERRYLOFT,RANGOON ROAD,8,Non-Landed Properties,NA,"2,200",20 to 30,300 to 400,Jun-25
CHERRYLOFT,RANGOON ROAD,8,Non-Landed Properties,NA,"1,800",20 to 30,300 to 400,Jun-25
CHERRYLOFT,RANGOON ROAD,8,Non-Landed Properties,NA,"2,300",20 to 30,300 to 400,Jun-25
TYRWHITT 139,TYRWHITT ROAD,8,Non-Landed Properties,1,"2,750",30 to 40,300 to 400,Jun-25
TYRWHITT 139,TYRWHITT ROAD,8,Non-Landed Properties,1,"2,800",40 to 50,400 to 500,Jun-25
TYRWHITT 139,TYRWHITT ROAD,8,Non-Landed Properties,1,"2,600",40 to 50,400 to 500,Jun-25
RACE COURSE 138,RACE COURSE ROAD,8,Non-Landed Properties,3,"5,150",130 to 140,"1,400 to 1,500",Jun-25
HONG BUILDING,RANGOON ROAD,8,Non-Landed Properties,NA,"4,000",120 to 130,"1,300 to 1,400",Jun-25
NON-LANDED HOUSING DEVELOPMENT,HAMILTON ROAD,8,Non-Landed Properties,NA,"5,100",110 to 120,"1,200 to 1,300",Jun-25
NON-LANDED HOUSING DEVELOPMENT,HAMILTON ROAD,8,Non-Landed Properties,NA,"4,950",110 to 120,"1,200 to 1,300",Jun-25
CITY LOFT,RACE COURSE ROAD,8,Non-Landed Properties,1,"3,000",30 to 40,400 to 500,Jun-25
CITY LOFT,RACE COURSE ROAD,8,Non-Landed Properties,1,"2,450",30 to 40,300 to 400,Jun-25
CITY LOFT,RACE COURSE ROAD,8,Non-Landed Properties,1,"2,300",30 to 40,300 to 400,Jun-25
SUITES 123,RANGOON ROAD,8,Non-Landed Properties,1,"3,000",40 to 50,400 to 500,Jun-25
SUITES 123,RANGOON ROAD,8,Non-Landed Properties,2,"3,700",70 to 80,800 to 900,Jun-25
NON-LANDED HOUSING DEVELOPMENT,HORNE ROAD,8,Non-Landed Properties,NA,"5,200",80 to 90,"900 to 1,000",Jun-25
SOHO 188,RACE COURSE ROAD,8,Non-Landed Properties,1,"2,700",30 to 40,400 to 500,Jun-25
SOHO 188,RACE COURSE ROAD,8,Non-Landed Properties,1,"2,900",40 to 50,400 to 500,Jun-25
SOHO 188,RACE COURSE ROAD,8,Non-Landed Properties,1,"3,100",30 to 40,300 to 400,Jun-25
SOHO 188,RACE COURSE ROAD,8,Non-Landed Properties,1,"2,800",40 to 50,400 to 500,Jun-25
UPTOWN @ FARRER,PERUMAL ROAD,8,Non-Landed Properties,3,"4,750",60 to 70,600 to 700,Jun-25
THE URBANITE,HERTFORD ROAD,8,Non-Landed Properties,1,"2,900",40 to 50,400 to 500,Jun-25
THE URBANITE,HERTFORD ROAD,8,Non-Landed Properties,1,"2,900",40 to 50,400 to 500,Jun-25
THE BLISS,RACE COURSE ROAD,8,Non-Landed Properties,2,"3,600",50 to 60,600 to 700,Jun-25
1953,TESSENSOHN ROAD,8,Non-Landed Properties,1,"3,400",50 to 60,600 to 700,Jun-25
1953,TESSENSOHN ROAD,8,Non-Landed Properties,1,"3,700",50 to 60,600 to 700,Jun-25
1953,TESSENSOHN ROAD,8,Non-Landed Properties,1,"3,700",50 to 60,600 to 700,Jun-25
1953,TESSENSOHN ROAD,8,Non-Landed Properties,1,"3,500",50 to 60,600 to 700,Jun-25
OXFORD SUITES,OXFORD ROAD,8,Non-Landed Properties,1,"3,500",60 to 70,600 to 700,Jun-25
OXFORD SUITES,OXFORD ROAD,8,Non-Landed Properties,NA,"4,000",80 to 90,800 to 900,Jun-25
CITYLIGHTS,JELLICOE ROAD,8,Non-Landed Properties,1,"4,000",60 to 70,600 to 700,Jun-25
CITYLIGHTS,JELLICOE ROAD,8,Non-Landed Properties,2,"4,800",80 to 90,800 to 900,Jun-25
CITYLIGHTS,JELLICOE ROAD,8,Non-Landed Properties,2,"5,100",80 to 90,800 to 900,Jun-25
CITYLIGHTS,JELLICOE ROAD,8,Non-Landed Properties,2,"5,000",80 to 90,800 to 900,Jun-25
CITYLIGHTS,JELLICOE ROAD,8,Non-Landed Properties,1,"4,100",60 to 70,600 to 700,Jun-25
CITYLIGHTS,JELLICOE ROAD,8,Non-Landed Properties,2,"4,800",80 to 90,"900 to 1,000",Jun-25
CITYLIGHTS,JELLICOE ROAD,8,Non-Landed Properties,1,"4,000",50 to 60,500 to 600,Jun-25
CITYLIGHTS,JELLICOE ROAD,8,Non-Landed Properties,2,"4,800",80 to 90,800 to 900,Jun-25
CITYLIGHTS,JELLICOE ROAD,8,Non-Landed Properties,1,"4,000",60 to 70,600 to 700,Jun-25
CITYLIGHTS,JELLICOE ROAD,8,Non-Landed Properties,1,"4,200",60 to 70,700 to 800,Jun-25
CITYLIGHTS,JELLICOE ROAD,8,Non-Landed Properties,2,"5,100",80 to 90,"900 to 1,000",Jun-25
CITYLIGHTS,JELLICOE ROAD,8,Non-Landed Properties,2,"4,700",80 to 90,800 to 900,Jun-25
CITYLIGHTS,JELLICOE ROAD,8,Non-Landed Properties,3,"6,200",120 to 130,"1,300 to 1,400",Jun-25
KENTISH GREEN,OXFORD ROAD,8,Non-Landed Properties,2,"4,200",90 to 100,"1,000 to 1,100",Jun-25
KENTISH GREEN,OXFORD ROAD,8,Non-Landed Properties,2,"4,100",100 to 110,"1,000 to 1,100",Jun-25
KENTISH GREEN,OXFORD ROAD,8,Non-Landed Properties,2,"4,300",100 to 110,"1,000 to 1,100",Jun-25
URBAN LOFTS,RANGOON ROAD,8,Non-Landed Properties,1,"2,600",30 to 40,400 to 500,Jun-25
URBAN LOFTS,RANGOON ROAD,8,Non-Landed Properties,2,"3,000",50 to 60,600 to 700,Jun-25
URBAN LOFTS,RANGOON ROAD,8,Non-Landed Properties,1,"3,100",50 to 60,500 to 600,Jun-25
FORTE SUITES,MERGUI ROAD,8,Non-Landed Properties,2,"3,800",50 to 60,600 to 700,Jun-25
FORTE SUITES,MERGUI ROAD,8,Non-Landed Properties,3,"3,700",50 to 60,600 to 700,Jun-25
FORTE SUITES,MERGUI ROAD,8,Non-Landed Properties,2,"3,700",60 to 70,600 to 700,Jun-25
FORTE SUITES,MERGUI ROAD,8,Non-Landed Properties,3,"4,050",50 to 60,600 to 700,Jun-25
FORTE SUITES,MERGUI ROAD,8,Non-Landed Properties,2,"3,600",50 to 60,600 to 700,Jun-25
CAVAN SUITES,CAVAN ROAD,8,Non-Landed Properties,NA,"2,250",30 to 40,300 to 400,Jun-25
CAVAN SUITES,CAVAN ROAD,8,Non-Landed Properties,NA,"2,700",30 to 40,400 to 500,Jun-25
CITYSCAPE @FARRER PARK,MERGUI ROAD,8,Non-Landed Properties,2,"4,500",100 to 110,"1,100 to 1,200",Jun-25
CITYSCAPE @FARRER PARK,MERGUI ROAD,8,Non-Landed Properties,2,"4,400",100 to 110,"1,100 to 1,200",Jun-25
CITYSCAPE @FARRER PARK,MERGUI ROAD,8,Non-Landed Properties,3,"6,000",120 to 130,"1,300 to 1,400",Jun-25
CITYSCAPE @FARRER PARK,MERGUI ROAD,8,Non-Landed Properties,3,"5,600",120 to 130,"1,300 to 1,400",Jun-25
CITYSCAPE @FARRER PARK,MERGUI ROAD,8,Non-Landed Properties,2,"4,250",80 to 90,"900 to 1,000",Jun-25
28 RC SUITES,RACE COURSE LANE,8,Non-Landed Properties,1,"2,550",30 to 40,400 to 500,Jun-25
28 RC SUITES,RACE COURSE LANE,8,Non-Landed Properties,1,"3,500",40 to 50,400 to 500,Jun-25
28 RC SUITES,RACE COURSE LANE,8,Non-Landed Properties,1,"3,100",50 to 60,600 to 700,Jun-25
RANGOON 88,RANGOON ROAD,8,Non-Landed Properties,1,"3,300",50 to 60,500 to 600,Jun-25
RANGOON 88,RANGOON ROAD,8,Non-Landed Properties,1,"3,300",60 to 70,700 to 800,Jun-25
RANGOON 88,RANGOON ROAD,8,Non-Landed Properties,1,"2,800",30 to 40,400 to 500,Jun-25
70@TRURO,TRURO ROAD,8,Non-Landed Properties,2,"3,300",40 to 50,400 to 500,Jun-25
70@TRURO,TRURO ROAD,8,Non-Landed Properties,3,"4,300",70 to 80,800 to 900,Jun-25
JOOL SUITES,SING JOO WALK,8,Non-Landed Properties,1,"3,000",60 to 70,600 to 700,Jun-25
JOOL SUITES,SING JOO WALK,8,Non-Landed Properties,1,"2,850",30 to 40,400 to 500,Jun-25
KENTISH LODGE,OXFORD ROAD,8,Non-Landed Properties,2,"4,500",100 to 110,"1,100 to 1,200",Jun-25
VOGX,DORSET ROAD,8,Non-Landed Properties,1,"3,000",40 to 50,500 to 600,Jun-25
PRISTINE HEIGHTS,MERGUI ROAD,8,Non-Landed Properties,3,"4,100",70 to 80,800 to 900,Jun-25
PRISTINE HEIGHTS,MERGUI ROAD,8,Non-Landed Properties,3,"4,500",70 to 80,800 to 900,Jun-25
PRISTINE HEIGHTS,MERGUI ROAD,8,Non-Landed Properties,2,"3,600",60 to 70,700 to 800,Jun-25
WONG TAK FLAT,SERANGOON ROAD,8,Non-Landed Properties,3,"3,000",140 to 150,"1,500 to 1,600",Jun-25
KENT RESIDENCES,KENT ROAD,8,Non-Landed Properties,1,"3,300",50 to 60,500 to 600,Jun-25
CLYDES RESIDENCE,MERGUI ROAD,8,Non-Landed Properties,2,"4,000",90 to 100,"1,000 to 1,100",Jun-25
RACE COURSE MANSION,RACE COURSE ROAD,8,Non-Landed Properties,3,"4,200",100 to 110,"1,000 to 1,100",May-25
LITTLE INDIA CONSERVATION AREA,DICKSON ROAD,8,Non-Landed Properties,NA,"5,100",80 to 90,"900 to 1,000",May-25
KERRISDALE,STURDEE ROAD,8,Non-Landed Properties,3,"5,800",110 to 120,"1,200 to 1,300",May-25
KERRISDALE,STURDEE ROAD,8,Non-Landed Properties,2,"4,500",90 to 100,"900 to 1,000",May-25
KERRISDALE,STURDEE ROAD,8,Non-Landed Properties,3,"6,000",110 to 120,"1,200 to 1,300",May-25
KERRISDALE,STURDEE ROAD,8,Non-Landed Properties,3,"7,250",110 to 120,"1,200 to 1,300",May-25
KERRISDALE,STURDEE ROAD,8,Non-Landed Properties,3,"6,300",110 to 120,"1,200 to 1,300",May-25
CITY SQUARE RESIDENCES,KITCHENER LINK,8,Non-Landed Properties,3,"6,000",110 to 120,"1,200 to 1,300",May-25
CITY SQUARE RESIDENCES,KITCHENER LINK,8,Non-Landed Properties,2,"4,800",70 to 80,800 to 900,May-25
CITY SQUARE RESIDENCES,KITCHENER LINK,8,Non-Landed Properties,1,"3,500",50 to 60,500 to 600,May-25
CITY SQUARE RESIDENCES,KITCHENER LINK,8,Non-Landed Properties,2,"4,600",70 to 80,800 to 900,May-25
CITY SQUARE RESIDENCES,KITCHENER LINK,8,Non-Landed Properties,4,"7,800",140 to 150,"1,500 to 1,600",May-25
CITY SQUARE RESIDENCES,KITCHENER LINK,8,Non-Landed Properties,2,"4,500",70 to 80,800 to 900,May-25
CITY SQUARE RESIDENCES,KITCHENER LINK,8,Non-Landed Properties,1,"3,800",50 to 60,500 to 600,May-25
CITY SQUARE RESIDENCES,KITCHENER LINK,8,Non-Landed Properties,1,"3,300",50 to 60,500 to 600,May-25
CITY SQUARE RESIDENCES,KITCHENER LINK,8,Non-Landed Properties,1,"3,200",50 to 60,500 to 600,May-25
CITY SQUARE RESIDENCES,KITCHENER LINK,8,Non-Landed Properties,3,"5,100",110 to 120,"1,200 to 1,300",May-25
CITY SQUARE RESIDENCES,KITCHENER LINK,8,Non-Landed Properties,2,"4,600",70 to 80,800 to 900,May-25
CITY SQUARE RESIDENCES,KITCHENER LINK,8,Non-Landed Properties,3,"5,650",110 to 120,"1,200 to 1,300",May-25
CITY SQUARE RESIDENCES,KITCHENER LINK,8,Non-Landed Properties,2,"4,200",70 to 80,800 to 900,May-25
CITY SQUARE RESIDENCES,KITCHENER LINK,8,Non-Landed Properties,2,"4,500",70 to 80,800 to 900,May-25
CITY SQUARE RESIDENCES,KITCHENER LINK,8,Non-Landed Properties,1,"3,450",50 to 60,500 to 600,May-25
CITY SQUARE RESIDENCES,KITCHENER LINK,8,Non-Landed Properties,3,"5,900",160 to 170,"1,800 to 1,900",May-25
CITY SQUARE RESIDENCES,KITCHENER LINK,8,Non-Landed Properties,2,"4,500",70 to 80,800 to 900,May-25
CITY SQUARE RESIDENCES,KITCHENER LINK,8,Non-Landed Properties,4,"5,000",140 to 150,"1,500 to 1,600",May-25
CITY SQUARE RESIDENCES,KITCHENER LINK,8,Non-Landed Properties,2,"5,080",80 to 90,800 to 900,May-25
CITY SQUARE RESIDENCES,KITCHENER LINK,8,Non-Landed Properties,3,"6,200",110 to 120,"1,200 to 1,300",May-25
CITY SQUARE RESIDENCES,KITCHENER LINK,8,Non-Landed Properties,3,"6,000",110 to 120,"1,100 to 1,200",May-25
CITY SQUARE RESIDENCES,KITCHENER LINK,8,Non-Landed Properties,3,"5,600",110 to 120,"1,200 to 1,300",May-25
CITY SQUARE RESIDENCES,KITCHENER LINK,8,Non-Landed Properties,3,"6,000",110 to 120,"1,200 to 1,300",May-25
CITY SQUARE RESIDENCES,KITCHENER LINK,8,Non-Landed Properties,3,"5,900",110 to 120,"1,100 to 1,200",May-25
CITY SQUARE RESIDENCES,KITCHENER LINK,8,Non-Landed Properties,3,"5,600",110 to 120,"1,200 to 1,300",May-25
CITY SQUARE RESIDENCES,KITCHENER LINK,8,Non-Landed Properties,2,"4,500",80 to 90,800 to 900,May-25
CITY SQUARE RESIDENCES,KITCHENER LINK,8,Non-Landed Properties,1,"3,500",50 to 60,500 to 600,May-25
CITY SQUARE RESIDENCES,KITCHENER LINK,8,Non-Landed Properties,3,"4,500",110 to 120,"1,200 to 1,300",May-25
CITY SQUARE RESIDENCES,KITCHENER LINK,8,Non-Landed Properties,1,"3,500",50 to 60,500 to 600,May-25
CITY SQUARE RESIDENCES,KITCHENER LINK,8,Non-Landed Properties,2,"4,350",70 to 80,800 to 900,May-25
CITY SQUARE RESIDENCES,KITCHENER LINK,8,Non-Landed Properties,1,"3,200",50 to 60,500 to 600,May-25
CITY SQUARE RESIDENCES,KITCHENER LINK,8,Non-Landed Properties,2,"4,500",70 to 80,800 to 900,May-25
CITY SQUARE RESIDENCES,KITCHENER LINK,8,Non-Landed Properties,3,"5,300",110 to 120,"1,200 to 1,300",May-25
CITY SQUARE RESIDENCES,KITCHENER LINK,8,Non-Landed Properties,2,"4,200",70 to 80,800 to 900,May-25
CITY SQUARE RESIDENCES,KITCHENER LINK,8,Non-Landed Properties,1,"3,200",50 to 60,500 to 600,May-25
STURDEE RESIDENCES,BEATTY ROAD,8,Non-Landed Properties,1,"3,000",30 to 40,400 to 500,May-25
STURDEE RESIDENCES,BEATTY ROAD,8,Non-Landed Properties,2,"4,000",60 to 70,600 to 700,May-25
STURDEE RESIDENCES,BEATTY ROAD,8,Non-Landed Properties,2,"4,150",60 to 70,600 to 700,May-25
STURDEE RESIDENCES,BEATTY ROAD,8,Non-Landed Properties,3,"6,000",90 to 100,"1,000 to 1,100",May-25
STURDEE RESIDENCES,BEATTY ROAD,8,Non-Landed Properties,1,"3,500",30 to 40,400 to 500,May-25
STURDEE RESIDENCES,BEATTY ROAD,8,Non-Landed Properties,1,"3,500",30 to 40,400 to 500,May-25
LOFT @ RANGOON,RANGOON ROAD,8,Non-Landed Properties,1,"3,000",40 to 50,400 to 500,May-25
LOFT @ RANGOON,RANGOON ROAD,8,Non-Landed Properties,1,"2,800",40 to 50,400 to 500,May-25
D'CAMBRIDGE,CAMBRIDGE ROAD,8,Non-Landed Properties,2,"3,250",60 to 70,700 to 800,May-25
JALAN BESAR PLAZA,KITCHENER ROAD,8,Non-Landed Properties,2,"4,600",80 to 90,"900 to 1,000",May-25
SUITES @ OWEN,OWEN ROAD,8,Non-Landed Properties,1,"2,700",40 to 50,400 to 500,May-25
NON-LANDED HOUSING DEVELOPMENT,BIRCH ROAD,8,Non-Landed Properties,NA,"6,000",90 to 100,"1,000 to 1,100",May-25
NON-LANDED HOUSING DEVELOPMENT,BIRCH ROAD,8,Non-Landed Properties,NA,"6,000",60 to 70,600 to 700,May-25
NON-LANDED HOUSING DEVELOPMENT,CARLISLE ROAD,8,Non-Landed Properties,NA,"2,100",80 to 90,"900 to 1,000",May-25
NON-LANDED HOUSING DEVELOPMENT,CARLISLE ROAD,8,Non-Landed Properties,NA,"2,100",80 to 90,"900 to 1,000",May-25
MERA SPRINGS,CARLISLE ROAD,8,Non-Landed Properties,3,"6,200",130 to 140,"1,400 to 1,500",May-25
SOHO @ FARRER,RACE COURSE ROAD,8,Non-Landed Properties,1,"2,800",30 to 40,400 to 500,May-25
CHERRYLOFT,RANGOON ROAD,8,Non-Landed Properties,NA,"2,000",20 to 30,300 to 400,May-25
CHERRYLOFT,RANGOON ROAD,8,Non-Landed Properties,NA,"2,100",20 to 30,300 to 400,May-25
TYRWHITT 139,TYRWHITT ROAD,8,Non-Landed Properties,1,"3,200",40 to 50,500 to 600,May-25
TYRWHITT 139,TYRWHITT ROAD,8,Non-Landed Properties,2,"3,700",40 to 50,500 to 600,May-25
TYRWHITT 139,TYRWHITT ROAD,8,Non-Landed Properties,1,"3,400",40 to 50,500 to 600,May-25
LE SOMME,SOMME ROAD,8,Non-Landed Properties,1,"3,200",40 to 50,400 to 500,May-25
KENG LEE COURT,KENG LEE ROAD,8,Non-Landed Properties,1,"2,700",40 to 50,400 to 500,May-25
NON-LANDED HOUSING DEVELOPMENT,HAMILTON ROAD,8,Non-Landed Properties,NA,"4,900",130 to 140,"1,300 to 1,400",May-25
NON-LANDED HOUSING DEVELOPMENT,HAMILTON ROAD,8,Non-Landed Properties,NA,"4,050",130 to 140,"1,300 to 1,400",May-25
CITY LOFT,RACE COURSE ROAD,8,Non-Landed Properties,1,"2,500",30 to 40,300 to 400,May-25
CITY LOFT,RACE COURSE ROAD,8,Non-Landed Properties,1,"2,700",30 to 40,300 to 400,May-25
SUITES 123,RANGOON ROAD,8,Non-Landed Properties,1,"2,900",40 to 50,400 to 500,May-25
SUITES 123,RANGOON ROAD,8,Non-Landed Properties,1,"3,700",50 to 60,500 to 600,May-25
SOHO 188,RACE COURSE ROAD,8,Non-Landed Properties,1,"3,600",30 to 40,300 to 400,May-25
SOHO 188,RACE COURSE ROAD,8,Non-Landed Properties,1,"3,400",30 to 40,300 to 400,May-25
UPTOWN @ FARRER,PERUMAL ROAD,8,Non-Landed Properties,2,"3,600",40 to 50,500 to 600,May-25
UPTOWN @ FARRER,PERUMAL ROAD,8,Non-Landed Properties,3,"4,800",70 to 80,700 to 800,May-25
UPTOWN @ FARRER,PERUMAL ROAD,8,Non-Landed Properties,3,"5,500",100 to 110,"1,100 to 1,200",May-25
1953,TESSENSOHN ROAD,8,Non-Landed Properties,1,"3,600",50 to 60,600 to 700,May-25
1953,TESSENSOHN ROAD,8,Non-Landed Properties,3,"5,300",80 to 90,800 to 900,May-25
1953,TESSENSOHN ROAD,8,Non-Landed Properties,1,"3,700",50 to 60,600 to 700,May-25
THE CITRON RESIDENCES,MARNE ROAD,8,Non-Landed Properties,2,"3,900",60 to 70,600 to 700,May-25
THE CITRON RESIDENCES,MARNE ROAD,8,Non-Landed Properties,2,"4,000",60 to 70,700 to 800,May-25
FARRER PARK SUITES,OWEN ROAD,8,Non-Landed Properties,NA,"2,600",40 to 50,400 to 500,May-25
RANGOON COURT,RANGOON ROAD,8,Non-Landed Properties,3,"5,000",140 to 150,"1,500 to 1,600",May-25
MAPLE LEAF ELITE 1,RANGOON ROAD,8,Non-Landed Properties,1,"3,500",50 to 60,600 to 700,May-25
CITYLIGHTS,JELLICOE ROAD,8,Non-Landed Properties,1,"3,650",50 to 60,500 to 600,May-25
CITYLIGHTS,JELLICOE ROAD,8,Non-Landed Properties,2,"4,700",80 to 90,800 to 900,May-25
CITYLIGHTS,JELLICOE ROAD,8,Non-Landed Properties,2,"5,000",80 to 90,800 to 900,May-25
CITYLIGHTS,JELLICOE ROAD,8,Non-Landed Properties,2,"5,000",80 to 90,"900 to 1,000",May-25
CITYLIGHTS,JELLICOE ROAD,8,Non-Landed Properties,2,"4,700",80 to 90,"900 to 1,000",May-25
CITYLIGHTS,JELLICOE ROAD,8,Non-Landed Properties,2,"5,000",80 to 90,"900 to 1,000",May-25
CITYLIGHTS,JELLICOE ROAD,8,Non-Landed Properties,1,"5,100",60 to 70,600 to 700,May-25
CITYLIGHTS,JELLICOE ROAD,8,Non-Landed Properties,1,"4,150",60 to 70,600 to 700,May-25
CITYLIGHTS,JELLICOE ROAD,8,Non-Landed Properties,3,"9,000",170 to 180,"1,800 to 1,900",May-25
CITYLIGHTS,JELLICOE ROAD,8,Non-Landed Properties,1,"3,750",50 to 60,500 to 600,May-25
CITYLIGHTS,JELLICOE ROAD,8,Non-Landed Properties,3,"4,900",120 to 130,"1,300 to 1,400",May-25
CITYLIGHTS,JELLICOE ROAD,8,Non-Landed Properties,3,"6,000",130 to 140,"1,400 to 1,500",May-25
KENTISH GREEN,OXFORD ROAD,8,Non-Landed Properties,2,"4,300",90 to 100,"1,000 to 1,100",May-25
KENTISH GREEN,OXFORD ROAD,8,Non-Landed Properties,2,"4,350",90 to 100,"1,000 to 1,100",May-25
KENG LEE VIEW,KENG LEE ROAD,8,Non-Landed Properties,NA,"3,800",110 to 120,"1,200 to 1,300",May-25
NON-LANDED HOUSING DEVELOPMENT,JALAN BESAR,8,Non-Landed Properties,NA,"4,200",50 to 60,600 to 700,May-25
URBAN LOFTS,RANGOON ROAD,8,Non-Landed Properties,1,"3,000",50 to 60,500 to 600,May-25
URBAN LOFTS,RANGOON ROAD,8,Non-Landed Properties,1,"3,000",60 to 70,600 to 700,May-25
FORTE SUITES,MERGUI ROAD,8,Non-Landed Properties,2,"3,600",60 to 70,600 to 700,May-25
FORTE SUITES,MERGUI ROAD,8,Non-Landed Properties,1,"2,900",40 to 50,400 to 500,May-25
FORTE SUITES,MERGUI ROAD,8,Non-Landed Properties,2,"3,800",50 to 60,600 to 700,May-25
FORTE SUITES,MERGUI ROAD,8,Non-Landed Properties,2,"3,800",60 to 70,600 to 700,May-25
CAVAN SUITES,CAVAN ROAD,8,Non-Landed Properties,NA,"2,800",30 to 40,400 to 500,May-25
CITYSCAPE @FARRER PARK,MERGUI ROAD,8,Non-Landed Properties,2,"4,500",80 to 90,"900 to 1,000",May-25
CITYSCAPE @FARRER PARK,MERGUI ROAD,8,Non-Landed Properties,2,"4,250",80 to 90,"900 to 1,000",May-25
CITYSCAPE @FARRER PARK,MERGUI ROAD,8,Non-Landed Properties,2,"4,200",90 to 100,"900 to 1,000",May-25
CITYSCAPE @FARRER PARK,MERGUI ROAD,8,Non-Landed Properties,2,"4,200",90 to 100,"1,000 to 1,100",May-25
CITYSCAPE @FARRER PARK,MERGUI ROAD,8,Non-Landed Properties,2,"4,000",80 to 90,"900 to 1,000",May-25
NON-LANDED HOUSING DEVELOPMENT,SING JOO WALK,8,Non-Landed Properties,NA,"6,500",170 to 180,"1,800 to 1,900",May-25
RANGOON VIEW,RANGOON ROAD,8,Non-Landed Properties,3,"4,600",120 to 130,"1,300 to 1,400",May-25
28 RC SUITES,RACE COURSE LANE,8,Non-Landed Properties,1,"2,700",30 to 40,400 to 500,May-25
28 RC SUITES,RACE COURSE LANE,8,Non-Landed Properties,1,"2,700",30 to 40,400 to 500,May-25
NON-LANDED HOUSING DEVELOPMENT,SERANGOON ROAD,8,Non-Landed Properties,NA,"5,200",60 to 70,700 to 800,May-25
NON-LANDED HOUSING DEVELOPMENT,TRURO ROAD,8,Non-Landed Properties,NA,"4,200",90 to 100,"1,000 to 1,100",May-25
KENTISH COURT,OXFORD ROAD,8,Non-Landed Properties,2,"3,350",100 to 110,"1,000 to 1,100",May-25
CITY STUDIOS,RACE COURSE LANE,8,Non-Landed Properties,1,"2,700",40 to 50,400 to 500,May-25
CITY STUDIOS,RACE COURSE LANE,8,Non-Landed Properties,2,"3,300",50 to 60,600 to 700,May-25
RANGOON 88,RANGOON ROAD,8,Non-Landed Properties,2,"4,000",70 to 80,800 to 900,May-25
RANGOON 88,RANGOON ROAD,8,Non-Landed Properties,1,"3,300",50 to 60,500 to 600,May-25
70@TRURO,TRURO ROAD,8,Non-Landed Properties,3,"4,200",70 to 80,800 to 900,May-25
70@TRURO,TRURO ROAD,8,Non-Landed Properties,3,"4,300",70 to 80,800 to 900,May-25
JOOL SUITES,SING JOO WALK,8,Non-Landed Properties,1,"2,800",30 to 40,300 to 400,May-25
KENTISH LODGE,OXFORD ROAD,8,Non-Landed Properties,2,"3,600",80 to 90,"900 to 1,000",May-25
STUDIOS @ MARNE,MARNE ROAD,8,Non-Landed Properties,NA,"2,800",40 to 50,500 to 600,May-25
NON-LANDED HOUSING DEVELOPMENT,RANGOON ROAD,8,Non-Landed Properties,NA,"5,500",120 to 130,"1,300 to 1,400",May-25
NON-LANDED HOUSING DEVELOPMENT,RANGOON ROAD,8,Non-Landed Properties,NA,"3,850",70 to 80,700 to 800,May-25
NON-LANDED HOUSING DEVELOPMENT,RANGOON ROAD,8,Non-Landed Properties,NA,"3,300",60 to 70,700 to 800,May-25
PRISTINE HEIGHTS,MERGUI ROAD,8,Non-Landed Properties,3,"5,000",90 to 100,"1,000 to 1,100",May-25
PRISTINE HEIGHTS,MERGUI ROAD,8,Non-Landed Properties,3,"4,400",70 to 80,800 to 900,May-25
R66 APARTMENTS,RANGOON ROAD,8,Non-Landed Properties,1,"2,650",40 to 50,400 to 500,May-25
R66 APARTMENTS,RANGOON ROAD,8,Non-Landed Properties,1,"3,200",40 to 50,500 to 600,May-25
R66 APARTMENTS,RANGOON ROAD,8,Non-Landed Properties,1,"2,900",40 to 50,500 to 600,May-25
KING'S COURT,NORFOLK ROAD,8,Non-Landed Properties,3,"4,500",210 to 220,"2,300 to 2,400",May-25
RACE COURSE MANSION,RACE COURSE ROAD,8,Non-Landed Properties,3,"5,700",100 to 110,"1,100 to 1,200",Apr-25
RACE COURSE MANSION,RACE COURSE ROAD,8,Non-Landed Properties,3,"5,300",100 to 110,"1,100 to 1,200",Apr-25
KERRISDALE,STURDEE ROAD,8,Non-Landed Properties,3,"5,800",110 to 120,"1,200 to 1,300",Apr-25
KERRISDALE,STURDEE ROAD,8,Non-Landed Properties,2,"4,300",90 to 100,"900 to 1,000",Apr-25
KERRISDALE,STURDEE ROAD,8,Non-Landed Properties,3,"5,700",110 to 120,"1,200 to 1,300",Apr-25
KERRISDALE,STURDEE ROAD,8,Non-Landed Properties,3,"6,200",110 to 120,"1,200 to 1,300",Apr-25
KERRISDALE,STURDEE ROAD,8,Non-Landed Properties,3,"6,000",110 to 120,"1,200 to 1,300",Apr-25
KERRISDALE,STURDEE ROAD,8,Non-Landed Properties,2,"4,300",90 to 100,"900 to 1,000",Apr-25
KERRISDALE,STURDEE ROAD,8,Non-Landed Properties,3,"5,450",110 to 120,"1,200 to 1,300",Apr-25
KERRISDALE,STURDEE ROAD,8,Non-Landed Properties,2,"5,100",90 to 100,"900 to 1,000",Apr-25
KERRISDALE,STURDEE ROAD,8,Non-Landed Properties,2,"4,500",90 to 100,"900 to 1,000",Apr-25
CITY SQUARE RESIDENCES,KITCHENER LINK,8,Non-Landed Properties,3,"6,500",110 to 120,"1,200 to 1,300",Apr-25
CITY SQUARE RESIDENCES,KITCHENER LINK,8,Non-Landed Properties,1,"3,400",50 to 60,500 to 600,Apr-25
CITY SQUARE RESIDENCES,KITCHENER LINK,8,Non-Landed Properties,2,"4,700",70 to 80,800 to 900,Apr-25
CITY SQUARE RESIDENCES,KITCHENER LINK,8,Non-Landed Properties,4,"6,800",140 to 150,"1,500 to 1,600",Apr-25
CITY SQUARE RESIDENCES,KITCHENER LINK,8,Non-Landed Properties,2,"4,800",70 to 80,800 to 900,Apr-25
CITY SQUARE RESIDENCES,KITCHENER LINK,8,Non-Landed Properties,1,"3,600",50 to 60,500 to 600,Apr-25
CITY SQUARE RESIDENCES,KITCHENER LINK,8,Non-Landed Properties,3,"5,500",110 to 120,"1,200 to 1,300",Apr-25
CITY SQUARE RESIDENCES,KITCHENER LINK,8,Non-Landed Properties,1,"3,400",50 to 60,500 to 600,Apr-25
CITY SQUARE RESIDENCES,KITCHENER LINK,8,Non-Landed Properties,3,"6,000",110 to 120,"1,200 to 1,300",Apr-25
CITY SQUARE RESIDENCES,KITCHENER LINK,8,Non-Landed Properties,2,"4,650",70 to 80,800 to 900,Apr-25
CITY SQUARE RESIDENCES,KITCHENER LINK,8,Non-Landed Properties,1,"3,500",50 to 60,500 to 600,Apr-25
CITY SQUARE RESIDENCES,KITCHENER LINK,8,Non-Landed Properties,1,"3,300",50 to 60,500 to 600,Apr-25
CITY SQUARE RESIDENCES,KITCHENER LINK,8,Non-Landed Properties,3,"5,700",110 to 120,"1,200 to 1,300",Apr-25
CITY SQUARE RESIDENCES,KITCHENER LINK,8,Non-Landed Properties,2,"4,500",70 to 80,800 to 900,Apr-25
CITY SQUARE RESIDENCES,KITCHENER LINK,8,Non-Landed Properties,4,"6,800",140 to 150,"1,500 to 1,600",Apr-25
CITY SQUARE RESIDENCES,KITCHENER LINK,8,Non-Landed Properties,2,"4,300",70 to 80,800 to 900,Apr-25
CITY SQUARE RESIDENCES,KITCHENER LINK,8,Non-Landed Properties,3,"6,300",110 to 120,"1,200 to 1,300",Apr-25
CITY SQUARE RESIDENCES,KITCHENER LINK,8,Non-Landed Properties,2,"5,000",80 to 90,800 to 900,Apr-25
CITY SQUARE RESIDENCES,KITCHENER LINK,8,Non-Landed Properties,3,"6,000",110 to 120,"1,200 to 1,300",Apr-25
CITY SQUARE RESIDENCES,KITCHENER LINK,8,Non-Landed Properties,3,"5,200",110 to 120,"1,100 to 1,200",Apr-25
CITY SQUARE RESIDENCES,KITCHENER LINK,8,Non-Landed Properties,3,"6,000",110 to 120,"1,200 to 1,300",Apr-25
CITY SQUARE RESIDENCES,KITCHENER LINK,8,Non-Landed Properties,2,"4,700",80 to 90,800 to 900,Apr-25
CITY SQUARE RESIDENCES,KITCHENER LINK,8,Non-Landed Properties,3,"5,900",110 to 120,"1,100 to 1,200",Apr-25
CITY SQUARE RESIDENCES,KITCHENER LINK,8,Non-Landed Properties,2,"4,600",80 to 90,800 to 900,Apr-25
CITY SQUARE RESIDENCES,KITCHENER LINK,8,Non-Landed Properties,3,"5,700",110 to 120,"1,200 to 1,300",Apr-25
CITY SQUARE RESIDENCES,KITCHENER LINK,8,Non-Landed Properties,1,"3,650",50 to 60,500 to 600,Apr-25
CITY SQUARE RESIDENCES,KITCHENER LINK,8,Non-Landed Properties,3,"5,300",110 to 120,"1,200 to 1,300",Apr-25
CITY SQUARE RESIDENCES,KITCHENER LINK,8,Non-Landed Properties,3,"5,900",110 to 120,"1,200 to 1,300",Apr-25
CITY SQUARE RESIDENCES,KITCHENER LINK,8,Non-Landed Properties,3,"5,600",110 to 120,"1,200 to 1,300",Apr-25
CITY SQUARE RESIDENCES,KITCHENER LINK,8,Non-Landed Properties,2,"4,300",70 to 80,800 to 900,Apr-25
CITY SQUARE RESIDENCES,KITCHENER LINK,8,Non-Landed Properties,3,"5,100",110 to 120,"1,200 to 1,300",Apr-25
CITY SQUARE RESIDENCES,KITCHENER LINK,8,Non-Landed Properties,4,"6,900",140 to 150,"1,500 to 1,600",Apr-25
STURDEE RESIDENCES,BEATTY ROAD,8,Non-Landed Properties,2,"4,100",60 to 70,600 to 700,Apr-25
STURDEE RESIDENCES,BEATTY ROAD,8,Non-Landed Properties,2,"4,833",60 to 70,600 to 700,Apr-25
STURDEE RESIDENCES,BEATTY ROAD,8,Non-Landed Properties,2,"4,700",60 to 70,600 to 700,Apr-25
STURDEE RESIDENCES,BEATTY ROAD,8,Non-Landed Properties,2,"4,100",60 to 70,700 to 800,Apr-25
STURDEE RESIDENCES,BEATTY ROAD,8,Non-Landed Properties,1,"3,200",30 to 40,400 to 500,Apr-25
STURDEE RESIDENCES,BEATTY ROAD,8,Non-Landed Properties,3,"6,000",80 to 90,"900 to 1,000",Apr-25
STURDEE RESIDENCES,BEATTY ROAD,8,Non-Landed Properties,2,"3,800",50 to 60,500 to 600,Apr-25
STURDEE RESIDENCES,BEATTY ROAD,8,Non-Landed Properties,2,"4,250",60 to 70,600 to 700,Apr-25
STURDEE RESIDENCES,BEATTY ROAD,8,Non-Landed Properties,1,"3,200",30 to 40,400 to 500,Apr-25
STURDEE RESIDENCES,BEATTY ROAD,8,Non-Landed Properties,2,"4,300",60 to 70,600 to 700,Apr-25
LOFT @ RANGOON,RANGOON ROAD,8,Non-Landed Properties,1,"2,800",30 to 40,400 to 500,Apr-25
LOFT @ RANGOON,RANGOON ROAD,8,Non-Landed Properties,1,"2,900",40 to 50,400 to 500,Apr-25
NON-LANDED HOUSING DEVELOPMENT,RACE COURSE ROAD,8,Non-Landed Properties,NA,"2,180",30 to 40,300 to 400,Apr-25
NON-LANDED HOUSING DEVELOPMENT,RACE COURSE ROAD,8,Non-Landed Properties,NA,"2,250",20 to 30,200 to 300,Apr-25
NON-LANDED HOUSING DEVELOPMENT,RACE COURSE ROAD,8,Non-Landed Properties,1,"2,400",30 to 40,300 to 400,Apr-25
NON-LANDED HOUSING DEVELOPMENT,RACE COURSE ROAD,8,Non-Landed Properties,NA,"2,200",30 to 40,300 to 400,Apr-25
NON-LANDED HOUSING DEVELOPMENT,RACE COURSE ROAD,8,Non-Landed Properties,NA,"9,888",200 to 210,"2,100 to 2,200",Apr-25
NON-LANDED HOUSING DEVELOPMENT,PENHAS ROAD,8,Non-Landed Properties,NA,"4,200",100 to 110,"1,100 to 1,200",Apr-25
NON-LANDED HOUSING DEVELOPMENT,PENHAS ROAD,8,Non-Landed Properties,NA,"4,200",90 to 100,"1,000 to 1,100",Apr-25
NON-LANDED HOUSING DEVELOPMENT,STARLIGHT TERRACE,8,Non-Landed Properties,NA,"5,000",130 to 140,"1,400 to 1,500",Apr-25
SUITES @ OWEN,OWEN ROAD,8,Non-Landed Properties,1,"2,550",40 to 50,500 to 600,Apr-25
NON-LANDED HOUSING DEVELOPMENT,BIRCH ROAD,8,Non-Landed Properties,NA,"3,000",90 to 100,"1,000 to 1,100",Apr-25
NON-LANDED HOUSING DEVELOPMENT,BIRCH ROAD,8,Non-Landed Properties,NA,"3,000",60 to 70,600 to 700,Apr-25
NON-LANDED HOUSING DEVELOPMENT,BIRCH ROAD,8,Non-Landed Properties,NA,"3,000",60 to 70,600 to 700,Apr-25
NON-LANDED HOUSING DEVELOPMENT,CARLISLE ROAD,8,Non-Landed Properties,NA,"3,800",90 to 100,"1,000 to 1,100",Apr-25
MERA SPRINGS,CARLISLE ROAD,8,Non-Landed Properties,4,"6,700",140 to 150,"1,500 to 1,600",Apr-25
SOHO @ FARRER,RACE COURSE ROAD,8,Non-Landed Properties,1,"2,700",40 to 50,400 to 500,Apr-25
TYRWHITT 139,TYRWHITT ROAD,8,Non-Landed Properties,2,"4,000",80 to 90,"900 to 1,000",Apr-25
LE SOMME,SOMME ROAD,8,Non-Landed Properties,1,"2,750",40 to 50,500 to 600,Apr-25
LE SOMME,SOMME ROAD,8,Non-Landed Properties,1,"3,100",40 to 50,500 to 600,Apr-25
CITY LOFT,RACE COURSE ROAD,8,Non-Landed Properties,1,"2,300",30 to 40,300 to 400,Apr-25
CITY LOFT,RACE COURSE ROAD,8,Non-Landed Properties,1,"3,000",30 to 40,300 to 400,Apr-25
SUITES 123,RANGOON ROAD,8,Non-Landed Properties,1,"3,200",50 to 60,500 to 600,Apr-25
SOHO 188,RACE COURSE ROAD,8,Non-Landed Properties,1,"2,930",40 to 50,400 to 500,Apr-25
SOHO 188,RACE COURSE ROAD,8,Non-Landed Properties,1,"3,000",30 to 40,300 to 400,Apr-25
UPTOWN @ FARRER,PERUMAL ROAD,8,Non-Landed Properties,2,"3,900",40 to 50,500 to 600,Apr-25
UPTOWN @ FARRER,PERUMAL ROAD,8,Non-Landed Properties,2,"4,100",40 to 50,500 to 600,Apr-25
UPTOWN @ FARRER,PERUMAL ROAD,8,Non-Landed Properties,3,"4,900",60 to 70,600 to 700,Apr-25
THE URBANITE,HERTFORD ROAD,8,Non-Landed Properties,1,"2,900",40 to 50,400 to 500,Apr-25
THE URBANITE,HERTFORD ROAD,8,Non-Landed Properties,2,"3,100",60 to 70,600 to 700,Apr-25
THE URBANITE,HERTFORD ROAD,8,Non-Landed Properties,2,"3,475",60 to 70,600 to 700,Apr-25
1953,TESSENSOHN ROAD,8,Non-Landed Properties,1,"3,300",50 to 60,500 to 600,Apr-25
VANADIUM,HERTFORD ROAD,8,Non-Landed Properties,3,"4,400",100 to 110,"1,100 to 1,200",Apr-25
VANADIUM,HERTFORD ROAD,8,Non-Landed Properties,2,"4,000",70 to 80,800 to 900,Apr-25
NON-LANDED HOUSING DEVELOPMENT,KITCHENER ROAD,8,Non-Landed Properties,NA,"5,600",70 to 80,800 to 900,Apr-25
NON-LANDED HOUSING DEVELOPMENT,KITCHENER ROAD,8,Non-Landed Properties,NA,"7,000",140 to 150,"1,600 to 1,700",Apr-25
THE CITRON RESIDENCES,MARNE ROAD,8,Non-Landed Properties,2,"2,300",60 to 70,700 to 800,Apr-25
THE CITRON RESIDENCES,MARNE ROAD,8,Non-Landed Properties,2,"3,000",60 to 70,700 to 800,Apr-25
CITIGATE RESIDENCE,RANGOON ROAD,8,Non-Landed Properties,1,"3,000",40 to 50,500 to 600,Apr-25
CITIGATE RESIDENCE,RANGOON ROAD,8,Non-Landed Properties,1,"2,700",40 to 50,400 to 500,Apr-25
CITIGATE RESIDENCE,RANGOON ROAD,8,Non-Landed Properties,1,"3,000",50 to 60,500 to 600,Apr-25
FARRER PARK SUITES,OWEN ROAD,8,Non-Landed Properties,NA,"2,500",40 to 50,400 to 500,Apr-25
OXFORD SUITES,OXFORD ROAD,8,Non-Landed Properties,3,"7,700",210 to 220,"2,200 to 2,300",Apr-25
OXFORD SUITES,OXFORD ROAD,8,Non-Landed Properties,1,"3,500",60 to 70,600 to 700,Apr-25
RACE COURSE RD/OWEN RD CON AREA,RACE COURSE ROAD,8,Non-Landed Properties,NA,"7,300",200 to 210,"2,200 to 2,300",Apr-25
CITYLIGHTS,JELLICOE ROAD,8,Non-Landed Properties,1,"4,500",60 to 70,700 to 800,Apr-25
CITYLIGHTS,JELLICOE ROAD,8,Non-Landed Properties,1,"3,600",50 to 60,500 to 600,Apr-25
CITYLIGHTS,JELLICOE ROAD,8,Non-Landed Properties,1,"4,500",60 to 70,700 to 800,Apr-25
CITYLIGHTS,JELLICOE ROAD,8,Non-Landed Properties,2,"5,200",80 to 90,"900 to 1,000",Apr-25
CITYLIGHTS,JELLICOE ROAD,8,Non-Landed Properties,2,"5,500",80 to 90,"900 to 1,000",Apr-25
CITYLIGHTS,JELLICOE ROAD,8,Non-Landed Properties,1,"4,200",60 to 70,600 to 700,Apr-25
CITYLIGHTS,JELLICOE ROAD,8,Non-Landed Properties,2,"5,000",80 to 90,800 to 900,Apr-25
CITYLIGHTS,JELLICOE ROAD,8,Non-Landed Properties,1,"3,600",50 to 60,500 to 600,Apr-25
CITYLIGHTS,JELLICOE ROAD,8,Non-Landed Properties,1,"4,200",60 to 70,700 to 800,Apr-25
CITYLIGHTS,JELLICOE ROAD,8,Non-Landed Properties,2,"5,000",80 to 90,800 to 900,Apr-25
CITYLIGHTS,JELLICOE ROAD,8,Non-Landed Properties,2,"5,000",80 to 90,"900 to 1,000",Apr-25
CITYLIGHTS,JELLICOE ROAD,8,Non-Landed Properties,1,"3,700",50 to 60,500 to 600,Apr-25
CITYLIGHTS,JELLICOE ROAD,8,Non-Landed Properties,2,"5,000",80 to 90,800 to 900,Apr-25
CITYLIGHTS,JELLICOE ROAD,8,Non-Landed Properties,2,"5,050",80 to 90,800 to 900,Apr-25
CITYLIGHTS,JELLICOE ROAD,8,Non-Landed Properties,1,"4,000",60 to 70,600 to 700,Apr-25
CITYLIGHTS,JELLICOE ROAD,8,Non-Landed Properties,1,"4,000",60 to 70,600 to 700,Apr-25
CITYLIGHTS,JELLICOE ROAD,8,Non-Landed Properties,3,"6,400",120 to 130,"1,300 to 1,400",Apr-25
CITYLIGHTS,JELLICOE ROAD,8,Non-Landed Properties,3,"6,100",130 to 140,"1,400 to 1,500",Apr-25
CITYLIGHTS,JELLICOE ROAD,8,Non-Landed Properties,3,"6,200",120 to 130,"1,300 to 1,400",Apr-25
CITYLIGHTS,JELLICOE ROAD,8,Non-Landed Properties,3,"6,600",120 to 130,"1,300 to 1,400",Apr-25
NON-LANDED HOUSING DEVELOPMENT,MERGUI ROAD,8,Non-Landed Properties,NA,"4,500",80 to 90,"900 to 1,000",Apr-25
KENTISH GREEN,OXFORD ROAD,8,Non-Landed Properties,3,"5,000",110 to 120,"1,200 to 1,300",Apr-25
KENTISH GREEN,OXFORD ROAD,8,Non-Landed Properties,2,"4,500",110 to 120,"1,100 to 1,200",Apr-25
KENTISH GREEN,OXFORD ROAD,8,Non-Landed Properties,3,"6,000",120 to 130,"1,300 to 1,400",Apr-25
KENTISH GREEN,OXFORD ROAD,8,Non-Landed Properties,2,"4,200",90 to 100,"1,000 to 1,100",Apr-25
URBAN LOFTS,RANGOON ROAD,8,Non-Landed Properties,1,"2,600",30 to 40,400 to 500,Apr-25
RESIDENCES @ SOMME,PETAIN ROAD,8,Non-Landed Properties,1,"2,750",40 to 50,500 to 600,Apr-25
RESIDENCES @ SOMME,PETAIN ROAD,8,Non-Landed Properties,1,"2,900",40 to 50,500 to 600,Apr-25
FORTE SUITES,MERGUI ROAD,8,Non-Landed Properties,2,"3,650",60 to 70,600 to 700,Apr-25
FORTE SUITES,MERGUI ROAD,8,Non-Landed Properties,3,"4,000",50 to 60,600 to 700,Apr-25
FORTE SUITES,MERGUI ROAD,8,Non-Landed Properties,1,"2,800",40 to 50,400 to 500,Apr-25
CAVAN SUITES,CAVAN ROAD,8,Non-Landed Properties,NA,"2,500",30 to 40,300 to 400,Apr-25
CITYSCAPE @FARRER PARK,MERGUI ROAD,8,Non-Landed Properties,2,"4,300",80 to 90,"900 to 1,000",Apr-25
CITYSCAPE @FARRER PARK,MERGUI ROAD,8,Non-Landed Properties,2,"4,300",90 to 100,"900 to 1,000",Apr-25
CITYSCAPE @FARRER PARK,MERGUI ROAD,8,Non-Landed Properties,2,"4,080",80 to 90,"900 to 1,000",Apr-25
NON-LANDED HOUSING DEVELOPMENT,SING JOO WALK,8,Non-Landed Properties,NA,"3,600",90 to 100,"1,000 to 1,100",Apr-25
RANGOON VIEW,RANGOON ROAD,8,Non-Landed Properties,3,"7,200",120 to 130,"1,300 to 1,400",Apr-25
28 RC SUITES,RACE COURSE LANE,8,Non-Landed Properties,1,"3,500",30 to 40,400 to 500,Apr-25
28 RC SUITES,RACE COURSE LANE,8,Non-Landed Properties,1,"2,900",30 to 40,400 to 500,Apr-25
NON-LANDED HOUSING DEVELOPMENT,SERANGOON ROAD,8,Non-Landed Properties,3,"5,300",140 to 150,"1,500 to 1,600",Apr-25
NON-LANDED HOUSING DEVELOPMENT,SERANGOON ROAD,8,Non-Landed Properties,3,"4,200",140 to 150,"1,500 to 1,600",Apr-25
KENTISH COURT,OXFORD ROAD,8,Non-Landed Properties,2,"4,000",90 to 100,"1,000 to 1,100",Apr-25
KENTISH COURT,OXFORD ROAD,8,Non-Landed Properties,2,"4,100",90 to 100,"1,000 to 1,100",Apr-25
KENTISH COURT,OXFORD ROAD,8,Non-Landed Properties,2,"4,200",90 to 100,"1,000 to 1,100",Apr-25
KENTISH COURT,OXFORD ROAD,8,Non-Landed Properties,3,"4,600",120 to 130,"1,300 to 1,400",Apr-25
RANGOON 88,RANGOON ROAD,8,Non-Landed Properties,1,"3,100",40 to 50,400 to 500,Apr-25
MERGUI MANSIONS,MERGUI ROAD,8,Non-Landed Properties,3,"4,400",120 to 130,"1,300 to 1,400",Apr-25
NON-LANDED HOUSING DEVELOPMENT,CAMBRIDGE ROAD,8,Non-Landed Properties,NA,"3,600",80 to 90,800 to 900,Apr-25
70@TRURO,TRURO ROAD,8,Non-Landed Properties,3,"4,300",70 to 80,800 to 900,Apr-25
70@TRURO,TRURO ROAD,8,Non-Landed Properties,3,"4,300",70 to 80,800 to 900,Apr-25
NON-LANDED HOUSING DEVELOPMENT,JOO AVENUE,8,Non-Landed Properties,NA,"5,100",70 to 80,800 to 900,Apr-25
NON-LANDED HOUSING DEVELOPMENT,STURDEE ROAD,8,Non-Landed Properties,NA,"5,500",130 to 140,"1,400 to 1,500",Apr-25
JOOL SUITES,SING JOO WALK,8,Non-Landed Properties,1,"3,100",30 to 40,300 to 400,Apr-25
HERTFORD COLLECTION,HERTFORD ROAD,8,Non-Landed Properties,NA,"3,300",50 to 60,500 to 600,Apr-25
STUDIOS @ MARNE,MARNE ROAD,8,Non-Landed Properties,NA,"3,800",50 to 60,500 to 600,Apr-25
VOGX,DORSET ROAD,8,Non-Landed Properties,2,"3,500",80 to 90,800 to 900,Apr-25
VOGX,DORSET ROAD,8,Non-Landed Properties,2,"3,400",80 to 90,800 to 900,Apr-25
PRISTINE HEIGHTS,MERGUI ROAD,8,Non-Landed Properties,3,"5,000",120 to 130,"1,300 to 1,400",Apr-25
PRISTINE HEIGHTS,MERGUI ROAD,8,Non-Landed Properties,2,"4,100",60 to 70,700 to 800,Apr-25
NON-LANDED HOUSING DEVELOPMENT,BEATTY ROAD,8,Non-Landed Properties,NA,"4,500",110 to 120,"1,200 to 1,300",Apr-25
R66 APARTMENTS,RANGOON ROAD,8,Non-Landed Properties,1,"2,900",50 to 60,500 to 600,Apr-25
R66 APARTMENTS,RANGOON ROAD,8,Non-Landed Properties,1,"3,100",40 to 50,400 to 500,Apr-25
R66 APARTMENTS,RANGOON ROAD,8,Non-Landed Properties,1,"3,600",40 to 50,500 to 600,Apr-25
KENT RESIDENCES,KENT ROAD,8,Non-Landed Properties,1,"2,900",30 to 40,400 to 500,Apr-25
KENT RESIDENCES,KENT ROAD,8,Non-Landed Properties,1,"3,200",80 to 90,"900 to 1,000",Apr-25
MAPLE LEAF ELITE 2,RANGOON ROAD,8,Non-Landed Properties,2,"4,350",50 to 60,500 to 600,Mar-25
MAPLE LEAF ELITE 2,RANGOON ROAD,8,Non-Landed Properties,2,"4,250",50 to 60,500 to 600,Mar-25
KERRISDALE,STURDEE ROAD,8,Non-Landed Properties,3,"5,500",110 to 120,"1,200 to 1,300",Mar-25
KERRISDALE,STURDEE ROAD,8,Non-Landed Properties,4,"6,750",130 to 140,"1,400 to 1,500",Mar-25
KERRISDALE,STURDEE ROAD,8,Non-Landed Properties,3,"5,400",110 to 120,"1,200 to 1,300",Mar-25
KERRISDALE,STURDEE ROAD,8,Non-Landed Properties,4,"6,500",130 to 140,"1,400 to 1,500",Mar-25
KERRISDALE,STURDEE ROAD,8,Non-Landed Properties,3,"5,000",110 to 120,"1,200 to 1,300",Mar-25
KERRISDALE,STURDEE ROAD,8,Non-Landed Properties,3,"5,500",110 to 120,"1,200 to 1,300",Mar-25
CITY SQUARE RESIDENCES,KITCHENER LINK,8,Non-Landed Properties,3,"6,600",110 to 120,"1,200 to 1,300",Mar-25
CITY SQUARE RESIDENCES,KITCHENER LINK,8,Non-Landed Properties,4,"7,500",140 to 150,"1,500 to 1,600",Mar-25
CITY SQUARE RESIDENCES,KITCHENER LINK,8,Non-Landed Properties,1,"3,600",50 to 60,500 to 600,Mar-25
CITY SQUARE RESIDENCES,KITCHENER LINK,8,Non-Landed Properties,2,"4,600",70 to 80,800 to 900,Mar-25
CITY SQUARE RESIDENCES,KITCHENER LINK,8,Non-Landed Properties,4,"6,800",140 to 150,"1,500 to 1,600",Mar-25
CITY SQUARE RESIDENCES,KITCHENER LINK,8,Non-Landed Properties,2,"4,600",70 to 80,800 to 900,Mar-25
CITY SQUARE RESIDENCES,KITCHENER LINK,8,Non-Landed Properties,1,"3,400",50 to 60,500 to 600,Mar-25
CITY SQUARE RESIDENCES,KITCHENER LINK,8,Non-Landed Properties,3,"5,800",110 to 120,"1,200 to 1,300",Mar-25
CITY SQUARE RESIDENCES,KITCHENER LINK,8,Non-Landed Properties,4,"6,750",130 to 140,"1,500 to 1,600",Mar-25
CITY SQUARE RESIDENCES,KITCHENER LINK,8,Non-Landed Properties,4,"6,500",130 to 140,"1,500 to 1,600",Mar-25
CITY SQUARE RESIDENCES,KITCHENER LINK,8,Non-Landed Properties,3,"5,700",110 to 120,"1,200 to 1,300",Mar-25
CITY SQUARE RESIDENCES,KITCHENER LINK,8,Non-Landed Properties,2,"4,600",80 to 90,800 to 900,Mar-25
CITY SQUARE RESIDENCES,KITCHENER LINK,8,Non-Landed Properties,2,"5,100",80 to 90,"900 to 1,000",Mar-25
CITY SQUARE RESIDENCES,KITCHENER LINK,8,Non-Landed Properties,3,"5,600",110 to 120,"1,200 to 1,300",Mar-25
CITY SQUARE RESIDENCES,KITCHENER LINK,8,Non-Landed Properties,3,"5,300",110 to 120,"1,200 to 1,300",Mar-25
CITY SQUARE RESIDENCES,KITCHENER LINK,8,Non-Landed Properties,3,"6,000",110 to 120,"1,100 to 1,200",Mar-25
CITY SQUARE RESIDENCES,KITCHENER LINK,8,Non-Landed Properties,3,"6,500",110 to 120,"1,100 to 1,200",Mar-25
CITY SQUARE RESIDENCES,KITCHENER LINK,8,Non-Landed Properties,3,"5,650",110 to 120,"1,100 to 1,200",Mar-25
CITY SQUARE RESIDENCES,KITCHENER LINK,8,Non-Landed Properties,1,"3,400",50 to 60,500 to 600,Mar-25
CITY SQUARE RESIDENCES,KITCHENER LINK,8,Non-Landed Properties,3,"6,000",110 to 120,"1,200 to 1,300",Mar-25
CITY SQUARE RESIDENCES,KITCHENER LINK,8,Non-Landed Properties,1,"3,500",50 to 60,500 to 600,Mar-25
CITY SQUARE RESIDENCES,KITCHENER LINK,8,Non-Landed Properties,2,"4,500",70 to 80,800 to 900,Mar-25
CITY SQUARE RESIDENCES,KITCHENER LINK,8,Non-Landed Properties,2,"4,600",70 to 80,800 to 900,Mar-25
CITY SQUARE RESIDENCES,KITCHENER LINK,8,Non-Landed Properties,1,"3,700",50 to 60,500 to 600,Mar-25
CITY SQUARE RESIDENCES,KITCHENER LINK,8,Non-Landed Properties,1,"3,300",50 to 60,500 to 600,Mar-25
CITY SQUARE RESIDENCES,KITCHENER LINK,8,Non-Landed Properties,3,"6,200",110 to 120,"1,200 to 1,300",Mar-25
CITY SQUARE RESIDENCES,KITCHENER LINK,8,Non-Landed Properties,4,"6,500",140 to 150,"1,500 to 1,600",Mar-25
STURDEE RESIDENCES,BEATTY ROAD,8,Non-Landed Properties,2,"4,000",50 to 60,500 to 600,Mar-25
STURDEE RESIDENCES,BEATTY ROAD,8,Non-Landed Properties,1,"3,300",30 to 40,400 to 500,Mar-25
STURDEE RESIDENCES,BEATTY ROAD,8,Non-Landed Properties,2,"4,200",60 to 70,600 to 700,Mar-25
STURDEE RESIDENCES,BEATTY ROAD,8,Non-Landed Properties,1,"3,300",30 to 40,400 to 500,Mar-25
STURDEE RESIDENCES,BEATTY ROAD,8,Non-Landed Properties,3,"5,000",80 to 90,"900 to 1,000",Mar-25
STURDEE RESIDENCES,BEATTY ROAD,8,Non-Landed Properties,1,"3,500",30 to 40,400 to 500,Mar-25
STURDEE RESIDENCES,BEATTY ROAD,8,Non-Landed Properties,3,"5,100",80 to 90,"900 to 1,000",Mar-25
STURDEE RESIDENCES,BEATTY ROAD,8,Non-Landed Properties,3,"6,100",90 to 100,"1,000 to 1,100",Mar-25
PARC SOMME,SOMME ROAD,8,Non-Landed Properties,1,"2,600",30 to 40,300 to 400,Mar-25
PARC SOMME,SOMME ROAD,8,Non-Landed Properties,1,"2,850",30 to 40,300 to 400,Mar-25
PARC SOMME,SOMME ROAD,8,Non-Landed Properties,1,"2,800",40 to 50,400 to 500,Mar-25
JALAN BESAR PLAZA,KITCHENER ROAD,8,Non-Landed Properties,2,"2,700",80 to 90,"900 to 1,000",Mar-25
JALAN BESAR PLAZA,KITCHENER ROAD,8,Non-Landed Properties,2,"3,600",80 to 90,"900 to 1,000",Mar-25
NON-LANDED HOUSING DEVELOPMENT,RACE COURSE ROAD,8,Non-Landed Properties,NA,"6,600",80 to 90,800 to 900,Mar-25
NON-LANDED HOUSING DEVELOPMENT,RACE COURSE ROAD,8,Non-Landed Properties,1,"2,250",30 to 40,300 to 400,Mar-25
NON-LANDED HOUSING DEVELOPMENT,RACE COURSE ROAD,8,Non-Landed Properties,NA,"2,080",30 to 40,300 to 400,Mar-25
NON-LANDED HOUSING DEVELOPMENT,RACE COURSE ROAD,8,Non-Landed Properties,1,"2,250",30 to 40,300 to 400,Mar-25
NON-LANDED HOUSING DEVELOPMENT,RACE COURSE ROAD,8,Non-Landed Properties,NA,"2,100",20 to 30,200 to 300,Mar-25
NON-LANDED HOUSING DEVELOPMENT,PENHAS ROAD,8,Non-Landed Properties,NA,"4,000",100 to 110,"1,100 to 1,200",Mar-25
SUITES @ OWEN,OWEN ROAD,8,Non-Landed Properties,1,"2,600",40 to 50,500 to 600,Mar-25
SUITES @ OWEN,OWEN ROAD,8,Non-Landed Properties,2,"3,800",70 to 80,800 to 900,Mar-25
NON-LANDED HOUSING DEVELOPMENT,CARLISLE ROAD,8,Non-Landed Properties,NA,"2,100",80 to 90,"900 to 1,000",Mar-25
MERA SPRINGS,CARLISLE ROAD,8,Non-Landed Properties,2,"4,700",90 to 100,"1,000 to 1,100",Mar-25
MERA SPRINGS,CARLISLE ROAD,8,Non-Landed Properties,3,"5,300",110 to 120,"1,200 to 1,300",Mar-25
CHERRYLOFT,RANGOON ROAD,8,Non-Landed Properties,NA,"2,100",20 to 30,300 to 400,Mar-25
CHERRYLOFT,RANGOON ROAD,8,Non-Landed Properties,NA,"2,300",20 to 30,300 to 400,Mar-25
TYRWHITT 139,TYRWHITT ROAD,8,Non-Landed Properties,1,"2,600",30 to 40,300 to 400,Mar-25
LE SOMME,SOMME ROAD,8,Non-Landed Properties,1,"3,000",40 to 50,500 to 600,Mar-25
KENG LEE COURT,KENG LEE ROAD,8,Non-Landed Properties,1,"1,900",40 to 50,400 to 500,Mar-25
KENG LEE COURT,KENG LEE ROAD,8,Non-Landed Properties,1,"2,500",40 to 50,400 to 500,Mar-25
CITY LOFT,RACE COURSE ROAD,8,Non-Landed Properties,2,"3,500",80 to 90,"900 to 1,000",Mar-25
SOHO 188,RACE COURSE ROAD,8,Non-Landed Properties,1,"4,000",50 to 60,500 to 600,Mar-25
UPTOWN @ FARRER,PERUMAL ROAD,8,Non-Landed Properties,3,"5,000",70 to 80,700 to 800,Mar-25
UPTOWN @ FARRER,PERUMAL ROAD,8,Non-Landed Properties,2,"4,000",40 to 50,500 to 600,Mar-25
UPTOWN @ FARRER,PERUMAL ROAD,8,Non-Landed Properties,2,"3,900",40 to 50,500 to 600,Mar-25
UPTOWN @ FARRER,PERUMAL ROAD,8,Non-Landed Properties,2,"3,900",40 to 50,500 to 600,Mar-25
UPTOWN @ FARRER,PERUMAL ROAD,8,Non-Landed Properties,2,"3,600",40 to 50,500 to 600,Mar-25
UPTOWN @ FARRER,PERUMAL ROAD,8,Non-Landed Properties,3,"4,800",60 to 70,700 to 800,Mar-25
THE URBANITE,HERTFORD ROAD,8,Non-Landed Properties,2,"3,400",70 to 80,800 to 900,Mar-25
THE URBANITE,HERTFORD ROAD,8,Non-Landed Properties,1,"3,000",40 to 50,400 to 500,Mar-25
1953,TESSENSOHN ROAD,8,Non-Landed Properties,1,"3,500",50 to 60,500 to 600,Mar-25
1953,TESSENSOHN ROAD,8,Non-Landed Properties,1,"3,700",50 to 60,500 to 600,Mar-25
THE CITRON RESIDENCES,MARNE ROAD,8,Non-Landed Properties,2,"4,100",60 to 70,600 to 700,Mar-25
THE CITRON RESIDENCES,MARNE ROAD,8,Non-Landed Properties,2,"3,950",60 to 70,700 to 800,Mar-25
THE CITRON RESIDENCES,MARNE ROAD,8,Non-Landed Properties,2,"2,200",60 to 70,700 to 800,Mar-25
THE CITRON RESIDENCES,MARNE ROAD,8,Non-Landed Properties,2,"3,650",60 to 70,600 to 700,Mar-25
CITIGATE RESIDENCE,RANGOON ROAD,8,Non-Landed Properties,1,"3,400",50 to 60,500 to 600,Mar-25
OXFORD SUITES,OXFORD ROAD,8,Non-Landed Properties,1,"3,400",60 to 70,600 to 700,Mar-25
OXFORD SUITES,OXFORD ROAD,8,Non-Landed Properties,NA,"4,000",80 to 90,800 to 900,Mar-25
ZAMAN CENTRE,ROBERTS LANE,8,Non-Landed Properties,3,"20,000",>300,>3000,Mar-25
THE MERLOT,KENG LEE ROAD,8,Non-Landed Properties,1,"2,950",40 to 50,500 to 600,Mar-25
THE MERLOT,KENG LEE ROAD,8,Non-Landed Properties,1,"3,000",40 to 50,500 to 600,Mar-25
THE MERLOT,KENG LEE ROAD,8,Non-Landed Properties,2,"3,750",80 to 90,800 to 900,Mar-25
MAPLE LEAF ELITE 1,RANGOON ROAD,8,Non-Landed Properties,2,"4,200",70 to 80,700 to 800,Mar-25
CITYLIGHTS,JELLICOE ROAD,8,Non-Landed Properties,2,"4,900",80 to 90,800 to 900,Mar-25
CITYLIGHTS,JELLICOE ROAD,8,Non-Landed Properties,1,"4,000",60 to 70,600 to 700,Mar-25
CITYLIGHTS,JELLICOE ROAD,8,Non-Landed Properties,1,"4,000",60 to 70,600 to 700,Mar-25
CITYLIGHTS,JELLICOE ROAD,8,Non-Landed Properties,1,"3,800",50 to 60,500 to 600,Mar-25
CITYLIGHTS,JELLICOE ROAD,8,Non-Landed Properties,1,"4,200",60 to 70,600 to 700,Mar-25
CITYLIGHTS,JELLICOE ROAD,8,Non-Landed Properties,1,"4,300",60 to 70,700 to 800,Mar-25
CITYLIGHTS,JELLICOE ROAD,8,Non-Landed Properties,1,"3,900",60 to 70,600 to 700,Mar-25
CITYLIGHTS,JELLICOE ROAD,8,Non-Landed Properties,1,"3,800",50 to 60,500 to 600,Mar-25
CITYLIGHTS,JELLICOE ROAD,8,Non-Landed Properties,1,"4,400",60 to 70,700 to 800,Mar-25
CITYLIGHTS,JELLICOE ROAD,8,Non-Landed Properties,2,"5,200",80 to 90,"900 to 1,000",Mar-25
CITYLIGHTS,JELLICOE ROAD,8,Non-Landed Properties,1,"3,500",50 to 60,500 to 600,Mar-25
CITYLIGHTS,JELLICOE ROAD,8,Non-Landed Properties,3,"9,000",170 to 180,"1,800 to 1,900",Mar-25
CITYLIGHTS,JELLICOE ROAD,8,Non-Landed Properties,1,"4,450",60 to 70,600 to 700,Mar-25
CITYLIGHTS,JELLICOE ROAD,8,Non-Landed Properties,2,"5,000",80 to 90,800 to 900,Mar-25
CITYLIGHTS,JELLICOE ROAD,8,Non-Landed Properties,1,"3,900",60 to 70,600 to 700,Mar-25
CITYLIGHTS,JELLICOE ROAD,8,Non-Landed Properties,3,"6,700",130 to 140,"1,400 to 1,500",Mar-25
CITYLIGHTS,JELLICOE ROAD,8,Non-Landed Properties,3,"6,000",120 to 130,"1,300 to 1,400",Mar-25
CITYLIGHTS,JELLICOE ROAD,8,Non-Landed Properties,3,"6,250",130 to 140,"1,400 to 1,500",Mar-25
KENTISH GREEN,OXFORD ROAD,8,Non-Landed Properties,2,"3,950",110 to 120,"1,200 to 1,300",Mar-25
KENTISH GREEN,OXFORD ROAD,8,Non-Landed Properties,2,"4,100",90 to 100,"1,000 to 1,100",Mar-25
KENTISH GREEN,OXFORD ROAD,8,Non-Landed Properties,2,"4,200",90 to 100,"1,000 to 1,100",Mar-25
KENTISH GREEN,OXFORD ROAD,8,Non-Landed Properties,3,"5,500",120 to 130,"1,300 to 1,400",Mar-25
URBAN LOFTS,RANGOON ROAD,8,Non-Landed Properties,1,"3,000",30 to 40,400 to 500,Mar-25
URBAN LOFTS,RANGOON ROAD,8,Non-Landed Properties,1,"2,700",30 to 40,400 to 500,Mar-25
RESIDENCES @ SOMME,PETAIN ROAD,8,Non-Landed Properties,1,"2,800",30 to 40,400 to 500,Mar-25
FORTE SUITES,MERGUI ROAD,8,Non-Landed Properties,2,"3,400",50 to 60,600 to 700,Mar-25
FORTE SUITES,MERGUI ROAD,8,Non-Landed Properties,2,"3,700",50 to 60,600 to 700,Mar-25
FORTE SUITES,MERGUI ROAD,8,Non-Landed Properties,1,"3,000",40 to 50,400 to 500,Mar-25
FORTE SUITES,MERGUI ROAD,8,Non-Landed Properties,1,"3,100",40 to 50,400 to 500,Mar-25
FORTE SUITES,MERGUI ROAD,8,Non-Landed Properties,2,"3,800",50 to 60,600 to 700,Mar-25
FORTE SUITES,MERGUI ROAD,8,Non-Landed Properties,1,"2,900",40 to 50,400 to 500,Mar-25
FORTE SUITES,MERGUI ROAD,8,Non-Landed Properties,2,"3,800",50 to 60,600 to 700,Mar-25
CAVAN SUITES,CAVAN ROAD,8,Non-Landed Properties,NA,"2,400",30 to 40,300 to 400,Mar-25
CITYSCAPE @FARRER PARK,MERGUI ROAD,8,Non-Landed Properties,2,"4,100",90 to 100,"1,000 to 1,100",Mar-25
CITYSCAPE @FARRER PARK,MERGUI ROAD,8,Non-Landed Properties,2,"4,300",80 to 90,"900 to 1,000",Mar-25
CITYSCAPE @FARRER PARK,MERGUI ROAD,8,Non-Landed Properties,3,"5,800",110 to 120,"1,200 to 1,300",Mar-25
CITYSCAPE @FARRER PARK,MERGUI ROAD,8,Non-Landed Properties,2,"4,400",80 to 90,"900 to 1,000",Mar-25
CITYSCAPE @FARRER PARK,MERGUI ROAD,8,Non-Landed Properties,3,"5,850",120 to 130,"1,300 to 1,400",Mar-25
CITYSCAPE @FARRER PARK,MERGUI ROAD,8,Non-Landed Properties,2,"4,150",90 to 100,"900 to 1,000",Mar-25
CITYSCAPE @FARRER PARK,MERGUI ROAD,8,Non-Landed Properties,2,"4,300",90 to 100,"900 to 1,000",Mar-25
CITYSCAPE @FARRER PARK,MERGUI ROAD,8,Non-Landed Properties,2,"4,200",80 to 90,"900 to 1,000",Mar-25
CITYSCAPE @FARRER PARK,MERGUI ROAD,8,Non-Landed Properties,2,"4,800",100 to 110,"1,100 to 1,200",Mar-25
28 RC SUITES,RACE COURSE LANE,8,Non-Landed Properties,1,"3,200",30 to 40,400 to 500,Mar-25
28 RC SUITES,RACE COURSE LANE,8,Non-Landed Properties,1,"3,000",40 to 50,400 to 500,Mar-25
NON-LANDED HOUSING DEVELOPMENT,SERANGOON ROAD,8,Non-Landed Properties,3,"3,200",140 to 150,"1,500 to 1,600",Mar-25
NON-LANDED HOUSING DEVELOPMENT,TRURO ROAD,8,Non-Landed Properties,NA,"3,800",90 to 100,"1,000 to 1,100",Mar-25
KENTISH COURT,OXFORD ROAD,8,Non-Landed Properties,2,"4,000",90 to 100,"1,000 to 1,100",Mar-25
RANGOON 88,RANGOON ROAD,8,Non-Landed Properties,1,"2,900",30 to 40,400 to 500,Mar-25
RANGOON 88,RANGOON ROAD,8,Non-Landed Properties,1,"2,900",40 to 50,400 to 500,Mar-25
RANGOON 88,RANGOON ROAD,8,Non-Landed Properties,1,"3,000",50 to 60,500 to 600,Mar-25
RANGOON 88,RANGOON ROAD,8,Non-Landed Properties,1,"2,900",30 to 40,400 to 500,Mar-25
RANGOON 88,RANGOON ROAD,8,Non-Landed Properties,1,"2,900",40 to 50,400 to 500,Mar-25
RANGOON 88,RANGOON ROAD,8,Non-Landed Properties,1,"2,700",30 to 40,400 to 500,Mar-25
NON-LANDED HOUSING DEVELOPMENT,CAMBRIDGE ROAD,8,Non-Landed Properties,NA,"4,000",70 to 80,800 to 900,Mar-25
NON-LANDED HOUSING DEVELOPMENT,JOO AVENUE,8,Non-Landed Properties,NA,"3,050",110 to 120,"1,200 to 1,300",Mar-25
JOOL SUITES,SING JOO WALK,8,Non-Landed Properties,1,"2,900",30 to 40,400 to 500,Mar-25
STUDIOS @ MARNE,MARNE ROAD,8,Non-Landed Properties,NA,"3,600",60 to 70,600 to 700,Mar-25
STUDIOS @ MARNE,MARNE ROAD,8,Non-Landed Properties,NA,"4,250",50 to 60,500 to 600,Mar-25
STUDIOS @ MARNE,MARNE ROAD,8,Non-Landed Properties,NA,"3,400",50 to 60,500 to 600,Mar-25
STUDIOS @ MARNE,MARNE ROAD,8,Non-Landed Properties,2,"4,400",90 to 100,"900 to 1,000",Mar-25
VOGX,DORSET ROAD,8,Non-Landed Properties,2,"4,000",80 to 90,800 to 900,Mar-25
VOGX,DORSET ROAD,8,Non-Landed Properties,2,"4,000",80 to 90,800 to 900,Mar-25
VOGX,DORSET ROAD,8,Non-Landed Properties,1,"3,000",40 to 50,500 to 600,Mar-25
VOGX,DORSET ROAD,8,Non-Landed Properties,2,"4,000",80 to 90,800 to 900,Mar-25
NON-LANDED HOUSING DEVELOPMENT,RANGOON ROAD,8,Non-Landed Properties,NA,"3,900",130 to 140,"1,400 to 1,500",Mar-25
R66 APARTMENTS,RANGOON ROAD,8,Non-Landed Properties,1,"3,300",40 to 50,500 to 600,Mar-25
R66 APARTMENTS,RANGOON ROAD,8,Non-Landed Properties,1,"2,850",40 to 50,500 to 600,Mar-25
R66 APARTMENTS,RANGOON ROAD,8,Non-Landed Properties,1,"3,400",60 to 70,700 to 800,Mar-25
NON-LANDED HOUSING DEVELOPMENT,FLANDERS SQUARE,8,Non-Landed Properties,NA,"5,000",130 to 140,"1,400 to 1,500",Mar-25
NON-LANDED HOUSING DEVELOPMENT,FLANDERS SQUARE,8,Non-Landed Properties,NA,"7,300",80 to 90,"900 to 1,000",Mar-25
NON-LANDED HOUSING DEVELOPMENT,FLANDERS SQUARE,8,Non-Landed Properties,NA,"5,000",90 to 100,"1,000 to 1,100",Mar-25
NON-LANDED HOUSING DEVELOPMENT,FLANDERS SQUARE,8,Non-Landed Properties,NA,"4,800",90 to 100,"1,000 to 1,100",Mar-25
NON-LANDED HOUSING DEVELOPMENT,STARLIGHT ROAD,8,Non-Landed Properties,NA,"4,500",60 to 70,700 to 800,Mar-25
KENT RESIDENCES,KENT ROAD,8,Non-Landed Properties,1,"3,500",50 to 60,500 to 600,Mar-25
CLYDES RESIDENCE,MERGUI ROAD,8,Non-Landed Properties,2,"3,050",90 to 100,"1,000 to 1,100",Mar-25
CLYDES RESIDENCE,MERGUI ROAD,8,Non-Landed Properties,1,"3,000",50 to 60,500 to 600,Mar-25
KERRISDALE,STURDEE ROAD,8,Non-Landed Properties,3,"4,600",110 to 120,"1,200 to 1,300",Feb-25
KERRISDALE,STURDEE ROAD,8,Non-Landed Properties,2,"4,600",90 to 100,"900 to 1,000",Feb-25
KERRISDALE,STURDEE ROAD,8,Non-Landed Properties,2,"4,500",90 to 100,"900 to 1,000",Feb-25
KERRISDALE,STURDEE ROAD,8,Non-Landed Properties,2,"4,600",90 to 100,"900 to 1,000",Feb-25
KERRISDALE,STURDEE ROAD,8,Non-Landed Properties,3,"5,500",110 to 120,"1,200 to 1,300",Feb-25
KERRISDALE,STURDEE ROAD,8,Non-Landed Properties,3,"5,000",110 to 120,"1,200 to 1,300",Feb-25
KERRISDALE,STURDEE ROAD,8,Non-Landed Properties,3,"5,800",110 to 120,"1,200 to 1,300",Feb-25
KERRISDALE,STURDEE ROAD,8,Non-Landed Properties,3,"6,100",110 to 120,"1,200 to 1,300",Feb-25
KERRISDALE,STURDEE ROAD,8,Non-Landed Properties,3,"5,400",110 to 120,"1,200 to 1,300",Feb-25
KERRISDALE,STURDEE ROAD,8,Non-Landed Properties,4,"7,500",130 to 140,"1,400 to 1,500",Feb-25
KERRISDALE,STURDEE ROAD,8,Non-Landed Properties,4,"7,000",150 to 160,"1,600 to 1,700",Feb-25
CITY SQUARE RESIDENCES,KITCHENER LINK,8,Non-Landed Properties,1,"3,500",50 to 60,500 to 600,Feb-25
CITY SQUARE RESIDENCES,KITCHENER LINK,8,Non-Landed Properties,2,"4,800",70 to 80,800 to 900,Feb-25
CITY SQUARE RESIDENCES,KITCHENER LINK,8,Non-Landed Properties,1,"3,400",50 to 60,500 to 600,Feb-25
CITY SQUARE RESIDENCES,KITCHENER LINK,8,Non-Landed Properties,1,"3,700",50 to 60,500 to 600,Feb-25
CITY SQUARE RESIDENCES,KITCHENER LINK,8,Non-Landed Properties,2,"4,500",70 to 80,800 to 900,Feb-25
CITY SQUARE RESIDENCES,KITCHENER LINK,8,Non-Landed Properties,1,"3,700",50 to 60,500 to 600,Feb-25
CITY SQUARE RESIDENCES,KITCHENER LINK,8,Non-Landed Properties,1,"3,650",50 to 60,500 to 600,Feb-25
CITY SQUARE RESIDENCES,KITCHENER LINK,8,Non-Landed Properties,1,"4,050",50 to 60,500 to 600,Feb-25
CITY SQUARE RESIDENCES,KITCHENER LINK,8,Non-Landed Properties,4,"6,500",130 to 140,"1,500 to 1,600",Feb-25
CITY SQUARE RESIDENCES,KITCHENER LINK,8,Non-Landed Properties,4,"7,000",130 to 140,"1,500 to 1,600",Feb-25
CITY SQUARE RESIDENCES,KITCHENER LINK,8,Non-Landed Properties,4,"7,000",130 to 140,"1,500 to 1,600",Feb-25
CITY SQUARE RESIDENCES,KITCHENER LINK,8,Non-Landed Properties,3,"6,300",110 to 120,"1,200 to 1,300",Feb-25
CITY SQUARE RESIDENCES,KITCHENER LINK,8,Non-Landed Properties,3,"5,500",110 to 120,"1,200 to 1,300",Feb-25
CITY SQUARE RESIDENCES,KITCHENER LINK,8,Non-Landed Properties,1,"3,500",50 to 60,500 to 600,Feb-25
CITY SQUARE RESIDENCES,KITCHENER LINK,8,Non-Landed Properties,2,"5,000",70 to 80,800 to 900,Feb-25
CITY SQUARE RESIDENCES,KITCHENER LINK,8,Non-Landed Properties,3,"5,800",110 to 120,"1,100 to 1,200",Feb-25
CITY SQUARE RESIDENCES,KITCHENER LINK,8,Non-Landed Properties,3,"5,600",110 to 120,"1,200 to 1,300",Feb-25
CITY SQUARE RESIDENCES,KITCHENER LINK,8,Non-Landed Properties,3,"6,000",110 to 120,"1,200 to 1,300",Feb-25
CITY SQUARE RESIDENCES,KITCHENER LINK,8,Non-Landed Properties,3,"6,000",110 to 120,"1,100 to 1,200",Feb-25
CITY SQUARE RESIDENCES,KITCHENER LINK,8,Non-Landed Properties,3,"6,500",110 to 120,"1,100 to 1,200",Feb-25
CITY SQUARE RESIDENCES,KITCHENER LINK,8,Non-Landed Properties,3,"5,800",110 to 120,"1,200 to 1,300",Feb-25
CITY SQUARE RESIDENCES,KITCHENER LINK,8,Non-Landed Properties,4,"6,150",140 to 150,"1,500 to 1,600",Feb-25
CITY SQUARE RESIDENCES,KITCHENER LINK,8,Non-Landed Properties,1,"3,500",50 to 60,500 to 600,Feb-25
STURDEE RESIDENCES,BEATTY ROAD,8,Non-Landed Properties,1,"3,600",30 to 40,400 to 500,Feb-25
STURDEE RESIDENCES,BEATTY ROAD,8,Non-Landed Properties,2,"4,100",60 to 70,600 to 700,Feb-25
STURDEE RESIDENCES,BEATTY ROAD,8,Non-Landed Properties,2,"4,000",60 to 70,600 to 700,Feb-25
STURDEE RESIDENCES,BEATTY ROAD,8,Non-Landed Properties,2,"4,200",60 to 70,700 to 800,Feb-25
STURDEE RESIDENCES,BEATTY ROAD,8,Non-Landed Properties,2,"4,300",60 to 70,600 to 700,Feb-25
STURDEE RESIDENCES,BEATTY ROAD,8,Non-Landed Properties,1,"3,200",30 to 40,400 to 500,Feb-25
STURDEE RESIDENCES,BEATTY ROAD,8,Non-Landed Properties,1,"3,400",30 to 40,400 to 500,Feb-25
PARC SOMME,SOMME ROAD,8,Non-Landed Properties,1,"2,700",30 to 40,300 to 400,Feb-25
D'CAMBRIDGE,CAMBRIDGE ROAD,8,Non-Landed Properties,3,"4,200",110 to 120,"1,200 to 1,300",Feb-25
D'CAMBRIDGE,CAMBRIDGE ROAD,8,Non-Landed Properties,2,"3,100",60 to 70,700 to 800,Feb-25
NON-LANDED HOUSING DEVELOPMENT,RACE COURSE ROAD,8,Non-Landed Properties,NA,"2,200",30 to 40,300 to 400,Feb-25
NON-LANDED HOUSING DEVELOPMENT,RACE COURSE ROAD,8,Non-Landed Properties,NA,"2,100",20 to 30,200 to 300,Feb-25
NON-LANDED HOUSING DEVELOPMENT,PENHAS ROAD,8,Non-Landed Properties,NA,"4,200",100 to 110,"1,100 to 1,200",Feb-25
MERA SPRINGS,CARLISLE ROAD,8,Non-Landed Properties,2,"4,500",90 to 100,"1,000 to 1,100",Feb-25
MERA SPRINGS,CARLISLE ROAD,8,Non-Landed Properties,2,"4,200",90 to 100,"1,000 to 1,100",Feb-25
MERA SPRINGS,CARLISLE ROAD,8,Non-Landed Properties,3,"5,500",110 to 120,"1,200 to 1,300",Feb-25
SOHO @ FARRER,RACE COURSE ROAD,8,Non-Landed Properties,1,"2,800",40 to 50,400 to 500,Feb-25
CARLYX GREEN,CARLISLE ROAD,8,Non-Landed Properties,1,"3,500",50 to 60,500 to 600,Feb-25
TYRWHITT 139,TYRWHITT ROAD,8,Non-Landed Properties,1,"3,200",40 to 50,500 to 600,Feb-25
RACE COURSE 138,RACE COURSE ROAD,8,Non-Landed Properties,1,"2,750",40 to 50,400 to 500,Feb-25
HONG BUILDING,RANGOON ROAD,8,Non-Landed Properties,NA,"4,500",100 to 110,"1,100 to 1,200",Feb-25
KENG LEE COURT,KENG LEE ROAD,8,Non-Landed Properties,3,"4,000",90 to 100,"1,000 to 1,100",Feb-25
NON-LANDED HOUSING DEVELOPMENT,HAMILTON ROAD,8,Non-Landed Properties,NA,"3,200",80 to 90,"900 to 1,000",Feb-25
CITY LOFT,RACE COURSE ROAD,8,Non-Landed Properties,1,"2,850",30 to 40,300 to 400,Feb-25
SUITES 123,RANGOON ROAD,8,Non-Landed Properties,1,"3,050",60 to 70,600 to 700,Feb-25
SUITES 123,RANGOON ROAD,8,Non-Landed Properties,1,"3,150",40 to 50,400 to 500,Feb-25
NON-LANDED HOUSING DEVELOPMENT,HORNE ROAD,8,Non-Landed Properties,NA,"2,900",80 to 90,"900 to 1,000",Feb-25
UPTOWN @ FARRER,PERUMAL ROAD,8,Non-Landed Properties,2,"3,900",40 to 50,500 to 600,Feb-25
UPTOWN @ FARRER,PERUMAL ROAD,8,Non-Landed Properties,4,"4,600",90 to 100,"1,000 to 1,100",Feb-25
UPTOWN @ FARRER,PERUMAL ROAD,8,Non-Landed Properties,2,"3,800",40 to 50,500 to 600,Feb-25
1953,TESSENSOHN ROAD,8,Non-Landed Properties,1,"3,250",50 to 60,600 to 700,Feb-25
1953,TESSENSOHN ROAD,8,Non-Landed Properties,1,"3,200",50 to 60,500 to 600,Feb-25
1953,TESSENSOHN ROAD,8,Non-Landed Properties,5,"7,800",130 to 140,"1,500 to 1,600",Feb-25
VANADIUM,HERTFORD ROAD,8,Non-Landed Properties,2,"3,800",70 to 80,700 to 800,Feb-25
CARLYX RESIDENCE,CARLISLE ROAD,8,Non-Landed Properties,1,"3,500",80 to 90,800 to 900,Feb-25
THE CITRON RESIDENCES,MARNE ROAD,8,Non-Landed Properties,2,"3,800",60 to 70,600 to 700,Feb-25
NON-LANDED HOUSING DEVELOPMENT,HERTFORD ROAD,8,Non-Landed Properties,NA,"4,000",110 to 120,"1,200 to 1,300",Feb-25
OXFORD SUITES,OXFORD ROAD,8,Non-Landed Properties,3,"5,300",150 to 160,"1,600 to 1,700",Feb-25
OXFORD SUITES,OXFORD ROAD,8,Non-Landed Properties,2,"4,000",90 to 100,"1,000 to 1,100",Feb-25
ZAMAN CENTRE,ROBERTS LANE,8,Non-Landed Properties,1,"9,000",40 to 50,400 to 500,Feb-25
ZAMAN CENTRE,ROBERTS LANE,8,Non-Landed Properties,2,"8,000",80 to 90,800 to 900,Feb-25
ZAMAN CENTRE,ROBERTS LANE,8,Non-Landed Properties,1,"8,000",50 to 60,600 to 700,Feb-25
ZAMAN CENTRE,ROBERTS LANE,8,Non-Landed Properties,3,"8,000",100 to 110,"1,000 to 1,100",Feb-25
THE MERLOT,KENG LEE ROAD,8,Non-Landed Properties,1,"3,150",40 to 50,500 to 600,Feb-25
CITYLIGHTS,JELLICOE ROAD,8,Non-Landed Properties,1,"4,500",60 to 70,600 to 700,Feb-25
CITYLIGHTS,JELLICOE ROAD,8,Non-Landed Properties,1,"3,450",50 to 60,500 to 600,Feb-25
CITYLIGHTS,JELLICOE ROAD,8,Non-Landed Properties,2,"4,400",80 to 90,800 to 900,Feb-25
CITYLIGHTS,JELLICOE ROAD,8,Non-Landed Properties,1,"4,500",60 to 70,600 to 700,Feb-25
CITYLIGHTS,JELLICOE ROAD,8,Non-Landed Properties,2,"6,300",80 to 90,"900 to 1,000",Feb-25
CITYLIGHTS,JELLICOE ROAD,8,Non-Landed Properties,2,"5,100",80 to 90,800 to 900,Feb-25
CITYLIGHTS,JELLICOE ROAD,8,Non-Landed Properties,1,"3,800",60 to 70,600 to 700,Feb-25
CITYLIGHTS,JELLICOE ROAD,8,Non-Landed Properties,1,"4,000",60 to 70,600 to 700,Feb-25
CITYLIGHTS,JELLICOE ROAD,8,Non-Landed Properties,1,"4,000",50 to 60,500 to 600,Feb-25
CITYLIGHTS,JELLICOE ROAD,8,Non-Landed Properties,2,"5,000",80 to 90,"900 to 1,000",Feb-25
CITYLIGHTS,JELLICOE ROAD,8,Non-Landed Properties,1,"3,900",50 to 60,500 to 600,Feb-25
CITYLIGHTS,JELLICOE ROAD,8,Non-Landed Properties,3,"6,200",120 to 130,"1,300 to 1,400",Feb-25
CITYLIGHTS,JELLICOE ROAD,8,Non-Landed Properties,3,"6,200",130 to 140,"1,400 to 1,500",Feb-25
CITYLIGHTS,JELLICOE ROAD,8,Non-Landed Properties,3,"6,200",120 to 130,"1,300 to 1,400",Feb-25
CITYLIGHTS,JELLICOE ROAD,8,Non-Landed Properties,3,"6,500",130 to 140,"1,400 to 1,500",Feb-25
KENTISH GREEN,OXFORD ROAD,8,Non-Landed Properties,2,"4,300",90 to 100,"1,000 to 1,100",Feb-25
KENTISH GREEN,OXFORD ROAD,8,Non-Landed Properties,2,"3,800",110 to 120,"1,200 to 1,300",Feb-25
URBAN LOFTS,RANGOON ROAD,8,Non-Landed Properties,1,"2,850",30 to 40,400 to 500,Feb-25
URBAN LOFTS,RANGOON ROAD,8,Non-Landed Properties,1,"2,700",30 to 40,400 to 500,Feb-25
URBAN LOFTS,RANGOON ROAD,8,Non-Landed Properties,1,"2,650",30 to 40,400 to 500,Feb-25
URBAN LOFTS,RANGOON ROAD,8,Non-Landed Properties,1,"3,500",60 to 70,700 to 800,Feb-25
FORTE SUITES,MERGUI ROAD,8,Non-Landed Properties,2,"4,200",50 to 60,600 to 700,Feb-25
FORTE SUITES,MERGUI ROAD,8,Non-Landed Properties,1,"3,000",40 to 50,400 to 500,Feb-25
CAVAN SUITES,CAVAN ROAD,8,Non-Landed Properties,NA,"2,600",20 to 30,300 to 400,Feb-25
CAVAN SUITES,CAVAN ROAD,8,Non-Landed Properties,NA,"2,400",30 to 40,300 to 400,Feb-25
CAVAN SUITES,CAVAN ROAD,8,Non-Landed Properties,1,"2,600",40 to 50,400 to 500,Feb-25
CITYSCAPE @FARRER PARK,MERGUI ROAD,8,Non-Landed Properties,2,"3,500",80 to 90,"900 to 1,000",Feb-25
CITYSCAPE @FARRER PARK,MERGUI ROAD,8,Non-Landed Properties,2,"4,400",90 to 100,"1,000 to 1,100",Feb-25
CITYSCAPE @FARRER PARK,MERGUI ROAD,8,Non-Landed Properties,2,"4,050",100 to 110,"1,100 to 1,200",Feb-25
CITYSCAPE @FARRER PARK,MERGUI ROAD,8,Non-Landed Properties,2,"4,500",90 to 100,"1,000 to 1,100",Feb-25
SPA BUILDING,VERDUN ROAD,8,Non-Landed Properties,4,"3,000",160 to 170,"1,700 to 1,800",Feb-25
28 RC SUITES,RACE COURSE LANE,8,Non-Landed Properties,1,"2,750",30 to 40,400 to 500,Feb-25
28 RC SUITES,RACE COURSE LANE,8,Non-Landed Properties,1,"3,000",70 to 80,800 to 900,Feb-25
DORSET MANSIONS,DORSET ROAD,8,Non-Landed Properties,NA,"3,400",90 to 100,"1,000 to 1,100",Feb-25
CITY STUDIOS,RACE COURSE LANE,8,Non-Landed Properties,2,"4,000",120 to 130,"1,300 to 1,400",Feb-25
RANGOON 88,RANGOON ROAD,8,Non-Landed Properties,1,"3,600",50 to 60,500 to 600,Feb-25
RANGOON 88,RANGOON ROAD,8,Non-Landed Properties,1,"3,100",40 to 50,500 to 600,Feb-25
NON-LANDED HOUSING DEVELOPMENT,SING AVENUE,8,Non-Landed Properties,NA,"5,000",100 to 110,"1,100 to 1,200",Feb-25
JOOL SUITES,SING JOO WALK,8,Non-Landed Properties,1,"3,000",30 to 40,300 to 400,Feb-25
JOOL SUITES,SING JOO WALK,8,Non-Landed Properties,1,"2,600",30 to 40,400 to 500,Feb-25
JOOL SUITES,SING JOO WALK,8,Non-Landed Properties,1,"3,300",60 to 70,600 to 700,Feb-25
JOOL SUITES,SING JOO WALK,8,Non-Landed Properties,1,"4,000",60 to 70,600 to 700,Feb-25
HERTFORD COLLECTION,HERTFORD ROAD,8,Non-Landed Properties,NA,"3,000",50 to 60,500 to 600,Feb-25
STUDIOS @ MARNE,MARNE ROAD,8,Non-Landed Properties,NA,"3,300",40 to 50,500 to 600,Feb-25
STUDIOS @ MARNE,MARNE ROAD,8,Non-Landed Properties,NA,"2,750",50 to 60,500 to 600,Feb-25
NON-LANDED HOUSING DEVELOPMENT,RANGOON ROAD,8,Non-Landed Properties,NA,"3,000",60 to 70,600 to 700,Feb-25
PRISTINE HEIGHTS,MERGUI ROAD,8,Non-Landed Properties,3,"4,200",70 to 80,800 to 900,Feb-25
LILY TAN MANSION,BRISTOL ROAD,8,Non-Landed Properties,NA,"3,400",80 to 90,"900 to 1,000",Feb-25
NON-LANDED HOUSING DEVELOPMENT,BEATTY ROAD,8,Non-Landed Properties,NA,"4,500",110 to 120,"1,200 to 1,300",Feb-25
R66 APARTMENTS,RANGOON ROAD,8,Non-Landed Properties,1,"2,900",40 to 50,500 to 600,Feb-25
R66 APARTMENTS,RANGOON ROAD,8,Non-Landed Properties,1,"2,900",40 to 50,500 to 600,Feb-25
NON-LANDED HOUSING DEVELOPMENT,OWEN ROAD,8,Non-Landed Properties,NA,"5,300",60 to 70,700 to 800,Feb-25
KENT RESIDENCES,KENT ROAD,8,Non-Landed Properties,1,"3,300",50 to 60,500 to 600,Feb-25
CLYDES RESIDENCE,MERGUI ROAD,8,Non-Landed Properties,1,"2,200",50 to 60,500 to 600,Feb-25
MAPLE LEAF ELITE 2,RANGOON ROAD,8,Non-Landed Properties,1,"3,900",70 to 80,700 to 800,Jan-25
KERRISDALE,STURDEE ROAD,8,Non-Landed Properties,3,"6,000",110 to 120,"1,200 to 1,300",Jan-25
KERRISDALE,STURDEE ROAD,8,Non-Landed Properties,3,"6,000",110 to 120,"1,200 to 1,300",Jan-25
KERRISDALE,STURDEE ROAD,8,Non-Landed Properties,3,"6,000",110 to 120,"1,200 to 1,300",Jan-25
KERRISDALE,STURDEE ROAD,8,Non-Landed Properties,4,"6,200",130 to 140,"1,400 to 1,500",Jan-25
CITY SQUARE RESIDENCES,KITCHENER LINK,8,Non-Landed Properties,3,"5,800",110 to 120,"1,200 to 1,300",Jan-25
CITY SQUARE RESIDENCES,KITCHENER LINK,8,Non-Landed Properties,2,"4,300",70 to 80,800 to 900,Jan-25
CITY SQUARE RESIDENCES,KITCHENER LINK,8,Non-Landed Properties,2,"4,300",70 to 80,800 to 900,Jan-25
CITY SQUARE RESIDENCES,KITCHENER LINK,8,Non-Landed Properties,2,"4,500",70 to 80,800 to 900,Jan-25
CITY SQUARE RESIDENCES,KITCHENER LINK,8,Non-Landed Properties,2,"4,500",70 to 80,800 to 900,Jan-25
CITY SQUARE RESIDENCES,KITCHENER LINK,8,Non-Landed Properties,3,"5,500",110 to 120,"1,200 to 1,300",Jan-25
CITY SQUARE RESIDENCES,KITCHENER LINK,8,Non-Landed Properties,1,"3,650",50 to 60,500 to 600,Jan-25
CITY SQUARE RESIDENCES,KITCHENER LINK,8,Non-Landed Properties,3,"6,400",110 to 120,"1,200 to 1,300",Jan-25
CITY SQUARE RESIDENCES,KITCHENER LINK,8,Non-Landed Properties,3,"6,500",110 to 120,"1,200 to 1,300",Jan-25
CITY SQUARE RESIDENCES,KITCHENER LINK,8,Non-Landed Properties,2,"4,600",70 to 80,800 to 900,Jan-25
CITY SQUARE RESIDENCES,KITCHENER LINK,8,Non-Landed Properties,2,"4,200",80 to 90,800 to 900,Jan-25
CITY SQUARE RESIDENCES,KITCHENER LINK,8,Non-Landed Properties,2,"4,600",80 to 90,800 to 900,Jan-25
CITY SQUARE RESIDENCES,KITCHENER LINK,8,Non-Landed Properties,4,"6,800",130 to 140,"1,500 to 1,600",Jan-25
CITY SQUARE RESIDENCES,KITCHENER LINK,8,Non-Landed Properties,2,"5,000",80 to 90,800 to 900,Jan-25
CITY SQUARE RESIDENCES,KITCHENER LINK,8,Non-Landed Properties,3,"5,800",110 to 120,"1,200 to 1,300",Jan-25
CITY SQUARE RESIDENCES,KITCHENER LINK,8,Non-Landed Properties,3,"6,800",110 to 120,"1,100 to 1,200",Jan-25
CITY SQUARE RESIDENCES,KITCHENER LINK,8,Non-Landed Properties,3,"6,150",110 to 120,"1,100 to 1,200",Jan-25
CITY SQUARE RESIDENCES,KITCHENER LINK,8,Non-Landed Properties,3,"6,200",110 to 120,"1,200 to 1,300",Jan-25
CITY SQUARE RESIDENCES,KITCHENER LINK,8,Non-Landed Properties,1,"3,400",50 to 60,500 to 600,Jan-25
CITY SQUARE RESIDENCES,KITCHENER LINK,8,Non-Landed Properties,1,"3,500",50 to 60,500 to 600,Jan-25
CITY SQUARE RESIDENCES,KITCHENER LINK,8,Non-Landed Properties,1,"3,100",50 to 60,500 to 600,Jan-25
CITY SQUARE RESIDENCES,KITCHENER LINK,8,Non-Landed Properties,2,"4,800",70 to 80,800 to 900,Jan-25
CITY SQUARE RESIDENCES,KITCHENER LINK,8,Non-Landed Properties,3,"5,300",110 to 120,"1,200 to 1,300",Jan-25
CITY SQUARE RESIDENCES,KITCHENER LINK,8,Non-Landed Properties,2,"5,000",70 to 80,800 to 900,Jan-25
CITY SQUARE RESIDENCES,KITCHENER LINK,8,Non-Landed Properties,3,"5,900",110 to 120,"1,200 to 1,300",Jan-25
CITY SQUARE RESIDENCES,KITCHENER LINK,8,Non-Landed Properties,3,"6,000",110 to 120,"1,200 to 1,300",Jan-25
CITY SQUARE RESIDENCES,KITCHENER LINK,8,Non-Landed Properties,3,"6,088",110 to 120,"1,200 to 1,300",Jan-25
CITY SQUARE RESIDENCES,KITCHENER LINK,8,Non-Landed Properties,4,"7,200",140 to 150,"1,500 to 1,600",Jan-25
CITY SQUARE RESIDENCES,KITCHENER LINK,8,Non-Landed Properties,1,"3,200",50 to 60,500 to 600,Jan-25
CITY SQUARE RESIDENCES,KITCHENER LINK,8,Non-Landed Properties,3,"6,000",110 to 120,"1,200 to 1,300",Jan-25
CITY SQUARE RESIDENCES,KITCHENER LINK,8,Non-Landed Properties,4,"6,188",140 to 150,"1,500 to 1,600",Jan-25
STURDEE RESIDENCES,BEATTY ROAD,8,Non-Landed Properties,3,"5,300",80 to 90,"900 to 1,000",Jan-25
STURDEE RESIDENCES,BEATTY ROAD,8,Non-Landed Properties,1,"3,500",30 to 40,400 to 500,Jan-25
STURDEE RESIDENCES,BEATTY ROAD,8,Non-Landed Properties,3,"2,833",70 to 80,800 to 900,Jan-25
STURDEE RESIDENCES,BEATTY ROAD,8,Non-Landed Properties,1,"3,100",30 to 40,400 to 500,Jan-25
STURDEE RESIDENCES,BEATTY ROAD,8,Non-Landed Properties,1,"3,400",30 to 40,400 to 500,Jan-25
STURDEE RESIDENCES,BEATTY ROAD,8,Non-Landed Properties,1,"3,200",30 to 40,400 to 500,Jan-25
JALAN BESAR PLAZA,KITCHENER ROAD,8,Non-Landed Properties,4,"5,500",140 to 150,"1,500 to 1,600",Jan-25
JALAN BESAR PLAZA,KITCHENER ROAD,8,Non-Landed Properties,4,"5,300",140 to 150,"1,500 to 1,600",Jan-25
JALAN BESAR PLAZA,KITCHENER ROAD,8,Non-Landed Properties,4,"5,300",140 to 150,"1,500 to 1,600",Jan-25
JALAN BESAR PLAZA,KITCHENER ROAD,8,Non-Landed Properties,4,"3,800",140 to 150,"1,500 to 1,600",Jan-25
NON-LANDED HOUSING DEVELOPMENT,RACE COURSE ROAD,8,Non-Landed Properties,NA,"2,150",30 to 40,300 to 400,Jan-25
NON-LANDED HOUSING DEVELOPMENT,RACE COURSE ROAD,8,Non-Landed Properties,NA,"2,100",30 to 40,300 to 400,Jan-25
NON-LANDED HOUSING DEVELOPMENT,PENHAS ROAD,8,Non-Landed Properties,NA,"4,000",100 to 110,"1,100 to 1,200",Jan-25
SUITES @ OWEN,OWEN ROAD,8,Non-Landed Properties,1,"2,800",40 to 50,400 to 500,Jan-25
NON-LANDED HOUSING DEVELOPMENT,CARLISLE ROAD,8,Non-Landed Properties,NA,"4,600",110 to 120,"1,200 to 1,300",Jan-25
MERA SPRINGS,CARLISLE ROAD,8,Non-Landed Properties,3,"5,200",110 to 120,"1,200 to 1,300",Jan-25
MERA SPRINGS,CARLISLE ROAD,8,Non-Landed Properties,2,"4,100",90 to 100,"1,000 to 1,100",Jan-25
SOHO @ FARRER,RACE COURSE ROAD,8,Non-Landed Properties,1,"2,400",30 to 40,300 to 400,Jan-25
NON-LANDED HOUSING DEVELOPMENT,DORSET ROAD,8,Non-Landed Properties,NA,"5,500",90 to 100,"900 to 1,000",Jan-25
CHERRYLOFT,RANGOON ROAD,8,Non-Landed Properties,NA,"2,200",20 to 30,300 to 400,Jan-25
TYRWHITT 139,TYRWHITT ROAD,8,Non-Landed Properties,1,"3,300",40 to 50,400 to 500,Jan-25
TYRWHITT 139,TYRWHITT ROAD,8,Non-Landed Properties,1,"3,200",40 to 50,400 to 500,Jan-25
RACE COURSE 138,RACE COURSE ROAD,8,Non-Landed Properties,3,"5,200",100 to 110,"1,100 to 1,200",Jan-25
KENG LEE COURT,KENG LEE ROAD,8,Non-Landed Properties,2,"3,500",50 to 60,600 to 700,Jan-25
NON-LANDED HOUSING DEVELOPMENT,HAMILTON ROAD,8,Non-Landed Properties,NA,"4,600",80 to 90,"900 to 1,000",Jan-25
NON-LANDED HOUSING DEVELOPMENT,HAMILTON ROAD,8,Non-Landed Properties,NA,"3,300",140 to 150,"1,500 to 1,600",Jan-25
NON-LANDED HOUSING DEVELOPMENT,HAMILTON ROAD,8,Non-Landed Properties,NA,"3,000",130 to 140,"1,400 to 1,500",Jan-25
CITY LOFT,RACE COURSE ROAD,8,Non-Landed Properties,1,"2,700",30 to 40,300 to 400,Jan-25
CITY LOFT,RACE COURSE ROAD,8,Non-Landed Properties,1,"2,650",30 to 40,300 to 400,Jan-25
CITY LOFT,RACE COURSE ROAD,8,Non-Landed Properties,1,"2,550",30 to 40,300 to 400,Jan-25
NON-LANDED HOUSING DEVELOPMENT,HORNE ROAD,8,Non-Landed Properties,NA,"4,500",120 to 130,"1,300 to 1,400",Jan-25
NON-LANDED HOUSING DEVELOPMENT,HORNE ROAD,8,Non-Landed Properties,NA,"4,650",80 to 90,"900 to 1,000",Jan-25
SOHO 188,RACE COURSE ROAD,8,Non-Landed Properties,1,"3,400",30 to 40,300 to 400,Jan-25
UPTOWN @ FARRER,PERUMAL ROAD,8,Non-Landed Properties,4,"5,000",90 to 100,"1,000 to 1,100",Jan-25
THE URBANITE,HERTFORD ROAD,8,Non-Landed Properties,1,"3,000",40 to 50,400 to 500,Jan-25
THE URBANITE,HERTFORD ROAD,8,Non-Landed Properties,1,"2,600",40 to 50,400 to 500,Jan-25
THE URBANITE,HERTFORD ROAD,8,Non-Landed Properties,2,"3,700",70 to 80,800 to 900,Jan-25
THE BLISS,RACE COURSE ROAD,8,Non-Landed Properties,2,"3,500",50 to 60,600 to 700,Jan-25
1953,TESSENSOHN ROAD,8,Non-Landed Properties,1,"3,900",50 to 60,600 to 700,Jan-25
CARLYX RESIDENCE,CARLISLE ROAD,8,Non-Landed Properties,1,"2,600",50 to 60,500 to 600,Jan-25
CARLYX RESIDENCE,CARLISLE ROAD,8,Non-Landed Properties,1,"3,100",50 to 60,500 to 600,Jan-25
THE CITRON RESIDENCES,MARNE ROAD,8,Non-Landed Properties,2,"4,100",60 to 70,600 to 700,Jan-25
NON-LANDED HOUSING DEVELOPMENT,HERTFORD ROAD,8,Non-Landed Properties,NA,"4,100",100 to 110,"1,100 to 1,200",Jan-25
OXFORD SUITES,OXFORD ROAD,8,Non-Landed Properties,NA,"3,800",80 to 90,800 to 900,Jan-25
OXFORD SUITES,OXFORD ROAD,8,Non-Landed Properties,NA,"3,600",80 to 90,"900 to 1,000",Jan-25
OXFORD SUITES,OXFORD ROAD,8,Non-Landed Properties,NA,"4,200",80 to 90,800 to 900,Jan-25
NON-LANDED HOUSING DEVELOPMENT,CAVAN ROAD,8,Non-Landed Properties,NA,"3,400",90 to 100,"1,000 to 1,100",Jan-25
THE MERLOT,KENG LEE ROAD,8,Non-Landed Properties,2,"3,800",80 to 90,800 to 900,Jan-25
MAPLE LEAF ELITE 1,RANGOON ROAD,8,Non-Landed Properties,2,"4,200",70 to 80,700 to 800,Jan-25
CITYLIGHTS,JELLICOE ROAD,8,Non-Landed Properties,2,"5,000",80 to 90,800 to 900,Jan-25
CITYLIGHTS,JELLICOE ROAD,8,Non-Landed Properties,2,"4,400",80 to 90,800 to 900,Jan-25
CITYLIGHTS,JELLICOE ROAD,8,Non-Landed Properties,1,"3,500",50 to 60,500 to 600,Jan-25
CITYLIGHTS,JELLICOE ROAD,8,Non-Landed Properties,1,"3,900",60 to 70,600 to 700,Jan-25
CITYLIGHTS,JELLICOE ROAD,8,Non-Landed Properties,1,"4,500",60 to 70,600 to 700,Jan-25
CITYLIGHTS,JELLICOE ROAD,8,Non-Landed Properties,1,"4,000",60 to 70,700 to 800,Jan-25
CITYLIGHTS,JELLICOE ROAD,8,Non-Landed Properties,1,"4,400",60 to 70,700 to 800,Jan-25
CITYLIGHTS,JELLICOE ROAD,8,Non-Landed Properties,1,"4,250",60 to 70,600 to 700,Jan-25
CITYLIGHTS,JELLICOE ROAD,8,Non-Landed Properties,2,"4,800",80 to 90,"900 to 1,000",Jan-25
CITYLIGHTS,JELLICOE ROAD,8,Non-Landed Properties,1,"4,000",60 to 70,600 to 700,Jan-25
CITYLIGHTS,JELLICOE ROAD,8,Non-Landed Properties,2,"5,200",80 to 90,800 to 900,Jan-25
CITYLIGHTS,JELLICOE ROAD,8,Non-Landed Properties,1,"4,400",60 to 70,600 to 700,Jan-25
CITYLIGHTS,JELLICOE ROAD,8,Non-Landed Properties,3,"7,000",120 to 130,"1,300 to 1,400",Jan-25
CITYLIGHTS,JELLICOE ROAD,8,Non-Landed Properties,3,"6,100",130 to 140,"1,400 to 1,500",Jan-25
CITYLIGHTS,JELLICOE ROAD,8,Non-Landed Properties,3,"6,750",120 to 130,"1,300 to 1,400",Jan-25
CITYLIGHTS,JELLICOE ROAD,8,Non-Landed Properties,3,"5,600",130 to 140,"1,400 to 1,500",Jan-25
KENTISH GREEN,OXFORD ROAD,8,Non-Landed Properties,2,"4,100",100 to 110,"1,000 to 1,100",Jan-25
URBAN LOFTS,RANGOON ROAD,8,Non-Landed Properties,1,"3,000",30 to 40,400 to 500,Jan-25
URBAN LOFTS,RANGOON ROAD,8,Non-Landed Properties,1,"3,300",60 to 70,600 to 700,Jan-25
URBAN LOFTS,RANGOON ROAD,8,Non-Landed Properties,1,"2,700",30 to 40,400 to 500,Jan-25
WISMA M.T.F.A.,ROBERTS LANE,8,Non-Landed Properties,3,"5,500",110 to 120,"1,200 to 1,300",Jan-25
WISMA M.T.F.A.,ROBERTS LANE,8,Non-Landed Properties,3,"5,000",90 to 100,"900 to 1,000",Jan-25
WISMA M.T.F.A.,ROBERTS LANE,8,Non-Landed Properties,3,"5,000",90 to 100,"900 to 1,000",Jan-25
WISMA M.T.F.A.,ROBERTS LANE,8,Non-Landed Properties,3,"5,000",90 to 100,"900 to 1,000",Jan-25
WISMA M.T.F.A.,ROBERTS LANE,8,Non-Landed Properties,3,"5,000",90 to 100,"900 to 1,000",Jan-25
FORTE SUITES,MERGUI ROAD,8,Non-Landed Properties,2,"3,650",60 to 70,600 to 700,Jan-25
CAVAN SUITES,CAVAN ROAD,8,Non-Landed Properties,1,"2,700",40 to 50,400 to 500,Jan-25
CAVAN SUITES,CAVAN ROAD,8,Non-Landed Properties,NA,"2,800",30 to 40,300 to 400,Jan-25
CITYSCAPE @FARRER PARK,MERGUI ROAD,8,Non-Landed Properties,3,"5,400",120 to 130,"1,300 to 1,400",Jan-25
CITYSCAPE @FARRER PARK,MERGUI ROAD,8,Non-Landed Properties,3,"5,200",120 to 130,"1,300 to 1,400",Jan-25
CITYSCAPE @FARRER PARK,MERGUI ROAD,8,Non-Landed Properties,2,"4,300",90 to 100,"1,000 to 1,100",Jan-25
CITYSCAPE @FARRER PARK,MERGUI ROAD,8,Non-Landed Properties,2,"4,300",100 to 110,"1,100 to 1,200",Jan-25
CITYSCAPE @FARRER PARK,MERGUI ROAD,8,Non-Landed Properties,3,"5,000",120 to 130,"1,300 to 1,400",Jan-25
CITYSCAPE @FARRER PARK,MERGUI ROAD,8,Non-Landed Properties,2,"4,400",110 to 120,"1,200 to 1,300",Jan-25
CITYSCAPE @FARRER PARK,MERGUI ROAD,8,Non-Landed Properties,2,"4,400",90 to 100,"1,000 to 1,100",Jan-25
28 RC SUITES,RACE COURSE LANE,8,Non-Landed Properties,1,"2,600",30 to 40,400 to 500,Jan-25
28 RC SUITES,RACE COURSE LANE,8,Non-Landed Properties,1,"3,500",30 to 40,400 to 500,Jan-25
DESKER ROAD CONSERVATION AREA,KITCHENER ROAD,8,Non-Landed Properties,NA,"3,300",90 to 100,"1,000 to 1,100",Jan-25
NON-LANDED HOUSING DEVELOPMENT,SERANGOON ROAD,8,Non-Landed Properties,NA,"4,200",60 to 70,700 to 800,Jan-25
NON-LANDED HOUSING DEVELOPMENT,SERANGOON ROAD,8,Non-Landed Properties,NA,"3,800",60 to 70,700 to 800,Jan-25
RANGOON 88,RANGOON ROAD,8,Non-Landed Properties,1,"3,000",40 to 50,400 to 500,Jan-25
RANGOON 88,RANGOON ROAD,8,Non-Landed Properties,1,"3,000",30 to 40,400 to 500,Jan-25
RANGOON 88,RANGOON ROAD,8,Non-Landed Properties,2,"4,200",90 to 100,"1,000 to 1,100",Jan-25
NON-LANDED HOUSING DEVELOPMENT,DUNLOP STREET,8,Non-Landed Properties,NA,"4,000",60 to 70,600 to 700,Jan-25
NON-LANDED HOUSING DEVELOPMENT,CAMBRIDGE ROAD,8,Non-Landed Properties,NA,"3,500",90 to 100,"900 to 1,000",Jan-25
NON-LANDED HOUSING DEVELOPMENT,CAMBRIDGE ROAD,8,Non-Landed Properties,NA,"3,100",70 to 80,800 to 900,Jan-25
70@TRURO,TRURO ROAD,8,Non-Landed Properties,3,"4,500",70 to 80,800 to 900,Jan-25
NON-LANDED HOUSING DEVELOPMENT,JOO AVENUE,8,Non-Landed Properties,NA,"3,500",80 to 90,"900 to 1,000",Jan-25
NON-LANDED HOUSING DEVELOPMENT,JOO AVENUE,8,Non-Landed Properties,NA,"3,800",90 to 100,"900 to 1,000",Jan-25
NON-LANDED HOUSING DEVELOPMENT,SING AVENUE,8,Non-Landed Properties,NA,"3,500",100 to 110,"1,100 to 1,200",Jan-25
NON-LANDED HOUSING DEVELOPMENT,SING AVENUE,8,Non-Landed Properties,NA,"5,100",70 to 80,800 to 900,Jan-25
JOOL SUITES,SING JOO WALK,8,Non-Landed Properties,1,"2,600",30 to 40,400 to 500,Jan-25
JOOL SUITES,SING JOO WALK,8,Non-Landed Properties,1,"2,600",30 to 40,400 to 500,Jan-25
KENTISH LODGE,OXFORD ROAD,8,Non-Landed Properties,3,"3,300",100 to 110,"1,100 to 1,200",Jan-25
STUDIOS @ MARNE,MARNE ROAD,8,Non-Landed Properties,NA,"3,000",50 to 60,500 to 600,Jan-25
VOGX,DORSET ROAD,8,Non-Landed Properties,2,"5,300",130 to 140,"1,400 to 1,500",Jan-25
NON-LANDED HOUSING DEVELOPMENT,RANGOON ROAD,8,Non-Landed Properties,NA,"4,800",130 to 140,"1,400 to 1,500",Jan-25
NON-LANDED HOUSING DEVELOPMENT,RANGOON ROAD,8,Non-Landed Properties,NA,"4,350",110 to 120,"1,200 to 1,300",Jan-25
PRISTINE HEIGHTS,MERGUI ROAD,8,Non-Landed Properties,2,"3,850",60 to 70,700 to 800,Jan-25
PRISTINE HEIGHTS,MERGUI ROAD,8,Non-Landed Properties,3,"4,100",70 to 80,800 to 900,Jan-25
PRISTINE HEIGHTS,MERGUI ROAD,8,Non-Landed Properties,3,"4,400",70 to 80,800 to 900,Jan-25
HOA NAM BUILDING,FOCH ROAD,8,Non-Landed Properties,2,"3,500",70 to 80,800 to 900,Jan-25
NON-LANDED HOUSING DEVELOPMENT,BEATTY ROAD,8,Non-Landed Properties,NA,"2,800",80 to 90,"900 to 1,000",Jan-25
NON-LANDED HOUSING DEVELOPMENT,BEATTY ROAD,8,Non-Landed Properties,NA,"4,300",130 to 140,"1,400 to 1,500",Jan-25
R66 APARTMENTS,RANGOON ROAD,8,Non-Landed Properties,1,"3,300",40 to 50,400 to 500,Jan-25
NON-LANDED HOUSING DEVELOPMENT,STARLIGHT ROAD,8,Non-Landed Properties,NA,"3,900",70 to 80,800 to 900,Jan-25
NON-LANDED HOUSING DEVELOPMENT,OWEN ROAD,8,Non-Landed Properties,NA,"3,600",70 to 80,700 to 800,Jan-25
NON-LANDED HOUSING DEVELOPMENT,OWEN ROAD,8,Non-Landed Properties,NA,"3,800",120 to 130,"1,300 to 1,400",Jan-25
KENT RESIDENCES,KENT ROAD,8,Non-Landed Properties,1,"3,000",50 to 60,500 to 600,Jan-25
KENT RESIDENCES,KENT ROAD,8,Non-Landed Properties,1,"2,900",40 to 50,500 to 600,Jan-25
KING'S COURT,NORFOLK ROAD,8,Non-Landed Properties,3,"4,200",210 to 220,"2,300 to 2,400",Jan-25
CLYDES RESIDENCE,MERGUI ROAD,8,Non-Landed Properties,1,"3,000",50 to 60,500 to 600,Jan-25
CLYDES RESIDENCE,MERGUI ROAD,8,Non-Landed Properties,2,"3,800",90 to 100,"1,000 to 1,100",Jan-25
NON-LANDED HOUSING DEVELOPMENT,BRISTOL ROAD,8,Non-Landed Properties,NA,"3,000",150 to 160,"1,600 to 1,700",Dec-24
KERRISDALE,STURDEE ROAD,8,Non-Landed Properties,3,"5,500",110 to 120,"1,200 to 1,300",Dec-24
KERRISDALE,STURDEE ROAD,8,Non-Landed Properties,3,"5,800",110 to 120,"1,200 to 1,300",Dec-24
KERRISDALE,STURDEE ROAD,8,Non-Landed Properties,3,"5,200",110 to 120,"1,200 to 1,300",Dec-24
KERRISDALE,STURDEE ROAD,8,Non-Landed Properties,3,"5,800",110 to 120,"1,200 to 1,300",Dec-24
CITY SQUARE RESIDENCES,KITCHENER LINK,8,Non-Landed Properties,4,"6,700",140 to 150,"1,500 to 1,600",Dec-24
CITY SQUARE RESIDENCES,KITCHENER LINK,8,Non-Landed Properties,2,"5,000",70 to 80,800 to 900,Dec-24
CITY SQUARE RESIDENCES,KITCHENER LINK,8,Non-Landed Properties,2,"5,200",70 to 80,800 to 900,Dec-24
CITY SQUARE RESIDENCES,KITCHENER LINK,8,Non-Landed Properties,2,"4,300",70 to 80,800 to 900,Dec-24
CITY SQUARE RESIDENCES,KITCHENER LINK,8,Non-Landed Properties,1,"3,400",50 to 60,500 to 600,Dec-24
CITY SQUARE RESIDENCES,KITCHENER LINK,8,Non-Landed Properties,3,"5,700",110 to 120,"1,200 to 1,300",Dec-24
CITY SQUARE RESIDENCES,KITCHENER LINK,8,Non-Landed Properties,2,"4,650",70 to 80,800 to 900,Dec-24
CITY SQUARE RESIDENCES,KITCHENER LINK,8,Non-Landed Properties,2,"4,700",70 to 80,800 to 900,Dec-24
CITY SQUARE RESIDENCES,KITCHENER LINK,8,Non-Landed Properties,2,"4,300",70 to 80,800 to 900,Dec-24
CITY SQUARE RESIDENCES,KITCHENER LINK,8,Non-Landed Properties,2,"5,500",70 to 80,800 to 900,Dec-24
CITY SQUARE RESIDENCES,KITCHENER LINK,8,Non-Landed Properties,2,"4,500",70 to 80,800 to 900,Dec-24
CITY SQUARE RESIDENCES,KITCHENER LINK,8,Non-Landed Properties,2,"4,800",80 to 90,800 to 900,Dec-24
CITY SQUARE RESIDENCES,KITCHENER LINK,8,Non-Landed Properties,3,"6,200",110 to 120,"1,200 to 1,300",Dec-24
CITY SQUARE RESIDENCES,KITCHENER LINK,8,Non-Landed Properties,2,"4,300",80 to 90,800 to 900,Dec-24
CITY SQUARE RESIDENCES,KITCHENER LINK,8,Non-Landed Properties,2,"4,200",70 to 80,800 to 900,Dec-24
CITY SQUARE RESIDENCES,KITCHENER LINK,8,Non-Landed Properties,1,"3,600",50 to 60,500 to 600,Dec-24
CITY SQUARE RESIDENCES,KITCHENER LINK,8,Non-Landed Properties,3,"5,700",110 to 120,"1,200 to 1,300",Dec-24
CITY SQUARE RESIDENCES,KITCHENER LINK,8,Non-Landed Properties,2,"4,700",70 to 80,800 to 900,Dec-24
CITY SQUARE RESIDENCES,KITCHENER LINK,8,Non-Landed Properties,1,"3,300",50 to 60,500 to 600,Dec-24
CITY SQUARE RESIDENCES,KITCHENER LINK,8,Non-Landed Properties,3,"5,700",110 to 120,"1,200 to 1,300",Dec-24
CITY SQUARE RESIDENCES,KITCHENER LINK,8,Non-Landed Properties,2,"4,400",70 to 80,800 to 900,Dec-24
CITY SQUARE RESIDENCES,KITCHENER LINK,8,Non-Landed Properties,3,"5,500",110 to 120,"1,200 to 1,300",Dec-24
CITY SQUARE RESIDENCES,KITCHENER LINK,8,Non-Landed Properties,2,"4,200",70 to 80,800 to 900,Dec-24
STURDEE RESIDENCES,BEATTY ROAD,8,Non-Landed Properties,2,"4,400",60 to 70,600 to 700,Dec-24
STURDEE RESIDENCES,BEATTY ROAD,8,Non-Landed Properties,2,"3,900",50 to 60,500 to 600,Dec-24
STURDEE RESIDENCES,BEATTY ROAD,8,Non-Landed Properties,2,"5,500",60 to 70,700 to 800,Dec-24
STURDEE RESIDENCES,BEATTY ROAD,8,Non-Landed Properties,2,"3,700",50 to 60,500 to 600,Dec-24
STURDEE RESIDENCES,BEATTY ROAD,8,Non-Landed Properties,2,"4,350",60 to 70,600 to 700,Dec-24
STURDEE RESIDENCES,BEATTY ROAD,8,Non-Landed Properties,1,"3,300",30 to 40,400 to 500,Dec-24
STURDEE RESIDENCES,BEATTY ROAD,8,Non-Landed Properties,3,"6,200",80 to 90,"900 to 1,000",Dec-24
LOFT @ RANGOON,RANGOON ROAD,8,Non-Landed Properties,1,"2,900",30 to 40,400 to 500,Dec-24
LOFT @ RANGOON,RANGOON ROAD,8,Non-Landed Properties,1,"2,800",30 to 40,400 to 500,Dec-24
LOFT @ RANGOON,RANGOON ROAD,8,Non-Landed Properties,1,"2,500",40 to 50,400 to 500,Dec-24
PARC SOMME,SOMME ROAD,8,Non-Landed Properties,1,"3,400",40 to 50,400 to 500,Dec-24
JALAN BESAR PLAZA,KITCHENER ROAD,8,Non-Landed Properties,4,"5,300",140 to 150,"1,500 to 1,600",Dec-24
NON-LANDED HOUSING DEVELOPMENT,RACE COURSE ROAD,8,Non-Landed Properties,1,"2,280",30 to 40,300 to 400,Dec-24
NON-LANDED HOUSING DEVELOPMENT,RACE COURSE ROAD,8,Non-Landed Properties,2,"2,650",70 to 80,700 to 800,Dec-24
NON-LANDED HOUSING DEVELOPMENT,PENHAS ROAD,8,Non-Landed Properties,NA,"4,200",90 to 100,"1,000 to 1,100",Dec-24
NON-LANDED HOUSING DEVELOPMENT,PENHAS ROAD,8,Non-Landed Properties,NA,"3,600",100 to 110,"1,100 to 1,200",Dec-24
SUITES @ OWEN,OWEN ROAD,8,Non-Landed Properties,1,"2,700",30 to 40,300 to 400,Dec-24
NON-LANDED HOUSING DEVELOPMENT,KINTA ROAD,8,Non-Landed Properties,2,"3,000",50 to 60,500 to 600,Dec-24
MERA SPRINGS,CARLISLE ROAD,8,Non-Landed Properties,2,"4,600",90 to 100,"1,000 to 1,100",Dec-24
SOHO @ FARRER,RACE COURSE ROAD,8,Non-Landed Properties,1,"3,200",30 to 40,400 to 500,Dec-24
CARLYX GREEN,CARLISLE ROAD,8,Non-Landed Properties,1,"3,300",40 to 50,400 to 500,Dec-24
TYRWHITT 139,TYRWHITT ROAD,8,Non-Landed Properties,1,"2,500",30 to 40,300 to 400,Dec-24
TYRWHITT 139,TYRWHITT ROAD,8,Non-Landed Properties,1,"2,800",40 to 50,400 to 500,Dec-24
TYRWHITT 139,TYRWHITT ROAD,8,Non-Landed Properties,1,"2,850",30 to 40,300 to 400,Dec-24
CITY LOFT,RACE COURSE ROAD,8,Non-Landed Properties,1,"2,450",30 to 40,300 to 400,Dec-24
SUITES 123,RANGOON ROAD,8,Non-Landed Properties,1,"3,000",40 to 50,400 to 500,Dec-24
SUITES 123,RANGOON ROAD,8,Non-Landed Properties,1,"2,550",30 to 40,300 to 400,Dec-24
SUITES 123,RANGOON ROAD,8,Non-Landed Properties,2,"4,150",80 to 90,800 to 900,Dec-24
SUITES 123,RANGOON ROAD,8,Non-Landed Properties,1,"3,000",40 to 50,400 to 500,Dec-24
NON-LANDED HOUSING DEVELOPMENT,HORNE ROAD,8,Non-Landed Properties,NA,"3,600",80 to 90,"900 to 1,000",Dec-24
NON-LANDED HOUSING DEVELOPMENT,HORNE ROAD,8,Non-Landed Properties,NA,"4,000",80 to 90,"900 to 1,000",Dec-24
SOHO 188,RACE COURSE ROAD,8,Non-Landed Properties,1,"3,200",40 to 50,400 to 500,Dec-24
SOHO 188,RACE COURSE ROAD,8,Non-Landed Properties,1,"2,900",40 to 50,400 to 500,Dec-24
SOHO 188,RACE COURSE ROAD,8,Non-Landed Properties,1,"3,100",50 to 60,500 to 600,Dec-24
SOHO 188,RACE COURSE ROAD,8,Non-Landed Properties,1,"3,300",60 to 70,600 to 700,Dec-24
SOHO 188,RACE COURSE ROAD,8,Non-Landed Properties,1,"3,100",40 to 50,400 to 500,Dec-24
UPTOWN @ FARRER,PERUMAL ROAD,8,Non-Landed Properties,2,"3,900",40 to 50,500 to 600,Dec-24
UPTOWN @ FARRER,PERUMAL ROAD,8,Non-Landed Properties,2,"4,000",40 to 50,500 to 600,Dec-24
UPTOWN @ FARRER,PERUMAL ROAD,8,Non-Landed Properties,2,"3,650",40 to 50,500 to 600,Dec-24
UPTOWN @ FARRER,PERUMAL ROAD,8,Non-Landed Properties,2,"4,100",40 to 50,500 to 600,Dec-24
THE URBANITE,HERTFORD ROAD,8,Non-Landed Properties,1,"3,000",40 to 50,400 to 500,Dec-24
1953,TESSENSOHN ROAD,8,Non-Landed Properties,1,"3,500",50 to 60,500 to 600,Dec-24
CITIGATE RESIDENCE,RANGOON ROAD,8,Non-Landed Properties,1,"3,000",50 to 60,500 to 600,Dec-24
FARRER PARK SUITES,OWEN ROAD,8,Non-Landed Properties,NA,"2,600",40 to 50,400 to 500,Dec-24
OXFORD SUITES,OXFORD ROAD,8,Non-Landed Properties,1,"3,500",60 to 70,600 to 700,Dec-24
OXFORD SUITES,OXFORD ROAD,8,Non-Landed Properties,NA,"4,200",80 to 90,800 to 900,Dec-24
MAPLE LEAF ELITE 1,RANGOON ROAD,8,Non-Landed Properties,2,"4,800",80 to 90,"900 to 1,000",Dec-24
CITYLIGHTS,JELLICOE ROAD,8,Non-Landed Properties,1,"4,600",60 to 70,700 to 800,Dec-24
CITYLIGHTS,JELLICOE ROAD,8,Non-Landed Properties,1,"3,600",50 to 60,500 to 600,Dec-24
CITYLIGHTS,JELLICOE ROAD,8,Non-Landed Properties,1,"3,950",50 to 60,500 to 600,Dec-24
CITYLIGHTS,JELLICOE ROAD,8,Non-Landed Properties,2,"4,800",80 to 90,"900 to 1,000",Dec-24
CITYLIGHTS,JELLICOE ROAD,8,Non-Landed Properties,1,"3,800",50 to 60,500 to 600,Dec-24
CITYLIGHTS,JELLICOE ROAD,8,Non-Landed Properties,1,"3,850",60 to 70,600 to 700,Dec-24
CITYLIGHTS,JELLICOE ROAD,8,Non-Landed Properties,1,"4,350",60 to 70,700 to 800,Dec-24
CITYLIGHTS,JELLICOE ROAD,8,Non-Landed Properties,1,"3,800",50 to 60,500 to 600,Dec-24
CITYLIGHTS,JELLICOE ROAD,8,Non-Landed Properties,1,"4,000",60 to 70,600 to 700,Dec-24
CITYLIGHTS,JELLICOE ROAD,8,Non-Landed Properties,1,"3,450",50 to 60,500 to 600,Dec-24
CITYLIGHTS,JELLICOE ROAD,8,Non-Landed Properties,2,"4,700",80 to 90,800 to 900,Dec-24
CITYLIGHTS,JELLICOE ROAD,8,Non-Landed Properties,2,"5,650",80 to 90,800 to 900,Dec-24
CITYLIGHTS,JELLICOE ROAD,8,Non-Landed Properties,1,"4,150",60 to 70,600 to 700,Dec-24
CITYLIGHTS,JELLICOE ROAD,8,Non-Landed Properties,3,"5,200",120 to 130,"1,300 to 1,400",Dec-24
CITYLIGHTS,JELLICOE ROAD,8,Non-Landed Properties,3,"6,800",120 to 130,"1,300 to 1,400",Dec-24
CITYLIGHTS,JELLICOE ROAD,8,Non-Landed Properties,3,"6,300",120 to 130,"1,300 to 1,400",Dec-24
CITYLIGHTS,JELLICOE ROAD,8,Non-Landed Properties,3,"5,600",120 to 130,"1,300 to 1,400",Dec-24
CITYLIGHTS,JELLICOE ROAD,8,Non-Landed Properties,3,"6,900",130 to 140,"1,400 to 1,500",Dec-24
NON-LANDED HOUSING DEVELOPMENT,MERGUI ROAD,8,Non-Landed Properties,NA,"4,800",70 to 80,800 to 900,Dec-24
KENTISH GREEN,OXFORD ROAD,8,Non-Landed Properties,2,"4,200",100 to 110,"1,000 to 1,100",Dec-24
KENG LEE VIEW,KENG LEE ROAD,8,Non-Landed Properties,NA,"4,000",110 to 120,"1,200 to 1,300",Dec-24
NON-LANDED HOUSING DEVELOPMENT,JALAN BESAR,8,Non-Landed Properties,NA,"4,350",110 to 120,"1,100 to 1,200",Dec-24
URBAN LOFTS,RANGOON ROAD,8,Non-Landed Properties,1,"2,850",40 to 50,500 to 600,Dec-24
URBAN LOFTS,RANGOON ROAD,8,Non-Landed Properties,1,"2,100",30 to 40,400 to 500,Dec-24
URBAN LOFTS,RANGOON ROAD,8,Non-Landed Properties,1,"2,500",30 to 40,400 to 500,Dec-24
FORTE SUITES,MERGUI ROAD,8,Non-Landed Properties,1,"2,900",40 to 50,400 to 500,Dec-24
FORTE SUITES,MERGUI ROAD,8,Non-Landed Properties,2,"3,800",50 to 60,600 to 700,Dec-24
FORTE SUITES,MERGUI ROAD,8,Non-Landed Properties,1,"3,100",40 to 50,400 to 500,Dec-24
CAVAN SUITES,CAVAN ROAD,8,Non-Landed Properties,NA,"2,500",30 to 40,400 to 500,Dec-24
CITYSCAPE @FARRER PARK,MERGUI ROAD,8,Non-Landed Properties,3,"5,400",110 to 120,"1,200 to 1,300",Dec-24
CITYSCAPE @FARRER PARK,MERGUI ROAD,8,Non-Landed Properties,2,"4,250",100 to 110,"1,100 to 1,200",Dec-24
NON-LANDED HOUSING DEVELOPMENT,SING JOO WALK,8,Non-Landed Properties,NA,"5,800",80 to 90,"900 to 1,000",Dec-24
28 RC SUITES,RACE COURSE LANE,8,Non-Landed Properties,1,"2,700",30 to 40,400 to 500,Dec-24
KENTISH COURT,OXFORD ROAD,8,Non-Landed Properties,2,"4,000",90 to 100,"1,000 to 1,100",Dec-24
KENTISH COURT,OXFORD ROAD,8,Non-Landed Properties,2,"4,000",90 to 100,"1,000 to 1,100",Dec-24
CITY STUDIOS,RACE COURSE LANE,8,Non-Landed Properties,1,"2,900",40 to 50,400 to 500,Dec-24
RANGOON 88,RANGOON ROAD,8,Non-Landed Properties,1,"2,900",50 to 60,500 to 600,Dec-24
MERGUI MANSIONS,MERGUI ROAD,8,Non-Landed Properties,3,"4,200",120 to 130,"1,300 to 1,400",Dec-24
MERGUI MANSIONS,MERGUI ROAD,8,Non-Landed Properties,3,"5,000",120 to 130,"1,300 to 1,400",Dec-24
MERGUI MANSIONS,MERGUI ROAD,8,Non-Landed Properties,3,"4,200",120 to 130,"1,300 to 1,400",Dec-24
70@TRURO,TRURO ROAD,8,Non-Landed Properties,3,"4,300",70 to 80,800 to 900,Dec-24
70@TRURO,TRURO ROAD,8,Non-Landed Properties,3,"4,100",70 to 80,800 to 900,Dec-24
NON-LANDED HOUSING DEVELOPMENT,JOO AVENUE,8,Non-Landed Properties,NA,"3,800",80 to 90,800 to 900,Dec-24
JOOL SUITES,SING JOO WALK,8,Non-Landed Properties,1,"3,000",40 to 50,400 to 500,Dec-24
JOOL SUITES,SING JOO WALK,8,Non-Landed Properties,1,"3,300",30 to 40,400 to 500,Dec-24
JOOL SUITES,SING JOO WALK,8,Non-Landed Properties,1,"2,850",30 to 40,400 to 500,Dec-24
JOOL SUITES,SING JOO WALK,8,Non-Landed Properties,1,"2,600",30 to 40,400 to 500,Dec-24
KENTISH LODGE,OXFORD ROAD,8,Non-Landed Properties,3,"4,600",110 to 120,"1,200 to 1,300",Dec-24
HERTFORD COLLECTION,HERTFORD ROAD,8,Non-Landed Properties,NA,"3,300",60 to 70,700 to 800,Dec-24
STUDIOS @ MARNE,MARNE ROAD,8,Non-Landed Properties,NA,"2,500",40 to 50,400 to 500,Dec-24
STUDIOS @ MARNE,MARNE ROAD,8,Non-Landed Properties,NA,"2,900",40 to 50,500 to 600,Dec-24
VOGX,DORSET ROAD,8,Non-Landed Properties,1,"3,000",40 to 50,500 to 600,Dec-24
PRISTINE HEIGHTS,MERGUI ROAD,8,Non-Landed Properties,2,"3,800",60 to 70,700 to 800,Dec-24
R66 APARTMENTS,RANGOON ROAD,8,Non-Landed Properties,1,"3,100",30 to 40,300 to 400,Dec-24
NON-LANDED HOUSING DEVELOPMENT,STARLIGHT ROAD,8,Non-Landed Properties,NA,"6,000",60 to 70,700 to 800,Dec-24
MAPLE LEAF ELITE 2,RANGOON ROAD,8,Non-Landed Properties,2,"4,900",80 to 90,"900 to 1,000",Nov-24
KERRISDALE,STURDEE ROAD,8,Non-Landed Properties,3,"5,300",110 to 120,"1,200 to 1,300",Nov-24
KERRISDALE,STURDEE ROAD,8,Non-Landed Properties,3,"5,400",110 to 120,"1,200 to 1,300",Nov-24
KERRISDALE,STURDEE ROAD,8,Non-Landed Properties,3,"5,100",110 to 120,"1,200 to 1,300",Nov-24
KERRISDALE,STURDEE ROAD,8,Non-Landed Properties,3,"5,900",110 to 120,"1,200 to 1,300",Nov-24
NON-LANDED HOUSING DEVELOPMENT,CHANDER ROAD,8,Non-Landed Properties,NA,"8,950",110 to 120,"1,200 to 1,300",Nov-24
CITY SQUARE RESIDENCES,KITCHENER LINK,8,Non-Landed Properties,2,"4,550",70 to 80,800 to 900,Nov-24
CITY SQUARE RESIDENCES,KITCHENER LINK,8,Non-Landed Properties,1,"3,600",50 to 60,500 to 600,Nov-24
CITY SQUARE RESIDENCES,KITCHENER LINK,8,Non-Landed Properties,2,"4,550",70 to 80,800 to 900,Nov-24
CITY SQUARE RESIDENCES,KITCHENER LINK,8,Non-Landed Properties,1,"3,500",50 to 60,500 to 600,Nov-24
CITY SQUARE RESIDENCES,KITCHENER LINK,8,Non-Landed Properties,2,"4,500",70 to 80,800 to 900,Nov-24
CITY SQUARE RESIDENCES,KITCHENER LINK,8,Non-Landed Properties,2,"4,000",70 to 80,800 to 900,Nov-24
CITY SQUARE RESIDENCES,KITCHENER LINK,8,Non-Landed Properties,3,"5,500",110 to 120,"1,200 to 1,300",Nov-24
CITY SQUARE RESIDENCES,KITCHENER LINK,8,Non-Landed Properties,2,"4,450",80 to 90,800 to 900,Nov-24
CITY SQUARE RESIDENCES,KITCHENER LINK,8,Non-Landed Properties,3,"5,500",110 to 120,"1,200 to 1,300",Nov-24
CITY SQUARE RESIDENCES,KITCHENER LINK,8,Non-Landed Properties,2,"4,500",80 to 90,800 to 900,Nov-24
CITY SQUARE RESIDENCES,KITCHENER LINK,8,Non-Landed Properties,3,"5,000",110 to 120,"1,200 to 1,300",Nov-24
CITY SQUARE RESIDENCES,KITCHENER LINK,8,Non-Landed Properties,2,"4,500",80 to 90,800 to 900,Nov-24
CITY SQUARE RESIDENCES,KITCHENER LINK,8,Non-Landed Properties,2,"4,200",80 to 90,800 to 900,Nov-24
CITY SQUARE RESIDENCES,KITCHENER LINK,8,Non-Landed Properties,1,"3,400",50 to 60,500 to 600,Nov-24
CITY SQUARE RESIDENCES,KITCHENER LINK,8,Non-Landed Properties,1,"3,500",50 to 60,500 to 600,Nov-24
CITY SQUARE RESIDENCES,KITCHENER LINK,8,Non-Landed Properties,3,"6,000",110 to 120,"1,100 to 1,200",Nov-24
CITY SQUARE RESIDENCES,KITCHENER LINK,8,Non-Landed Properties,3,"6,200",110 to 120,"1,100 to 1,200",Nov-24
CITY SQUARE RESIDENCES,KITCHENER LINK,8,Non-Landed Properties,3,"5,600",110 to 120,"1,200 to 1,300",Nov-24
CITY SQUARE RESIDENCES,KITCHENER LINK,8,Non-Landed Properties,2,"4,800",70 to 80,800 to 900,Nov-24
CITY SQUARE RESIDENCES,KITCHENER LINK,8,Non-Landed Properties,2,"4,800",70 to 80,800 to 900,Nov-24
CITY SQUARE RESIDENCES,KITCHENER LINK,8,Non-Landed Properties,2,"4,100",70 to 80,800 to 900,Nov-24
CITY SQUARE RESIDENCES,KITCHENER LINK,8,Non-Landed Properties,3,"5,700",110 to 120,"1,200 to 1,300",Nov-24
CITY SQUARE RESIDENCES,KITCHENER LINK,8,Non-Landed Properties,1,"4,000",60 to 70,600 to 700,Nov-24
CITY SQUARE RESIDENCES,KITCHENER LINK,8,Non-Landed Properties,2,"4,300",70 to 80,800 to 900,Nov-24
CITY SQUARE RESIDENCES,KITCHENER LINK,8,Non-Landed Properties,3,"6,000",110 to 120,"1,200 to 1,300",Nov-24
STURDEE RESIDENCES,BEATTY ROAD,8,Non-Landed Properties,1,"3,000",30 to 40,400 to 500,Nov-24
STURDEE RESIDENCES,BEATTY ROAD,8,Non-Landed Properties,1,"3,350",30 to 40,400 to 500,Nov-24
STURDEE RESIDENCES,BEATTY ROAD,8,Non-Landed Properties,1,"3,100",30 to 40,400 to 500,Nov-24
STURDEE RESIDENCES,BEATTY ROAD,8,Non-Landed Properties,1,"3,250",30 to 40,400 to 500,Nov-24
STURDEE RESIDENCES,BEATTY ROAD,8,Non-Landed Properties,1,"3,450",30 to 40,400 to 500,Nov-24
STURDEE RESIDENCES,BEATTY ROAD,8,Non-Landed Properties,3,"5,350",80 to 90,"900 to 1,000",Nov-24
STURDEE RESIDENCES,BEATTY ROAD,8,Non-Landed Properties,2,"3,700",60 to 70,600 to 700,Nov-24
STURDEE RESIDENCES,BEATTY ROAD,8,Non-Landed Properties,2,"3,650",50 to 60,500 to 600,Nov-24
STURDEE RESIDENCES,BEATTY ROAD,8,Non-Landed Properties,4,"6,800",120 to 130,"1,300 to 1,400",Nov-24
STURDEE RESIDENCES,BEATTY ROAD,8,Non-Landed Properties,3,"5,300",80 to 90,"900 to 1,000",Nov-24
PARC SOMME,SOMME ROAD,8,Non-Landed Properties,1,"2,750",30 to 40,300 to 400,Nov-24
PARC SOMME,SOMME ROAD,8,Non-Landed Properties,1,"3,100",40 to 50,400 to 500,Nov-24
PARC SOMME,SOMME ROAD,8,Non-Landed Properties,1,"2,900",30 to 40,300 to 400,Nov-24
D'CAMBRIDGE,CAMBRIDGE ROAD,8,Non-Landed Properties,2,"3,500",60 to 70,700 to 800,Nov-24
JALAN BESAR PLAZA,KITCHENER ROAD,8,Non-Landed Properties,2,"3,600",80 to 90,"900 to 1,000",Nov-24
NON-LANDED HOUSING DEVELOPMENT,RACE COURSE ROAD,8,Non-Landed Properties,2,"3,550",70 to 80,700 to 800,Nov-24
NON-LANDED HOUSING DEVELOPMENT,RACE COURSE ROAD,8,Non-Landed Properties,NA,"2,200",30 to 40,300 to 400,Nov-24
NON-LANDED HOUSING DEVELOPMENT,CARLISLE ROAD,8,Non-Landed Properties,NA,"2,010",80 to 90,"900 to 1,000",Nov-24
MERA SPRINGS,CARLISLE ROAD,8,Non-Landed Properties,3,"5,700",110 to 120,"1,200 to 1,300",Nov-24
MERA SPRINGS,CARLISLE ROAD,8,Non-Landed Properties,4,"6,250",140 to 150,"1,500 to 1,600",Nov-24
SOHO @ FARRER,RACE COURSE ROAD,8,Non-Landed Properties,1,"3,900",60 to 70,600 to 700,Nov-24
SOHO @ FARRER,RACE COURSE ROAD,8,Non-Landed Properties,1,"2,400",30 to 40,300 to 400,Nov-24
TYRWHITT 139,TYRWHITT ROAD,8,Non-Landed Properties,1,"3,300",60 to 70,700 to 800,Nov-24
TYRWHITT 139,TYRWHITT ROAD,8,Non-Landed Properties,2,"3,600",40 to 50,500 to 600,Nov-24
TYRWHITT 139,TYRWHITT ROAD,8,Non-Landed Properties,1,"2,900",40 to 50,400 to 500,Nov-24
TYRWHITT 139,TYRWHITT ROAD,8,Non-Landed Properties,2,"3,800",80 to 90,800 to 900,Nov-24
RACE COURSE 138,RACE COURSE ROAD,8,Non-Landed Properties,3,"4,500",100 to 110,"1,100 to 1,200",Nov-24
LE SOMME,SOMME ROAD,8,Non-Landed Properties,1,"3,900",110 to 120,"1,200 to 1,300",Nov-24
LE SOMME,SOMME ROAD,8,Non-Landed Properties,1,"3,750",40 to 50,500 to 600,Nov-24
CITY LOFT,RACE COURSE ROAD,8,Non-Landed Properties,1,"2,600",30 to 40,300 to 400,Nov-24
CITY LOFT,RACE COURSE ROAD,8,Non-Landed Properties,1,"2,600",30 to 40,300 to 400,Nov-24
CITY LOFT,RACE COURSE ROAD,8,Non-Landed Properties,1,"2,400",30 to 40,300 to 400,Nov-24
NON-LANDED HOUSING DEVELOPMENT,HORNE ROAD,8,Non-Landed Properties,NA,"4,800",120 to 130,"1,300 to 1,400",Nov-24
NON-LANDED HOUSING DEVELOPMENT,HORNE ROAD,8,Non-Landed Properties,NA,"3,500",80 to 90,"900 to 1,000",Nov-24
SOHO 188,RACE COURSE ROAD,8,Non-Landed Properties,1,"2,900",40 to 50,400 to 500,Nov-24
SOHO 188,RACE COURSE ROAD,8,Non-Landed Properties,1,"2,900",30 to 40,300 to 400,Nov-24
CAMBRIDGE VILLAGE,CAMBRIDGE ROAD,8,Non-Landed Properties,4,"4,900",140 to 150,"1,600 to 1,700",Nov-24
UPTOWN @ FARRER,PERUMAL ROAD,8,Non-Landed Properties,3,"4,800",60 to 70,600 to 700,Nov-24
UPTOWN @ FARRER,PERUMAL ROAD,8,Non-Landed Properties,2,"4,000",40 to 50,500 to 600,Nov-24
UPTOWN @ FARRER,PERUMAL ROAD,8,Non-Landed Properties,3,"6,500",90 to 100,"1,000 to 1,100",Nov-24
UPTOWN @ FARRER,PERUMAL ROAD,8,Non-Landed Properties,2,"3,800",40 to 50,500 to 600,Nov-24
THE URBANITE,HERTFORD ROAD,8,Non-Landed Properties,1,"3,000",40 to 50,400 to 500,Nov-24
THE CITRON RESIDENCES,MARNE ROAD,8,Non-Landed Properties,2,"3,800",60 to 70,600 to 700,Nov-24
THE CITRON RESIDENCES,MARNE ROAD,8,Non-Landed Properties,3,"5,000",80 to 90,"900 to 1,000",Nov-24
THE CITRON RESIDENCES,MARNE ROAD,8,Non-Landed Properties,3,"5,000",100 to 110,"1,100 to 1,200",Nov-24
THE CITRON RESIDENCES,MARNE ROAD,8,Non-Landed Properties,1,"2,900",30 to 40,300 to 400,Nov-24
THE CITRON RESIDENCES,MARNE ROAD,8,Non-Landed Properties,2,"4,000",60 to 70,600 to 700,Nov-24
THE CITRON RESIDENCES,MARNE ROAD,8,Non-Landed Properties,1,"3,000",30 to 40,400 to 500,Nov-24
CITIGATE RESIDENCE,RANGOON ROAD,8,Non-Landed Properties,1,"3,600",40 to 50,500 to 600,Nov-24
STURDEE VIEW,STURDEE ROAD NORTH,8,Non-Landed Properties,3,"4,800",130 to 140,"1,400 to 1,500",Nov-24
FARRER PARK SUITES,OWEN ROAD,8,Non-Landed Properties,NA,"2,500",30 to 40,400 to 500,Nov-24
FARRER PARK SUITES,OWEN ROAD,8,Non-Landed Properties,NA,"3,000",40 to 50,500 to 600,Nov-24
OXFORD SUITES,OXFORD ROAD,8,Non-Landed Properties,1,"3,100",60 to 70,600 to 700,Nov-24
OXFORD SUITES,OXFORD ROAD,8,Non-Landed Properties,NA,"4,000",80 to 90,800 to 900,Nov-24
NON-LANDED HOUSING DEVELOPMENT,CAVAN ROAD,8,Non-Landed Properties,NA,"6,800",190 to 200,"2,000 to 2,100",Nov-24
MAPLE LEAF ELITE 1,RANGOON ROAD,8,Non-Landed Properties,2,"5,100",80 to 90,"900 to 1,000",Nov-24
CITYLIGHTS,JELLICOE ROAD,8,Non-Landed Properties,4,"13,000",>300,>3000,Nov-24
CITYLIGHTS,JELLICOE ROAD,8,Non-Landed Properties,1,"3,600",60 to 70,600 to 700,Nov-24
CITYLIGHTS,JELLICOE ROAD,8,Non-Landed Properties,1,"4,200",60 to 70,600 to 700,Nov-24
CITYLIGHTS,JELLICOE ROAD,8,Non-Landed Properties,1,"4,000",60 to 70,600 to 700,Nov-24
CITYLIGHTS,JELLICOE ROAD,8,Non-Landed Properties,1,"4,500",60 to 70,600 to 700,Nov-24
CITYLIGHTS,JELLICOE ROAD,8,Non-Landed Properties,4,"10,000",170 to 180,"1,900 to 2,000",Nov-24
CITYLIGHTS,JELLICOE ROAD,8,Non-Landed Properties,3,"6,000",120 to 130,"1,300 to 1,400",Nov-24
CITYLIGHTS,JELLICOE ROAD,8,Non-Landed Properties,3,"5,800",120 to 130,"1,300 to 1,400",Nov-24
CITYLIGHTS,JELLICOE ROAD,8,Non-Landed Properties,3,"5,500",120 to 130,"1,300 to 1,400",Nov-24
NON-LANDED HOUSING DEVELOPMENT,MERGUI ROAD,8,Non-Landed Properties,NA,"4,000",70 to 80,800 to 900,Nov-24
KENTISH GREEN,OXFORD ROAD,8,Non-Landed Properties,3,"5,200",120 to 130,"1,300 to 1,400",Nov-24
KENTISH GREEN,OXFORD ROAD,8,Non-Landed Properties,2,"4,300",100 to 110,"1,000 to 1,100",Nov-24
URBAN LOFTS,RANGOON ROAD,8,Non-Landed Properties,1,"3,400",70 to 80,700 to 800,Nov-24
URBAN LOFTS,RANGOON ROAD,8,Non-Landed Properties,1,"3,200",60 to 70,600 to 700,Nov-24
RESIDENCES @ SOMME,PETAIN ROAD,8,Non-Landed Properties,1,"3,600",40 to 50,500 to 600,Nov-24
RESIDENCES @ SOMME,PETAIN ROAD,8,Non-Landed Properties,1,"2,650",40 to 50,500 to 600,Nov-24
FORTE SUITES,MERGUI ROAD,8,Non-Landed Properties,2,"3,500",50 to 60,600 to 700,Nov-24
FORTE SUITES,MERGUI ROAD,8,Non-Landed Properties,1,"2,950",40 to 50,400 to 500,Nov-24
FORTE SUITES,MERGUI ROAD,8,Non-Landed Properties,2,"3,900",50 to 60,600 to 700,Nov-24
CAVAN SUITES,CAVAN ROAD,8,Non-Landed Properties,1,"2,850",50 to 60,600 to 700,Nov-24
CITYSCAPE @FARRER PARK,MERGUI ROAD,8,Non-Landed Properties,3,"4,700",120 to 130,"1,300 to 1,400",Nov-24
SPA BUILDING,VERDUN ROAD,8,Non-Landed Properties,2,"5,000",160 to 170,"1,700 to 1,800",Nov-24
28 RC SUITES,RACE COURSE LANE,8,Non-Landed Properties,1,"2,700",30 to 40,400 to 500,Nov-24
NON-LANDED HOUSING DEVELOPMENT,SERANGOON ROAD,8,Non-Landed Properties,NA,"4,600",60 to 70,700 to 800,Nov-24
NON-LANDED HOUSING DEVELOPMENT,SERANGOON ROAD,8,Non-Landed Properties,NA,"2,600",90 to 100,"1,000 to 1,100",Nov-24
CITY STUDIOS,RACE COURSE LANE,8,Non-Landed Properties,2,"3,300",60 to 70,700 to 800,Nov-24
RANGOON 88,RANGOON ROAD,8,Non-Landed Properties,1,"3,200",60 to 70,600 to 700,Nov-24
NON-LANDED HOUSING DEVELOPMENT,JOO AVENUE,8,Non-Landed Properties,NA,"5,000",150 to 160,"1,600 to 1,700",Nov-24
NON-LANDED HOUSING DEVELOPMENT,SING AVENUE,8,Non-Landed Properties,NA,"4,500",100 to 110,"1,100 to 1,200",Nov-24
JOOL SUITES,SING JOO WALK,8,Non-Landed Properties,1,"3,200",60 to 70,600 to 700,Nov-24
JOOL SUITES,SING JOO WALK,8,Non-Landed Properties,1,"3,000",30 to 40,300 to 400,Nov-24
JOOL SUITES,SING JOO WALK,8,Non-Landed Properties,1,"2,900",30 to 40,400 to 500,Nov-24
JOOL SUITES,SING JOO WALK,8,Non-Landed Properties,1,"3,000",30 to 40,400 to 500,Nov-24
KENTISH LODGE,OXFORD ROAD,8,Non-Landed Properties,3,"4,800",110 to 120,"1,200 to 1,300",Nov-24
STUDIOS @ MARNE,MARNE ROAD,8,Non-Landed Properties,NA,"3,473",50 to 60,600 to 700,Nov-24
STUDIOS @ MARNE,MARNE ROAD,8,Non-Landed Properties,NA,"3,300",40 to 50,500 to 600,Nov-24
STUDIOS @ MARNE,MARNE ROAD,8,Non-Landed Properties,NA,"3,000",60 to 70,600 to 700,Nov-24
VOGX,DORSET ROAD,8,Non-Landed Properties,3,"4,700",100 to 110,"1,100 to 1,200",Nov-24
PRISTINE HEIGHTS,MERGUI ROAD,8,Non-Landed Properties,2,"3,600",60 to 70,700 to 800,Nov-24
R66 APARTMENTS,RANGOON ROAD,8,Non-Landed Properties,1,"3,000",40 to 50,500 to 600,Nov-24
R66 APARTMENTS,RANGOON ROAD,8,Non-Landed Properties,1,"2,800",40 to 50,500 to 600,Nov-24
CLYDES RESIDENCE,MERGUI ROAD,8,Non-Landed Properties,1,"3,300",50 to 60,500 to 600,Nov-24
CLYDES RESIDENCE,MERGUI ROAD,8,Non-Landed Properties,2,"3,800",90 to 100,"1,000 to 1,100",Nov-24
MAPLE LEAF ELITE 2,RANGOON ROAD,8,Non-Landed Properties,2,"4,800",70 to 80,800 to 900,Oct-24
KERRISDALE,STURDEE ROAD,8,Non-Landed Properties,2,"4,300",90 to 100,"900 to 1,000",Oct-24
KERRISDALE,STURDEE ROAD,8,Non-Landed Properties,3,"5,000",110 to 120,"1,200 to 1,300",Oct-24
KERRISDALE,STURDEE ROAD,8,Non-Landed Properties,3,"5,900",110 to 120,"1,200 to 1,300",Oct-24
KERRISDALE,STURDEE ROAD,8,Non-Landed Properties,3,"5,600",110 to 120,"1,200 to 1,300",Oct-24
KERRISDALE,STURDEE ROAD,8,Non-Landed Properties,3,"5,000",110 to 120,"1,200 to 1,300",Oct-24
KERRISDALE,STURDEE ROAD,8,Non-Landed Properties,4,"6,600",130 to 140,"1,400 to 1,500",Oct-24
KERRISDALE,STURDEE ROAD,8,Non-Landed Properties,3,"5,500",110 to 120,"1,200 to 1,300",Oct-24
CITY SQUARE RESIDENCES,KITCHENER LINK,8,Non-Landed Properties,2,"4,500",70 to 80,800 to 900,Oct-24
CITY SQUARE RESIDENCES,KITCHENER LINK,8,Non-Landed Properties,2,"4,200",70 to 80,800 to 900,Oct-24
CITY SQUARE RESIDENCES,KITCHENER LINK,8,Non-Landed Properties,2,"3,900",70 to 80,800 to 900,Oct-24
CITY SQUARE RESIDENCES,KITCHENER LINK,8,Non-Landed Properties,1,"3,500",50 to 60,500 to 600,Oct-24
CITY SQUARE RESIDENCES,KITCHENER LINK,8,Non-Landed Properties,1,"3,600",50 to 60,500 to 600,Oct-24
CITY SQUARE RESIDENCES,KITCHENER LINK,8,Non-Landed Properties,4,"6,250",140 to 150,"1,500 to 1,600",Oct-24
CITY SQUARE RESIDENCES,KITCHENER LINK,8,Non-Landed Properties,1,"3,400",50 to 60,500 to 600,Oct-24
CITY SQUARE RESIDENCES,KITCHENER LINK,8,Non-Landed Properties,4,"6,600",140 to 150,"1,500 to 1,600",Oct-24
CITY SQUARE RESIDENCES,KITCHENER LINK,8,Non-Landed Properties,3,"5,800",110 to 120,"1,200 to 1,300",Oct-24
CITY SQUARE RESIDENCES,KITCHENER LINK,8,Non-Landed Properties,2,"4,800",70 to 80,800 to 900,Oct-24
CITY SQUARE RESIDENCES,KITCHENER LINK,8,Non-Landed Properties,1,"3,500",50 to 60,500 to 600,Oct-24
CITY SQUARE RESIDENCES,KITCHENER LINK,8,Non-Landed Properties,3,"6,400",110 to 120,"1,200 to 1,300",Oct-24
CITY SQUARE RESIDENCES,KITCHENER LINK,8,Non-Landed Properties,3,"5,600",110 to 120,"1,200 to 1,300",Oct-24
CITY SQUARE RESIDENCES,KITCHENER LINK,8,Non-Landed Properties,1,"3,500",50 to 60,500 to 600,Oct-24
CITY SQUARE RESIDENCES,KITCHENER LINK,8,Non-Landed Properties,2,"4,350",70 to 80,800 to 900,Oct-24
CITY SQUARE RESIDENCES,KITCHENER LINK,8,Non-Landed Properties,3,"8,729",110 to 120,"1,200 to 1,300",Oct-24
CITY SQUARE RESIDENCES,KITCHENER LINK,8,Non-Landed Properties,4,"6,500",130 to 140,"1,400 to 1,500",Oct-24
CITY SQUARE RESIDENCES,KITCHENER LINK,8,Non-Landed Properties,2,"4,000",70 to 80,800 to 900,Oct-24
CITY SQUARE RESIDENCES,KITCHENER LINK,8,Non-Landed Properties,4,"5,850",130 to 140,"1,400 to 1,500",Oct-24
CITY SQUARE RESIDENCES,KITCHENER LINK,8,Non-Landed Properties,3,"6,500",110 to 120,"1,200 to 1,300",Oct-24
CITY SQUARE RESIDENCES,KITCHENER LINK,8,Non-Landed Properties,2,"4,800",70 to 80,800 to 900,Oct-24
CITY SQUARE RESIDENCES,KITCHENER LINK,8,Non-Landed Properties,1,"3,300",50 to 60,500 to 600,Oct-24
CITY SQUARE RESIDENCES,KITCHENER LINK,8,Non-Landed Properties,1,"3,400",50 to 60,500 to 600,Oct-24
CITY SQUARE RESIDENCES,KITCHENER LINK,8,Non-Landed Properties,3,"5,900",110 to 120,"1,100 to 1,200",Oct-24
STURDEE RESIDENCES,BEATTY ROAD,8,Non-Landed Properties,1,"3,000",30 to 40,400 to 500,Oct-24
STURDEE RESIDENCES,BEATTY ROAD,8,Non-Landed Properties,1,"2,800",30 to 40,400 to 500,Oct-24
STURDEE RESIDENCES,BEATTY ROAD,8,Non-Landed Properties,2,"4,100",60 to 70,600 to 700,Oct-24
STURDEE RESIDENCES,BEATTY ROAD,8,Non-Landed Properties,2,"5,000",60 to 70,700 to 800,Oct-24
STURDEE RESIDENCES,BEATTY ROAD,8,Non-Landed Properties,2,"4,500",60 to 70,600 to 700,Oct-24
STURDEE RESIDENCES,BEATTY ROAD,8,Non-Landed Properties,2,"4,000",50 to 60,500 to 600,Oct-24
STURDEE RESIDENCES,BEATTY ROAD,8,Non-Landed Properties,4,"7,500",120 to 130,"1,300 to 1,400",Oct-24
STURDEE RESIDENCES,BEATTY ROAD,8,Non-Landed Properties,1,"3,100",30 to 40,400 to 500,Oct-24
LOFT @ RANGOON,RANGOON ROAD,8,Non-Landed Properties,1,"2,688",30 to 40,400 to 500,Oct-24
JALAN BESAR PLAZA,KITCHENER ROAD,8,Non-Landed Properties,4,"5,000",140 to 150,"1,500 to 1,600",Oct-24
NON-LANDED HOUSING DEVELOPMENT,RACE COURSE ROAD,8,Non-Landed Properties,NA,"2,100",20 to 30,200 to 300,Oct-24
NON-LANDED HOUSING DEVELOPMENT,PENHAS ROAD,8,Non-Landed Properties,NA,"3,700",100 to 110,"1,100 to 1,200",Oct-24
NON-LANDED HOUSING DEVELOPMENT,CARLISLE ROAD,8,Non-Landed Properties,NA,"2,010",80 to 90,"900 to 1,000",Oct-24
CARLYX GREEN,CARLISLE ROAD,8,Non-Landed Properties,2,"2,500",70 to 80,800 to 900,Oct-24
CARLYX GREEN,CARLISLE ROAD,8,Non-Landed Properties,2,"2,750",50 to 60,600 to 700,Oct-24
8 FARRER SUITES,SING JOO WALK,8,Non-Landed Properties,2,"4,000",50 to 60,600 to 700,Oct-24
TYRWHITT 139,TYRWHITT ROAD,8,Non-Landed Properties,1,"3,100",30 to 40,300 to 400,Oct-24
NON-LANDED HOUSING DEVELOPMENT,HAMILTON ROAD,8,Non-Landed Properties,NA,"3,600",110 to 120,"1,200 to 1,300",Oct-24
NON-LANDED HOUSING DEVELOPMENT,HAMILTON ROAD,8,Non-Landed Properties,NA,"5,100",110 to 120,"1,200 to 1,300",Oct-24
CITY LOFT,RACE COURSE ROAD,8,Non-Landed Properties,1,"2,450",30 to 40,300 to 400,Oct-24
NON-LANDED HOUSING DEVELOPMENT,HORNE ROAD,8,Non-Landed Properties,NA,"4,250",80 to 90,"900 to 1,000",Oct-24
NON-LANDED HOUSING DEVELOPMENT,HORNE ROAD,8,Non-Landed Properties,NA,"3,900",140 to 150,"1,600 to 1,700",Oct-24
NON-LANDED HOUSING DEVELOPMENT,HORNE ROAD,8,Non-Landed Properties,NA,"4,675",140 to 150,"1,600 to 1,700",Oct-24
NON-LANDED HOUSING DEVELOPMENT,HORNE ROAD,8,Non-Landed Properties,NA,"4,900",80 to 90,"900 to 1,000",Oct-24
NON-LANDED HOUSING DEVELOPMENT,HORNE ROAD,8,Non-Landed Properties,NA,"3,400",80 to 90,"900 to 1,000",Oct-24
SOHO 188,RACE COURSE ROAD,8,Non-Landed Properties,2,"3,700",50 to 60,600 to 700,Oct-24
SOHO 188,RACE COURSE ROAD,8,Non-Landed Properties,1,"3,400",30 to 40,300 to 400,Oct-24
SOHO 188,RACE COURSE ROAD,8,Non-Landed Properties,1,"2,700",30 to 40,300 to 400,Oct-24
UPTOWN @ FARRER,PERUMAL ROAD,8,Non-Landed Properties,2,"4,000",40 to 50,500 to 600,Oct-24
UPTOWN @ FARRER,PERUMAL ROAD,8,Non-Landed Properties,3,"5,800",60 to 70,600 to 700,Oct-24
UPTOWN @ FARRER,PERUMAL ROAD,8,Non-Landed Properties,2,"3,800",40 to 50,500 to 600,Oct-24
UPTOWN @ FARRER,PERUMAL ROAD,8,Non-Landed Properties,3,"5,200",70 to 80,800 to 900,Oct-24
THE URBANITE,HERTFORD ROAD,8,Non-Landed Properties,2,"3,300",60 to 70,600 to 700,Oct-24
1953,TESSENSOHN ROAD,8,Non-Landed Properties,1,"3,450",50 to 60,600 to 700,Oct-24
1953,TESSENSOHN ROAD,8,Non-Landed Properties,NA,"2,900",40 to 50,400 to 500,Oct-24
1953,TESSENSOHN ROAD,8,Non-Landed Properties,1,"3,700",50 to 60,600 to 700,Oct-24
VANADIUM,HERTFORD ROAD,8,Non-Landed Properties,3,"4,000",90 to 100,"900 to 1,000",Oct-24
CITIGATE RESIDENCE,RANGOON ROAD,8,Non-Landed Properties,1,"3,600",50 to 60,500 to 600,Oct-24
STURDEE VIEW,STURDEE ROAD NORTH,8,Non-Landed Properties,3,"4,800",130 to 140,"1,400 to 1,500",Oct-24
FARRER PARK SUITES,OWEN ROAD,8,Non-Landed Properties,NA,"2,600",40 to 50,400 to 500,Oct-24
OXFORD SUITES,OXFORD ROAD,8,Non-Landed Properties,NA,"3,800",80 to 90,800 to 900,Oct-24
OXFORD SUITES,OXFORD ROAD,8,Non-Landed Properties,1,"3,200",60 to 70,600 to 700,Oct-24
NON-LANDED HOUSING DEVELOPMENT,TYRWHITT ROAD,8,Non-Landed Properties,NA,"4,500",100 to 110,"1,000 to 1,100",Oct-24
NON-LANDED HOUSING DEVELOPMENT,TYRWHITT ROAD,8,Non-Landed Properties,NA,"8,300",190 to 200,"2,100 to 2,200",Oct-24
THE MERLOT,KENG LEE ROAD,8,Non-Landed Properties,2,"4,300",80 to 90,800 to 900,Oct-24
THE MERLOT,KENG LEE ROAD,8,Non-Landed Properties,3,"4,750",100 to 110,"1,000 to 1,100",Oct-24
MAPLE LEAF ELITE 1,RANGOON ROAD,8,Non-Landed Properties,2,"4,800",80 to 90,"900 to 1,000",Oct-24
BLISS REGALIA,SING AVENUE,8,Non-Landed Properties,2,"3,700",80 to 90,"900 to 1,000",Oct-24
CITYLIGHTS,JELLICOE ROAD,8,Non-Landed Properties,1,"4,000",60 to 70,600 to 700,Oct-24
CITYLIGHTS,JELLICOE ROAD,8,Non-Landed Properties,2,"5,100",80 to 90,800 to 900,Oct-24
CITYLIGHTS,JELLICOE ROAD,8,Non-Landed Properties,3,"9,500",170 to 180,"1,800 to 1,900",Oct-24
CITYLIGHTS,JELLICOE ROAD,8,Non-Landed Properties,1,"4,100",60 to 70,600 to 700,Oct-24
CITYLIGHTS,JELLICOE ROAD,8,Non-Landed Properties,1,"3,800",50 to 60,500 to 600,Oct-24
CITYLIGHTS,JELLICOE ROAD,8,Non-Landed Properties,1,"3,500",50 to 60,500 to 600,Oct-24
CITYLIGHTS,JELLICOE ROAD,8,Non-Landed Properties,1,"3,500",50 to 60,500 to 600,Oct-24
CITYLIGHTS,JELLICOE ROAD,8,Non-Landed Properties,2,"4,800",80 to 90,800 to 900,Oct-24
CITYLIGHTS,JELLICOE ROAD,8,Non-Landed Properties,1,"4,100",60 to 70,600 to 700,Oct-24
CITYLIGHTS,JELLICOE ROAD,8,Non-Landed Properties,3,"6,000",130 to 140,"1,400 to 1,500",Oct-24
CITYLIGHTS,JELLICOE ROAD,8,Non-Landed Properties,3,"5,600",130 to 140,"1,400 to 1,500",Oct-24
CITYLIGHTS,JELLICOE ROAD,8,Non-Landed Properties,3,"5,500",120 to 130,"1,300 to 1,400",Oct-24
CITYLIGHTS,JELLICOE ROAD,8,Non-Landed Properties,3,"5,801",120 to 130,"1,300 to 1,400",Oct-24
CITYLIGHTS,JELLICOE ROAD,8,Non-Landed Properties,3,"6,200",120 to 130,"1,300 to 1,400",Oct-24
CITYLIGHTS,JELLICOE ROAD,8,Non-Landed Properties,3,"6,000",130 to 140,"1,400 to 1,500",Oct-24
CITYLIGHTS,JELLICOE ROAD,8,Non-Landed Properties,3,"6,800",130 to 140,"1,400 to 1,500",Oct-24
CITYLIGHTS,JELLICOE ROAD,8,Non-Landed Properties,3,"6,200",130 to 140,"1,400 to 1,500",Oct-24
KENTISH GREEN,OXFORD ROAD,8,Non-Landed Properties,2,"4,200",100 to 110,"1,100 to 1,200",Oct-24
KENTISH GREEN,OXFORD ROAD,8,Non-Landed Properties,2,"3,600",100 to 110,"1,100 to 1,200",Oct-24
KENTISH GREEN,OXFORD ROAD,8,Non-Landed Properties,2,"4,300",100 to 110,"1,000 to 1,100",Oct-24
NON-LANDED HOUSING DEVELOPMENT,JALAN BESAR,8,Non-Landed Properties,NA,"4,500",90 to 100,"1,000 to 1,100",Oct-24
URBAN LOFTS,RANGOON ROAD,8,Non-Landed Properties,1,"3,200",60 to 70,700 to 800,Oct-24
URBAN LOFTS,RANGOON ROAD,8,Non-Landed Properties,1,"2,750",30 to 40,400 to 500,Oct-24
RESIDENCES @ SOMME,PETAIN ROAD,8,Non-Landed Properties,1,"2,900",40 to 50,500 to 600,Oct-24
RESIDENCES @ SOMME,PETAIN ROAD,8,Non-Landed Properties,1,"3,100",70 to 80,700 to 800,Oct-24
RESIDENCES @ SOMME,PETAIN ROAD,8,Non-Landed Properties,2,"3,400",60 to 70,600 to 700,Oct-24
FORTE SUITES,MERGUI ROAD,8,Non-Landed Properties,3,"4,000",50 to 60,600 to 700,Oct-24
FORTE SUITES,MERGUI ROAD,8,Non-Landed Properties,2,"3,900",60 to 70,600 to 700,Oct-24
FORTE SUITES,MERGUI ROAD,8,Non-Landed Properties,1,"2,750",40 to 50,400 to 500,Oct-24
CITYSCAPE @FARRER PARK,MERGUI ROAD,8,Non-Landed Properties,2,"4,650",100 to 110,"1,100 to 1,200",Oct-24
CITYSCAPE @FARRER PARK,MERGUI ROAD,8,Non-Landed Properties,2,"4,000",100 to 110,"1,100 to 1,200",Oct-24
CITYSCAPE @FARRER PARK,MERGUI ROAD,8,Non-Landed Properties,3,"5,700",110 to 120,"1,200 to 1,300",Oct-24
CITYSCAPE @FARRER PARK,MERGUI ROAD,8,Non-Landed Properties,3,"6,000",120 to 130,"1,300 to 1,400",Oct-24
CITYSCAPE @FARRER PARK,MERGUI ROAD,8,Non-Landed Properties,3,"6,000",120 to 130,"1,300 to 1,400",Oct-24
CITYSCAPE @FARRER PARK,MERGUI ROAD,8,Non-Landed Properties,2,"4,400",90 to 100,"1,000 to 1,100",Oct-24
CITYSCAPE @FARRER PARK,MERGUI ROAD,8,Non-Landed Properties,2,"4,100",100 to 110,"1,100 to 1,200",Oct-24
CITYSCAPE @FARRER PARK,MERGUI ROAD,8,Non-Landed Properties,3,"5,200",110 to 120,"1,200 to 1,300",Oct-24
CITYSCAPE @FARRER PARK,MERGUI ROAD,8,Non-Landed Properties,2,"4,300",90 to 100,"900 to 1,000",Oct-24
RANGOON VIEW,RANGOON ROAD,8,Non-Landed Properties,3,"5,100",120 to 130,"1,300 to 1,400",Oct-24
SPA BUILDING,VERDUN ROAD,8,Non-Landed Properties,4,"4,940",160 to 170,"1,700 to 1,800",Oct-24
28 RC SUITES,RACE COURSE LANE,8,Non-Landed Properties,1,"2,750",30 to 40,400 to 500,Oct-24
28 RC SUITES,RACE COURSE LANE,8,Non-Landed Properties,1,"2,700",30 to 40,400 to 500,Oct-24
28 RC SUITES,RACE COURSE LANE,8,Non-Landed Properties,1,"3,600",70 to 80,800 to 900,Oct-24
28 RC SUITES,RACE COURSE LANE,8,Non-Landed Properties,1,"2,800",30 to 40,400 to 500,Oct-24
NON-LANDED HOUSING DEVELOPMENT,SERANGOON ROAD,8,Non-Landed Properties,NA,"3,460",130 to 140,"1,400 to 1,500",Oct-24
KENTISH COURT,OXFORD ROAD,8,Non-Landed Properties,2,"3,900",90 to 100,"1,000 to 1,100",Oct-24
KENTISH COURT,OXFORD ROAD,8,Non-Landed Properties,2,"4,200",100 to 110,"1,100 to 1,200",Oct-24
CITY STUDIOS,RACE COURSE LANE,8,Non-Landed Properties,1,"3,200",40 to 50,400 to 500,Oct-24
CITY STUDIOS,RACE COURSE LANE,8,Non-Landed Properties,2,"3,300",60 to 70,700 to 800,Oct-24
RANGOON 88,RANGOON ROAD,8,Non-Landed Properties,1,"3,200",50 to 60,600 to 700,Oct-24
RANGOON 88,RANGOON ROAD,8,Non-Landed Properties,1,"2,800",50 to 60,500 to 600,Oct-24
RANGOON 88,RANGOON ROAD,8,Non-Landed Properties,1,"3,500",60 to 70,600 to 700,Oct-24
NON-LANDED HOUSING DEVELOPMENT,CAMBRIDGE ROAD,8,Non-Landed Properties,NA,"4,300",70 to 80,800 to 900,Oct-24
70@TRURO,TRURO ROAD,8,Non-Landed Properties,3,"4,300",70 to 80,800 to 900,Oct-24
RITZ @ FARRER,RACE COURSE ROAD,8,Non-Landed Properties,1,"4,200",70 to 80,700 to 800,Oct-24
RITZ @ FARRER,RACE COURSE ROAD,8,Non-Landed Properties,1,"3,600",70 to 80,700 to 800,Oct-24
KENTISH LODGE,OXFORD ROAD,8,Non-Landed Properties,2,"3,300",90 to 100,"1,000 to 1,100",Oct-24
HERTFORD COLLECTION,HERTFORD ROAD,8,Non-Landed Properties,2,"4,350",90 to 100,"1,000 to 1,100",Oct-24
STUDIOS @ MARNE,MARNE ROAD,8,Non-Landed Properties,NA,"3,300",50 to 60,500 to 600,Oct-24
STUDIOS @ MARNE,MARNE ROAD,8,Non-Landed Properties,NA,"2,800",40 to 50,500 to 600,Oct-24
PRISTINE HEIGHTS,MERGUI ROAD,8,Non-Landed Properties,2,"3,700",60 to 70,700 to 800,Oct-24
PRISTINE HEIGHTS,MERGUI ROAD,8,Non-Landed Properties,3,"4,100",70 to 80,800 to 900,Oct-24
HOA NAM BUILDING,FOCH ROAD,8,Non-Landed Properties,2,"2,900",70 to 80,800 to 900,Oct-24
HOA NAM BUILDING,FOCH ROAD,8,Non-Landed Properties,2,"3,100",70 to 80,800 to 900,Oct-24
R66 APARTMENTS,RANGOON ROAD,8,Non-Landed Properties,1,"3,200",50 to 60,500 to 600,Oct-24
NON-LANDED HOUSING DEVELOPMENT,STARLIGHT ROAD,8,Non-Landed Properties,NA,"4,000",70 to 80,800 to 900,Oct-24
RACE COURSE MANSION,RACE COURSE ROAD,8,Non-Landed Properties,3,"4,500",100 to 110,"1,100 to 1,200",Sep-24
MAPLE LEAF ELITE 2,RANGOON ROAD,8,Non-Landed Properties,3,"5,500",100 to 110,"1,100 to 1,200",Sep-24
CITY SQUARE RESIDENCES,KITCHENER LINK,8,Non-Landed Properties,1,"3,600",50 to 60,500 to 600,Sep-24
CITY SQUARE RESIDENCES,KITCHENER LINK,8,Non-Landed Properties,1,"3,500",50 to 60,500 to 600,Sep-24
CITY SQUARE RESIDENCES,KITCHENER LINK,8,Non-Landed Properties,3,"6,000",110 to 120,"1,200 to 1,300",Sep-24
CITY SQUARE RESIDENCES,KITCHENER LINK,8,Non-Landed Properties,2,"4,200",70 to 80,800 to 900,Sep-24
CITY SQUARE RESIDENCES,KITCHENER LINK,8,Non-Landed Properties,3,"4,500",110 to 120,"1,200 to 1,300",Sep-24
CITY SQUARE RESIDENCES,KITCHENER LINK,8,Non-Landed Properties,2,"4,600",70 to 80,800 to 900,Sep-24
CITY SQUARE RESIDENCES,KITCHENER LINK,8,Non-Landed Properties,3,"5,700",110 to 120,"1,200 to 1,300",Sep-24
CITY SQUARE RESIDENCES,KITCHENER LINK,8,Non-Landed Properties,1,"3,600",50 to 60,500 to 600,Sep-24
CITY SQUARE RESIDENCES,KITCHENER LINK,8,Non-Landed Properties,3,"6,300",110 to 120,"1,200 to 1,300",Sep-24
CITY SQUARE RESIDENCES,KITCHENER LINK,8,Non-Landed Properties,1,"3,500",50 to 60,500 to 600,Sep-24
CITY SQUARE RESIDENCES,KITCHENER LINK,8,Non-Landed Properties,2,"4,600",70 to 80,800 to 900,Sep-24
CITY SQUARE RESIDENCES,KITCHENER LINK,8,Non-Landed Properties,1,"3,600",50 to 60,500 to 600,Sep-24
CITY SQUARE RESIDENCES,KITCHENER LINK,8,Non-Landed Properties,3,"6,500",110 to 120,"1,200 to 1,300",Sep-24
CITY SQUARE RESIDENCES,KITCHENER LINK,8,Non-Landed Properties,2,"4,000",80 to 90,800 to 900,Sep-24
CITY SQUARE RESIDENCES,KITCHENER LINK,8,Non-Landed Properties,3,"6,500",110 to 120,"1,200 to 1,300",Sep-24
CITY SQUARE RESIDENCES,KITCHENER LINK,8,Non-Landed Properties,3,"5,600",110 to 120,"1,200 to 1,300",Sep-24
CITY SQUARE RESIDENCES,KITCHENER LINK,8,Non-Landed Properties,3,"5,500",110 to 120,"1,100 to 1,200",Sep-24
CITY SQUARE RESIDENCES,KITCHENER LINK,8,Non-Landed Properties,3,"5,400",110 to 120,"1,100 to 1,200",Sep-24
CITY SQUARE RESIDENCES,KITCHENER LINK,8,Non-Landed Properties,1,"3,400",50 to 60,500 to 600,Sep-24
CITY SQUARE RESIDENCES,KITCHENER LINK,8,Non-Landed Properties,3,"5,500",110 to 120,"1,200 to 1,300",Sep-24
CITY SQUARE RESIDENCES,KITCHENER LINK,8,Non-Landed Properties,1,"3,300",50 to 60,500 to 600,Sep-24
CITY SQUARE RESIDENCES,KITCHENER LINK,8,Non-Landed Properties,3,"5,500",110 to 120,"1,200 to 1,300",Sep-24
CITY SQUARE RESIDENCES,KITCHENER LINK,8,Non-Landed Properties,3,"5,300",110 to 120,"1,200 to 1,300",Sep-24
CITY SQUARE RESIDENCES,KITCHENER LINK,8,Non-Landed Properties,3,"5,500",110 to 120,"1,200 to 1,300",Sep-24
CITY SQUARE RESIDENCES,KITCHENER LINK,8,Non-Landed Properties,3,"5,800",110 to 120,"1,200 to 1,300",Sep-24
CITY SQUARE RESIDENCES,KITCHENER LINK,8,Non-Landed Properties,1,"3,300",50 to 60,500 to 600,Sep-24
CITY SQUARE RESIDENCES,KITCHENER LINK,8,Non-Landed Properties,1,"3,400",50 to 60,500 to 600,Sep-24
CITY SQUARE RESIDENCES,KITCHENER LINK,8,Non-Landed Properties,1,"3,500",50 to 60,500 to 600,Sep-24
CITY SQUARE RESIDENCES,KITCHENER LINK,8,Non-Landed Properties,1,"3,300",50 to 60,500 to 600,Sep-24
CITY SQUARE RESIDENCES,KITCHENER LINK,8,Non-Landed Properties,1,"3,700",50 to 60,500 to 600,Sep-24
CITY SQUARE RESIDENCES,KITCHENER LINK,8,Non-Landed Properties,1,"3,000",50 to 60,500 to 600,Sep-24
CITY SQUARE RESIDENCES,KITCHENER LINK,8,Non-Landed Properties,3,"5,400",110 to 120,"1,100 to 1,200",Sep-24
LOFT @ RANGOON,RANGOON ROAD,8,Non-Landed Properties,1,"2,900",30 to 40,400 to 500,Sep-24
LOFT @ RANGOON,RANGOON ROAD,8,Non-Landed Properties,1,"3,200",40 to 50,400 to 500,Sep-24
LOFT @ RANGOON,RANGOON ROAD,8,Non-Landed Properties,1,"2,600",40 to 50,400 to 500,Sep-24
NON-LANDED HOUSING DEVELOPMENT,PENHAS ROAD,8,Non-Landed Properties,NA,"4,200",90 to 100,"1,000 to 1,100",Sep-24
SOHO @ FARRER,RACE COURSE ROAD,8,Non-Landed Properties,1,"2,900",40 to 50,400 to 500,Sep-24
SOHO @ FARRER,RACE COURSE ROAD,8,Non-Landed Properties,1,"3,200",40 to 50,400 to 500,Sep-24
8 FARRER SUITES,SING JOO WALK,8,Non-Landed Properties,2,"3,800",80 to 90,800 to 900,Sep-24
8 FARRER SUITES,SING JOO WALK,8,Non-Landed Properties,2,"3,700",50 to 60,600 to 700,Sep-24
8 FARRER SUITES,SING JOO WALK,8,Non-Landed Properties,2,"3,800",50 to 60,500 to 600,Sep-24
RACE COURSE 138,RACE COURSE ROAD,8,Non-Landed Properties,3,"5,000",100 to 110,"1,100 to 1,200",Sep-24
HONG BUILDING,RANGOON ROAD,8,Non-Landed Properties,NA,"4,200",110 to 120,"1,200 to 1,300",Sep-24
NON-LANDED HOUSING DEVELOPMENT,HAMILTON ROAD,8,Non-Landed Properties,NA,"3,650",120 to 130,"1,300 to 1,400",Sep-24
NON-LANDED HOUSING DEVELOPMENT,HORNE ROAD,8,Non-Landed Properties,NA,"5,000",80 to 90,"900 to 1,000",Sep-24
SOHO 188,RACE COURSE ROAD,8,Non-Landed Properties,1,"3,400",40 to 50,400 to 500,Sep-24
SOHO 188,RACE COURSE ROAD,8,Non-Landed Properties,2,"3,500",50 to 60,600 to 700,Sep-24
SOHO 188,RACE COURSE ROAD,8,Non-Landed Properties,1,"2,800",30 to 40,400 to 500,Sep-24
SOHO 188,RACE COURSE ROAD,8,Non-Landed Properties,1,"2,900",30 to 40,400 to 500,Sep-24
UPTOWN @ FARRER,PERUMAL ROAD,8,Non-Landed Properties,2,"3,600",40 to 50,500 to 600,Sep-24
1953,TESSENSOHN ROAD,8,Non-Landed Properties,1,"3,600",50 to 60,600 to 700,Sep-24
THE CITRON RESIDENCES,MARNE ROAD,8,Non-Landed Properties,2,"3,900",50 to 60,600 to 700,Sep-24
THE CITRON RESIDENCES,MARNE ROAD,8,Non-Landed Properties,1,"3,000",30 to 40,300 to 400,Sep-24
THE CITRON RESIDENCES,MARNE ROAD,8,Non-Landed Properties,2,"4,100",60 to 70,600 to 700,Sep-24
CITIGATE RESIDENCE,RANGOON ROAD,8,Non-Landed Properties,1,"3,150",50 to 60,500 to 600,Sep-24
OXFORD SUITES,OXFORD ROAD,8,Non-Landed Properties,1,"3,800",60 to 70,600 to 700,Sep-24
OXFORD SUITES,OXFORD ROAD,8,Non-Landed Properties,NA,"4,050",80 to 90,800 to 900,Sep-24
OXFORD SUITES,OXFORD ROAD,8,Non-Landed Properties,NA,"4,200",80 to 90,800 to 900,Sep-24
NON-LANDED HOUSING DEVELOPMENT,TYRWHITT ROAD,8,Non-Landed Properties,NA,"4,000",90 to 100,"1,000 to 1,100",Sep-24
FORTE SUITES,MERGUI ROAD,8,Non-Landed Properties,1,"3,000",40 to 50,400 to 500,Sep-24
FORTE SUITES,MERGUI ROAD,8,Non-Landed Properties,1,"3,000",40 to 50,400 to 500,Sep-24
FORTE SUITES,MERGUI ROAD,8,Non-Landed Properties,2,"3,999",50 to 60,600 to 700,Sep-24
CAVAN SUITES,CAVAN ROAD,8,Non-Landed Properties,1,"2,750",40 to 50,400 to 500,Sep-24
CAVAN SUITES,CAVAN ROAD,8,Non-Landed Properties,1,"2,800",30 to 40,300 to 400,Sep-24
CAVAN SUITES,CAVAN ROAD,8,Non-Landed Properties,NA,"2,300",30 to 40,300 to 400,Sep-24
CITYSCAPE @FARRER PARK,MERGUI ROAD,8,Non-Landed Properties,2,"4,000",80 to 90,"900 to 1,000",Sep-24
CITYSCAPE @FARRER PARK,MERGUI ROAD,8,Non-Landed Properties,2,"4,000",100 to 110,"1,100 to 1,200",Sep-24
CITYSCAPE @FARRER PARK,MERGUI ROAD,8,Non-Landed Properties,2,"4,500",90 to 100,"1,000 to 1,100",Sep-24
CITYSCAPE @FARRER PARK,MERGUI ROAD,8,Non-Landed Properties,2,"4,500",100 to 110,"1,100 to 1,200",Sep-24
CITYSCAPE @FARRER PARK,MERGUI ROAD,8,Non-Landed Properties,2,"4,000",90 to 100,"900 to 1,000",Sep-24
CITYSCAPE @FARRER PARK,MERGUI ROAD,8,Non-Landed Properties,3,"4,600",110 to 120,"1,200 to 1,300",Sep-24
28 RC SUITES,RACE COURSE LANE,8,Non-Landed Properties,1,"2,800",30 to 40,400 to 500,Sep-24
28 RC SUITES,RACE COURSE LANE,8,Non-Landed Properties,1,"2,800",30 to 40,400 to 500,Sep-24
28 RC SUITES,RACE COURSE LANE,8,Non-Landed Properties,1,"2,800",30 to 40,400 to 500,Sep-24
RANGOON 88,RANGOON ROAD,8,Non-Landed Properties,1,"2,800",50 to 60,500 to 600,Sep-24
RANGOON 88,RANGOON ROAD,8,Non-Landed Properties,1,"2,750",30 to 40,400 to 500,Sep-24
RANGOON 88,RANGOON ROAD,8,Non-Landed Properties,1,"2,800",40 to 50,400 to 500,Sep-24
RANGOON 88,RANGOON ROAD,8,Non-Landed Properties,1,"2,800",30 to 40,400 to 500,Sep-24
NON-LANDED HOUSING DEVELOPMENT,JOO AVENUE,8,Non-Landed Properties,NA,"3,500",80 to 90,800 to 900,Sep-24
NON-LANDED HOUSING DEVELOPMENT,JOO AVENUE,8,Non-Landed Properties,NA,"3,000",80 to 90,800 to 900,Sep-24
JOOL SUITES,SING JOO WALK,8,Non-Landed Properties,2,"4,000",50 to 60,600 to 700,Sep-24
JOOL SUITES,SING JOO WALK,8,Non-Landed Properties,1,"3,000",30 to 40,300 to 400,Sep-24
JOOL SUITES,SING JOO WALK,8,Non-Landed Properties,1,"3,250",60 to 70,600 to 700,Sep-24
KENTISH LODGE,OXFORD ROAD,8,Non-Landed Properties,2,"3,950",100 to 110,"1,100 to 1,200",Sep-24
KENTISH LODGE,OXFORD ROAD,8,Non-Landed Properties,2,"3,400",100 to 110,"1,100 to 1,200",Sep-24
STUDIOS @ MARNE,MARNE ROAD,8,Non-Landed Properties,NA,"3,500",40 to 50,500 to 600,Sep-24
STUDIOS @ MARNE,MARNE ROAD,8,Non-Landed Properties,NA,"2,650",40 to 50,500 to 600,Sep-24
STUDIOS @ MARNE,MARNE ROAD,8,Non-Landed Properties,NA,"3,300",50 to 60,500 to 600,Sep-24
VOGX,DORSET ROAD,8,Non-Landed Properties,3,"5,000",100 to 110,"1,100 to 1,200",Sep-24
NON-LANDED HOUSING DEVELOPMENT,RANGOON ROAD,8,Non-Landed Properties,NA,"5,350",120 to 130,"1,300 to 1,400",Sep-24
NON-LANDED HOUSING DEVELOPMENT,RANGOON ROAD,8,Non-Landed Properties,NA,"5,500",110 to 120,"1,200 to 1,300",Sep-24
NON-LANDED HOUSING DEVELOPMENT,RANGOON ROAD,8,Non-Landed Properties,NA,"3,000",70 to 80,700 to 800,Sep-24
NON-LANDED HOUSING DEVELOPMENT,RANGOON ROAD,8,Non-Landed Properties,NA,"5,400",130 to 140,"1,400 to 1,500",Sep-24
NON-LANDED HOUSING DEVELOPMENT,RANGOON ROAD,8,Non-Landed Properties,NA,"2,300",20 to 30,300 to 400,Sep-24
NON-LANDED HOUSING DEVELOPMENT,RANGOON ROAD,8,Non-Landed Properties,NA,"2,300",20 to 30,300 to 400,Sep-24
KERRISDALE,STURDEE ROAD,8,Non-Landed Properties,3,"5,100",110 to 120,"1,100 to 1,200",Sep-24
KERRISDALE,STURDEE ROAD,8,Non-Landed Properties,2,"4,575",90 to 100,"900 to 1,000",Sep-24
KERRISDALE,STURDEE ROAD,8,Non-Landed Properties,3,"5,700",110 to 120,"1,200 to 1,300",Sep-24
KERRISDALE,STURDEE ROAD,8,Non-Landed Properties,3,"5,600",110 to 120,"1,200 to 1,300",Sep-24
KERRISDALE,STURDEE ROAD,8,Non-Landed Properties,3,"5,100",110 to 120,"1,200 to 1,300",Sep-24
KERRISDALE,STURDEE ROAD,8,Non-Landed Properties,3,"5,400",110 to 120,"1,200 to 1,300",Sep-24
KERRISDALE,STURDEE ROAD,8,Non-Landed Properties,3,"5,200",110 to 120,"1,200 to 1,300",Sep-24
STURDEE RESIDENCES,BEATTY ROAD,8,Non-Landed Properties,2,"4,000",60 to 70,600 to 700,Sep-24
STURDEE RESIDENCES,BEATTY ROAD,8,Non-Landed Properties,2,"4,200",60 to 70,600 to 700,Sep-24
STURDEE RESIDENCES,BEATTY ROAD,8,Non-Landed Properties,2,"4,300",60 to 70,700 to 800,Sep-24
STURDEE RESIDENCES,BEATTY ROAD,8,Non-Landed Properties,2,"4,100",60 to 70,600 to 700,Sep-24
STURDEE RESIDENCES,BEATTY ROAD,8,Non-Landed Properties,5,"8,200",150 to 160,"1,600 to 1,700",Sep-24
STURDEE RESIDENCES,BEATTY ROAD,8,Non-Landed Properties,2,"4,100",60 to 70,700 to 800,Sep-24
STURDEE RESIDENCES,BEATTY ROAD,8,Non-Landed Properties,3,"4,800",70 to 80,800 to 900,Sep-24
STURDEE RESIDENCES,BEATTY ROAD,8,Non-Landed Properties,2,"4,400",60 to 70,600 to 700,Sep-24
STURDEE RESIDENCES,BEATTY ROAD,8,Non-Landed Properties,5,"9,500",120 to 130,"1,300 to 1,400",Sep-24
STURDEE RESIDENCES,BEATTY ROAD,8,Non-Landed Properties,3,"4,900",70 to 80,800 to 900,Sep-24
STURDEE RESIDENCES,BEATTY ROAD,8,Non-Landed Properties,1,"3,200",30 to 40,400 to 500,Sep-24
STURDEE RESIDENCES,BEATTY ROAD,8,Non-Landed Properties,1,"3,100",30 to 40,400 to 500,Sep-24
STURDEE RESIDENCES,BEATTY ROAD,8,Non-Landed Properties,2,"3,800",50 to 60,500 to 600,Sep-24
PARC SOMME,SOMME ROAD,8,Non-Landed Properties,1,"2,800",30 to 40,400 to 500,Sep-24
NON-LANDED HOUSING DEVELOPMENT,RACE COURSE ROAD,8,Non-Landed Properties,1,"2,200",30 to 40,300 to 400,Sep-24
NON-LANDED HOUSING DEVELOPMENT,RACE COURSE ROAD,8,Non-Landed Properties,NA,"2,200",20 to 30,200 to 300,Sep-24
NON-LANDED HOUSING DEVELOPMENT,RACE COURSE ROAD,8,Non-Landed Properties,NA,"4,200",180 to 190,"1,900 to 2,000",Sep-24
MERA SPRINGS,CARLISLE ROAD,8,Non-Landed Properties,3,"5,300",110 to 120,"1,200 to 1,300",Sep-24
MERA SPRINGS,CARLISLE ROAD,8,Non-Landed Properties,3,"5,500",110 to 120,"1,200 to 1,300",Sep-24
CHERRYLOFT,RANGOON ROAD,8,Non-Landed Properties,NA,"2,350",60 to 70,700 to 800,Sep-24
TYRWHITT 139,TYRWHITT ROAD,8,Non-Landed Properties,2,"3,700",80 to 90,800 to 900,Sep-24
LE SOMME,SOMME ROAD,8,Non-Landed Properties,1,"2,800",40 to 50,400 to 500,Sep-24
LE SOMME,SOMME ROAD,8,Non-Landed Properties,1,"4,100",80 to 90,"900 to 1,000",Sep-24
CITY LOFT,RACE COURSE ROAD,8,Non-Landed Properties,1,"2,500",30 to 40,300 to 400,Sep-24
CITY LOFT,RACE COURSE ROAD,8,Non-Landed Properties,1,"2,700",30 to 40,300 to 400,Sep-24
SUITES 123,RANGOON ROAD,8,Non-Landed Properties,1,"3,000",40 to 50,400 to 500,Sep-24
THE URBANITE,HERTFORD ROAD,8,Non-Landed Properties,1,"2,800",40 to 50,400 to 500,Sep-24
THE URBANITE,HERTFORD ROAD,8,Non-Landed Properties,1,"2,700",40 to 50,400 to 500,Sep-24
THE URBANITE,HERTFORD ROAD,8,Non-Landed Properties,1,"2,850",40 to 50,400 to 500,Sep-24
THE URBANITE,HERTFORD ROAD,8,Non-Landed Properties,3,"5,200",110 to 120,"1,200 to 1,300",Sep-24
THE MERLOT,KENG LEE ROAD,8,Non-Landed Properties,1,"2,800",40 to 50,500 to 600,Sep-24
CITYLIGHTS,JELLICOE ROAD,8,Non-Landed Properties,4,"10,000",>300,>3000,Sep-24
CITYLIGHTS,JELLICOE ROAD,8,Non-Landed Properties,2,"4,600",80 to 90,800 to 900,Sep-24
CITYLIGHTS,JELLICOE ROAD,8,Non-Landed Properties,2,"5,000",80 to 90,800 to 900,Sep-24
CITYLIGHTS,JELLICOE ROAD,8,Non-Landed Properties,2,"4,300",80 to 90,800 to 900,Sep-24
CITYLIGHTS,JELLICOE ROAD,8,Non-Landed Properties,1,"3,400",50 to 60,500 to 600,Sep-24
CITYLIGHTS,JELLICOE ROAD,8,Non-Landed Properties,1,"3,900",50 to 60,500 to 600,Sep-24
CITYLIGHTS,JELLICOE ROAD,8,Non-Landed Properties,1,"3,900",60 to 70,600 to 700,Sep-24
CITYLIGHTS,JELLICOE ROAD,8,Non-Landed Properties,1,"3,900",60 to 70,600 to 700,Sep-24
CITYLIGHTS,JELLICOE ROAD,8,Non-Landed Properties,3,"6,300",130 to 140,"1,400 to 1,500",Sep-24
CITYLIGHTS,JELLICOE ROAD,8,Non-Landed Properties,3,"6,200",130 to 140,"1,400 to 1,500",Sep-24
CITYLIGHTS,JELLICOE ROAD,8,Non-Landed Properties,3,"6,600",130 to 140,"1,400 to 1,500",Sep-24
RESIDENCES @ SOMME,PETAIN ROAD,8,Non-Landed Properties,1,"2,600",30 to 40,400 to 500,Sep-24
RESIDENCES @ SOMME,PETAIN ROAD,8,Non-Landed Properties,1,"3,000",40 to 50,400 to 500,Sep-24
RESIDENCES @ SOMME,PETAIN ROAD,8,Non-Landed Properties,1,"2,950",40 to 50,500 to 600,Sep-24
SAM LEONG MANSION,SAM LEONG ROAD,8,Non-Landed Properties,NA,"5,000",90 to 100,"1,000 to 1,100",Sep-24
SAM LEONG MANSION,SAM LEONG ROAD,8,Non-Landed Properties,NA,"5,000",90 to 100,"1,000 to 1,100",Sep-24
NON-LANDED HOUSING DEVELOPMENT,SERANGOON ROAD,8,Non-Landed Properties,NA,"3,600",60 to 70,700 to 800,Sep-24
NON-LANDED HOUSING DEVELOPMENT,SERANGOON ROAD,8,Non-Landed Properties,NA,"2,800",70 to 80,700 to 800,Sep-24
MERGUI MANSIONS,MERGUI ROAD,8,Non-Landed Properties,3,"4,500",120 to 130,"1,300 to 1,400",Sep-24
MERGUI MANSIONS,MERGUI ROAD,8,Non-Landed Properties,3,"4,100",130 to 140,"1,400 to 1,500",Sep-24
NON-LANDED HOUSING DEVELOPMENT,CAMBRIDGE ROAD,8,Non-Landed Properties,NA,"4,600",70 to 80,700 to 800,Sep-24
NON-LANDED HOUSING DEVELOPMENT,SING AVENUE,8,Non-Landed Properties,NA,"3,010",110 to 120,"1,200 to 1,300",Sep-24
NON-LANDED HOUSING DEVELOPMENT,STURDEE ROAD,8,Non-Landed Properties,NA,"4,800",80 to 90,"900 to 1,000",Sep-24
NON-LANDED HOUSING DEVELOPMENT,STURDEE ROAD,8,Non-Landed Properties,NA,"5,000",100 to 110,"1,000 to 1,100",Sep-24
PRISTINE HEIGHTS,MERGUI ROAD,8,Non-Landed Properties,2,"4,000",60 to 70,700 to 800,Sep-24
R66 APARTMENTS,RANGOON ROAD,8,Non-Landed Properties,1,"2,900",30 to 40,300 to 400,Sep-24
R66 APARTMENTS,RANGOON ROAD,8,Non-Landed Properties,1,"2,850",40 to 50,400 to 500,Sep-24
FUQING BUILDING,ALLENBY ROAD,8,Non-Landed Properties,NA,"19,500",>300,>3000,Aug-24
CITY SQUARE RESIDENCES,KITCHENER LINK,8,Non-Landed Properties,2,"4,200",70 to 80,800 to 900,Aug-24
CITY SQUARE RESIDENCES,KITCHENER LINK,8,Non-Landed Properties,2,"4,800",70 to 80,800 to 900,Aug-24
CITY SQUARE RESIDENCES,KITCHENER LINK,8,Non-Landed Properties,2,"4,400",70 to 80,800 to 900,Aug-24
CITY SQUARE RESIDENCES,KITCHENER LINK,8,Non-Landed Properties,2,"4,000",70 to 80,800 to 900,Aug-24
CITY SQUARE RESIDENCES,KITCHENER LINK,8,Non-Landed Properties,1,"3,300",50 to 60,500 to 600,Aug-24
CITY SQUARE RESIDENCES,KITCHENER LINK,8,Non-Landed Properties,4,"6,500",140 to 150,"1,500 to 1,600",Aug-24
CITY SQUARE RESIDENCES,KITCHENER LINK,8,Non-Landed Properties,2,"5,000",70 to 80,800 to 900,Aug-24
CITY SQUARE RESIDENCES,KITCHENER LINK,8,Non-Landed Properties,4,"7,150",140 to 150,"1,500 to 1,600",Aug-24
CITY SQUARE RESIDENCES,KITCHENER LINK,8,Non-Landed Properties,2,"4,500",70 to 80,800 to 900,Aug-24
CITY SQUARE RESIDENCES,KITCHENER LINK,8,Non-Landed Properties,2,"4,500",70 to 80,800 to 900,Aug-24
CITY SQUARE RESIDENCES,KITCHENER LINK,8,Non-Landed Properties,1,"3,500",50 to 60,500 to 600,Aug-24
CITY SQUARE RESIDENCES,KITCHENER LINK,8,Non-Landed Properties,2,"4,100",70 to 80,800 to 900,Aug-24
CITY SQUARE RESIDENCES,KITCHENER LINK,8,Non-Landed Properties,1,"3,600",50 to 60,500 to 600,Aug-24
CITY SQUARE RESIDENCES,KITCHENER LINK,8,Non-Landed Properties,4,"8,000",140 to 150,"1,500 to 1,600",Aug-24
CITY SQUARE RESIDENCES,KITCHENER LINK,8,Non-Landed Properties,1,"3,450",50 to 60,500 to 600,Aug-24
CITY SQUARE RESIDENCES,KITCHENER LINK,8,Non-Landed Properties,4,"7,000",140 to 150,"1,500 to 1,600",Aug-24
CITY SQUARE RESIDENCES,KITCHENER LINK,8,Non-Landed Properties,1,"3,200",50 to 60,500 to 600,Aug-24
CITY SQUARE RESIDENCES,KITCHENER LINK,8,Non-Landed Properties,3,"6,300",110 to 120,"1,200 to 1,300",Aug-24
CITY SQUARE RESIDENCES,KITCHENER LINK,8,Non-Landed Properties,4,"6,500",130 to 140,"1,500 to 1,600",Aug-24
CITY SQUARE RESIDENCES,KITCHENER LINK,8,Non-Landed Properties,3,"5,600",110 to 120,"1,200 to 1,300",Aug-24
CITY SQUARE RESIDENCES,KITCHENER LINK,8,Non-Landed Properties,4,"7,300",130 to 140,"1,500 to 1,600",Aug-24
CITY SQUARE RESIDENCES,KITCHENER LINK,8,Non-Landed Properties,3,"6,000",110 to 120,"1,200 to 1,300",Aug-24
CITY SQUARE RESIDENCES,KITCHENER LINK,8,Non-Landed Properties,4,"7,300",130 to 140,"1,500 to 1,600",Aug-24
CITY SQUARE RESIDENCES,KITCHENER LINK,8,Non-Landed Properties,3,"5,800",110 to 120,"1,200 to 1,300",Aug-24
CITY SQUARE RESIDENCES,KITCHENER LINK,8,Non-Landed Properties,3,"4,800",110 to 120,"1,100 to 1,200",Aug-24
CITY SQUARE RESIDENCES,KITCHENER LINK,8,Non-Landed Properties,2,"4,200",80 to 90,800 to 900,Aug-24
CITY SQUARE RESIDENCES,KITCHENER LINK,8,Non-Landed Properties,2,"4,000",80 to 90,800 to 900,Aug-24
CITY SQUARE RESIDENCES,KITCHENER LINK,8,Non-Landed Properties,2,"4,400",80 to 90,800 to 900,Aug-24
CITY SQUARE RESIDENCES,KITCHENER LINK,8,Non-Landed Properties,2,"4,400",80 to 90,800 to 900,Aug-24
CITY SQUARE RESIDENCES,KITCHENER LINK,8,Non-Landed Properties,3,"6,000",110 to 120,"1,100 to 1,200",Aug-24
CITY SQUARE RESIDENCES,KITCHENER LINK,8,Non-Landed Properties,3,"5,350",110 to 120,"1,200 to 1,300",Aug-24
CITY SQUARE RESIDENCES,KITCHENER LINK,8,Non-Landed Properties,3,"6,000",110 to 120,"1,200 to 1,300",Aug-24
CITY SQUARE RESIDENCES,KITCHENER LINK,8,Non-Landed Properties,4,"6,200",130 to 140,"1,400 to 1,500",Aug-24
CITY SQUARE RESIDENCES,KITCHENER LINK,8,Non-Landed Properties,2,"3,000",70 to 80,800 to 900,Aug-24
CITY SQUARE RESIDENCES,KITCHENER LINK,8,Non-Landed Properties,2,"4,800",70 to 80,800 to 900,Aug-24
CITY SQUARE RESIDENCES,KITCHENER LINK,8,Non-Landed Properties,3,"5,500",110 to 120,"1,100 to 1,200",Aug-24
CITY SQUARE RESIDENCES,KITCHENER LINK,8,Non-Landed Properties,4,"6,800",140 to 150,"1,500 to 1,600",Aug-24
CITY SQUARE RESIDENCES,KITCHENER LINK,8,Non-Landed Properties,1,"3,300",50 to 60,500 to 600,Aug-24
CITY SQUARE RESIDENCES,KITCHENER LINK,8,Non-Landed Properties,3,"6,000",110 to 120,"1,100 to 1,200",Aug-24
CITY SQUARE RESIDENCES,KITCHENER LINK,8,Non-Landed Properties,3,"3,900",110 to 120,"1,100 to 1,200",Aug-24
CITY SQUARE RESIDENCES,KITCHENER LINK,8,Non-Landed Properties,1,"3,400",50 to 60,500 to 600,Aug-24
CITY SQUARE RESIDENCES,KITCHENER LINK,8,Non-Landed Properties,1,"3,300",50 to 60,500 to 600,Aug-24
HERTFORD MANSION,HERTFORD ROAD,8,Non-Landed Properties,NA,"4,000",100 to 110,"1,100 to 1,200",Aug-24
JALAN BESAR PLAZA,KITCHENER ROAD,8,Non-Landed Properties,4,"5,800",140 to 150,"1,500 to 1,600",Aug-24
SUITES @ OWEN,OWEN ROAD,8,Non-Landed Properties,1,"2,700",40 to 50,400 to 500,Aug-24
NON-LANDED HOUSING DEVELOPMENT,CARLISLE ROAD,8,Non-Landed Properties,NA,"2,010",80 to 90,"900 to 1,000",Aug-24
SOHO @ FARRER,RACE COURSE ROAD,8,Non-Landed Properties,1,"3,200",40 to 50,400 to 500,Aug-24
SOHO @ FARRER,RACE COURSE ROAD,8,Non-Landed Properties,1,"2,800",40 to 50,400 to 500,Aug-24
RACE COURSE 138,RACE COURSE ROAD,8,Non-Landed Properties,1,"3,200",50 to 60,600 to 700,Aug-24
HONG BUILDING,RANGOON ROAD,8,Non-Landed Properties,NA,"5,000",120 to 130,"1,300 to 1,400",Aug-24
KENG LEE COURT,KENG LEE ROAD,8,Non-Landed Properties,3,"4,800",90 to 100,"1,000 to 1,100",Aug-24
KENG LEE COURT,KENG LEE ROAD,8,Non-Landed Properties,2,"1,900",50 to 60,600 to 700,Aug-24
NON-LANDED HOUSING DEVELOPMENT,HAMILTON ROAD,8,Non-Landed Properties,NA,"4,650",120 to 130,"1,300 to 1,400",Aug-24
NON-LANDED HOUSING DEVELOPMENT,HORNE ROAD,8,Non-Landed Properties,NA,"5,000",110 to 120,"1,200 to 1,300",Aug-24
NON-LANDED HOUSING DEVELOPMENT,HORNE ROAD,8,Non-Landed Properties,NA,"2,700",80 to 90,"900 to 1,000",Aug-24
NON-LANDED HOUSING DEVELOPMENT,HORNE ROAD,8,Non-Landed Properties,NA,"3,600",80 to 90,"900 to 1,000",Aug-24
SOHO 188,RACE COURSE ROAD,8,Non-Landed Properties,1,"3,000",30 to 40,300 to 400,Aug-24
SOHO 188,RACE COURSE ROAD,8,Non-Landed Properties,1,"3,000",30 to 40,400 to 500,Aug-24
UPTOWN @ FARRER,PERUMAL ROAD,8,Non-Landed Properties,3,"4,800",60 to 70,700 to 800,Aug-24
UPTOWN @ FARRER,PERUMAL ROAD,8,Non-Landed Properties,3,"5,600",80 to 90,"900 to 1,000",Aug-24
THE CITRON RESIDENCES,MARNE ROAD,8,Non-Landed Properties,2,"3,850",60 to 70,700 to 800,Aug-24
THE CITRON RESIDENCES,MARNE ROAD,8,Non-Landed Properties,1,"3,500",30 to 40,400 to 500,Aug-24
THE CITRON RESIDENCES,MARNE ROAD,8,Non-Landed Properties,2,"4,200",60 to 70,600 to 700,Aug-24
CITIGATE RESIDENCE,RANGOON ROAD,8,Non-Landed Properties,1,"2,800",50 to 60,500 to 600,Aug-24
CITIGATE RESIDENCE,RANGOON ROAD,8,Non-Landed Properties,2,"3,800",90 to 100,"1,000 to 1,100",Aug-24
CITIGATE RESIDENCE,RANGOON ROAD,8,Non-Landed Properties,1,"2,800",40 to 50,400 to 500,Aug-24
CITIGATE RESIDENCE,RANGOON ROAD,8,Non-Landed Properties,1,"3,600",40 to 50,400 to 500,Aug-24
OXFORD SUITES,OXFORD ROAD,8,Non-Landed Properties,NA,"3,900",80 to 90,800 to 900,Aug-24
KENTISH GREEN,OXFORD ROAD,8,Non-Landed Properties,2,"3,680",100 to 110,"1,000 to 1,100",Aug-24
KENTISH GREEN,OXFORD ROAD,8,Non-Landed Properties,2,"3,950",90 to 100,"1,000 to 1,100",Aug-24
NON-LANDED HOUSING DEVELOPMENT,JALAN BESAR,8,Non-Landed Properties,NA,"3,800",110 to 120,"1,200 to 1,300",Aug-24
FORTE SUITES,MERGUI ROAD,8,Non-Landed Properties,2,"3,500",50 to 60,600 to 700,Aug-24
FORTE SUITES,MERGUI ROAD,8,Non-Landed Properties,2,"3,900",60 to 70,600 to 700,Aug-24
FORTE SUITES,MERGUI ROAD,8,Non-Landed Properties,1,"3,000",40 to 50,400 to 500,Aug-24
FORTE SUITES,MERGUI ROAD,8,Non-Landed Properties,1,"3,000",40 to 50,400 to 500,Aug-24
FORTE SUITES,MERGUI ROAD,8,Non-Landed Properties,2,"4,900",60 to 70,600 to 700,Aug-24
FORTE SUITES,MERGUI ROAD,8,Non-Landed Properties,2,"3,400",50 to 60,600 to 700,Aug-24
FORTE SUITES,MERGUI ROAD,8,Non-Landed Properties,2,"4,000",60 to 70,600 to 700,Aug-24
FORTE SUITES,MERGUI ROAD,8,Non-Landed Properties,2,"3,700",50 to 60,600 to 700,Aug-24
CAVAN SUITES,CAVAN ROAD,8,Non-Landed Properties,NA,"2,550",40 to 50,400 to 500,Aug-24
CAVAN SUITES,CAVAN ROAD,8,Non-Landed Properties,1,"2,500",40 to 50,400 to 500,Aug-24
CAVAN SUITES,CAVAN ROAD,8,Non-Landed Properties,NA,"2,350",20 to 30,300 to 400,Aug-24
CAVAN SUITES,CAVAN ROAD,8,Non-Landed Properties,NA,"2,350",20 to 30,300 to 400,Aug-24
CAVAN SUITES,CAVAN ROAD,8,Non-Landed Properties,NA,"2,700",40 to 50,400 to 500,Aug-24
CITYSCAPE @FARRER PARK,MERGUI ROAD,8,Non-Landed Properties,3,"5,600",110 to 120,"1,200 to 1,300",Aug-24
CITYSCAPE @FARRER PARK,MERGUI ROAD,8,Non-Landed Properties,2,"4,200",90 to 100,"1,000 to 1,100",Aug-24
CITYSCAPE @FARRER PARK,MERGUI ROAD,8,Non-Landed Properties,2,"4,500",90 to 100,"1,000 to 1,100",Aug-24
CITYSCAPE @FARRER PARK,MERGUI ROAD,8,Non-Landed Properties,2,"4,300",90 to 100,"900 to 1,000",Aug-24
CITYSCAPE @FARRER PARK,MERGUI ROAD,8,Non-Landed Properties,2,"4,000",90 to 100,"1,000 to 1,100",Aug-24
CITYSCAPE @FARRER PARK,MERGUI ROAD,8,Non-Landed Properties,3,"5,400",120 to 130,"1,300 to 1,400",Aug-24
CITYSCAPE @FARRER PARK,MERGUI ROAD,8,Non-Landed Properties,3,"5,500",110 to 120,"1,200 to 1,300",Aug-24
CITYSCAPE @FARRER PARK,MERGUI ROAD,8,Non-Landed Properties,2,"4,200",110 to 120,"1,200 to 1,300",Aug-24
CITYSCAPE @FARRER PARK,MERGUI ROAD,8,Non-Landed Properties,2,"4,000",80 to 90,"900 to 1,000",Aug-24
CITYSCAPE @FARRER PARK,MERGUI ROAD,8,Non-Landed Properties,2,"4,300",90 to 100,"900 to 1,000",Aug-24
CITYSCAPE @FARRER PARK,MERGUI ROAD,8,Non-Landed Properties,2,"4,200",90 to 100,"1,000 to 1,100",Aug-24
CITYSCAPE @FARRER PARK,MERGUI ROAD,8,Non-Landed Properties,2,"4,250",90 to 100,"900 to 1,000",Aug-24
SPA BUILDING,VERDUN ROAD,8,Non-Landed Properties,4,"3,380",160 to 170,"1,700 to 1,800",Aug-24
OWEN COURT,OWEN ROAD,8,Non-Landed Properties,NA,"8,750",160 to 170,"1,700 to 1,800",Aug-24
28 RC SUITES,RACE COURSE LANE,8,Non-Landed Properties,1,"3,000",70 to 80,800 to 900,Aug-24
KENTISH COURT,OXFORD ROAD,8,Non-Landed Properties,2,"3,800",90 to 100,"1,000 to 1,100",Aug-24
KENTISH COURT,OXFORD ROAD,8,Non-Landed Properties,2,"4,100",100 to 110,"1,000 to 1,100",Aug-24
CITY STUDIOS,RACE COURSE LANE,8,Non-Landed Properties,2,"3,750",60 to 70,600 to 700,Aug-24
CITY STUDIOS,RACE COURSE LANE,8,Non-Landed Properties,1,"2,900",40 to 50,400 to 500,Aug-24
CITY STUDIOS,RACE COURSE LANE,8,Non-Landed Properties,2,"3,800",60 to 70,700 to 800,Aug-24
CITY STUDIOS,RACE COURSE LANE,8,Non-Landed Properties,2,"4,500",120 to 130,"1,300 to 1,400",Aug-24
RANGOON 88,RANGOON ROAD,8,Non-Landed Properties,1,"3,100",40 to 50,400 to 500,Aug-24
RANGOON 88,RANGOON ROAD,8,Non-Landed Properties,1,"2,850",60 to 70,600 to 700,Aug-24
RANGOON 88,RANGOON ROAD,8,Non-Landed Properties,1,"3,200",70 to 80,700 to 800,Aug-24
70@TRURO,TRURO ROAD,8,Non-Landed Properties,3,"4,400",70 to 80,800 to 900,Aug-24
STUDIOS @ MARNE,MARNE ROAD,8,Non-Landed Properties,NA,"3,100",50 to 60,600 to 700,Aug-24
VOGX,DORSET ROAD,8,Non-Landed Properties,2,"4,000",80 to 90,800 to 900,Aug-24
NON-LANDED HOUSING DEVELOPMENT,RANGOON ROAD,8,Non-Landed Properties,NA,"3,600",110 to 120,"1,200 to 1,300",Aug-24
DESKER ROAD CONSERVATION AREA,DESKER ROAD,8,Non-Landed Properties,NA,"8,750",120 to 130,"1,300 to 1,400",Aug-24
KERRISDALE,STURDEE ROAD,8,Non-Landed Properties,3,"5,600",110 to 120,"1,200 to 1,300",Aug-24
KERRISDALE,STURDEE ROAD,8,Non-Landed Properties,2,"4,600",90 to 100,"900 to 1,000",Aug-24
KERRISDALE,STURDEE ROAD,8,Non-Landed Properties,3,"6,100",110 to 120,"1,200 to 1,300",Aug-24
KERRISDALE,STURDEE ROAD,8,Non-Landed Properties,3,"5,100",110 to 120,"1,200 to 1,300",Aug-24
KERRISDALE,STURDEE ROAD,8,Non-Landed Properties,3,"5,500",110 to 120,"1,200 to 1,300",Aug-24
KERRISDALE,STURDEE ROAD,8,Non-Landed Properties,2,"4,300",90 to 100,"900 to 1,000",Aug-24
KERRISDALE,STURDEE ROAD,8,Non-Landed Properties,2,"4,200",90 to 100,"900 to 1,000",Aug-24
KERRISDALE,STURDEE ROAD,8,Non-Landed Properties,3,"5,800",110 to 120,"1,200 to 1,300",Aug-24
KERRISDALE,STURDEE ROAD,8,Non-Landed Properties,3,"6,000",110 to 120,"1,200 to 1,300",Aug-24
KERRISDALE,STURDEE ROAD,8,Non-Landed Properties,2,"4,800",90 to 100,"900 to 1,000",Aug-24
STURDEE RESIDENCES,BEATTY ROAD,8,Non-Landed Properties,2,"4,500",50 to 60,500 to 600,Aug-24
STURDEE RESIDENCES,BEATTY ROAD,8,Non-Landed Properties,4,"6,800",120 to 130,"1,300 to 1,400",Aug-24
STURDEE RESIDENCES,BEATTY ROAD,8,Non-Landed Properties,1,"3,400",30 to 40,400 to 500,Aug-24
STURDEE RESIDENCES,BEATTY ROAD,8,Non-Landed Properties,2,"4,200",60 to 70,600 to 700,Aug-24
STURDEE RESIDENCES,BEATTY ROAD,8,Non-Landed Properties,3,"6,800",70 to 80,800 to 900,Aug-24
STURDEE RESIDENCES,BEATTY ROAD,8,Non-Landed Properties,1,"3,100",30 to 40,400 to 500,Aug-24
PARC SOMME,SOMME ROAD,8,Non-Landed Properties,2,"3,200",50 to 60,600 to 700,Aug-24
NON-LANDED HOUSING DEVELOPMENT,RACE COURSE ROAD,8,Non-Landed Properties,NA,"2,080",20 to 30,200 to 300,Aug-24
NON-LANDED HOUSING DEVELOPMENT,RACE COURSE ROAD,8,Non-Landed Properties,2,"2,648",70 to 80,700 to 800,Aug-24
NON-LANDED HOUSING DEVELOPMENT,RACE COURSE ROAD,8,Non-Landed Properties,NA,"2,185",50 to 60,500 to 600,Aug-24
NON-LANDED HOUSING DEVELOPMENT,BIRCH ROAD,8,Non-Landed Properties,NA,"4,000",20 to 30,300 to 400,Aug-24
MERA SPRINGS,CARLISLE ROAD,8,Non-Landed Properties,3,"5,300",110 to 120,"1,200 to 1,300",Aug-24
NON-LANDED HOUSING DEVELOPMENT,DORSET ROAD,8,Non-Landed Properties,NA,"3,800",90 to 100,"1,000 to 1,100",Aug-24
TYRWHITT 139,TYRWHITT ROAD,8,Non-Landed Properties,1,"3,200",40 to 50,400 to 500,Aug-24
TYRWHITT 139,TYRWHITT ROAD,8,Non-Landed Properties,1,"3,200",40 to 50,400 to 500,Aug-24
TYRWHITT 139,TYRWHITT ROAD,8,Non-Landed Properties,1,"2,800",30 to 40,300 to 400,Aug-24
LE SOMME,SOMME ROAD,8,Non-Landed Properties,1,"3,400",50 to 60,500 to 600,Aug-24
SUITES 123,RANGOON ROAD,8,Non-Landed Properties,1,"3,050",40 to 50,400 to 500,Aug-24
SUITES 123,RANGOON ROAD,8,Non-Landed Properties,1,"2,900",50 to 60,500 to 600,Aug-24
FARRER PARK SUITES,OWEN ROAD,8,Non-Landed Properties,1,"3,300",50 to 60,600 to 700,Aug-24
THE MERLOT,KENG LEE ROAD,8,Non-Landed Properties,1,"3,150",40 to 50,500 to 600,Aug-24
MAPLE LEAF ELITE 1,RANGOON ROAD,8,Non-Landed Properties,1,"3,000",40 to 50,400 to 500,Aug-24
MAPLE LEAF ELITE 1,RANGOON ROAD,8,Non-Landed Properties,1,"3,600",50 to 60,600 to 700,Aug-24
MAPLE LEAF ELITE 1,RANGOON ROAD,8,Non-Landed Properties,2,"5,400",80 to 90,"900 to 1,000",Aug-24
CITYLIGHTS,JELLICOE ROAD,8,Non-Landed Properties,2,"5,000",80 to 90,"900 to 1,000",Aug-24
CITYLIGHTS,JELLICOE ROAD,8,Non-Landed Properties,1,"4,328",60 to 70,600 to 700,Aug-24
CITYLIGHTS,JELLICOE ROAD,8,Non-Landed Properties,1,"4,400",60 to 70,600 to 700,Aug-24
CITYLIGHTS,JELLICOE ROAD,8,Non-Landed Properties,2,"4,500",80 to 90,"900 to 1,000",Aug-24
CITYLIGHTS,JELLICOE ROAD,8,Non-Landed Properties,1,"4,000",60 to 70,700 to 800,Aug-24
CITYLIGHTS,JELLICOE ROAD,8,Non-Landed Properties,2,"4,500",80 to 90,800 to 900,Aug-24
CITYLIGHTS,JELLICOE ROAD,8,Non-Landed Properties,1,"4,000",60 to 70,600 to 700,Aug-24
CITYLIGHTS,JELLICOE ROAD,8,Non-Landed Properties,2,"4,800",80 to 90,800 to 900,Aug-24
CITYLIGHTS,JELLICOE ROAD,8,Non-Landed Properties,1,"3,500",50 to 60,500 to 600,Aug-24
CITYLIGHTS,JELLICOE ROAD,8,Non-Landed Properties,1,"4,400",60 to 70,700 to 800,Aug-24
CITYLIGHTS,JELLICOE ROAD,8,Non-Landed Properties,1,"4,200",60 to 70,700 to 800,Aug-24
CITYLIGHTS,JELLICOE ROAD,8,Non-Landed Properties,1,"4,100",60 to 70,600 to 700,Aug-24
CITYLIGHTS,JELLICOE ROAD,8,Non-Landed Properties,1,"4,000",60 to 70,600 to 700,Aug-24
CITYLIGHTS,JELLICOE ROAD,8,Non-Landed Properties,1,"3,800",60 to 70,600 to 700,Aug-24
CITYLIGHTS,JELLICOE ROAD,8,Non-Landed Properties,1,"4,000",50 to 60,500 to 600,Aug-24
CITYLIGHTS,JELLICOE ROAD,8,Non-Landed Properties,1,"3,800",50 to 60,500 to 600,Aug-24
CITYLIGHTS,JELLICOE ROAD,8,Non-Landed Properties,3,"7,200",130 to 140,"1,400 to 1,500",Aug-24
CITYLIGHTS,JELLICOE ROAD,8,Non-Landed Properties,3,"6,000",120 to 130,"1,300 to 1,400",Aug-24
KENG LEE VIEW,KENG LEE ROAD,8,Non-Landed Properties,NA,"4,000",110 to 120,"1,200 to 1,300",Aug-24
URBAN LOFTS,RANGOON ROAD,8,Non-Landed Properties,2,"2,500",50 to 60,600 to 700,Aug-24
URBAN LOFTS,RANGOON ROAD,8,Non-Landed Properties,2,"3,450",70 to 80,700 to 800,Aug-24
URBAN LOFTS,RANGOON ROAD,8,Non-Landed Properties,1,"2,700",40 to 50,400 to 500,Aug-24
RESIDENCES @ SOMME,PETAIN ROAD,8,Non-Landed Properties,1,"3,400",60 to 70,600 to 700,Aug-24
RESIDENCES @ SOMME,PETAIN ROAD,8,Non-Landed Properties,1,"2,900",40 to 50,500 to 600,Aug-24
NON-LANDED HOUSING DEVELOPMENT,SERANGOON ROAD,8,Non-Landed Properties,NA,"5,500",60 to 70,700 to 800,Aug-24
NON-LANDED HOUSING DEVELOPMENT,SERANGOON ROAD,8,Non-Landed Properties,NA,"4,800",60 to 70,700 to 800,Aug-24
NON-LANDED HOUSING DEVELOPMENT,SERANGOON ROAD,8,Non-Landed Properties,3,"4,100",140 to 150,"1,500 to 1,600",Aug-24
RITZ @ FARRER,RACE COURSE ROAD,8,Non-Landed Properties,1,"3,100",50 to 60,500 to 600,Aug-24
PRISTINE HEIGHTS,MERGUI ROAD,8,Non-Landed Properties,3,"4,700",90 to 100,"1,000 to 1,100",Aug-24
PRISTINE HEIGHTS,MERGUI ROAD,8,Non-Landed Properties,2,"4,200",60 to 70,700 to 800,Aug-24
R66 APARTMENTS,RANGOON ROAD,8,Non-Landed Properties,1,"2,650",40 to 50,400 to 500,Aug-24
NON-LANDED HOUSING DEVELOPMENT,FLANDERS SQUARE,8,Non-Landed Properties,NA,"2,500",90 to 100,"1,000 to 1,100",Aug-24
NON-LANDED HOUSING DEVELOPMENT,STARLIGHT ROAD,8,Non-Landed Properties,NA,"4,000",90 to 100,"1,000 to 1,100",Aug-24
KENT RESIDENCES,KENT ROAD,8,Non-Landed Properties,NA,"2,100",20 to 30,300 to 400,Aug-24
CLYDES RESIDENCE,MERGUI ROAD,8,Non-Landed Properties,1,"3,100",50 to 60,500 to 600,Aug-24
CARLISLE COURT,CARLISLE ROAD,8,Non-Landed Properties,3,"3,900",100 to 110,"1,100 to 1,200",Aug-24
RACE COURSE MANSION,RACE COURSE ROAD,8,Non-Landed Properties,1,"2,950",60 to 70,600 to 700,Jul-24
MAPLE LEAF ELITE 2,RANGOON ROAD,8,Non-Landed Properties,2,"4,100",50 to 60,500 to 600,Jul-24
MAPLE LEAF ELITE 2,RANGOON ROAD,8,Non-Landed Properties,3,"6,000",100 to 110,"1,100 to 1,200",Jul-24
CITY SQUARE RESIDENCES,KITCHENER LINK,8,Non-Landed Properties,3,"6,000",110 to 120,"1,200 to 1,300",Jul-24
CITY SQUARE RESIDENCES,KITCHENER LINK,8,Non-Landed Properties,1,"3,600",50 to 60,500 to 600,Jul-24
CITY SQUARE RESIDENCES,KITCHENER LINK,8,Non-Landed Properties,2,"4,500",70 to 80,800 to 900,Jul-24
CITY SQUARE RESIDENCES,KITCHENER LINK,8,Non-Landed Properties,3,"6,000",110 to 120,"1,200 to 1,300",Jul-24
CITY SQUARE RESIDENCES,KITCHENER LINK,8,Non-Landed Properties,2,"4,000",70 to 80,800 to 900,Jul-24
CITY SQUARE RESIDENCES,KITCHENER LINK,8,Non-Landed Properties,2,"4,200",70 to 80,800 to 900,Jul-24
CITY SQUARE RESIDENCES,KITCHENER LINK,8,Non-Landed Properties,1,"3,650",50 to 60,500 to 600,Jul-24
CITY SQUARE RESIDENCES,KITCHENER LINK,8,Non-Landed Properties,3,"5,700",110 to 120,"1,200 to 1,300",Jul-24
CITY SQUARE RESIDENCES,KITCHENER LINK,8,Non-Landed Properties,1,"3,400",50 to 60,500 to 600,Jul-24
CITY SQUARE RESIDENCES,KITCHENER LINK,8,Non-Landed Properties,3,"6,300",110 to 120,"1,200 to 1,300",Jul-24
CITY SQUARE RESIDENCES,KITCHENER LINK,8,Non-Landed Properties,2,"4,300",70 to 80,800 to 900,Jul-24
CITY SQUARE RESIDENCES,KITCHENER LINK,8,Non-Landed Properties,1,"3,600",50 to 60,500 to 600,Jul-24
CITY SQUARE RESIDENCES,KITCHENER LINK,8,Non-Landed Properties,4,"8,000",140 to 150,"1,500 to 1,600",Jul-24
CITY SQUARE RESIDENCES,KITCHENER LINK,8,Non-Landed Properties,2,"4,400",70 to 80,800 to 900,Jul-24
CITY SQUARE RESIDENCES,KITCHENER LINK,8,Non-Landed Properties,2,"4,350",80 to 90,800 to 900,Jul-24
CITY SQUARE RESIDENCES,KITCHENER LINK,8,Non-Landed Properties,3,"6,000",110 to 120,"1,200 to 1,300",Jul-24
CITY SQUARE RESIDENCES,KITCHENER LINK,8,Non-Landed Properties,2,"4,500",80 to 90,800 to 900,Jul-24
CITY SQUARE RESIDENCES,KITCHENER LINK,8,Non-Landed Properties,2,"4,300",80 to 90,800 to 900,Jul-24
CITY SQUARE RESIDENCES,KITCHENER LINK,8,Non-Landed Properties,3,"5,300",110 to 120,"1,200 to 1,300",Jul-24
CITY SQUARE RESIDENCES,KITCHENER LINK,8,Non-Landed Properties,1,"3,500",50 to 60,500 to 600,Jul-24
CITY SQUARE RESIDENCES,KITCHENER LINK,8,Non-Landed Properties,3,"6,000",110 to 120,"1,200 to 1,300",Jul-24
CITY SQUARE RESIDENCES,KITCHENER LINK,8,Non-Landed Properties,3,"5,800",110 to 120,"1,100 to 1,200",Jul-24
CITY SQUARE RESIDENCES,KITCHENER LINK,8,Non-Landed Properties,1,"3,800",50 to 60,500 to 600,Jul-24
CITY SQUARE RESIDENCES,KITCHENER LINK,8,Non-Landed Properties,3,"5,000",110 to 120,"1,200 to 1,300",Jul-24
CITY SQUARE RESIDENCES,KITCHENER LINK,8,Non-Landed Properties,1,"3,500",50 to 60,500 to 600,Jul-24
CITY SQUARE RESIDENCES,KITCHENER LINK,8,Non-Landed Properties,2,"4,350",70 to 80,800 to 900,Jul-24
CITY SQUARE RESIDENCES,KITCHENER LINK,8,Non-Landed Properties,4,"6,200",140 to 150,"1,500 to 1,600",Jul-24
CITY SQUARE RESIDENCES,KITCHENER LINK,8,Non-Landed Properties,1,"3,500",50 to 60,500 to 600,Jul-24
CITY SQUARE RESIDENCES,KITCHENER LINK,8,Non-Landed Properties,3,"5,500",110 to 120,"1,100 to 1,200",Jul-24
LOFT @ RANGOON,RANGOON ROAD,8,Non-Landed Properties,1,"2,800",40 to 50,400 to 500,Jul-24
JALAN BESAR PLAZA,KITCHENER ROAD,8,Non-Landed Properties,2,"4,400",80 to 90,"900 to 1,000",Jul-24
NON-LANDED HOUSING DEVELOPMENT,PENHAS ROAD,8,Non-Landed Properties,NA,"4,200",100 to 110,"1,100 to 1,200",Jul-24
NON-LANDED HOUSING DEVELOPMENT,PENHAS ROAD,8,Non-Landed Properties,NA,"4,300",100 to 110,"1,100 to 1,200",Jul-24
SUITES @ OWEN,OWEN ROAD,8,Non-Landed Properties,1,"2,500",30 to 40,300 to 400,Jul-24
NON-LANDED HOUSING DEVELOPMENT,CARLISLE ROAD,8,Non-Landed Properties,NA,"2,010",80 to 90,"900 to 1,000",Jul-24
NON-LANDED HOUSING DEVELOPMENT,CARLISLE ROAD,8,Non-Landed Properties,NA,"2,800",90 to 100,"1,000 to 1,100",Jul-24
8 FARRER SUITES,SING JOO WALK,8,Non-Landed Properties,2,"3,300",60 to 70,600 to 700,Jul-24
RACE COURSE 138,RACE COURSE ROAD,8,Non-Landed Properties,1,"3,000",40 to 50,400 to 500,Jul-24
NON-LANDED HOUSING DEVELOPMENT,HAMILTON ROAD,8,Non-Landed Properties,NA,"3,550",110 to 120,"1,200 to 1,300",Jul-24
NON-LANDED HOUSING DEVELOPMENT,HORNE ROAD,8,Non-Landed Properties,NA,"3,300",110 to 120,"1,200 to 1,300",Jul-24
SOHO 188,RACE COURSE ROAD,8,Non-Landed Properties,1,"2,600",40 to 50,400 to 500,Jul-24
SOHO 188,RACE COURSE ROAD,8,Non-Landed Properties,2,"3,300",50 to 60,500 to 600,Jul-24
SOHO 188,RACE COURSE ROAD,8,Non-Landed Properties,1,"3,400",50 to 60,500 to 600,Jul-24
CAMBRIDGE VILLAGE,CAMBRIDGE ROAD,8,Non-Landed Properties,4,"4,500",140 to 150,"1,600 to 1,700",Jul-24
UPTOWN @ FARRER,PERUMAL ROAD,8,Non-Landed Properties,2,"3,500",40 to 50,500 to 600,Jul-24
UPTOWN @ FARRER,PERUMAL ROAD,8,Non-Landed Properties,2,"3,800",40 to 50,500 to 600,Jul-24
UPTOWN @ FARRER,PERUMAL ROAD,8,Non-Landed Properties,3,"6,300",90 to 100,"1,000 to 1,100",Jul-24
UPTOWN @ FARRER,PERUMAL ROAD,8,Non-Landed Properties,3,"5,200",70 to 80,800 to 900,Jul-24
UPTOWN @ FARRER,PERUMAL ROAD,8,Non-Landed Properties,3,"4,800",70 to 80,800 to 900,Jul-24
UPTOWN @ FARRER,PERUMAL ROAD,8,Non-Landed Properties,2,"3,800",40 to 50,500 to 600,Jul-24
UPTOWN @ FARRER,PERUMAL ROAD,8,Non-Landed Properties,2,"3,500",40 to 50,500 to 600,Jul-24
UPTOWN @ FARRER,PERUMAL ROAD,8,Non-Landed Properties,3,"5,000",60 to 70,600 to 700,Jul-24
UPTOWN @ FARRER,PERUMAL ROAD,8,Non-Landed Properties,2,"4,000",40 to 50,500 to 600,Jul-24
UPTOWN @ FARRER,PERUMAL ROAD,8,Non-Landed Properties,2,"3,900",40 to 50,500 to 600,Jul-24
UPTOWN @ FARRER,PERUMAL ROAD,8,Non-Landed Properties,2,"3,600",40 to 50,500 to 600,Jul-24
1953,TESSENSOHN ROAD,8,Non-Landed Properties,2,"4,500",70 to 80,700 to 800,Jul-24
THE CITRON RESIDENCES,MARNE ROAD,8,Non-Landed Properties,2,"2,250",60 to 70,700 to 800,Jul-24
THE CITRON RESIDENCES,MARNE ROAD,8,Non-Landed Properties,3,"4,000",80 to 90,"900 to 1,000",Jul-24
CITIGATE RESIDENCE,RANGOON ROAD,8,Non-Landed Properties,1,"2,900",40 to 50,400 to 500,Jul-24
CITIGATE RESIDENCE,RANGOON ROAD,8,Non-Landed Properties,1,"3,000",40 to 50,500 to 600,Jul-24
OXFORD SUITES,OXFORD ROAD,8,Non-Landed Properties,NA,"3,900",80 to 90,800 to 900,Jul-24
KENTISH GREEN,OXFORD ROAD,8,Non-Landed Properties,2,"3,900",110 to 120,"1,200 to 1,300",Jul-24
KENTISH GREEN,OXFORD ROAD,8,Non-Landed Properties,2,"4,000",90 to 100,"1,000 to 1,100",Jul-24
KENTISH GREEN,OXFORD ROAD,8,Non-Landed Properties,2,"3,800",100 to 110,"1,000 to 1,100",Jul-24
FORTE SUITES,MERGUI ROAD,8,Non-Landed Properties,1,"2,750",40 to 50,400 to 500,Jul-24
FORTE SUITES,MERGUI ROAD,8,Non-Landed Properties,2,"3,500",50 to 60,600 to 700,Jul-24
FORTE SUITES,MERGUI ROAD,8,Non-Landed Properties,2,"3,500",60 to 70,600 to 700,Jul-24
FORTE SUITES,MERGUI ROAD,8,Non-Landed Properties,2,"3,300",50 to 60,600 to 700,Jul-24
FORTE SUITES,MERGUI ROAD,8,Non-Landed Properties,2,"3,500",50 to 60,600 to 700,Jul-24
FORTE SUITES,MERGUI ROAD,8,Non-Landed Properties,2,"3,200",50 to 60,600 to 700,Jul-24
FORTE SUITES,MERGUI ROAD,8,Non-Landed Properties,2,"3,500",50 to 60,600 to 700,Jul-24
CAVAN SUITES,CAVAN ROAD,8,Non-Landed Properties,1,"2,800",30 to 40,300 to 400,Jul-24
CITYSCAPE @FARRER PARK,MERGUI ROAD,8,Non-Landed Properties,3,"5,500",110 to 120,"1,200 to 1,300",Jul-24
CITYSCAPE @FARRER PARK,MERGUI ROAD,8,Non-Landed Properties,3,"5,700",120 to 130,"1,300 to 1,400",Jul-24
CITYSCAPE @FARRER PARK,MERGUI ROAD,8,Non-Landed Properties,3,"4,989",120 to 130,"1,300 to 1,400",Jul-24
CITYSCAPE @FARRER PARK,MERGUI ROAD,8,Non-Landed Properties,2,"4,400",90 to 100,"900 to 1,000",Jul-24
CITYSCAPE @FARRER PARK,MERGUI ROAD,8,Non-Landed Properties,2,"4,300",90 to 100,"900 to 1,000",Jul-24
CITYSCAPE @FARRER PARK,MERGUI ROAD,8,Non-Landed Properties,2,"4,100",90 to 100,"1,000 to 1,100",Jul-24
CITYSCAPE @FARRER PARK,MERGUI ROAD,8,Non-Landed Properties,2,"4,000",90 to 100,"1,000 to 1,100",Jul-24
RANGOON VIEW,RANGOON ROAD,8,Non-Landed Properties,3,"4,750",120 to 130,"1,300 to 1,400",Jul-24
SPA BUILDING,VERDUN ROAD,8,Non-Landed Properties,4,"3,380",160 to 170,"1,700 to 1,800",Jul-24
28 RC SUITES,RACE COURSE LANE,8,Non-Landed Properties,1,"3,100",30 to 40,400 to 500,Jul-24
28 RC SUITES,RACE COURSE LANE,8,Non-Landed Properties,1,"2,900",50 to 60,500 to 600,Jul-24
28 RC SUITES,RACE COURSE LANE,8,Non-Landed Properties,1,"3,600",30 to 40,400 to 500,Jul-24
NON-LANDED HOUSING DEVELOPMENT,KELANTAN LANE,8,Non-Landed Properties,NA,"2,300",190 to 200,"2,000 to 2,100",Jul-24
NON-LANDED HOUSING DEVELOPMENT,KELANTAN LANE,8,Non-Landed Properties,NA,"2,200",180 to 190,"1,900 to 2,000",Jul-24
NON-LANDED HOUSING DEVELOPMENT,TRURO ROAD,8,Non-Landed Properties,NA,"4,750",100 to 110,"1,100 to 1,200",Jul-24
KENTISH COURT,OXFORD ROAD,8,Non-Landed Properties,2,"3,750",90 to 100,"1,000 to 1,100",Jul-24
CITY STUDIOS,RACE COURSE LANE,8,Non-Landed Properties,2,"4,500",120 to 130,"1,300 to 1,400",Jul-24
CITY STUDIOS,RACE COURSE LANE,8,Non-Landed Properties,1,"2,750",40 to 50,400 to 500,Jul-24
RANGOON 88,RANGOON ROAD,8,Non-Landed Properties,1,"3,100",30 to 40,400 to 500,Jul-24
70@TRURO,TRURO ROAD,8,Non-Landed Properties,3,"4,300",70 to 80,800 to 900,Jul-24
70@TRURO,TRURO ROAD,8,Non-Landed Properties,3,"4,300",70 to 80,800 to 900,Jul-24
70@TRURO,TRURO ROAD,8,Non-Landed Properties,2,"3,400",40 to 50,400 to 500,Jul-24
NON-LANDED HOUSING DEVELOPMENT,JOO AVENUE,8,Non-Landed Properties,NA,"4,500",70 to 80,800 to 900,Jul-24
JOOL SUITES,SING JOO WALK,8,Non-Landed Properties,1,"2,900",30 to 40,400 to 500,Jul-24
JOOL SUITES,SING JOO WALK,8,Non-Landed Properties,1,"3,200",50 to 60,600 to 700,Jul-24
JOOL SUITES,SING JOO WALK,8,Non-Landed Properties,1,"3,100",30 to 40,300 to 400,Jul-24
KENTISH LODGE,OXFORD ROAD,8,Non-Landed Properties,3,"5,100",110 to 120,"1,200 to 1,300",Jul-24
STUDIOS @ MARNE,MARNE ROAD,8,Non-Landed Properties,NA,"3,200",50 to 60,500 to 600,Jul-24
STUDIOS @ MARNE,MARNE ROAD,8,Non-Landed Properties,NA,"3,300",40 to 50,500 to 600,Jul-24
STUDIOS @ MARNE,MARNE ROAD,8,Non-Landed Properties,NA,"3,400",70 to 80,700 to 800,Jul-24
NON-LANDED HOUSING DEVELOPMENT,RANGOON ROAD,8,Non-Landed Properties,NA,"3,600",120 to 130,"1,300 to 1,400",Jul-24
KERRISDALE,STURDEE ROAD,8,Non-Landed Properties,3,"5,300",110 to 120,"1,200 to 1,300",Jul-24
KERRISDALE,STURDEE ROAD,8,Non-Landed Properties,3,"5,000",110 to 120,"1,200 to 1,300",Jul-24
KERRISDALE,STURDEE ROAD,8,Non-Landed Properties,3,"5,600",110 to 120,"1,200 to 1,300",Jul-24
KERRISDALE,STURDEE ROAD,8,Non-Landed Properties,3,"5,000",110 to 120,"1,200 to 1,300",Jul-24
KERRISDALE,STURDEE ROAD,8,Non-Landed Properties,3,"5,200",110 to 120,"1,200 to 1,300",Jul-24
KERRISDALE,STURDEE ROAD,8,Non-Landed Properties,4,"6,500",120 to 130,"1,300 to 1,400",Jul-24
KERRISDALE,STURDEE ROAD,8,Non-Landed Properties,2,"4,400",90 to 100,"900 to 1,000",Jul-24
KERRISDALE,STURDEE ROAD,8,Non-Landed Properties,3,"4,600",110 to 120,"1,200 to 1,300",Jul-24
STURDEE RESIDENCES,BEATTY ROAD,8,Non-Landed Properties,2,"4,850",60 to 70,600 to 700,Jul-24
STURDEE RESIDENCES,BEATTY ROAD,8,Non-Landed Properties,1,"3,400",30 to 40,400 to 500,Jul-24
STURDEE RESIDENCES,BEATTY ROAD,8,Non-Landed Properties,3,"5,800",90 to 100,"1,000 to 1,100",Jul-24
STURDEE RESIDENCES,BEATTY ROAD,8,Non-Landed Properties,1,"3,300",30 to 40,400 to 500,Jul-24
STURDEE RESIDENCES,BEATTY ROAD,8,Non-Landed Properties,1,"3,150",30 to 40,400 to 500,Jul-24
STURDEE RESIDENCES,BEATTY ROAD,8,Non-Landed Properties,1,"3,900",30 to 40,400 to 500,Jul-24
STURDEE RESIDENCES,BEATTY ROAD,8,Non-Landed Properties,3,"6,000",90 to 100,"1,000 to 1,100",Jul-24
STURDEE RESIDENCES,BEATTY ROAD,8,Non-Landed Properties,1,"3,400",30 to 40,400 to 500,Jul-24
STURDEE RESIDENCES,BEATTY ROAD,8,Non-Landed Properties,1,"3,500",30 to 40,400 to 500,Jul-24
STURDEE RESIDENCES,BEATTY ROAD,8,Non-Landed Properties,2,"3,700",50 to 60,500 to 600,Jul-24
STURDEE RESIDENCES,BEATTY ROAD,8,Non-Landed Properties,3,"5,000",80 to 90,"900 to 1,000",Jul-24
PARC SOMME,SOMME ROAD,8,Non-Landed Properties,2,"3,400",50 to 60,500 to 600,Jul-24
PARC SOMME,SOMME ROAD,8,Non-Landed Properties,1,"2,800",40 to 50,400 to 500,Jul-24
NON-LANDED HOUSING DEVELOPMENT,RACE COURSE ROAD,8,Non-Landed Properties,1,"2,250",30 to 40,300 to 400,Jul-24
NON-LANDED HOUSING DEVELOPMENT,RACE COURSE ROAD,8,Non-Landed Properties,NA,"2,200",20 to 30,200 to 300,Jul-24
NON-LANDED HOUSING DEVELOPMENT,BIRCH ROAD,8,Non-Landed Properties,NA,"2,600",60 to 70,600 to 700,Jul-24
NON-LANDED HOUSING DEVELOPMENT,KINTA ROAD,8,Non-Landed Properties,2,"2,600",70 to 80,800 to 900,Jul-24
MERA SPRINGS,CARLISLE ROAD,8,Non-Landed Properties,2,"4,000",90 to 100,"1,000 to 1,100",Jul-24
MERA SPRINGS,CARLISLE ROAD,8,Non-Landed Properties,3,"4,800",110 to 120,"1,200 to 1,300",Jul-24
MERA SPRINGS,CARLISLE ROAD,8,Non-Landed Properties,3,"5,400",110 to 120,"1,200 to 1,300",Jul-24
CHERRYLOFT,RANGOON ROAD,8,Non-Landed Properties,NA,"2,400",120 to 130,"1,300 to 1,400",Jul-24
CHERRYLOFT,RANGOON ROAD,8,Non-Landed Properties,NA,"2,300",100 to 110,"1,100 to 1,200",Jul-24
TYRWHITT 139,TYRWHITT ROAD,8,Non-Landed Properties,2,"3,400",40 to 50,500 to 600,Jul-24
TYRWHITT 139,TYRWHITT ROAD,8,Non-Landed Properties,1,"3,100",40 to 50,400 to 500,Jul-24
LE SOMME,SOMME ROAD,8,Non-Landed Properties,1,"3,000",40 to 50,500 to 600,Jul-24
SUITES 123,RANGOON ROAD,8,Non-Landed Properties,1,"3,000",40 to 50,400 to 500,Jul-24
SUITES 123,RANGOON ROAD,8,Non-Landed Properties,1,"3,200",50 to 60,500 to 600,Jul-24
SUITES 123,RANGOON ROAD,8,Non-Landed Properties,1,"3,050",40 to 50,400 to 500,Jul-24
THE URBANITE,HERTFORD ROAD,8,Non-Landed Properties,2,"3,700",70 to 80,800 to 900,Jul-24
THE URBANITE,HERTFORD ROAD,8,Non-Landed Properties,2,"3,700",60 to 70,700 to 800,Jul-24
THE MERLOT,KENG LEE ROAD,8,Non-Landed Properties,2,"3,400",80 to 90,800 to 900,Jul-24
THE MERLOT,KENG LEE ROAD,8,Non-Landed Properties,1,"2,800",40 to 50,500 to 600,Jul-24
CITYLIGHTS,JELLICOE ROAD,8,Non-Landed Properties,2,"5,100",80 to 90,800 to 900,Jul-24
CITYLIGHTS,JELLICOE ROAD,8,Non-Landed Properties,1,"4,320",60 to 70,700 to 800,Jul-24
CITYLIGHTS,JELLICOE ROAD,8,Non-Landed Properties,1,"4,250",60 to 70,600 to 700,Jul-24
CITYLIGHTS,JELLICOE ROAD,8,Non-Landed Properties,1,"4,500",60 to 70,600 to 700,Jul-24
CITYLIGHTS,JELLICOE ROAD,8,Non-Landed Properties,1,"3,770",50 to 60,500 to 600,Jul-24
CITYLIGHTS,JELLICOE ROAD,8,Non-Landed Properties,1,"3,600",50 to 60,500 to 600,Jul-24
CITYLIGHTS,JELLICOE ROAD,8,Non-Landed Properties,1,"3,800",60 to 70,600 to 700,Jul-24
CITYLIGHTS,JELLICOE ROAD,8,Non-Landed Properties,1,"4,200",60 to 70,600 to 700,Jul-24
CITYLIGHTS,JELLICOE ROAD,8,Non-Landed Properties,1,"3,500",50 to 60,500 to 600,Jul-24
CITYLIGHTS,JELLICOE ROAD,8,Non-Landed Properties,2,"4,800",80 to 90,800 to 900,Jul-24
CITYLIGHTS,JELLICOE ROAD,8,Non-Landed Properties,2,"5,300",80 to 90,800 to 900,Jul-24
CITYLIGHTS,JELLICOE ROAD,8,Non-Landed Properties,1,"4,300",60 to 70,600 to 700,Jul-24
CITYLIGHTS,JELLICOE ROAD,8,Non-Landed Properties,2,"5,000",80 to 90,800 to 900,Jul-24
CITYLIGHTS,JELLICOE ROAD,8,Non-Landed Properties,1,"3,900",60 to 70,600 to 700,Jul-24
CITYLIGHTS,JELLICOE ROAD,8,Non-Landed Properties,2,"4,500",80 to 90,800 to 900,Jul-24
CITYLIGHTS,JELLICOE ROAD,8,Non-Landed Properties,3,"6,000",120 to 130,"1,300 to 1,400",Jul-24
RESIDENCES @ SOMME,PETAIN ROAD,8,Non-Landed Properties,1,"2,800",30 to 40,400 to 500,Jul-24
NON-LANDED HOUSING DEVELOPMENT,SERANGOON ROAD,8,Non-Landed Properties,NA,"5,800",70 to 80,700 to 800,Jul-24
NON-LANDED HOUSING DEVELOPMENT,SERANGOON ROAD,8,Non-Landed Properties,3,"4,500",140 to 150,"1,500 to 1,600",Jul-24
NON-LANDED HOUSING DEVELOPMENT,DUNLOP STREET,8,Non-Landed Properties,NA,"4,000",60 to 70,700 to 800,Jul-24
MERGUI MANSIONS,MERGUI ROAD,8,Non-Landed Properties,3,"3,500",120 to 130,"1,300 to 1,400",Jul-24
MERGUI MANSIONS,MERGUI ROAD,8,Non-Landed Properties,3,"3,600",130 to 140,"1,400 to 1,500",Jul-24
NON-LANDED HOUSING DEVELOPMENT,SING AVENUE,8,Non-Landed Properties,NA,"4,700",110 to 120,"1,200 to 1,300",Jul-24
NON-LANDED HOUSING DEVELOPMENT,TESSENSOHN ROAD,8,Non-Landed Properties,NA,"4,600",90 to 100,"1,000 to 1,100",Jul-24
PRISTINE HEIGHTS,MERGUI ROAD,8,Non-Landed Properties,3,"4,500",90 to 100,"1,000 to 1,100",Jul-24
PRISTINE HEIGHTS,MERGUI ROAD,8,Non-Landed Properties,3,"4,200",70 to 80,800 to 900,Jul-24
HOA NAM BUILDING,FOCH ROAD,8,Non-Landed Properties,2,"2,000",70 to 80,800 to 900,Jul-24
HOA NAM BUILDING,FOCH ROAD,8,Non-Landed Properties,2,"3,300",80 to 90,800 to 900,Jul-24
NON-LANDED HOUSING DEVELOPMENT,BEATTY ROAD,8,Non-Landed Properties,NA,"4,800",80 to 90,"900 to 1,000",Jul-24
R66 APARTMENTS,RANGOON ROAD,8,Non-Landed Properties,1,"2,950",30 to 40,300 to 400,Jul-24
NON-LANDED HOUSING DEVELOPMENT,OWEN ROAD,8,Non-Landed Properties,NA,"3,800",120 to 130,"1,300 to 1,400",Jul-24
CLYDES RESIDENCE,MERGUI ROAD,8,Non-Landed Properties,2,"4,150",90 to 100,"1,000 to 1,100",Jul-24
CLYDES RESIDENCE,MERGUI ROAD,8,Non-Landed Properties,1,"2,850",50 to 60,500 to 600,Jul-24
MAPLE LEAF ELITE 2,RANGOON ROAD,8,Non-Landed Properties,3,"5,800",100 to 110,"1,100 to 1,200",Jun-24
KERRISDALE,STURDEE ROAD,8,Non-Landed Properties,3,"5,000",110 to 120,"1,200 to 1,300",Jun-24
KERRISDALE,STURDEE ROAD,8,Non-Landed Properties,4,"6,500",130 to 140,"1,400 to 1,500",Jun-24
KERRISDALE,STURDEE ROAD,8,Non-Landed Properties,3,"5,500",110 to 120,"1,200 to 1,300",Jun-24
KERRISDALE,STURDEE ROAD,8,Non-Landed Properties,3,"5,500",110 to 120,"1,200 to 1,300",Jun-24
KERRISDALE,STURDEE ROAD,8,Non-Landed Properties,3,"5,300",110 to 120,"1,200 to 1,300",Jun-24
KERRISDALE,STURDEE ROAD,8,Non-Landed Properties,2,"4,600",90 to 100,"900 to 1,000",Jun-24
KERRISDALE,STURDEE ROAD,8,Non-Landed Properties,3,"5,400",110 to 120,"1,200 to 1,300",Jun-24
KERRISDALE,STURDEE ROAD,8,Non-Landed Properties,3,"5,000",110 to 120,"1,200 to 1,300",Jun-24
KERRISDALE,STURDEE ROAD,8,Non-Landed Properties,3,"5,400",120 to 130,"1,300 to 1,400",Jun-24
KERRISDALE,STURDEE ROAD,8,Non-Landed Properties,2,"4,400",90 to 100,"900 to 1,000",Jun-24
NON-LANDED HOUSING DEVELOPMENT,CHANDER ROAD,8,Non-Landed Properties,NA,"3,300",60 to 70,600 to 700,Jun-24
CITY SQUARE RESIDENCES,KITCHENER LINK,8,Non-Landed Properties,1,"3,100",50 to 60,500 to 600,Jun-24
CITY SQUARE RESIDENCES,KITCHENER LINK,8,Non-Landed Properties,2,"4,000",70 to 80,800 to 900,Jun-24
CITY SQUARE RESIDENCES,KITCHENER LINK,8,Non-Landed Properties,2,"3,900",70 to 80,800 to 900,Jun-24
CITY SQUARE RESIDENCES,KITCHENER LINK,8,Non-Landed Properties,2,"4,200",70 to 80,800 to 900,Jun-24
CITY SQUARE RESIDENCES,KITCHENER LINK,8,Non-Landed Properties,4,"6,500",140 to 150,"1,500 to 1,600",Jun-24
CITY SQUARE RESIDENCES,KITCHENER LINK,8,Non-Landed Properties,1,"3,300",50 to 60,500 to 600,Jun-24
CITY SQUARE RESIDENCES,KITCHENER LINK,8,Non-Landed Properties,1,"3,850",50 to 60,500 to 600,Jun-24
CITY SQUARE RESIDENCES,KITCHENER LINK,8,Non-Landed Properties,1,"3,500",50 to 60,500 to 600,Jun-24
CITY SQUARE RESIDENCES,KITCHENER LINK,8,Non-Landed Properties,3,"5,800",110 to 120,"1,200 to 1,300",Jun-24
CITY SQUARE RESIDENCES,KITCHENER LINK,8,Non-Landed Properties,2,"4,200",70 to 80,800 to 900,Jun-24
CITY SQUARE RESIDENCES,KITCHENER LINK,8,Non-Landed Properties,1,"3,500",50 to 60,500 to 600,Jun-24
CITY SQUARE RESIDENCES,KITCHENER LINK,8,Non-Landed Properties,2,"4,200",80 to 90,800 to 900,Jun-24
CITY SQUARE RESIDENCES,KITCHENER LINK,8,Non-Landed Properties,3,"5,200",110 to 120,"1,200 to 1,300",Jun-24
CITY SQUARE RESIDENCES,KITCHENER LINK,8,Non-Landed Properties,3,"6,400",110 to 120,"1,200 to 1,300",Jun-24
CITY SQUARE RESIDENCES,KITCHENER LINK,8,Non-Landed Properties,1,"3,200",50 to 60,500 to 600,Jun-24
CITY SQUARE RESIDENCES,KITCHENER LINK,8,Non-Landed Properties,1,"3,650",50 to 60,500 to 600,Jun-24
CITY SQUARE RESIDENCES,KITCHENER LINK,8,Non-Landed Properties,1,"3,300",50 to 60,500 to 600,Jun-24
CITY SQUARE RESIDENCES,KITCHENER LINK,8,Non-Landed Properties,3,"3,300",110 to 120,"1,200 to 1,300",Jun-24
CITY SQUARE RESIDENCES,KITCHENER LINK,8,Non-Landed Properties,3,"5,600",110 to 120,"1,100 to 1,200",Jun-24
CITY SQUARE RESIDENCES,KITCHENER LINK,8,Non-Landed Properties,2,"4,500",70 to 80,800 to 900,Jun-24
STURDEE RESIDENCES,BEATTY ROAD,8,Non-Landed Properties,2,"4,000",60 to 70,600 to 700,Jun-24
STURDEE RESIDENCES,BEATTY ROAD,8,Non-Landed Properties,2,"4,000",60 to 70,600 to 700,Jun-24
LOFT @ RANGOON,RANGOON ROAD,8,Non-Landed Properties,1,"2,900",30 to 40,400 to 500,Jun-24
NON-LANDED HOUSING DEVELOPMENT,RACE COURSE ROAD,8,Non-Landed Properties,1,"2,150",20 to 30,300 to 400,Jun-24
NON-LANDED HOUSING DEVELOPMENT,RACE COURSE ROAD,8,Non-Landed Properties,NA,"2,080",20 to 30,200 to 300,Jun-24
NON-LANDED HOUSING DEVELOPMENT,RACE COURSE ROAD,8,Non-Landed Properties,NA,"2,300",20 to 30,200 to 300,Jun-24
SUITES @ OWEN,OWEN ROAD,8,Non-Landed Properties,1,"3,000",40 to 50,500 to 600,Jun-24
NON-LANDED HOUSING DEVELOPMENT,CARLISLE ROAD,8,Non-Landed Properties,NA,"2,010",80 to 90,"900 to 1,000",Jun-24
MERA SPRINGS,CARLISLE ROAD,8,Non-Landed Properties,2,"4,200",90 to 100,"1,000 to 1,100",Jun-24
MERA SPRINGS,CARLISLE ROAD,8,Non-Landed Properties,3,"5,000",110 to 120,"1,200 to 1,300",Jun-24
CHERRYLOFT,RANGOON ROAD,8,Non-Landed Properties,NA,"2,100",100 to 110,"1,100 to 1,200",Jun-24
TYRWHITT 139,TYRWHITT ROAD,8,Non-Landed Properties,1,"2,400",30 to 40,300 to 400,Jun-24
TYRWHITT 139,TYRWHITT ROAD,8,Non-Landed Properties,1,"2,100",40 to 50,400 to 500,Jun-24
RACE COURSE 138,RACE COURSE ROAD,8,Non-Landed Properties,3,"5,000",130 to 140,"1,400 to 1,500",Jun-24
KENG LEE COURT,KENG LEE ROAD,8,Non-Landed Properties,3,"4,100",90 to 100,"1,000 to 1,100",Jun-24
NON-LANDED HOUSING DEVELOPMENT,HAMILTON ROAD,8,Non-Landed Properties,NA,"4,850",110 to 120,"1,200 to 1,300",Jun-24
CITY LOFT,RACE COURSE ROAD,8,Non-Landed Properties,1,"2,400",30 to 40,300 to 400,Jun-24
CITY LOFT,RACE COURSE ROAD,8,Non-Landed Properties,1,"2,700",30 to 40,300 to 400,Jun-24
CITY LOFT,RACE COURSE ROAD,8,Non-Landed Properties,1,"2,350",30 to 40,300 to 400,Jun-24
NON-LANDED HOUSING DEVELOPMENT,HORNE ROAD,8,Non-Landed Properties,NA,"3,400",80 to 90,"900 to 1,000",Jun-24
SOHO 188,RACE COURSE ROAD,8,Non-Landed Properties,1,"2,900",30 to 40,400 to 500,Jun-24
UPTOWN @ FARRER,PERUMAL ROAD,8,Non-Landed Properties,2,"3,300",40 to 50,500 to 600,Jun-24
UPTOWN @ FARRER,PERUMAL ROAD,8,Non-Landed Properties,2,"3,800",40 to 50,500 to 600,Jun-24
UPTOWN @ FARRER,PERUMAL ROAD,8,Non-Landed Properties,4,"4,600",90 to 100,"1,000 to 1,100",Jun-24
UPTOWN @ FARRER,PERUMAL ROAD,8,Non-Landed Properties,3,"4,550",70 to 80,800 to 900,Jun-24
UPTOWN @ FARRER,PERUMAL ROAD,8,Non-Landed Properties,2,"3,600",40 to 50,500 to 600,Jun-24
UPTOWN @ FARRER,PERUMAL ROAD,8,Non-Landed Properties,3,"4,600",60 to 70,600 to 700,Jun-24
UPTOWN @ FARRER,PERUMAL ROAD,8,Non-Landed Properties,2,"4,100",40 to 50,500 to 600,Jun-24
THE URBANITE,HERTFORD ROAD,8,Non-Landed Properties,1,"2,750",40 to 50,400 to 500,Jun-24
1953,TESSENSOHN ROAD,8,Non-Landed Properties,2,"3,850",50 to 60,600 to 700,Jun-24
1953,TESSENSOHN ROAD,8,Non-Landed Properties,1,"3,400",50 to 60,600 to 700,Jun-24
1953,TESSENSOHN ROAD,8,Non-Landed Properties,1,"3,300",50 to 60,500 to 600,Jun-24
VANADIUM,HERTFORD ROAD,8,Non-Landed Properties,2,"3,200",60 to 70,700 to 800,Jun-24
VANADIUM,HERTFORD ROAD,8,Non-Landed Properties,3,"5,100",90 to 100,"1,000 to 1,100",Jun-24
THE CITRON RESIDENCES,MARNE ROAD,8,Non-Landed Properties,2,"4,200",50 to 60,600 to 700,Jun-24
THE CITRON RESIDENCES,MARNE ROAD,8,Non-Landed Properties,1,"2,600",30 to 40,300 to 400,Jun-24
THE CITRON RESIDENCES,MARNE ROAD,8,Non-Landed Properties,1,"2,850",30 to 40,400 to 500,Jun-24
THE CITRON RESIDENCES,MARNE ROAD,8,Non-Landed Properties,2,"4,000",50 to 60,600 to 700,Jun-24
CITIGATE RESIDENCE,RANGOON ROAD,8,Non-Landed Properties,2,"3,300",60 to 70,700 to 800,Jun-24
NON-LANDED HOUSING DEVELOPMENT,HERTFORD ROAD,8,Non-Landed Properties,NA,"3,800",100 to 110,"1,100 to 1,200",Jun-24
OXFORD SUITES,OXFORD ROAD,8,Non-Landed Properties,1,"3,500",60 to 70,600 to 700,Jun-24
THE MERLOT,KENG LEE ROAD,8,Non-Landed Properties,1,"3,150",40 to 50,500 to 600,Jun-24
THE MERLOT,KENG LEE ROAD,8,Non-Landed Properties,1,"3,000",40 to 50,500 to 600,Jun-24
THE MERLOT,KENG LEE ROAD,8,Non-Landed Properties,1,"2,700",40 to 50,500 to 600,Jun-24
CITYLIGHTS,JELLICOE ROAD,8,Non-Landed Properties,1,"3,500",50 to 60,500 to 600,Jun-24
CITYLIGHTS,JELLICOE ROAD,8,Non-Landed Properties,1,"4,000",60 to 70,600 to 700,Jun-24
CITYLIGHTS,JELLICOE ROAD,8,Non-Landed Properties,1,"3,600",50 to 60,500 to 600,Jun-24
CITYLIGHTS,JELLICOE ROAD,8,Non-Landed Properties,1,"4,200",60 to 70,600 to 700,Jun-24
CITYLIGHTS,JELLICOE ROAD,8,Non-Landed Properties,1,"3,900",50 to 60,500 to 600,Jun-24
CITYLIGHTS,JELLICOE ROAD,8,Non-Landed Properties,2,"4,700",80 to 90,"900 to 1,000",Jun-24
CITYLIGHTS,JELLICOE ROAD,8,Non-Landed Properties,1,"4,250",60 to 70,600 to 700,Jun-24
CITYLIGHTS,JELLICOE ROAD,8,Non-Landed Properties,1,"4,000",50 to 60,500 to 600,Jun-24
CITYLIGHTS,JELLICOE ROAD,8,Non-Landed Properties,2,"4,750",80 to 90,800 to 900,Jun-24
CITYLIGHTS,JELLICOE ROAD,8,Non-Landed Properties,1,"3,900",60 to 70,600 to 700,Jun-24
CITYLIGHTS,JELLICOE ROAD,8,Non-Landed Properties,1,"4,000",60 to 70,700 to 800,Jun-24
CITYLIGHTS,JELLICOE ROAD,8,Non-Landed Properties,1,"5,000",60 to 70,600 to 700,Jun-24
CITYLIGHTS,JELLICOE ROAD,8,Non-Landed Properties,3,"5,800",120 to 130,"1,300 to 1,400",Jun-24
CITYLIGHTS,JELLICOE ROAD,8,Non-Landed Properties,3,"6,800",130 to 140,"1,400 to 1,500",Jun-24
CITYLIGHTS,JELLICOE ROAD,8,Non-Landed Properties,3,"6,200",120 to 130,"1,300 to 1,400",Jun-24
KENTISH GREEN,OXFORD ROAD,8,Non-Landed Properties,2,"3,800",100 to 110,"1,000 to 1,100",Jun-24
KENTISH GREEN,OXFORD ROAD,8,Non-Landed Properties,2,"4,000",90 to 100,"1,000 to 1,100",Jun-24
KENTISH GREEN,OXFORD ROAD,8,Non-Landed Properties,2,"4,000",100 to 110,"1,000 to 1,100",Jun-24
URBAN LOFTS,RANGOON ROAD,8,Non-Landed Properties,1,"2,900",50 to 60,500 to 600,Jun-24
FORTE SUITES,MERGUI ROAD,8,Non-Landed Properties,2,"3,900",60 to 70,600 to 700,Jun-24
FORTE SUITES,MERGUI ROAD,8,Non-Landed Properties,2,"3,599",50 to 60,600 to 700,Jun-24
FORTE SUITES,MERGUI ROAD,8,Non-Landed Properties,1,"2,800",40 to 50,400 to 500,Jun-24
FORTE SUITES,MERGUI ROAD,8,Non-Landed Properties,2,"3,600",60 to 70,600 to 700,Jun-24
FORTE SUITES,MERGUI ROAD,8,Non-Landed Properties,2,"3,800",60 to 70,600 to 700,Jun-24
FORTE SUITES,MERGUI ROAD,8,Non-Landed Properties,3,"3,700",50 to 60,600 to 700,Jun-24
CITYSCAPE @FARRER PARK,MERGUI ROAD,8,Non-Landed Properties,3,"5,300",110 to 120,"1,200 to 1,300",Jun-24
CITYSCAPE @FARRER PARK,MERGUI ROAD,8,Non-Landed Properties,2,"4,300",90 to 100,"1,000 to 1,100",Jun-24
CITYSCAPE @FARRER PARK,MERGUI ROAD,8,Non-Landed Properties,2,"4,200",90 to 100,"900 to 1,000",Jun-24
CITYSCAPE @FARRER PARK,MERGUI ROAD,8,Non-Landed Properties,3,"5,000",110 to 120,"1,200 to 1,300",Jun-24
CITYSCAPE @FARRER PARK,MERGUI ROAD,8,Non-Landed Properties,2,"5,000",80 to 90,"900 to 1,000",Jun-24
CITYSCAPE @FARRER PARK,MERGUI ROAD,8,Non-Landed Properties,2,"3,700",80 to 90,"900 to 1,000",Jun-24
SAM LEONG MANSION,SAM LEONG ROAD,8,Non-Landed Properties,NA,"5,000",90 to 100,"1,000 to 1,100",Jun-24
SAM LEONG MANSION,SAM LEONG ROAD,8,Non-Landed Properties,NA,"5,200",90 to 100,"1,000 to 1,100",Jun-24
NON-LANDED HOUSING DEVELOPMENT,SERANGOON ROAD,8,Non-Landed Properties,NA,"4,500",70 to 80,700 to 800,Jun-24
KENTISH COURT,OXFORD ROAD,8,Non-Landed Properties,2,"3,400",100 to 110,"1,000 to 1,100",Jun-24
RANGOON 88,RANGOON ROAD,8,Non-Landed Properties,1,"3,200",60 to 70,700 to 800,Jun-24
RANGOON 88,RANGOON ROAD,8,Non-Landed Properties,1,"3,200",50 to 60,500 to 600,Jun-24
NON-LANDED HOUSING DEVELOPMENT,CAMBRIDGE ROAD,8,Non-Landed Properties,NA,"4,400",70 to 80,800 to 900,Jun-24
70@TRURO,TRURO ROAD,8,Non-Landed Properties,3,"4,300",70 to 80,800 to 900,Jun-24
70@TRURO,TRURO ROAD,8,Non-Landed Properties,3,"4,400",70 to 80,800 to 900,Jun-24
70@TRURO,TRURO ROAD,8,Non-Landed Properties,2,"3,300",40 to 50,400 to 500,Jun-24
70@TRURO,TRURO ROAD,8,Non-Landed Properties,2,"3,500",40 to 50,400 to 500,Jun-24
NON-LANDED HOUSING DEVELOPMENT,JOO AVENUE,8,Non-Landed Properties,NA,"2,900",130 to 140,"1,500 to 1,600",Jun-24
NON-LANDED HOUSING DEVELOPMENT,JOO AVENUE,8,Non-Landed Properties,NA,"3,800",70 to 80,800 to 900,Jun-24
NON-LANDED HOUSING DEVELOPMENT,SING AVENUE,8,Non-Landed Properties,NA,"5,250",100 to 110,"1,100 to 1,200",Jun-24
JOOL SUITES,SING JOO WALK,8,Non-Landed Properties,1,"3,000",30 to 40,300 to 400,Jun-24
KENTISH LODGE,OXFORD ROAD,8,Non-Landed Properties,3,"4,500",110 to 120,"1,200 to 1,300",Jun-24
HERTFORD COLLECTION,HERTFORD ROAD,8,Non-Landed Properties,NA,"3,600",60 to 70,600 to 700,Jun-24
NON-LANDED HOUSING DEVELOPMENT,RANGOON ROAD,8,Non-Landed Properties,NA,"4,200",110 to 120,"1,200 to 1,300",Jun-24
PRISTINE HEIGHTS,MERGUI ROAD,8,Non-Landed Properties,2,"3,500",60 to 70,700 to 800,Jun-24
WONG TAK FLAT,SERANGOON ROAD,8,Non-Landed Properties,3,"3,000",140 to 150,"1,500 to 1,600",Jun-24
HOA NAM BUILDING,FOCH ROAD,8,Non-Landed Properties,2,"3,500",70 to 80,800 to 900,Jun-24
NON-LANDED HOUSING DEVELOPMENT,BEATTY ROAD,8,Non-Landed Properties,NA,"1,350",40 to 50,400 to 500,Jun-24
R66 APARTMENTS,RANGOON ROAD,8,Non-Landed Properties,2,"4,800",110 to 120,"1,200 to 1,300",Jun-24
CLYDES RESIDENCE,MERGUI ROAD,8,Non-Landed Properties,2,"4,000",90 to 100,"1,000 to 1,100",Jun-24
KERRISDALE,STURDEE ROAD,8,Non-Landed Properties,3,"5,800",110 to 120,"1,200 to 1,300",May-24
KERRISDALE,STURDEE ROAD,8,Non-Landed Properties,2,"4,300",90 to 100,"900 to 1,000",May-24
KERRISDALE,STURDEE ROAD,8,Non-Landed Properties,2,"4,300",90 to 100,"900 to 1,000",May-24
KERRISDALE,STURDEE ROAD,8,Non-Landed Properties,3,"5,000",110 to 120,"1,200 to 1,300",May-24
KERRISDALE,STURDEE ROAD,8,Non-Landed Properties,3,"5,200",110 to 120,"1,200 to 1,300",May-24
CITY SQUARE RESIDENCES,KITCHENER LINK,8,Non-Landed Properties,1,"3,300",50 to 60,500 to 600,May-24
CITY SQUARE RESIDENCES,KITCHENER LINK,8,Non-Landed Properties,2,"4,050",70 to 80,800 to 900,May-24
CITY SQUARE RESIDENCES,KITCHENER LINK,8,Non-Landed Properties,2,"4,200",70 to 80,800 to 900,May-24
CITY SQUARE RESIDENCES,KITCHENER LINK,8,Non-Landed Properties,2,"4,600",70 to 80,800 to 900,May-24
CITY SQUARE RESIDENCES,KITCHENER LINK,8,Non-Landed Properties,3,"5,900",160 to 170,"1,800 to 1,900",May-24
CITY SQUARE RESIDENCES,KITCHENER LINK,8,Non-Landed Properties,4,"6,250",140 to 150,"1,500 to 1,600",May-24
CITY SQUARE RESIDENCES,KITCHENER LINK,8,Non-Landed Properties,2,"4,600",70 to 80,800 to 900,May-24
CITY SQUARE RESIDENCES,KITCHENER LINK,8,Non-Landed Properties,4,"7,100",130 to 140,"1,500 to 1,600",May-24
CITY SQUARE RESIDENCES,KITCHENER LINK,8,Non-Landed Properties,3,"5,000",110 to 120,"1,200 to 1,300",May-24
CITY SQUARE RESIDENCES,KITCHENER LINK,8,Non-Landed Properties,3,"5,500",110 to 120,"1,200 to 1,300",May-24
CITY SQUARE RESIDENCES,KITCHENER LINK,8,Non-Landed Properties,2,"4,700",80 to 90,800 to 900,May-24
CITY SQUARE RESIDENCES,KITCHENER LINK,8,Non-Landed Properties,1,"3,600",50 to 60,500 to 600,May-24
CITY SQUARE RESIDENCES,KITCHENER LINK,8,Non-Landed Properties,3,"5,800",110 to 120,"1,200 to 1,300",May-24
CITY SQUARE RESIDENCES,KITCHENER LINK,8,Non-Landed Properties,1,"3,500",50 to 60,500 to 600,May-24
CITY SQUARE RESIDENCES,KITCHENER LINK,8,Non-Landed Properties,1,"3,500",50 to 60,500 to 600,May-24
CITY SQUARE RESIDENCES,KITCHENER LINK,8,Non-Landed Properties,3,"6,000",110 to 120,"1,100 to 1,200",May-24
CITY SQUARE RESIDENCES,KITCHENER LINK,8,Non-Landed Properties,2,"4,600",70 to 80,800 to 900,May-24
CITY SQUARE RESIDENCES,KITCHENER LINK,8,Non-Landed Properties,1,"3,000",50 to 60,500 to 600,May-24
CITY SQUARE RESIDENCES,KITCHENER LINK,8,Non-Landed Properties,3,"4,200",110 to 120,"1,200 to 1,300",May-24
CITY SQUARE RESIDENCES,KITCHENER LINK,8,Non-Landed Properties,2,"4,500",70 to 80,800 to 900,May-24
CITY SQUARE RESIDENCES,KITCHENER LINK,8,Non-Landed Properties,1,"3,450",50 to 60,500 to 600,May-24
CITY SQUARE RESIDENCES,KITCHENER LINK,8,Non-Landed Properties,4,"7,000",140 to 150,"1,500 to 1,600",May-24
CITY SQUARE RESIDENCES,KITCHENER LINK,8,Non-Landed Properties,3,"5,500",110 to 120,"1,100 to 1,200",May-24
CITY SQUARE RESIDENCES,KITCHENER LINK,8,Non-Landed Properties,2,"4,350",70 to 80,800 to 900,May-24
CITY SQUARE RESIDENCES,KITCHENER LINK,8,Non-Landed Properties,1,"3,200",50 to 60,500 to 600,May-24
CITY SQUARE RESIDENCES,KITCHENER LINK,8,Non-Landed Properties,2,"4,400",70 to 80,800 to 900,May-24
CITY SQUARE RESIDENCES,KITCHENER LINK,8,Non-Landed Properties,2,"4,000",70 to 80,800 to 900,May-24
STURDEE RESIDENCES,BEATTY ROAD,8,Non-Landed Properties,2,"4,400",60 to 70,700 to 800,May-24
STURDEE RESIDENCES,BEATTY ROAD,8,Non-Landed Properties,3,"5,880",80 to 90,"900 to 1,000",May-24
STURDEE RESIDENCES,BEATTY ROAD,8,Non-Landed Properties,2,"4,000",60 to 70,600 to 700,May-24
STURDEE RESIDENCES,BEATTY ROAD,8,Non-Landed Properties,2,"4,200",60 to 70,600 to 700,May-24
STURDEE RESIDENCES,BEATTY ROAD,8,Non-Landed Properties,1,"3,200",30 to 40,400 to 500,May-24
STURDEE RESIDENCES,BEATTY ROAD,8,Non-Landed Properties,2,"4,300",60 to 70,600 to 700,May-24
STURDEE RESIDENCES,BEATTY ROAD,8,Non-Landed Properties,1,"3,200",30 to 40,400 to 500,May-24
D'CAMBRIDGE,CAMBRIDGE ROAD,8,Non-Landed Properties,2,"3,300",60 to 70,700 to 800,May-24
D'CAMBRIDGE,CAMBRIDGE ROAD,8,Non-Landed Properties,3,"4,500",110 to 120,"1,200 to 1,300",May-24
JALAN BESAR PLAZA,KITCHENER ROAD,8,Non-Landed Properties,2,"4,300",80 to 90,"900 to 1,000",May-24
JALAN BESAR PLAZA,KITCHENER ROAD,8,Non-Landed Properties,2,"3,700",80 to 90,"900 to 1,000",May-24
SUITES @ OWEN,OWEN ROAD,8,Non-Landed Properties,1,"3,000",40 to 50,500 to 600,May-24
NON-LANDED HOUSING DEVELOPMENT,CARLISLE ROAD,8,Non-Landed Properties,NA,"2,010",80 to 90,"900 to 1,000",May-24
NON-LANDED HOUSING DEVELOPMENT,CARLISLE ROAD,8,Non-Landed Properties,NA,"2,010",80 to 90,"900 to 1,000",May-24
NON-LANDED HOUSING DEVELOPMENT,KINTA ROAD,8,Non-Landed Properties,2,"2,800",70 to 80,800 to 900,May-24
SOHO @ FARRER,RACE COURSE ROAD,8,Non-Landed Properties,1,"2,700",40 to 50,400 to 500,May-24
SOHO @ FARRER,RACE COURSE ROAD,8,Non-Landed Properties,1,"2,800",30 to 40,400 to 500,May-24
TYRWHITT 139,TYRWHITT ROAD,8,Non-Landed Properties,1,"2,800",30 to 40,300 to 400,May-24
TYRWHITT 139,TYRWHITT ROAD,8,Non-Landed Properties,2,"3,700",40 to 50,500 to 600,May-24
KENG LEE COURT,KENG LEE ROAD,8,Non-Landed Properties,3,"4,000",80 to 90,"900 to 1,000",May-24
NON-LANDED HOUSING DEVELOPMENT,HAMILTON ROAD,8,Non-Landed Properties,NA,"3,700",120 to 130,"1,300 to 1,400",May-24
NON-LANDED HOUSING DEVELOPMENT,HAMILTON ROAD,8,Non-Landed Properties,NA,"4,700",120 to 130,"1,300 to 1,400",May-24
CITY LOFT,RACE COURSE ROAD,8,Non-Landed Properties,1,"2,400",30 to 40,300 to 400,May-24
CITY LOFT,RACE COURSE ROAD,8,Non-Landed Properties,1,"2,300",30 to 40,400 to 500,May-24
SUITES 123,RANGOON ROAD,8,Non-Landed Properties,1,"3,200",50 to 60,500 to 600,May-24
NON-LANDED HOUSING DEVELOPMENT,HORNE ROAD,8,Non-Landed Properties,NA,"4,700",120 to 130,"1,300 to 1,400",May-24
SOHO 188,RACE COURSE ROAD,8,Non-Landed Properties,1,"3,000",30 to 40,300 to 400,May-24
SOHO 188,RACE COURSE ROAD,8,Non-Landed Properties,1,"3,300",50 to 60,600 to 700,May-24
SOHO 188,RACE COURSE ROAD,8,Non-Landed Properties,1,"3,200",30 to 40,300 to 400,May-24
UPTOWN @ FARRER,PERUMAL ROAD,8,Non-Landed Properties,2,"3,750",40 to 50,500 to 600,May-24
UPTOWN @ FARRER,PERUMAL ROAD,8,Non-Landed Properties,2,"3,900",40 to 50,500 to 600,May-24
UPTOWN @ FARRER,PERUMAL ROAD,8,Non-Landed Properties,3,"4,700",60 to 70,700 to 800,May-24
1953,TESSENSOHN ROAD,8,Non-Landed Properties,1,"3,600",50 to 60,600 to 700,May-24
VANADIUM,HERTFORD ROAD,8,Non-Landed Properties,3,"4,500",100 to 110,"1,100 to 1,200",May-24
THE CITRON RESIDENCES,MARNE ROAD,8,Non-Landed Properties,2,"3,800",60 to 70,600 to 700,May-24
CITIGATE RESIDENCE,RANGOON ROAD,8,Non-Landed Properties,1,"3,000",40 to 50,500 to 600,May-24
FARRER PARK SUITES,OWEN ROAD,8,Non-Landed Properties,1,"3,400",60 to 70,700 to 800,May-24
NON-LANDED HOUSING DEVELOPMENT,KING GEORGE'S AVENUE,8,Non-Landed Properties,NA,"5,300",120 to 130,"1,300 to 1,400",May-24
OXFORD SUITES,OXFORD ROAD,8,Non-Landed Properties,2,"4,000",90 to 100,"1,000 to 1,100",May-24
OXFORD SUITES,OXFORD ROAD,8,Non-Landed Properties,1,"3,100",60 to 70,600 to 700,May-24
OXFORD SUITES,OXFORD ROAD,8,Non-Landed Properties,3,"4,200",100 to 110,"1,100 to 1,200",May-24
OXFORD SUITES,OXFORD ROAD,8,Non-Landed Properties,3,"5,500",150 to 160,"1,700 to 1,800",May-24
OXFORD SUITES,OXFORD ROAD,8,Non-Landed Properties,3,"6,000",150 to 160,"1,600 to 1,700",May-24
NON-LANDED HOUSING DEVELOPMENT,TYRWHITT ROAD,8,Non-Landed Properties,NA,"4,800",80 to 90,800 to 900,May-24
THE MERLOT,KENG LEE ROAD,8,Non-Landed Properties,2,"3,900",80 to 90,800 to 900,May-24
THE MERLOT,KENG LEE ROAD,8,Non-Landed Properties,3,"4,100",100 to 110,"1,000 to 1,100",May-24
MAPLE LEAF ELITE 1,RANGOON ROAD,8,Non-Landed Properties,2,"5,400",80 to 90,"900 to 1,000",May-24
MAPLE LEAF ELITE 1,RANGOON ROAD,8,Non-Landed Properties,1,"3,800",50 to 60,600 to 700,May-24
CITYLIGHTS,JELLICOE ROAD,8,Non-Landed Properties,2,"5,150",80 to 90,800 to 900,May-24
CITYLIGHTS,JELLICOE ROAD,8,Non-Landed Properties,1,"4,400",60 to 70,600 to 700,May-24
CITYLIGHTS,JELLICOE ROAD,8,Non-Landed Properties,1,"3,400",50 to 60,500 to 600,May-24
CITYLIGHTS,JELLICOE ROAD,8,Non-Landed Properties,1,"3,500",50 to 60,500 to 600,May-24
CITYLIGHTS,JELLICOE ROAD,8,Non-Landed Properties,1,"3,550",50 to 60,500 to 600,May-24
CITYLIGHTS,JELLICOE ROAD,8,Non-Landed Properties,1,"4,000",60 to 70,700 to 800,May-24
CITYLIGHTS,JELLICOE ROAD,8,Non-Landed Properties,2,"4,550",80 to 90,800 to 900,May-24
CITYLIGHTS,JELLICOE ROAD,8,Non-Landed Properties,2,"4,600",80 to 90,800 to 900,May-24
CITYLIGHTS,JELLICOE ROAD,8,Non-Landed Properties,1,"4,300",60 to 70,600 to 700,May-24
CITYLIGHTS,JELLICOE ROAD,8,Non-Landed Properties,1,"3,700",50 to 60,500 to 600,May-24
CITYLIGHTS,JELLICOE ROAD,8,Non-Landed Properties,1,"4,250",60 to 70,600 to 700,May-24
CITYLIGHTS,JELLICOE ROAD,8,Non-Landed Properties,1,"4,500",60 to 70,600 to 700,May-24
CITYLIGHTS,JELLICOE ROAD,8,Non-Landed Properties,1,"4,200",60 to 70,700 to 800,May-24
CITYLIGHTS,JELLICOE ROAD,8,Non-Landed Properties,3,"9,000",170 to 180,"1,800 to 1,900",May-24
CITYLIGHTS,JELLICOE ROAD,8,Non-Landed Properties,3,"5,900",130 to 140,"1,400 to 1,500",May-24
CITYLIGHTS,JELLICOE ROAD,8,Non-Landed Properties,3,"4,700",120 to 130,"1,300 to 1,400",May-24
KENTISH GREEN,OXFORD ROAD,8,Non-Landed Properties,2,"4,500",90 to 100,"1,000 to 1,100",May-24
KENTISH GREEN,OXFORD ROAD,8,Non-Landed Properties,2,"4,500",90 to 100,"1,000 to 1,100",May-24
URBAN LOFTS,RANGOON ROAD,8,Non-Landed Properties,1,"3,500",60 to 70,600 to 700,May-24
RESIDENCES @ SOMME,PETAIN ROAD,8,Non-Landed Properties,2,"3,600",60 to 70,600 to 700,May-24
FORTE SUITES,MERGUI ROAD,8,Non-Landed Properties,1,"2,840",40 to 50,400 to 500,May-24
FORTE SUITES,MERGUI ROAD,8,Non-Landed Properties,2,"3,450",50 to 60,600 to 700,May-24
FORTE SUITES,MERGUI ROAD,8,Non-Landed Properties,2,"3,600",60 to 70,600 to 700,May-24
FORTE SUITES,MERGUI ROAD,8,Non-Landed Properties,3,"4,000",50 to 60,600 to 700,May-24
FORTE SUITES,MERGUI ROAD,8,Non-Landed Properties,2,"3,800",50 to 60,600 to 700,May-24
CITYSCAPE @FARRER PARK,MERGUI ROAD,8,Non-Landed Properties,2,"4,250",80 to 90,"900 to 1,000",May-24
CITYSCAPE @FARRER PARK,MERGUI ROAD,8,Non-Landed Properties,2,"4,100",100 to 110,"1,100 to 1,200",May-24
CITYSCAPE @FARRER PARK,MERGUI ROAD,8,Non-Landed Properties,2,"4,400",90 to 100,"1,000 to 1,100",May-24
CITYSCAPE @FARRER PARK,MERGUI ROAD,8,Non-Landed Properties,2,"4,050",90 to 100,"1,000 to 1,100",May-24
CITYSCAPE @FARRER PARK,MERGUI ROAD,8,Non-Landed Properties,3,"5,500",120 to 130,"1,300 to 1,400",May-24
CITYSCAPE @FARRER PARK,MERGUI ROAD,8,Non-Landed Properties,2,"4,100",80 to 90,"900 to 1,000",May-24
CITYSCAPE @FARRER PARK,MERGUI ROAD,8,Non-Landed Properties,2,"4,500",90 to 100,"900 to 1,000",May-24
CITYSCAPE @FARRER PARK,MERGUI ROAD,8,Non-Landed Properties,2,"4,250",80 to 90,"900 to 1,000",May-24
28 RC SUITES,RACE COURSE LANE,8,Non-Landed Properties,1,"2,800",40 to 50,400 to 500,May-24
28 RC SUITES,RACE COURSE LANE,8,Non-Landed Properties,1,"2,800",30 to 40,400 to 500,May-24
NON-LANDED HOUSING DEVELOPMENT,SERANGOON ROAD,8,Non-Landed Properties,NA,"5,350",100 to 110,"1,100 to 1,200",May-24
NON-LANDED HOUSING DEVELOPMENT,SERANGOON ROAD,8,Non-Landed Properties,NA,"4,800",90 to 100,"1,000 to 1,100",May-24
NON-LANDED HOUSING DEVELOPMENT,SERANGOON ROAD,8,Non-Landed Properties,NA,"3,100",60 to 70,700 to 800,May-24
NON-LANDED HOUSING DEVELOPMENT,TRURO ROAD,8,Non-Landed Properties,NA,"4,700",100 to 110,"1,100 to 1,200",May-24
CITY STUDIOS,RACE COURSE LANE,8,Non-Landed Properties,2,"3,800",70 to 80,800 to 900,May-24
RANGOON 88,RANGOON ROAD,8,Non-Landed Properties,1,"3,200",60 to 70,600 to 700,May-24
HERTFORD MANSION,BRISTOL ROAD,8,Non-Landed Properties,NA,"5,400",110 to 120,"1,200 to 1,300",May-24
70@TRURO,TRURO ROAD,8,Non-Landed Properties,3,"4,100",70 to 80,800 to 900,May-24
NON-LANDED HOUSING DEVELOPMENT,JOO AVENUE,8,Non-Landed Properties,NA,"2,600",130 to 140,"1,500 to 1,600",May-24
RITZ @ FARRER,RACE COURSE ROAD,8,Non-Landed Properties,3,"4,150",60 to 70,700 to 800,May-24
JOOL SUITES,SING JOO WALK,8,Non-Landed Properties,1,"3,100",30 to 40,400 to 500,May-24
JOOL SUITES,SING JOO WALK,8,Non-Landed Properties,1,"2,800",30 to 40,400 to 500,May-24
JOOL SUITES,SING JOO WALK,8,Non-Landed Properties,1,"2,800",40 to 50,400 to 500,May-24
HERTFORD COLLECTION,HERTFORD ROAD,8,Non-Landed Properties,NA,"3,300",50 to 60,500 to 600,May-24
STUDIOS @ MARNE,MARNE ROAD,8,Non-Landed Properties,NA,"3,300",50 to 60,500 to 600,May-24
STUDIOS @ MARNE,MARNE ROAD,8,Non-Landed Properties,NA,"2,900",50 to 60,500 to 600,May-24
STUDIOS @ MARNE,MARNE ROAD,8,Non-Landed Properties,NA,"3,000",40 to 50,500 to 600,May-24
STUDIOS @ MARNE,MARNE ROAD,8,Non-Landed Properties,NA,"3,600",50 to 60,500 to 600,May-24
NON-LANDED HOUSING DEVELOPMENT,RANGOON ROAD,8,Non-Landed Properties,NA,"2,800",110 to 120,"1,200 to 1,300",May-24
PRISTINE HEIGHTS,MERGUI ROAD,8,Non-Landed Properties,3,"4,600",90 to 100,"1,000 to 1,100",May-24
LILY TAN MANSION,BRISTOL ROAD,8,Non-Landed Properties,NA,"2,000",80 to 90,"900 to 1,000",May-24
NON-LANDED HOUSING DEVELOPMENT,BEATTY ROAD,8,Non-Landed Properties,NA,"4,800",80 to 90,"900 to 1,000",May-24
NON-LANDED HOUSING DEVELOPMENT,STARLIGHT ROAD,8,Non-Landed Properties,NA,"3,000",60 to 70,700 to 800,May-24
NON-LANDED HOUSING DEVELOPMENT,STARLIGHT ROAD,8,Non-Landed Properties,NA,"4,900",60 to 70,700 to 800,May-24
CLYDES RESIDENCE,MERGUI ROAD,8,Non-Landed Properties,3,"5,300",100 to 110,"1,100 to 1,200",May-24
MAPLE LEAF ELITE 2,RANGOON ROAD,8,Non-Landed Properties,2,"4,000",50 to 60,500 to 600,Apr-24
MAPLE LEAF ELITE 2,RANGOON ROAD,8,Non-Landed Properties,2,"4,000",50 to 60,500 to 600,Apr-24
KERRISDALE,STURDEE ROAD,8,Non-Landed Properties,2,"4,100",90 to 100,"900 to 1,000",Apr-24
KERRISDALE,STURDEE ROAD,8,Non-Landed Properties,3,"5,300",110 to 120,"1,100 to 1,200",Apr-24
KERRISDALE,STURDEE ROAD,8,Non-Landed Properties,3,"5,200",110 to 120,"1,200 to 1,300",Apr-24
KERRISDALE,STURDEE ROAD,8,Non-Landed Properties,2,"4,500",90 to 100,"900 to 1,000",Apr-24
KERRISDALE,STURDEE ROAD,8,Non-Landed Properties,3,"5,500",110 to 120,"1,200 to 1,300",Apr-24
KERRISDALE,STURDEE ROAD,8,Non-Landed Properties,2,"4,500",90 to 100,"900 to 1,000",Apr-24
KERRISDALE,STURDEE ROAD,8,Non-Landed Properties,3,"5,700",110 to 120,"1,200 to 1,300",Apr-24
KERRISDALE,STURDEE ROAD,8,Non-Landed Properties,3,"5,388",110 to 120,"1,200 to 1,300",Apr-24
KERRISDALE,STURDEE ROAD,8,Non-Landed Properties,2,"4,500",90 to 100,"900 to 1,000",Apr-24
CITY SQUARE RESIDENCES,KITCHENER LINK,8,Non-Landed Properties,2,"4,500",70 to 80,800 to 900,Apr-24
CITY SQUARE RESIDENCES,KITCHENER LINK,8,Non-Landed Properties,2,"4,600",70 to 80,800 to 900,Apr-24
CITY SQUARE RESIDENCES,KITCHENER LINK,8,Non-Landed Properties,2,"4,300",70 to 80,800 to 900,Apr-24
CITY SQUARE RESIDENCES,KITCHENER LINK,8,Non-Landed Properties,2,"4,300",70 to 80,800 to 900,Apr-24
CITY SQUARE RESIDENCES,KITCHENER LINK,8,Non-Landed Properties,1,"3,600",50 to 60,500 to 600,Apr-24
CITY SQUARE RESIDENCES,KITCHENER LINK,8,Non-Landed Properties,4,"6,600",140 to 150,"1,500 to 1,600",Apr-24
CITY SQUARE RESIDENCES,KITCHENER LINK,8,Non-Landed Properties,1,"3,850",50 to 60,500 to 600,Apr-24
CITY SQUARE RESIDENCES,KITCHENER LINK,8,Non-Landed Properties,4,"6,600",140 to 150,"1,500 to 1,600",Apr-24
CITY SQUARE RESIDENCES,KITCHENER LINK,8,Non-Landed Properties,4,"7,000",140 to 150,"1,500 to 1,600",Apr-24
CITY SQUARE RESIDENCES,KITCHENER LINK,8,Non-Landed Properties,1,"3,500",50 to 60,500 to 600,Apr-24
CITY SQUARE RESIDENCES,KITCHENER LINK,8,Non-Landed Properties,2,"4,300",70 to 80,800 to 900,Apr-24
CITY SQUARE RESIDENCES,KITCHENER LINK,8,Non-Landed Properties,1,"3,500",50 to 60,500 to 600,Apr-24
CITY SQUARE RESIDENCES,KITCHENER LINK,8,Non-Landed Properties,3,"5,500",110 to 120,"1,200 to 1,300",Apr-24
CITY SQUARE RESIDENCES,KITCHENER LINK,8,Non-Landed Properties,2,"4,500",70 to 80,800 to 900,Apr-24
CITY SQUARE RESIDENCES,KITCHENER LINK,8,Non-Landed Properties,3,"5,400",110 to 120,"1,200 to 1,300",Apr-24
CITY SQUARE RESIDENCES,KITCHENER LINK,8,Non-Landed Properties,4,"7,000",140 to 150,"1,500 to 1,600",Apr-24
CITY SQUARE RESIDENCES,KITCHENER LINK,8,Non-Landed Properties,4,"7,500",130 to 140,"1,500 to 1,600",Apr-24
CITY SQUARE RESIDENCES,KITCHENER LINK,8,Non-Landed Properties,3,"5,800",110 to 120,"1,200 to 1,300",Apr-24
CITY SQUARE RESIDENCES,KITCHENER LINK,8,Non-Landed Properties,2,"4,600",80 to 90,800 to 900,Apr-24
CITY SQUARE RESIDENCES,KITCHENER LINK,8,Non-Landed Properties,2,"4,200",80 to 90,800 to 900,Apr-24
CITY SQUARE RESIDENCES,KITCHENER LINK,8,Non-Landed Properties,3,"5,000",110 to 120,"1,200 to 1,300",Apr-24
CITY SQUARE RESIDENCES,KITCHENER LINK,8,Non-Landed Properties,2,"4,900",70 to 80,800 to 900,Apr-24
CITY SQUARE RESIDENCES,KITCHENER LINK,8,Non-Landed Properties,1,"3,500",50 to 60,500 to 600,Apr-24
CITY SQUARE RESIDENCES,KITCHENER LINK,8,Non-Landed Properties,4,"6,500",130 to 140,"1,400 to 1,500",Apr-24
CITY SQUARE RESIDENCES,KITCHENER LINK,8,Non-Landed Properties,2,"4,200",70 to 80,800 to 900,Apr-24
CITY SQUARE RESIDENCES,KITCHENER LINK,8,Non-Landed Properties,3,"5,000",110 to 120,"1,200 to 1,300",Apr-24
CITY SQUARE RESIDENCES,KITCHENER LINK,8,Non-Landed Properties,2,"4,300",70 to 80,800 to 900,Apr-24
CITY SQUARE RESIDENCES,KITCHENER LINK,8,Non-Landed Properties,3,"5,200",110 to 120,"1,200 to 1,300",Apr-24
CITY SQUARE RESIDENCES,KITCHENER LINK,8,Non-Landed Properties,3,"5,800",110 to 120,"1,200 to 1,300",Apr-24
CITY SQUARE RESIDENCES,KITCHENER LINK,8,Non-Landed Properties,1,"3,800",50 to 60,500 to 600,Apr-24
CITY SQUARE RESIDENCES,KITCHENER LINK,8,Non-Landed Properties,3,"4,000",110 to 120,"1,100 to 1,200",Apr-24
CITY SQUARE RESIDENCES,KITCHENER LINK,8,Non-Landed Properties,3,"5,600",110 to 120,"1,200 to 1,300",Apr-24
STURDEE RESIDENCES,BEATTY ROAD,8,Non-Landed Properties,1,"2,950",30 to 40,400 to 500,Apr-24
STURDEE RESIDENCES,BEATTY ROAD,8,Non-Landed Properties,2,"4,850",60 to 70,600 to 700,Apr-24
STURDEE RESIDENCES,BEATTY ROAD,8,Non-Landed Properties,1,"3,200",30 to 40,400 to 500,Apr-24
STURDEE RESIDENCES,BEATTY ROAD,8,Non-Landed Properties,2,"4,250",60 to 70,600 to 700,Apr-24
STURDEE RESIDENCES,BEATTY ROAD,8,Non-Landed Properties,2,"3,800",50 to 60,500 to 600,Apr-24
LOFT @ RANGOON,RANGOON ROAD,8,Non-Landed Properties,1,"3,100",30 to 40,400 to 500,Apr-24
LOFT @ RANGOON,RANGOON ROAD,8,Non-Landed Properties,1,"2,900",30 to 40,400 to 500,Apr-24
LOFT @ RANGOON,RANGOON ROAD,8,Non-Landed Properties,1,"3,100",40 to 50,400 to 500,Apr-24
PARC SOMME,SOMME ROAD,8,Non-Landed Properties,1,"4,100",60 to 70,700 to 800,Apr-24
D'CAMBRIDGE,CAMBRIDGE ROAD,8,Non-Landed Properties,2,"3,200",60 to 70,700 to 800,Apr-24
NON-LANDED HOUSING DEVELOPMENT,RACE COURSE ROAD,8,Non-Landed Properties,NA,"2,100",30 to 40,300 to 400,Apr-24
NON-LANDED HOUSING DEVELOPMENT,RACE COURSE ROAD,8,Non-Landed Properties,1,"2,350",30 to 40,300 to 400,Apr-24
NON-LANDED HOUSING DEVELOPMENT,RACE COURSE ROAD,8,Non-Landed Properties,NA,"2,080",20 to 30,200 to 300,Apr-24
NON-LANDED HOUSING DEVELOPMENT,PENHAS ROAD,8,Non-Landed Properties,NA,"2,750",100 to 110,"1,100 to 1,200",Apr-24
SUITES @ OWEN,OWEN ROAD,8,Non-Landed Properties,1,"2,800",40 to 50,500 to 600,Apr-24
NON-LANDED HOUSING DEVELOPMENT,BIRCH ROAD,8,Non-Landed Properties,NA,"2,600",60 to 70,600 to 700,Apr-24
NON-LANDED HOUSING DEVELOPMENT,BIRCH ROAD,8,Non-Landed Properties,NA,"3,800",20 to 30,300 to 400,Apr-24
NON-LANDED HOUSING DEVELOPMENT,CARLISLE ROAD,8,Non-Landed Properties,NA,"1,300",90 to 100,"1,000 to 1,100",Apr-24
NON-LANDED HOUSING DEVELOPMENT,KINTA ROAD,8,Non-Landed Properties,2,"3,450",70 to 80,800 to 900,Apr-24
CARLYX GREEN,CARLISLE ROAD,8,Non-Landed Properties,2,"3,200",50 to 60,600 to 700,Apr-24
TYRWHITT 139,TYRWHITT ROAD,8,Non-Landed Properties,1,"2,600",40 to 50,400 to 500,Apr-24
TYRWHITT 139,TYRWHITT ROAD,8,Non-Landed Properties,2,"4,000",80 to 90,"900 to 1,000",Apr-24
KENG LEE COURT,KENG LEE ROAD,8,Non-Landed Properties,3,"3,600",90 to 100,"1,000 to 1,100",Apr-24
NON-LANDED HOUSING DEVELOPMENT,HAMILTON ROAD,8,Non-Landed Properties,NA,"3,200",90 to 100,"900 to 1,000",Apr-24
CITY LOFT,RACE COURSE ROAD,8,Non-Landed Properties,1,"3,000",30 to 40,300 to 400,Apr-24
CITY LOFT,RACE COURSE ROAD,8,Non-Landed Properties,1,"2,300",30 to 40,300 to 400,Apr-24
NON-LANDED HOUSING DEVELOPMENT,HORNE ROAD,8,Non-Landed Properties,NA,"5,000",80 to 90,"900 to 1,000",Apr-24
SOHO 188,RACE COURSE ROAD,8,Non-Landed Properties,1,"3,100",40 to 50,400 to 500,Apr-24
SOHO 188,RACE COURSE ROAD,8,Non-Landed Properties,1,"2,600",40 to 50,400 to 500,Apr-24
SOHO 188,RACE COURSE ROAD,8,Non-Landed Properties,1,"3,000",40 to 50,400 to 500,Apr-24
UPTOWN @ FARRER,PERUMAL ROAD,8,Non-Landed Properties,2,"3,300",40 to 50,500 to 600,Apr-24
UPTOWN @ FARRER,PERUMAL ROAD,8,Non-Landed Properties,2,"3,500",40 to 50,500 to 600,Apr-24
UPTOWN @ FARRER,PERUMAL ROAD,8,Non-Landed Properties,2,"3,500",40 to 50,500 to 600,Apr-24
UPTOWN @ FARRER,PERUMAL ROAD,8,Non-Landed Properties,2,"4,000",40 to 50,500 to 600,Apr-24
THE URBANITE,HERTFORD ROAD,8,Non-Landed Properties,1,"2,500",40 to 50,500 to 600,Apr-24
THE URBANITE,HERTFORD ROAD,8,Non-Landed Properties,2,"3,000",60 to 70,600 to 700,Apr-24
1953,TESSENSOHN ROAD,8,Non-Landed Properties,1,"3,450",50 to 60,500 to 600,Apr-24
VANADIUM,HERTFORD ROAD,8,Non-Landed Properties,2,"4,400",80 to 90,"900 to 1,000",Apr-24
THE CITRON RESIDENCES,MARNE ROAD,8,Non-Landed Properties,3,"3,700",80 to 90,"900 to 1,000",Apr-24
THE CITRON RESIDENCES,MARNE ROAD,8,Non-Landed Properties,2,"4,000",50 to 60,600 to 700,Apr-24
CITIGATE RESIDENCE,RANGOON ROAD,8,Non-Landed Properties,1,"3,000",50 to 60,500 to 600,Apr-24
OXFORD SUITES,OXFORD ROAD,8,Non-Landed Properties,NA,"3,900",80 to 90,800 to 900,Apr-24
NON-LANDED HOUSING DEVELOPMENT,TYRWHITT ROAD,8,Non-Landed Properties,NA,"4,000",100 to 110,"1,000 to 1,100",Apr-24
NON-LANDED HOUSING DEVELOPMENT,TYRWHITT ROAD,8,Non-Landed Properties,NA,"4,500",130 to 140,"1,500 to 1,600",Apr-24
RACE COURSE RD/OWEN RD CON AREA,RACE COURSE ROAD,8,Non-Landed Properties,NA,"7,500",200 to 210,"2,200 to 2,300",Apr-24
CITYLIGHTS,JELLICOE ROAD,8,Non-Landed Properties,1,"3,450",50 to 60,500 to 600,Apr-24
CITYLIGHTS,JELLICOE ROAD,8,Non-Landed Properties,1,"4,000",60 to 70,600 to 700,Apr-24
CITYLIGHTS,JELLICOE ROAD,8,Non-Landed Properties,1,"3,800",50 to 60,500 to 600,Apr-24
CITYLIGHTS,JELLICOE ROAD,8,Non-Landed Properties,1,"3,000",50 to 60,500 to 600,Apr-24
CITYLIGHTS,JELLICOE ROAD,8,Non-Landed Properties,2,"4,900",80 to 90,"900 to 1,000",Apr-24
CITYLIGHTS,JELLICOE ROAD,8,Non-Landed Properties,1,"3,650",50 to 60,500 to 600,Apr-24
CITYLIGHTS,JELLICOE ROAD,8,Non-Landed Properties,1,"4,200",60 to 70,700 to 800,Apr-24
CITYLIGHTS,JELLICOE ROAD,8,Non-Landed Properties,1,"3,700",50 to 60,500 to 600,Apr-24
CITYLIGHTS,JELLICOE ROAD,8,Non-Landed Properties,1,"3,700",50 to 60,500 to 600,Apr-24
CITYLIGHTS,JELLICOE ROAD,8,Non-Landed Properties,1,"4,100",60 to 70,600 to 700,Apr-24
CITYLIGHTS,JELLICOE ROAD,8,Non-Landed Properties,1,"4,000",60 to 70,600 to 700,Apr-24
CITYLIGHTS,JELLICOE ROAD,8,Non-Landed Properties,1,"4,400",60 to 70,700 to 800,Apr-24
CITYLIGHTS,JELLICOE ROAD,8,Non-Landed Properties,1,"4,000",60 to 70,600 to 700,Apr-24
CITYLIGHTS,JELLICOE ROAD,8,Non-Landed Properties,3,"6,400",120 to 130,"1,300 to 1,400",Apr-24
CITYLIGHTS,JELLICOE ROAD,8,Non-Landed Properties,3,"7,000",130 to 140,"1,400 to 1,500",Apr-24
CITYLIGHTS,JELLICOE ROAD,8,Non-Landed Properties,3,"6,000",120 to 130,"1,300 to 1,400",Apr-24
KENTISH GREEN,OXFORD ROAD,8,Non-Landed Properties,2,"4,000",90 to 100,"1,000 to 1,100",Apr-24
URBAN LOFTS,RANGOON ROAD,8,Non-Landed Properties,1,"2,600",30 to 40,400 to 500,Apr-24
URBAN LOFTS,RANGOON ROAD,8,Non-Landed Properties,1,"2,900",30 to 40,400 to 500,Apr-24
RESIDENCES @ SOMME,PETAIN ROAD,8,Non-Landed Properties,1,"2,900",40 to 50,500 to 600,Apr-24
RESIDENCES @ SOMME,PETAIN ROAD,8,Non-Landed Properties,1,"2,850",40 to 50,500 to 600,Apr-24
RESIDENCES @ SOMME,PETAIN ROAD,8,Non-Landed Properties,1,"2,900",40 to 50,400 to 500,Apr-24
RESIDENCES @ SOMME,PETAIN ROAD,8,Non-Landed Properties,1,"2,800",40 to 50,400 to 500,Apr-24
RESIDENCES @ SOMME,PETAIN ROAD,8,Non-Landed Properties,1,"3,500",40 to 50,500 to 600,Apr-24
CAVAN SUITES,CAVAN ROAD,8,Non-Landed Properties,NA,"2,400",30 to 40,300 to 400,Apr-24
CITYSCAPE @FARRER PARK,MERGUI ROAD,8,Non-Landed Properties,2,"4,100",100 to 110,"1,100 to 1,200",Apr-24
CITYSCAPE @FARRER PARK,MERGUI ROAD,8,Non-Landed Properties,2,"4,200",90 to 100,"1,000 to 1,100",Apr-24
CITYSCAPE @FARRER PARK,MERGUI ROAD,8,Non-Landed Properties,2,"4,600",100 to 110,"1,100 to 1,200",Apr-24
CITYSCAPE @FARRER PARK,MERGUI ROAD,8,Non-Landed Properties,3,"5,100",120 to 130,"1,300 to 1,400",Apr-24
CITYSCAPE @FARRER PARK,MERGUI ROAD,8,Non-Landed Properties,4,"7,800",260 to 270,"2,800 to 2,900",Apr-24
CITYSCAPE @FARRER PARK,MERGUI ROAD,8,Non-Landed Properties,2,"4,100",90 to 100,"1,000 to 1,100",Apr-24
CITYSCAPE @FARRER PARK,MERGUI ROAD,8,Non-Landed Properties,2,"3,800",80 to 90,"900 to 1,000",Apr-24
NON-LANDED HOUSING DEVELOPMENT,SING JOO WALK,8,Non-Landed Properties,NA,"6,000",170 to 180,"1,800 to 1,900",Apr-24
NON-LANDED HOUSING DEVELOPMENT,SING JOO WALK,8,Non-Landed Properties,NA,"3,600",90 to 100,"1,000 to 1,100",Apr-24
28 RC SUITES,RACE COURSE LANE,8,Non-Landed Properties,1,"3,500",40 to 50,400 to 500,Apr-24
28 RC SUITES,RACE COURSE LANE,8,Non-Landed Properties,1,"3,100",30 to 40,400 to 500,Apr-24
28 RC SUITES,RACE COURSE LANE,8,Non-Landed Properties,1,"2,800",30 to 40,400 to 500,Apr-24
28 RC SUITES,RACE COURSE LANE,8,Non-Landed Properties,1,"2,600",40 to 50,400 to 500,Apr-24
NON-LANDED HOUSING DEVELOPMENT,SERANGOON ROAD,8,Non-Landed Properties,3,"5,000",140 to 150,"1,500 to 1,600",Apr-24
KENTISH COURT,OXFORD ROAD,8,Non-Landed Properties,2,"3,900",100 to 110,"1,100 to 1,200",Apr-24
CITY STUDIOS,RACE COURSE LANE,8,Non-Landed Properties,1,"2,750",40 to 50,400 to 500,Apr-24
RANGOON 88,RANGOON ROAD,8,Non-Landed Properties,1,"3,100",40 to 50,400 to 500,Apr-24
RANGOON 88,RANGOON ROAD,8,Non-Landed Properties,1,"2,925",50 to 60,600 to 700,Apr-24
MERGUI MANSIONS,MERGUI ROAD,8,Non-Landed Properties,3,"4,300",120 to 130,"1,300 to 1,400",Apr-24
NON-LANDED HOUSING DEVELOPMENT,CAMBRIDGE ROAD,8,Non-Landed Properties,NA,"4,100",70 to 80,800 to 900,Apr-24
NON-LANDED HOUSING DEVELOPMENT,JOO AVENUE,8,Non-Landed Properties,NA,"5,500",140 to 150,"1,500 to 1,600",Apr-24
JOOL SUITES,SING JOO WALK,8,Non-Landed Properties,1,"2,900",30 to 40,300 to 400,Apr-24
HERTFORD COLLECTION,HERTFORD ROAD,8,Non-Landed Properties,NA,"3,300",50 to 60,500 to 600,Apr-24
STUDIOS @ MARNE,MARNE ROAD,8,Non-Landed Properties,NA,"3,800",50 to 60,500 to 600,Apr-24
STUDIOS @ MARNE,MARNE ROAD,8,Non-Landed Properties,NA,"3,800",50 to 60,500 to 600,Apr-24
STUDIOS @ MARNE,MARNE ROAD,8,Non-Landed Properties,2,"4,000",100 to 110,"1,000 to 1,100",Apr-24
VOGX,DORSET ROAD,8,Non-Landed Properties,2,"3,600",80 to 90,800 to 900,Apr-24
WONG TAK FLAT,SERANGOON ROAD,8,Non-Landed Properties,3,"4,200",140 to 150,"1,500 to 1,600",Apr-24
NON-LANDED HOUSING DEVELOPMENT,BEATTY ROAD,8,Non-Landed Properties,NA,"4,700",110 to 120,"1,200 to 1,300",Apr-24
R66 APARTMENTS,RANGOON ROAD,8,Non-Landed Properties,1,"3,400",40 to 50,500 to 600,Apr-24
R66 APARTMENTS,RANGOON ROAD,8,Non-Landed Properties,1,"2,800",50 to 60,500 to 600,Apr-24
NON-LANDED HOUSING DEVELOPMENT,FLANDERS SQUARE,8,Non-Landed Properties,NA,"2,500",90 to 100,"1,000 to 1,100",Apr-24
NON-LANDED HOUSING DEVELOPMENT,FLANDERS SQUARE,8,Non-Landed Properties,NA,"1,500",90 to 100,"1,000 to 1,100",Apr-24
NON-LANDED HOUSING DEVELOPMENT,FLANDERS SQUARE,8,Non-Landed Properties,NA,"3,500",90 to 100,"1,000 to 1,100",Apr-24
KENT RESIDENCES,KENT ROAD,8,Non-Landed Properties,1,"3,200",80 to 90,"900 to 1,000",Apr-24
CLYDES RESIDENCE,MERGUI ROAD,8,Non-Landed Properties,2,"4,000",90 to 100,"1,000 to 1,100",Apr-24
CARLISLE COURT,CARLISLE ROAD,8,Non-Landed Properties,3,"4,200",100 to 110,"1,100 to 1,200",Apr-24
MAPLE LEAF ELITE 2,RANGOON ROAD,8,Non-Landed Properties,2,"4,000",50 to 60,500 to 600,Mar-24
KERRISDALE,STURDEE ROAD,8,Non-Landed Properties,4,"6,400",130 to 140,"1,400 to 1,500",Mar-24
KERRISDALE,STURDEE ROAD,8,Non-Landed Properties,3,"5,400",110 to 120,"1,200 to 1,300",Mar-24
KERRISDALE,STURDEE ROAD,8,Non-Landed Properties,2,"4,600",90 to 100,"900 to 1,000",Mar-24
KERRISDALE,STURDEE ROAD,8,Non-Landed Properties,3,"5,300",110 to 120,"1,200 to 1,300",Mar-24
KERRISDALE,STURDEE ROAD,8,Non-Landed Properties,3,"5,900",110 to 120,"1,200 to 1,300",Mar-24
KERRISDALE,STURDEE ROAD,8,Non-Landed Properties,3,"6,350",110 to 120,"1,200 to 1,300",Mar-24
KERRISDALE,STURDEE ROAD,8,Non-Landed Properties,4,"6,500",130 to 140,"1,400 to 1,500",Mar-24
KERRISDALE,STURDEE ROAD,8,Non-Landed Properties,3,"5,200",110 to 120,"1,200 to 1,300",Mar-24
KERRISDALE,STURDEE ROAD,8,Non-Landed Properties,2,"4,400",80 to 90,"900 to 1,000",Mar-24
CITY SQUARE RESIDENCES,KITCHENER LINK,8,Non-Landed Properties,3,"1,850",110 to 120,"1,200 to 1,300",Mar-24
CITY SQUARE RESIDENCES,KITCHENER LINK,8,Non-Landed Properties,3,"6,000",110 to 120,"1,200 to 1,300",Mar-24
CITY SQUARE RESIDENCES,KITCHENER LINK,8,Non-Landed Properties,3,"6,200",110 to 120,"1,200 to 1,300",Mar-24
CITY SQUARE RESIDENCES,KITCHENER LINK,8,Non-Landed Properties,2,"4,000",70 to 80,800 to 900,Mar-24
CITY SQUARE RESIDENCES,KITCHENER LINK,8,Non-Landed Properties,2,"4,500",70 to 80,800 to 900,Mar-24
CITY SQUARE RESIDENCES,KITCHENER LINK,8,Non-Landed Properties,2,"5,000",70 to 80,800 to 900,Mar-24
CITY SQUARE RESIDENCES,KITCHENER LINK,8,Non-Landed Properties,2,"4,875",70 to 80,800 to 900,Mar-24
CITY SQUARE RESIDENCES,KITCHENER LINK,8,Non-Landed Properties,3,"5,100",110 to 120,"1,200 to 1,300",Mar-24
CITY SQUARE RESIDENCES,KITCHENER LINK,8,Non-Landed Properties,2,"4,350",70 to 80,800 to 900,Mar-24
CITY SQUARE RESIDENCES,KITCHENER LINK,8,Non-Landed Properties,4,"8,000",140 to 150,"1,500 to 1,600",Mar-24
CITY SQUARE RESIDENCES,KITCHENER LINK,8,Non-Landed Properties,2,"4,500",70 to 80,800 to 900,Mar-24
CITY SQUARE RESIDENCES,KITCHENER LINK,8,Non-Landed Properties,1,"3,900",50 to 60,500 to 600,Mar-24
CITY SQUARE RESIDENCES,KITCHENER LINK,8,Non-Landed Properties,4,"7,000",140 to 150,"1,500 to 1,600",Mar-24
CITY SQUARE RESIDENCES,KITCHENER LINK,8,Non-Landed Properties,2,"3,000",70 to 80,800 to 900,Mar-24
CITY SQUARE RESIDENCES,KITCHENER LINK,8,Non-Landed Properties,3,"6,500",110 to 120,"1,200 to 1,300",Mar-24
CITY SQUARE RESIDENCES,KITCHENER LINK,8,Non-Landed Properties,1,"3,700",50 to 60,500 to 600,Mar-24
CITY SQUARE RESIDENCES,KITCHENER LINK,8,Non-Landed Properties,4,"6,500",130 to 140,"1,500 to 1,600",Mar-24
CITY SQUARE RESIDENCES,KITCHENER LINK,8,Non-Landed Properties,2,"4,000",80 to 90,"900 to 1,000",Mar-24
CITY SQUARE RESIDENCES,KITCHENER LINK,8,Non-Landed Properties,3,"6,000",110 to 120,"1,200 to 1,300",Mar-24
CITY SQUARE RESIDENCES,KITCHENER LINK,8,Non-Landed Properties,3,"5,600",110 to 120,"1,200 to 1,300",Mar-24
CITY SQUARE RESIDENCES,KITCHENER LINK,8,Non-Landed Properties,2,"4,970",80 to 90,800 to 900,Mar-24
CITY SQUARE RESIDENCES,KITCHENER LINK,8,Non-Landed Properties,2,"5,000",80 to 90,"900 to 1,000",Mar-24
CITY SQUARE RESIDENCES,KITCHENER LINK,8,Non-Landed Properties,3,"6,200",110 to 120,"1,200 to 1,300",Mar-24
CITY SQUARE RESIDENCES,KITCHENER LINK,8,Non-Landed Properties,3,"6,300",110 to 120,"1,200 to 1,300",Mar-24
CITY SQUARE RESIDENCES,KITCHENER LINK,8,Non-Landed Properties,3,"5,650",110 to 120,"1,100 to 1,200",Mar-24
CITY SQUARE RESIDENCES,KITCHENER LINK,8,Non-Landed Properties,3,"6,200",110 to 120,"1,200 to 1,300",Mar-24
CITY SQUARE RESIDENCES,KITCHENER LINK,8,Non-Landed Properties,2,"3,800",70 to 80,800 to 900,Mar-24
CITY SQUARE RESIDENCES,KITCHENER LINK,8,Non-Landed Properties,2,"4,600",70 to 80,800 to 900,Mar-24
CITY SQUARE RESIDENCES,KITCHENER LINK,8,Non-Landed Properties,3,"5,800",110 to 120,"1,200 to 1,300",Mar-24
CITY SQUARE RESIDENCES,KITCHENER LINK,8,Non-Landed Properties,1,"3,600",50 to 60,500 to 600,Mar-24
CITY SQUARE RESIDENCES,KITCHENER LINK,8,Non-Landed Properties,3,"6,400",110 to 120,"1,200 to 1,300",Mar-24
CITY SQUARE RESIDENCES,KITCHENER LINK,8,Non-Landed Properties,1,"3,800",50 to 60,500 to 600,Mar-24
CITY SQUARE RESIDENCES,KITCHENER LINK,8,Non-Landed Properties,1,"3,000",50 to 60,500 to 600,Mar-24
CITY SQUARE RESIDENCES,KITCHENER LINK,8,Non-Landed Properties,1,"3,400",50 to 60,500 to 600,Mar-24
CITY SQUARE RESIDENCES,KITCHENER LINK,8,Non-Landed Properties,2,"4,600",70 to 80,800 to 900,Mar-24
CITY SQUARE RESIDENCES,KITCHENER LINK,8,Non-Landed Properties,2,"4,450",70 to 80,800 to 900,Mar-24
CITY SQUARE RESIDENCES,KITCHENER LINK,8,Non-Landed Properties,2,"3,800",70 to 80,800 to 900,Mar-24
STURDEE RESIDENCES,BEATTY ROAD,8,Non-Landed Properties,3,"5,300",70 to 80,800 to 900,Mar-24
STURDEE RESIDENCES,BEATTY ROAD,8,Non-Landed Properties,3,"5,400",90 to 100,"1,000 to 1,100",Mar-24
STURDEE RESIDENCES,BEATTY ROAD,8,Non-Landed Properties,3,"5,500",90 to 100,"1,000 to 1,100",Mar-24
LOFT @ RANGOON,RANGOON ROAD,8,Non-Landed Properties,1,"3,000",40 to 50,400 to 500,Mar-24
LOFT @ RANGOON,RANGOON ROAD,8,Non-Landed Properties,1,"2,900",30 to 40,400 to 500,Mar-24
PARC SOMME,SOMME ROAD,8,Non-Landed Properties,2,"3,300",50 to 60,500 to 600,Mar-24
PARC SOMME,SOMME ROAD,8,Non-Landed Properties,1,"2,900",40 to 50,400 to 500,Mar-24
PARC SOMME,SOMME ROAD,8,Non-Landed Properties,1,"3,050",30 to 40,300 to 400,Mar-24
JALAN BESAR PLAZA,KITCHENER ROAD,8,Non-Landed Properties,2,"3,000",70 to 80,800 to 900,Mar-24
NON-LANDED HOUSING DEVELOPMENT,RACE COURSE ROAD,8,Non-Landed Properties,NA,"6,300",80 to 90,800 to 900,Mar-24
NON-LANDED HOUSING DEVELOPMENT,RACE COURSE ROAD,8,Non-Landed Properties,NA,"2,030",30 to 40,300 to 400,Mar-24
NON-LANDED HOUSING DEVELOPMENT,RACE COURSE ROAD,8,Non-Landed Properties,1,"2,250",20 to 30,300 to 400,Mar-24
NON-LANDED HOUSING DEVELOPMENT,RACE COURSE ROAD,8,Non-Landed Properties,NA,"2,100",20 to 30,200 to 300,Mar-24
NON-LANDED HOUSING DEVELOPMENT,RACE COURSE ROAD,8,Non-Landed Properties,NA,"3,800",150 to 160,"1,600 to 1,700",Mar-24
NON-LANDED HOUSING DEVELOPMENT,CARLISLE ROAD,8,Non-Landed Properties,NA,"2,010",80 to 90,"900 to 1,000",Mar-24
MERA SPRINGS,CARLISLE ROAD,8,Non-Landed Properties,2,"4,100",90 to 100,"1,000 to 1,100",Mar-24
MERA SPRINGS,CARLISLE ROAD,8,Non-Landed Properties,3,"5,700",110 to 120,"1,200 to 1,300",Mar-24
MERA SPRINGS,CARLISLE ROAD,8,Non-Landed Properties,4,"6,600",140 to 150,"1,500 to 1,600",Mar-24
MERA SPRINGS,CARLISLE ROAD,8,Non-Landed Properties,4,"6,100",140 to 150,"1,500 to 1,600",Mar-24
SOHO @ FARRER,RACE COURSE ROAD,8,Non-Landed Properties,1,"2,600",30 to 40,300 to 400,Mar-24
LE SOMME,SOMME ROAD,8,Non-Landed Properties,1,"3,000",40 to 50,500 to 600,Mar-24
CITY LOFT,RACE COURSE ROAD,8,Non-Landed Properties,2,"3,500",80 to 90,"900 to 1,000",Mar-24
CITY LOFT,RACE COURSE ROAD,8,Non-Landed Properties,1,"3,000",30 to 40,300 to 400,Mar-24
CITY LOFT,RACE COURSE ROAD,8,Non-Landed Properties,1,"2,400",30 to 40,300 to 400,Mar-24
CITY LOFT,RACE COURSE ROAD,8,Non-Landed Properties,1,"2,400",20 to 30,300 to 400,Mar-24
SOHO 188,RACE COURSE ROAD,8,Non-Landed Properties,1,"2,800",40 to 50,400 to 500,Mar-24
UPTOWN @ FARRER,PERUMAL ROAD,8,Non-Landed Properties,3,"4,600",60 to 70,600 to 700,Mar-24
UPTOWN @ FARRER,PERUMAL ROAD,8,Non-Landed Properties,2,"3,900",40 to 50,500 to 600,Mar-24
UPTOWN @ FARRER,PERUMAL ROAD,8,Non-Landed Properties,2,"4,100",40 to 50,500 to 600,Mar-24
UPTOWN @ FARRER,PERUMAL ROAD,8,Non-Landed Properties,2,"4,100",40 to 50,500 to 600,Mar-24
UPTOWN @ FARRER,PERUMAL ROAD,8,Non-Landed Properties,2,"3,650",40 to 50,500 to 600,Mar-24
UPTOWN @ FARRER,PERUMAL ROAD,8,Non-Landed Properties,3,"5,000",70 to 80,700 to 800,Mar-24
THE URBANITE,HERTFORD ROAD,8,Non-Landed Properties,2,"3,200",50 to 60,600 to 700,Mar-24
1953,TESSENSOHN ROAD,8,Non-Landed Properties,NA,"6,500",120 to 130,"1,300 to 1,400",Mar-24
THE CITRON RESIDENCES,MARNE ROAD,8,Non-Landed Properties,2,"4,100",60 to 70,600 to 700,Mar-24
THE CITRON RESIDENCES,MARNE ROAD,8,Non-Landed Properties,2,"3,800",60 to 70,600 to 700,Mar-24
THE CITRON RESIDENCES,MARNE ROAD,8,Non-Landed Properties,2,"4,300",50 to 60,600 to 700,Mar-24
THE CITRON RESIDENCES,MARNE ROAD,8,Non-Landed Properties,2,"3,950",60 to 70,700 to 800,Mar-24
CITIGATE RESIDENCE,RANGOON ROAD,8,Non-Landed Properties,2,"4,200",80 to 90,"900 to 1,000",Mar-24
NON-LANDED HOUSING DEVELOPMENT,ROBERTS LANE,8,Non-Landed Properties,NA,"3,000",70 to 80,700 to 800,Mar-24
FARRER PARK SUITES,OWEN ROAD,8,Non-Landed Properties,1,"3,700",50 to 60,500 to 600,Mar-24
NON-LANDED HOUSING DEVELOPMENT,HERTFORD ROAD,8,Non-Landed Properties,NA,"4,900",160 to 170,"1,700 to 1,800",Mar-24
NON-LANDED HOUSING DEVELOPMENT,KING GEORGE'S AVENUE,8,Non-Landed Properties,NA,"4,000",110 to 120,"1,200 to 1,300",Mar-24
NON-LANDED HOUSING DEVELOPMENT,KING GEORGE'S AVENUE,8,Non-Landed Properties,NA,"4,000",120 to 130,"1,300 to 1,400",Mar-24
OXFORD SUITES,OXFORD ROAD,8,Non-Landed Properties,NA,"4,200",80 to 90,800 to 900,Mar-24
OXFORD SUITES,OXFORD ROAD,8,Non-Landed Properties,NA,"4,000",80 to 90,800 to 900,Mar-24
OXFORD SUITES,OXFORD ROAD,8,Non-Landed Properties,2,"3,800",90 to 100,"1,000 to 1,100",Mar-24
OXFORD SUITES,OXFORD ROAD,8,Non-Landed Properties,2,"3,300",90 to 100,"1,000 to 1,100",Mar-24
NON-LANDED HOUSING DEVELOPMENT,CAVAN ROAD,8,Non-Landed Properties,NA,"4,100",110 to 120,"1,200 to 1,300",Mar-24
THE MERLOT,KENG LEE ROAD,8,Non-Landed Properties,1,"3,100",40 to 50,500 to 600,Mar-24
MAPLE LEAF ELITE 1,RANGOON ROAD,8,Non-Landed Properties,2,"5,600",80 to 90,"900 to 1,000",Mar-24
CITYLIGHTS,JELLICOE ROAD,8,Non-Landed Properties,1,"3,700",50 to 60,500 to 600,Mar-24
CITYLIGHTS,JELLICOE ROAD,8,Non-Landed Properties,1,"4,400",60 to 70,700 to 800,Mar-24
CITYLIGHTS,JELLICOE ROAD,8,Non-Landed Properties,1,"4,000",50 to 60,500 to 600,Mar-24
CITYLIGHTS,JELLICOE ROAD,8,Non-Landed Properties,1,"4,300",60 to 70,600 to 700,Mar-24
CITYLIGHTS,JELLICOE ROAD,8,Non-Landed Properties,1,"4,000",60 to 70,600 to 700,Mar-24
CITYLIGHTS,JELLICOE ROAD,8,Non-Landed Properties,2,"4,800",80 to 90,800 to 900,Mar-24
CITYLIGHTS,JELLICOE ROAD,8,Non-Landed Properties,1,"3,800",50 to 60,500 to 600,Mar-24
CITYLIGHTS,JELLICOE ROAD,8,Non-Landed Properties,2,"5,100",80 to 90,"900 to 1,000",Mar-24
CITYLIGHTS,JELLICOE ROAD,8,Non-Landed Properties,1,"4,300",60 to 70,700 to 800,Mar-24
CITYLIGHTS,JELLICOE ROAD,8,Non-Landed Properties,2,"4,750",80 to 90,800 to 900,Mar-24
CITYLIGHTS,JELLICOE ROAD,8,Non-Landed Properties,3,"7,000",130 to 140,"1,400 to 1,500",Mar-24
KENTISH GREEN,OXFORD ROAD,8,Non-Landed Properties,2,"4,400",100 to 110,"1,000 to 1,100",Mar-24
KENTISH GREEN,OXFORD ROAD,8,Non-Landed Properties,2,"3,680",110 to 120,"1,200 to 1,300",Mar-24
KENTISH GREEN,OXFORD ROAD,8,Non-Landed Properties,2,"4,200",90 to 100,"1,000 to 1,100",Mar-24
URBAN LOFTS,RANGOON ROAD,8,Non-Landed Properties,1,"3,000",60 to 70,700 to 800,Mar-24
RESIDENCES @ SOMME,PETAIN ROAD,8,Non-Landed Properties,1,"2,950",40 to 50,400 to 500,Mar-24
RESIDENCES @ SOMME,PETAIN ROAD,8,Non-Landed Properties,1,"3,000",40 to 50,400 to 500,Mar-24
FORTE SUITES,MERGUI ROAD,8,Non-Landed Properties,2,"3,550",50 to 60,600 to 700,Mar-24
FORTE SUITES,MERGUI ROAD,8,Non-Landed Properties,2,"3,800",50 to 60,600 to 700,Mar-24
FORTE SUITES,MERGUI ROAD,8,Non-Landed Properties,2,"3,800",60 to 70,600 to 700,Mar-24
CAVAN SUITES,CAVAN ROAD,8,Non-Landed Properties,NA,"2,400",30 to 40,300 to 400,Mar-24
CAVAN SUITES,CAVAN ROAD,8,Non-Landed Properties,NA,"2,400",30 to 40,300 to 400,Mar-24
CITYSCAPE @FARRER PARK,MERGUI ROAD,8,Non-Landed Properties,3,"4,650",110 to 120,"1,200 to 1,300",Mar-24
CITYSCAPE @FARRER PARK,MERGUI ROAD,8,Non-Landed Properties,3,"5,900",120 to 130,"1,300 to 1,400",Mar-24
CITYSCAPE @FARRER PARK,MERGUI ROAD,8,Non-Landed Properties,2,"4,700",100 to 110,"1,100 to 1,200",Mar-24
CITYSCAPE @FARRER PARK,MERGUI ROAD,8,Non-Landed Properties,2,"4,200",80 to 90,"900 to 1,000",Mar-24
CITYSCAPE @FARRER PARK,MERGUI ROAD,8,Non-Landed Properties,3,"5,900",120 to 130,"1,300 to 1,400",Mar-24
CITYSCAPE @FARRER PARK,MERGUI ROAD,8,Non-Landed Properties,2,"4,200",100 to 110,"1,100 to 1,200",Mar-24
CITYSCAPE @FARRER PARK,MERGUI ROAD,8,Non-Landed Properties,2,"4,400",90 to 100,"1,000 to 1,100",Mar-24
28 RC SUITES,RACE COURSE LANE,8,Non-Landed Properties,1,"3,100",30 to 40,400 to 500,Mar-24
28 RC SUITES,RACE COURSE LANE,8,Non-Landed Properties,1,"3,000",40 to 50,400 to 500,Mar-24
NON-LANDED HOUSING DEVELOPMENT,KELANTAN LANE,8,Non-Landed Properties,NA,"2,450",140 to 150,"1,500 to 1,600",Mar-24
KENTISH COURT,OXFORD ROAD,8,Non-Landed Properties,3,"6,000",120 to 130,"1,300 to 1,400",Mar-24
CITY STUDIOS,RACE COURSE LANE,8,Non-Landed Properties,2,"3,575",60 to 70,600 to 700,Mar-24
RANGOON 88,RANGOON ROAD,8,Non-Landed Properties,2,"4,500",120 to 130,"1,300 to 1,400",Mar-24
RANGOON 88,RANGOON ROAD,8,Non-Landed Properties,1,"3,000",40 to 50,400 to 500,Mar-24
NON-LANDED HOUSING DEVELOPMENT,STURDEE ROAD,8,Non-Landed Properties,NA,"4,300",160 to 170,"1,800 to 1,900",Mar-24
JOOL SUITES,SING JOO WALK,8,Non-Landed Properties,1,"3,000",30 to 40,400 to 500,Mar-24
JOOL SUITES,SING JOO WALK,8,Non-Landed Properties,1,"3,600",40 to 50,400 to 500,Mar-24
JOOL SUITES,SING JOO WALK,8,Non-Landed Properties,1,"3,100",30 to 40,300 to 400,Mar-24
KENTISH LODGE,OXFORD ROAD,8,Non-Landed Properties,2,"4,700",100 to 110,"1,100 to 1,200",Mar-24
KENTISH LODGE,OXFORD ROAD,8,Non-Landed Properties,3,"4,800",100 to 110,"1,100 to 1,200",Mar-24
STUDIOS @ MARNE,MARNE ROAD,8,Non-Landed Properties,NA,"4,200",50 to 60,500 to 600,Mar-24
VOGX,DORSET ROAD,8,Non-Landed Properties,3,"4,700",100 to 110,"1,100 to 1,200",Mar-24
VOGX,DORSET ROAD,8,Non-Landed Properties,2,"3,850",80 to 90,800 to 900,Mar-24
NON-LANDED HOUSING DEVELOPMENT,RANGOON ROAD,8,Non-Landed Properties,NA,"2,800",70 to 80,700 to 800,Mar-24
PRISTINE HEIGHTS,MERGUI ROAD,8,Non-Landed Properties,2,"4,000",60 to 70,700 to 800,Mar-24
LILY TAN MANSION,BRISTOL ROAD,8,Non-Landed Properties,NA,"3,100",80 to 90,"900 to 1,000",Mar-24
NON-LANDED HOUSING DEVELOPMENT,BEATTY ROAD,8,Non-Landed Properties,NA,"3,400",110 to 120,"1,200 to 1,300",Mar-24
R66 APARTMENTS,RANGOON ROAD,8,Non-Landed Properties,1,"2,800",40 to 50,400 to 500,Mar-24
R66 APARTMENTS,RANGOON ROAD,8,Non-Landed Properties,1,"3,400",60 to 70,600 to 700,Mar-24
NON-LANDED HOUSING DEVELOPMENT,FLANDERS SQUARE,8,Non-Landed Properties,NA,"3,500",90 to 100,"1,000 to 1,100",Mar-24
NON-LANDED HOUSING DEVELOPMENT,FLANDERS SQUARE,8,Non-Landed Properties,NA,"4,500",90 to 100,"900 to 1,000",Mar-24
NON-LANDED HOUSING DEVELOPMENT,FLANDERS SQUARE,8,Non-Landed Properties,NA,"3,900",90 to 100,"1,000 to 1,100",Mar-24
KERRISDALE,STURDEE ROAD,8,Non-Landed Properties,2,"4,700",90 to 100,"900 to 1,000",Feb-24
KERRISDALE,STURDEE ROAD,8,Non-Landed Properties,3,"6,000",100 to 110,"1,100 to 1,200",Feb-24
KERRISDALE,STURDEE ROAD,8,Non-Landed Properties,3,"5,500",110 to 120,"1,200 to 1,300",Feb-24
KERRISDALE,STURDEE ROAD,8,Non-Landed Properties,3,"5,300",110 to 120,"1,200 to 1,300",Feb-24
KERRISDALE,STURDEE ROAD,8,Non-Landed Properties,3,"5,300",110 to 120,"1,200 to 1,300",Feb-24
CITY SQUARE RESIDENCES,KITCHENER LINK,8,Non-Landed Properties,2,"4,800",70 to 80,800 to 900,Feb-24
CITY SQUARE RESIDENCES,KITCHENER LINK,8,Non-Landed Properties,2,"4,700",70 to 80,800 to 900,Feb-24
CITY SQUARE RESIDENCES,KITCHENER LINK,8,Non-Landed Properties,1,"3,500",50 to 60,500 to 600,Feb-24
CITY SQUARE RESIDENCES,KITCHENER LINK,8,Non-Landed Properties,1,"3,600",50 to 60,500 to 600,Feb-24
CITY SQUARE RESIDENCES,KITCHENER LINK,8,Non-Landed Properties,4,"6,500",140 to 150,"1,500 to 1,600",Feb-24
CITY SQUARE RESIDENCES,KITCHENER LINK,8,Non-Landed Properties,4,"7,400",140 to 150,"1,500 to 1,600",Feb-24
CITY SQUARE RESIDENCES,KITCHENER LINK,8,Non-Landed Properties,1,"3,900",50 to 60,500 to 600,Feb-24
CITY SQUARE RESIDENCES,KITCHENER LINK,8,Non-Landed Properties,4,"6,500",140 to 150,"1,500 to 1,600",Feb-24
CITY SQUARE RESIDENCES,KITCHENER LINK,8,Non-Landed Properties,2,"4,200",80 to 90,800 to 900,Feb-24
CITY SQUARE RESIDENCES,KITCHENER LINK,8,Non-Landed Properties,2,"4,500",80 to 90,800 to 900,Feb-24
CITY SQUARE RESIDENCES,KITCHENER LINK,8,Non-Landed Properties,2,"4,600",80 to 90,800 to 900,Feb-24
CITY SQUARE RESIDENCES,KITCHENER LINK,8,Non-Landed Properties,2,"4,600",80 to 90,800 to 900,Feb-24
CITY SQUARE RESIDENCES,KITCHENER LINK,8,Non-Landed Properties,2,"4,600",80 to 90,800 to 900,Feb-24
CITY SQUARE RESIDENCES,KITCHENER LINK,8,Non-Landed Properties,3,"6,200",110 to 120,"1,200 to 1,300",Feb-24
CITY SQUARE RESIDENCES,KITCHENER LINK,8,Non-Landed Properties,2,"4,800",80 to 90,800 to 900,Feb-24
CITY SQUARE RESIDENCES,KITCHENER LINK,8,Non-Landed Properties,2,"4,800",80 to 90,800 to 900,Feb-24
CITY SQUARE RESIDENCES,KITCHENER LINK,8,Non-Landed Properties,3,"5,150",110 to 120,"1,100 to 1,200",Feb-24
CITY SQUARE RESIDENCES,KITCHENER LINK,8,Non-Landed Properties,3,"5,500",110 to 120,"1,200 to 1,300",Feb-24
CITY SQUARE RESIDENCES,KITCHENER LINK,8,Non-Landed Properties,2,"5,000",70 to 80,800 to 900,Feb-24
CITY SQUARE RESIDENCES,KITCHENER LINK,8,Non-Landed Properties,1,"3,400",50 to 60,500 to 600,Feb-24
CITY SQUARE RESIDENCES,KITCHENER LINK,8,Non-Landed Properties,3,"6,000",110 to 120,"1,100 to 1,200",Feb-24
CITY SQUARE RESIDENCES,KITCHENER LINK,8,Non-Landed Properties,3,"5,850",110 to 120,"1,200 to 1,300",Feb-24
CITY SQUARE RESIDENCES,KITCHENER LINK,8,Non-Landed Properties,3,"5,800",110 to 120,"1,200 to 1,300",Feb-24
CITY SQUARE RESIDENCES,KITCHENER LINK,8,Non-Landed Properties,2,"4,200",70 to 80,800 to 900,Feb-24
CITY SQUARE RESIDENCES,KITCHENER LINK,8,Non-Landed Properties,3,"5,800",110 to 120,"1,200 to 1,300",Feb-24
CITY SQUARE RESIDENCES,KITCHENER LINK,8,Non-Landed Properties,3,"5,500",110 to 120,"1,200 to 1,300",Feb-24
CITY SQUARE RESIDENCES,KITCHENER LINK,8,Non-Landed Properties,2,"4,300",70 to 80,800 to 900,Feb-24
CITY SQUARE RESIDENCES,KITCHENER LINK,8,Non-Landed Properties,1,"3,500",50 to 60,500 to 600,Feb-24
CITY SQUARE RESIDENCES,KITCHENER LINK,8,Non-Landed Properties,1,"3,900",50 to 60,500 to 600,Feb-24
CITY SQUARE RESIDENCES,KITCHENER LINK,8,Non-Landed Properties,3,"5,100",110 to 120,"1,100 to 1,200",Feb-24
CITY SQUARE RESIDENCES,KITCHENER LINK,8,Non-Landed Properties,1,"3,500",50 to 60,500 to 600,Feb-24
CITY SQUARE RESIDENCES,KITCHENER LINK,8,Non-Landed Properties,4,"6,600",140 to 150,"1,500 to 1,600",Feb-24
STURDEE RESIDENCES,BEATTY ROAD,8,Non-Landed Properties,1,"3,000",30 to 40,400 to 500,Feb-24
STURDEE RESIDENCES,BEATTY ROAD,8,Non-Landed Properties,1,"3,500",30 to 40,400 to 500,Feb-24
STURDEE RESIDENCES,BEATTY ROAD,8,Non-Landed Properties,1,"3,500",30 to 40,400 to 500,Feb-24
STURDEE RESIDENCES,BEATTY ROAD,8,Non-Landed Properties,1,"3,350",30 to 40,400 to 500,Feb-24
STURDEE RESIDENCES,BEATTY ROAD,8,Non-Landed Properties,1,"3,400",30 to 40,400 to 500,Feb-24
STURDEE RESIDENCES,BEATTY ROAD,8,Non-Landed Properties,2,"4,500",60 to 70,600 to 700,Feb-24
LOFT @ RANGOON,RANGOON ROAD,8,Non-Landed Properties,1,"3,100",40 to 50,400 to 500,Feb-24
LOFT @ RANGOON,RANGOON ROAD,8,Non-Landed Properties,1,"2,800",40 to 50,400 to 500,Feb-24
LOFT @ RANGOON,RANGOON ROAD,8,Non-Landed Properties,1,"3,100",30 to 40,400 to 500,Feb-24
GOODLAND BUILDING,ROBERTS LANE,8,Non-Landed Properties,2,"8,000",70 to 80,800 to 900,Feb-24
GOODLAND BUILDING,ROBERTS LANE,8,Non-Landed Properties,2,"4,000",100 to 110,"1,000 to 1,100",Feb-24
PARC SOMME,SOMME ROAD,8,Non-Landed Properties,1,"3,300",40 to 50,400 to 500,Feb-24
JALAN BESAR PLAZA,KITCHENER ROAD,8,Non-Landed Properties,4,"5,200",140 to 150,"1,500 to 1,600",Feb-24
NON-LANDED HOUSING DEVELOPMENT,RACE COURSE ROAD,8,Non-Landed Properties,NA,"3,000",70 to 80,800 to 900,Feb-24
NON-LANDED HOUSING DEVELOPMENT,BIRCH ROAD,8,Non-Landed Properties,NA,"2,400",60 to 70,600 to 700,Feb-24
MERA SPRINGS,CARLISLE ROAD,8,Non-Landed Properties,2,"4,600",100 to 110,"1,100 to 1,200",Feb-24
MERA SPRINGS,CARLISLE ROAD,8,Non-Landed Properties,3,"5,600",110 to 120,"1,200 to 1,300",Feb-24
MERA SPRINGS,CARLISLE ROAD,8,Non-Landed Properties,2,"4,050",90 to 100,"1,000 to 1,100",Feb-24
TYRWHITT 139,TYRWHITT ROAD,8,Non-Landed Properties,1,"3,200",40 to 50,400 to 500,Feb-24
TYRWHITT 139,TYRWHITT ROAD,8,Non-Landed Properties,1,"3,000",70 to 80,700 to 800,Feb-24
HONG BUILDING,RANGOON ROAD,8,Non-Landed Properties,NA,"3,800",100 to 110,"1,100 to 1,200",Feb-24
KENG LEE COURT,KENG LEE ROAD,8,Non-Landed Properties,3,"4,000",90 to 100,"1,000 to 1,100",Feb-24
NON-LANDED HOUSING DEVELOPMENT,HAMILTON ROAD,8,Non-Landed Properties,NA,"2,900",80 to 90,"900 to 1,000",Feb-24
CITY LOFT,RACE COURSE ROAD,8,Non-Landed Properties,1,"2,700",30 to 40,300 to 400,Feb-24
CITY LOFT,RACE COURSE ROAD,8,Non-Landed Properties,1,"2,700",30 to 40,300 to 400,Feb-24
SUITES 123,RANGOON ROAD,8,Non-Landed Properties,1,"3,150",40 to 50,400 to 500,Feb-24
SUITES 123,RANGOON ROAD,8,Non-Landed Properties,1,"3,100",50 to 60,500 to 600,Feb-24
NON-LANDED HOUSING DEVELOPMENT,HORNE ROAD,8,Non-Landed Properties,NA,"5,200",80 to 90,"900 to 1,000",Feb-24
SOHO 188,RACE COURSE ROAD,8,Non-Landed Properties,1,"3,000",40 to 50,400 to 500,Feb-24
SOHO 188,RACE COURSE ROAD,8,Non-Landed Properties,1,"3,200",30 to 40,300 to 400,Feb-24
SOHO 188,RACE COURSE ROAD,8,Non-Landed Properties,1,"3,000",40 to 50,400 to 500,Feb-24
SOHO 188,RACE COURSE ROAD,8,Non-Landed Properties,1,"3,300",60 to 70,600 to 700,Feb-24
SOHO 188,RACE COURSE ROAD,8,Non-Landed Properties,1,"2,900",40 to 50,400 to 500,Feb-24
CAMBRIDGE VILLAGE,CAMBRIDGE ROAD,8,Non-Landed Properties,4,"4,200",140 to 150,"1,600 to 1,700",Feb-24
UPTOWN @ FARRER,PERUMAL ROAD,8,Non-Landed Properties,2,"3,900",40 to 50,500 to 600,Feb-24
UPTOWN @ FARRER,PERUMAL ROAD,8,Non-Landed Properties,2,"4,250",40 to 50,500 to 600,Feb-24
UPTOWN @ FARRER,PERUMAL ROAD,8,Non-Landed Properties,3,"4,800",60 to 70,700 to 800,Feb-24
1953,TESSENSOHN ROAD,8,Non-Landed Properties,1,"3,800",50 to 60,600 to 700,Feb-24
THE CITRON RESIDENCES,MARNE ROAD,8,Non-Landed Properties,2,"3,800",60 to 70,600 to 700,Feb-24
THE CITRON RESIDENCES,MARNE ROAD,8,Non-Landed Properties,2,"3,400",60 to 70,600 to 700,Feb-24
FARRER PARK SUITES,OWEN ROAD,8,Non-Landed Properties,NA,"2,800",50 to 60,500 to 600,Feb-24
FARRER PARK SUITES,OWEN ROAD,8,Non-Landed Properties,NA,"2,800",30 to 40,300 to 400,Feb-24
NON-LANDED HOUSING DEVELOPMENT,HERTFORD ROAD,8,Non-Landed Properties,NA,"2,800",160 to 170,"1,700 to 1,800",Feb-24
OXFORD SUITES,OXFORD ROAD,8,Non-Landed Properties,NA,"4,000",80 to 90,800 to 900,Feb-24
OXFORD SUITES,OXFORD ROAD,8,Non-Landed Properties,2,"3,300",90 to 100,"1,000 to 1,100",Feb-24
OXFORD SUITES,OXFORD ROAD,8,Non-Landed Properties,NA,"3,950",80 to 90,800 to 900,Feb-24
NON-LANDED HOUSING DEVELOPMENT,TYRWHITT ROAD,8,Non-Landed Properties,NA,"4,500",100 to 110,"1,000 to 1,100",Feb-24
THE MERLOT,KENG LEE ROAD,8,Non-Landed Properties,2,"3,500",80 to 90,800 to 900,Feb-24
CITYLIGHTS,JELLICOE ROAD,8,Non-Landed Properties,2,"5,400",80 to 90,"900 to 1,000",Feb-24
CITYLIGHTS,JELLICOE ROAD,8,Non-Landed Properties,1,"3,800",50 to 60,500 to 600,Feb-24
CITYLIGHTS,JELLICOE ROAD,8,Non-Landed Properties,1,"3,800",50 to 60,500 to 600,Feb-24
CITYLIGHTS,JELLICOE ROAD,8,Non-Landed Properties,1,"3,900",60 to 70,600 to 700,Feb-24
CITYLIGHTS,JELLICOE ROAD,8,Non-Landed Properties,3,"5,900",120 to 130,"1,300 to 1,400",Feb-24
CITYLIGHTS,JELLICOE ROAD,8,Non-Landed Properties,3,"6,900",130 to 140,"1,400 to 1,500",Feb-24
KENTISH GREEN,OXFORD ROAD,8,Non-Landed Properties,2,"4,100",100 to 110,"1,000 to 1,100",Feb-24
KENTISH GREEN,OXFORD ROAD,8,Non-Landed Properties,2,"3,800",110 to 120,"1,200 to 1,300",Feb-24
KENG LEE VIEW,KENG LEE ROAD,8,Non-Landed Properties,NA,"4,000",110 to 120,"1,200 to 1,300",Feb-24
KENG LEE VIEW,KENG LEE ROAD,8,Non-Landed Properties,NA,"4,000",110 to 120,"1,200 to 1,300",Feb-24
URBAN LOFTS,RANGOON ROAD,8,Non-Landed Properties,1,"2,600",30 to 40,400 to 500,Feb-24
URBAN LOFTS,RANGOON ROAD,8,Non-Landed Properties,1,"2,800",30 to 40,400 to 500,Feb-24
RESIDENCES @ SOMME,PETAIN ROAD,8,Non-Landed Properties,1,"3,000",30 to 40,400 to 500,Feb-24
RESIDENCES @ SOMME,PETAIN ROAD,8,Non-Landed Properties,1,"3,200",40 to 50,400 to 500,Feb-24
FORTE SUITES,MERGUI ROAD,8,Non-Landed Properties,2,"3,600",50 to 60,600 to 700,Feb-24
FORTE SUITES,MERGUI ROAD,8,Non-Landed Properties,1,"2,900",40 to 50,400 to 500,Feb-24
CAVAN SUITES,CAVAN ROAD,8,Non-Landed Properties,NA,"2,600",20 to 30,300 to 400,Feb-24
CAVAN SUITES,CAVAN ROAD,8,Non-Landed Properties,NA,"2,900",40 to 50,400 to 500,Feb-24
CITYSCAPE @FARRER PARK,MERGUI ROAD,8,Non-Landed Properties,2,"4,500",90 to 100,"1,000 to 1,100",Feb-24
CITYSCAPE @FARRER PARK,MERGUI ROAD,8,Non-Landed Properties,2,"4,500",90 to 100,"1,000 to 1,100",Feb-24
CITYSCAPE @FARRER PARK,MERGUI ROAD,8,Non-Landed Properties,2,"4,400",100 to 110,"1,100 to 1,200",Feb-24
CITYSCAPE @FARRER PARK,MERGUI ROAD,8,Non-Landed Properties,2,"4,400",100 to 110,"1,100 to 1,200",Feb-24
CITYSCAPE @FARRER PARK,MERGUI ROAD,8,Non-Landed Properties,2,"3,300",80 to 90,"900 to 1,000",Feb-24
CITYSCAPE @FARRER PARK,MERGUI ROAD,8,Non-Landed Properties,2,"4,200",90 to 100,"1,000 to 1,100",Feb-24
SPA BUILDING,VERDUN ROAD,8,Non-Landed Properties,4,"3,080",160 to 170,"1,700 to 1,800",Feb-24
28 RC SUITES,RACE COURSE LANE,8,Non-Landed Properties,1,"2,900",30 to 40,400 to 500,Feb-24
28 RC SUITES,RACE COURSE LANE,8,Non-Landed Properties,1,"2,800",30 to 40,400 to 500,Feb-24
DORSET MANSIONS,DORSET ROAD,8,Non-Landed Properties,NA,"3,400",80 to 90,"900 to 1,000",Feb-24
RANGOON 88,RANGOON ROAD,8,Non-Landed Properties,1,"2,900",40 to 50,400 to 500,Feb-24
RANGOON 88,RANGOON ROAD,8,Non-Landed Properties,2,"4,600",120 to 130,"1,300 to 1,400",Feb-24
NON-LANDED HOUSING DEVELOPMENT,CAMBRIDGE ROAD,8,Non-Landed Properties,NA,"3,900",140 to 150,"1,500 to 1,600",Feb-24
NON-LANDED HOUSING DEVELOPMENT,SING AVENUE,8,Non-Landed Properties,NA,"5,000",110 to 120,"1,200 to 1,300",Feb-24
NON-LANDED HOUSING DEVELOPMENT,SING AVENUE,8,Non-Landed Properties,NA,"5,000",100 to 110,"1,000 to 1,100",Feb-24
RITZ @ FARRER,RACE COURSE ROAD,8,Non-Landed Properties,1,"2,900",50 to 60,500 to 600,Feb-24
KENTISH LODGE,OXFORD ROAD,8,Non-Landed Properties,2,"3,800",90 to 100,"1,000 to 1,100",Feb-24
KENTISH LODGE,OXFORD ROAD,8,Non-Landed Properties,2,"4,000",90 to 100,"1,000 to 1,100",Feb-24
HERTFORD COLLECTION,HERTFORD ROAD,8,Non-Landed Properties,NA,"3,000",50 to 60,500 to 600,Feb-24
STUDIOS @ MARNE,MARNE ROAD,8,Non-Landed Properties,NA,"2,700",50 to 60,500 to 600,Feb-24
NON-LANDED HOUSING DEVELOPMENT,TESSENSOHN ROAD,8,Non-Landed Properties,NA,"3,800",110 to 120,"1,100 to 1,200",Feb-24
NON-LANDED HOUSING DEVELOPMENT,RANGOON ROAD,8,Non-Landed Properties,NA,"3,800",110 to 120,"1,200 to 1,300",Feb-24
NON-LANDED HOUSING DEVELOPMENT,RANGOON ROAD,8,Non-Landed Properties,NA,"3,000",60 to 70,600 to 700,Feb-24
HOA NAM BUILDING,FOCH ROAD,8,Non-Landed Properties,2,"3,500",70 to 80,800 to 900,Feb-24
NON-LANDED HOUSING DEVELOPMENT,BEATTY ROAD,8,Non-Landed Properties,NA,"4,700",110 to 120,"1,200 to 1,300",Feb-24
R66 APARTMENTS,RANGOON ROAD,8,Non-Landed Properties,1,"5,000",90 to 100,"900 to 1,000",Feb-24
R66 APARTMENTS,RANGOON ROAD,8,Non-Landed Properties,1,"2,900",40 to 50,500 to 600,Feb-24
NON-LANDED HOUSING DEVELOPMENT,STARLIGHT ROAD,8,Non-Landed Properties,NA,"3,600",120 to 130,"1,300 to 1,400",Feb-24
CLYDES RESIDENCE,MERGUI ROAD,8,Non-Landed Properties,1,"2,900",50 to 60,500 to 600,Feb-24
KERRISDALE,STURDEE ROAD,8,Non-Landed Properties,3,"5,800",110 to 120,"1,200 to 1,300",Jan-24
KERRISDALE,STURDEE ROAD,8,Non-Landed Properties,4,"7,500",130 to 140,"1,400 to 1,500",Jan-24
KERRISDALE,STURDEE ROAD,8,Non-Landed Properties,2,"4,600",90 to 100,"900 to 1,000",Jan-24
KERRISDALE,STURDEE ROAD,8,Non-Landed Properties,2,"4,400",90 to 100,"900 to 1,000",Jan-24
KERRISDALE,STURDEE ROAD,8,Non-Landed Properties,3,"6,000",110 to 120,"1,200 to 1,300",Jan-24
KERRISDALE,STURDEE ROAD,8,Non-Landed Properties,3,"5,500",110 to 120,"1,200 to 1,300",Jan-24
NON-LANDED HOUSING DEVELOPMENT,CHANDER ROAD,8,Non-Landed Properties,NA,"4,600",80 to 90,"900 to 1,000",Jan-24
CITY SQUARE RESIDENCES,KITCHENER LINK,8,Non-Landed Properties,1,"3,300",50 to 60,500 to 600,Jan-24
CITY SQUARE RESIDENCES,KITCHENER LINK,8,Non-Landed Properties,1,"3,800",50 to 60,500 to 600,Jan-24
CITY SQUARE RESIDENCES,KITCHENER LINK,8,Non-Landed Properties,2,"4,500",70 to 80,800 to 900,Jan-24
CITY SQUARE RESIDENCES,KITCHENER LINK,8,Non-Landed Properties,1,"3,500",50 to 60,500 to 600,Jan-24
CITY SQUARE RESIDENCES,KITCHENER LINK,8,Non-Landed Properties,2,"4,300",70 to 80,800 to 900,Jan-24
CITY SQUARE RESIDENCES,KITCHENER LINK,8,Non-Landed Properties,3,"5,750",110 to 120,"1,200 to 1,300",Jan-24
CITY SQUARE RESIDENCES,KITCHENER LINK,8,Non-Landed Properties,1,"3,600",50 to 60,500 to 600,Jan-24
CITY SQUARE RESIDENCES,KITCHENER LINK,8,Non-Landed Properties,1,"3,600",50 to 60,500 to 600,Jan-24
CITY SQUARE RESIDENCES,KITCHENER LINK,8,Non-Landed Properties,1,"3,200",50 to 60,500 to 600,Jan-24
CITY SQUARE RESIDENCES,KITCHENER LINK,8,Non-Landed Properties,2,"4,400",70 to 80,800 to 900,Jan-24
CITY SQUARE RESIDENCES,KITCHENER LINK,8,Non-Landed Properties,2,"4,650",70 to 80,800 to 900,Jan-24
CITY SQUARE RESIDENCES,KITCHENER LINK,8,Non-Landed Properties,4,"6,600",130 to 140,"1,500 to 1,600",Jan-24
CITY SQUARE RESIDENCES,KITCHENER LINK,8,Non-Landed Properties,3,"7,100",110 to 120,"1,200 to 1,300",Jan-24
CITY SQUARE RESIDENCES,KITCHENER LINK,8,Non-Landed Properties,2,"4,200",80 to 90,800 to 900,Jan-24
CITY SQUARE RESIDENCES,KITCHENER LINK,8,Non-Landed Properties,4,"7,500",130 to 140,"1,500 to 1,600",Jan-24
CITY SQUARE RESIDENCES,KITCHENER LINK,8,Non-Landed Properties,2,"4,150",80 to 90,800 to 900,Jan-24
CITY SQUARE RESIDENCES,KITCHENER LINK,8,Non-Landed Properties,2,"4,750",80 to 90,800 to 900,Jan-24
CITY SQUARE RESIDENCES,KITCHENER LINK,8,Non-Landed Properties,3,"7,100",110 to 120,"1,200 to 1,300",Jan-24
CITY SQUARE RESIDENCES,KITCHENER LINK,8,Non-Landed Properties,3,"6,000",110 to 120,"1,100 to 1,200",Jan-24
CITY SQUARE RESIDENCES,KITCHENER LINK,8,Non-Landed Properties,3,"4,700",110 to 120,"1,200 to 1,300",Jan-24
CITY SQUARE RESIDENCES,KITCHENER LINK,8,Non-Landed Properties,4,"7,000",130 to 140,"1,400 to 1,500",Jan-24
CITY SQUARE RESIDENCES,KITCHENER LINK,8,Non-Landed Properties,1,"3,450",50 to 60,500 to 600,Jan-24
CITY SQUARE RESIDENCES,KITCHENER LINK,8,Non-Landed Properties,4,"6,000",130 to 140,"1,400 to 1,500",Jan-24
CITY SQUARE RESIDENCES,KITCHENER LINK,8,Non-Landed Properties,3,"6,000",110 to 120,"1,200 to 1,300",Jan-24
CITY SQUARE RESIDENCES,KITCHENER LINK,8,Non-Landed Properties,3,"4,800",110 to 120,"1,100 to 1,200",Jan-24
CITY SQUARE RESIDENCES,KITCHENER LINK,8,Non-Landed Properties,2,"4,600",70 to 80,800 to 900,Jan-24
CITY SQUARE RESIDENCES,KITCHENER LINK,8,Non-Landed Properties,3,"5,800",110 to 120,"1,200 to 1,300",Jan-24
CITY SQUARE RESIDENCES,KITCHENER LINK,8,Non-Landed Properties,4,"6,188",140 to 150,"1,500 to 1,600",Jan-24
CITY SQUARE RESIDENCES,KITCHENER LINK,8,Non-Landed Properties,3,"6,300",110 to 120,"1,200 to 1,300",Jan-24
CITY SQUARE RESIDENCES,KITCHENER LINK,8,Non-Landed Properties,3,"6,088",110 to 120,"1,200 to 1,300",Jan-24
CITY SQUARE RESIDENCES,KITCHENER LINK,8,Non-Landed Properties,3,"5,400",110 to 120,"1,200 to 1,300",Jan-24
CITY SQUARE RESIDENCES,KITCHENER LINK,8,Non-Landed Properties,1,"3,400",50 to 60,500 to 600,Jan-24
STURDEE RESIDENCES,BEATTY ROAD,8,Non-Landed Properties,2,"4,800",60 to 70,600 to 700,Jan-24
STURDEE RESIDENCES,BEATTY ROAD,8,Non-Landed Properties,3,"5,200",80 to 90,"900 to 1,000",Jan-24
STURDEE RESIDENCES,BEATTY ROAD,8,Non-Landed Properties,2,"4,100",60 to 70,600 to 700,Jan-24
STURDEE RESIDENCES,BEATTY ROAD,8,Non-Landed Properties,1,"3,500",30 to 40,400 to 500,Jan-24
STURDEE RESIDENCES,BEATTY ROAD,8,Non-Landed Properties,2,"4,162",60 to 70,600 to 700,Jan-24
STURDEE RESIDENCES,BEATTY ROAD,8,Non-Landed Properties,1,"3,500",30 to 40,400 to 500,Jan-24
STURDEE RESIDENCES,BEATTY ROAD,8,Non-Landed Properties,3,"5,300",80 to 90,"900 to 1,000",Jan-24
STURDEE RESIDENCES,BEATTY ROAD,8,Non-Landed Properties,1,"3,400",30 to 40,400 to 500,Jan-24
LOFT @ RANGOON,RANGOON ROAD,8,Non-Landed Properties,1,"2,700",30 to 40,400 to 500,Jan-24
GOODLAND BUILDING,ROBERTS LANE,8,Non-Landed Properties,2,"12,000",170 to 180,"1,800 to 1,900",Jan-24
NON-LANDED HOUSING DEVELOPMENT,RACE COURSE ROAD,8,Non-Landed Properties,NA,"2,300",50 to 60,500 to 600,Jan-24
NON-LANDED HOUSING DEVELOPMENT,RACE COURSE ROAD,8,Non-Landed Properties,NA,"2,060",30 to 40,300 to 400,Jan-24
NON-LANDED HOUSING DEVELOPMENT,RACE COURSE ROAD,8,Non-Landed Properties,NA,"2,100",20 to 30,200 to 300,Jan-24
NON-LANDED HOUSING DEVELOPMENT,RACE COURSE ROAD,8,Non-Landed Properties,1,"2,600",110 to 120,"1,200 to 1,300",Jan-24
NON-LANDED HOUSING DEVELOPMENT,RACE COURSE ROAD,8,Non-Landed Properties,NA,"2,294",20 to 30,200 to 300,Jan-24
NON-LANDED HOUSING DEVELOPMENT,RACE COURSE ROAD,8,Non-Landed Properties,NA,"2,150",30 to 40,300 to 400,Jan-24
NON-LANDED HOUSING DEVELOPMENT,RACE COURSE ROAD,8,Non-Landed Properties,NA,"2,006",20 to 30,200 to 300,Jan-24
NON-LANDED HOUSING DEVELOPMENT,RACE COURSE ROAD,8,Non-Landed Properties,NA,"4,000",90 to 100,"1,000 to 1,100",Jan-24
SUITES @ OWEN,OWEN ROAD,8,Non-Landed Properties,1,"2,800",40 to 50,400 to 500,Jan-24
MERA SPRINGS,CARLISLE ROAD,8,Non-Landed Properties,4,"6,500",140 to 150,"1,500 to 1,600",Jan-24
TYRWHITT 139,TYRWHITT ROAD,8,Non-Landed Properties,1,"3,700",60 to 70,700 to 800,Jan-24
KENG LEE COURT,KENG LEE ROAD,8,Non-Landed Properties,2,"3,300",50 to 60,600 to 700,Jan-24
NON-LANDED HOUSING DEVELOPMENT,HAMILTON ROAD,8,Non-Landed Properties,NA,"4,300",80 to 90,"900 to 1,000",Jan-24
NON-LANDED HOUSING DEVELOPMENT,HAMILTON ROAD,8,Non-Landed Properties,NA,"3,100",140 to 150,"1,500 to 1,600",Jan-24
NON-LANDED HOUSING DEVELOPMENT,HAMILTON ROAD,8,Non-Landed Properties,NA,"3,000",130 to 140,"1,400 to 1,500",Jan-24
CITY LOFT,RACE COURSE ROAD,8,Non-Landed Properties,1,"2,650",30 to 40,300 to 400,Jan-24
NON-LANDED HOUSING DEVELOPMENT,HORNE ROAD,8,Non-Landed Properties,NA,"4,300",120 to 130,"1,300 to 1,400",Jan-24
SOHO 188,RACE COURSE ROAD,8,Non-Landed Properties,1,"2,750",30 to 40,300 to 400,Jan-24
UPTOWN @ FARRER,PERUMAL ROAD,8,Non-Landed Properties,4,"5,000",90 to 100,"1,000 to 1,100",Jan-24
UPTOWN @ FARRER,PERUMAL ROAD,8,Non-Landed Properties,3,"5,000",70 to 80,700 to 800,Jan-24
UPTOWN @ FARRER,PERUMAL ROAD,8,Non-Landed Properties,3,"5,000",70 to 80,700 to 800,Jan-24
UPTOWN @ FARRER,PERUMAL ROAD,8,Non-Landed Properties,3,"5,000",60 to 70,700 to 800,Jan-24
THE URBANITE,HERTFORD ROAD,8,Non-Landed Properties,2,"3,200",60 to 70,600 to 700,Jan-24
THE URBANITE,HERTFORD ROAD,8,Non-Landed Properties,2,"3,400",50 to 60,600 to 700,Jan-24
THE URBANITE,HERTFORD ROAD,8,Non-Landed Properties,2,"3,500",70 to 80,800 to 900,Jan-24
1953,TESSENSOHN ROAD,8,Non-Landed Properties,1,"3,800",50 to 60,600 to 700,Jan-24
CARLYX RESIDENCE,CARLISLE ROAD,8,Non-Landed Properties,1,"3,000",50 to 60,500 to 600,Jan-24
CITIGATE RESIDENCE,RANGOON ROAD,8,Non-Landed Properties,1,"2,700",50 to 60,500 to 600,Jan-24
CITIGATE RESIDENCE,RANGOON ROAD,8,Non-Landed Properties,1,"3,600",50 to 60,500 to 600,Jan-24
THE MERLOT,KENG LEE ROAD,8,Non-Landed Properties,1,"3,200",40 to 50,500 to 600,Jan-24
MAPLE LEAF ELITE 1,RANGOON ROAD,8,Non-Landed Properties,NA,"4,000",70 to 80,700 to 800,Jan-24
MAPLE LEAF ELITE 1,RANGOON ROAD,8,Non-Landed Properties,NA,"3,900",70 to 80,700 to 800,Jan-24
MAPLE LEAF ELITE 1,RANGOON ROAD,8,Non-Landed Properties,NA,"3,900",70 to 80,700 to 800,Jan-24
MAPLE LEAF ELITE 1,RANGOON ROAD,8,Non-Landed Properties,NA,"4,200",70 to 80,700 to 800,Jan-24
CITYLIGHTS,JELLICOE ROAD,8,Non-Landed Properties,2,"5,200",80 to 90,800 to 900,Jan-24
CITYLIGHTS,JELLICOE ROAD,8,Non-Landed Properties,1,"4,000",60 to 70,600 to 700,Jan-24
CITYLIGHTS,JELLICOE ROAD,8,Non-Landed Properties,1,"4,500",60 to 70,700 to 800,Jan-24
CITYLIGHTS,JELLICOE ROAD,8,Non-Landed Properties,2,"5,000",80 to 90,800 to 900,Jan-24
CITYLIGHTS,JELLICOE ROAD,8,Non-Landed Properties,2,"4,800",80 to 90,"900 to 1,000",Jan-24
CITYLIGHTS,JELLICOE ROAD,8,Non-Landed Properties,2,"4,600",80 to 90,800 to 900,Jan-24
CITYLIGHTS,JELLICOE ROAD,8,Non-Landed Properties,1,"4,400",60 to 70,700 to 800,Jan-24
CITYLIGHTS,JELLICOE ROAD,8,Non-Landed Properties,1,"3,800",60 to 70,600 to 700,Jan-24
CITYLIGHTS,JELLICOE ROAD,8,Non-Landed Properties,3,"5,900",120 to 130,"1,300 to 1,400",Jan-24
CITYLIGHTS,JELLICOE ROAD,8,Non-Landed Properties,3,"6,750",120 to 130,"1,300 to 1,400",Jan-24
KENG LEE VIEW,KENG LEE ROAD,8,Non-Landed Properties,NA,"3,550",110 to 120,"1,200 to 1,300",Jan-24
URBAN LOFTS,RANGOON ROAD,8,Non-Landed Properties,1,"2,500",30 to 40,400 to 500,Jan-24
URBAN LOFTS,RANGOON ROAD,8,Non-Landed Properties,1,"2,950",30 to 40,400 to 500,Jan-24
WISMA M.T.F.A.,ROBERTS LANE,8,Non-Landed Properties,3,"4,800",90 to 100,"900 to 1,000",Jan-24
WISMA M.T.F.A.,ROBERTS LANE,8,Non-Landed Properties,3,"5,300",110 to 120,"1,200 to 1,300",Jan-24
WISMA M.T.F.A.,ROBERTS LANE,8,Non-Landed Properties,3,"4,800",90 to 100,"900 to 1,000",Jan-24
WISMA M.T.F.A.,ROBERTS LANE,8,Non-Landed Properties,3,"4,800",90 to 100,"900 to 1,000",Jan-24
WISMA M.T.F.A.,ROBERTS LANE,8,Non-Landed Properties,3,"4,800",90 to 100,"900 to 1,000",Jan-24
FORTE SUITES,MERGUI ROAD,8,Non-Landed Properties,2,"3,500",50 to 60,600 to 700,Jan-24
FORTE SUITES,MERGUI ROAD,8,Non-Landed Properties,1,"2,900",40 to 50,400 to 500,Jan-24
CITYSCAPE @FARRER PARK,MERGUI ROAD,8,Non-Landed Properties,3,"5,500",120 to 130,"1,300 to 1,400",Jan-24
CITYSCAPE @FARRER PARK,MERGUI ROAD,8,Non-Landed Properties,2,"4,500",110 to 120,"1,200 to 1,300",Jan-24
CITYSCAPE @FARRER PARK,MERGUI ROAD,8,Non-Landed Properties,4,"9,200",260 to 270,"2,800 to 2,900",Jan-24
CITYSCAPE @FARRER PARK,MERGUI ROAD,8,Non-Landed Properties,2,"4,000",100 to 110,"1,100 to 1,200",Jan-24
28 RC SUITES,RACE COURSE LANE,8,Non-Landed Properties,1,"3,000",40 to 50,400 to 500,Jan-24
NON-LANDED HOUSING DEVELOPMENT,KELANTAN LANE,8,Non-Landed Properties,NA,"2,500",140 to 150,"1,500 to 1,600",Jan-24
NON-LANDED HOUSING DEVELOPMENT,SERANGOON ROAD,8,Non-Landed Properties,NA,"4,000",60 to 70,700 to 800,Jan-24
NON-LANDED HOUSING DEVELOPMENT,SERANGOON ROAD,8,Non-Landed Properties,NA,"3,000",60 to 70,700 to 800,Jan-24
NON-LANDED HOUSING DEVELOPMENT,SERANGOON ROAD,8,Non-Landed Properties,NA,"4,000",60 to 70,700 to 800,Jan-24
NON-LANDED HOUSING DEVELOPMENT,SERANGOON ROAD,8,Non-Landed Properties,NA,"2,730",110 to 120,"1,200 to 1,300",Jan-24
KENTISH COURT,OXFORD ROAD,8,Non-Landed Properties,2,"4,000",90 to 100,"1,000 to 1,100",Jan-24
KENTISH COURT,OXFORD ROAD,8,Non-Landed Properties,2,"4,400",90 to 100,"1,000 to 1,100",Jan-24
RANGOON 88,RANGOON ROAD,8,Non-Landed Properties,1,"3,200",30 to 40,400 to 500,Jan-24
NON-LANDED HOUSING DEVELOPMENT,CAMBRIDGE ROAD,8,Non-Landed Properties,NA,"2,950",70 to 80,800 to 900,Jan-24
70@TRURO,TRURO ROAD,8,Non-Landed Properties,2,"3,200",40 to 50,400 to 500,Jan-24
NON-LANDED HOUSING DEVELOPMENT,JOO AVENUE,8,Non-Landed Properties,NA,"3,500",90 to 100,"900 to 1,000",Jan-24
NON-LANDED HOUSING DEVELOPMENT,SING AVENUE,8,Non-Landed Properties,NA,"3,200",100 to 110,"1,100 to 1,200",Jan-24
JOOL SUITES,SING JOO WALK,8,Non-Landed Properties,1,"3,000",30 to 40,400 to 500,Jan-24
KENTISH LODGE,OXFORD ROAD,8,Non-Landed Properties,3,"3,300",100 to 110,"1,100 to 1,200",Jan-24
PRISTINE HEIGHTS,MERGUI ROAD,8,Non-Landed Properties,3,"5,100",90 to 100,"1,000 to 1,100",Jan-24
PRISTINE HEIGHTS,MERGUI ROAD,8,Non-Landed Properties,3,"5,000",120 to 130,"1,300 to 1,400",Jan-24
LITTLE INDIA CONSERVATION AREA,CUFF ROAD,8,Non-Landed Properties,NA,"7,500",160 to 170,"1,700 to 1,800",Jan-24
HOA NAM BUILDING,FOCH ROAD,8,Non-Landed Properties,2,"3,200",80 to 90,800 to 900,Jan-24
NON-LANDED HOUSING DEVELOPMENT,BEATTY ROAD,8,Non-Landed Properties,NA,"2,800",80 to 90,"900 to 1,000",Jan-24
R66 APARTMENTS,RANGOON ROAD,8,Non-Landed Properties,1,"3,000",40 to 50,400 to 500,Jan-24
NON-LANDED HOUSING DEVELOPMENT,STARLIGHT ROAD,8,Non-Landed Properties,NA,"3,300",70 to 80,800 to 900,Jan-24
NON-LANDED HOUSING DEVELOPMENT,OWEN ROAD,8,Non-Landed Properties,NA,"1,000",80 to 90,800 to 900,Jan-24
KING'S COURT,NORFOLK ROAD,8,Non-Landed Properties,3,"4,200",210 to 220,"2,300 to 2,400",Jan-24
CLYDES RESIDENCE,MERGUI ROAD,8,Non-Landed Properties,2,"4,300",160 to 170,"1,700 to 1,800",Jan-24
CLYDES RESIDENCE,MERGUI ROAD,8,Non-Landed Properties,1,"3,200",40 to 50,500 to 600,Jan-24
CLYDES RESIDENCE,MERGUI ROAD,8,Non-Landed Properties,2,"3,600",90 to 100,"1,000 to 1,100",Jan-24
NON-LANDED HOUSING DEVELOPMENT,BRISTOL ROAD,8,Non-Landed Properties,NA,"3,500",110 to 120,"1,200 to 1,300",Dec-23
KERRISDALE,STURDEE ROAD,8,Non-Landed Properties,2,"5,100",90 to 100,"900 to 1,000",Dec-23
KERRISDALE,STURDEE ROAD,8,Non-Landed Properties,3,"5,000",110 to 120,"1,200 to 1,300",Dec-23
KERRISDALE,STURDEE ROAD,8,Non-Landed Properties,3,"5,300",110 to 120,"1,200 to 1,300",Dec-23
CITY SQUARE RESIDENCES,KITCHENER LINK,8,Non-Landed Properties,1,"3,000",50 to 60,500 to 600,Dec-23
CITY SQUARE RESIDENCES,KITCHENER LINK,8,Non-Landed Properties,1,"3,600",50 to 60,500 to 600,Dec-23
CITY SQUARE RESIDENCES,KITCHENER LINK,8,Non-Landed Properties,3,"5,900",110 to 120,"1,200 to 1,300",Dec-23
CITY SQUARE RESIDENCES,KITCHENER LINK,8,Non-Landed Properties,1,"3,900",50 to 60,500 to 600,Dec-23
CITY SQUARE RESIDENCES,KITCHENER LINK,8,Non-Landed Properties,2,"4,850",70 to 80,800 to 900,Dec-23
CITY SQUARE RESIDENCES,KITCHENER LINK,8,Non-Landed Properties,2,"4,760",70 to 80,800 to 900,Dec-23
CITY SQUARE RESIDENCES,KITCHENER LINK,8,Non-Landed Properties,4,"7,700",140 to 150,"1,500 to 1,600",Dec-23
CITY SQUARE RESIDENCES,KITCHENER LINK,8,Non-Landed Properties,2,"4,250",70 to 80,800 to 900,Dec-23
CITY SQUARE RESIDENCES,KITCHENER LINK,8,Non-Landed Properties,2,"4,650",70 to 80,800 to 900,Dec-23
CITY SQUARE RESIDENCES,KITCHENER LINK,8,Non-Landed Properties,3,"5,800",110 to 120,"1,200 to 1,300",Dec-23
CITY SQUARE RESIDENCES,KITCHENER LINK,8,Non-Landed Properties,4,"7,800",130 to 140,"1,500 to 1,600",Dec-23
CITY SQUARE RESIDENCES,KITCHENER LINK,8,Non-Landed Properties,3,"1,350",110 to 120,"1,200 to 1,300",Dec-23
CITY SQUARE RESIDENCES,KITCHENER LINK,8,Non-Landed Properties,2,"5,000",80 to 90,800 to 900,Dec-23
CITY SQUARE RESIDENCES,KITCHENER LINK,8,Non-Landed Properties,2,"4,800",70 to 80,800 to 900,Dec-23
CITY SQUARE RESIDENCES,KITCHENER LINK,8,Non-Landed Properties,2,"4,600",70 to 80,800 to 900,Dec-23
CITY SQUARE RESIDENCES,KITCHENER LINK,8,Non-Landed Properties,3,"6,300",110 to 120,"1,200 to 1,300",Dec-23
CITY SQUARE RESIDENCES,KITCHENER LINK,8,Non-Landed Properties,3,"5,500",110 to 120,"1,200 to 1,300",Dec-23
CITY SQUARE RESIDENCES,KITCHENER LINK,8,Non-Landed Properties,2,"4,600",70 to 80,800 to 900,Dec-23
CITY SQUARE RESIDENCES,KITCHENER LINK,8,Non-Landed Properties,2,"4,600",70 to 80,800 to 900,Dec-23
CITY SQUARE RESIDENCES,KITCHENER LINK,8,Non-Landed Properties,2,"4,800",70 to 80,800 to 900,Dec-23
CITY SQUARE RESIDENCES,KITCHENER LINK,8,Non-Landed Properties,2,"4,500",70 to 80,800 to 900,Dec-23
HERTFORD MANSION,HERTFORD ROAD,8,Non-Landed Properties,NA,"4,800",110 to 120,"1,200 to 1,300",Dec-23
STURDEE RESIDENCES,BEATTY ROAD,8,Non-Landed Properties,2,"4,900",60 to 70,700 to 800,Dec-23
STURDEE RESIDENCES,BEATTY ROAD,8,Non-Landed Properties,2,"4,500",60 to 70,700 to 800,Dec-23
STURDEE RESIDENCES,BEATTY ROAD,8,Non-Landed Properties,1,"3,300",30 to 40,400 to 500,Dec-23
STURDEE RESIDENCES,BEATTY ROAD,8,Non-Landed Properties,2,"4,300",60 to 70,600 to 700,Dec-23
STURDEE RESIDENCES,BEATTY ROAD,8,Non-Landed Properties,3,"5,000",70 to 80,800 to 900,Dec-23
STURDEE RESIDENCES,BEATTY ROAD,8,Non-Landed Properties,3,"5,800",90 to 100,"1,000 to 1,100",Dec-23
STURDEE RESIDENCES,BEATTY ROAD,8,Non-Landed Properties,3,"5,800",70 to 80,800 to 900,Dec-23
STURDEE RESIDENCES,BEATTY ROAD,8,Non-Landed Properties,1,"3,500",30 to 40,400 to 500,Dec-23
LOFT @ RANGOON,RANGOON ROAD,8,Non-Landed Properties,1,"2,600",40 to 50,400 to 500,Dec-23
LOFT @ RANGOON,RANGOON ROAD,8,Non-Landed Properties,1,"3,200",40 to 50,400 to 500,Dec-23
GOODLAND BUILDING,ROBERTS LANE,8,Non-Landed Properties,3,"13,000",>300,>3000,Dec-23
PARC SOMME,SOMME ROAD,8,Non-Landed Properties,1,"2,500",30 to 40,300 to 400,Dec-23
PARC SOMME,SOMME ROAD,8,Non-Landed Properties,1,"3,600",20 to 30,300 to 400,Dec-23
NON-LANDED HOUSING DEVELOPMENT,RACE COURSE ROAD,8,Non-Landed Properties,NA,"2,100",20 to 30,200 to 300,Dec-23
NON-LANDED HOUSING DEVELOPMENT,RACE COURSE ROAD,8,Non-Landed Properties,1,"2,200",20 to 30,300 to 400,Dec-23
NON-LANDED HOUSING DEVELOPMENT,RACE COURSE ROAD,8,Non-Landed Properties,2,"2,564",70 to 80,700 to 800,Dec-23
SUITES @ OWEN,OWEN ROAD,8,Non-Landed Properties,1,"2,700",30 to 40,300 to 400,Dec-23
SOHO @ FARRER,RACE COURSE ROAD,8,Non-Landed Properties,1,"3,000",30 to 40,400 to 500,Dec-23
SOHO @ FARRER,RACE COURSE ROAD,8,Non-Landed Properties,1,"2,750",30 to 40,300 to 400,Dec-23
CARLYX GREEN,CARLISLE ROAD,8,Non-Landed Properties,3,"3,300",50 to 60,500 to 600,Dec-23
CARLYX GREEN,CARLISLE ROAD,8,Non-Landed Properties,3,"4,100",90 to 100,"900 to 1,000",Dec-23
TYRWHITT 139,TYRWHITT ROAD,8,Non-Landed Properties,1,"2,500",30 to 40,300 to 400,Dec-23
TYRWHITT 139,TYRWHITT ROAD,8,Non-Landed Properties,1,"2,800",40 to 50,400 to 500,Dec-23
TYRWHITT 139,TYRWHITT ROAD,8,Non-Landed Properties,1,"2,800",40 to 50,400 to 500,Dec-23
TYRWHITT 139,TYRWHITT ROAD,8,Non-Landed Properties,2,"3,500",40 to 50,500 to 600,Dec-23
TYRWHITT 139,TYRWHITT ROAD,8,Non-Landed Properties,1,"3,000",30 to 40,300 to 400,Dec-23
SUITES 123,RANGOON ROAD,8,Non-Landed Properties,2,"4,200",70 to 80,800 to 900,Dec-23
SUITES 123,RANGOON ROAD,8,Non-Landed Properties,2,"3,800",70 to 80,800 to 900,Dec-23
SUITES 123,RANGOON ROAD,8,Non-Landed Properties,1,"3,600",40 to 50,400 to 500,Dec-23
SOHO 188,RACE COURSE ROAD,8,Non-Landed Properties,1,"3,300",30 to 40,300 to 400,Dec-23
SOHO 188,RACE COURSE ROAD,8,Non-Landed Properties,1,"3,000",40 to 50,400 to 500,Dec-23
UPTOWN @ FARRER,PERUMAL ROAD,8,Non-Landed Properties,3,"5,500",60 to 70,600 to 700,Dec-23
UPTOWN @ FARRER,PERUMAL ROAD,8,Non-Landed Properties,3,"6,250",90 to 100,"1,000 to 1,100",Dec-23
UPTOWN @ FARRER,PERUMAL ROAD,8,Non-Landed Properties,3,"5,600",60 to 70,600 to 700,Dec-23
UPTOWN @ FARRER,PERUMAL ROAD,8,Non-Landed Properties,2,"4,000",40 to 50,500 to 600,Dec-23
CARLYX RESIDENCE,CARLISLE ROAD,8,Non-Landed Properties,2,"4,500",90 to 100,"1,000 to 1,100",Dec-23
NON-LANDED HOUSING DEVELOPMENT,KITCHENER ROAD,8,Non-Landed Properties,NA,"4,700",80 to 90,"900 to 1,000",Dec-23
CITIGATE RESIDENCE,RANGOON ROAD,8,Non-Landed Properties,1,"3,000",50 to 60,500 to 600,Dec-23
FARRER PARK SUITES,OWEN ROAD,8,Non-Landed Properties,NA,"2,800",30 to 40,400 to 500,Dec-23
NON-LANDED HOUSING DEVELOPMENT,HERTFORD ROAD,8,Non-Landed Properties,NA,"3,400",100 to 110,"1,100 to 1,200",Dec-23
OXFORD SUITES,OXFORD ROAD,8,Non-Landed Properties,2,"3,300",90 to 100,"1,000 to 1,100",Dec-23
MAPLE LEAF ELITE 1,RANGOON ROAD,8,Non-Landed Properties,NA,"4,150",70 to 80,700 to 800,Dec-23
MAPLE LEAF ELITE 1,RANGOON ROAD,8,Non-Landed Properties,NA,"4,800",80 to 90,"900 to 1,000",Dec-23
MAPLE LEAF ELITE 1,RANGOON ROAD,8,Non-Landed Properties,NA,"3,800",70 to 80,700 to 800,Dec-23
CITYLIGHTS,JELLICOE ROAD,8,Non-Landed Properties,3,"11,000",250 to 260,"2,700 to 2,800",Dec-23
CITYLIGHTS,JELLICOE ROAD,8,Non-Landed Properties,2,"5,000",80 to 90,800 to 900,Dec-23
CITYLIGHTS,JELLICOE ROAD,8,Non-Landed Properties,2,"4,500",80 to 90,800 to 900,Dec-23
CITYLIGHTS,JELLICOE ROAD,8,Non-Landed Properties,1,"4,300",60 to 70,600 to 700,Dec-23
CITYLIGHTS,JELLICOE ROAD,8,Non-Landed Properties,1,"4,000",50 to 60,500 to 600,Dec-23
CITYLIGHTS,JELLICOE ROAD,8,Non-Landed Properties,1,"4,000",60 to 70,600 to 700,Dec-23
CITYLIGHTS,JELLICOE ROAD,8,Non-Landed Properties,1,"4,400",60 to 70,600 to 700,Dec-23
CITYLIGHTS,JELLICOE ROAD,8,Non-Landed Properties,2,"4,700",80 to 90,800 to 900,Dec-23
CITYLIGHTS,JELLICOE ROAD,8,Non-Landed Properties,1,"4,300",60 to 70,600 to 700,Dec-23
CITYLIGHTS,JELLICOE ROAD,8,Non-Landed Properties,2,"4,600",80 to 90,800 to 900,Dec-23
CITYLIGHTS,JELLICOE ROAD,8,Non-Landed Properties,1,"3,900",60 to 70,600 to 700,Dec-23
CITYLIGHTS,JELLICOE ROAD,8,Non-Landed Properties,1,"4,000",50 to 60,500 to 600,Dec-23
CITYLIGHTS,JELLICOE ROAD,8,Non-Landed Properties,3,"6,600",130 to 140,"1,400 to 1,500",Dec-23
CITYLIGHTS,JELLICOE ROAD,8,Non-Landed Properties,3,"6,800",130 to 140,"1,400 to 1,500",Dec-23
CITYLIGHTS,JELLICOE ROAD,8,Non-Landed Properties,3,"7,000",130 to 140,"1,400 to 1,500",Dec-23
NON-LANDED HOUSING DEVELOPMENT,MERGUI ROAD,8,Non-Landed Properties,NA,"4,500",70 to 80,800 to 900,Dec-23
KENTISH GREEN,OXFORD ROAD,8,Non-Landed Properties,3,"6,000",110 to 120,"1,200 to 1,300",Dec-23
KENTISH GREEN,OXFORD ROAD,8,Non-Landed Properties,2,"4,050",90 to 100,"1,000 to 1,100",Dec-23
KENTISH GREEN,OXFORD ROAD,8,Non-Landed Properties,2,"4,200",100 to 110,"1,000 to 1,100",Dec-23
NON-LANDED HOUSING DEVELOPMENT,JALAN BESAR,8,Non-Landed Properties,NA,"4,400",60 to 70,600 to 700,Dec-23
URBAN LOFTS,RANGOON ROAD,8,Non-Landed Properties,1,"3,100",60 to 70,700 to 800,Dec-23
URBAN LOFTS,RANGOON ROAD,8,Non-Landed Properties,1,"3,000",40 to 50,500 to 600,Dec-23
RESIDENCES @ SOMME,PETAIN ROAD,8,Non-Landed Properties,1,"2,800",40 to 50,500 to 600,Dec-23
FORTE SUITES,MERGUI ROAD,8,Non-Landed Properties,1,"3,100",40 to 50,400 to 500,Dec-23
FORTE SUITES,MERGUI ROAD,8,Non-Landed Properties,2,"4,250",50 to 60,600 to 700,Dec-23
FORTE SUITES,MERGUI ROAD,8,Non-Landed Properties,2,"3,700",60 to 70,600 to 700,Dec-23
FORTE SUITES,MERGUI ROAD,8,Non-Landed Properties,1,"3,000",40 to 50,400 to 500,Dec-23
FORTE SUITES,MERGUI ROAD,8,Non-Landed Properties,2,"3,800",50 to 60,600 to 700,Dec-23
FORTE SUITES,MERGUI ROAD,8,Non-Landed Properties,3,"4,300",50 to 60,600 to 700,Dec-23
FORTE SUITES,MERGUI ROAD,8,Non-Landed Properties,2,"3,750",60 to 70,600 to 700,Dec-23
CAVAN SUITES,CAVAN ROAD,8,Non-Landed Properties,1,"2,400",30 to 40,300 to 400,Dec-23
CAVAN SUITES,CAVAN ROAD,8,Non-Landed Properties,1,"2,900",50 to 60,600 to 700,Dec-23
CAVAN SUITES,CAVAN ROAD,8,Non-Landed Properties,1,"2,850",40 to 50,400 to 500,Dec-23
CAVAN SUITES,CAVAN ROAD,8,Non-Landed Properties,NA,"2,700",30 to 40,400 to 500,Dec-23
CITYSCAPE @FARRER PARK,MERGUI ROAD,8,Non-Landed Properties,2,"4,200",80 to 90,"900 to 1,000",Dec-23
CITYSCAPE @FARRER PARK,MERGUI ROAD,8,Non-Landed Properties,3,"5,600",110 to 120,"1,200 to 1,300",Dec-23
CITYSCAPE @FARRER PARK,MERGUI ROAD,8,Non-Landed Properties,2,"4,500",100 to 110,"1,100 to 1,200",Dec-23
CITYSCAPE @FARRER PARK,MERGUI ROAD,8,Non-Landed Properties,3,"5,900",110 to 120,"1,200 to 1,300",Dec-23
CITYSCAPE @FARRER PARK,MERGUI ROAD,8,Non-Landed Properties,2,"3,900",90 to 100,"900 to 1,000",Dec-23
CITYSCAPE @FARRER PARK,MERGUI ROAD,8,Non-Landed Properties,2,"4,500",90 to 100,"1,000 to 1,100",Dec-23
CITYSCAPE @FARRER PARK,MERGUI ROAD,8,Non-Landed Properties,3,"6,000",110 to 120,"1,200 to 1,300",Dec-23
28 RC SUITES,RACE COURSE LANE,8,Non-Landed Properties,1,"3,500",70 to 80,800 to 900,Dec-23
28 RC SUITES,RACE COURSE LANE,8,Non-Landed Properties,1,"2,600",30 to 40,400 to 500,Dec-23
28 RC SUITES,RACE COURSE LANE,8,Non-Landed Properties,1,"2,800",30 to 40,400 to 500,Dec-23
NON-LANDED HOUSING DEVELOPMENT,SERANGOON ROAD,8,Non-Landed Properties,NA,"4,500",60 to 70,700 to 800,Dec-23
KENTISH COURT,OXFORD ROAD,8,Non-Landed Properties,2,"4,100",90 to 100,"1,000 to 1,100",Dec-23
RANGOON 88,RANGOON ROAD,8,Non-Landed Properties,1,"2,988",60 to 70,600 to 700,Dec-23
RANGOON 88,RANGOON ROAD,8,Non-Landed Properties,1,"3,100",60 to 70,600 to 700,Dec-23
MERGUI MANSIONS,MERGUI ROAD,8,Non-Landed Properties,3,"6,100",120 to 130,"1,300 to 1,400",Dec-23
MERGUI MANSIONS,MERGUI ROAD,8,Non-Landed Properties,3,"3,980",120 to 130,"1,300 to 1,400",Dec-23
MERGUI MANSIONS,MERGUI ROAD,8,Non-Landed Properties,3,"4,050",130 to 140,"1,400 to 1,500",Dec-23
NON-LANDED HOUSING DEVELOPMENT,SING AVENUE,8,Non-Landed Properties,NA,"4,300",110 to 120,"1,200 to 1,300",Dec-23
NON-LANDED HOUSING DEVELOPMENT,SING AVENUE,8,Non-Landed Properties,NA,"3,800",80 to 90,800 to 900,Dec-23
JOOL SUITES,SING JOO WALK,8,Non-Landed Properties,1,"3,180",30 to 40,300 to 400,Dec-23
JOOL SUITES,SING JOO WALK,8,Non-Landed Properties,1,"2,999",30 to 40,400 to 500,Dec-23
JOOL SUITES,SING JOO WALK,8,Non-Landed Properties,1,"3,000",60 to 70,600 to 700,Dec-23
JOOL SUITES,SING JOO WALK,8,Non-Landed Properties,1,"3,100",30 to 40,400 to 500,Dec-23
JOOL SUITES,SING JOO WALK,8,Non-Landed Properties,1,"2,550",30 to 40,400 to 500,Dec-23
JOOL SUITES,SING JOO WALK,8,Non-Landed Properties,1,"3,300",30 to 40,400 to 500,Dec-23
KENTISH LODGE,OXFORD ROAD,8,Non-Landed Properties,3,"4,800",100 to 110,"1,100 to 1,200",Dec-23
STUDIOS @ MARNE,MARNE ROAD,8,Non-Landed Properties,NA,"2,000",40 to 50,400 to 500,Dec-23
VOGX,DORSET ROAD,8,Non-Landed Properties,1,"3,000",40 to 50,500 to 600,Dec-23
NON-LANDED HOUSING DEVELOPMENT,TESSENSOHN ROAD,8,Non-Landed Properties,NA,"3,100",110 to 120,"1,100 to 1,200",Dec-23
NON-LANDED HOUSING DEVELOPMENT,RANGOON ROAD,8,Non-Landed Properties,NA,"6,100",140 to 150,"1,500 to 1,600",Dec-23
NON-LANDED HOUSING DEVELOPMENT,RANGOON ROAD,8,Non-Landed Properties,NA,"3,500",100 to 110,"1,000 to 1,100",Dec-23
NON-LANDED HOUSING DEVELOPMENT,RANGOON ROAD,8,Non-Landed Properties,NA,"2,800",100 to 110,"1,000 to 1,100",Dec-23
HOA NAM BUILDING,FOCH ROAD,8,Non-Landed Properties,2,"2,800",70 to 80,800 to 900,Dec-23
R66 APARTMENTS,RANGOON ROAD,8,Non-Landed Properties,1,"3,300",40 to 50,500 to 600,Dec-23
NON-LANDED HOUSING DEVELOPMENT,OWEN ROAD,8,Non-Landed Properties,NA,"3,800",120 to 130,"1,300 to 1,400",Dec-23
RACE COURSE BUILDING,RACE COURSE ROAD,8,Non-Landed Properties,NA,"5,000",200 to 210,"2,200 to 2,300",Nov-23
KERRISDALE,STURDEE ROAD,8,Non-Landed Properties,3,"5,500",110 to 120,"1,200 to 1,300",Nov-23
KERRISDALE,STURDEE ROAD,8,Non-Landed Properties,2,"3,100",90 to 100,"900 to 1,000",Nov-23
KERRISDALE,STURDEE ROAD,8,Non-Landed Properties,4,"6,600",130 to 140,"1,400 to 1,500",Nov-23
KERRISDALE,STURDEE ROAD,8,Non-Landed Properties,4,"6,600",130 to 140,"1,400 to 1,500",Nov-23
KERRISDALE,STURDEE ROAD,8,Non-Landed Properties,3,"5,400",110 to 120,"1,200 to 1,300",Nov-23
KERRISDALE,STURDEE ROAD,8,Non-Landed Properties,3,"5,200",110 to 120,"1,200 to 1,300",Nov-23
KERRISDALE,STURDEE ROAD,8,Non-Landed Properties,3,"5,100",110 to 120,"1,200 to 1,300",Nov-23
KERRISDALE,STURDEE ROAD,8,Non-Landed Properties,3,"5,100",110 to 120,"1,200 to 1,300",Nov-23
CITY SQUARE RESIDENCES,KITCHENER LINK,8,Non-Landed Properties,2,"4,650",70 to 80,800 to 900,Nov-23
CITY SQUARE RESIDENCES,KITCHENER LINK,8,Non-Landed Properties,2,"4,500",70 to 80,800 to 900,Nov-23
CITY SQUARE RESIDENCES,KITCHENER LINK,8,Non-Landed Properties,2,"4,500",70 to 80,800 to 900,Nov-23
CITY SQUARE RESIDENCES,KITCHENER LINK,8,Non-Landed Properties,2,"4,800",70 to 80,800 to 900,Nov-23
CITY SQUARE RESIDENCES,KITCHENER LINK,8,Non-Landed Properties,3,"5,850",110 to 120,"1,200 to 1,300",Nov-23
CITY SQUARE RESIDENCES,KITCHENER LINK,8,Non-Landed Properties,3,"6,600",110 to 120,"1,200 to 1,300",Nov-23
CITY SQUARE RESIDENCES,KITCHENER LINK,8,Non-Landed Properties,2,"4,300",70 to 80,800 to 900,Nov-23
CITY SQUARE RESIDENCES,KITCHENER LINK,8,Non-Landed Properties,4,"7,000",140 to 150,"1,500 to 1,600",Nov-23
CITY SQUARE RESIDENCES,KITCHENER LINK,8,Non-Landed Properties,1,"3,800",50 to 60,500 to 600,Nov-23
CITY SQUARE RESIDENCES,KITCHENER LINK,8,Non-Landed Properties,3,"6,400",110 to 120,"1,200 to 1,300",Nov-23
CITY SQUARE RESIDENCES,KITCHENER LINK,8,Non-Landed Properties,3,"5,800",110 to 120,"1,200 to 1,300",Nov-23
CITY SQUARE RESIDENCES,KITCHENER LINK,8,Non-Landed Properties,3,"5,100",110 to 120,"1,200 to 1,300",Nov-23
CITY SQUARE RESIDENCES,KITCHENER LINK,8,Non-Landed Properties,2,"4,600",80 to 90,800 to 900,Nov-23
CITY SQUARE RESIDENCES,KITCHENER LINK,8,Non-Landed Properties,1,"4,050",50 to 60,500 to 600,Nov-23
CITY SQUARE RESIDENCES,KITCHENER LINK,8,Non-Landed Properties,2,"4,750",70 to 80,800 to 900,Nov-23
CITY SQUARE RESIDENCES,KITCHENER LINK,8,Non-Landed Properties,1,"3,550",50 to 60,500 to 600,Nov-23
CITY SQUARE RESIDENCES,KITCHENER LINK,8,Non-Landed Properties,4,"6,000",130 to 140,"1,400 to 1,500",Nov-23
CITY SQUARE RESIDENCES,KITCHENER LINK,8,Non-Landed Properties,2,"4,000",70 to 80,800 to 900,Nov-23
CITY SQUARE RESIDENCES,KITCHENER LINK,8,Non-Landed Properties,1,"4,000",60 to 70,600 to 700,Nov-23
CITY SQUARE RESIDENCES,KITCHENER LINK,8,Non-Landed Properties,2,"5,000",70 to 80,800 to 900,Nov-23
CITY SQUARE RESIDENCES,KITCHENER LINK,8,Non-Landed Properties,1,"3,400",50 to 60,500 to 600,Nov-23
STURDEE RESIDENCES,BEATTY ROAD,8,Non-Landed Properties,2,"4,200",60 to 70,600 to 700,Nov-23
STURDEE RESIDENCES,BEATTY ROAD,8,Non-Landed Properties,1,"3,400",30 to 40,400 to 500,Nov-23
STURDEE RESIDENCES,BEATTY ROAD,8,Non-Landed Properties,3,"5,000",70 to 80,800 to 900,Nov-23
STURDEE RESIDENCES,BEATTY ROAD,8,Non-Landed Properties,1,"3,500",30 to 40,400 to 500,Nov-23
STURDEE RESIDENCES,BEATTY ROAD,8,Non-Landed Properties,1,"3,400",30 to 40,400 to 500,Nov-23
STURDEE RESIDENCES,BEATTY ROAD,8,Non-Landed Properties,3,"5,300",80 to 90,"900 to 1,000",Nov-23
STURDEE RESIDENCES,BEATTY ROAD,8,Non-Landed Properties,2,"4,000",50 to 60,500 to 600,Nov-23
STURDEE RESIDENCES,BEATTY ROAD,8,Non-Landed Properties,1,"3,200",30 to 40,400 to 500,Nov-23
STURDEE RESIDENCES,BEATTY ROAD,8,Non-Landed Properties,3,"5,600",80 to 90,"900 to 1,000",Nov-23
LOFT @ RANGOON,RANGOON ROAD,8,Non-Landed Properties,2,"3,900",70 to 80,800 to 900,Nov-23
PARC SOMME,SOMME ROAD,8,Non-Landed Properties,2,"3,650",50 to 60,500 to 600,Nov-23
JALAN BESAR PLAZA,KITCHENER ROAD,8,Non-Landed Properties,4,"4,400",140 to 150,"1,500 to 1,600",Nov-23
NON-LANDED HOUSING DEVELOPMENT,RACE COURSE ROAD,8,Non-Landed Properties,NA,"2,060",30 to 40,300 to 400,Nov-23
NON-LANDED HOUSING DEVELOPMENT,RACE COURSE ROAD,8,Non-Landed Properties,NA,"6,000",160 to 170,"1,800 to 1,900",Nov-23
NON-LANDED HOUSING DEVELOPMENT,STARLIGHT TERRACE,8,Non-Landed Properties,NA,"3,200",120 to 130,"1,300 to 1,400",Nov-23
NON-LANDED HOUSING DEVELOPMENT,STARLIGHT TERRACE,8,Non-Landed Properties,NA,"4,500",130 to 140,"1,400 to 1,500",Nov-23
NON-LANDED HOUSING DEVELOPMENT,CARLISLE ROAD,8,Non-Landed Properties,NA,"1,890",80 to 90,"900 to 1,000",Nov-23
MERA SPRINGS,CARLISLE ROAD,8,Non-Landed Properties,2,"4,700",90 to 100,"1,000 to 1,100",Nov-23
SOHO @ FARRER,RACE COURSE ROAD,8,Non-Landed Properties,1,"2,400",30 to 40,300 to 400,Nov-23
TYRWHITT 139,TYRWHITT ROAD,8,Non-Landed Properties,2,"3,800",40 to 50,500 to 600,Nov-23
TYRWHITT 139,TYRWHITT ROAD,8,Non-Landed Properties,1,"3,000",40 to 50,400 to 500,Nov-23
TYRWHITT 139,TYRWHITT ROAD,8,Non-Landed Properties,1,"2,500",30 to 40,300 to 400,Nov-23
TYRWHITT 139,TYRWHITT ROAD,8,Non-Landed Properties,1,"3,300",60 to 70,700 to 800,Nov-23
TYRWHITT 139,TYRWHITT ROAD,8,Non-Landed Properties,2,"4,500",80 to 90,"900 to 1,000",Nov-23
TYRWHITT 139,TYRWHITT ROAD,8,Non-Landed Properties,1,"2,700",30 to 40,300 to 400,Nov-23
TYRWHITT 139,TYRWHITT ROAD,8,Non-Landed Properties,1,"3,100",40 to 50,500 to 600,Nov-23
TYRWHITT 139,TYRWHITT ROAD,8,Non-Landed Properties,1,"3,000",40 to 50,400 to 500,Nov-23
CITY LOFT,RACE COURSE ROAD,8,Non-Landed Properties,1,"2,600",30 to 40,300 to 400,Nov-23
CITY LOFT,RACE COURSE ROAD,8,Non-Landed Properties,1,"2,800",30 to 40,300 to 400,Nov-23
SOHO 188,RACE COURSE ROAD,8,Non-Landed Properties,1,"2,900",30 to 40,400 to 500,Nov-23
UPTOWN @ FARRER,PERUMAL ROAD,8,Non-Landed Properties,3,"5,900",100 to 110,"1,100 to 1,200",Nov-23
UPTOWN @ FARRER,PERUMAL ROAD,8,Non-Landed Properties,2,"4,000",40 to 50,500 to 600,Nov-23
UPTOWN @ FARRER,PERUMAL ROAD,8,Non-Landed Properties,2,"3,800",40 to 50,500 to 600,Nov-23
UPTOWN @ FARRER,PERUMAL ROAD,8,Non-Landed Properties,3,"5,000",60 to 70,600 to 700,Nov-23
UPTOWN @ FARRER,PERUMAL ROAD,8,Non-Landed Properties,3,"6,500",90 to 100,"1,000 to 1,100",Nov-23
UPTOWN @ FARRER,PERUMAL ROAD,8,Non-Landed Properties,2,"4,000",40 to 50,500 to 600,Nov-23
THE URBANITE,HERTFORD ROAD,8,Non-Landed Properties,1,"2,900",40 to 50,400 to 500,Nov-23
VANADIUM,HERTFORD ROAD,8,Non-Landed Properties,3,"4,000",100 to 110,"1,100 to 1,200",Nov-23
VANADIUM,HERTFORD ROAD,8,Non-Landed Properties,2,"4,500",80 to 90,"900 to 1,000",Nov-23
STURDEE VIEW,STURDEE ROAD,8,Non-Landed Properties,3,"4,800",130 to 140,"1,400 to 1,500",Nov-23
THE CITRON RESIDENCES,MARNE ROAD,8,Non-Landed Properties,2,"3,800",60 to 70,600 to 700,Nov-23
THE CITRON RESIDENCES,MARNE ROAD,8,Non-Landed Properties,2,"3,500",60 to 70,600 to 700,Nov-23
THE CITRON RESIDENCES,MARNE ROAD,8,Non-Landed Properties,2,"4,600",60 to 70,600 to 700,Nov-23
THE CITRON RESIDENCES,MARNE ROAD,8,Non-Landed Properties,2,"4,500",60 to 70,600 to 700,Nov-23
CITIGATE RESIDENCE,RANGOON ROAD,8,Non-Landed Properties,1,"3,000",40 to 50,500 to 600,Nov-23
OXFORD SUITES,OXFORD ROAD,8,Non-Landed Properties,1,"3,400",60 to 70,600 to 700,Nov-23
NON-LANDED HOUSING DEVELOPMENT,CAVAN ROAD,8,Non-Landed Properties,NA,"3,300",90 to 100,"1,000 to 1,100",Nov-23
NON-LANDED HOUSING DEVELOPMENT,CAVAN ROAD,8,Non-Landed Properties,NA,"3,300",90 to 100,"1,000 to 1,100",Nov-23
FUTSING BUILDING,ALLENBY ROAD,8,Non-Landed Properties,NA,"10,400",210 to 220,"2,300 to 2,400",Nov-23
RANGOON COURT,RANGOON ROAD,8,Non-Landed Properties,3,"4,800",140 to 150,"1,500 to 1,600",Nov-23
THE MERLOT,KENG LEE ROAD,8,Non-Landed Properties,1,"3,200",40 to 50,500 to 600,Nov-23
CITYLIGHTS,JELLICOE ROAD,8,Non-Landed Properties,1,"3,750",50 to 60,500 to 600,Nov-23
CITYLIGHTS,JELLICOE ROAD,8,Non-Landed Properties,2,"5,000",80 to 90,800 to 900,Nov-23
CITYLIGHTS,JELLICOE ROAD,8,Non-Landed Properties,1,"3,900",60 to 70,600 to 700,Nov-23
CITYLIGHTS,JELLICOE ROAD,8,Non-Landed Properties,1,"4,500",60 to 70,600 to 700,Nov-23
CITYLIGHTS,JELLICOE ROAD,8,Non-Landed Properties,2,"5,000",80 to 90,"900 to 1,000",Nov-23
CITYLIGHTS,JELLICOE ROAD,8,Non-Landed Properties,2,"5,400",80 to 90,"900 to 1,000",Nov-23
CITYLIGHTS,JELLICOE ROAD,8,Non-Landed Properties,2,"4,800",80 to 90,800 to 900,Nov-23
CITYLIGHTS,JELLICOE ROAD,8,Non-Landed Properties,1,"3,800",50 to 60,500 to 600,Nov-23
CITYLIGHTS,JELLICOE ROAD,8,Non-Landed Properties,3,"6,300",120 to 130,"1,300 to 1,400",Nov-23
CITYLIGHTS,JELLICOE ROAD,8,Non-Landed Properties,3,"7,300",130 to 140,"1,400 to 1,500",Nov-23
CITYLIGHTS,JELLICOE ROAD,8,Non-Landed Properties,3,"6,500",130 to 140,"1,400 to 1,500",Nov-23
CITYLIGHTS,JELLICOE ROAD,8,Non-Landed Properties,3,"6,500",130 to 140,"1,400 to 1,500",Nov-23
NON-LANDED HOUSING DEVELOPMENT,JALAN BESAR,8,Non-Landed Properties,NA,"4,000",90 to 100,"1,000 to 1,100",Nov-23
URBAN LOFTS,RANGOON ROAD,8,Non-Landed Properties,1,"3,300",60 to 70,600 to 700,Nov-23
URBAN LOFTS,RANGOON ROAD,8,Non-Landed Properties,1,"2,800",40 to 50,400 to 500,Nov-23
URBAN LOFTS,RANGOON ROAD,8,Non-Landed Properties,2,"3,200",50 to 60,600 to 700,Nov-23
FORTE SUITES,MERGUI ROAD,8,Non-Landed Properties,2,"3,650",50 to 60,600 to 700,Nov-23
FORTE SUITES,MERGUI ROAD,8,Non-Landed Properties,2,"3,500",50 to 60,600 to 700,Nov-23
FORTE SUITES,MERGUI ROAD,8,Non-Landed Properties,1,"3,100",40 to 50,400 to 500,Nov-23
FORTE SUITES,MERGUI ROAD,8,Non-Landed Properties,2,"3,650",50 to 60,600 to 700,Nov-23
CITYSCAPE @FARRER PARK,MERGUI ROAD,8,Non-Landed Properties,2,"4,500",90 to 100,"1,000 to 1,100",Nov-23
CITYSCAPE @FARRER PARK,MERGUI ROAD,8,Non-Landed Properties,3,"5,300",130 to 140,"1,400 to 1,500",Nov-23
CITYSCAPE @FARRER PARK,MERGUI ROAD,8,Non-Landed Properties,3,"6,000",120 to 130,"1,300 to 1,400",Nov-23
CITYSCAPE @FARRER PARK,MERGUI ROAD,8,Non-Landed Properties,2,"4,500",100 to 110,"1,100 to 1,200",Nov-23
CITYSCAPE @FARRER PARK,MERGUI ROAD,8,Non-Landed Properties,2,"4,200",90 to 100,"1,000 to 1,100",Nov-23
CITYSCAPE @FARRER PARK,MERGUI ROAD,8,Non-Landed Properties,2,"4,700",90 to 100,"1,000 to 1,100",Nov-23
CITYSCAPE @FARRER PARK,MERGUI ROAD,8,Non-Landed Properties,2,"4,350",90 to 100,"1,000 to 1,100",Nov-23
CITYSCAPE @FARRER PARK,MERGUI ROAD,8,Non-Landed Properties,2,"4,500",100 to 110,"1,100 to 1,200",Nov-23
CITYSCAPE @FARRER PARK,MERGUI ROAD,8,Non-Landed Properties,2,"4,400",100 to 110,"1,100 to 1,200",Nov-23
CITYSCAPE @FARRER PARK,MERGUI ROAD,8,Non-Landed Properties,2,"4,500",90 to 100,"1,000 to 1,100",Nov-23
28 RC SUITES,RACE COURSE LANE,8,Non-Landed Properties,1,"2,900",30 to 40,400 to 500,Nov-23
SAM LEONG MANSION,SAM LEONG ROAD,8,Non-Landed Properties,NA,"3,700",90 to 100,"1,000 to 1,100",Nov-23
NON-LANDED HOUSING DEVELOPMENT,SERANGOON ROAD,8,Non-Landed Properties,NA,"2,200",160 to 170,"1,700 to 1,800",Nov-23
KENTISH COURT,OXFORD ROAD,8,Non-Landed Properties,2,"4,200",90 to 100,"1,000 to 1,100",Nov-23
RANGOON 88,RANGOON ROAD,8,Non-Landed Properties,1,"4,400",60 to 70,600 to 700,Nov-23
RANGOON 88,RANGOON ROAD,8,Non-Landed Properties,1,"3,150",30 to 40,400 to 500,Nov-23
RANGOON 88,RANGOON ROAD,8,Non-Landed Properties,1,"3,150",30 to 40,400 to 500,Nov-23
70@TRURO,TRURO ROAD,8,Non-Landed Properties,3,"4,300",70 to 80,800 to 900,Nov-23
JOOL SUITES,SING JOO WALK,8,Non-Landed Properties,1,"2,900",30 to 40,400 to 500,Nov-23
JOOL SUITES,SING JOO WALK,8,Non-Landed Properties,1,"3,500",30 to 40,300 to 400,Nov-23
JOOL SUITES,SING JOO WALK,8,Non-Landed Properties,1,"3,000",30 to 40,300 to 400,Nov-23
KENTISH LODGE,OXFORD ROAD,8,Non-Landed Properties,2,"4,200",100 to 110,"1,100 to 1,200",Nov-23
HERTFORD COLLECTION,HERTFORD ROAD,8,Non-Landed Properties,2,"5,500",90 to 100,"1,000 to 1,100",Nov-23
STUDIOS @ MARNE,MARNE ROAD,8,Non-Landed Properties,NA,"3,300",40 to 50,500 to 600,Nov-23
STUDIOS @ MARNE,MARNE ROAD,8,Non-Landed Properties,NA,"4,000",80 to 90,800 to 900,Nov-23
NON-LANDED HOUSING DEVELOPMENT,RANGOON ROAD,8,Non-Landed Properties,NA,"6,000",160 to 170,"1,800 to 1,900",Nov-23
PRISTINE HEIGHTS,MERGUI ROAD,8,Non-Landed Properties,2,"4,200",60 to 70,700 to 800,Nov-23
HOA NAM BUILDING,FOCH ROAD,8,Non-Landed Properties,2,"2,900",80 to 90,800 to 900,Nov-23
NON-LANDED HOUSING DEVELOPMENT,BEATTY ROAD,8,Non-Landed Properties,NA,"3,300",80 to 90,"900 to 1,000",Nov-23
R66 APARTMENTS,RANGOON ROAD,8,Non-Landed Properties,1,"2,900",50 to 60,600 to 700,Nov-23
NON-LANDED HOUSING DEVELOPMENT,FLANDERS SQUARE,8,Non-Landed Properties,NA,"2,400",90 to 100,"900 to 1,000",Nov-23
KERRISDALE,STURDEE ROAD,8,Non-Landed Properties,3,"5,400",110 to 120,"1,200 to 1,300",Oct-23
CITY SQUARE RESIDENCES,KITCHENER LINK,8,Non-Landed Properties,4,"7,800",140 to 150,"1,500 to 1,600",Oct-23
CITY SQUARE RESIDENCES,KITCHENER LINK,8,Non-Landed Properties,2,"4,700",70 to 80,800 to 900,Oct-23
CITY SQUARE RESIDENCES,KITCHENER LINK,8,Non-Landed Properties,1,"3,500",50 to 60,500 to 600,Oct-23
CITY SQUARE RESIDENCES,KITCHENER LINK,8,Non-Landed Properties,1,"3,600",50 to 60,500 to 600,Oct-23
CITY SQUARE RESIDENCES,KITCHENER LINK,8,Non-Landed Properties,1,"3,600",50 to 60,500 to 600,Oct-23
CITY SQUARE RESIDENCES,KITCHENER LINK,8,Non-Landed Properties,4,"6,900",140 to 150,"1,500 to 1,600",Oct-23
CITY SQUARE RESIDENCES,KITCHENER LINK,8,Non-Landed Properties,1,"3,500",50 to 60,500 to 600,Oct-23
CITY SQUARE RESIDENCES,KITCHENER LINK,8,Non-Landed Properties,4,"7,200",140 to 150,"1,500 to 1,600",Oct-23
CITY SQUARE RESIDENCES,KITCHENER LINK,8,Non-Landed Properties,1,"3,900",50 to 60,500 to 600,Oct-23
CITY SQUARE RESIDENCES,KITCHENER LINK,8,Non-Landed Properties,2,"4,250",70 to 80,800 to 900,Oct-23
CITY SQUARE RESIDENCES,KITCHENER LINK,8,Non-Landed Properties,3,"6,000",110 to 120,"1,200 to 1,300",Oct-23
CITY SQUARE RESIDENCES,KITCHENER LINK,8,Non-Landed Properties,4,"7,800",130 to 140,"1,500 to 1,600",Oct-23
CITY SQUARE RESIDENCES,KITCHENER LINK,8,Non-Landed Properties,3,"5,800",110 to 120,"1,200 to 1,300",Oct-23
CITY SQUARE RESIDENCES,KITCHENER LINK,8,Non-Landed Properties,4,"5,850",130 to 140,"1,400 to 1,500",Oct-23
CITY SQUARE RESIDENCES,KITCHENER LINK,8,Non-Landed Properties,1,"3,300",50 to 60,500 to 600,Oct-23
CITY SQUARE RESIDENCES,KITCHENER LINK,8,Non-Landed Properties,1,"4,000",50 to 60,500 to 600,Oct-23
CITY SQUARE RESIDENCES,KITCHENER LINK,8,Non-Landed Properties,3,"6,500",110 to 120,"1,100 to 1,200",Oct-23
CITY SQUARE RESIDENCES,KITCHENER LINK,8,Non-Landed Properties,1,"3,300",50 to 60,500 to 600,Oct-23
CITY SQUARE RESIDENCES,KITCHENER LINK,8,Non-Landed Properties,2,"4,550",70 to 80,800 to 900,Oct-23
CITY SQUARE RESIDENCES,KITCHENER LINK,8,Non-Landed Properties,3,"6,200",110 to 120,"1,200 to 1,300",Oct-23
CITY SQUARE RESIDENCES,KITCHENER LINK,8,Non-Landed Properties,1,"3,400",50 to 60,500 to 600,Oct-23
HERTFORD MANSION,HERTFORD ROAD,8,Non-Landed Properties,NA,"4,300",100 to 110,"1,100 to 1,200",Oct-23
STURDEE RESIDENCES,BEATTY ROAD,8,Non-Landed Properties,1,"3,400",30 to 40,400 to 500,Oct-23
STURDEE RESIDENCES,BEATTY ROAD,8,Non-Landed Properties,2,"4,500",60 to 70,600 to 700,Oct-23
STURDEE RESIDENCES,BEATTY ROAD,8,Non-Landed Properties,1,"3,000",30 to 40,400 to 500,Oct-23
STURDEE RESIDENCES,BEATTY ROAD,8,Non-Landed Properties,2,"4,500",50 to 60,500 to 600,Oct-23
STURDEE RESIDENCES,BEATTY ROAD,8,Non-Landed Properties,1,"3,100",30 to 40,400 to 500,Oct-23
STURDEE RESIDENCES,BEATTY ROAD,8,Non-Landed Properties,1,"3,500",30 to 40,400 to 500,Oct-23
STURDEE RESIDENCES,BEATTY ROAD,8,Non-Landed Properties,1,"3,500",30 to 40,400 to 500,Oct-23
STURDEE RESIDENCES,BEATTY ROAD,8,Non-Landed Properties,2,"4,400",60 to 70,700 to 800,Oct-23
STURDEE RESIDENCES,BEATTY ROAD,8,Non-Landed Properties,1,"3,000",30 to 40,400 to 500,Oct-23
LOFT @ RANGOON,RANGOON ROAD,8,Non-Landed Properties,2,"4,500",70 to 80,800 to 900,Oct-23
LOFT @ RANGOON,RANGOON ROAD,8,Non-Landed Properties,1,"2,800",30 to 40,400 to 500,Oct-23
PARC SOMME,SOMME ROAD,8,Non-Landed Properties,1,"2,900",40 to 50,400 to 500,Oct-23
JALAN BESAR PLAZA,KITCHENER ROAD,8,Non-Landed Properties,2,"3,200",80 to 90,"900 to 1,000",Oct-23
JALAN BESAR PLAZA,KITCHENER ROAD,8,Non-Landed Properties,4,"5,000",140 to 150,"1,500 to 1,600",Oct-23
NON-LANDED HOUSING DEVELOPMENT,RACE COURSE ROAD,8,Non-Landed Properties,NA,"2,006",20 to 30,200 to 300,Oct-23
NON-LANDED HOUSING DEVELOPMENT,RACE COURSE ROAD,8,Non-Landed Properties,NA,"2,000",20 to 30,200 to 300,Oct-23
NON-LANDED HOUSING DEVELOPMENT,RACE COURSE ROAD,8,Non-Landed Properties,1,"2,500",110 to 120,"1,200 to 1,300",Oct-23
NON-LANDED HOUSING DEVELOPMENT,PENHAS ROAD,8,Non-Landed Properties,NA,"5,800",100 to 110,"1,100 to 1,200",Oct-23
NON-LANDED HOUSING DEVELOPMENT,PENHAS ROAD,8,Non-Landed Properties,NA,"3,700",100 to 110,"1,100 to 1,200",Oct-23
NON-LANDED HOUSING DEVELOPMENT,PENHAS ROAD,8,Non-Landed Properties,NA,"3,900",100 to 110,"1,100 to 1,200",Oct-23
SUITES @ OWEN,OWEN ROAD,8,Non-Landed Properties,1,"3,000",40 to 50,500 to 600,Oct-23
SUITES @ OWEN,OWEN ROAD,8,Non-Landed Properties,2,"3,500",80 to 90,800 to 900,Oct-23
NON-LANDED HOUSING DEVELOPMENT,CARLISLE ROAD,8,Non-Landed Properties,NA,"1,890",80 to 90,"900 to 1,000",Oct-23
8 FARRER SUITES,SING JOO WALK,8,Non-Landed Properties,2,"3,800",50 to 60,600 to 700,Oct-23
8 FARRER SUITES,SING JOO WALK,8,Non-Landed Properties,2,"4,500",50 to 60,600 to 700,Oct-23
TYRWHITT 139,TYRWHITT ROAD,8,Non-Landed Properties,2,"4,000",80 to 90,800 to 900,Oct-23
TYRWHITT 139,TYRWHITT ROAD,8,Non-Landed Properties,1,"3,100",30 to 40,300 to 400,Oct-23
NON-LANDED HOUSING DEVELOPMENT,HAMILTON ROAD,8,Non-Landed Properties,NA,"3,100",110 to 120,"1,200 to 1,300",Oct-23
CITY LOFT,RACE COURSE ROAD,8,Non-Landed Properties,1,"2,600",30 to 40,300 to 400,Oct-23
CITY LOFT,RACE COURSE ROAD,8,Non-Landed Properties,1,"3,400",30 to 40,400 to 500,Oct-23
SUITES 123,RANGOON ROAD,8,Non-Landed Properties,1,"3,150",50 to 60,500 to 600,Oct-23
UPTOWN @ FARRER,PERUMAL ROAD,8,Non-Landed Properties,3,"5,300",70 to 80,700 to 800,Oct-23
UPTOWN @ FARRER,PERUMAL ROAD,8,Non-Landed Properties,2,"4,000",40 to 50,500 to 600,Oct-23
UPTOWN @ FARRER,PERUMAL ROAD,8,Non-Landed Properties,3,"5,500",70 to 80,800 to 900,Oct-23
THE URBANITE,HERTFORD ROAD,8,Non-Landed Properties,1,"3,200",40 to 50,400 to 500,Oct-23
THE URBANITE,HERTFORD ROAD,8,Non-Landed Properties,2,"3,900",60 to 70,700 to 800,Oct-23
1953,TESSENSOHN ROAD,8,Non-Landed Properties,NA,"3,100",40 to 50,400 to 500,Oct-23
1953,TESSENSOHN ROAD,8,Non-Landed Properties,NA,"3,200",40 to 50,500 to 600,Oct-23
VANADIUM,HERTFORD ROAD,8,Non-Landed Properties,3,"5,000",100 to 110,"1,000 to 1,100",Oct-23
CARLYX RESIDENCE,CARLISLE ROAD,8,Non-Landed Properties,2,"4,650",90 to 100,"1,000 to 1,100",Oct-23
THE CITRON RESIDENCES,MARNE ROAD,8,Non-Landed Properties,1,"2,700",30 to 40,300 to 400,Oct-23
CITIGATE RESIDENCE,RANGOON ROAD,8,Non-Landed Properties,2,"3,400",70 to 80,800 to 900,Oct-23
OXFORD SUITES,OXFORD ROAD,8,Non-Landed Properties,NA,"4,300",80 to 90,800 to 900,Oct-23
OXFORD SUITES,OXFORD ROAD,8,Non-Landed Properties,NA,"3,600",80 to 90,800 to 900,Oct-23
NON-LANDED HOUSING DEVELOPMENT,TYRWHITT ROAD,8,Non-Landed Properties,NA,"3,000",100 to 110,"1,000 to 1,100",Oct-23
NON-LANDED HOUSING DEVELOPMENT,TYRWHITT ROAD,8,Non-Landed Properties,NA,"3,000",100 to 110,"1,000 to 1,100",Oct-23
NON-LANDED HOUSING DEVELOPMENT,TYRWHITT ROAD,8,Non-Landed Properties,NA,"3,000",90 to 100,"1,000 to 1,100",Oct-23
THE MERLOT,KENG LEE ROAD,8,Non-Landed Properties,1,"3,200",40 to 50,500 to 600,Oct-23
CITYLIGHTS,JELLICOE ROAD,8,Non-Landed Properties,1,"4,700",60 to 70,700 to 800,Oct-23
CITYLIGHTS,JELLICOE ROAD,8,Non-Landed Properties,1,"4,400",60 to 70,600 to 700,Oct-23
CITYLIGHTS,JELLICOE ROAD,8,Non-Landed Properties,1,"4,300",60 to 70,600 to 700,Oct-23
CITYLIGHTS,JELLICOE ROAD,8,Non-Landed Properties,2,"5,000",80 to 90,800 to 900,Oct-23
CITYLIGHTS,JELLICOE ROAD,8,Non-Landed Properties,3,"9,500",170 to 180,"1,800 to 1,900",Oct-23
CITYLIGHTS,JELLICOE ROAD,8,Non-Landed Properties,1,"4,000",50 to 60,500 to 600,Oct-23
CITYLIGHTS,JELLICOE ROAD,8,Non-Landed Properties,3,"7,900",170 to 180,"1,800 to 1,900",Oct-23
CITYLIGHTS,JELLICOE ROAD,8,Non-Landed Properties,2,"4,800",80 to 90,"900 to 1,000",Oct-23
CITYLIGHTS,JELLICOE ROAD,8,Non-Landed Properties,1,"4,000",60 to 70,600 to 700,Oct-23
CITYLIGHTS,JELLICOE ROAD,8,Non-Landed Properties,1,"3,800",50 to 60,500 to 600,Oct-23
CITYLIGHTS,JELLICOE ROAD,8,Non-Landed Properties,1,"4,300",60 to 70,700 to 800,Oct-23
CITYLIGHTS,JELLICOE ROAD,8,Non-Landed Properties,2,"4,700",80 to 90,800 to 900,Oct-23
CITYLIGHTS,JELLICOE ROAD,8,Non-Landed Properties,1,"4,100",60 to 70,700 to 800,Oct-23
CITYLIGHTS,JELLICOE ROAD,8,Non-Landed Properties,2,"5,100",80 to 90,800 to 900,Oct-23
CITYLIGHTS,JELLICOE ROAD,8,Non-Landed Properties,1,"3,600",60 to 70,600 to 700,Oct-23
CITYLIGHTS,JELLICOE ROAD,8,Non-Landed Properties,3,"7,000",130 to 140,"1,400 to 1,500",Oct-23
KENTISH GREEN,OXFORD ROAD,8,Non-Landed Properties,3,"4,800",120 to 130,"1,300 to 1,400",Oct-23
KENTISH GREEN,OXFORD ROAD,8,Non-Landed Properties,2,"4,300",100 to 110,"1,000 to 1,100",Oct-23
KENTISH GREEN,OXFORD ROAD,8,Non-Landed Properties,2,"3,350",100 to 110,"1,100 to 1,200",Oct-23
KENTISH GREEN,OXFORD ROAD,8,Non-Landed Properties,2,"4,300",100 to 110,"1,000 to 1,100",Oct-23
KENTISH GREEN,OXFORD ROAD,8,Non-Landed Properties,2,"4,000",90 to 100,"1,000 to 1,100",Oct-23
NON-LANDED HOUSING DEVELOPMENT,JALAN BESAR,8,Non-Landed Properties,NA,"5,700",110 to 120,"1,200 to 1,300",Oct-23
NON-LANDED HOUSING DEVELOPMENT,JALAN BESAR,8,Non-Landed Properties,NA,"3,700",50 to 60,600 to 700,Oct-23
URBAN LOFTS,RANGOON ROAD,8,Non-Landed Properties,1,"2,500",50 to 60,500 to 600,Oct-23
URBAN LOFTS,RANGOON ROAD,8,Non-Landed Properties,1,"2,850",30 to 40,400 to 500,Oct-23
URBAN LOFTS,RANGOON ROAD,8,Non-Landed Properties,1,"2,700",30 to 40,400 to 500,Oct-23
RESIDENCES @ SOMME,PETAIN ROAD,8,Non-Landed Properties,1,"2,900",40 to 50,500 to 600,Oct-23
FORTE SUITES,MERGUI ROAD,8,Non-Landed Properties,3,"3,900",50 to 60,600 to 700,Oct-23
FORTE SUITES,MERGUI ROAD,8,Non-Landed Properties,2,"3,600",50 to 60,600 to 700,Oct-23
CITYSCAPE @FARRER PARK,MERGUI ROAD,8,Non-Landed Properties,3,"5,900",110 to 120,"1,200 to 1,300",Oct-23
CITYSCAPE @FARRER PARK,MERGUI ROAD,8,Non-Landed Properties,2,"4,900",100 to 110,"1,100 to 1,200",Oct-23
CITYSCAPE @FARRER PARK,MERGUI ROAD,8,Non-Landed Properties,3,"6,000",120 to 130,"1,300 to 1,400",Oct-23
CITYSCAPE @FARRER PARK,MERGUI ROAD,8,Non-Landed Properties,4,"9,500",270 to 280,>3000,Oct-23
CITYSCAPE @FARRER PARK,MERGUI ROAD,8,Non-Landed Properties,3,"5,500",110 to 120,"1,200 to 1,300",Oct-23
CITYSCAPE @FARRER PARK,MERGUI ROAD,8,Non-Landed Properties,2,"4,650",80 to 90,"900 to 1,000",Oct-23
CITYSCAPE @FARRER PARK,MERGUI ROAD,8,Non-Landed Properties,2,"4,200",90 to 100,"1,000 to 1,100",Oct-23
SPA BUILDING,VERDUN ROAD,8,Non-Landed Properties,4,"2,950",160 to 170,"1,700 to 1,800",Oct-23
28 RC SUITES,RACE COURSE LANE,8,Non-Landed Properties,1,"2,700",30 to 40,400 to 500,Oct-23
28 RC SUITES,RACE COURSE LANE,8,Non-Landed Properties,1,"4,000",30 to 40,400 to 500,Oct-23
28 RC SUITES,RACE COURSE LANE,8,Non-Landed Properties,1,"3,000",30 to 40,400 to 500,Oct-23
28 RC SUITES,RACE COURSE LANE,8,Non-Landed Properties,1,"3,800",30 to 40,400 to 500,Oct-23
NON-LANDED HOUSING DEVELOPMENT,KELANTAN LANE,8,Non-Landed Properties,NA,"2,850",190 to 200,"2,000 to 2,100",Oct-23
KENTISH COURT,OXFORD ROAD,8,Non-Landed Properties,3,"5,000",120 to 130,"1,300 to 1,400",Oct-23
KENTISH COURT,OXFORD ROAD,8,Non-Landed Properties,2,"4,200",100 to 110,"1,100 to 1,200",Oct-23
KENTISH COURT,OXFORD ROAD,8,Non-Landed Properties,2,"4,200",90 to 100,"1,000 to 1,100",Oct-23
KENTISH COURT,OXFORD ROAD,8,Non-Landed Properties,2,"4,500",90 to 100,"1,000 to 1,100",Oct-23
CITY STUDIOS,RACE COURSE LANE,8,Non-Landed Properties,1,"3,200",40 to 50,400 to 500,Oct-23
RANGOON 88,RANGOON ROAD,8,Non-Landed Properties,1,"3,300",50 to 60,600 to 700,Oct-23
RANGOON 88,RANGOON ROAD,8,Non-Landed Properties,1,"3,000",30 to 40,400 to 500,Oct-23
HERTFORD MANSION,BRISTOL ROAD,8,Non-Landed Properties,NA,"5,000",110 to 120,"1,200 to 1,300",Oct-23
MERGUI MANSIONS,MERGUI ROAD,8,Non-Landed Properties,3,"3,900",130 to 140,"1,400 to 1,500",Oct-23
NON-LANDED HOUSING DEVELOPMENT,CAMBRIDGE ROAD,8,Non-Landed Properties,NA,"3,700",70 to 80,800 to 900,Oct-23
70@TRURO,TRURO ROAD,8,Non-Landed Properties,2,"3,450",40 to 50,400 to 500,Oct-23
NON-LANDED HOUSING DEVELOPMENT,STURDEE ROAD,8,Non-Landed Properties,NA,"3,800",80 to 90,"900 to 1,000",Oct-23
RITZ @ FARRER,RACE COURSE ROAD,8,Non-Landed Properties,1,"3,500",70 to 80,700 to 800,Oct-23
RITZ @ FARRER,RACE COURSE ROAD,8,Non-Landed Properties,1,"4,200",70 to 80,700 to 800,Oct-23
KENTISH LODGE,OXFORD ROAD,8,Non-Landed Properties,2,"3,300",90 to 100,"1,000 to 1,100",Oct-23
STUDIOS @ MARNE,MARNE ROAD,8,Non-Landed Properties,NA,"3,200",50 to 60,500 to 600,Oct-23
PRISTINE HEIGHTS,MERGUI ROAD,8,Non-Landed Properties,3,"5,100",120 to 130,"1,300 to 1,400",Oct-23
PRISTINE HEIGHTS,MERGUI ROAD,8,Non-Landed Properties,2,"3,900",60 to 70,700 to 800,Oct-23
HOA NAM BUILDING,FOCH ROAD,8,Non-Landed Properties,2,"2,800",70 to 80,800 to 900,Oct-23
R66 APARTMENTS,RANGOON ROAD,8,Non-Landed Properties,1,"3,200",50 to 60,500 to 600,Oct-23
R66 APARTMENTS,RANGOON ROAD,8,Non-Landed Properties,1,"2,000",50 to 60,600 to 700,Oct-23
LITTLE INDIA CONSERVATION AREA,PERAK ROAD,8,Non-Landed Properties,NA,"5,300",120 to 130,"1,300 to 1,400",Oct-23
CLYDES RESIDENCE,MERGUI ROAD,8,Non-Landed Properties,2,"6,800",90 to 100,"1,000 to 1,100",Oct-23
