Project Name,Street Name,Postal District,Property Type,No of Bedroom,Monthly Rent ($),Floor Area (SQM),Floor Area (SQFT),Lease Commencement Date
PARC ROSEWOOD,ROSEWOOD DRIVE,25,Non-Landed Properties,1,"2,450",40 to 50,500 to 600,Apr-26
PARC ROSEWOOD,ROSEWOOD DRIVE,25,Non-Landed Properties,3,"4,000",70 to 80,800 to 900,Apr-26
ROSEWOOD,ROSEWOOD DRIVE,25,Non-Landed Properties,3,"4,200",100 to 110,"1,100 to 1,200",Apr-26
ROSEWOOD SUITES,ROSEWOOD DRIVE,25,Non-Landed Properties,3,"4,400",110 to 120,"1,200 to 1,300",Apr-26
CASABLANCA,ROSEWOOD DRIVE,25,Non-Landed Properties,2,"3,300",80 to 90,"900 to 1,000",Apr-26
THE WOODGROVE,WOODGROVE DRIVE,25,Non-Landed Properties,2,"3,900",80 to 90,800 to 900,Apr-26
PARC ROSEWOOD,ROSEWOOD DRIVE,25,Non-Landed Properties,1,"2,400",40 to 50,400 to 500,Apr-26
PARC ROSEWOOD,ROSEWOOD DRIVE,25,Non-Landed Properties,1,"2,650",40 to 50,500 to 600,Apr-26
WOODHAVEN,WOODGROVE AVENUE,25,Non-Landed Properties,1,"3,000",50 to 60,500 to 600,Apr-26
PARC ROSEWOOD,ROSEWOOD DRIVE,25,Non-Landed Properties,1,"2,500",40 to 50,400 to 500,Apr-26
WOODHAVEN,WOODGROVE AVENUE,25,Non-Landed Properties,1,"2,700",50 to 60,500 to 600,Apr-26
PARC ROSEWOOD,ROSEWOOD DRIVE,25,Non-Landed Properties,1,"2,400",40 to 50,400 to 500,Apr-26
ROSEWOOD,ROSEWOOD DRIVE,25,Non-Landed Properties,3,"4,200",100 to 110,"1,100 to 1,200",Apr-26
CASABLANCA,ROSEWOOD DRIVE,25,Non-Landed Properties,2,"3,500",80 to 90,"900 to 1,000",Apr-26
PARC ROSEWOOD,ROSEWOOD DRIVE,25,Non-Landed Properties,3,"3,500",70 to 80,800 to 900,Apr-26
CASABLANCA,ROSEWOOD DRIVE,25,Non-Landed Properties,3,"4,700",110 to 120,"1,100 to 1,200",Apr-26
CASABLANCA,ROSEWOOD DRIVE,25,Non-Landed Properties,3,"4,100",110 to 120,"1,100 to 1,200",Apr-26
ROSEWOOD,ROSEWOOD DRIVE,25,Non-Landed Properties,3,"4,100",100 to 110,"1,100 to 1,200",Apr-26
PARC ROSEWOOD,ROSEWOOD DRIVE,25,Non-Landed Properties,3,"3,700",70 to 80,800 to 900,Apr-26
WOODGROVE CONDOMINIUM,WOODGROVE DRIVE,25,Non-Landed Properties,3,"4,600",110 to 120,"1,200 to 1,300",Apr-26
PARC ROSEWOOD,ROSEWOOD DRIVE,25,Non-Landed Properties,1,"2,300",40 to 50,400 to 500,Apr-26
WOODHAVEN,WOODGROVE AVENUE,25,Non-Landed Properties,2,"3,700",70 to 80,800 to 900,Apr-26
PARC ROSEWOOD,ROSEWOOD DRIVE,25,Non-Landed Properties,1,"2,350",50 to 60,500 to 600,Apr-26
CASABLANCA,ROSEWOOD DRIVE,25,Non-Landed Properties,3,"4,700",110 to 120,"1,100 to 1,200",Apr-26
PARC ROSEWOOD,ROSEWOOD DRIVE,25,Non-Landed Properties,2,"2,800",50 to 60,500 to 600,Apr-26
PARC ROSEWOOD,ROSEWOOD DRIVE,25,Non-Landed Properties,2,"2,900",50 to 60,600 to 700,Apr-26
ROSEWOOD,ROSEWOOD DRIVE,25,Non-Landed Properties,3,"4,860",100 to 110,"1,100 to 1,200",Apr-26
ROSEWOOD,ROSEWOOD DRIVE,25,Non-Landed Properties,3,"3,800",100 to 110,"1,100 to 1,200",Apr-26
ROSEWOOD,ROSEWOOD DRIVE,25,Non-Landed Properties,3,"4,200",100 to 110,"1,100 to 1,200",Apr-26
PARC ROSEWOOD,ROSEWOOD DRIVE,25,Non-Landed Properties,1,"2,600",40 to 50,400 to 500,Apr-26
PARC ROSEWOOD,ROSEWOOD DRIVE,25,Non-Landed Properties,3,"3,300",90 to 100,"900 to 1,000",Apr-26
CASABLANCA,ROSEWOOD DRIVE,25,Non-Landed Properties,2,"3,600",80 to 90,"900 to 1,000",Apr-26
WOODGROVE CONDOMINIUM,WOODGROVE DRIVE,25,Non-Landed Properties,3,"4,600",110 to 120,"1,100 to 1,200",Apr-26
PARC ROSEWOOD,ROSEWOOD DRIVE,25,Non-Landed Properties,1,"2,648",40 to 50,400 to 500,Apr-26
ROSEWOOD,ROSEWOOD DRIVE,25,Non-Landed Properties,2,"3,300",90 to 100,"1,000 to 1,100",Apr-26
PARC ROSEWOOD,ROSEWOOD DRIVE,25,Non-Landed Properties,1,"2,500",40 to 50,400 to 500,Apr-26
CASABLANCA,ROSEWOOD DRIVE,25,Non-Landed Properties,3,"4,500",110 to 120,"1,100 to 1,200",Apr-26
WOODGROVE CONDOMINIUM,WOODGROVE DRIVE,25,Non-Landed Properties,3,"4,300",110 to 120,"1,100 to 1,200",Mar-26
ROSEWOOD SUITES,ROSEWOOD DRIVE,25,Non-Landed Properties,2,"3,000",60 to 70,600 to 700,Mar-26
PARC ROSEWOOD,ROSEWOOD DRIVE,25,Non-Landed Properties,1,"2,450",40 to 50,400 to 500,Mar-26
WOODHAVEN,WOODGROVE AVENUE,25,Non-Landed Properties,2,"3,700",70 to 80,800 to 900,Mar-26
WOODHAVEN,WOODGROVE AVENUE,25,Non-Landed Properties,1,"3,000",50 to 60,600 to 700,Mar-26
ROSEWOOD,ROSEWOOD DRIVE,25,Non-Landed Properties,4,"4,300",130 to 140,"1,400 to 1,500",Mar-26
ROSEWOOD,ROSEWOOD DRIVE,25,Non-Landed Properties,3,"4,200",110 to 120,"1,100 to 1,200",Mar-26
ROSEWOOD,ROSEWOOD DRIVE,25,Non-Landed Properties,2,"3,400",90 to 100,"1,000 to 1,100",Mar-26
CASABLANCA,ROSEWOOD DRIVE,25,Non-Landed Properties,3,"4,700",110 to 120,"1,100 to 1,200",Mar-26
PARC ROSEWOOD,ROSEWOOD DRIVE,25,Non-Landed Properties,1,"2,400",40 to 50,400 to 500,Mar-26
PARC ROSEWOOD,ROSEWOOD DRIVE,25,Non-Landed Properties,1,"2,500",40 to 50,400 to 500,Mar-26
ROSEWOOD SUITES,ROSEWOOD DRIVE,25,Non-Landed Properties,3,"4,000",120 to 130,"1,300 to 1,400",Mar-26
CASABLANCA,ROSEWOOD DRIVE,25,Non-Landed Properties,3,"4,100",110 to 120,"1,100 to 1,200",Mar-26
CASABLANCA,ROSEWOOD DRIVE,25,Non-Landed Properties,3,"4,000",110 to 120,"1,100 to 1,200",Mar-26
PARC ROSEWOOD,ROSEWOOD DRIVE,25,Non-Landed Properties,2,"2,900",50 to 60,600 to 700,Mar-26
PARC ROSEWOOD,ROSEWOOD DRIVE,25,Non-Landed Properties,1,"2,150",40 to 50,400 to 500,Mar-26
PARC ROSEWOOD,ROSEWOOD DRIVE,25,Non-Landed Properties,1,"2,450",40 to 50,400 to 500,Mar-26
THE WOODGROVE,WOODGROVE DRIVE,25,Non-Landed Properties,3,"3,800",90 to 100,"1,000 to 1,100",Mar-26
PARC ROSEWOOD,ROSEWOOD DRIVE,25,Non-Landed Properties,1,"2,600",40 to 50,400 to 500,Mar-26
PARC ROSEWOOD,ROSEWOOD DRIVE,25,Non-Landed Properties,1,"2,600",40 to 50,400 to 500,Mar-26
ROSEWOOD,ROSEWOOD DRIVE,25,Non-Landed Properties,2,"3,400",90 to 100,"1,000 to 1,100",Mar-26
WOODHAVEN,WOODGROVE AVENUE,25,Non-Landed Properties,2,"3,900",70 to 80,800 to 900,Mar-26
CASABLANCA,ROSEWOOD DRIVE,25,Non-Landed Properties,2,"3,300",80 to 90,"900 to 1,000",Mar-26
PARC ROSEWOOD,ROSEWOOD DRIVE,25,Non-Landed Properties,1,"2,500",40 to 50,400 to 500,Mar-26
PARC ROSEWOOD,ROSEWOOD DRIVE,25,Non-Landed Properties,1,"2,500",40 to 50,500 to 600,Mar-26
WOODHAVEN,WOODGROVE AVENUE,25,Non-Landed Properties,2,"3,500",60 to 70,700 to 800,Mar-26
ROSEWOOD,ROSEWOOD DRIVE,25,Non-Landed Properties,2,"3,200",90 to 100,"1,000 to 1,100",Mar-26
PARC ROSEWOOD,ROSEWOOD DRIVE,25,Non-Landed Properties,1,"3,500",40 to 50,400 to 500,Mar-26
PARC ROSEWOOD,ROSEWOOD DRIVE,25,Non-Landed Properties,2,"3,500",70 to 80,700 to 800,Mar-26
PARC ROSEWOOD,ROSEWOOD DRIVE,25,Non-Landed Properties,1,"2,500",40 to 50,400 to 500,Mar-26
PARC ROSEWOOD,ROSEWOOD DRIVE,25,Non-Landed Properties,1,"2,300",40 to 50,500 to 600,Mar-26
PARC ROSEWOOD,ROSEWOOD DRIVE,25,Non-Landed Properties,1,"2,200",40 to 50,400 to 500,Mar-26
WOODHAVEN,WOODGROVE AVENUE,25,Non-Landed Properties,1,"2,950",50 to 60,600 to 700,Mar-26
WOODHAVEN,WOODGROVE AVENUE,25,Non-Landed Properties,1,"2,750",50 to 60,600 to 700,Feb-26
PARC ROSEWOOD,ROSEWOOD DRIVE,25,Non-Landed Properties,1,"2,500",40 to 50,500 to 600,Feb-26
PARC ROSEWOOD,ROSEWOOD DRIVE,25,Non-Landed Properties,1,"2,300",40 to 50,400 to 500,Feb-26
ROSEWOOD,ROSEWOOD DRIVE,25,Non-Landed Properties,2,"3,600",90 to 100,"1,000 to 1,100",Feb-26
PARC ROSEWOOD,ROSEWOOD DRIVE,25,Non-Landed Properties,2,"2,900",50 to 60,600 to 700,Feb-26
WOODGROVE CONDOMINIUM,WOODGROVE DRIVE,25,Non-Landed Properties,3,"4,800",110 to 120,"1,200 to 1,300",Feb-26
ROSEWOOD,ROSEWOOD DRIVE,25,Non-Landed Properties,3,"3,800",100 to 110,"1,100 to 1,200",Feb-26
CASABLANCA,ROSEWOOD DRIVE,25,Non-Landed Properties,2,"3,800",80 to 90,"900 to 1,000",Feb-26
WOODHAVEN,WOODGROVE AVENUE,25,Non-Landed Properties,NA,"9,000",310 to 320,"3,300 to 3,400",Feb-26
THE WOODGROVE,WOODGROVE DRIVE,25,Non-Landed Properties,2,"3,500",80 to 90,800 to 900,Feb-26
PARC ROSEWOOD,ROSEWOOD DRIVE,25,Non-Landed Properties,1,"2,400",40 to 50,400 to 500,Feb-26
WOODHAVEN,WOODGROVE AVENUE,25,Non-Landed Properties,2,"3,700",70 to 80,800 to 900,Feb-26
PARC ROSEWOOD,ROSEWOOD DRIVE,25,Non-Landed Properties,1,"2,600",40 to 50,500 to 600,Feb-26
ROSEWOOD SUITES,ROSEWOOD DRIVE,25,Non-Landed Properties,3,"4,600",140 to 150,"1,500 to 1,600",Feb-26
PARC ROSEWOOD,ROSEWOOD DRIVE,25,Non-Landed Properties,2,"4,500",50 to 60,500 to 600,Feb-26
WOODHAVEN,WOODGROVE AVENUE,25,Non-Landed Properties,1,"2,850",50 to 60,600 to 700,Feb-26
PARC ROSEWOOD,ROSEWOOD DRIVE,25,Non-Landed Properties,1,"2,600",40 to 50,400 to 500,Feb-26
WOODGROVE CONDOMINIUM,WOODGROVE DRIVE,25,Non-Landed Properties,3,"4,500",110 to 120,"1,100 to 1,200",Feb-26
CASABLANCA,ROSEWOOD DRIVE,25,Non-Landed Properties,2,"3,500",80 to 90,"900 to 1,000",Feb-26
CASABLANCA,ROSEWOOD DRIVE,25,Non-Landed Properties,3,"4,100",100 to 110,"1,100 to 1,200",Feb-26
ROSEWOOD,ROSEWOOD DRIVE,25,Non-Landed Properties,3,"4,150",100 to 110,"1,100 to 1,200",Feb-26
WOODHAVEN,WOODGROVE AVENUE,25,Non-Landed Properties,2,"3,400",60 to 70,600 to 700,Feb-26
PARC ROSEWOOD,ROSEWOOD DRIVE,25,Non-Landed Properties,1,"2,150",40 to 50,400 to 500,Feb-26
PARC ROSEWOOD,ROSEWOOD DRIVE,25,Non-Landed Properties,1,"2,350",40 to 50,400 to 500,Jan-26
WOODHAVEN,WOODGROVE AVENUE,25,Non-Landed Properties,NA,"9,000",310 to 320,"3,300 to 3,400",Jan-26
PARC ROSEWOOD,ROSEWOOD DRIVE,25,Non-Landed Properties,1,"2,450",40 to 50,400 to 500,Jan-26
PARC ROSEWOOD,ROSEWOOD DRIVE,25,Non-Landed Properties,1,"2,500",40 to 50,400 to 500,Jan-26
PARC ROSEWOOD,ROSEWOOD DRIVE,25,Non-Landed Properties,2,"3,000",70 to 80,700 to 800,Jan-26
PARC ROSEWOOD,ROSEWOOD DRIVE,25,Non-Landed Properties,3,"4,000",70 to 80,800 to 900,Jan-26
WOODHAVEN,WOODGROVE AVENUE,25,Non-Landed Properties,1,"2,900",50 to 60,600 to 700,Jan-26
CASABLANCA,ROSEWOOD DRIVE,25,Non-Landed Properties,2,"3,200",80 to 90,"900 to 1,000",Jan-26
PARC ROSEWOOD,ROSEWOOD DRIVE,25,Non-Landed Properties,1,"2,300",40 to 50,400 to 500,Jan-26
WOODGROVE CONDOMINIUM,WOODGROVE DRIVE,25,Non-Landed Properties,3,"5,500",150 to 160,"1,600 to 1,700",Jan-26
WOODHAVEN,WOODGROVE AVENUE,25,Non-Landed Properties,1,"3,300",60 to 70,600 to 700,Jan-26
PARC ROSEWOOD,ROSEWOOD DRIVE,25,Non-Landed Properties,1,"2,600",40 to 50,400 to 500,Jan-26
WOODHAVEN,WOODGROVE AVENUE,25,Non-Landed Properties,3,"5,400",100 to 110,"1,100 to 1,200",Jan-26
PARC ROSEWOOD,ROSEWOOD DRIVE,25,Non-Landed Properties,2,"2,700",50 to 60,500 to 600,Jan-26
PARC ROSEWOOD,ROSEWOOD DRIVE,25,Non-Landed Properties,1,"2,500",50 to 60,500 to 600,Jan-26
PARC ROSEWOOD,ROSEWOOD DRIVE,25,Non-Landed Properties,1,"2,700",40 to 50,400 to 500,Jan-26
CASABLANCA,ROSEWOOD DRIVE,25,Non-Landed Properties,3,"4,000",110 to 120,"1,100 to 1,200",Jan-26
PARC ROSEWOOD,ROSEWOOD DRIVE,25,Non-Landed Properties,1,"2,450",40 to 50,400 to 500,Jan-26
PARC ROSEWOOD,ROSEWOOD DRIVE,25,Non-Landed Properties,1,"2,500",40 to 50,500 to 600,Jan-26
PARC ROSEWOOD,ROSEWOOD DRIVE,25,Non-Landed Properties,1,"2,300",50 to 60,500 to 600,Jan-26
WOODHAVEN,WOODGROVE AVENUE,25,Non-Landed Properties,2,"3,800",70 to 80,800 to 900,Jan-26
PARC ROSEWOOD,ROSEWOOD DRIVE,25,Non-Landed Properties,1,"2,350",40 to 50,400 to 500,Jan-26
WOODHAVEN,WOODGROVE AVENUE,25,Non-Landed Properties,1,"2,750",50 to 60,600 to 700,Jan-26
THE WOODGROVE,WOODGROVE DRIVE,25,Non-Landed Properties,2,"3,000",80 to 90,800 to 900,Jan-26
WOODHAVEN,WOODGROVE AVENUE,25,Non-Landed Properties,3,"5,600",100 to 110,"1,100 to 1,200",Jan-26
THE WOODGROVE,WOODGROVE DRIVE,25,Non-Landed Properties,2,"3,600",80 to 90,800 to 900,Jan-26
WOODHAVEN,WOODGROVE AVENUE,25,Non-Landed Properties,1,"2,900",50 to 60,600 to 700,Dec-25
CASABLANCA,ROSEWOOD DRIVE,25,Non-Landed Properties,3,"4,200",100 to 110,"1,100 to 1,200",Dec-25
WOODHAVEN,WOODGROVE AVENUE,25,Non-Landed Properties,1,"3,100",50 to 60,600 to 700,Dec-25
CASABLANCA,ROSEWOOD DRIVE,25,Non-Landed Properties,2,"3,500",80 to 90,"900 to 1,000",Dec-25
PARC ROSEWOOD,ROSEWOOD DRIVE,25,Non-Landed Properties,1,"2,650",40 to 50,500 to 600,Dec-25
PARC ROSEWOOD,ROSEWOOD DRIVE,25,Non-Landed Properties,1,"2,500",40 to 50,400 to 500,Dec-25
PARC ROSEWOOD,ROSEWOOD DRIVE,25,Non-Landed Properties,1,"2,600",40 to 50,400 to 500,Dec-25
WOODHAVEN,WOODGROVE AVENUE,25,Non-Landed Properties,1,"3,100",50 to 60,600 to 700,Dec-25
CASABLANCA,ROSEWOOD DRIVE,25,Non-Landed Properties,3,"4,200",110 to 120,"1,100 to 1,200",Dec-25
CASABLANCA,ROSEWOOD DRIVE,25,Non-Landed Properties,2,"3,500",80 to 90,"900 to 1,000",Dec-25
ROSEWOOD SUITES,ROSEWOOD DRIVE,25,Non-Landed Properties,1,"3,000",60 to 70,600 to 700,Dec-25
WOODGROVE CONDOMINIUM,WOODGROVE DRIVE,25,Non-Landed Properties,3,"4,400",110 to 120,"1,200 to 1,300",Dec-25
WOODHAVEN,WOODGROVE AVENUE,25,Non-Landed Properties,1,"2,700",50 to 60,500 to 600,Dec-25
ROSEWOOD,ROSEWOOD DRIVE,25,Non-Landed Properties,2,"3,350",90 to 100,"1,000 to 1,100",Dec-25
WOODGROVE CONDOMINIUM,WOODGROVE DRIVE,25,Non-Landed Properties,3,"6,800",200 to 210,"2,100 to 2,200",Dec-25
PARC ROSEWOOD,ROSEWOOD DRIVE,25,Non-Landed Properties,2,"2,900",50 to 60,600 to 700,Dec-25
ROSEWOOD SUITES,ROSEWOOD DRIVE,25,Non-Landed Properties,3,"4,300",110 to 120,"1,200 to 1,300",Dec-25
PARC ROSEWOOD,ROSEWOOD DRIVE,25,Non-Landed Properties,1,"2,700",40 to 50,400 to 500,Dec-25
PARC ROSEWOOD,ROSEWOOD DRIVE,25,Non-Landed Properties,2,"2,900",70 to 80,700 to 800,Dec-25
ROSEWOOD,ROSEWOOD DRIVE,25,Non-Landed Properties,3,"4,000",100 to 110,"1,100 to 1,200",Dec-25
ROSEWOOD SUITES,ROSEWOOD DRIVE,25,Non-Landed Properties,3,"4,200",100 to 110,"1,100 to 1,200",Dec-25
CASABLANCA,ROSEWOOD DRIVE,25,Non-Landed Properties,3,"3,650",110 to 120,"1,100 to 1,200",Dec-25
WOODHAVEN,WOODGROVE AVENUE,25,Non-Landed Properties,1,"3,000",60 to 70,600 to 700,Dec-25
ROSEWOOD,ROSEWOOD DRIVE,25,Non-Landed Properties,3,"3,500",110 to 120,"1,100 to 1,200",Dec-25
PARC ROSEWOOD,ROSEWOOD DRIVE,25,Non-Landed Properties,2,"2,900",50 to 60,500 to 600,Dec-25
WOODHAVEN,WOODGROVE AVENUE,25,Non-Landed Properties,1,"2,950",60 to 70,600 to 700,Dec-25
PARC ROSEWOOD,ROSEWOOD DRIVE,25,Non-Landed Properties,2,"2,800",50 to 60,500 to 600,Dec-25
WOODHAVEN,WOODGROVE AVENUE,25,Non-Landed Properties,1,"2,850",50 to 60,600 to 700,Dec-25
WOODHAVEN,WOODGROVE AVENUE,25,Non-Landed Properties,NA,"9,000",310 to 320,"3,300 to 3,400",Dec-25
PARC ROSEWOOD,ROSEWOOD DRIVE,25,Non-Landed Properties,1,"2,600",40 to 50,500 to 600,Dec-25
CASABLANCA,ROSEWOOD DRIVE,25,Non-Landed Properties,3,"4,300",110 to 120,"1,100 to 1,200",Dec-25
WOODGROVE CONDOMINIUM,WOODGROVE DRIVE,25,Non-Landed Properties,3,"6,000",200 to 210,"2,100 to 2,200",Dec-25
WOODHAVEN,WOODGROVE AVENUE,25,Non-Landed Properties,1,"3,500",50 to 60,600 to 700,Nov-25
PARC ROSEWOOD,ROSEWOOD DRIVE,25,Non-Landed Properties,1,"2,650",40 to 50,500 to 600,Nov-25
THE WOODGROVE,WOODGROVE DRIVE,25,Non-Landed Properties,2,"3,750",80 to 90,800 to 900,Nov-25
PARC ROSEWOOD,ROSEWOOD DRIVE,25,Non-Landed Properties,1,"2,400",40 to 50,400 to 500,Nov-25
ROSEWOOD,ROSEWOOD DRIVE,25,Non-Landed Properties,3,"4,400",110 to 120,"1,100 to 1,200",Nov-25
ROSEWOOD,ROSEWOOD DRIVE,25,Non-Landed Properties,2,"3,500",90 to 100,"1,000 to 1,100",Nov-25
PARC ROSEWOOD,ROSEWOOD DRIVE,25,Non-Landed Properties,1,"2,300",40 to 50,400 to 500,Nov-25
PARC ROSEWOOD,ROSEWOOD DRIVE,25,Non-Landed Properties,1,"2,600",40 to 50,400 to 500,Nov-25
WOODHAVEN,WOODGROVE AVENUE,25,Non-Landed Properties,NA,"8,500",310 to 320,"3,300 to 3,400",Nov-25
CASABLANCA,ROSEWOOD DRIVE,25,Non-Landed Properties,2,"3,200",80 to 90,"900 to 1,000",Nov-25
WOODHAVEN,WOODGROVE AVENUE,25,Non-Landed Properties,1,"2,700",50 to 60,500 to 600,Nov-25
ROSEWOOD SUITES,ROSEWOOD DRIVE,25,Non-Landed Properties,2,"3,000",60 to 70,600 to 700,Nov-25
PARC ROSEWOOD,ROSEWOOD DRIVE,25,Non-Landed Properties,1,"2,400",40 to 50,400 to 500,Nov-25
PARC ROSEWOOD,ROSEWOOD DRIVE,25,Non-Landed Properties,1,"2,200",40 to 50,400 to 500,Nov-25
PARC ROSEWOOD,ROSEWOOD DRIVE,25,Non-Landed Properties,2,"3,500",50 to 60,600 to 700,Nov-25
WOODHAVEN,WOODGROVE AVENUE,25,Non-Landed Properties,2,"3,700",70 to 80,800 to 900,Nov-25
CASABLANCA,ROSEWOOD DRIVE,25,Non-Landed Properties,3,"4,200",100 to 110,"1,100 to 1,200",Nov-25
ROSEWOOD,ROSEWOOD DRIVE,25,Non-Landed Properties,2,"3,600",130 to 140,"1,400 to 1,500",Nov-25
CASABLANCA,ROSEWOOD DRIVE,25,Non-Landed Properties,2,"3,600",80 to 90,"900 to 1,000",Nov-25
PARC ROSEWOOD,ROSEWOOD DRIVE,25,Non-Landed Properties,3,"3,500",70 to 80,800 to 900,Nov-25
WOODHAVEN,WOODGROVE AVENUE,25,Non-Landed Properties,3,"5,100",100 to 110,"1,100 to 1,200",Nov-25
PARC ROSEWOOD,ROSEWOOD DRIVE,25,Non-Landed Properties,1,"2,400",40 to 50,400 to 500,Nov-25
WOODHAVEN,WOODGROVE AVENUE,25,Non-Landed Properties,NA,"8,800",310 to 320,"3,300 to 3,400",Nov-25
WOODHAVEN,WOODGROVE AVENUE,25,Non-Landed Properties,1,"2,550",50 to 60,600 to 700,Nov-25
WOODHAVEN,WOODGROVE AVENUE,25,Non-Landed Properties,1,"3,100",50 to 60,600 to 700,Nov-25
PARC ROSEWOOD,ROSEWOOD DRIVE,25,Non-Landed Properties,1,"2,400",40 to 50,400 to 500,Nov-25
PARC ROSEWOOD,ROSEWOOD DRIVE,25,Non-Landed Properties,1,"2,200",40 to 50,400 to 500,Nov-25
WOODHAVEN,WOODGROVE AVENUE,25,Non-Landed Properties,2,"3,400",60 to 70,600 to 700,Nov-25
CASABLANCA,ROSEWOOD DRIVE,25,Non-Landed Properties,3,"4,000",110 to 120,"1,100 to 1,200",Nov-25
ROSEWOOD,ROSEWOOD DRIVE,25,Non-Landed Properties,2,"3,500",90 to 100,"1,000 to 1,100",Oct-25
PARC ROSEWOOD,ROSEWOOD DRIVE,25,Non-Landed Properties,1,"2,300",40 to 50,500 to 600,Oct-25
WOODHAVEN,WOODGROVE AVENUE,25,Non-Landed Properties,1,"2,900",60 to 70,600 to 700,Oct-25
PARC ROSEWOOD,ROSEWOOD DRIVE,25,Non-Landed Properties,1,"2,400",40 to 50,400 to 500,Oct-25
WOODHAVEN,WOODGROVE AVENUE,25,Non-Landed Properties,1,"3,000",50 to 60,500 to 600,Oct-25
PARC ROSEWOOD,ROSEWOOD DRIVE,25,Non-Landed Properties,1,"2,500",40 to 50,400 to 500,Oct-25
PARC ROSEWOOD,ROSEWOOD DRIVE,25,Non-Landed Properties,2,"2,800",50 to 60,600 to 700,Oct-25
PARC ROSEWOOD,ROSEWOOD DRIVE,25,Non-Landed Properties,1,"2,450",40 to 50,400 to 500,Oct-25
WOODHAVEN,WOODGROVE AVENUE,25,Non-Landed Properties,NA,"9,000",310 to 320,"3,300 to 3,400",Oct-25
WOODHAVEN,WOODGROVE AVENUE,25,Non-Landed Properties,3,"5,100",100 to 110,"1,100 to 1,200",Oct-25
PARC ROSEWOOD,ROSEWOOD DRIVE,25,Non-Landed Properties,2,"2,950",50 to 60,600 to 700,Oct-25
PARC ROSEWOOD,ROSEWOOD DRIVE,25,Non-Landed Properties,2,"2,700",50 to 60,500 to 600,Oct-25
WOODHAVEN,WOODGROVE AVENUE,25,Non-Landed Properties,1,"2,700",50 to 60,600 to 700,Oct-25
PARC ROSEWOOD,ROSEWOOD DRIVE,25,Non-Landed Properties,1,"2,400",40 to 50,400 to 500,Oct-25
PARC ROSEWOOD,ROSEWOOD DRIVE,25,Non-Landed Properties,1,"2,330",40 to 50,400 to 500,Oct-25
PARC ROSEWOOD,ROSEWOOD DRIVE,25,Non-Landed Properties,1,"2,400",40 to 50,500 to 600,Oct-25
PARC ROSEWOOD,ROSEWOOD DRIVE,25,Non-Landed Properties,1,"2,500",40 to 50,500 to 600,Oct-25
ROSEWOOD,ROSEWOOD DRIVE,25,Non-Landed Properties,3,"4,250",100 to 110,"1,100 to 1,200",Oct-25
CASABLANCA,ROSEWOOD DRIVE,25,Non-Landed Properties,2,"3,250",80 to 90,800 to 900,Oct-25
PARC ROSEWOOD,ROSEWOOD DRIVE,25,Non-Landed Properties,2,"3,400",50 to 60,600 to 700,Oct-25
PARC ROSEWOOD,ROSEWOOD DRIVE,25,Non-Landed Properties,1,"2,500",40 to 50,400 to 500,Oct-25
ROSEWOOD,ROSEWOOD DRIVE,25,Non-Landed Properties,4,"4,700",130 to 140,"1,400 to 1,500",Oct-25
WOODHAVEN,WOODGROVE AVENUE,25,Non-Landed Properties,3,"5,100",100 to 110,"1,100 to 1,200",Oct-25
WOODHAVEN,WOODGROVE AVENUE,25,Non-Landed Properties,3,"4,600",100 to 110,"1,100 to 1,200",Oct-25
ROSEWOOD,ROSEWOOD DRIVE,25,Non-Landed Properties,3,"4,860",100 to 110,"1,100 to 1,200",Oct-25
WOODHAVEN,WOODGROVE AVENUE,25,Non-Landed Properties,1,"2,800",50 to 60,500 to 600,Oct-25
CASABLANCA,ROSEWOOD DRIVE,25,Non-Landed Properties,2,"3,300",80 to 90,"900 to 1,000",Oct-25
PARC ROSEWOOD,ROSEWOOD DRIVE,25,Non-Landed Properties,2,"3,000",70 to 80,800 to 900,Oct-25
CASABLANCA,ROSEWOOD DRIVE,25,Non-Landed Properties,3,"4,000",100 to 110,"1,100 to 1,200",Oct-25
WOODGROVE CONDOMINIUM,WOODGROVE DRIVE,25,Non-Landed Properties,3,"6,000",180 to 190,"1,900 to 2,000",Oct-25
WOODHAVEN,WOODGROVE AVENUE,25,Non-Landed Properties,3,"5,100",100 to 110,"1,100 to 1,200",Oct-25
WOODHAVEN,WOODGROVE AVENUE,25,Non-Landed Properties,1,"2,600",50 to 60,500 to 600,Oct-25
PARC ROSEWOOD,ROSEWOOD DRIVE,25,Non-Landed Properties,3,"3,300",70 to 80,800 to 900,Sep-25
PARC ROSEWOOD,ROSEWOOD DRIVE,25,Non-Landed Properties,1,"2,550",40 to 50,500 to 600,Sep-25
WOODHAVEN,WOODGROVE AVENUE,25,Non-Landed Properties,3,"5,600",100 to 110,"1,100 to 1,200",Sep-25
CASABLANCA,ROSEWOOD DRIVE,25,Non-Landed Properties,2,"3,400",80 to 90,"900 to 1,000",Sep-25
CASABLANCA,ROSEWOOD DRIVE,25,Non-Landed Properties,3,"3,950",100 to 110,"1,100 to 1,200",Sep-25
ROSEWOOD,ROSEWOOD DRIVE,25,Non-Landed Properties,3,"4,000",100 to 110,"1,100 to 1,200",Sep-25
WOODHAVEN,WOODGROVE AVENUE,25,Non-Landed Properties,1,"2,700",50 to 60,600 to 700,Sep-25
PARC ROSEWOOD,ROSEWOOD DRIVE,25,Non-Landed Properties,1,"2,600",40 to 50,400 to 500,Sep-25
PARC ROSEWOOD,ROSEWOOD DRIVE,25,Non-Landed Properties,1,"2,500",40 to 50,400 to 500,Sep-25
ROSEWOOD,ROSEWOOD DRIVE,25,Non-Landed Properties,3,"3,650",100 to 110,"1,100 to 1,200",Sep-25
PARC ROSEWOOD,ROSEWOOD DRIVE,25,Non-Landed Properties,1,"2,400",40 to 50,400 to 500,Sep-25
WOODGROVE CONDOMINIUM,WOODGROVE DRIVE,25,Non-Landed Properties,3,"4,300",110 to 120,"1,100 to 1,200",Sep-25
PARC ROSEWOOD,ROSEWOOD DRIVE,25,Non-Landed Properties,1,"2,700",40 to 50,500 to 600,Sep-25
WOODHAVEN,WOODGROVE AVENUE,25,Non-Landed Properties,1,"2,800",50 to 60,600 to 700,Sep-25
PARC ROSEWOOD,ROSEWOOD DRIVE,25,Non-Landed Properties,2,"3,100",50 to 60,600 to 700,Sep-25
ROSEWOOD,ROSEWOOD DRIVE,25,Non-Landed Properties,3,"4,200",150 to 160,"1,600 to 1,700",Sep-25
PARC ROSEWOOD,ROSEWOOD DRIVE,25,Non-Landed Properties,1,"2,300",40 to 50,400 to 500,Sep-25
WOODGROVE CONDOMINIUM,WOODGROVE DRIVE,25,Non-Landed Properties,4,"10,000",290 to 300,"3,100 to 3,200",Sep-25
PARC ROSEWOOD,ROSEWOOD DRIVE,25,Non-Landed Properties,2,"3,000",50 to 60,500 to 600,Sep-25
ROSEWOOD SUITES,ROSEWOOD DRIVE,25,Non-Landed Properties,3,"3,800",90 to 100,"1,000 to 1,100",Sep-25
WOODHAVEN,WOODGROVE AVENUE,25,Non-Landed Properties,1,"2,500",50 to 60,600 to 700,Sep-25
PARC ROSEWOOD,ROSEWOOD DRIVE,25,Non-Landed Properties,1,"2,250",40 to 50,400 to 500,Sep-25
PARC ROSEWOOD,ROSEWOOD DRIVE,25,Non-Landed Properties,1,"2,500",40 to 50,400 to 500,Sep-25
PARC ROSEWOOD,ROSEWOOD DRIVE,25,Non-Landed Properties,1,"2,500",40 to 50,500 to 600,Sep-25
WOODHAVEN,WOODGROVE AVENUE,25,Non-Landed Properties,NA,"8,500",310 to 320,"3,300 to 3,400",Sep-25
PARC ROSEWOOD,ROSEWOOD DRIVE,25,Non-Landed Properties,1,"2,400",40 to 50,400 to 500,Sep-25
WOODHAVEN,WOODGROVE AVENUE,25,Non-Landed Properties,1,"2,800",50 to 60,600 to 700,Sep-25
PARC ROSEWOOD,ROSEWOOD DRIVE,25,Non-Landed Properties,2,"3,400",50 to 60,600 to 700,Sep-25
THE WOODGROVE,WOODGROVE DRIVE,25,Non-Landed Properties,2,"3,600",80 to 90,800 to 900,Sep-25
PARC ROSEWOOD,ROSEWOOD DRIVE,25,Non-Landed Properties,1,"2,550",40 to 50,500 to 600,Sep-25
WOODHAVEN,WOODGROVE AVENUE,25,Non-Landed Properties,2,"3,300",70 to 80,800 to 900,Sep-25
WOODHAVEN,WOODGROVE AVENUE,25,Non-Landed Properties,3,"5,300",100 to 110,"1,100 to 1,200",Sep-25
CASABLANCA,ROSEWOOD DRIVE,25,Non-Landed Properties,2,"3,000",80 to 90,"900 to 1,000",Sep-25
WOODHAVEN,WOODGROVE AVENUE,25,Non-Landed Properties,1,"2,900",50 to 60,500 to 600,Sep-25
THE WOODGROVE,WOODGROVE DRIVE,25,Non-Landed Properties,2,"3,800",80 to 90,800 to 900,Sep-25
WOODGROVE CONDOMINIUM,WOODGROVE DRIVE,25,Non-Landed Properties,3,"6,000",140 to 150,"1,500 to 1,600",Aug-25
PARC ROSEWOOD,ROSEWOOD DRIVE,25,Non-Landed Properties,1,"2,450",40 to 50,400 to 500,Aug-25
PARC ROSEWOOD,ROSEWOOD DRIVE,25,Non-Landed Properties,2,"2,750",50 to 60,500 to 600,Aug-25
PARC ROSEWOOD,ROSEWOOD DRIVE,25,Non-Landed Properties,1,"2,300",40 to 50,400 to 500,Aug-25
WOODHAVEN,WOODGROVE AVENUE,25,Non-Landed Properties,1,"2,500",50 to 60,500 to 600,Aug-25
PARC ROSEWOOD,ROSEWOOD DRIVE,25,Non-Landed Properties,2,"3,600",110 to 120,"1,200 to 1,300",Aug-25
PARC ROSEWOOD,ROSEWOOD DRIVE,25,Non-Landed Properties,1,"2,500",40 to 50,400 to 500,Aug-25
WOODHAVEN,WOODGROVE AVENUE,25,Non-Landed Properties,2,"3,650",60 to 70,600 to 700,Aug-25
PARC ROSEWOOD,ROSEWOOD DRIVE,25,Non-Landed Properties,2,"3,200",50 to 60,600 to 700,Aug-25
WOODHAVEN,WOODGROVE AVENUE,25,Non-Landed Properties,NA,"9,200",310 to 320,"3,300 to 3,400",Aug-25
PARC ROSEWOOD,ROSEWOOD DRIVE,25,Non-Landed Properties,1,"2,500",40 to 50,400 to 500,Aug-25
PARC ROSEWOOD,ROSEWOOD DRIVE,25,Non-Landed Properties,1,"2,300",40 to 50,400 to 500,Aug-25
WOODHAVEN,WOODGROVE AVENUE,25,Non-Landed Properties,1,"2,600",50 to 60,600 to 700,Aug-25
PARC ROSEWOOD,ROSEWOOD DRIVE,25,Non-Landed Properties,1,"2,500",40 to 50,400 to 500,Aug-25
PARC ROSEWOOD,ROSEWOOD DRIVE,25,Non-Landed Properties,1,"2,300",40 to 50,400 to 500,Aug-25
PARC ROSEWOOD,ROSEWOOD DRIVE,25,Non-Landed Properties,2,"3,000",70 to 80,700 to 800,Aug-25
THE WOODGROVE,WOODGROVE DRIVE,25,Non-Landed Properties,2,"3,900",80 to 90,800 to 900,Aug-25
WOODHAVEN,WOODGROVE AVENUE,25,Non-Landed Properties,3,"5,100",100 to 110,"1,100 to 1,200",Aug-25
PARC ROSEWOOD,ROSEWOOD DRIVE,25,Non-Landed Properties,1,"3,000",40 to 50,500 to 600,Aug-25
PARC ROSEWOOD,ROSEWOOD DRIVE,25,Non-Landed Properties,1,"2,900",40 to 50,400 to 500,Aug-25
PARC ROSEWOOD,ROSEWOOD DRIVE,25,Non-Landed Properties,2,"2,800",50 to 60,600 to 700,Aug-25
PARC ROSEWOOD,ROSEWOOD DRIVE,25,Non-Landed Properties,1,"2,400",40 to 50,400 to 500,Aug-25
CASABLANCA,ROSEWOOD DRIVE,25,Non-Landed Properties,2,"3,900",80 to 90,"900 to 1,000",Aug-25
PARC ROSEWOOD,ROSEWOOD DRIVE,25,Non-Landed Properties,2,"2,700",50 to 60,500 to 600,Aug-25
ROSEWOOD,ROSEWOOD DRIVE,25,Non-Landed Properties,3,"3,750",100 to 110,"1,100 to 1,200",Aug-25
WOODHAVEN,WOODGROVE AVENUE,25,Non-Landed Properties,3,"5,200",100 to 110,"1,100 to 1,200",Aug-25
CASABLANCA,ROSEWOOD DRIVE,25,Non-Landed Properties,3,"4,500",110 to 120,"1,100 to 1,200",Aug-25
PARC ROSEWOOD,ROSEWOOD DRIVE,25,Non-Landed Properties,1,"2,200",40 to 50,400 to 500,Aug-25
WOODHAVEN,WOODGROVE AVENUE,25,Non-Landed Properties,3,"5,000",100 to 110,"1,100 to 1,200",Aug-25
PARC ROSEWOOD,ROSEWOOD DRIVE,25,Non-Landed Properties,1,"2,800",40 to 50,500 to 600,Aug-25
WOODHAVEN,WOODGROVE AVENUE,25,Non-Landed Properties,2,"3,000",60 to 70,600 to 700,Aug-25
WOODHAVEN,WOODGROVE AVENUE,25,Non-Landed Properties,3,"5,100",100 to 110,"1,100 to 1,200",Aug-25
ROSEWOOD,ROSEWOOD DRIVE,25,Non-Landed Properties,3,"4,100",100 to 110,"1,100 to 1,200",Aug-25
PARC ROSEWOOD,ROSEWOOD DRIVE,25,Non-Landed Properties,2,"2,800",60 to 70,700 to 800,Aug-25
WOODHAVEN,WOODGROVE AVENUE,25,Non-Landed Properties,NA,"9,000",310 to 320,"3,300 to 3,400",Aug-25
WOODHAVEN,WOODGROVE AVENUE,25,Non-Landed Properties,NA,"8,600",310 to 320,"3,300 to 3,400",Aug-25
WOODHAVEN,WOODGROVE AVENUE,25,Non-Landed Properties,3,"5,100",100 to 110,"1,100 to 1,200",Aug-25
WOODHAVEN,WOODGROVE AVENUE,25,Non-Landed Properties,3,"5,300",120 to 130,"1,300 to 1,400",Aug-25
CASABLANCA,ROSEWOOD DRIVE,25,Non-Landed Properties,2,"3,500",80 to 90,"900 to 1,000",Aug-25
WOODGROVE CONDOMINIUM,WOODGROVE DRIVE,25,Non-Landed Properties,3,"4,900",110 to 120,"1,100 to 1,200",Aug-25
PARC ROSEWOOD,ROSEWOOD DRIVE,25,Non-Landed Properties,1,"2,600",40 to 50,500 to 600,Aug-25
ROSEWOOD SUITES,ROSEWOOD DRIVE,25,Non-Landed Properties,3,"4,100",110 to 120,"1,200 to 1,300",Aug-25
CASABLANCA,ROSEWOOD DRIVE,25,Non-Landed Properties,3,"4,200",110 to 120,"1,100 to 1,200",Aug-25
PARC ROSEWOOD,ROSEWOOD DRIVE,25,Non-Landed Properties,1,"2,500",40 to 50,400 to 500,Aug-25
ROSEWOOD,ROSEWOOD DRIVE,25,Non-Landed Properties,2,"3,700",90 to 100,"1,000 to 1,100",Aug-25
WOODHAVEN,WOODGROVE AVENUE,25,Non-Landed Properties,2,"3,400",60 to 70,600 to 700,Aug-25
CASABLANCA,ROSEWOOD DRIVE,25,Non-Landed Properties,3,"4,100",100 to 110,"1,100 to 1,200",Aug-25
PARC ROSEWOOD,ROSEWOOD DRIVE,25,Non-Landed Properties,2,"3,200",70 to 80,700 to 800,Aug-25
ROSEWOOD,ROSEWOOD DRIVE,25,Non-Landed Properties,3,"3,800",100 to 110,"1,100 to 1,200",Aug-25
WOODGROVE CONDOMINIUM,WOODGROVE DRIVE,25,Non-Landed Properties,3,"7,500",220 to 230,"2,400 to 2,500",Aug-25
WOODHAVEN,WOODGROVE AVENUE,25,Non-Landed Properties,2,"3,450",60 to 70,700 to 800,Aug-25
ROSEWOOD SUITES,ROSEWOOD DRIVE,25,Non-Landed Properties,3,"4,900",140 to 150,"1,500 to 1,600",Aug-25
THE WOODGROVE,WOODGROVE DRIVE,25,Non-Landed Properties,2,"2,900",70 to 80,800 to 900,Aug-25
WOODHAVEN,WOODGROVE AVENUE,25,Non-Landed Properties,3,"5,100",100 to 110,"1,100 to 1,200",Aug-25
CASABLANCA,ROSEWOOD DRIVE,25,Non-Landed Properties,3,"4,150",100 to 110,"1,100 to 1,200",Aug-25
PARC ROSEWOOD,ROSEWOOD DRIVE,25,Non-Landed Properties,2,"2,800",50 to 60,500 to 600,Aug-25
WOODGROVE CONDOMINIUM,WOODGROVE DRIVE,25,Non-Landed Properties,3,"4,200",110 to 120,"1,200 to 1,300",Aug-25
WOODHAVEN,WOODGROVE AVENUE,25,Non-Landed Properties,2,"3,700",70 to 80,800 to 900,Aug-25
ROSEWOOD SUITES,ROSEWOOD DRIVE,25,Non-Landed Properties,3,"5,000",150 to 160,"1,600 to 1,700",Aug-25
CASABLANCA,ROSEWOOD DRIVE,25,Non-Landed Properties,3,"3,900",100 to 110,"1,100 to 1,200",Jul-25
WOODHAVEN,WOODGROVE AVENUE,25,Non-Landed Properties,2,"3,350",60 to 70,700 to 800,Jul-25
PARC ROSEWOOD,ROSEWOOD DRIVE,25,Non-Landed Properties,1,"2,400",40 to 50,400 to 500,Jul-25
WOODGROVE CONDOMINIUM,WOODGROVE DRIVE,25,Non-Landed Properties,3,"4,550",110 to 120,"1,100 to 1,200",Jul-25
WOODHAVEN,WOODGROVE AVENUE,25,Non-Landed Properties,2,"2,900",60 to 70,600 to 700,Jul-25
CASABLANCA,ROSEWOOD DRIVE,25,Non-Landed Properties,3,"4,300",100 to 110,"1,100 to 1,200",Jul-25
CASABLANCA,ROSEWOOD DRIVE,25,Non-Landed Properties,3,"4,200",100 to 110,"1,100 to 1,200",Jul-25
WOODHAVEN,WOODGROVE AVENUE,25,Non-Landed Properties,1,"2,700",50 to 60,500 to 600,Jul-25
WOODHAVEN,WOODGROVE AVENUE,25,Non-Landed Properties,1,"2,600",50 to 60,500 to 600,Jul-25
PARC ROSEWOOD,ROSEWOOD DRIVE,25,Non-Landed Properties,1,"2,400",40 to 50,400 to 500,Jul-25
CASABLANCA,ROSEWOOD DRIVE,25,Non-Landed Properties,2,"3,400",80 to 90,"900 to 1,000",Jul-25
CASABLANCA,ROSEWOOD DRIVE,25,Non-Landed Properties,3,"4,550",110 to 120,"1,100 to 1,200",Jul-25
CASABLANCA,ROSEWOOD DRIVE,25,Non-Landed Properties,3,"4,500",110 to 120,"1,100 to 1,200",Jul-25
PARC ROSEWOOD,ROSEWOOD DRIVE,25,Non-Landed Properties,1,"2,700",40 to 50,500 to 600,Jul-25
WOODHAVEN,WOODGROVE AVENUE,25,Non-Landed Properties,NA,"9,000",310 to 320,"3,300 to 3,400",Jul-25
ROSEWOOD SUITES,ROSEWOOD DRIVE,25,Non-Landed Properties,3,"4,000",90 to 100,"1,000 to 1,100",Jul-25
WOODHAVEN,WOODGROVE AVENUE,25,Non-Landed Properties,NA,"9,000",310 to 320,"3,300 to 3,400",Jul-25
WOODGROVE CONDOMINIUM,WOODGROVE DRIVE,25,Non-Landed Properties,3,"4,300",110 to 120,"1,100 to 1,200",Jul-25
PARC ROSEWOOD,ROSEWOOD DRIVE,25,Non-Landed Properties,2,"2,900",50 to 60,500 to 600,Jul-25
WOODHAVEN,WOODGROVE AVENUE,25,Non-Landed Properties,NA,"8,200",310 to 320,"3,300 to 3,400",Jul-25
WOODGROVE CONDOMINIUM,WOODGROVE DRIVE,25,Non-Landed Properties,3,"4,200",110 to 120,"1,200 to 1,300",Jul-25
WOODHAVEN,WOODGROVE AVENUE,25,Non-Landed Properties,NA,"9,200",310 to 320,"3,300 to 3,400",Jul-25
WOODHAVEN,WOODGROVE AVENUE,25,Non-Landed Properties,1,"3,000",60 to 70,600 to 700,Jul-25
WOODGROVE CONDOMINIUM,WOODGROVE DRIVE,25,Non-Landed Properties,3,"7,600",180 to 190,"1,900 to 2,000",Jul-25
CASABLANCA,ROSEWOOD DRIVE,25,Non-Landed Properties,2,"3,600",80 to 90,"900 to 1,000",Jul-25
ROSEWOOD,ROSEWOOD DRIVE,25,Non-Landed Properties,2,"3,500",90 to 100,"1,000 to 1,100",Jul-25
CASABLANCA,ROSEWOOD DRIVE,25,Non-Landed Properties,2,"3,300",80 to 90,"900 to 1,000",Jul-25
PARC ROSEWOOD,ROSEWOOD DRIVE,25,Non-Landed Properties,2,"3,100",50 to 60,600 to 700,Jul-25
WOODHAVEN,WOODGROVE AVENUE,25,Non-Landed Properties,2,"3,500",70 to 80,800 to 900,Jul-25
WOODHAVEN,WOODGROVE AVENUE,25,Non-Landed Properties,2,"3,200",70 to 80,800 to 900,Jul-25
WOODGROVE CONDOMINIUM,WOODGROVE DRIVE,25,Non-Landed Properties,3,"4,700",110 to 120,"1,100 to 1,200",Jul-25
WOODHAVEN,WOODGROVE AVENUE,25,Non-Landed Properties,NA,"9,000",310 to 320,"3,300 to 3,400",Jul-25
WOODHAVEN,WOODGROVE AVENUE,25,Non-Landed Properties,1,"2,400",50 to 60,600 to 700,Jul-25
PARC ROSEWOOD,ROSEWOOD DRIVE,25,Non-Landed Properties,1,"2,300",40 to 50,400 to 500,Jul-25
WOODGROVE CONDOMINIUM,WOODGROVE DRIVE,25,Non-Landed Properties,3,"4,700",110 to 120,"1,200 to 1,300",Jul-25
WOODGROVE CONDOMINIUM,WOODGROVE DRIVE,25,Non-Landed Properties,3,"5,500",150 to 160,"1,600 to 1,700",Jul-25
ROSEWOOD,ROSEWOOD DRIVE,25,Non-Landed Properties,4,"4,900",130 to 140,"1,400 to 1,500",Jul-25
PARC ROSEWOOD,ROSEWOOD DRIVE,25,Non-Landed Properties,1,"2,250",40 to 50,400 to 500,Jul-25
PARC ROSEWOOD,ROSEWOOD DRIVE,25,Non-Landed Properties,1,"2,300",40 to 50,400 to 500,Jul-25
WOODHAVEN,WOODGROVE AVENUE,25,Non-Landed Properties,3,"5,100",100 to 110,"1,100 to 1,200",Jul-25
WOODHAVEN,WOODGROVE AVENUE,25,Non-Landed Properties,1,"2,600",50 to 60,600 to 700,Jul-25
ROSEWOOD,ROSEWOOD DRIVE,25,Non-Landed Properties,3,"3,800",100 to 110,"1,100 to 1,200",Jul-25
WOODGROVE CONDOMINIUM,WOODGROVE DRIVE,25,Non-Landed Properties,3,"5,100",110 to 120,"1,200 to 1,300",Jul-25
WOODHAVEN,WOODGROVE AVENUE,25,Non-Landed Properties,2,"4,000",90 to 100,"1,000 to 1,100",Jul-25
CASABLANCA,ROSEWOOD DRIVE,25,Non-Landed Properties,3,"5,000",110 to 120,"1,100 to 1,200",Jul-25
WOODGROVE CONDOMINIUM,WOODGROVE DRIVE,25,Non-Landed Properties,3,"8,100",200 to 210,"2,100 to 2,200",Jul-25
WOODGROVE CONDOMINIUM,WOODGROVE DRIVE,25,Non-Landed Properties,3,"5,900",180 to 190,"2,000 to 2,100",Jul-25
WOODGROVE CONDOMINIUM,WOODGROVE DRIVE,25,Non-Landed Properties,3,"5,600",150 to 160,"1,600 to 1,700",Jul-25
PARC ROSEWOOD,ROSEWOOD DRIVE,25,Non-Landed Properties,2,"2,900",50 to 60,600 to 700,Jul-25
CASABLANCA,ROSEWOOD DRIVE,25,Non-Landed Properties,3,"4,800",110 to 120,"1,100 to 1,200",Jul-25
PARC ROSEWOOD,ROSEWOOD DRIVE,25,Non-Landed Properties,1,"2,500",40 to 50,500 to 600,Jul-25
PARC ROSEWOOD,ROSEWOOD DRIVE,25,Non-Landed Properties,1,"2,588",40 to 50,500 to 600,Jul-25
PARC ROSEWOOD,ROSEWOOD DRIVE,25,Non-Landed Properties,1,"2,950",40 to 50,400 to 500,Jul-25
PARC ROSEWOOD,ROSEWOOD DRIVE,25,Non-Landed Properties,2,"3,000",50 to 60,500 to 600,Jul-25
PARC ROSEWOOD,ROSEWOOD DRIVE,25,Non-Landed Properties,1,"2,600",40 to 50,400 to 500,Jul-25
PARC ROSEWOOD,ROSEWOOD DRIVE,25,Non-Landed Properties,1,"2,400",40 to 50,400 to 500,Jul-25
CASABLANCA,ROSEWOOD DRIVE,25,Non-Landed Properties,3,"4,500",100 to 110,"1,100 to 1,200",Jul-25
CASABLANCA,ROSEWOOD DRIVE,25,Non-Landed Properties,3,"4,600",110 to 120,"1,100 to 1,200",Jul-25
THE WOODGROVE,WOODGROVE DRIVE,25,Non-Landed Properties,2,"3,900",80 to 90,800 to 900,Jul-25
CASABLANCA,ROSEWOOD DRIVE,25,Non-Landed Properties,3,"4,100",100 to 110,"1,100 to 1,200",Jul-25
PARC ROSEWOOD,ROSEWOOD DRIVE,25,Non-Landed Properties,1,"2,300",40 to 50,400 to 500,Jul-25
PARC ROSEWOOD,ROSEWOOD DRIVE,25,Non-Landed Properties,1,"2,300",40 to 50,400 to 500,Jul-25
WOODHAVEN,WOODGROVE AVENUE,25,Non-Landed Properties,3,"5,300",120 to 130,"1,300 to 1,400",Jul-25
WOODHAVEN,WOODGROVE AVENUE,25,Non-Landed Properties,1,"2,800",50 to 60,500 to 600,Jul-25
CASABLANCA,ROSEWOOD DRIVE,25,Non-Landed Properties,3,"3,500",100 to 110,"1,100 to 1,200",Jul-25
WOODGROVE CONDOMINIUM,WOODGROVE DRIVE,25,Non-Landed Properties,3,"5,400",150 to 160,"1,600 to 1,700",Jul-25
WOODGROVE CONDOMINIUM,WOODGROVE DRIVE,25,Non-Landed Properties,3,"5,600",150 to 160,"1,600 to 1,700",Jul-25
WOODHAVEN,WOODGROVE AVENUE,25,Non-Landed Properties,1,"2,500",50 to 60,600 to 700,Jul-25
WOODHAVEN,WOODGROVE AVENUE,25,Non-Landed Properties,1,"3,100",50 to 60,600 to 700,Jul-25
WOODHAVEN,WOODGROVE AVENUE,25,Non-Landed Properties,3,"5,800",100 to 110,"1,100 to 1,200",Jul-25
PARC ROSEWOOD,ROSEWOOD DRIVE,25,Non-Landed Properties,1,"2,500",40 to 50,400 to 500,Jul-25
PARC ROSEWOOD,ROSEWOOD DRIVE,25,Non-Landed Properties,1,"2,400",40 to 50,400 to 500,Jun-25
WOODGROVE CONDOMINIUM,WOODGROVE DRIVE,25,Non-Landed Properties,3,"8,000",230 to 240,"2,400 to 2,500",Jun-25
PARC ROSEWOOD,ROSEWOOD DRIVE,25,Non-Landed Properties,1,"2,400",40 to 50,400 to 500,Jun-25
ROSEWOOD,ROSEWOOD DRIVE,25,Non-Landed Properties,3,"4,200",100 to 110,"1,100 to 1,200",Jun-25
WOODHAVEN,WOODGROVE AVENUE,25,Non-Landed Properties,1,"2,550",50 to 60,500 to 600,Jun-25
ROSEWOOD SUITES,ROSEWOOD DRIVE,25,Non-Landed Properties,2,"3,600",90 to 100,"1,000 to 1,100",Jun-25
PARC ROSEWOOD,ROSEWOOD DRIVE,25,Non-Landed Properties,1,"2,200",40 to 50,400 to 500,Jun-25
CASABLANCA,ROSEWOOD DRIVE,25,Non-Landed Properties,3,"4,200",100 to 110,"1,100 to 1,200",Jun-25
PARC ROSEWOOD,ROSEWOOD DRIVE,25,Non-Landed Properties,1,"2,700",40 to 50,400 to 500,Jun-25
PARC ROSEWOOD,ROSEWOOD DRIVE,25,Non-Landed Properties,1,"2,400",40 to 50,400 to 500,Jun-25
CASABLANCA,ROSEWOOD DRIVE,25,Non-Landed Properties,2,"3,300",80 to 90,"900 to 1,000",Jun-25
PARC ROSEWOOD,ROSEWOOD DRIVE,25,Non-Landed Properties,1,"2,400",40 to 50,500 to 600,Jun-25
WOODHAVEN,WOODGROVE AVENUE,25,Non-Landed Properties,1,"2,700",50 to 60,500 to 600,Jun-25
WOODHAVEN,WOODGROVE AVENUE,25,Non-Landed Properties,2,"3,600",90 to 100,"1,000 to 1,100",Jun-25
WOODHAVEN,WOODGROVE AVENUE,25,Non-Landed Properties,2,"3,000",60 to 70,600 to 700,Jun-25
CASABLANCA,ROSEWOOD DRIVE,25,Non-Landed Properties,3,"3,700",100 to 110,"1,100 to 1,200",Jun-25
WOODGROVE CONDOMINIUM,WOODGROVE DRIVE,25,Non-Landed Properties,3,"7,300",180 to 190,"1,900 to 2,000",Jun-25
WOODGROVE CONDOMINIUM,WOODGROVE DRIVE,25,Non-Landed Properties,3,"6,000",140 to 150,"1,500 to 1,600",Jun-25
WOODHAVEN,WOODGROVE AVENUE,25,Non-Landed Properties,2,"3,900",70 to 80,800 to 900,Jun-25
CASABLANCA,ROSEWOOD DRIVE,25,Non-Landed Properties,3,"4,400",110 to 120,"1,100 to 1,200",Jun-25
ROSEWOOD,ROSEWOOD DRIVE,25,Non-Landed Properties,2,"3,200",90 to 100,"1,000 to 1,100",Jun-25
CASABLANCA,ROSEWOOD DRIVE,25,Non-Landed Properties,3,"3,900",100 to 110,"1,100 to 1,200",Jun-25
WOODGROVE CONDOMINIUM,WOODGROVE DRIVE,25,Non-Landed Properties,3,"4,300",110 to 120,"1,100 to 1,200",Jun-25
CASABLANCA,ROSEWOOD DRIVE,25,Non-Landed Properties,3,"4,100",110 to 120,"1,100 to 1,200",Jun-25
WOODHAVEN,WOODGROVE AVENUE,25,Non-Landed Properties,2,"3,700",70 to 80,800 to 900,Jun-25
WOODHAVEN,WOODGROVE AVENUE,25,Non-Landed Properties,1,"2,500",50 to 60,600 to 700,Jun-25
ROSEWOOD SUITES,ROSEWOOD DRIVE,25,Non-Landed Properties,4,"5,000",170 to 180,"1,800 to 1,900",Jun-25
WOODHAVEN,WOODGROVE AVENUE,25,Non-Landed Properties,2,"3,900",70 to 80,800 to 900,Jun-25
WOODGROVE CONDOMINIUM,WOODGROVE DRIVE,25,Non-Landed Properties,3,"7,000",180 to 190,"1,900 to 2,000",Jun-25
WOODHAVEN,WOODGROVE AVENUE,25,Non-Landed Properties,3,"5,000",100 to 110,"1,100 to 1,200",Jun-25
WOODGROVE CONDOMINIUM,WOODGROVE DRIVE,25,Non-Landed Properties,3,"7,000",160 to 170,"1,700 to 1,800",Jun-25
ROSEWOOD SUITES,ROSEWOOD DRIVE,25,Non-Landed Properties,2,"3,760",90 to 100,"1,000 to 1,100",Jun-25
ROSEWOOD,ROSEWOOD DRIVE,25,Non-Landed Properties,3,"4,200",150 to 160,"1,600 to 1,700",Jun-25
ROSEWOOD,ROSEWOOD DRIVE,25,Non-Landed Properties,4,"5,500",200 to 210,"2,100 to 2,200",Jun-25
WOODHAVEN,WOODGROVE AVENUE,25,Non-Landed Properties,2,"3,800",70 to 80,800 to 900,Jun-25
CASABLANCA,ROSEWOOD DRIVE,25,Non-Landed Properties,3,"4,300",110 to 120,"1,100 to 1,200",Jun-25
PARC ROSEWOOD,ROSEWOOD DRIVE,25,Non-Landed Properties,2,"2,900",50 to 60,600 to 700,Jun-25
WOODGROVE CONDOMINIUM,WOODGROVE DRIVE,25,Non-Landed Properties,3,"5,600",150 to 160,"1,700 to 1,800",Jun-25
WOODHAVEN,WOODGROVE AVENUE,25,Non-Landed Properties,2,"2,900",60 to 70,600 to 700,Jun-25
ROSEWOOD SUITES,ROSEWOOD DRIVE,25,Non-Landed Properties,4,"6,300",170 to 180,"1,800 to 1,900",Jun-25
PARC ROSEWOOD,ROSEWOOD DRIVE,25,Non-Landed Properties,1,"2,400",40 to 50,500 to 600,Jun-25
WOODGROVE CONDOMINIUM,WOODGROVE DRIVE,25,Non-Landed Properties,3,"6,500",230 to 240,"2,500 to 2,600",Jun-25
WOODHAVEN,WOODGROVE AVENUE,25,Non-Landed Properties,1,"2,950",50 to 60,600 to 700,Jun-25
WOODHAVEN,WOODGROVE AVENUE,25,Non-Landed Properties,2,"2,900",60 to 70,600 to 700,Jun-25
PARC ROSEWOOD,ROSEWOOD DRIVE,25,Non-Landed Properties,2,"2,600",50 to 60,500 to 600,Jun-25
PARC ROSEWOOD,ROSEWOOD DRIVE,25,Non-Landed Properties,2,"2,800",50 to 60,500 to 600,Jun-25
THE WOODGROVE,WOODGROVE DRIVE,25,Non-Landed Properties,2,"4,500",80 to 90,800 to 900,Jun-25
PARC ROSEWOOD,ROSEWOOD DRIVE,25,Non-Landed Properties,1,"2,200",40 to 50,400 to 500,Jun-25
PARC ROSEWOOD,ROSEWOOD DRIVE,25,Non-Landed Properties,1,"2,500",40 to 50,500 to 600,Jun-25
WOODHAVEN,WOODGROVE AVENUE,25,Non-Landed Properties,1,"2,500",50 to 60,500 to 600,Jun-25
PARC ROSEWOOD,ROSEWOOD DRIVE,25,Non-Landed Properties,1,"2,300",40 to 50,400 to 500,Jun-25
PARC ROSEWOOD,ROSEWOOD DRIVE,25,Non-Landed Properties,2,"3,100",50 to 60,600 to 700,Jun-25
WOODGROVE CONDOMINIUM,WOODGROVE DRIVE,25,Non-Landed Properties,3,"4,300",110 to 120,"1,200 to 1,300",Jun-25
WOODGROVE CONDOMINIUM,WOODGROVE DRIVE,25,Non-Landed Properties,3,"6,800",180 to 190,"2,000 to 2,100",Jun-25
WOODHAVEN,WOODGROVE AVENUE,25,Non-Landed Properties,2,"3,900",70 to 80,800 to 900,Jun-25
PARC ROSEWOOD,ROSEWOOD DRIVE,25,Non-Landed Properties,1,"2,300",40 to 50,500 to 600,Jun-25
WOODHAVEN,WOODGROVE AVENUE,25,Non-Landed Properties,1,"2,600",50 to 60,600 to 700,Jun-25
WOODGROVE CONDOMINIUM,WOODGROVE DRIVE,25,Non-Landed Properties,3,"5,400",150 to 160,"1,700 to 1,800",Jun-25
PARC ROSEWOOD,ROSEWOOD DRIVE,25,Non-Landed Properties,2,"2,900",50 to 60,500 to 600,Jun-25
WOODHAVEN,WOODGROVE AVENUE,25,Non-Landed Properties,3,"5,000",100 to 110,"1,100 to 1,200",Jun-25
WOODGROVE CONDOMINIUM,WOODGROVE DRIVE,25,Non-Landed Properties,3,"6,800",180 to 190,"2,000 to 2,100",Jun-25
WOODGROVE CONDOMINIUM,WOODGROVE DRIVE,25,Non-Landed Properties,3,"6,000",210 to 220,"2,300 to 2,400",Jun-25
CASABLANCA,ROSEWOOD DRIVE,25,Non-Landed Properties,2,"3,700",80 to 90,"900 to 1,000",Jun-25
CASABLANCA,ROSEWOOD DRIVE,25,Non-Landed Properties,3,"4,000",110 to 120,"1,100 to 1,200",Jun-25
CASABLANCA,ROSEWOOD DRIVE,25,Non-Landed Properties,3,"4,100",100 to 110,"1,100 to 1,200",Jun-25
PARC ROSEWOOD,ROSEWOOD DRIVE,25,Non-Landed Properties,2,"2,750",50 to 60,600 to 700,May-25
PARC ROSEWOOD,ROSEWOOD DRIVE,25,Non-Landed Properties,1,"2,500",40 to 50,400 to 500,May-25
PARC ROSEWOOD,ROSEWOOD DRIVE,25,Non-Landed Properties,1,"2,500",40 to 50,400 to 500,May-25
PARC ROSEWOOD,ROSEWOOD DRIVE,25,Non-Landed Properties,1,"2,200",40 to 50,400 to 500,May-25
ROSEWOOD,ROSEWOOD DRIVE,25,Non-Landed Properties,3,"4,400",110 to 120,"1,100 to 1,200",May-25
WOODHAVEN,WOODGROVE AVENUE,25,Non-Landed Properties,1,"2,900",50 to 60,600 to 700,May-25
CASABLANCA,ROSEWOOD DRIVE,25,Non-Landed Properties,3,"4,300",100 to 110,"1,100 to 1,200",May-25
CASABLANCA,ROSEWOOD DRIVE,25,Non-Landed Properties,2,"3,200",80 to 90,"900 to 1,000",May-25
ROSEWOOD,ROSEWOOD DRIVE,25,Non-Landed Properties,2,"3,500",90 to 100,"1,000 to 1,100",May-25
PARC ROSEWOOD,ROSEWOOD DRIVE,25,Non-Landed Properties,3,"3,500",90 to 100,"900 to 1,000",May-25
WOODHAVEN,WOODGROVE AVENUE,25,Non-Landed Properties,2,"3,300",60 to 70,600 to 700,May-25
THE WOODGROVE,WOODGROVE DRIVE,25,Non-Landed Properties,2,"3,900",80 to 90,800 to 900,May-25
PARC ROSEWOOD,ROSEWOOD DRIVE,25,Non-Landed Properties,1,"3,100",40 to 50,400 to 500,May-25
WOODHAVEN,WOODGROVE AVENUE,25,Non-Landed Properties,3,"5,000",120 to 130,"1,300 to 1,400",May-25
WOODHAVEN,WOODGROVE AVENUE,25,Non-Landed Properties,1,"2,700",50 to 60,600 to 700,May-25
ROSEWOOD,ROSEWOOD DRIVE,25,Non-Landed Properties,3,"4,300",110 to 120,"1,100 to 1,200",May-25
PARC ROSEWOOD,ROSEWOOD DRIVE,25,Non-Landed Properties,2,"2,700",50 to 60,600 to 700,May-25
PARC ROSEWOOD,ROSEWOOD DRIVE,25,Non-Landed Properties,2,"2,750",50 to 60,600 to 700,May-25
ROSEWOOD,ROSEWOOD DRIVE,25,Non-Landed Properties,2,"3,500",90 to 100,"1,000 to 1,100",May-25
PARC ROSEWOOD,ROSEWOOD DRIVE,25,Non-Landed Properties,1,"2,450",40 to 50,400 to 500,May-25
PARC ROSEWOOD,ROSEWOOD DRIVE,25,Non-Landed Properties,1,"2,300",40 to 50,400 to 500,May-25
ROSEWOOD SUITES,ROSEWOOD DRIVE,25,Non-Landed Properties,4,"7,200",250 to 260,"2,700 to 2,800",May-25
PARC ROSEWOOD,ROSEWOOD DRIVE,25,Non-Landed Properties,2,"2,950",50 to 60,500 to 600,May-25
WOODHAVEN,WOODGROVE AVENUE,25,Non-Landed Properties,1,"3,000",50 to 60,500 to 600,May-25
PARC ROSEWOOD,ROSEWOOD DRIVE,25,Non-Landed Properties,1,"2,500",40 to 50,500 to 600,May-25
THE WOODGROVE,WOODGROVE DRIVE,25,Non-Landed Properties,3,"3,800",90 to 100,"1,000 to 1,100",May-25
CASABLANCA,ROSEWOOD DRIVE,25,Non-Landed Properties,3,"5,200",100 to 110,"1,100 to 1,200",May-25
PARC ROSEWOOD,ROSEWOOD DRIVE,25,Non-Landed Properties,2,"1,750",50 to 60,500 to 600,May-25
WOODHAVEN,WOODGROVE AVENUE,25,Non-Landed Properties,1,"2,700",50 to 60,500 to 600,May-25
PARC ROSEWOOD,ROSEWOOD DRIVE,25,Non-Landed Properties,3,"3,500",70 to 80,800 to 900,May-25
ROSEWOOD,ROSEWOOD DRIVE,25,Non-Landed Properties,3,"3,400",100 to 110,"1,100 to 1,200",May-25
WOODGROVE CONDOMINIUM,WOODGROVE DRIVE,25,Non-Landed Properties,3,"4,100",140 to 150,"1,500 to 1,600",May-25
PARC ROSEWOOD,ROSEWOOD DRIVE,25,Non-Landed Properties,1,"2,350",40 to 50,500 to 600,May-25
PARC ROSEWOOD,ROSEWOOD DRIVE,25,Non-Landed Properties,1,"2,200",40 to 50,400 to 500,May-25
ROSEWOOD SUITES,ROSEWOOD DRIVE,25,Non-Landed Properties,3,"3,500",140 to 150,"1,500 to 1,600",May-25
PARC ROSEWOOD,ROSEWOOD DRIVE,25,Non-Landed Properties,3,"3,500",70 to 80,800 to 900,May-25
ROSEWOOD,ROSEWOOD DRIVE,25,Non-Landed Properties,3,"4,000",100 to 110,"1,100 to 1,200",Apr-25
PARC ROSEWOOD,ROSEWOOD DRIVE,25,Non-Landed Properties,1,"2,300",40 to 50,400 to 500,Apr-25
PARC ROSEWOOD,ROSEWOOD DRIVE,25,Non-Landed Properties,1,"2,500",40 to 50,400 to 500,Apr-25
WOODGROVE CONDOMINIUM,WOODGROVE DRIVE,25,Non-Landed Properties,3,"4,288",110 to 120,"1,100 to 1,200",Apr-25
PARC ROSEWOOD,ROSEWOOD DRIVE,25,Non-Landed Properties,3,"3,500",70 to 80,800 to 900,Apr-25
CASABLANCA,ROSEWOOD DRIVE,25,Non-Landed Properties,3,"4,000",110 to 120,"1,100 to 1,200",Apr-25
PARC ROSEWOOD,ROSEWOOD DRIVE,25,Non-Landed Properties,1,"2,400",40 to 50,400 to 500,Apr-25
CASABLANCA,ROSEWOOD DRIVE,25,Non-Landed Properties,3,"4,500",110 to 120,"1,100 to 1,200",Apr-25
WOODHAVEN,WOODGROVE AVENUE,25,Non-Landed Properties,2,"3,900",70 to 80,800 to 900,Apr-25
PARC ROSEWOOD,ROSEWOOD DRIVE,25,Non-Landed Properties,1,"2,500",40 to 50,400 to 500,Apr-25
PARC ROSEWOOD,ROSEWOOD DRIVE,25,Non-Landed Properties,1,"2,650",40 to 50,500 to 600,Apr-25
PARC ROSEWOOD,ROSEWOOD DRIVE,25,Non-Landed Properties,3,"3,400",70 to 80,800 to 900,Apr-25
ROSEWOOD,ROSEWOOD DRIVE,25,Non-Landed Properties,3,"4,000",100 to 110,"1,100 to 1,200",Apr-25
WOODHAVEN,WOODGROVE AVENUE,25,Non-Landed Properties,1,"2,500",50 to 60,600 to 700,Apr-25
WOODHAVEN,WOODGROVE AVENUE,25,Non-Landed Properties,2,"3,750",70 to 80,800 to 900,Apr-25
PARC ROSEWOOD,ROSEWOOD DRIVE,25,Non-Landed Properties,2,"2,800",50 to 60,500 to 600,Apr-25
CASABLANCA,ROSEWOOD DRIVE,25,Non-Landed Properties,3,"4,000",100 to 110,"1,100 to 1,200",Apr-25
PARC ROSEWOOD,ROSEWOOD DRIVE,25,Non-Landed Properties,1,"2,350",50 to 60,500 to 600,Apr-25
PARC ROSEWOOD,ROSEWOOD DRIVE,25,Non-Landed Properties,1,"2,300",40 to 50,400 to 500,Apr-25
PARC ROSEWOOD,ROSEWOOD DRIVE,25,Non-Landed Properties,1,"2,400",40 to 50,400 to 500,Apr-25
CASABLANCA,ROSEWOOD DRIVE,25,Non-Landed Properties,2,"3,500",80 to 90,"900 to 1,000",Apr-25
WOODHAVEN,WOODGROVE AVENUE,25,Non-Landed Properties,NA,"9,000",310 to 320,"3,300 to 3,400",Apr-25
PARC ROSEWOOD,ROSEWOOD DRIVE,25,Non-Landed Properties,3,"3,300",90 to 100,"900 to 1,000",Apr-25
THE WOODGROVE,WOODGROVE DRIVE,25,Non-Landed Properties,2,"3,600",80 to 90,800 to 900,Apr-25
WOODHAVEN,WOODGROVE AVENUE,25,Non-Landed Properties,1,"2,900",60 to 70,600 to 700,Apr-25
CASABLANCA,ROSEWOOD DRIVE,25,Non-Landed Properties,2,"3,600",80 to 90,"900 to 1,000",Apr-25
CASABLANCA,ROSEWOOD DRIVE,25,Non-Landed Properties,2,"3,350",80 to 90,800 to 900,Apr-25
ROSEWOOD,ROSEWOOD DRIVE,25,Non-Landed Properties,3,"3,900",100 to 110,"1,100 to 1,200",Apr-25
ROSEWOOD,ROSEWOOD DRIVE,25,Non-Landed Properties,3,"4,500",100 to 110,"1,100 to 1,200",Apr-25
ROSEWOOD,ROSEWOOD DRIVE,25,Non-Landed Properties,2,"3,700",90 to 100,"1,000 to 1,100",Apr-25
CASABLANCA,ROSEWOOD DRIVE,25,Non-Landed Properties,3,"4,400",110 to 120,"1,100 to 1,200",Apr-25
PARC ROSEWOOD,ROSEWOOD DRIVE,25,Non-Landed Properties,2,"3,000",50 to 60,500 to 600,Apr-25
PARC ROSEWOOD,ROSEWOOD DRIVE,25,Non-Landed Properties,2,"3,950",110 to 120,"1,200 to 1,300",Apr-25
PARC ROSEWOOD,ROSEWOOD DRIVE,25,Non-Landed Properties,1,"2,500",40 to 50,500 to 600,Apr-25
WOODHAVEN,WOODGROVE AVENUE,25,Non-Landed Properties,1,"2,750",60 to 70,600 to 700,Mar-25
PARC ROSEWOOD,ROSEWOOD DRIVE,25,Non-Landed Properties,2,"2,880",50 to 60,500 to 600,Mar-25
PARC ROSEWOOD,ROSEWOOD DRIVE,25,Non-Landed Properties,1,"2,200",40 to 50,400 to 500,Mar-25
WOODGROVE CONDOMINIUM,WOODGROVE DRIVE,25,Non-Landed Properties,3,"4,300",110 to 120,"1,100 to 1,200",Mar-25
WOODHAVEN,WOODGROVE AVENUE,25,Non-Landed Properties,3,"5,000",100 to 110,"1,100 to 1,200",Mar-25
WOODHAVEN,WOODGROVE AVENUE,25,Non-Landed Properties,2,"3,700",70 to 80,800 to 900,Mar-25
WOODHAVEN,WOODGROVE AVENUE,25,Non-Landed Properties,3,"5,000",100 to 110,"1,100 to 1,200",Mar-25
WOODHAVEN,WOODGROVE AVENUE,25,Non-Landed Properties,1,"3,000",50 to 60,600 to 700,Mar-25
CASABLANCA,ROSEWOOD DRIVE,25,Non-Landed Properties,3,"4,200",100 to 110,"1,100 to 1,200",Mar-25
PARC ROSEWOOD,ROSEWOOD DRIVE,25,Non-Landed Properties,1,"2,500",40 to 50,400 to 500,Mar-25
CASABLANCA,ROSEWOOD DRIVE,25,Non-Landed Properties,3,"4,250",100 to 110,"1,100 to 1,200",Mar-25
CASABLANCA,ROSEWOOD DRIVE,25,Non-Landed Properties,2,"3,400",80 to 90,"900 to 1,000",Mar-25
PARC ROSEWOOD,ROSEWOOD DRIVE,25,Non-Landed Properties,1,"2,150",40 to 50,400 to 500,Mar-25
PARC ROSEWOOD,ROSEWOOD DRIVE,25,Non-Landed Properties,1,"2,500",40 to 50,400 to 500,Mar-25
ROSEWOOD,ROSEWOOD DRIVE,25,Non-Landed Properties,3,"3,700",110 to 120,"1,100 to 1,200",Mar-25
ROSEWOOD,ROSEWOOD DRIVE,25,Non-Landed Properties,2,"3,400",90 to 100,"1,000 to 1,100",Mar-25
PARC ROSEWOOD,ROSEWOOD DRIVE,25,Non-Landed Properties,1,"2,550",40 to 50,400 to 500,Mar-25
PARC ROSEWOOD,ROSEWOOD DRIVE,25,Non-Landed Properties,1,"2,950",40 to 50,400 to 500,Mar-25
CASABLANCA,ROSEWOOD DRIVE,25,Non-Landed Properties,3,"4,050",100 to 110,"1,100 to 1,200",Mar-25
WOODHAVEN,WOODGROVE AVENUE,25,Non-Landed Properties,1,"2,900",50 to 60,600 to 700,Mar-25
PARC ROSEWOOD,ROSEWOOD DRIVE,25,Non-Landed Properties,2,"3,000",50 to 60,600 to 700,Mar-25
THE WOODGROVE,WOODGROVE DRIVE,25,Non-Landed Properties,2,"2,950",70 to 80,800 to 900,Mar-25
PARC ROSEWOOD,ROSEWOOD DRIVE,25,Non-Landed Properties,1,"2,400",40 to 50,400 to 500,Mar-25
ROSEWOOD,ROSEWOOD DRIVE,25,Non-Landed Properties,3,"4,000",100 to 110,"1,100 to 1,200",Feb-25
ROSEWOOD,ROSEWOOD DRIVE,25,Non-Landed Properties,3,"4,200",150 to 160,"1,600 to 1,700",Feb-25
ROSEWOOD SUITES,ROSEWOOD DRIVE,25,Non-Landed Properties,3,"3,800",110 to 120,"1,200 to 1,300",Feb-25
PARC ROSEWOOD,ROSEWOOD DRIVE,25,Non-Landed Properties,1,"2,600",40 to 50,500 to 600,Feb-25
PARC ROSEWOOD,ROSEWOOD DRIVE,25,Non-Landed Properties,2,"2,800",50 to 60,500 to 600,Feb-25
ROSEWOOD,ROSEWOOD DRIVE,25,Non-Landed Properties,2,"3,700",90 to 100,"1,000 to 1,100",Feb-25
WOODGROVE CONDOMINIUM,WOODGROVE DRIVE,25,Non-Landed Properties,3,"4,600",110 to 120,"1,100 to 1,200",Feb-25
WOODHAVEN,WOODGROVE AVENUE,25,Non-Landed Properties,2,"3,100",60 to 70,600 to 700,Feb-25
WOODHAVEN,WOODGROVE AVENUE,25,Non-Landed Properties,NA,"8,500",310 to 320,"3,300 to 3,400",Feb-25
WOODHAVEN,WOODGROVE AVENUE,25,Non-Landed Properties,NA,"8,500",310 to 320,"3,300 to 3,400",Feb-25
ROSEWOOD,ROSEWOOD DRIVE,25,Non-Landed Properties,3,"4,200",100 to 110,"1,100 to 1,200",Feb-25
CASABLANCA,ROSEWOOD DRIVE,25,Non-Landed Properties,2,"3,200",80 to 90,"900 to 1,000",Feb-25
PARC ROSEWOOD,ROSEWOOD DRIVE,25,Non-Landed Properties,1,"2,100",40 to 50,400 to 500,Feb-25
PARC ROSEWOOD,ROSEWOOD DRIVE,25,Non-Landed Properties,1,"2,300",40 to 50,400 to 500,Feb-25
PARC ROSEWOOD,ROSEWOOD DRIVE,25,Non-Landed Properties,1,"2,700",40 to 50,400 to 500,Feb-25
WOODGROVE CONDOMINIUM,WOODGROVE DRIVE,25,Non-Landed Properties,3,"5,500",150 to 160,"1,600 to 1,700",Feb-25
PARC ROSEWOOD,ROSEWOOD DRIVE,25,Non-Landed Properties,1,"2,600",40 to 50,400 to 500,Feb-25
ROSEWOOD,ROSEWOOD DRIVE,25,Non-Landed Properties,3,"3,550",100 to 110,"1,100 to 1,200",Feb-25
PARC ROSEWOOD,ROSEWOOD DRIVE,25,Non-Landed Properties,1,"2,350",40 to 50,400 to 500,Feb-25
PARC ROSEWOOD,ROSEWOOD DRIVE,25,Non-Landed Properties,1,"2,400",40 to 50,400 to 500,Feb-25
ROSEWOOD,ROSEWOOD DRIVE,25,Non-Landed Properties,2,"3,800",90 to 100,"1,000 to 1,100",Feb-25
PARC ROSEWOOD,ROSEWOOD DRIVE,25,Non-Landed Properties,1,"2,400",40 to 50,400 to 500,Feb-25
PARC ROSEWOOD,ROSEWOOD DRIVE,25,Non-Landed Properties,2,"2,800",50 to 60,500 to 600,Feb-25
CASABLANCA,ROSEWOOD DRIVE,25,Non-Landed Properties,3,"4,300",100 to 110,"1,100 to 1,200",Feb-25
ROSEWOOD,ROSEWOOD DRIVE,25,Non-Landed Properties,2,"2,850",90 to 100,"1,000 to 1,100",Feb-25
PARC ROSEWOOD,ROSEWOOD DRIVE,25,Non-Landed Properties,2,"3,500",110 to 120,"1,200 to 1,300",Feb-25
ROSEWOOD,ROSEWOOD DRIVE,25,Non-Landed Properties,3,"3,900",110 to 120,"1,100 to 1,200",Jan-25
PARC ROSEWOOD,ROSEWOOD DRIVE,25,Non-Landed Properties,2,"3,000",50 to 60,500 to 600,Jan-25
WOODHAVEN,WOODGROVE AVENUE,25,Non-Landed Properties,1,"2,800",50 to 60,500 to 600,Jan-25
PARC ROSEWOOD,ROSEWOOD DRIVE,25,Non-Landed Properties,2,"2,900",70 to 80,700 to 800,Jan-25
CASABLANCA,ROSEWOOD DRIVE,25,Non-Landed Properties,2,"3,500",80 to 90,"900 to 1,000",Jan-25
PARC ROSEWOOD,ROSEWOOD DRIVE,25,Non-Landed Properties,1,"2,500",40 to 50,400 to 500,Jan-25
CASABLANCA,ROSEWOOD DRIVE,25,Non-Landed Properties,2,"3,100",80 to 90,"900 to 1,000",Jan-25
PARC ROSEWOOD,ROSEWOOD DRIVE,25,Non-Landed Properties,1,"2,500",40 to 50,400 to 500,Jan-25
PARC ROSEWOOD,ROSEWOOD DRIVE,25,Non-Landed Properties,2,"3,600",110 to 120,"1,200 to 1,300",Jan-25
WOODHAVEN,WOODGROVE AVENUE,25,Non-Landed Properties,NA,"8,000",310 to 320,"3,300 to 3,400",Jan-25
ROSEWOOD SUITES,ROSEWOOD DRIVE,25,Non-Landed Properties,3,"4,800",110 to 120,"1,200 to 1,300",Jan-25
WOODHAVEN,WOODGROVE AVENUE,25,Non-Landed Properties,1,"2,700",60 to 70,600 to 700,Jan-25
WOODHAVEN,WOODGROVE AVENUE,25,Non-Landed Properties,NA,"8,500",310 to 320,"3,300 to 3,400",Jan-25
CASABLANCA,ROSEWOOD DRIVE,25,Non-Landed Properties,2,"3,900",80 to 90,"900 to 1,000",Jan-25
WOODHAVEN,WOODGROVE AVENUE,25,Non-Landed Properties,2,"3,400",60 to 70,700 to 800,Jan-25
PARC ROSEWOOD,ROSEWOOD DRIVE,25,Non-Landed Properties,1,"2,450",40 to 50,400 to 500,Jan-25
WOODHAVEN,WOODGROVE AVENUE,25,Non-Landed Properties,NA,"8,500",310 to 320,"3,300 to 3,400",Jan-25
PARC ROSEWOOD,ROSEWOOD DRIVE,25,Non-Landed Properties,1,"2,300",40 to 50,400 to 500,Jan-25
WOODHAVEN,WOODGROVE AVENUE,25,Non-Landed Properties,1,"2,900",50 to 60,500 to 600,Jan-25
ROSEWOOD SUITES,ROSEWOOD DRIVE,25,Non-Landed Properties,4,"6,000",140 to 150,"1,500 to 1,600",Jan-25
WOODHAVEN,WOODGROVE AVENUE,25,Non-Landed Properties,1,"2,900",50 to 60,600 to 700,Jan-25
PARC ROSEWOOD,ROSEWOOD DRIVE,25,Non-Landed Properties,2,"2,800",50 to 60,600 to 700,Jan-25
PARC ROSEWOOD,ROSEWOOD DRIVE,25,Non-Landed Properties,1,"2,400",40 to 50,500 to 600,Jan-25
WOODHAVEN,WOODGROVE AVENUE,25,Non-Landed Properties,1,"3,500",70 to 80,800 to 900,Jan-25
ROSEWOOD,ROSEWOOD DRIVE,25,Non-Landed Properties,3,"3,100",110 to 120,"1,100 to 1,200",Jan-25
WOODHAVEN,WOODGROVE AVENUE,25,Non-Landed Properties,NA,"10,500",310 to 320,"3,300 to 3,400",Jan-25
ROSEWOOD,ROSEWOOD DRIVE,25,Non-Landed Properties,3,"4,400",100 to 110,"1,100 to 1,200",Jan-25
CASABLANCA,ROSEWOOD DRIVE,25,Non-Landed Properties,3,"4,000",110 to 120,"1,100 to 1,200",Jan-25
WOODHAVEN,WOODGROVE AVENUE,25,Non-Landed Properties,1,"2,600",50 to 60,600 to 700,Jan-25
PARC ROSEWOOD,ROSEWOOD DRIVE,25,Non-Landed Properties,1,"2,450",40 to 50,400 to 500,Jan-25
WOODHAVEN,WOODGROVE AVENUE,25,Non-Landed Properties,1,"2,800",60 to 70,600 to 700,Jan-25
WOODHAVEN,WOODGROVE AVENUE,25,Non-Landed Properties,2,"3,800",70 to 80,800 to 900,Jan-25
PARC ROSEWOOD,ROSEWOOD DRIVE,25,Non-Landed Properties,2,"2,800",50 to 60,600 to 700,Jan-25
PARC ROSEWOOD,ROSEWOOD DRIVE,25,Non-Landed Properties,1,"2,400",40 to 50,500 to 600,Jan-25
CASABLANCA,ROSEWOOD DRIVE,25,Non-Landed Properties,2,"3,900",80 to 90,"900 to 1,000",Jan-25
WOODHAVEN,WOODGROVE AVENUE,25,Non-Landed Properties,1,"2,750",50 to 60,600 to 700,Jan-25
WOODHAVEN,WOODGROVE AVENUE,25,Non-Landed Properties,3,"5,600",100 to 110,"1,100 to 1,200",Jan-25
PARC ROSEWOOD,ROSEWOOD DRIVE,25,Non-Landed Properties,2,"3,300",70 to 80,700 to 800,Jan-25
PARC ROSEWOOD,ROSEWOOD DRIVE,25,Non-Landed Properties,2,"2,000",50 to 60,500 to 600,Jan-25
PARC ROSEWOOD,ROSEWOOD DRIVE,25,Non-Landed Properties,1,"2,300",40 to 50,400 to 500,Dec-24
ROSEWOOD,ROSEWOOD DRIVE,25,Non-Landed Properties,3,"4,200",110 to 120,"1,100 to 1,200",Dec-24
WOODGROVE CONDOMINIUM,WOODGROVE DRIVE,25,Non-Landed Properties,3,"4,600",110 to 120,"1,200 to 1,300",Dec-24
CASABLANCA,ROSEWOOD DRIVE,25,Non-Landed Properties,3,"4,200",110 to 120,"1,100 to 1,200",Dec-24
CASABLANCA,ROSEWOOD DRIVE,25,Non-Landed Properties,2,"3,500",80 to 90,800 to 900,Dec-24
WOODGROVE CONDOMINIUM,WOODGROVE DRIVE,25,Non-Landed Properties,3,"5,250",130 to 140,"1,400 to 1,500",Dec-24
PARC ROSEWOOD,ROSEWOOD DRIVE,25,Non-Landed Properties,1,"2,500",40 to 50,400 to 500,Dec-24
PARC ROSEWOOD,ROSEWOOD DRIVE,25,Non-Landed Properties,1,"2,600",40 to 50,400 to 500,Dec-24
WOODHAVEN,WOODGROVE AVENUE,25,Non-Landed Properties,1,"2,900",50 to 60,600 to 700,Dec-24
PARC ROSEWOOD,ROSEWOOD DRIVE,25,Non-Landed Properties,3,"3,600",70 to 80,800 to 900,Dec-24
ROSEWOOD,ROSEWOOD DRIVE,25,Non-Landed Properties,3,"4,200",100 to 110,"1,100 to 1,200",Dec-24
CASABLANCA,ROSEWOOD DRIVE,25,Non-Landed Properties,2,"3,700",80 to 90,"900 to 1,000",Dec-24
WOODHAVEN,WOODGROVE AVENUE,25,Non-Landed Properties,2,"3,900",70 to 80,800 to 900,Dec-24
PARC ROSEWOOD,ROSEWOOD DRIVE,25,Non-Landed Properties,1,"2,500",40 to 50,400 to 500,Dec-24
WOODHAVEN,WOODGROVE AVENUE,25,Non-Landed Properties,1,"3,000",50 to 60,600 to 700,Dec-24
CASABLANCA,ROSEWOOD DRIVE,25,Non-Landed Properties,2,"3,600",80 to 90,"900 to 1,000",Dec-24
PARC ROSEWOOD,ROSEWOOD DRIVE,25,Non-Landed Properties,1,"2,600",40 to 50,500 to 600,Dec-24
CASABLANCA,ROSEWOOD DRIVE,25,Non-Landed Properties,3,"4,000",110 to 120,"1,100 to 1,200",Dec-24
ROSEWOOD,ROSEWOOD DRIVE,25,Non-Landed Properties,3,"3,800",100 to 110,"1,100 to 1,200",Dec-24
ROSEWOOD,ROSEWOOD DRIVE,25,Non-Landed Properties,3,"3,300",110 to 120,"1,100 to 1,200",Dec-24
THE WOODGROVE,WOODGROVE DRIVE,25,Non-Landed Properties,2,"3,800",80 to 90,800 to 900,Dec-24
WOODHAVEN,WOODGROVE AVENUE,25,Non-Landed Properties,1,"2,700",50 to 60,500 to 600,Dec-24
PARC ROSEWOOD,ROSEWOOD DRIVE,25,Non-Landed Properties,1,"2,100",40 to 50,400 to 500,Dec-24
WOODHAVEN,WOODGROVE AVENUE,25,Non-Landed Properties,1,"3,000",50 to 60,600 to 700,Dec-24
PARC ROSEWOOD,ROSEWOOD DRIVE,25,Non-Landed Properties,1,"2,350",40 to 50,400 to 500,Dec-24
PARC ROSEWOOD,ROSEWOOD DRIVE,25,Non-Landed Properties,1,"2,400",40 to 50,400 to 500,Dec-24
PARC ROSEWOOD,ROSEWOOD DRIVE,25,Non-Landed Properties,1,"2,650",40 to 50,500 to 600,Dec-24
WOODHAVEN,WOODGROVE AVENUE,25,Non-Landed Properties,1,"3,000",50 to 60,600 to 700,Dec-24
CASABLANCA,ROSEWOOD DRIVE,25,Non-Landed Properties,3,"4,350",100 to 110,"1,100 to 1,200",Dec-24
WOODGROVE CONDOMINIUM,WOODGROVE DRIVE,25,Non-Landed Properties,3,"7,000",140 to 150,"1,500 to 1,600",Dec-24
PARC ROSEWOOD,ROSEWOOD DRIVE,25,Non-Landed Properties,2,"2,750",50 to 60,600 to 700,Dec-24
ROSEWOOD,ROSEWOOD DRIVE,25,Non-Landed Properties,3,"3,830",100 to 110,"1,100 to 1,200",Dec-24
PARC ROSEWOOD,ROSEWOOD DRIVE,25,Non-Landed Properties,2,"2,800",50 to 60,500 to 600,Dec-24
CASABLANCA,ROSEWOOD DRIVE,25,Non-Landed Properties,3,"4,300",110 to 120,"1,100 to 1,200",Dec-24
PARC ROSEWOOD,ROSEWOOD DRIVE,25,Non-Landed Properties,1,"2,350",40 to 50,400 to 500,Dec-24
PARC ROSEWOOD,ROSEWOOD DRIVE,25,Non-Landed Properties,1,"2,500",40 to 50,400 to 500,Dec-24
WOODHAVEN,WOODGROVE AVENUE,25,Non-Landed Properties,1,"2,900",60 to 70,600 to 700,Dec-24
PARC ROSEWOOD,ROSEWOOD DRIVE,25,Non-Landed Properties,1,"2,400",40 to 50,400 to 500,Dec-24
PARC ROSEWOOD,ROSEWOOD DRIVE,25,Non-Landed Properties,1,"2,500",40 to 50,400 to 500,Nov-24
PARC ROSEWOOD,ROSEWOOD DRIVE,25,Non-Landed Properties,1,"2,400",40 to 50,400 to 500,Nov-24
WOODHAVEN,WOODGROVE AVENUE,25,Non-Landed Properties,1,"3,000",60 to 70,600 to 700,Nov-24
PARC ROSEWOOD,ROSEWOOD DRIVE,25,Non-Landed Properties,1,"2,200",40 to 50,400 to 500,Nov-24
PARC ROSEWOOD,ROSEWOOD DRIVE,25,Non-Landed Properties,1,"2,600",40 to 50,400 to 500,Nov-24
WOODHAVEN,WOODGROVE AVENUE,25,Non-Landed Properties,3,"4,800",100 to 110,"1,100 to 1,200",Nov-24
PARC ROSEWOOD,ROSEWOOD DRIVE,25,Non-Landed Properties,1,"1,800",40 to 50,400 to 500,Nov-24
WOODHAVEN,WOODGROVE AVENUE,25,Non-Landed Properties,1,"2,850",60 to 70,600 to 700,Nov-24
THE WOODGROVE,WOODGROVE DRIVE,25,Non-Landed Properties,2,"3,800",80 to 90,800 to 900,Nov-24
PARC ROSEWOOD,ROSEWOOD DRIVE,25,Non-Landed Properties,1,"2,600",40 to 50,400 to 500,Nov-24
WOODHAVEN,WOODGROVE AVENUE,25,Non-Landed Properties,1,"2,700",50 to 60,500 to 600,Nov-24
PARC ROSEWOOD,ROSEWOOD DRIVE,25,Non-Landed Properties,1,"2,400",40 to 50,400 to 500,Nov-24
PARC ROSEWOOD,ROSEWOOD DRIVE,25,Non-Landed Properties,1,"2,800",40 to 50,500 to 600,Nov-24
PARC ROSEWOOD,ROSEWOOD DRIVE,25,Non-Landed Properties,2,"3,000",50 to 60,600 to 700,Nov-24
PARC ROSEWOOD,ROSEWOOD DRIVE,25,Non-Landed Properties,2,"3,000",70 to 80,800 to 900,Nov-24
WOODHAVEN,WOODGROVE AVENUE,25,Non-Landed Properties,3,"5,000",120 to 130,"1,300 to 1,400",Nov-24
CASABLANCA,ROSEWOOD DRIVE,25,Non-Landed Properties,2,"3,300",80 to 90,"900 to 1,000",Nov-24
PARC ROSEWOOD,ROSEWOOD DRIVE,25,Non-Landed Properties,1,"2,300",50 to 60,500 to 600,Nov-24
WOODHAVEN,WOODGROVE AVENUE,25,Non-Landed Properties,3,"5,000",100 to 110,"1,100 to 1,200",Nov-24
WOODHAVEN,WOODGROVE AVENUE,25,Non-Landed Properties,1,"3,000",50 to 60,600 to 700,Nov-24
PARC ROSEWOOD,ROSEWOOD DRIVE,25,Non-Landed Properties,2,"3,500",60 to 70,700 to 800,Nov-24
WOODHAVEN,WOODGROVE AVENUE,25,Non-Landed Properties,2,"3,200",60 to 70,600 to 700,Nov-24
PARC ROSEWOOD,ROSEWOOD DRIVE,25,Non-Landed Properties,1,"2,100",40 to 50,400 to 500,Nov-24
PARC ROSEWOOD,ROSEWOOD DRIVE,25,Non-Landed Properties,1,"2,500",40 to 50,400 to 500,Nov-24
WOODHAVEN,WOODGROVE AVENUE,25,Non-Landed Properties,2,"3,400",60 to 70,600 to 700,Nov-24
WOODHAVEN,WOODGROVE AVENUE,25,Non-Landed Properties,2,"3,700",70 to 80,800 to 900,Nov-24
PARC ROSEWOOD,ROSEWOOD DRIVE,25,Non-Landed Properties,1,"2,400",40 to 50,500 to 600,Nov-24
WOODHAVEN,WOODGROVE AVENUE,25,Non-Landed Properties,1,"2,800",50 to 60,500 to 600,Nov-24
WOODHAVEN,WOODGROVE AVENUE,25,Non-Landed Properties,1,"3,000",60 to 70,600 to 700,Oct-24
WOODHAVEN,WOODGROVE AVENUE,25,Non-Landed Properties,1,"3,000",50 to 60,500 to 600,Oct-24
PARC ROSEWOOD,ROSEWOOD DRIVE,25,Non-Landed Properties,1,"2,500",40 to 50,400 to 500,Oct-24
PARC ROSEWOOD,ROSEWOOD DRIVE,25,Non-Landed Properties,2,"2,800",50 to 60,600 to 700,Oct-24
PARC ROSEWOOD,ROSEWOOD DRIVE,25,Non-Landed Properties,1,"2,450",40 to 50,400 to 500,Oct-24
CASABLANCA,ROSEWOOD DRIVE,25,Non-Landed Properties,2,"3,000",80 to 90,"900 to 1,000",Oct-24
WOODHAVEN,WOODGROVE AVENUE,25,Non-Landed Properties,3,"5,000",100 to 110,"1,100 to 1,200",Oct-24
PARC ROSEWOOD,ROSEWOOD DRIVE,25,Non-Landed Properties,2,"2,950",50 to 60,600 to 700,Oct-24
WOODHAVEN,WOODGROVE AVENUE,25,Non-Landed Properties,1,"2,600",50 to 60,600 to 700,Oct-24
CASABLANCA,ROSEWOOD DRIVE,25,Non-Landed Properties,3,"4,200",110 to 120,"1,100 to 1,200",Oct-24
WOODHAVEN,WOODGROVE AVENUE,25,Non-Landed Properties,1,"3,000",50 to 60,600 to 700,Oct-24
THE WOODGROVE,WOODGROVE DRIVE,25,Non-Landed Properties,2,"3,800",80 to 90,800 to 900,Oct-24
PARC ROSEWOOD,ROSEWOOD DRIVE,25,Non-Landed Properties,1,"2,500",40 to 50,400 to 500,Oct-24
WOODHAVEN,WOODGROVE AVENUE,25,Non-Landed Properties,1,"3,150",50 to 60,600 to 700,Oct-24
PARC ROSEWOOD,ROSEWOOD DRIVE,25,Non-Landed Properties,1,"2,350",40 to 50,400 to 500,Oct-24
PARC ROSEWOOD,ROSEWOOD DRIVE,25,Non-Landed Properties,1,"2,300",40 to 50,400 to 500,Oct-24
PARC ROSEWOOD,ROSEWOOD DRIVE,25,Non-Landed Properties,1,"2,400",40 to 50,400 to 500,Oct-24
WOODGROVE CONDOMINIUM,WOODGROVE DRIVE,25,Non-Landed Properties,3,"5,400",150 to 160,"1,600 to 1,700",Oct-24
PARC ROSEWOOD,ROSEWOOD DRIVE,25,Non-Landed Properties,1,"2,600",40 to 50,500 to 600,Oct-24
ROSEWOOD,ROSEWOOD DRIVE,25,Non-Landed Properties,3,"3,970",100 to 110,"1,100 to 1,200",Oct-24
CASABLANCA,ROSEWOOD DRIVE,25,Non-Landed Properties,3,"4,200",110 to 120,"1,100 to 1,200",Oct-24
ROSEWOOD,ROSEWOOD DRIVE,25,Non-Landed Properties,3,"4,200",100 to 110,"1,100 to 1,200",Oct-24
WOODHAVEN,WOODGROVE AVENUE,25,Non-Landed Properties,1,"2,800",50 to 60,500 to 600,Oct-24
PARC ROSEWOOD,ROSEWOOD DRIVE,25,Non-Landed Properties,3,"3,100",70 to 80,800 to 900,Oct-24
CASABLANCA,ROSEWOOD DRIVE,25,Non-Landed Properties,3,"4,000",100 to 110,"1,100 to 1,200",Oct-24
PARC ROSEWOOD,ROSEWOOD DRIVE,25,Non-Landed Properties,2,"3,000",70 to 80,800 to 900,Oct-24
PARC ROSEWOOD,ROSEWOOD DRIVE,25,Non-Landed Properties,3,"3,800",70 to 80,800 to 900,Oct-24
ROSEWOOD SUITES,ROSEWOOD DRIVE,25,Non-Landed Properties,3,"4,800",110 to 120,"1,200 to 1,300",Oct-24
PARC ROSEWOOD,ROSEWOOD DRIVE,25,Non-Landed Properties,1,"2,550",40 to 50,500 to 600,Sep-24
PARC ROSEWOOD,ROSEWOOD DRIVE,25,Non-Landed Properties,1,"2,750",40 to 50,500 to 600,Sep-24
WOODGROVE CONDOMINIUM,WOODGROVE DRIVE,25,Non-Landed Properties,3,"6,000",230 to 240,"2,500 to 2,600",Sep-24
CASABLANCA,ROSEWOOD DRIVE,25,Non-Landed Properties,3,"3,950",100 to 110,"1,100 to 1,200",Sep-24
PARC ROSEWOOD,ROSEWOOD DRIVE,25,Non-Landed Properties,1,"2,700",40 to 50,500 to 600,Sep-24
PARC ROSEWOOD,ROSEWOOD DRIVE,25,Non-Landed Properties,1,"2,650",40 to 50,400 to 500,Sep-24
CASABLANCA,ROSEWOOD DRIVE,25,Non-Landed Properties,2,"3,100",80 to 90,"900 to 1,000",Sep-24
WOODHAVEN,WOODGROVE AVENUE,25,Non-Landed Properties,3,"5,100",100 to 110,"1,100 to 1,200",Sep-24
CASABLANCA,ROSEWOOD DRIVE,25,Non-Landed Properties,2,"3,600",80 to 90,"900 to 1,000",Sep-24
WOODGROVE CONDOMINIUM,WOODGROVE DRIVE,25,Non-Landed Properties,3,"4,100",110 to 120,"1,100 to 1,200",Sep-24
PARC ROSEWOOD,ROSEWOOD DRIVE,25,Non-Landed Properties,2,"3,200",70 to 80,700 to 800,Sep-24
CASABLANCA,ROSEWOOD DRIVE,25,Non-Landed Properties,2,"3,000",80 to 90,800 to 900,Sep-24
PARC ROSEWOOD,ROSEWOOD DRIVE,25,Non-Landed Properties,2,"2,300",50 to 60,500 to 600,Sep-24
PARC ROSEWOOD,ROSEWOOD DRIVE,25,Non-Landed Properties,1,"2,400",40 to 50,400 to 500,Sep-24
WOODHAVEN,WOODGROVE AVENUE,25,Non-Landed Properties,1,"2,500",50 to 60,600 to 700,Sep-24
PARC ROSEWOOD,ROSEWOOD DRIVE,25,Non-Landed Properties,2,"2,900",60 to 70,700 to 800,Sep-24
PARC ROSEWOOD,ROSEWOOD DRIVE,25,Non-Landed Properties,1,"2,400",40 to 50,400 to 500,Sep-24
WOODHAVEN,WOODGROVE AVENUE,25,Non-Landed Properties,1,"3,000",50 to 60,500 to 600,Sep-24
CASABLANCA,ROSEWOOD DRIVE,25,Non-Landed Properties,3,"4,000",100 to 110,"1,100 to 1,200",Sep-24
PARC ROSEWOOD,ROSEWOOD DRIVE,25,Non-Landed Properties,3,"3,700",70 to 80,800 to 900,Sep-24
ROSEWOOD,ROSEWOOD DRIVE,25,Non-Landed Properties,2,"3,600",90 to 100,"1,000 to 1,100",Sep-24
PARC ROSEWOOD,ROSEWOOD DRIVE,25,Non-Landed Properties,2,"2,800",50 to 60,600 to 700,Sep-24
WOODGROVE CONDOMINIUM,WOODGROVE DRIVE,25,Non-Landed Properties,3,"5,500",140 to 150,"1,500 to 1,600",Sep-24
PARC ROSEWOOD,ROSEWOOD DRIVE,25,Non-Landed Properties,1,"2,550",40 to 50,500 to 600,Sep-24
PARC ROSEWOOD,ROSEWOOD DRIVE,25,Non-Landed Properties,2,"2,900",50 to 60,600 to 700,Sep-24
PARC ROSEWOOD,ROSEWOOD DRIVE,25,Non-Landed Properties,2,"2,900",50 to 60,600 to 700,Sep-24
PARC ROSEWOOD,ROSEWOOD DRIVE,25,Non-Landed Properties,1,"2,550",40 to 50,400 to 500,Sep-24
WOODHAVEN,WOODGROVE AVENUE,25,Non-Landed Properties,1,"2,600",50 to 60,600 to 700,Sep-24
PARC ROSEWOOD,ROSEWOOD DRIVE,25,Non-Landed Properties,2,"2,900",50 to 60,600 to 700,Sep-24
WOODHAVEN,WOODGROVE AVENUE,25,Non-Landed Properties,NA,"9,000",310 to 320,"3,300 to 3,400",Sep-24
PARC ROSEWOOD,ROSEWOOD DRIVE,25,Non-Landed Properties,1,"2,400",40 to 50,400 to 500,Sep-24
PARC ROSEWOOD,ROSEWOOD DRIVE,25,Non-Landed Properties,2,"2,750",50 to 60,500 to 600,Aug-24
WOODHAVEN,WOODGROVE AVENUE,25,Non-Landed Properties,3,"4,800",100 to 110,"1,100 to 1,200",Aug-24
PARC ROSEWOOD,ROSEWOOD DRIVE,25,Non-Landed Properties,1,"2,450",40 to 50,400 to 500,Aug-24
ROSEWOOD,ROSEWOOD DRIVE,25,Non-Landed Properties,3,"4,200",150 to 160,"1,600 to 1,700",Aug-24
PARC ROSEWOOD,ROSEWOOD DRIVE,25,Non-Landed Properties,1,"2,300",40 to 50,400 to 500,Aug-24
PARC ROSEWOOD,ROSEWOOD DRIVE,25,Non-Landed Properties,1,"2,600",40 to 50,400 to 500,Aug-24
PARC ROSEWOOD,ROSEWOOD DRIVE,25,Non-Landed Properties,1,"2,600",40 to 50,500 to 600,Aug-24
ROSEWOOD SUITES,ROSEWOOD DRIVE,25,Non-Landed Properties,3,"3,800",140 to 150,"1,500 to 1,600",Aug-24
PARC ROSEWOOD,ROSEWOOD DRIVE,25,Non-Landed Properties,1,"2,600",40 to 50,400 to 500,Aug-24
WOODHAVEN,WOODGROVE AVENUE,25,Non-Landed Properties,2,"4,000",70 to 80,800 to 900,Aug-24
PARC ROSEWOOD,ROSEWOOD DRIVE,25,Non-Landed Properties,2,"3,000",70 to 80,700 to 800,Aug-24
PARC ROSEWOOD,ROSEWOOD DRIVE,25,Non-Landed Properties,2,"2,800",50 to 60,500 to 600,Aug-24
WOODHAVEN,WOODGROVE AVENUE,25,Non-Landed Properties,1,"3,000",50 to 60,600 to 700,Aug-24
WOODHAVEN,WOODGROVE AVENUE,25,Non-Landed Properties,1,"2,900",50 to 60,600 to 700,Aug-24
PARC ROSEWOOD,ROSEWOOD DRIVE,25,Non-Landed Properties,1,"2,900",40 to 50,400 to 500,Aug-24
PARC ROSEWOOD,ROSEWOOD DRIVE,25,Non-Landed Properties,1,"2,300",40 to 50,400 to 500,Aug-24
WOODHAVEN,WOODGROVE AVENUE,25,Non-Landed Properties,NA,"8,300",300 to 310,"3,300 to 3,400",Aug-24
WOODHAVEN,WOODGROVE AVENUE,25,Non-Landed Properties,NA,"8,800",310 to 320,"3,300 to 3,400",Aug-24
WOODHAVEN,WOODGROVE AVENUE,25,Non-Landed Properties,3,"5,000",100 to 110,"1,100 to 1,200",Aug-24
PARC ROSEWOOD,ROSEWOOD DRIVE,25,Non-Landed Properties,2,"3,300",50 to 60,500 to 600,Aug-24
PARC ROSEWOOD,ROSEWOOD DRIVE,25,Non-Landed Properties,2,"2,700",50 to 60,500 to 600,Aug-24
PARC ROSEWOOD,ROSEWOOD DRIVE,25,Non-Landed Properties,1,"2,400",40 to 50,400 to 500,Aug-24
PARC ROSEWOOD,ROSEWOOD DRIVE,25,Non-Landed Properties,1,"2,600",40 to 50,500 to 600,Aug-24
ROSEWOOD,ROSEWOOD DRIVE,25,Non-Landed Properties,3,"4,200",100 to 110,"1,100 to 1,200",Aug-24
PARC ROSEWOOD,ROSEWOOD DRIVE,25,Non-Landed Properties,1,"2,200",40 to 50,400 to 500,Aug-24
WOODHAVEN,WOODGROVE AVENUE,25,Non-Landed Properties,2,"3,800",70 to 80,800 to 900,Aug-24
CASABLANCA,ROSEWOOD DRIVE,25,Non-Landed Properties,2,"3,400",80 to 90,800 to 900,Aug-24
WOODGROVE CONDOMINIUM,WOODGROVE DRIVE,25,Non-Landed Properties,3,"4,200",110 to 120,"1,200 to 1,300",Aug-24
CASABLANCA,ROSEWOOD DRIVE,25,Non-Landed Properties,3,"4,100",100 to 110,"1,100 to 1,200",Aug-24
CASABLANCA,ROSEWOOD DRIVE,25,Non-Landed Properties,3,"3,950",110 to 120,"1,100 to 1,200",Aug-24
WOODHAVEN,WOODGROVE AVENUE,25,Non-Landed Properties,2,"3,500",60 to 70,600 to 700,Aug-24
THE WOODGROVE,WOODGROVE DRIVE,25,Non-Landed Properties,3,"4,100",90 to 100,"1,000 to 1,100",Aug-24
WOODHAVEN,WOODGROVE AVENUE,25,Non-Landed Properties,1,"2,700",50 to 60,600 to 700,Jul-24
WOODGROVE CONDOMINIUM,WOODGROVE DRIVE,25,Non-Landed Properties,3,"6,800",210 to 220,"2,300 to 2,400",Jul-24
PARC ROSEWOOD,ROSEWOOD DRIVE,25,Non-Landed Properties,1,"2,400",40 to 50,400 to 500,Jul-24
WOODGROVE CONDOMINIUM,WOODGROVE DRIVE,25,Non-Landed Properties,3,"7,500",180 to 190,"1,900 to 2,000",Jul-24
WOODHAVEN,WOODGROVE AVENUE,25,Non-Landed Properties,2,"3,350",60 to 70,700 to 800,Jul-24
ROSEWOOD,ROSEWOOD DRIVE,25,Non-Landed Properties,2,"3,650",90 to 100,"1,000 to 1,100",Jul-24
WOODHAVEN,WOODGROVE AVENUE,25,Non-Landed Properties,1,"2,900",50 to 60,500 to 600,Jul-24
WOODHAVEN,WOODGROVE AVENUE,25,Non-Landed Properties,1,"2,800",50 to 60,500 to 600,Jul-24
PARC ROSEWOOD,ROSEWOOD DRIVE,25,Non-Landed Properties,1,"2,450",40 to 50,400 to 500,Jul-24
CASABLANCA,ROSEWOOD DRIVE,25,Non-Landed Properties,3,"4,500",110 to 120,"1,100 to 1,200",Jul-24
PARC ROSEWOOD,ROSEWOOD DRIVE,25,Non-Landed Properties,1,"2,400",40 to 50,400 to 500,Jul-24
WOODHAVEN,WOODGROVE AVENUE,25,Non-Landed Properties,NA,"8,000",310 to 320,"3,300 to 3,400",Jul-24
PARC ROSEWOOD,ROSEWOOD DRIVE,25,Non-Landed Properties,1,"2,450",40 to 50,400 to 500,Jul-24
THE WOODGROVE,WOODGROVE DRIVE,25,Non-Landed Properties,3,"4,400",90 to 100,"1,000 to 1,100",Jul-24
PARC ROSEWOOD,ROSEWOOD DRIVE,25,Non-Landed Properties,1,"2,750",40 to 50,500 to 600,Jul-24
PARC ROSEWOOD,ROSEWOOD DRIVE,25,Non-Landed Properties,2,"2,800",50 to 60,500 to 600,Jul-24
WOODHAVEN,WOODGROVE AVENUE,25,Non-Landed Properties,2,"4,000",90 to 100,"1,000 to 1,100",Jul-24
ROSEWOOD,ROSEWOOD DRIVE,25,Non-Landed Properties,3,"4,000",100 to 110,"1,100 to 1,200",Jul-24
PARC ROSEWOOD,ROSEWOOD DRIVE,25,Non-Landed Properties,1,"2,400",40 to 50,400 to 500,Jul-24
CASABLANCA,ROSEWOOD DRIVE,25,Non-Landed Properties,2,"3,600",80 to 90,"900 to 1,000",Jul-24
WOODHAVEN,WOODGROVE AVENUE,25,Non-Landed Properties,2,"3,900",70 to 80,800 to 900,Jul-24
CASABLANCA,ROSEWOOD DRIVE,25,Non-Landed Properties,3,"4,100",100 to 110,"1,100 to 1,200",Jul-24
ROSEWOOD,ROSEWOOD DRIVE,25,Non-Landed Properties,3,"3,800",100 to 110,"1,100 to 1,200",Jul-24
ROSEWOOD,ROSEWOOD DRIVE,25,Non-Landed Properties,4,"4,900",130 to 140,"1,400 to 1,500",Jul-24
WOODGROVE CONDOMINIUM,WOODGROVE DRIVE,25,Non-Landed Properties,4,"7,200",290 to 300,"3,100 to 3,200",Jul-24
WOODHAVEN,WOODGROVE AVENUE,25,Non-Landed Properties,2,"3,400",60 to 70,600 to 700,Jul-24
ROSEWOOD,ROSEWOOD DRIVE,25,Non-Landed Properties,2,"3,350",90 to 100,"1,000 to 1,100",Jul-24
PARC ROSEWOOD,ROSEWOOD DRIVE,25,Non-Landed Properties,2,"3,300",50 to 60,500 to 600,Jul-24
PARC ROSEWOOD,ROSEWOOD DRIVE,25,Non-Landed Properties,2,"3,000",70 to 80,700 to 800,Jul-24
WOODGROVE CONDOMINIUM,WOODGROVE DRIVE,25,Non-Landed Properties,3,"4,800",150 to 160,"1,600 to 1,700",Jul-24
CASABLANCA,ROSEWOOD DRIVE,25,Non-Landed Properties,2,"3,500",80 to 90,"900 to 1,000",Jul-24
CASABLANCA,ROSEWOOD DRIVE,25,Non-Landed Properties,3,"4,000",100 to 110,"1,100 to 1,200",Jul-24
WOODGROVE CONDOMINIUM,WOODGROVE DRIVE,25,Non-Landed Properties,3,"7,200",180 to 190,"2,000 to 2,100",Jul-24
ROSEWOOD,ROSEWOOD DRIVE,25,Non-Landed Properties,2,"3,300",90 to 100,"1,000 to 1,100",Jul-24
PARC ROSEWOOD,ROSEWOOD DRIVE,25,Non-Landed Properties,1,"2,600",40 to 50,400 to 500,Jul-24
PARC ROSEWOOD,ROSEWOOD DRIVE,25,Non-Landed Properties,2,"2,700",50 to 60,500 to 600,Jul-24
WOODHAVEN,WOODGROVE AVENUE,25,Non-Landed Properties,2,"3,800",70 to 80,800 to 900,Jul-24
PARC ROSEWOOD,ROSEWOOD DRIVE,25,Non-Landed Properties,2,"3,200",50 to 60,600 to 700,Jul-24
THE WOODGROVE,WOODGROVE DRIVE,25,Non-Landed Properties,2,"3,600",80 to 90,800 to 900,Jul-24
CASABLANCA,ROSEWOOD DRIVE,25,Non-Landed Properties,3,"3,600",100 to 110,"1,100 to 1,200",Jul-24
CASABLANCA,ROSEWOOD DRIVE,25,Non-Landed Properties,2,"3,100",80 to 90,800 to 900,Jul-24
WOODHAVEN,WOODGROVE AVENUE,25,Non-Landed Properties,1,"2,600",50 to 60,600 to 700,Jul-24
WOODHAVEN,WOODGROVE AVENUE,25,Non-Landed Properties,1,"3,000",50 to 60,600 to 700,Jul-24
PARC ROSEWOOD,ROSEWOOD DRIVE,25,Non-Landed Properties,1,"2,400",40 to 50,500 to 600,Jul-24
PARC ROSEWOOD,ROSEWOOD DRIVE,25,Non-Landed Properties,2,"2,750",50 to 60,500 to 600,Jul-24
PARC ROSEWOOD,ROSEWOOD DRIVE,25,Non-Landed Properties,1,"2,400",40 to 50,400 to 500,Jul-24
ROSEWOOD,ROSEWOOD DRIVE,25,Non-Landed Properties,3,"4,000",100 to 110,"1,100 to 1,200",Jul-24
PARC ROSEWOOD,ROSEWOOD DRIVE,25,Non-Landed Properties,2,"3,000",70 to 80,700 to 800,Jul-24
ROSEWOOD,ROSEWOOD DRIVE,25,Non-Landed Properties,3,"4,600",150 to 160,"1,600 to 1,700",Jul-24
WOODHAVEN,WOODGROVE AVENUE,25,Non-Landed Properties,3,"5,000",100 to 110,"1,100 to 1,200",Jul-24
ROSEWOOD SUITES,ROSEWOOD DRIVE,25,Non-Landed Properties,3,"4,800",140 to 150,"1,500 to 1,600",Jul-24
CASABLANCA,ROSEWOOD DRIVE,25,Non-Landed Properties,3,"4,200",100 to 110,"1,100 to 1,200",Jul-24
ROSEWOOD SUITES,ROSEWOOD DRIVE,25,Non-Landed Properties,3,"4,300",140 to 150,"1,500 to 1,600",Jul-24
PARC ROSEWOOD,ROSEWOOD DRIVE,25,Non-Landed Properties,1,"2,300",40 to 50,400 to 500,Jul-24
WOODHAVEN,WOODGROVE AVENUE,25,Non-Landed Properties,2,"3,200",70 to 80,800 to 900,Jul-24
ROSEWOOD,ROSEWOOD DRIVE,25,Non-Landed Properties,3,"3,700",100 to 110,"1,100 to 1,200",Jul-24
WOODHAVEN,WOODGROVE AVENUE,25,Non-Landed Properties,1,"2,800",60 to 70,600 to 700,Jul-24
WOODHAVEN,WOODGROVE AVENUE,25,Non-Landed Properties,3,"4,500",100 to 110,"1,100 to 1,200",Jul-24
WOODHAVEN,WOODGROVE AVENUE,25,Non-Landed Properties,1,"2,800",50 to 60,500 to 600,Jul-24
CASABLANCA,ROSEWOOD DRIVE,25,Non-Landed Properties,3,"3,500",100 to 110,"1,100 to 1,200",Jul-24
CASABLANCA,ROSEWOOD DRIVE,25,Non-Landed Properties,3,"3,950",100 to 110,"1,100 to 1,200",Jul-24
PARC ROSEWOOD,ROSEWOOD DRIVE,25,Non-Landed Properties,1,"2,200",40 to 50,500 to 600,Jul-24
WOODGROVE CONDOMINIUM,WOODGROVE DRIVE,25,Non-Landed Properties,3,"4,050",140 to 150,"1,500 to 1,600",Jul-24
PARC ROSEWOOD,ROSEWOOD DRIVE,25,Non-Landed Properties,1,"2,300",40 to 50,400 to 500,Jul-24
WOODHAVEN,WOODGROVE AVENUE,25,Non-Landed Properties,3,"4,800",100 to 110,"1,100 to 1,200",Jul-24
PARC ROSEWOOD,ROSEWOOD DRIVE,25,Non-Landed Properties,1,"2,400",40 to 50,400 to 500,Jun-24
PARC ROSEWOOD,ROSEWOOD DRIVE,25,Non-Landed Properties,2,"2,700",50 to 60,600 to 700,Jun-24
WOODHAVEN,WOODGROVE AVENUE,25,Non-Landed Properties,2,"3,850",70 to 80,800 to 900,Jun-24
WOODHAVEN,WOODGROVE AVENUE,25,Non-Landed Properties,2,"3,600",70 to 80,800 to 900,Jun-24
PARC ROSEWOOD,ROSEWOOD DRIVE,25,Non-Landed Properties,1,"2,450",50 to 60,500 to 600,Jun-24
WOODHAVEN,WOODGROVE AVENUE,25,Non-Landed Properties,1,"2,550",50 to 60,500 to 600,Jun-24
WOODHAVEN,WOODGROVE AVENUE,25,Non-Landed Properties,1,"2,850",50 to 60,600 to 700,Jun-24
ROSEWOOD,ROSEWOOD DRIVE,25,Non-Landed Properties,3,"4,150",100 to 110,"1,100 to 1,200",Jun-24
PARC ROSEWOOD,ROSEWOOD DRIVE,25,Non-Landed Properties,1,"2,200",40 to 50,400 to 500,Jun-24
WOODGROVE CONDOMINIUM,WOODGROVE DRIVE,25,Non-Landed Properties,3,"6,700",200 to 210,"2,100 to 2,200",Jun-24
WOODHAVEN,WOODGROVE AVENUE,25,Non-Landed Properties,3,"5,400",100 to 110,"1,100 to 1,200",Jun-24
WOODHAVEN,WOODGROVE AVENUE,25,Non-Landed Properties,2,"4,000",90 to 100,"1,000 to 1,100",Jun-24
PARC ROSEWOOD,ROSEWOOD DRIVE,25,Non-Landed Properties,2,"2,700",50 to 60,600 to 700,Jun-24
WOODHAVEN,WOODGROVE AVENUE,25,Non-Landed Properties,3,"3,500",100 to 110,"1,100 to 1,200",Jun-24
PARC ROSEWOOD,ROSEWOOD DRIVE,25,Non-Landed Properties,2,"3,100",50 to 60,500 to 600,Jun-24
THE WOODGROVE,WOODGROVE DRIVE,25,Non-Landed Properties,3,"4,000",90 to 100,"1,000 to 1,100",Jun-24
ROSEWOOD,ROSEWOOD DRIVE,25,Non-Landed Properties,2,"3,600",90 to 100,"1,000 to 1,100",Jun-24
WOODGROVE CONDOMINIUM,WOODGROVE DRIVE,25,Non-Landed Properties,3,"5,300",150 to 160,"1,600 to 1,700",Jun-24
THE WOODGROVE,WOODGROVE DRIVE,25,Non-Landed Properties,2,"3,500",70 to 80,800 to 900,Jun-24
WOODGROVE CONDOMINIUM,WOODGROVE DRIVE,25,Non-Landed Properties,3,"6,200",200 to 210,"2,100 to 2,200",Jun-24
PARC ROSEWOOD,ROSEWOOD DRIVE,25,Non-Landed Properties,1,"2,450",40 to 50,400 to 500,Jun-24
ROSEWOOD,ROSEWOOD DRIVE,25,Non-Landed Properties,3,"3,850",100 to 110,"1,100 to 1,200",Jun-24
WOODHAVEN,WOODGROVE AVENUE,25,Non-Landed Properties,NA,"7,800",310 to 320,"3,300 to 3,400",Jun-24
WOODHAVEN,WOODGROVE AVENUE,25,Non-Landed Properties,1,"3,000",50 to 60,500 to 600,Jun-24
CASABLANCA,ROSEWOOD DRIVE,25,Non-Landed Properties,3,"4,150",100 to 110,"1,100 to 1,200",Jun-24
WOODHAVEN,WOODGROVE AVENUE,25,Non-Landed Properties,3,"5,800",100 to 110,"1,100 to 1,200",Jun-24
WOODGROVE CONDOMINIUM,WOODGROVE DRIVE,25,Non-Landed Properties,3,"4,200",110 to 120,"1,100 to 1,200",Jun-24
WOODHAVEN,WOODGROVE AVENUE,25,Non-Landed Properties,3,"5,000",100 to 110,"1,100 to 1,200",Jun-24
WOODHAVEN,WOODGROVE AVENUE,25,Non-Landed Properties,1,"2,800",50 to 60,500 to 600,Jun-24
WOODGROVE CONDOMINIUM,WOODGROVE DRIVE,25,Non-Landed Properties,3,"7,300",180 to 190,"2,000 to 2,100",Jun-24
ROSEWOOD SUITES,ROSEWOOD DRIVE,25,Non-Landed Properties,4,"6,300",170 to 180,"1,800 to 1,900",Jun-24
WOODHAVEN,WOODGROVE AVENUE,25,Non-Landed Properties,2,"3,800",70 to 80,800 to 900,Jun-24
WOODHAVEN,WOODGROVE AVENUE,25,Non-Landed Properties,3,"4,850",120 to 130,"1,300 to 1,400",Jun-24
PARC ROSEWOOD,ROSEWOOD DRIVE,25,Non-Landed Properties,1,"2,800",40 to 50,400 to 500,Jun-24
WOODGROVE CONDOMINIUM,WOODGROVE DRIVE,25,Non-Landed Properties,3,"5,000",110 to 120,"1,200 to 1,300",Jun-24
WOODHAVEN,WOODGROVE AVENUE,25,Non-Landed Properties,3,"5,500",120 to 130,"1,300 to 1,400",Jun-24
PARC ROSEWOOD,ROSEWOOD DRIVE,25,Non-Landed Properties,1,"2,300",40 to 50,400 to 500,Jun-24
WOODGROVE CONDOMINIUM,WOODGROVE DRIVE,25,Non-Landed Properties,3,"4,300",110 to 120,"1,200 to 1,300",Jun-24
WOODGROVE CONDOMINIUM,WOODGROVE DRIVE,25,Non-Landed Properties,3,"4,100",140 to 150,"1,500 to 1,600",Jun-24
ROSEWOOD,ROSEWOOD DRIVE,25,Non-Landed Properties,3,"3,000",100 to 110,"1,100 to 1,200",Jun-24
PARC ROSEWOOD,ROSEWOOD DRIVE,25,Non-Landed Properties,1,"2,400",40 to 50,400 to 500,Jun-24
PARC ROSEWOOD,ROSEWOOD DRIVE,25,Non-Landed Properties,1,"2,100",40 to 50,400 to 500,Jun-24
PARC ROSEWOOD,ROSEWOOD DRIVE,25,Non-Landed Properties,1,"2,600",40 to 50,400 to 500,Jun-24
THE WOODGROVE,WOODGROVE DRIVE,25,Non-Landed Properties,2,"3,700",80 to 90,800 to 900,Jun-24
ROSEWOOD SUITES,ROSEWOOD DRIVE,25,Non-Landed Properties,2,"3,400",110 to 120,"1,200 to 1,300",Jun-24
WOODGROVE CONDOMINIUM,WOODGROVE DRIVE,25,Non-Landed Properties,3,"5,000",150 to 160,"1,600 to 1,700",Jun-24
PARC ROSEWOOD,ROSEWOOD DRIVE,25,Non-Landed Properties,1,"2,300",40 to 50,400 to 500,Jun-24
ROSEWOOD SUITES,ROSEWOOD DRIVE,25,Non-Landed Properties,3,"3,900",100 to 110,"1,100 to 1,200",Jun-24
WOODHAVEN,WOODGROVE AVENUE,25,Non-Landed Properties,3,"4,800",100 to 110,"1,100 to 1,200",Jun-24
PARC ROSEWOOD,ROSEWOOD DRIVE,25,Non-Landed Properties,2,"2,900",50 to 60,500 to 600,Jun-24
WOODHAVEN,WOODGROVE AVENUE,25,Non-Landed Properties,3,"4,750",100 to 110,"1,100 to 1,200",Jun-24
CASABLANCA,ROSEWOOD DRIVE,25,Non-Landed Properties,3,"4,000",110 to 120,"1,100 to 1,200",Jun-24
WOODHAVEN,WOODGROVE AVENUE,25,Non-Landed Properties,3,"4,800",100 to 110,"1,100 to 1,200",Jun-24
WOODGROVE CONDOMINIUM,WOODGROVE DRIVE,25,Non-Landed Properties,3,"4,650",150 to 160,"1,700 to 1,800",Jun-24
WOODGROVE CONDOMINIUM,WOODGROVE DRIVE,25,Non-Landed Properties,3,"5,800",220 to 230,"2,300 to 2,400",Jun-24
CASABLANCA,ROSEWOOD DRIVE,25,Non-Landed Properties,3,"3,800",100 to 110,"1,100 to 1,200",Jun-24
CASABLANCA,ROSEWOOD DRIVE,25,Non-Landed Properties,2,"3,100",80 to 90,"900 to 1,000",Jun-24
ROSEWOOD,ROSEWOOD DRIVE,25,Non-Landed Properties,3,"4,100",100 to 110,"1,100 to 1,200",Jun-24
PARC ROSEWOOD,ROSEWOOD DRIVE,25,Non-Landed Properties,2,"3,065",50 to 60,600 to 700,Jun-24
WOODGROVE CONDOMINIUM,WOODGROVE DRIVE,25,Non-Landed Properties,3,"5,500",210 to 220,"2,300 to 2,400",Jun-24
WOODGROVE CONDOMINIUM,WOODGROVE DRIVE,25,Non-Landed Properties,3,"4,600",140 to 150,"1,500 to 1,600",Jun-24
THE WOODGROVE,WOODGROVE DRIVE,25,Non-Landed Properties,2,"3,800",80 to 90,"900 to 1,000",Jun-24
CASABLANCA,ROSEWOOD DRIVE,25,Non-Landed Properties,3,"4,200",100 to 110,"1,100 to 1,200",Jun-24
WOODHAVEN,WOODGROVE AVENUE,25,Non-Landed Properties,NA,"8,300",310 to 320,"3,300 to 3,400",Jun-24
WOODGROVE CONDOMINIUM,WOODGROVE DRIVE,25,Non-Landed Properties,3,"4,300",140 to 150,"1,500 to 1,600",Jun-24
WOODHAVEN,WOODGROVE AVENUE,25,Non-Landed Properties,3,"4,500",100 to 110,"1,100 to 1,200",Jun-24
PARC ROSEWOOD,ROSEWOOD DRIVE,25,Non-Landed Properties,1,"2,350",40 to 50,400 to 500,May-24
PARC ROSEWOOD,ROSEWOOD DRIVE,25,Non-Landed Properties,3,"3,600",70 to 80,800 to 900,May-24
PARC ROSEWOOD,ROSEWOOD DRIVE,25,Non-Landed Properties,1,"2,500",40 to 50,400 to 500,May-24
PARC ROSEWOOD,ROSEWOOD DRIVE,25,Non-Landed Properties,2,"3,050",50 to 60,600 to 700,May-24
WOODHAVEN,WOODGROVE AVENUE,25,Non-Landed Properties,3,"4,990",100 to 110,"1,100 to 1,200",May-24
PARC ROSEWOOD,ROSEWOOD DRIVE,25,Non-Landed Properties,1,"2,300",40 to 50,400 to 500,May-24
ROSEWOOD,ROSEWOOD DRIVE,25,Non-Landed Properties,2,"3,500",90 to 100,"1,000 to 1,100",May-24
ROSEWOOD SUITES,ROSEWOOD DRIVE,25,Non-Landed Properties,3,"3,900",90 to 100,"1,000 to 1,100",May-24
CASABLANCA,ROSEWOOD DRIVE,25,Non-Landed Properties,2,"3,000",80 to 90,"900 to 1,000",May-24
WOODHAVEN,WOODGROVE AVENUE,25,Non-Landed Properties,1,"2,650",50 to 60,600 to 700,May-24
WOODGROVE CONDOMINIUM,WOODGROVE DRIVE,25,Non-Landed Properties,3,"5,000",140 to 150,"1,500 to 1,600",May-24
PARC ROSEWOOD,ROSEWOOD DRIVE,25,Non-Landed Properties,1,"3,050",40 to 50,400 to 500,May-24
ROSEWOOD,ROSEWOOD DRIVE,25,Non-Landed Properties,3,"3,700",100 to 110,"1,100 to 1,200",May-24
PARC ROSEWOOD,ROSEWOOD DRIVE,25,Non-Landed Properties,1,"2,400",40 to 50,500 to 600,May-24
CASABLANCA,ROSEWOOD DRIVE,25,Non-Landed Properties,2,"3,500",80 to 90,"900 to 1,000",May-24
PARC ROSEWOOD,ROSEWOOD DRIVE,25,Non-Landed Properties,1,"2,300",40 to 50,400 to 500,May-24
PARC ROSEWOOD,ROSEWOOD DRIVE,25,Non-Landed Properties,1,"2,450",40 to 50,400 to 500,May-24
PARC ROSEWOOD,ROSEWOOD DRIVE,25,Non-Landed Properties,1,"2,500",40 to 50,500 to 600,May-24
CASABLANCA,ROSEWOOD DRIVE,25,Non-Landed Properties,3,"4,000",100 to 110,"1,100 to 1,200",May-24
PARC ROSEWOOD,ROSEWOOD DRIVE,25,Non-Landed Properties,1,"2,550",40 to 50,400 to 500,May-24
WOODGROVE CONDOMINIUM,WOODGROVE DRIVE,25,Non-Landed Properties,3,"5,500",190 to 200,"2,100 to 2,200",May-24
CASABLANCA,ROSEWOOD DRIVE,25,Non-Landed Properties,3,"4,000",100 to 110,"1,100 to 1,200",May-24
WOODGROVE CONDOMINIUM,WOODGROVE DRIVE,25,Non-Landed Properties,3,"5,250",220 to 230,"2,400 to 2,500",May-24
PARC ROSEWOOD,ROSEWOOD DRIVE,25,Non-Landed Properties,2,"2,800",50 to 60,600 to 700,May-24
WOODHAVEN,WOODGROVE AVENUE,25,Non-Landed Properties,3,"4,700",100 to 110,"1,100 to 1,200",May-24
WOODHAVEN,WOODGROVE AVENUE,25,Non-Landed Properties,1,"2,700",60 to 70,600 to 700,May-24
PARC ROSEWOOD,ROSEWOOD DRIVE,25,Non-Landed Properties,1,"2,500",40 to 50,400 to 500,May-24
PARC ROSEWOOD,ROSEWOOD DRIVE,25,Non-Landed Properties,1,"2,200",40 to 50,400 to 500,May-24
ROSEWOOD SUITES,ROSEWOOD DRIVE,25,Non-Landed Properties,2,"4,000",90 to 100,"1,000 to 1,100",May-24
WOODHAVEN,WOODGROVE AVENUE,25,Non-Landed Properties,NA,"7,900",310 to 320,"3,300 to 3,400",May-24
WOODHAVEN,WOODGROVE AVENUE,25,Non-Landed Properties,2,"3,100",60 to 70,700 to 800,May-24
PARC ROSEWOOD,ROSEWOOD DRIVE,25,Non-Landed Properties,2,"2,800",50 to 60,500 to 600,May-24
WOODHAVEN,WOODGROVE AVENUE,25,Non-Landed Properties,1,"3,000",50 to 60,600 to 700,May-24
PARC ROSEWOOD,ROSEWOOD DRIVE,25,Non-Landed Properties,1,"2,500",40 to 50,500 to 600,May-24
ROSEWOOD,ROSEWOOD DRIVE,25,Non-Landed Properties,4,"4,550",130 to 140,"1,400 to 1,500",Apr-24
PARC ROSEWOOD,ROSEWOOD DRIVE,25,Non-Landed Properties,3,"3,500",70 to 80,800 to 900,Apr-24
ROSEWOOD SUITES,ROSEWOOD DRIVE,25,Non-Landed Properties,3,"4,300",110 to 120,"1,200 to 1,300",Apr-24
PARC ROSEWOOD,ROSEWOOD DRIVE,25,Non-Landed Properties,1,"2,500",40 to 50,400 to 500,Apr-24
WOODHAVEN,WOODGROVE AVENUE,25,Non-Landed Properties,1,"3,000",50 to 60,500 to 600,Apr-24
ROSEWOOD,ROSEWOOD DRIVE,25,Non-Landed Properties,2,"3,200",80 to 90,"900 to 1,000",Apr-24
WOODHAVEN,WOODGROVE AVENUE,25,Non-Landed Properties,1,"3,300",50 to 60,500 to 600,Apr-24
PARC ROSEWOOD,ROSEWOOD DRIVE,25,Non-Landed Properties,1,"2,200",40 to 50,400 to 500,Apr-24
WOODHAVEN,WOODGROVE AVENUE,25,Non-Landed Properties,2,"3,800",70 to 80,800 to 900,Apr-24
PARC ROSEWOOD,ROSEWOOD DRIVE,25,Non-Landed Properties,3,"3,900",70 to 80,800 to 900,Apr-24
PARC ROSEWOOD,ROSEWOOD DRIVE,25,Non-Landed Properties,1,"2,500",40 to 50,400 to 500,Apr-24
ROSEWOOD SUITES,ROSEWOOD DRIVE,25,Non-Landed Properties,4,"6,000",250 to 260,"2,700 to 2,800",Apr-24
CASABLANCA,ROSEWOOD DRIVE,25,Non-Landed Properties,3,"4,000",100 to 110,"1,100 to 1,200",Apr-24
THE WOODGROVE,WOODGROVE DRIVE,25,Non-Landed Properties,3,"3,000",90 to 100,"1,000 to 1,100",Apr-24
ROSEWOOD,ROSEWOOD DRIVE,25,Non-Landed Properties,3,"3,800",110 to 120,"1,100 to 1,200",Apr-24
CASABLANCA,ROSEWOOD DRIVE,25,Non-Landed Properties,3,"4,100",100 to 110,"1,100 to 1,200",Apr-24
WOODGROVE CONDOMINIUM,WOODGROVE DRIVE,25,Non-Landed Properties,3,"4,200",140 to 150,"1,500 to 1,600",Apr-24
PARC ROSEWOOD,ROSEWOOD DRIVE,25,Non-Landed Properties,2,"3,950",110 to 120,"1,200 to 1,300",Apr-24
ROSEWOOD,ROSEWOOD DRIVE,25,Non-Landed Properties,2,"3,350",90 to 100,"1,000 to 1,100",Apr-24
PARC ROSEWOOD,ROSEWOOD DRIVE,25,Non-Landed Properties,3,"3,600",70 to 80,800 to 900,Apr-24
CASABLANCA,ROSEWOOD DRIVE,25,Non-Landed Properties,2,"3,250",80 to 90,"900 to 1,000",Apr-24
PARC ROSEWOOD,ROSEWOOD DRIVE,25,Non-Landed Properties,1,"2,300",40 to 50,400 to 500,Apr-24
WOODHAVEN,WOODGROVE AVENUE,25,Non-Landed Properties,2,"4,000",70 to 80,800 to 900,Apr-24
ROSEWOOD,ROSEWOOD DRIVE,25,Non-Landed Properties,3,"3,600",100 to 110,"1,100 to 1,200",Mar-24
WOODGROVE CONDOMINIUM,WOODGROVE DRIVE,25,Non-Landed Properties,3,"4,200",100 to 110,"1,100 to 1,200",Mar-24
WOODHAVEN,WOODGROVE AVENUE,25,Non-Landed Properties,2,"3,700",70 to 80,800 to 900,Mar-24
ROSEWOOD,ROSEWOOD DRIVE,25,Non-Landed Properties,2,"3,300",90 to 100,"1,000 to 1,100",Mar-24
PARC ROSEWOOD,ROSEWOOD DRIVE,25,Non-Landed Properties,1,"2,800",40 to 50,500 to 600,Mar-24
WOODHAVEN,WOODGROVE AVENUE,25,Non-Landed Properties,1,"3,000",50 to 60,600 to 700,Mar-24
PARC ROSEWOOD,ROSEWOOD DRIVE,25,Non-Landed Properties,1,"2,500",40 to 50,500 to 600,Mar-24
PARC ROSEWOOD,ROSEWOOD DRIVE,25,Non-Landed Properties,2,"3,000",50 to 60,500 to 600,Mar-24
THE WOODGROVE,WOODGROVE DRIVE,25,Non-Landed Properties,2,"3,200",70 to 80,800 to 900,Mar-24
ROSEWOOD SUITES,ROSEWOOD DRIVE,25,Non-Landed Properties,3,"4,000",120 to 130,"1,300 to 1,400",Mar-24
CASABLANCA,ROSEWOOD DRIVE,25,Non-Landed Properties,3,"4,100",110 to 120,"1,100 to 1,200",Mar-24
CASABLANCA,ROSEWOOD DRIVE,25,Non-Landed Properties,3,"3,900",110 to 120,"1,100 to 1,200",Mar-24
PARC ROSEWOOD,ROSEWOOD DRIVE,25,Non-Landed Properties,1,"2,300",40 to 50,400 to 500,Mar-24
THE WOODGROVE,WOODGROVE DRIVE,25,Non-Landed Properties,3,"3,800",90 to 100,"1,000 to 1,100",Mar-24
PARC ROSEWOOD,ROSEWOOD DRIVE,25,Non-Landed Properties,3,"3,600",70 to 80,800 to 900,Mar-24
PARC ROSEWOOD,ROSEWOOD DRIVE,25,Non-Landed Properties,1,"2,950",40 to 50,400 to 500,Mar-24
WOODHAVEN,WOODGROVE AVENUE,25,Non-Landed Properties,2,"3,300",60 to 70,600 to 700,Mar-24
PARC ROSEWOOD,ROSEWOOD DRIVE,25,Non-Landed Properties,2,"3,000",50 to 60,500 to 600,Mar-24
ROSEWOOD,ROSEWOOD DRIVE,25,Non-Landed Properties,2,"2,600",90 to 100,"1,000 to 1,100",Mar-24
CASABLANCA,ROSEWOOD DRIVE,25,Non-Landed Properties,2,"3,200",80 to 90,"900 to 1,000",Mar-24
CASABLANCA,ROSEWOOD DRIVE,25,Non-Landed Properties,3,"3,900",100 to 110,"1,100 to 1,200",Mar-24
CASABLANCA,ROSEWOOD DRIVE,25,Non-Landed Properties,3,"4,200",100 to 110,"1,100 to 1,200",Mar-24
CASABLANCA,ROSEWOOD DRIVE,25,Non-Landed Properties,3,"3,800",100 to 110,"1,100 to 1,200",Mar-24
PARC ROSEWOOD,ROSEWOOD DRIVE,25,Non-Landed Properties,1,"2,500",40 to 50,400 to 500,Mar-24
PARC ROSEWOOD,ROSEWOOD DRIVE,25,Non-Landed Properties,1,"3,500",40 to 50,400 to 500,Mar-24
WOODGROVE CONDOMINIUM,WOODGROVE DRIVE,25,Non-Landed Properties,3,"4,000",140 to 150,"1,500 to 1,600",Mar-24
WOODHAVEN,WOODGROVE AVENUE,25,Non-Landed Properties,1,"3,000",50 to 60,500 to 600,Mar-24
PARC ROSEWOOD,ROSEWOOD DRIVE,25,Non-Landed Properties,1,"2,300",40 to 50,400 to 500,Feb-24
WOODHAVEN,WOODGROVE AVENUE,25,Non-Landed Properties,1,"2,700",50 to 60,600 to 700,Feb-24
WOODHAVEN,WOODGROVE AVENUE,25,Non-Landed Properties,NA,"7,900",310 to 320,"3,300 to 3,400",Feb-24
PARC ROSEWOOD,ROSEWOOD DRIVE,25,Non-Landed Properties,1,"2,800",40 to 50,400 to 500,Feb-24
ROSEWOOD,ROSEWOOD DRIVE,25,Non-Landed Properties,3,"4,000",100 to 110,"1,100 to 1,200",Feb-24
PARC ROSEWOOD,ROSEWOOD DRIVE,25,Non-Landed Properties,1,"2,600",40 to 50,500 to 600,Feb-24
ROSEWOOD,ROSEWOOD DRIVE,25,Non-Landed Properties,3,"3,500",100 to 110,"1,100 to 1,200",Feb-24
ROSEWOOD,ROSEWOOD DRIVE,25,Non-Landed Properties,2,"3,400",90 to 100,"1,000 to 1,100",Feb-24
WOODHAVEN,WOODGROVE AVENUE,25,Non-Landed Properties,2,"3,000",60 to 70,600 to 700,Feb-24
THE WOODGROVE,WOODGROVE DRIVE,25,Non-Landed Properties,2,"3,500",80 to 90,800 to 900,Feb-24
CASABLANCA,ROSEWOOD DRIVE,25,Non-Landed Properties,3,"4,000",100 to 110,"1,100 to 1,200",Feb-24
ROSEWOOD SUITES,ROSEWOOD DRIVE,25,Non-Landed Properties,2,"2,500",110 to 120,"1,200 to 1,300",Feb-24
PARC ROSEWOOD,ROSEWOOD DRIVE,25,Non-Landed Properties,1,"2,400",40 to 50,400 to 500,Feb-24
WOODGROVE CONDOMINIUM,WOODGROVE DRIVE,25,Non-Landed Properties,3,"7,200",180 to 190,"1,900 to 2,000",Feb-24
WOODHAVEN,WOODGROVE AVENUE,25,Non-Landed Properties,2,"3,900",70 to 80,800 to 900,Feb-24
ROSEWOOD,ROSEWOOD DRIVE,25,Non-Landed Properties,3,"4,500",110 to 120,"1,100 to 1,200",Feb-24
PARC ROSEWOOD,ROSEWOOD DRIVE,25,Non-Landed Properties,1,"2,600",40 to 50,400 to 500,Feb-24
WOODHAVEN,WOODGROVE AVENUE,25,Non-Landed Properties,2,"3,800",70 to 80,800 to 900,Feb-24
CASABLANCA,ROSEWOOD DRIVE,25,Non-Landed Properties,2,"3,600",80 to 90,"900 to 1,000",Feb-24
PARC ROSEWOOD,ROSEWOOD DRIVE,25,Non-Landed Properties,1,"2,500",40 to 50,400 to 500,Feb-24
ROSEWOOD SUITES,ROSEWOOD DRIVE,25,Non-Landed Properties,3,"4,150",110 to 120,"1,200 to 1,300",Feb-24
WOODGROVE CONDOMINIUM,WOODGROVE DRIVE,25,Non-Landed Properties,3,"4,300",110 to 120,"1,200 to 1,300",Feb-24
PARC ROSEWOOD,ROSEWOOD DRIVE,25,Non-Landed Properties,1,"2,350",40 to 50,400 to 500,Feb-24
CASABLANCA,ROSEWOOD DRIVE,25,Non-Landed Properties,3,"4,100",100 to 110,"1,100 to 1,200",Feb-24
CASABLANCA,ROSEWOOD DRIVE,25,Non-Landed Properties,3,"4,300",100 to 110,"1,100 to 1,200",Feb-24
PARC ROSEWOOD,ROSEWOOD DRIVE,25,Non-Landed Properties,1,"2,600",40 to 50,400 to 500,Feb-24
PARC ROSEWOOD,ROSEWOOD DRIVE,25,Non-Landed Properties,1,"2,900",40 to 50,400 to 500,Feb-24
PARC ROSEWOOD,ROSEWOOD DRIVE,25,Non-Landed Properties,3,"3,300",90 to 100,"900 to 1,000",Feb-24
ROSEWOOD,ROSEWOOD DRIVE,25,Non-Landed Properties,2,"3,800",90 to 100,"1,000 to 1,100",Feb-24
PARC ROSEWOOD,ROSEWOOD DRIVE,25,Non-Landed Properties,2,"3,300",50 to 60,600 to 700,Feb-24
PARC ROSEWOOD,ROSEWOOD DRIVE,25,Non-Landed Properties,2,"3,000",50 to 60,600 to 700,Feb-24
ROSEWOOD,ROSEWOOD DRIVE,25,Non-Landed Properties,3,"3,800",110 to 120,"1,100 to 1,200",Jan-24
CASABLANCA,ROSEWOOD DRIVE,25,Non-Landed Properties,3,"4,100",100 to 110,"1,100 to 1,200",Jan-24
WOODHAVEN,WOODGROVE AVENUE,25,Non-Landed Properties,1,"3,000",50 to 60,500 to 600,Jan-24
WOODHAVEN,WOODGROVE AVENUE,25,Non-Landed Properties,2,"3,900",70 to 80,800 to 900,Jan-24
WOODHAVEN,WOODGROVE AVENUE,25,Non-Landed Properties,2,"3,300",60 to 70,600 to 700,Jan-24
PARC ROSEWOOD,ROSEWOOD DRIVE,25,Non-Landed Properties,1,"2,500",40 to 50,400 to 500,Jan-24
PARC ROSEWOOD,ROSEWOOD DRIVE,25,Non-Landed Properties,1,"2,450",40 to 50,400 to 500,Jan-24
PARC ROSEWOOD,ROSEWOOD DRIVE,25,Non-Landed Properties,1,"2,500",40 to 50,400 to 500,Jan-24
WOODHAVEN,WOODGROVE AVENUE,25,Non-Landed Properties,1,"3,050",50 to 60,600 to 700,Jan-24
PARC ROSEWOOD,ROSEWOOD DRIVE,25,Non-Landed Properties,2,"2,950",50 to 60,500 to 600,Jan-24
CASABLANCA,ROSEWOOD DRIVE,25,Non-Landed Properties,3,"4,700",110 to 120,"1,100 to 1,200",Jan-24
WOODHAVEN,WOODGROVE AVENUE,25,Non-Landed Properties,1,"2,850",50 to 60,600 to 700,Jan-24
WOODHAVEN,WOODGROVE AVENUE,25,Non-Landed Properties,NA,"8,300",310 to 320,"3,300 to 3,400",Jan-24
ROSEWOOD,ROSEWOOD DRIVE,25,Non-Landed Properties,3,"4,000",100 to 110,"1,100 to 1,200",Jan-24
ROSEWOOD SUITES,ROSEWOOD DRIVE,25,Non-Landed Properties,2,"3,750",110 to 120,"1,200 to 1,300",Jan-24
ROSEWOOD,ROSEWOOD DRIVE,25,Non-Landed Properties,3,"4,000",100 to 110,"1,100 to 1,200",Jan-24
PARC ROSEWOOD,ROSEWOOD DRIVE,25,Non-Landed Properties,1,"2,600",50 to 60,500 to 600,Jan-24
PARC ROSEWOOD,ROSEWOOD DRIVE,25,Non-Landed Properties,1,"2,600",40 to 50,400 to 500,Jan-24
PARC ROSEWOOD,ROSEWOOD DRIVE,25,Non-Landed Properties,1,"2,600",40 to 50,400 to 500,Jan-24
THE WOODGROVE,WOODGROVE DRIVE,25,Non-Landed Properties,3,"3,500",80 to 90,800 to 900,Jan-24
CASABLANCA,ROSEWOOD DRIVE,25,Non-Landed Properties,3,"3,900",110 to 120,"1,100 to 1,200",Jan-24
CASABLANCA,ROSEWOOD DRIVE,25,Non-Landed Properties,2,"3,000",80 to 90,"900 to 1,000",Jan-24
PARC ROSEWOOD,ROSEWOOD DRIVE,25,Non-Landed Properties,1,"2,500",40 to 50,400 to 500,Jan-24
CASABLANCA,ROSEWOOD DRIVE,25,Non-Landed Properties,3,"3,700",100 to 110,"1,100 to 1,200",Jan-24
PARC ROSEWOOD,ROSEWOOD DRIVE,25,Non-Landed Properties,2,"3,000",50 to 60,600 to 700,Jan-24
CASABLANCA,ROSEWOOD DRIVE,25,Non-Landed Properties,2,"3,800",80 to 90,"900 to 1,000",Jan-24
CASABLANCA,ROSEWOOD DRIVE,25,Non-Landed Properties,3,"3,800",100 to 110,"1,100 to 1,200",Jan-24
WOODHAVEN,WOODGROVE AVENUE,25,Non-Landed Properties,3,"5,200",100 to 110,"1,100 to 1,200",Jan-24
WOODHAVEN,WOODGROVE AVENUE,25,Non-Landed Properties,2,"3,950",90 to 100,"1,000 to 1,100",Jan-24
WOODHAVEN,WOODGROVE AVENUE,25,Non-Landed Properties,2,"4,000",70 to 80,800 to 900,Jan-24
THE WOODGROVE,WOODGROVE DRIVE,25,Non-Landed Properties,2,"4,000",80 to 90,800 to 900,Jan-24
THE WOODGROVE,WOODGROVE DRIVE,25,Non-Landed Properties,2,"3,100",80 to 90,800 to 900,Jan-24
WOODHAVEN,WOODGROVE AVENUE,25,Non-Landed Properties,1,"2,750",50 to 60,600 to 700,Jan-24
PARC ROSEWOOD,ROSEWOOD DRIVE,25,Non-Landed Properties,1,"2,900",40 to 50,400 to 500,Jan-24
THE WOODGROVE,WOODGROVE DRIVE,25,Non-Landed Properties,2,"3,800",80 to 90,800 to 900,Jan-24
ROSEWOOD,ROSEWOOD DRIVE,25,Non-Landed Properties,3,"4,800",150 to 160,"1,600 to 1,700",Dec-23
PARC ROSEWOOD,ROSEWOOD DRIVE,25,Non-Landed Properties,3,"3,400",70 to 80,800 to 900,Dec-23
PARC ROSEWOOD,ROSEWOOD DRIVE,25,Non-Landed Properties,1,"2,600",40 to 50,400 to 500,Dec-23
ROSEWOOD,ROSEWOOD DRIVE,25,Non-Landed Properties,3,"4,250",110 to 120,"1,100 to 1,200",Dec-23
PARC ROSEWOOD,ROSEWOOD DRIVE,25,Non-Landed Properties,1,"2,600",40 to 50,400 to 500,Dec-23
PARC ROSEWOOD,ROSEWOOD DRIVE,25,Non-Landed Properties,2,"3,000",50 to 60,600 to 700,Dec-23
CASABLANCA,ROSEWOOD DRIVE,25,Non-Landed Properties,3,"4,200",100 to 110,"1,100 to 1,200",Dec-23
ROSEWOOD,ROSEWOOD DRIVE,25,Non-Landed Properties,3,"3,900",100 to 110,"1,100 to 1,200",Dec-23
CASABLANCA,ROSEWOOD DRIVE,25,Non-Landed Properties,3,"4,200",110 to 120,"1,100 to 1,200",Dec-23
WOODHAVEN,WOODGROVE AVENUE,25,Non-Landed Properties,2,"3,600",70 to 80,800 to 900,Dec-23
PARC ROSEWOOD,ROSEWOOD DRIVE,25,Non-Landed Properties,1,"2,500",40 to 50,400 to 500,Dec-23
PARC ROSEWOOD,ROSEWOOD DRIVE,25,Non-Landed Properties,1,"2,700",40 to 50,500 to 600,Dec-23
ROSEWOOD,ROSEWOOD DRIVE,25,Non-Landed Properties,2,"3,350",90 to 100,"1,000 to 1,100",Dec-23
PARC ROSEWOOD,ROSEWOOD DRIVE,25,Non-Landed Properties,1,"3,150",40 to 50,400 to 500,Dec-23
PARC ROSEWOOD,ROSEWOOD DRIVE,25,Non-Landed Properties,1,"2,700",40 to 50,400 to 500,Dec-23
ROSEWOOD,ROSEWOOD DRIVE,25,Non-Landed Properties,3,"3,800",100 to 110,"1,100 to 1,200",Dec-23
PARC ROSEWOOD,ROSEWOOD DRIVE,25,Non-Landed Properties,1,"2,600",40 to 50,500 to 600,Dec-23
PARC ROSEWOOD,ROSEWOOD DRIVE,25,Non-Landed Properties,2,"3,200",70 to 80,700 to 800,Dec-23
PARC ROSEWOOD,ROSEWOOD DRIVE,25,Non-Landed Properties,2,"3,000",50 to 60,600 to 700,Dec-23
CASABLANCA,ROSEWOOD DRIVE,25,Non-Landed Properties,3,"4,300",100 to 110,"1,100 to 1,200",Dec-23
PARC ROSEWOOD,ROSEWOOD DRIVE,25,Non-Landed Properties,1,"2,400",40 to 50,400 to 500,Dec-23
PARC ROSEWOOD,ROSEWOOD DRIVE,25,Non-Landed Properties,1,"2,650",40 to 50,500 to 600,Dec-23
THE WOODGROVE,WOODGROVE DRIVE,25,Non-Landed Properties,2,"3,680",80 to 90,800 to 900,Dec-23
CASABLANCA,ROSEWOOD DRIVE,25,Non-Landed Properties,3,"4,500",100 to 110,"1,100 to 1,200",Dec-23
PARC ROSEWOOD,ROSEWOOD DRIVE,25,Non-Landed Properties,1,"2,500",40 to 50,500 to 600,Dec-23
WOODHAVEN,WOODGROVE AVENUE,25,Non-Landed Properties,NA,"8,200",300 to 310,"3,300 to 3,400",Dec-23
WOODHAVEN,WOODGROVE AVENUE,25,Non-Landed Properties,1,"2,500",50 to 60,500 to 600,Dec-23
ROSEWOOD SUITES,ROSEWOOD DRIVE,25,Non-Landed Properties,3,"4,300",120 to 130,"1,300 to 1,400",Dec-23
WOODHAVEN,WOODGROVE AVENUE,25,Non-Landed Properties,1,"3,000",50 to 60,600 to 700,Dec-23
WOODHAVEN,WOODGROVE AVENUE,25,Non-Landed Properties,1,"2,750",50 to 60,600 to 700,Nov-23
WOODHAVEN,WOODGROVE AVENUE,25,Non-Landed Properties,1,"3,000",60 to 70,600 to 700,Nov-23
CASABLANCA,ROSEWOOD DRIVE,25,Non-Landed Properties,3,"4,000",100 to 110,"1,100 to 1,200",Nov-23
WOODHAVEN,WOODGROVE AVENUE,25,Non-Landed Properties,NA,"7,700",310 to 320,"3,300 to 3,400",Nov-23
CASABLANCA,ROSEWOOD DRIVE,25,Non-Landed Properties,2,"3,700",80 to 90,"900 to 1,000",Nov-23
PARC ROSEWOOD,ROSEWOOD DRIVE,25,Non-Landed Properties,1,"2,500",40 to 50,400 to 500,Nov-23
PARC ROSEWOOD,ROSEWOOD DRIVE,25,Non-Landed Properties,1,"2,800",40 to 50,400 to 500,Nov-23
PARC ROSEWOOD,ROSEWOOD DRIVE,25,Non-Landed Properties,1,"2,450",40 to 50,400 to 500,Nov-23
WOODHAVEN,WOODGROVE AVENUE,25,Non-Landed Properties,1,"2,700",50 to 60,500 to 600,Nov-23
ROSEWOOD,ROSEWOOD DRIVE,25,Non-Landed Properties,3,"4,300",110 to 120,"1,100 to 1,200",Nov-23
WOODHAVEN,WOODGROVE AVENUE,25,Non-Landed Properties,2,"3,650",60 to 70,600 to 700,Nov-23
WOODHAVEN,WOODGROVE AVENUE,25,Non-Landed Properties,NA,"8,800",310 to 320,"3,300 to 3,400",Nov-23
PARC ROSEWOOD,ROSEWOOD DRIVE,25,Non-Landed Properties,1,"2,600",40 to 50,500 to 600,Nov-23
ROSEWOOD,ROSEWOOD DRIVE,25,Non-Landed Properties,2,"4,300",130 to 140,"1,400 to 1,500",Nov-23
WOODHAVEN,WOODGROVE AVENUE,25,Non-Landed Properties,1,"2,900",50 to 60,600 to 700,Nov-23
THE WOODGROVE,WOODGROVE DRIVE,25,Non-Landed Properties,2,"4,000",80 to 90,800 to 900,Nov-23
CASABLANCA,ROSEWOOD DRIVE,25,Non-Landed Properties,2,"3,000",80 to 90,800 to 900,Nov-23
WOODHAVEN,WOODGROVE AVENUE,25,Non-Landed Properties,1,"3,000",50 to 60,500 to 600,Nov-23
WOODHAVEN,WOODGROVE AVENUE,25,Non-Landed Properties,NA,"7,900",300 to 310,"3,300 to 3,400",Nov-23
THE WOODGROVE,WOODGROVE DRIVE,25,Non-Landed Properties,2,"4,000",80 to 90,800 to 900,Nov-23
PARC ROSEWOOD,ROSEWOOD DRIVE,25,Non-Landed Properties,3,"4,300",70 to 80,800 to 900,Nov-23
PARC ROSEWOOD,ROSEWOOD DRIVE,25,Non-Landed Properties,1,"2,500",40 to 50,400 to 500,Nov-23
WOODHAVEN,WOODGROVE AVENUE,25,Non-Landed Properties,1,"3,000",50 to 60,600 to 700,Nov-23
WOODGROVE CONDOMINIUM,WOODGROVE DRIVE,25,Non-Landed Properties,3,"4,100",110 to 120,"1,100 to 1,200",Nov-23
PARC ROSEWOOD,ROSEWOOD DRIVE,25,Non-Landed Properties,1,"2,400",40 to 50,400 to 500,Oct-23
ROSEWOOD,ROSEWOOD DRIVE,25,Non-Landed Properties,2,"3,600",90 to 100,"1,000 to 1,100",Oct-23
WOODHAVEN,WOODGROVE AVENUE,25,Non-Landed Properties,1,"3,100",60 to 70,600 to 700,Oct-23
PARC ROSEWOOD,ROSEWOOD DRIVE,25,Non-Landed Properties,1,"2,400",40 to 50,400 to 500,Oct-23
PARC ROSEWOOD,ROSEWOOD DRIVE,25,Non-Landed Properties,1,"2,500",40 to 50,400 to 500,Oct-23
PARC ROSEWOOD,ROSEWOOD DRIVE,25,Non-Landed Properties,1,"2,500",40 to 50,400 to 500,Oct-23
PARC ROSEWOOD,ROSEWOOD DRIVE,25,Non-Landed Properties,1,"2,500",40 to 50,400 to 500,Oct-23
WOODGROVE CONDOMINIUM,WOODGROVE DRIVE,25,Non-Landed Properties,3,"4,000",140 to 150,"1,500 to 1,600",Oct-23
CASABLANCA,ROSEWOOD DRIVE,25,Non-Landed Properties,2,"3,800",80 to 90,"900 to 1,000",Oct-23
PARC ROSEWOOD,ROSEWOOD DRIVE,25,Non-Landed Properties,2,"3,000",50 to 60,500 to 600,Oct-23
CASABLANCA,ROSEWOOD DRIVE,25,Non-Landed Properties,3,"4,600",110 to 120,"1,100 to 1,200",Oct-23
PARC ROSEWOOD,ROSEWOOD DRIVE,25,Non-Landed Properties,1,"2,500",40 to 50,400 to 500,Oct-23
CASABLANCA,ROSEWOOD DRIVE,25,Non-Landed Properties,3,"4,500",110 to 120,"1,100 to 1,200",Oct-23
CASABLANCA,ROSEWOOD DRIVE,25,Non-Landed Properties,2,"3,250",80 to 90,800 to 900,Oct-23
CASABLANCA,ROSEWOOD DRIVE,25,Non-Landed Properties,2,"3,300",80 to 90,"900 to 1,000",Oct-23
ROSEWOOD,ROSEWOOD DRIVE,25,Non-Landed Properties,4,"4,500",130 to 140,"1,400 to 1,500",Oct-23
WOODHAVEN,WOODGROVE AVENUE,25,Non-Landed Properties,3,"5,200",100 to 110,"1,100 to 1,200",Oct-23
CASABLANCA,ROSEWOOD DRIVE,25,Non-Landed Properties,3,"4,300",100 to 110,"1,100 to 1,200",Oct-23
WOODHAVEN,WOODGROVE AVENUE,25,Non-Landed Properties,3,"4,600",100 to 110,"1,100 to 1,200",Oct-23
WOODHAVEN,WOODGROVE AVENUE,25,Non-Landed Properties,1,"3,000",60 to 70,600 to 700,Oct-23
PARC ROSEWOOD,ROSEWOOD DRIVE,25,Non-Landed Properties,2,"3,600",70 to 80,700 to 800,Oct-23
WOODHAVEN,WOODGROVE AVENUE,25,Non-Landed Properties,1,"2,800",50 to 60,500 to 600,Oct-23
PARC ROSEWOOD,ROSEWOOD DRIVE,25,Non-Landed Properties,1,"2,600",40 to 50,400 to 500,Oct-23
CASABLANCA,ROSEWOOD DRIVE,25,Non-Landed Properties,2,"3,450",80 to 90,"900 to 1,000",Oct-23
PARC ROSEWOOD,ROSEWOOD DRIVE,25,Non-Landed Properties,1,"2,700",40 to 50,400 to 500,Oct-23
WOODGROVE CONDOMINIUM,WOODGROVE DRIVE,25,Non-Landed Properties,3,"6,200",180 to 190,"1,900 to 2,000",Oct-23
THE WOODGROVE,WOODGROVE DRIVE,25,Non-Landed Properties,2,"4,400",80 to 90,800 to 900,Oct-23
PARC ROSEWOOD,ROSEWOOD DRIVE,25,Non-Landed Properties,3,"3,150",70 to 80,800 to 900,Sep-23
PARC ROSEWOOD,ROSEWOOD DRIVE,25,Non-Landed Properties,1,"2,700",40 to 50,500 to 600,Sep-23
PARC ROSEWOOD,ROSEWOOD DRIVE,25,Non-Landed Properties,1,"1,800",40 to 50,400 to 500,Sep-23
WOODHAVEN,WOODGROVE AVENUE,25,Non-Landed Properties,2,"3,250",70 to 80,800 to 900,Sep-23
ROSEWOOD,ROSEWOOD DRIVE,25,Non-Landed Properties,3,"4,500",100 to 110,"1,100 to 1,200",Sep-23
ROSEWOOD,ROSEWOOD DRIVE,25,Non-Landed Properties,3,"3,400",100 to 110,"1,100 to 1,200",Sep-23
WOODGROVE CONDOMINIUM,WOODGROVE DRIVE,25,Non-Landed Properties,3,"4,100",110 to 120,"1,200 to 1,300",Sep-23
PARC ROSEWOOD,ROSEWOOD DRIVE,25,Non-Landed Properties,1,"2,650",40 to 50,500 to 600,Sep-23
PARC ROSEWOOD,ROSEWOOD DRIVE,25,Non-Landed Properties,1,"2,600",50 to 60,500 to 600,Sep-23
PARC ROSEWOOD,ROSEWOOD DRIVE,25,Non-Landed Properties,2,"3,100",50 to 60,600 to 700,Sep-23
CASABLANCA,ROSEWOOD DRIVE,25,Non-Landed Properties,3,"4,000",100 to 110,"1,100 to 1,200",Sep-23
PARC ROSEWOOD,ROSEWOOD DRIVE,25,Non-Landed Properties,1,"2,700",40 to 50,400 to 500,Sep-23
PARC ROSEWOOD,ROSEWOOD DRIVE,25,Non-Landed Properties,1,"2,300",40 to 50,400 to 500,Sep-23
CASABLANCA,ROSEWOOD DRIVE,25,Non-Landed Properties,2,"3,000",80 to 90,"900 to 1,000",Sep-23
WOODHAVEN,WOODGROVE AVENUE,25,Non-Landed Properties,1,"2,300",50 to 60,600 to 700,Sep-23
PARC ROSEWOOD,ROSEWOOD DRIVE,25,Non-Landed Properties,1,"2,750",40 to 50,400 to 500,Sep-23
WOODHAVEN,WOODGROVE AVENUE,25,Non-Landed Properties,1,"3,800",50 to 60,600 to 700,Sep-23
PARC ROSEWOOD,ROSEWOOD DRIVE,25,Non-Landed Properties,1,"2,100",40 to 50,400 to 500,Sep-23
PARC ROSEWOOD,ROSEWOOD DRIVE,25,Non-Landed Properties,2,"3,100",70 to 80,700 to 800,Sep-23
WOODHAVEN,WOODGROVE AVENUE,25,Non-Landed Properties,NA,"7,700",300 to 310,"3,300 to 3,400",Sep-23
PARC ROSEWOOD,ROSEWOOD DRIVE,25,Non-Landed Properties,1,"2,900",40 to 50,500 to 600,Sep-23
PARC ROSEWOOD,ROSEWOOD DRIVE,25,Non-Landed Properties,2,"3,000",70 to 80,700 to 800,Sep-23
WOODHAVEN,WOODGROVE AVENUE,25,Non-Landed Properties,1,"2,900",50 to 60,500 to 600,Sep-23
PARC ROSEWOOD,ROSEWOOD DRIVE,25,Non-Landed Properties,1,"3,500",40 to 50,400 to 500,Sep-23
THE WOODGROVE,WOODGROVE DRIVE,25,Non-Landed Properties,2,"3,500",80 to 90,800 to 900,Sep-23
THE WOODGROVE,WOODGROVE DRIVE,25,Non-Landed Properties,2,"3,500",80 to 90,800 to 900,Sep-23
ROSEWOOD SUITES,ROSEWOOD DRIVE,25,Non-Landed Properties,3,"3,000",110 to 120,"1,200 to 1,300",Sep-23
ROSEWOOD SUITES,ROSEWOOD DRIVE,25,Non-Landed Properties,3,"4,600",110 to 120,"1,200 to 1,300",Sep-23
WOODHAVEN,WOODGROVE AVENUE,25,Non-Landed Properties,2,"3,000",70 to 80,800 to 900,Sep-23
PARC ROSEWOOD,ROSEWOOD DRIVE,25,Non-Landed Properties,1,"2,500",40 to 50,400 to 500,Sep-23
CASABLANCA,ROSEWOOD DRIVE,25,Non-Landed Properties,3,"4,000",100 to 110,"1,100 to 1,200",Sep-23
PARC ROSEWOOD,ROSEWOOD DRIVE,25,Non-Landed Properties,1,"2,600",40 to 50,400 to 500,Aug-23
PARC ROSEWOOD,ROSEWOOD DRIVE,25,Non-Landed Properties,2,"3,000",50 to 60,500 to 600,Aug-23
PARC ROSEWOOD,ROSEWOOD DRIVE,25,Non-Landed Properties,3,"3,000",70 to 80,800 to 900,Aug-23
PARC ROSEWOOD,ROSEWOOD DRIVE,25,Non-Landed Properties,1,"2,700",40 to 50,400 to 500,Aug-23
CASABLANCA,ROSEWOOD DRIVE,25,Non-Landed Properties,3,"4,800",100 to 110,"1,100 to 1,200",Aug-23
WOODHAVEN,WOODGROVE AVENUE,25,Non-Landed Properties,1,"2,900",50 to 60,600 to 700,Aug-23
PARC ROSEWOOD,ROSEWOOD DRIVE,25,Non-Landed Properties,3,"4,300",160 to 170,"1,700 to 1,800",Aug-23
WOODHAVEN,WOODGROVE AVENUE,25,Non-Landed Properties,1,"3,100",60 to 70,600 to 700,Aug-23
PARC ROSEWOOD,ROSEWOOD DRIVE,25,Non-Landed Properties,2,"3,200",70 to 80,700 to 800,Aug-23
WOODHAVEN,WOODGROVE AVENUE,25,Non-Landed Properties,3,"5,100",100 to 110,"1,100 to 1,200",Aug-23
PARC ROSEWOOD,ROSEWOOD DRIVE,25,Non-Landed Properties,1,"3,500",40 to 50,400 to 500,Aug-23
WOODHAVEN,WOODGROVE AVENUE,25,Non-Landed Properties,3,"4,700",100 to 110,"1,100 to 1,200",Aug-23
WOODHAVEN,WOODGROVE AVENUE,25,Non-Landed Properties,3,"5,000",100 to 110,"1,100 to 1,200",Aug-23
CASABLANCA,ROSEWOOD DRIVE,25,Non-Landed Properties,2,"3,900",80 to 90,"900 to 1,000",Aug-23
WOODHAVEN,WOODGROVE AVENUE,25,Non-Landed Properties,NA,"9,700",300 to 310,"3,300 to 3,400",Aug-23
PARC ROSEWOOD,ROSEWOOD DRIVE,25,Non-Landed Properties,1,"2,700",40 to 50,400 to 500,Aug-23
WOODHAVEN,WOODGROVE AVENUE,25,Non-Landed Properties,3,"5,000",100 to 110,"1,100 to 1,200",Aug-23
WOODHAVEN,WOODGROVE AVENUE,25,Non-Landed Properties,NA,"7,900",300 to 310,"3,300 to 3,400",Aug-23
WOODHAVEN,WOODGROVE AVENUE,25,Non-Landed Properties,2,"3,000",60 to 70,600 to 700,Aug-23
WOODHAVEN,WOODGROVE AVENUE,25,Non-Landed Properties,2,"4,000",70 to 80,800 to 900,Aug-23
WOODHAVEN,WOODGROVE AVENUE,25,Non-Landed Properties,3,"4,650",100 to 110,"1,100 to 1,200",Aug-23
PARC ROSEWOOD,ROSEWOOD DRIVE,25,Non-Landed Properties,2,"3,000",50 to 60,600 to 700,Aug-23
WOODGROVE CONDOMINIUM,WOODGROVE DRIVE,25,Non-Landed Properties,3,"7,250",180 to 190,"2,000 to 2,100",Aug-23
CASABLANCA,ROSEWOOD DRIVE,25,Non-Landed Properties,2,"3,600",80 to 90,"900 to 1,000",Aug-23
WOODHAVEN,WOODGROVE AVENUE,25,Non-Landed Properties,NA,"11,000",300 to 310,"3,300 to 3,400",Aug-23
PARC ROSEWOOD,ROSEWOOD DRIVE,25,Non-Landed Properties,1,"2,650",40 to 50,400 to 500,Aug-23
PARC ROSEWOOD,ROSEWOOD DRIVE,25,Non-Landed Properties,1,"2,800",40 to 50,500 to 600,Aug-23
ROSEWOOD,ROSEWOOD DRIVE,25,Non-Landed Properties,4,"5,000",130 to 140,"1,400 to 1,500",Aug-23
WOODGROVE CONDOMINIUM,WOODGROVE DRIVE,25,Non-Landed Properties,3,"4,500",110 to 120,"1,100 to 1,200",Aug-23
PARC ROSEWOOD,ROSEWOOD DRIVE,25,Non-Landed Properties,1,"2,600",40 to 50,400 to 500,Aug-23
ROSEWOOD,ROSEWOOD DRIVE,25,Non-Landed Properties,3,"3,750",100 to 110,"1,100 to 1,200",Aug-23
WOODHAVEN,WOODGROVE AVENUE,25,Non-Landed Properties,2,"3,800",70 to 80,800 to 900,Aug-23
PARC ROSEWOOD,ROSEWOOD DRIVE,25,Non-Landed Properties,1,"2,500",40 to 50,400 to 500,Aug-23
WOODHAVEN,WOODGROVE AVENUE,25,Non-Landed Properties,2,"3,500",60 to 70,700 to 800,Aug-23
WOODHAVEN,WOODGROVE AVENUE,25,Non-Landed Properties,3,"4,600",100 to 110,"1,100 to 1,200",Aug-23
PARC ROSEWOOD,ROSEWOOD DRIVE,25,Non-Landed Properties,1,"2,450",40 to 50,400 to 500,Aug-23
THE WOODGROVE,WOODGROVE DRIVE,25,Non-Landed Properties,2,"3,000",70 to 80,800 to 900,Aug-23
ROSEWOOD SUITES,ROSEWOOD DRIVE,25,Non-Landed Properties,3,"5,000",150 to 160,"1,600 to 1,700",Aug-23
PARC ROSEWOOD,ROSEWOOD DRIVE,25,Non-Landed Properties,2,"3,100",50 to 60,500 to 600,Aug-23
WOODHAVEN,WOODGROVE AVENUE,25,Non-Landed Properties,3,"4,600",100 to 110,"1,100 to 1,200",Jul-23
WOODGROVE CONDOMINIUM,WOODGROVE DRIVE,25,Non-Landed Properties,3,"3,500",110 to 120,"1,100 to 1,200",Jul-23
WOODHAVEN,WOODGROVE AVENUE,25,Non-Landed Properties,NA,"8,300",300 to 310,"3,300 to 3,400",Jul-23
WOODHAVEN,WOODGROVE AVENUE,25,Non-Landed Properties,1,"2,900",50 to 60,500 to 600,Jul-23
WOODHAVEN,WOODGROVE AVENUE,25,Non-Landed Properties,2,"3,800",60 to 70,600 to 700,Jul-23
ROSEWOOD,ROSEWOOD DRIVE,25,Non-Landed Properties,2,"3,900",90 to 100,"1,000 to 1,100",Jul-23
CASABLANCA,ROSEWOOD DRIVE,25,Non-Landed Properties,2,"3,800",80 to 90,"900 to 1,000",Jul-23
WOODHAVEN,WOODGROVE AVENUE,25,Non-Landed Properties,NA,"9,500",300 to 310,"3,300 to 3,400",Jul-23
PARC ROSEWOOD,ROSEWOOD DRIVE,25,Non-Landed Properties,2,"3,100",50 to 60,500 to 600,Jul-23
WOODHAVEN,WOODGROVE AVENUE,25,Non-Landed Properties,NA,"8,200",300 to 310,"3,300 to 3,400",Jul-23
WOODGROVE CONDOMINIUM,WOODGROVE DRIVE,25,Non-Landed Properties,3,"4,000",110 to 120,"1,200 to 1,300",Jul-23
PARC ROSEWOOD,ROSEWOOD DRIVE,25,Non-Landed Properties,1,"2,600",40 to 50,400 to 500,Jul-23
PARC ROSEWOOD,ROSEWOOD DRIVE,25,Non-Landed Properties,1,"2,800",40 to 50,400 to 500,Jul-23
CASABLANCA,ROSEWOOD DRIVE,25,Non-Landed Properties,3,"4,400",110 to 120,"1,100 to 1,200",Jul-23
WOODGROVE CONDOMINIUM,WOODGROVE DRIVE,25,Non-Landed Properties,3,"5,500",150 to 160,"1,600 to 1,700",Jul-23
WOODGROVE CONDOMINIUM,WOODGROVE DRIVE,25,Non-Landed Properties,3,"7,500",180 to 190,"1,900 to 2,000",Jul-23
CASABLANCA,ROSEWOOD DRIVE,25,Non-Landed Properties,2,"3,500",80 to 90,"900 to 1,000",Jul-23
CASABLANCA,ROSEWOOD DRIVE,25,Non-Landed Properties,3,"4,500",100 to 110,"1,100 to 1,200",Jul-23
WOODHAVEN,WOODGROVE AVENUE,25,Non-Landed Properties,2,"4,000",70 to 80,800 to 900,Jul-23
PARC ROSEWOOD,ROSEWOOD DRIVE,25,Non-Landed Properties,1,"2,600",40 to 50,400 to 500,Jul-23
WOODHAVEN,WOODGROVE AVENUE,25,Non-Landed Properties,2,"3,200",70 to 80,800 to 900,Jul-23
WOODGROVE CONDOMINIUM,WOODGROVE DRIVE,25,Non-Landed Properties,3,"4,700",110 to 120,"1,100 to 1,200",Jul-23
WOODHAVEN,WOODGROVE AVENUE,25,Non-Landed Properties,3,"5,000",100 to 110,"1,100 to 1,200",Jul-23
WOODGROVE CONDOMINIUM,WOODGROVE DRIVE,25,Non-Landed Properties,3,"7,800",230 to 240,"2,400 to 2,500",Jul-23
WOODHAVEN,WOODGROVE AVENUE,25,Non-Landed Properties,1,"2,800",50 to 60,600 to 700,Jul-23
PARC ROSEWOOD,ROSEWOOD DRIVE,25,Non-Landed Properties,1,"2,600",40 to 50,400 to 500,Jul-23
CASABLANCA,ROSEWOOD DRIVE,25,Non-Landed Properties,2,"4,100",80 to 90,"900 to 1,000",Jul-23
WOODGROVE CONDOMINIUM,WOODGROVE DRIVE,25,Non-Landed Properties,3,"5,100",110 to 120,"1,200 to 1,300",Jul-23
WOODGROVE CONDOMINIUM,WOODGROVE DRIVE,25,Non-Landed Properties,3,"5,500",150 to 160,"1,600 to 1,700",Jul-23
WOODHAVEN,WOODGROVE AVENUE,25,Non-Landed Properties,NA,"9,800",300 to 310,"3,300 to 3,400",Jul-23
PARC ROSEWOOD,ROSEWOOD DRIVE,25,Non-Landed Properties,1,"2,980",40 to 50,500 to 600,Jul-23
WOODHAVEN,WOODGROVE AVENUE,25,Non-Landed Properties,3,"4,900",100 to 110,"1,100 to 1,200",Jul-23
WOODGROVE CONDOMINIUM,WOODGROVE DRIVE,25,Non-Landed Properties,3,"4,900",140 to 150,"1,500 to 1,600",Jul-23
ROSEWOOD SUITES,ROSEWOOD DRIVE,25,Non-Landed Properties,3,"4,500",110 to 120,"1,200 to 1,300",Jul-23
WOODGROVE CONDOMINIUM,WOODGROVE DRIVE,25,Non-Landed Properties,3,"8,100",200 to 210,"2,100 to 2,200",Jul-23
ROSEWOOD,ROSEWOOD DRIVE,25,Non-Landed Properties,3,"4,250",100 to 110,"1,100 to 1,200",Jul-23
PARC ROSEWOOD,ROSEWOOD DRIVE,25,Non-Landed Properties,1,"2,650",40 to 50,400 to 500,Jul-23
PARC ROSEWOOD,ROSEWOOD DRIVE,25,Non-Landed Properties,1,"2,500",40 to 50,400 to 500,Jul-23
PARC ROSEWOOD,ROSEWOOD DRIVE,25,Non-Landed Properties,1,"2,600",40 to 50,400 to 500,Jul-23
ROSEWOOD,ROSEWOOD DRIVE,25,Non-Landed Properties,3,"3,500",100 to 110,"1,100 to 1,200",Jul-23
PARC ROSEWOOD,ROSEWOOD DRIVE,25,Non-Landed Properties,2,"3,300",50 to 60,600 to 700,Jul-23
PARC ROSEWOOD,ROSEWOOD DRIVE,25,Non-Landed Properties,2,"3,200",50 to 60,600 to 700,Jul-23
PARC ROSEWOOD,ROSEWOOD DRIVE,25,Non-Landed Properties,2,"3,400",50 to 60,600 to 700,Jul-23
WOODHAVEN,WOODGROVE AVENUE,25,Non-Landed Properties,3,"4,900",100 to 110,"1,100 to 1,200",Jul-23
WOODHAVEN,WOODGROVE AVENUE,25,Non-Landed Properties,1,"3,000",50 to 60,500 to 600,Jul-23
PARC ROSEWOOD,ROSEWOOD DRIVE,25,Non-Landed Properties,2,"3,300",50 to 60,600 to 700,Jul-23
PARC ROSEWOOD,ROSEWOOD DRIVE,25,Non-Landed Properties,1,"2,800",40 to 50,400 to 500,Jul-23
THE WOODGROVE,WOODGROVE DRIVE,25,Non-Landed Properties,2,"3,800",80 to 90,800 to 900,Jul-23
WOODHAVEN,WOODGROVE AVENUE,25,Non-Landed Properties,1,"2,800",60 to 70,600 to 700,Jul-23
WOODGROVE CONDOMINIUM,WOODGROVE DRIVE,25,Non-Landed Properties,3,"7,200",180 to 190,"2,000 to 2,100",Jul-23
WOODGROVE CONDOMINIUM,WOODGROVE DRIVE,25,Non-Landed Properties,3,"4,300",140 to 150,"1,500 to 1,600",Jul-23
WOODHAVEN,WOODGROVE AVENUE,25,Non-Landed Properties,3,"4,800",120 to 130,"1,300 to 1,400",Jul-23
ROSEWOOD SUITES,ROSEWOOD DRIVE,25,Non-Landed Properties,4,"8,300",250 to 260,"2,700 to 2,800",Jul-23
PARC ROSEWOOD,ROSEWOOD DRIVE,25,Non-Landed Properties,1,"2,500",40 to 50,400 to 500,Jul-23
WOODHAVEN,WOODGROVE AVENUE,25,Non-Landed Properties,2,"4,000",70 to 80,800 to 900,Jul-23
CASABLANCA,ROSEWOOD DRIVE,25,Non-Landed Properties,3,"3,500",100 to 110,"1,100 to 1,200",Jul-23
WOODHAVEN,WOODGROVE AVENUE,25,Non-Landed Properties,1,"2,700",60 to 70,600 to 700,Jul-23
PARC ROSEWOOD,ROSEWOOD DRIVE,25,Non-Landed Properties,1,"2,100",40 to 50,400 to 500,Jul-23
PARC ROSEWOOD,ROSEWOOD DRIVE,25,Non-Landed Properties,2,"3,300",50 to 60,500 to 600,Jul-23
PARC ROSEWOOD,ROSEWOOD DRIVE,25,Non-Landed Properties,2,"3,500",50 to 60,500 to 600,Jul-23
WOODGROVE CONDOMINIUM,WOODGROVE DRIVE,25,Non-Landed Properties,3,"5,400",150 to 160,"1,600 to 1,700",Jul-23
ROSEWOOD SUITES,ROSEWOOD DRIVE,25,Non-Landed Properties,3,"4,300",140 to 150,"1,500 to 1,600",Jul-23
PARC ROSEWOOD,ROSEWOOD DRIVE,25,Non-Landed Properties,1,"2,800",40 to 50,400 to 500,Jul-23
WOODHAVEN,WOODGROVE AVENUE,25,Non-Landed Properties,1,"2,850",50 to 60,600 to 700,Jul-23
PARC ROSEWOOD,ROSEWOOD DRIVE,25,Non-Landed Properties,3,"3,600",160 to 170,"1,700 to 1,800",Jul-23
ROSEWOOD SUITES,ROSEWOOD DRIVE,25,Non-Landed Properties,2,"2,700",60 to 70,600 to 700,Jul-23
PARC ROSEWOOD,ROSEWOOD DRIVE,25,Non-Landed Properties,2,"3,000",70 to 80,700 to 800,Jul-23
WOODGROVE CONDOMINIUM,WOODGROVE DRIVE,25,Non-Landed Properties,3,"5,500",150 to 160,"1,600 to 1,700",Jun-23
WOODHAVEN,WOODGROVE AVENUE,25,Non-Landed Properties,NA,"7,500",300 to 310,"3,300 to 3,400",Jun-23
PARC ROSEWOOD,ROSEWOOD DRIVE,25,Non-Landed Properties,1,"2,550",50 to 60,500 to 600,Jun-23
CASABLANCA,ROSEWOOD DRIVE,25,Non-Landed Properties,2,"3,000",80 to 90,"900 to 1,000",Jun-23
WOODHAVEN,WOODGROVE AVENUE,25,Non-Landed Properties,1,"2,850",50 to 60,600 to 700,Jun-23
CASABLANCA,ROSEWOOD DRIVE,25,Non-Landed Properties,3,"4,600",100 to 110,"1,100 to 1,200",Jun-23
WOODGROVE CONDOMINIUM,WOODGROVE DRIVE,25,Non-Landed Properties,3,"8,200",160 to 170,"1,700 to 1,800",Jun-23
PARC ROSEWOOD,ROSEWOOD DRIVE,25,Non-Landed Properties,1,"2,500",40 to 50,400 to 500,Jun-23
WOODHAVEN,WOODGROVE AVENUE,25,Non-Landed Properties,2,"3,600",90 to 100,"1,000 to 1,100",Jun-23
WOODHAVEN,WOODGROVE AVENUE,25,Non-Landed Properties,3,"3,500",100 to 110,"1,100 to 1,200",Jun-23
WOODHAVEN,WOODGROVE AVENUE,25,Non-Landed Properties,2,"3,700",70 to 80,800 to 900,Jun-23
PARC ROSEWOOD,ROSEWOOD DRIVE,25,Non-Landed Properties,3,"3,900",70 to 80,800 to 900,Jun-23
WOODHAVEN,WOODGROVE AVENUE,25,Non-Landed Properties,2,"3,300",60 to 70,600 to 700,Jun-23
ROSEWOOD,ROSEWOOD DRIVE,25,Non-Landed Properties,2,"3,000",90 to 100,"1,000 to 1,100",Jun-23
ROSEWOOD,ROSEWOOD DRIVE,25,Non-Landed Properties,2,"3,600",90 to 100,"1,000 to 1,100",Jun-23
CASABLANCA,ROSEWOOD DRIVE,25,Non-Landed Properties,3,"4,300",110 to 120,"1,100 to 1,200",Jun-23
ROSEWOOD,ROSEWOOD DRIVE,25,Non-Landed Properties,4,"5,300",200 to 210,"2,100 to 2,200",Jun-23
WOODHAVEN,WOODGROVE AVENUE,25,Non-Landed Properties,2,"3,900",70 to 80,800 to 900,Jun-23
WOODGROVE CONDOMINIUM,WOODGROVE DRIVE,25,Non-Landed Properties,3,"5,600",150 to 160,"1,700 to 1,800",Jun-23
CASABLANCA,ROSEWOOD DRIVE,25,Non-Landed Properties,2,"3,200",80 to 90,800 to 900,Jun-23
CASABLANCA,ROSEWOOD DRIVE,25,Non-Landed Properties,3,"4,500",110 to 120,"1,100 to 1,200",Jun-23
WOODGROVE CONDOMINIUM,WOODGROVE DRIVE,25,Non-Landed Properties,3,"4,500",150 to 160,"1,600 to 1,700",Jun-23
WOODGROVE CONDOMINIUM,WOODGROVE DRIVE,25,Non-Landed Properties,3,"6,500",220 to 230,"2,400 to 2,500",Jun-23
ROSEWOOD SUITES,ROSEWOOD DRIVE,25,Non-Landed Properties,3,"4,000",90 to 100,"1,000 to 1,100",Jun-23
PARC ROSEWOOD,ROSEWOOD DRIVE,25,Non-Landed Properties,1,"2,800",40 to 50,400 to 500,Jun-23
WOODGROVE CONDOMINIUM,WOODGROVE DRIVE,25,Non-Landed Properties,3,"6,000",150 to 160,"1,600 to 1,700",Jun-23
PARC ROSEWOOD,ROSEWOOD DRIVE,25,Non-Landed Properties,1,"2,700",40 to 50,400 to 500,Jun-23
WOODHAVEN,WOODGROVE AVENUE,25,Non-Landed Properties,3,"4,400",100 to 110,"1,100 to 1,200",Jun-23
ROSEWOOD,ROSEWOOD DRIVE,25,Non-Landed Properties,3,"3,000",100 to 110,"1,100 to 1,200",Jun-23
WOODGROVE CONDOMINIUM,WOODGROVE DRIVE,25,Non-Landed Properties,3,"4,300",140 to 150,"1,500 to 1,600",Jun-23
PARC ROSEWOOD,ROSEWOOD DRIVE,25,Non-Landed Properties,2,"3,200",50 to 60,600 to 700,Jun-23
CASABLANCA,ROSEWOOD DRIVE,25,Non-Landed Properties,3,"4,000",110 to 120,"1,100 to 1,200",Jun-23
WOODGROVE CONDOMINIUM,WOODGROVE DRIVE,25,Non-Landed Properties,3,"4,300",140 to 150,"1,500 to 1,600",Jun-23
WOODHAVEN,WOODGROVE AVENUE,25,Non-Landed Properties,1,"3,000",50 to 60,500 to 600,Jun-23
CASABLANCA,ROSEWOOD DRIVE,25,Non-Landed Properties,3,"4,000",110 to 120,"1,100 to 1,200",Jun-23
ROSEWOOD,ROSEWOOD DRIVE,25,Non-Landed Properties,3,"4,000",100 to 110,"1,100 to 1,200",Jun-23
CASABLANCA,ROSEWOOD DRIVE,25,Non-Landed Properties,3,"4,300",100 to 110,"1,100 to 1,200",Jun-23
WOODHAVEN,WOODGROVE AVENUE,25,Non-Landed Properties,1,"2,600",50 to 60,600 to 700,Jun-23
THE WOODGROVE,WOODGROVE DRIVE,25,Non-Landed Properties,2,"3,000",80 to 90,800 to 900,Jun-23
PARC ROSEWOOD,ROSEWOOD DRIVE,25,Non-Landed Properties,1,"2,300",40 to 50,500 to 600,Jun-23
PARC ROSEWOOD,ROSEWOOD DRIVE,25,Non-Landed Properties,1,"2,600",40 to 50,400 to 500,Jun-23
PARC ROSEWOOD,ROSEWOOD DRIVE,25,Non-Landed Properties,2,"3,500",50 to 60,600 to 700,Jun-23
WOODGROVE CONDOMINIUM,WOODGROVE DRIVE,25,Non-Landed Properties,3,"5,250",210 to 220,"2,300 to 2,400",Jun-23
WOODGROVE CONDOMINIUM,WOODGROVE DRIVE,25,Non-Landed Properties,3,"5,500",140 to 150,"1,500 to 1,600",Jun-23
WOODGROVE CONDOMINIUM,WOODGROVE DRIVE,25,Non-Landed Properties,3,"5,600",150 to 160,"1,600 to 1,700",Jun-23
PARC ROSEWOOD,ROSEWOOD DRIVE,25,Non-Landed Properties,1,"2,300",40 to 50,400 to 500,May-23
ROSEWOOD,ROSEWOOD DRIVE,25,Non-Landed Properties,3,"4,100",110 to 120,"1,100 to 1,200",May-23
PARC ROSEWOOD,ROSEWOOD DRIVE,25,Non-Landed Properties,2,"2,800",50 to 60,600 to 700,May-23
WOODHAVEN,WOODGROVE AVENUE,25,Non-Landed Properties,1,"2,800",50 to 60,600 to 700,May-23
ROSEWOOD SUITES,ROSEWOOD DRIVE,25,Non-Landed Properties,4,"4,400",170 to 180,"1,800 to 1,900",May-23
WOODGROVE CONDOMINIUM,WOODGROVE DRIVE,25,Non-Landed Properties,3,"4,800",140 to 150,"1,500 to 1,600",May-23
PARC ROSEWOOD,ROSEWOOD DRIVE,25,Non-Landed Properties,2,"3,700",120 to 130,"1,300 to 1,400",May-23
WOODHAVEN,WOODGROVE AVENUE,25,Non-Landed Properties,NA,"7,600",300 to 310,"3,300 to 3,400",May-23
PARC ROSEWOOD,ROSEWOOD DRIVE,25,Non-Landed Properties,1,"2,750",40 to 50,500 to 600,May-23
WOODHAVEN,WOODGROVE AVENUE,25,Non-Landed Properties,1,"2,600",50 to 60,600 to 700,May-23
PARC ROSEWOOD,ROSEWOOD DRIVE,25,Non-Landed Properties,1,"2,650",40 to 50,400 to 500,May-23
WOODHAVEN,WOODGROVE AVENUE,25,Non-Landed Properties,2,"3,800",90 to 100,"1,000 to 1,100",May-23
WOODHAVEN,WOODGROVE AVENUE,25,Non-Landed Properties,2,"3,500",60 to 70,600 to 700,May-23
WOODHAVEN,WOODGROVE AVENUE,25,Non-Landed Properties,3,"4,500",120 to 130,"1,300 to 1,400",May-23
CASABLANCA,ROSEWOOD DRIVE,25,Non-Landed Properties,3,"4,300",100 to 110,"1,100 to 1,200",May-23
WOODHAVEN,WOODGROVE AVENUE,25,Non-Landed Properties,NA,"7,700",300 to 310,"3,300 to 3,400",May-23
PARC ROSEWOOD,ROSEWOOD DRIVE,25,Non-Landed Properties,1,"2,850",40 to 50,400 to 500,May-23
PARC ROSEWOOD,ROSEWOOD DRIVE,25,Non-Landed Properties,1,"2,700",40 to 50,400 to 500,May-23
PARC ROSEWOOD,ROSEWOOD DRIVE,25,Non-Landed Properties,1,"2,700",40 to 50,400 to 500,May-23
PARC ROSEWOOD,ROSEWOOD DRIVE,25,Non-Landed Properties,2,"3,300",50 to 60,600 to 700,May-23
PARC ROSEWOOD,ROSEWOOD DRIVE,25,Non-Landed Properties,2,"3,000",50 to 60,500 to 600,May-23
PARC ROSEWOOD,ROSEWOOD DRIVE,25,Non-Landed Properties,3,"4,250",150 to 160,"1,700 to 1,800",May-23
WOODGROVE CONDOMINIUM,WOODGROVE DRIVE,25,Non-Landed Properties,3,"5,500",140 to 150,"1,500 to 1,600",May-23
CASABLANCA,ROSEWOOD DRIVE,25,Non-Landed Properties,2,"3,000",80 to 90,800 to 900,May-23
PARC ROSEWOOD,ROSEWOOD DRIVE,25,Non-Landed Properties,2,"3,800",110 to 120,"1,200 to 1,300",May-23
WOODGROVE CONDOMINIUM,WOODGROVE DRIVE,25,Non-Landed Properties,3,"5,000",190 to 200,"2,000 to 2,100",May-23
PARC ROSEWOOD,ROSEWOOD DRIVE,25,Non-Landed Properties,1,"2,100",40 to 50,400 to 500,May-23
ROSEWOOD,ROSEWOOD DRIVE,25,Non-Landed Properties,2,"3,200",90 to 100,"1,000 to 1,100",May-23
WOODHAVEN,WOODGROVE AVENUE,25,Non-Landed Properties,1,"2,800",50 to 60,500 to 600,May-23
ROSEWOOD SUITES,ROSEWOOD DRIVE,25,Non-Landed Properties,2,"4,000",90 to 100,"1,000 to 1,100",May-23
WOODGROVE CONDOMINIUM,WOODGROVE DRIVE,25,Non-Landed Properties,3,"4,100",130 to 140,"1,400 to 1,500",May-23
WOODGROVE CONDOMINIUM,WOODGROVE DRIVE,25,Non-Landed Properties,3,"4,100",110 to 120,"1,200 to 1,300",May-23
PARC ROSEWOOD,ROSEWOOD DRIVE,25,Non-Landed Properties,3,"3,500",70 to 80,800 to 900,May-23
WOODHAVEN,WOODGROVE AVENUE,25,Non-Landed Properties,1,"2,800",50 to 60,500 to 600,May-23
ROSEWOOD,ROSEWOOD DRIVE,25,Non-Landed Properties,2,"3,500",90 to 100,"1,000 to 1,100",May-23
ROSEWOOD SUITES,ROSEWOOD DRIVE,25,Non-Landed Properties,3,"3,500",140 to 150,"1,500 to 1,600",May-23
ROSEWOOD,ROSEWOOD DRIVE,25,Non-Landed Properties,3,"3,300",100 to 110,"1,100 to 1,200",May-23
THE WOODGROVE,WOODGROVE DRIVE,25,Non-Landed Properties,3,"3,800",90 to 100,"1,000 to 1,100",May-23
WOODHAVEN,WOODGROVE AVENUE,25,Non-Landed Properties,3,"4,480",100 to 110,"1,100 to 1,200",Apr-23
PARC ROSEWOOD,ROSEWOOD DRIVE,25,Non-Landed Properties,2,"3,300",50 to 60,500 to 600,Apr-23
PARC ROSEWOOD,ROSEWOOD DRIVE,25,Non-Landed Properties,1,"2,700",40 to 50,400 to 500,Apr-23
PARC ROSEWOOD,ROSEWOOD DRIVE,25,Non-Landed Properties,1,"2,700",40 to 50,400 to 500,Apr-23
CASABLANCA,ROSEWOOD DRIVE,25,Non-Landed Properties,3,"4,800",100 to 110,"1,100 to 1,200",Apr-23
PARC ROSEWOOD,ROSEWOOD DRIVE,25,Non-Landed Properties,3,"4,300",160 to 170,"1,700 to 1,800",Apr-23
PARC ROSEWOOD,ROSEWOOD DRIVE,25,Non-Landed Properties,1,"2,900",40 to 50,400 to 500,Apr-23
PARC ROSEWOOD,ROSEWOOD DRIVE,25,Non-Landed Properties,1,"3,000",40 to 50,500 to 600,Apr-23
PARC ROSEWOOD,ROSEWOOD DRIVE,25,Non-Landed Properties,1,"2,800",40 to 50,400 to 500,Apr-23
ROSEWOOD,ROSEWOOD DRIVE,25,Non-Landed Properties,2,"2,700",80 to 90,"900 to 1,000",Apr-23
WOODHAVEN,WOODGROVE AVENUE,25,Non-Landed Properties,1,"3,000",50 to 60,500 to 600,Apr-23
PARC ROSEWOOD,ROSEWOOD DRIVE,25,Non-Landed Properties,1,"2,500",40 to 50,400 to 500,Apr-23
PARC ROSEWOOD,ROSEWOOD DRIVE,25,Non-Landed Properties,3,"4,000",160 to 170,"1,700 to 1,800",Apr-23
PARC ROSEWOOD,ROSEWOOD DRIVE,25,Non-Landed Properties,1,"2,800",40 to 50,400 to 500,Apr-23
WOODHAVEN,WOODGROVE AVENUE,25,Non-Landed Properties,2,"3,800",70 to 80,800 to 900,Apr-23
ROSEWOOD SUITES,ROSEWOOD DRIVE,25,Non-Landed Properties,4,"6,000",250 to 260,"2,700 to 2,800",Apr-23
PARC ROSEWOOD,ROSEWOOD DRIVE,25,Non-Landed Properties,1,"2,500",40 to 50,400 to 500,Apr-23
PARC ROSEWOOD,ROSEWOOD DRIVE,25,Non-Landed Properties,1,"3,000",40 to 50,400 to 500,Apr-23
CASABLANCA,ROSEWOOD DRIVE,25,Non-Landed Properties,3,"4,300",100 to 110,"1,100 to 1,200",Apr-23
ROSEWOOD,ROSEWOOD DRIVE,25,Non-Landed Properties,3,"3,750",100 to 110,"1,000 to 1,100",Apr-23
ROSEWOOD SUITES,ROSEWOOD DRIVE,25,Non-Landed Properties,3,"4,300",140 to 150,"1,500 to 1,600",Apr-23
WOODHAVEN,WOODGROVE AVENUE,25,Non-Landed Properties,NA,"8,500",300 to 310,"3,300 to 3,400",Apr-23
CASABLANCA,ROSEWOOD DRIVE,25,Non-Landed Properties,2,"3,600",80 to 90,"900 to 1,000",Apr-23
CASABLANCA,ROSEWOOD DRIVE,25,Non-Landed Properties,2,"3,800",80 to 90,"900 to 1,000",Apr-23
WOODGROVE CONDOMINIUM,WOODGROVE DRIVE,25,Non-Landed Properties,4,"8,800",290 to 300,"3,100 to 3,200",Apr-23
PARC ROSEWOOD,ROSEWOOD DRIVE,25,Non-Landed Properties,2,"3,950",110 to 120,"1,200 to 1,300",Apr-23
PARC ROSEWOOD,ROSEWOOD DRIVE,25,Non-Landed Properties,3,"3,800",90 to 100,"900 to 1,000",Apr-23
WOODHAVEN,WOODGROVE AVENUE,25,Non-Landed Properties,2,"2,800",70 to 80,800 to 900,Apr-23
CASABLANCA,ROSEWOOD DRIVE,25,Non-Landed Properties,3,"4,100",100 to 110,"1,100 to 1,200",Apr-23
CASABLANCA,ROSEWOOD DRIVE,25,Non-Landed Properties,2,"3,600",80 to 90,800 to 900,Mar-23
WOODHAVEN,WOODGROVE AVENUE,25,Non-Landed Properties,NA,"9,900",300 to 310,"3,300 to 3,400",Mar-23
CASABLANCA,ROSEWOOD DRIVE,25,Non-Landed Properties,3,"4,200",100 to 110,"1,100 to 1,200",Mar-23
WOODHAVEN,WOODGROVE AVENUE,25,Non-Landed Properties,1,"2,550",50 to 60,500 to 600,Mar-23
ROSEWOOD,ROSEWOOD DRIVE,25,Non-Landed Properties,2,"3,500",90 to 100,"1,000 to 1,100",Mar-23
WOODGROVE CONDOMINIUM,WOODGROVE DRIVE,25,Non-Landed Properties,3,"4,000",100 to 110,"1,100 to 1,200",Mar-23
CASABLANCA,ROSEWOOD DRIVE,25,Non-Landed Properties,2,"4,000",80 to 90,"900 to 1,000",Mar-23
PARC ROSEWOOD,ROSEWOOD DRIVE,25,Non-Landed Properties,1,"2,800",40 to 50,400 to 500,Mar-23
WOODHAVEN,WOODGROVE AVENUE,25,Non-Landed Properties,3,"4,900",100 to 110,"1,100 to 1,200",Mar-23
WOODHAVEN,WOODGROVE AVENUE,25,Non-Landed Properties,3,"5,000",100 to 110,"1,100 to 1,200",Mar-23
WOODHAVEN,WOODGROVE AVENUE,25,Non-Landed Properties,1,"2,600",50 to 60,600 to 700,Mar-23
PARC ROSEWOOD,ROSEWOOD DRIVE,25,Non-Landed Properties,2,"2,700",50 to 60,500 to 600,Mar-23
WOODHAVEN,WOODGROVE AVENUE,25,Non-Landed Properties,1,"3,000",50 to 60,600 to 700,Mar-23
PARC ROSEWOOD,ROSEWOOD DRIVE,25,Non-Landed Properties,1,"2,800",40 to 50,500 to 600,Mar-23
PARC ROSEWOOD,ROSEWOOD DRIVE,25,Non-Landed Properties,3,"4,800",160 to 170,"1,700 to 1,800",Mar-23
PARC ROSEWOOD,ROSEWOOD DRIVE,25,Non-Landed Properties,1,"2,300",40 to 50,500 to 600,Mar-23
PARC ROSEWOOD,ROSEWOOD DRIVE,25,Non-Landed Properties,1,"2,200",40 to 50,400 to 500,Mar-23
WOODHAVEN,WOODGROVE AVENUE,25,Non-Landed Properties,NA,"7,700",300 to 310,"3,300 to 3,400",Mar-23
PARC ROSEWOOD,ROSEWOOD DRIVE,25,Non-Landed Properties,2,"3,200",50 to 60,500 to 600,Mar-23
CASABLANCA,ROSEWOOD DRIVE,25,Non-Landed Properties,3,"4,300",110 to 120,"1,100 to 1,200",Mar-23
PARC ROSEWOOD,ROSEWOOD DRIVE,25,Non-Landed Properties,2,"2,250",50 to 60,500 to 600,Mar-23
CASABLANCA,ROSEWOOD DRIVE,25,Non-Landed Properties,2,"4,000",80 to 90,800 to 900,Mar-23
PARC ROSEWOOD,ROSEWOOD DRIVE,25,Non-Landed Properties,2,"3,200",50 to 60,500 to 600,Mar-23
PARC ROSEWOOD,ROSEWOOD DRIVE,25,Non-Landed Properties,1,"2,950",40 to 50,400 to 500,Mar-23
ROSEWOOD SUITES,ROSEWOOD DRIVE,25,Non-Landed Properties,2,"3,700",60 to 70,600 to 700,Mar-23
CASABLANCA,ROSEWOOD DRIVE,25,Non-Landed Properties,3,"3,600",100 to 110,"1,100 to 1,200",Mar-23
CASABLANCA,ROSEWOOD DRIVE,25,Non-Landed Properties,2,"3,600",80 to 90,"900 to 1,000",Mar-23
PARC ROSEWOOD,ROSEWOOD DRIVE,25,Non-Landed Properties,2,"3,300",70 to 80,800 to 900,Mar-23
ROSEWOOD,ROSEWOOD DRIVE,25,Non-Landed Properties,2,"2,300",80 to 90,"900 to 1,000",Mar-23
THE WOODGROVE,WOODGROVE DRIVE,25,Non-Landed Properties,3,"4,200",90 to 100,"1,000 to 1,100",Mar-23
ROSEWOOD,ROSEWOOD DRIVE,25,Non-Landed Properties,3,"4,000",100 to 110,"1,000 to 1,100",Mar-23
CASABLANCA,ROSEWOOD DRIVE,25,Non-Landed Properties,2,"3,500",80 to 90,"900 to 1,000",Mar-23
PARC ROSEWOOD,ROSEWOOD DRIVE,25,Non-Landed Properties,1,"2,300",40 to 50,400 to 500,Mar-23
PARC ROSEWOOD,ROSEWOOD DRIVE,25,Non-Landed Properties,1,"2,650",40 to 50,400 to 500,Mar-23
PARC ROSEWOOD,ROSEWOOD DRIVE,25,Non-Landed Properties,1,"2,500",40 to 50,400 to 500,Mar-23
PARC ROSEWOOD,ROSEWOOD DRIVE,25,Non-Landed Properties,1,"3,000",40 to 50,400 to 500,Feb-23
CASABLANCA,ROSEWOOD DRIVE,25,Non-Landed Properties,2,"3,800",80 to 90,"900 to 1,000",Feb-23
WOODHAVEN,WOODGROVE AVENUE,25,Non-Landed Properties,1,"2,900",50 to 60,600 to 700,Feb-23
PARC ROSEWOOD,ROSEWOOD DRIVE,25,Non-Landed Properties,1,"3,100",40 to 50,400 to 500,Feb-23
WOODHAVEN,WOODGROVE AVENUE,25,Non-Landed Properties,1,"2,600",50 to 60,500 to 600,Feb-23
PARC ROSEWOOD,ROSEWOOD DRIVE,25,Non-Landed Properties,2,"3,200",50 to 60,500 to 600,Feb-23
WOODHAVEN,WOODGROVE AVENUE,25,Non-Landed Properties,2,"3,000",60 to 70,600 to 700,Feb-23
PARC ROSEWOOD,ROSEWOOD DRIVE,25,Non-Landed Properties,1,"2,700",40 to 50,400 to 500,Feb-23
WOODHAVEN,WOODGROVE AVENUE,25,Non-Landed Properties,NA,"8,300",300 to 310,"3,300 to 3,400",Feb-23
WOODHAVEN,WOODGROVE AVENUE,25,Non-Landed Properties,NA,"9,750",300 to 310,"3,300 to 3,400",Feb-23
CASABLANCA,ROSEWOOD DRIVE,25,Non-Landed Properties,3,"4,200",220 to 230,"2,300 to 2,400",Feb-23
PARC ROSEWOOD,ROSEWOOD DRIVE,25,Non-Landed Properties,2,"3,250",50 to 60,500 to 600,Feb-23
WOODHAVEN,WOODGROVE AVENUE,25,Non-Landed Properties,1,"3,000",70 to 80,800 to 900,Feb-23
PARC ROSEWOOD,ROSEWOOD DRIVE,25,Non-Landed Properties,1,"2,500",40 to 50,500 to 600,Feb-23
WOODHAVEN,WOODGROVE AVENUE,25,Non-Landed Properties,2,"3,500",60 to 70,700 to 800,Feb-23
WOODHAVEN,WOODGROVE AVENUE,25,Non-Landed Properties,1,"2,200",50 to 60,600 to 700,Feb-23
PARC ROSEWOOD,ROSEWOOD DRIVE,25,Non-Landed Properties,1,"2,500",40 to 50,400 to 500,Feb-23
PARC ROSEWOOD,ROSEWOOD DRIVE,25,Non-Landed Properties,3,"3,200",90 to 100,"900 to 1,000",Feb-23
WOODHAVEN,WOODGROVE AVENUE,25,Non-Landed Properties,1,"2,100",50 to 60,600 to 700,Feb-23
ROSEWOOD,ROSEWOOD DRIVE,25,Non-Landed Properties,3,"3,500",110 to 120,"1,100 to 1,200",Jan-23
ROSEWOOD,ROSEWOOD DRIVE,25,Non-Landed Properties,4,"5,500",130 to 140,"1,400 to 1,500",Jan-23
WOODHAVEN,WOODGROVE AVENUE,25,Non-Landed Properties,1,"2,700",60 to 70,600 to 700,Jan-23
PARC ROSEWOOD,ROSEWOOD DRIVE,25,Non-Landed Properties,1,"2,500",40 to 50,400 to 500,Jan-23
PARC ROSEWOOD,ROSEWOOD DRIVE,25,Non-Landed Properties,1,"2,650",40 to 50,400 to 500,Jan-23
PARC ROSEWOOD,ROSEWOOD DRIVE,25,Non-Landed Properties,1,"2,800",40 to 50,400 to 500,Jan-23
PARC ROSEWOOD,ROSEWOOD DRIVE,25,Non-Landed Properties,3,"4,900",160 to 170,"1,700 to 1,800",Jan-23
WOODHAVEN,WOODGROVE AVENUE,25,Non-Landed Properties,1,"2,900",50 to 60,500 to 600,Jan-23
WOODHAVEN,WOODGROVE AVENUE,25,Non-Landed Properties,1,"2,400",50 to 60,600 to 700,Jan-23
WOODHAVEN,WOODGROVE AVENUE,25,Non-Landed Properties,2,"3,500",60 to 70,700 to 800,Jan-23
ROSEWOOD SUITES,ROSEWOOD DRIVE,25,Non-Landed Properties,3,"4,800",110 to 120,"1,200 to 1,300",Jan-23
WOODHAVEN,WOODGROVE AVENUE,25,Non-Landed Properties,1,"3,000",50 to 60,600 to 700,Jan-23
PARC ROSEWOOD,ROSEWOOD DRIVE,25,Non-Landed Properties,2,"3,000",110 to 120,"1,200 to 1,300",Jan-23
PARC ROSEWOOD,ROSEWOOD DRIVE,25,Non-Landed Properties,1,"2,700",40 to 50,400 to 500,Jan-23
WOODHAVEN,WOODGROVE AVENUE,25,Non-Landed Properties,1,"2,850",50 to 60,600 to 700,Jan-23
PARC ROSEWOOD,ROSEWOOD DRIVE,25,Non-Landed Properties,1,"2,500",40 to 50,500 to 600,Jan-23
PARC ROSEWOOD,ROSEWOOD DRIVE,25,Non-Landed Properties,2,"3,000",50 to 60,600 to 700,Jan-23
ROSEWOOD,ROSEWOOD DRIVE,25,Non-Landed Properties,3,"3,100",110 to 120,"1,100 to 1,200",Jan-23
ROSEWOOD,ROSEWOOD DRIVE,25,Non-Landed Properties,3,"4,000",100 to 110,"1,100 to 1,200",Jan-23
PARC ROSEWOOD,ROSEWOOD DRIVE,25,Non-Landed Properties,2,"3,000",50 to 60,500 to 600,Jan-23
THE WOODGROVE,WOODGROVE DRIVE,25,Non-Landed Properties,3,"4,500",80 to 90,800 to 900,Jan-23
WOODHAVEN,WOODGROVE AVENUE,25,Non-Landed Properties,1,"2,800",60 to 70,600 to 700,Jan-23
PARC ROSEWOOD,ROSEWOOD DRIVE,25,Non-Landed Properties,1,"2,800",40 to 50,400 to 500,Jan-23
PARC ROSEWOOD,ROSEWOOD DRIVE,25,Non-Landed Properties,1,"2,750",40 to 50,400 to 500,Jan-23
PARC ROSEWOOD,ROSEWOOD DRIVE,25,Non-Landed Properties,1,"2,550",40 to 50,400 to 500,Jan-23
CASABLANCA,ROSEWOOD DRIVE,25,Non-Landed Properties,2,"4,400",80 to 90,"900 to 1,000",Jan-23
PARC ROSEWOOD,ROSEWOOD DRIVE,25,Non-Landed Properties,2,"2,800",50 to 60,600 to 700,Jan-23
WOODHAVEN,WOODGROVE AVENUE,25,Non-Landed Properties,2,"3,300",60 to 70,600 to 700,Jan-23
CASABLANCA,ROSEWOOD DRIVE,25,Non-Landed Properties,3,"2,500",110 to 120,"1,100 to 1,200",Jan-23
CASABLANCA,ROSEWOOD DRIVE,25,Non-Landed Properties,3,"3,500",100 to 110,"1,100 to 1,200",Jan-23
THE WOODGROVE,WOODGROVE DRIVE,25,Non-Landed Properties,2,"2,800",70 to 80,800 to 900,Jan-23
WOODHAVEN,WOODGROVE AVENUE,25,Non-Landed Properties,3,"5,500",100 to 110,"1,100 to 1,200",Jan-23
CASABLANCA,ROSEWOOD DRIVE,25,Non-Landed Properties,2,"4,000",80 to 90,"900 to 1,000",Jan-23
CASABLANCA,ROSEWOOD DRIVE,25,Non-Landed Properties,2,"3,600",80 to 90,800 to 900,Jan-23
PARC ROSEWOOD,ROSEWOOD DRIVE,25,Non-Landed Properties,1,"2,500",40 to 50,400 to 500,Jan-23
CASABLANCA,ROSEWOOD DRIVE,25,Non-Landed Properties,3,"3,600",100 to 110,"1,100 to 1,200",Jan-23
PARC ROSEWOOD,ROSEWOOD DRIVE,25,Non-Landed Properties,1,"2,700",40 to 50,400 to 500,Jan-23
PARC ROSEWOOD,ROSEWOOD DRIVE,25,Non-Landed Properties,1,"2,500",40 to 50,500 to 600,Dec-22
PARC ROSEWOOD,ROSEWOOD DRIVE,25,Non-Landed Properties,1,"1,900",40 to 50,500 to 600,Dec-22
WOODGROVE CONDOMINIUM,WOODGROVE DRIVE,25,Non-Landed Properties,3,"4,300",110 to 120,"1,200 to 1,300",Dec-22
ROSEWOOD,ROSEWOOD DRIVE,25,Non-Landed Properties,3,"4,300",110 to 120,"1,100 to 1,200",Dec-22
CASABLANCA,ROSEWOOD DRIVE,25,Non-Landed Properties,3,"4,200",110 to 120,"1,100 to 1,200",Dec-22
ROSEWOOD,ROSEWOOD DRIVE,25,Non-Landed Properties,3,"4,000",110 to 120,"1,100 to 1,200",Dec-22
CASABLANCA,ROSEWOOD DRIVE,25,Non-Landed Properties,2,"3,300",80 to 90,"900 to 1,000",Dec-22
CASABLANCA,ROSEWOOD DRIVE,25,Non-Landed Properties,2,"3,600",80 to 90,"900 to 1,000",Dec-22
WOODHAVEN,WOODGROVE AVENUE,25,Non-Landed Properties,2,"2,600",60 to 70,600 to 700,Dec-22
WOODHAVEN,WOODGROVE AVENUE,25,Non-Landed Properties,2,"3,500",60 to 70,600 to 700,Dec-22
ROSEWOOD,ROSEWOOD DRIVE,25,Non-Landed Properties,3,"3,400",100 to 110,"1,100 to 1,200",Dec-22
WOODHAVEN,WOODGROVE AVENUE,25,Non-Landed Properties,NA,"10,000",300 to 310,"3,300 to 3,400",Dec-22
ROSEWOOD,ROSEWOOD DRIVE,25,Non-Landed Properties,2,"3,300",90 to 100,"1,000 to 1,100",Dec-22
PARC ROSEWOOD,ROSEWOOD DRIVE,25,Non-Landed Properties,1,"2,400",40 to 50,400 to 500,Dec-22
WOODHAVEN,WOODGROVE AVENUE,25,Non-Landed Properties,2,"3,500",70 to 80,800 to 900,Dec-22
ROSEWOOD,ROSEWOOD DRIVE,25,Non-Landed Properties,2,"2,800",90 to 100,"1,000 to 1,100",Dec-22
WOODGROVE CONDOMINIUM,WOODGROVE DRIVE,25,Non-Landed Properties,3,"6,500",200 to 210,"2,100 to 2,200",Dec-22
CASABLANCA,ROSEWOOD DRIVE,25,Non-Landed Properties,3,"3,000",100 to 110,"1,100 to 1,200",Dec-22
PARC ROSEWOOD,ROSEWOOD DRIVE,25,Non-Landed Properties,1,"3,000",40 to 50,400 to 500,Dec-22
PARC ROSEWOOD,ROSEWOOD DRIVE,25,Non-Landed Properties,1,"3,000",40 to 50,400 to 500,Dec-22
WOODHAVEN,WOODGROVE AVENUE,25,Non-Landed Properties,1,"2,900",50 to 60,500 to 600,Dec-22
PARC ROSEWOOD,ROSEWOOD DRIVE,25,Non-Landed Properties,1,"2,600",40 to 50,400 to 500,Dec-22
ROSEWOOD,ROSEWOOD DRIVE,25,Non-Landed Properties,3,"3,000",100 to 110,"1,100 to 1,200",Dec-22
ROSEWOOD,ROSEWOOD DRIVE,25,Non-Landed Properties,3,"4,000",100 to 110,"1,100 to 1,200",Dec-22
THE WOODGROVE,WOODGROVE DRIVE,25,Non-Landed Properties,2,"3,100",80 to 90,800 to 900,Dec-22
PARC ROSEWOOD,ROSEWOOD DRIVE,25,Non-Landed Properties,1,"2,600",40 to 50,400 to 500,Dec-22
ROSEWOOD,ROSEWOOD DRIVE,25,Non-Landed Properties,3,"3,500",110 to 120,"1,100 to 1,200",Dec-22
WOODGROVE CONDOMINIUM,WOODGROVE DRIVE,25,Non-Landed Properties,3,"5,600",150 to 160,"1,600 to 1,700",Dec-22
PARC ROSEWOOD,ROSEWOOD DRIVE,25,Non-Landed Properties,1,"2,500",40 to 50,400 to 500,Dec-22
PARC ROSEWOOD,ROSEWOOD DRIVE,25,Non-Landed Properties,2,"3,500",50 to 60,600 to 700,Dec-22
PARC ROSEWOOD,ROSEWOOD DRIVE,25,Non-Landed Properties,1,"2,850",40 to 50,500 to 600,Dec-22
PARC ROSEWOOD,ROSEWOOD DRIVE,25,Non-Landed Properties,1,"2,800",40 to 50,400 to 500,Dec-22
CASABLANCA,ROSEWOOD DRIVE,25,Non-Landed Properties,3,"4,100",110 to 120,"1,100 to 1,200",Dec-22
ROSEWOOD,ROSEWOOD DRIVE,25,Non-Landed Properties,3,"4,250",100 to 110,"1,100 to 1,200",Dec-22
WOODHAVEN,WOODGROVE AVENUE,25,Non-Landed Properties,1,"3,000",50 to 60,500 to 600,Dec-22
CASABLANCA,ROSEWOOD DRIVE,25,Non-Landed Properties,3,"4,300",100 to 110,"1,100 to 1,200",Dec-22
WOODHAVEN,WOODGROVE AVENUE,25,Non-Landed Properties,2,"3,400",70 to 80,800 to 900,Dec-22
CASABLANCA,ROSEWOOD DRIVE,25,Non-Landed Properties,3,"4,300",110 to 120,"1,100 to 1,200",Dec-22
CASABLANCA,ROSEWOOD DRIVE,25,Non-Landed Properties,2,"3,500",80 to 90,"900 to 1,000",Dec-22
WOODHAVEN,WOODGROVE AVENUE,25,Non-Landed Properties,1,"2,800",60 to 70,600 to 700,Nov-22
PARC ROSEWOOD,ROSEWOOD DRIVE,25,Non-Landed Properties,1,"2,500",40 to 50,400 to 500,Nov-22
WOODGROVE CONDOMINIUM,WOODGROVE DRIVE,25,Non-Landed Properties,3,"5,000",140 to 150,"1,600 to 1,700",Nov-22
PARC ROSEWOOD,ROSEWOOD DRIVE,25,Non-Landed Properties,1,"1,700",40 to 50,400 to 500,Nov-22
PARC ROSEWOOD,ROSEWOOD DRIVE,25,Non-Landed Properties,1,"2,000",40 to 50,400 to 500,Nov-22
CASABLANCA,ROSEWOOD DRIVE,25,Non-Landed Properties,2,"3,500",80 to 90,"900 to 1,000",Nov-22
WOODHAVEN,WOODGROVE AVENUE,25,Non-Landed Properties,1,"2,850",60 to 70,600 to 700,Nov-22
PARC ROSEWOOD,ROSEWOOD DRIVE,25,Non-Landed Properties,1,"2,400",40 to 50,400 to 500,Nov-22
WOODHAVEN,WOODGROVE AVENUE,25,Non-Landed Properties,1,"3,000",50 to 60,600 to 700,Nov-22
WOODHAVEN,WOODGROVE AVENUE,25,Non-Landed Properties,1,"2,700",50 to 60,500 to 600,Nov-22
CASABLANCA,ROSEWOOD DRIVE,25,Non-Landed Properties,3,"4,200",100 to 110,"1,100 to 1,200",Nov-22
PARC ROSEWOOD,ROSEWOOD DRIVE,25,Non-Landed Properties,2,"3,500",50 to 60,600 to 700,Nov-22
CASABLANCA,ROSEWOOD DRIVE,25,Non-Landed Properties,2,"3,500",80 to 90,"900 to 1,000",Nov-22
WOODHAVEN,WOODGROVE AVENUE,25,Non-Landed Properties,1,"2,900",70 to 80,800 to 900,Nov-22
ROSEWOOD SUITES,ROSEWOOD DRIVE,25,Non-Landed Properties,3,"4,300",120 to 130,"1,300 to 1,400",Nov-22
PARC ROSEWOOD,ROSEWOOD DRIVE,25,Non-Landed Properties,1,"2,700",40 to 50,400 to 500,Nov-22
ROSEWOOD,ROSEWOOD DRIVE,25,Non-Landed Properties,3,"3,500",100 to 110,"1,100 to 1,200",Nov-22
WOODHAVEN,WOODGROVE AVENUE,25,Non-Landed Properties,3,"4,300",120 to 130,"1,300 to 1,400",Nov-22
PARC ROSEWOOD,ROSEWOOD DRIVE,25,Non-Landed Properties,1,"2,900",40 to 50,500 to 600,Nov-22
PARC ROSEWOOD,ROSEWOOD DRIVE,25,Non-Landed Properties,2,"2,300",50 to 60,500 to 600,Nov-22
WOODHAVEN,WOODGROVE AVENUE,25,Non-Landed Properties,1,"2,700",50 to 60,500 to 600,Nov-22
PARC ROSEWOOD,ROSEWOOD DRIVE,25,Non-Landed Properties,1,"2,400",50 to 60,500 to 600,Nov-22
WOODHAVEN,WOODGROVE AVENUE,25,Non-Landed Properties,3,"4,700",100 to 110,"1,100 to 1,200",Nov-22
ROSEWOOD,ROSEWOOD DRIVE,25,Non-Landed Properties,2,"3,000",90 to 100,"1,000 to 1,100",Nov-22
PARC ROSEWOOD,ROSEWOOD DRIVE,25,Non-Landed Properties,1,"2,600",40 to 50,400 to 500,Nov-22
WOODHAVEN,WOODGROVE AVENUE,25,Non-Landed Properties,1,"3,050",50 to 60,600 to 700,Nov-22
CASABLANCA,ROSEWOOD DRIVE,25,Non-Landed Properties,2,"3,600",80 to 90,"900 to 1,000",Nov-22
ROSEWOOD,ROSEWOOD DRIVE,25,Non-Landed Properties,3,"4,200",100 to 110,"1,100 to 1,200",Nov-22
PARC ROSEWOOD,ROSEWOOD DRIVE,25,Non-Landed Properties,2,"3,000",60 to 70,700 to 800,Nov-22
PARC ROSEWOOD,ROSEWOOD DRIVE,25,Non-Landed Properties,1,"1,900",40 to 50,400 to 500,Nov-22
PARC ROSEWOOD,ROSEWOOD DRIVE,25,Non-Landed Properties,1,"2,500",40 to 50,400 to 500,Nov-22
PARC ROSEWOOD,ROSEWOOD DRIVE,25,Non-Landed Properties,3,"2,600",70 to 80,800 to 900,Nov-22
PARC ROSEWOOD,ROSEWOOD DRIVE,25,Non-Landed Properties,1,"2,700",40 to 50,400 to 500,Nov-22
WOODHAVEN,WOODGROVE AVENUE,25,Non-Landed Properties,1,"2,600",50 to 60,500 to 600,Nov-22
PARC ROSEWOOD,ROSEWOOD DRIVE,25,Non-Landed Properties,2,"2,400",50 to 60,600 to 700,Nov-22
ROSEWOOD,ROSEWOOD DRIVE,25,Non-Landed Properties,3,"3,200",100 to 110,"1,100 to 1,200",Nov-22
ROSEWOOD,ROSEWOOD DRIVE,25,Non-Landed Properties,3,"3,100",100 to 110,"1,100 to 1,200",Nov-22
CASABLANCA,ROSEWOOD DRIVE,25,Non-Landed Properties,2,"2,800",80 to 90,"900 to 1,000",Nov-22
WOODHAVEN,WOODGROVE AVENUE,25,Non-Landed Properties,1,"2,300",50 to 60,600 to 700,Nov-22
PARC ROSEWOOD,ROSEWOOD DRIVE,25,Non-Landed Properties,3,"4,500",160 to 170,"1,700 to 1,800",Nov-22
ROSEWOOD,ROSEWOOD DRIVE,25,Non-Landed Properties,3,"3,700",100 to 110,"1,100 to 1,200",Nov-22
PARC ROSEWOOD,ROSEWOOD DRIVE,25,Non-Landed Properties,3,"3,500",70 to 80,800 to 900,Nov-22
PARC ROSEWOOD,ROSEWOOD DRIVE,25,Non-Landed Properties,1,"2,800",40 to 50,500 to 600,Nov-22
WOODHAVEN,WOODGROVE AVENUE,25,Non-Landed Properties,1,"2,400",50 to 60,600 to 700,Oct-22
WOODGROVE CONDOMINIUM,WOODGROVE DRIVE,25,Non-Landed Properties,3,"4,300",140 to 150,"1,600 to 1,700",Oct-22
WOODHAVEN,WOODGROVE AVENUE,25,Non-Landed Properties,2,"2,800",60 to 70,600 to 700,Oct-22
WOODHAVEN,WOODGROVE AVENUE,25,Non-Landed Properties,3,"4,800",100 to 110,"1,100 to 1,200",Oct-22
PARC ROSEWOOD,ROSEWOOD DRIVE,25,Non-Landed Properties,1,"2,500",40 to 50,400 to 500,Oct-22
PARC ROSEWOOD,ROSEWOOD DRIVE,25,Non-Landed Properties,1,"2,100",40 to 50,400 to 500,Oct-22
PARC ROSEWOOD,ROSEWOOD DRIVE,25,Non-Landed Properties,1,"2,450",40 to 50,400 to 500,Oct-22
WOODHAVEN,WOODGROVE AVENUE,25,Non-Landed Properties,3,"4,600",100 to 110,"1,100 to 1,200",Oct-22
WOODHAVEN,WOODGROVE AVENUE,25,Non-Landed Properties,3,"4,850",100 to 110,"1,100 to 1,200",Oct-22
PARC ROSEWOOD,ROSEWOOD DRIVE,25,Non-Landed Properties,1,"2,500",40 to 50,400 to 500,Oct-22
WOODHAVEN,WOODGROVE AVENUE,25,Non-Landed Properties,1,"3,000",50 to 60,600 to 700,Oct-22
CASABLANCA,ROSEWOOD DRIVE,25,Non-Landed Properties,2,"3,300",80 to 90,"900 to 1,000",Oct-22
THE WOODGROVE,WOODGROVE DRIVE,25,Non-Landed Properties,2,"3,600",80 to 90,800 to 900,Oct-22
WOODHAVEN,WOODGROVE AVENUE,25,Non-Landed Properties,3,"4,200",100 to 110,"1,100 to 1,200",Oct-22
PARC ROSEWOOD,ROSEWOOD DRIVE,25,Non-Landed Properties,1,"2,600",40 to 50,400 to 500,Oct-22
PARC ROSEWOOD,ROSEWOOD DRIVE,25,Non-Landed Properties,1,"2,550",40 to 50,500 to 600,Oct-22
WOODGROVE CONDOMINIUM,WOODGROVE DRIVE,25,Non-Landed Properties,3,"7,300",180 to 190,"2,000 to 2,100",Oct-22
WOODGROVE CONDOMINIUM,WOODGROVE DRIVE,25,Non-Landed Properties,3,"2,500",110 to 120,"1,100 to 1,200",Oct-22
CASABLANCA,ROSEWOOD DRIVE,25,Non-Landed Properties,3,"4,100",100 to 110,"1,100 to 1,200",Oct-22
ROSEWOOD,ROSEWOOD DRIVE,25,Non-Landed Properties,3,"3,690",100 to 110,"1,100 to 1,200",Oct-22
PARC ROSEWOOD,ROSEWOOD DRIVE,25,Non-Landed Properties,3,"4,100",70 to 80,800 to 900,Oct-22
CASABLANCA,ROSEWOOD DRIVE,25,Non-Landed Properties,3,"4,000",100 to 110,"1,100 to 1,200",Oct-22
PARC ROSEWOOD,ROSEWOOD DRIVE,25,Non-Landed Properties,1,"2,500",40 to 50,500 to 600,Oct-22
PARC ROSEWOOD,ROSEWOOD DRIVE,25,Non-Landed Properties,1,"2,600",40 to 50,400 to 500,Oct-22
WOODHAVEN,WOODGROVE AVENUE,25,Non-Landed Properties,1,"2,600",60 to 70,600 to 700,Oct-22
PARC ROSEWOOD,ROSEWOOD DRIVE,25,Non-Landed Properties,1,"2,500",40 to 50,400 to 500,Oct-22
WOODHAVEN,WOODGROVE AVENUE,25,Non-Landed Properties,1,"2,400",50 to 60,500 to 600,Oct-22
PARC ROSEWOOD,ROSEWOOD DRIVE,25,Non-Landed Properties,1,"2,400",40 to 50,400 to 500,Oct-22
PARC ROSEWOOD,ROSEWOOD DRIVE,25,Non-Landed Properties,3,"4,300",160 to 170,"1,700 to 1,800",Oct-22
CASABLANCA,ROSEWOOD DRIVE,25,Non-Landed Properties,3,"2,700",100 to 110,"1,100 to 1,200",Oct-22
PARC ROSEWOOD,ROSEWOOD DRIVE,25,Non-Landed Properties,1,"2,300",40 to 50,400 to 500,Oct-22
CASABLANCA,ROSEWOOD DRIVE,25,Non-Landed Properties,2,"3,300",80 to 90,"900 to 1,000",Oct-22
PARC ROSEWOOD,ROSEWOOD DRIVE,25,Non-Landed Properties,1,"2,600",40 to 50,400 to 500,Oct-22
CASABLANCA,ROSEWOOD DRIVE,25,Non-Landed Properties,3,"3,700",100 to 110,"1,100 to 1,200",Oct-22
PARC ROSEWOOD,ROSEWOOD DRIVE,25,Non-Landed Properties,2,"3,000",70 to 80,800 to 900,Oct-22
PARC ROSEWOOD,ROSEWOOD DRIVE,25,Non-Landed Properties,3,"3,800",70 to 80,800 to 900,Oct-22
CASABLANCA,ROSEWOOD DRIVE,25,Non-Landed Properties,3,"3,000",100 to 110,"1,100 to 1,200",Oct-22
CASABLANCA,ROSEWOOD DRIVE,25,Non-Landed Properties,3,"2,800",100 to 110,"1,100 to 1,200",Oct-22
CASABLANCA,ROSEWOOD DRIVE,25,Non-Landed Properties,3,"3,000",110 to 120,"1,100 to 1,200",Oct-22
PARC ROSEWOOD,ROSEWOOD DRIVE,25,Non-Landed Properties,2,"2,900",50 to 60,500 to 600,Oct-22
PARC ROSEWOOD,ROSEWOOD DRIVE,25,Non-Landed Properties,2,"3,000",60 to 70,700 to 800,Oct-22
PARC ROSEWOOD,ROSEWOOD DRIVE,25,Non-Landed Properties,3,"2,800",70 to 80,800 to 900,Sep-22
PARC ROSEWOOD,ROSEWOOD DRIVE,25,Non-Landed Properties,1,"2,750",40 to 50,500 to 600,Sep-22
PARC ROSEWOOD,ROSEWOOD DRIVE,25,Non-Landed Properties,1,"2,250",40 to 50,500 to 600,Sep-22
WOODGROVE CONDOMINIUM,WOODGROVE DRIVE,25,Non-Landed Properties,3,"5,500",230 to 240,"2,500 to 2,600",Sep-22
CASABLANCA,ROSEWOOD DRIVE,25,Non-Landed Properties,3,"3,600",100 to 110,"1,100 to 1,200",Sep-22
WOODHAVEN,WOODGROVE AVENUE,25,Non-Landed Properties,2,"2,850",70 to 80,800 to 900,Sep-22
PARC ROSEWOOD,ROSEWOOD DRIVE,25,Non-Landed Properties,1,"2,200",40 to 50,400 to 500,Sep-22
PARC ROSEWOOD,ROSEWOOD DRIVE,25,Non-Landed Properties,1,"2,400",40 to 50,400 to 500,Sep-22
CASABLANCA,ROSEWOOD DRIVE,25,Non-Landed Properties,2,"3,100",80 to 90,"900 to 1,000",Sep-22
PARC ROSEWOOD,ROSEWOOD DRIVE,25,Non-Landed Properties,2,"3,400",50 to 60,500 to 600,Sep-22
PARC ROSEWOOD,ROSEWOOD DRIVE,25,Non-Landed Properties,1,"2,200",40 to 50,400 to 500,Sep-22
WOODGROVE CONDOMINIUM,WOODGROVE DRIVE,25,Non-Landed Properties,3,"4,100",110 to 120,"1,200 to 1,300",Sep-22
PARC ROSEWOOD,ROSEWOOD DRIVE,25,Non-Landed Properties,3,"4,800",160 to 170,"1,700 to 1,800",Sep-22
WOODGROVE CONDOMINIUM,WOODGROVE DRIVE,25,Non-Landed Properties,3,"4,200",110 to 120,"1,100 to 1,200",Sep-22
PARC ROSEWOOD,ROSEWOOD DRIVE,25,Non-Landed Properties,1,"1,800",40 to 50,400 to 500,Sep-22
WOODHAVEN,WOODGROVE AVENUE,25,Non-Landed Properties,3,"4,250",100 to 110,"1,100 to 1,200",Sep-22
PARC ROSEWOOD,ROSEWOOD DRIVE,25,Non-Landed Properties,1,"2,200",40 to 50,400 to 500,Sep-22
CASABLANCA,ROSEWOOD DRIVE,25,Non-Landed Properties,4,"4,100",120 to 130,"1,300 to 1,400",Sep-22
WOODHAVEN,WOODGROVE AVENUE,25,Non-Landed Properties,1,"1,850",50 to 60,500 to 600,Sep-22
PARC ROSEWOOD,ROSEWOOD DRIVE,25,Non-Landed Properties,1,"2,100",40 to 50,400 to 500,Sep-22
CASABLANCA,ROSEWOOD DRIVE,25,Non-Landed Properties,3,"3,500",100 to 110,"1,100 to 1,200",Sep-22
PARC ROSEWOOD,ROSEWOOD DRIVE,25,Non-Landed Properties,2,"2,900",60 to 70,700 to 800,Sep-22
CASABLANCA,ROSEWOOD DRIVE,25,Non-Landed Properties,2,"3,400",80 to 90,"900 to 1,000",Sep-22
CASABLANCA,ROSEWOOD DRIVE,25,Non-Landed Properties,3,"4,100",110 to 120,"1,100 to 1,200",Sep-22
PARC ROSEWOOD,ROSEWOOD DRIVE,25,Non-Landed Properties,2,"2,300",70 to 80,700 to 800,Sep-22
PARC ROSEWOOD,ROSEWOOD DRIVE,25,Non-Landed Properties,1,"2,200",40 to 50,500 to 600,Sep-22
CASABLANCA,ROSEWOOD DRIVE,25,Non-Landed Properties,3,"3,000",100 to 110,"1,100 to 1,200",Sep-22
PARC ROSEWOOD,ROSEWOOD DRIVE,25,Non-Landed Properties,1,"1,800",40 to 50,400 to 500,Sep-22
PARC ROSEWOOD,ROSEWOOD DRIVE,25,Non-Landed Properties,2,"3,300",110 to 120,"1,200 to 1,300",Sep-22
PARC ROSEWOOD,ROSEWOOD DRIVE,25,Non-Landed Properties,1,"2,500",40 to 50,400 to 500,Sep-22
PARC ROSEWOOD,ROSEWOOD DRIVE,25,Non-Landed Properties,2,"2,100",70 to 80,700 to 800,Sep-22
PARC ROSEWOOD,ROSEWOOD DRIVE,25,Non-Landed Properties,1,"2,500",40 to 50,400 to 500,Sep-22
ROSEWOOD SUITES,ROSEWOOD DRIVE,25,Non-Landed Properties,3,"2,200",110 to 120,"1,200 to 1,300",Sep-22
PARC ROSEWOOD,ROSEWOOD DRIVE,25,Non-Landed Properties,2,"3,000",50 to 60,600 to 700,Sep-22
WOODHAVEN,WOODGROVE AVENUE,25,Non-Landed Properties,1,"2,200",50 to 60,500 to 600,Aug-22
WOODHAVEN,WOODGROVE AVENUE,25,Non-Landed Properties,3,"3,889",100 to 110,"1,100 to 1,200",Aug-22
PARC ROSEWOOD,ROSEWOOD DRIVE,25,Non-Landed Properties,2,"2,800",50 to 60,500 to 600,Aug-22
PARC ROSEWOOD,ROSEWOOD DRIVE,25,Non-Landed Properties,3,"2,600",70 to 80,800 to 900,Aug-22
ROSEWOOD SUITES,ROSEWOOD DRIVE,25,Non-Landed Properties,3,"4,000",90 to 100,"1,000 to 1,100",Aug-22
CASABLANCA,ROSEWOOD DRIVE,25,Non-Landed Properties,3,"3,600",110 to 120,"1,100 to 1,200",Aug-22
THE WOODGROVE,WOODGROVE DRIVE,25,Non-Landed Properties,2,"3,450",70 to 80,800 to 900,Aug-22
ROSEWOOD,ROSEWOOD DRIVE,25,Non-Landed Properties,2,"3,000",90 to 100,"1,000 to 1,100",Aug-22
PARC ROSEWOOD,ROSEWOOD DRIVE,25,Non-Landed Properties,1,"2,400",50 to 60,500 to 600,Aug-22
WOODHAVEN,WOODGROVE AVENUE,25,Non-Landed Properties,3,"2,600",100 to 110,"1,100 to 1,200",Aug-22
PARC ROSEWOOD,ROSEWOOD DRIVE,25,Non-Landed Properties,2,"2,800",50 to 60,600 to 700,Aug-22
WOODHAVEN,WOODGROVE AVENUE,25,Non-Landed Properties,1,"2,600",50 to 60,600 to 700,Aug-22
WOODHAVEN,WOODGROVE AVENUE,25,Non-Landed Properties,1,"2,800",60 to 70,600 to 700,Aug-22
WOODHAVEN,WOODGROVE AVENUE,25,Non-Landed Properties,1,"2,750",50 to 60,600 to 700,Aug-22
PARC ROSEWOOD,ROSEWOOD DRIVE,25,Non-Landed Properties,1,"2,300",40 to 50,400 to 500,Aug-22
PARC ROSEWOOD,ROSEWOOD DRIVE,25,Non-Landed Properties,1,"1,950",40 to 50,500 to 600,Aug-22
PARC ROSEWOOD,ROSEWOOD DRIVE,25,Non-Landed Properties,2,"2,300",50 to 60,500 to 600,Aug-22
ROSEWOOD,ROSEWOOD DRIVE,25,Non-Landed Properties,3,"3,600",100 to 110,"1,100 to 1,200",Aug-22
WOODHAVEN,WOODGROVE AVENUE,25,Non-Landed Properties,1,"2,400",50 to 60,500 to 600,Aug-22
PARC ROSEWOOD,ROSEWOOD DRIVE,25,Non-Landed Properties,1,"2,200",40 to 50,400 to 500,Aug-22
WOODHAVEN,WOODGROVE AVENUE,25,Non-Landed Properties,NA,"7,100",310 to 320,"3,300 to 3,400",Aug-22
WOODGROVE CONDOMINIUM,WOODGROVE DRIVE,25,Non-Landed Properties,3,"5,000",210 to 220,"2,300 to 2,400",Aug-22
WOODHAVEN,WOODGROVE AVENUE,25,Non-Landed Properties,NA,"7,100",310 to 320,"3,300 to 3,400",Aug-22
PARC ROSEWOOD,ROSEWOOD DRIVE,25,Non-Landed Properties,2,"2,800",50 to 60,600 to 700,Aug-22
WOODGROVE CONDOMINIUM,WOODGROVE DRIVE,25,Non-Landed Properties,3,"5,800",180 to 190,"1,900 to 2,000",Aug-22
WOODHAVEN,WOODGROVE AVENUE,25,Non-Landed Properties,1,"2,500",50 to 60,600 to 700,Aug-22
CASABLANCA,ROSEWOOD DRIVE,25,Non-Landed Properties,2,"2,400",80 to 90,"900 to 1,000",Aug-22
PARC ROSEWOOD,ROSEWOOD DRIVE,25,Non-Landed Properties,1,"1,900",40 to 50,400 to 500,Aug-22
WOODHAVEN,WOODGROVE AVENUE,25,Non-Landed Properties,2,"2,800",70 to 80,800 to 900,Aug-22
ROSEWOOD SUITES,ROSEWOOD DRIVE,25,Non-Landed Properties,3,"3,300",140 to 150,"1,500 to 1,600",Aug-22
PARC ROSEWOOD,ROSEWOOD DRIVE,25,Non-Landed Properties,1,"2,300",40 to 50,400 to 500,Aug-22
PARC ROSEWOOD,ROSEWOOD DRIVE,25,Non-Landed Properties,1,"2,000",40 to 50,500 to 600,Aug-22
WOODHAVEN,WOODGROVE AVENUE,25,Non-Landed Properties,2,"3,350",60 to 70,700 to 800,Aug-22
THE WOODGROVE,WOODGROVE DRIVE,25,Non-Landed Properties,2,"3,550",80 to 90,800 to 900,Aug-22
WOODHAVEN,WOODGROVE AVENUE,25,Non-Landed Properties,NA,"8,200",310 to 320,"3,300 to 3,400",Aug-22
CASABLANCA,ROSEWOOD DRIVE,25,Non-Landed Properties,3,"4,000",100 to 110,"1,100 to 1,200",Aug-22
PARC ROSEWOOD,ROSEWOOD DRIVE,25,Non-Landed Properties,1,"2,500",40 to 50,500 to 600,Aug-22
WOODGROVE CONDOMINIUM,WOODGROVE DRIVE,25,Non-Landed Properties,3,"3,600",110 to 120,"1,200 to 1,300",Aug-22
PARC ROSEWOOD,ROSEWOOD DRIVE,25,Non-Landed Properties,1,"2,000",40 to 50,400 to 500,Jul-22
PARC ROSEWOOD,ROSEWOOD DRIVE,25,Non-Landed Properties,1,"2,200",40 to 50,400 to 500,Jul-22
ROSEWOOD,ROSEWOOD DRIVE,25,Non-Landed Properties,4,"4,000",130 to 140,"1,400 to 1,500",Jul-22
WOODGROVE CONDOMINIUM,WOODGROVE DRIVE,25,Non-Landed Properties,3,"2,600",110 to 120,"1,100 to 1,200",Jul-22
PARC ROSEWOOD,ROSEWOOD DRIVE,25,Non-Landed Properties,2,"2,500",50 to 60,600 to 700,Jul-22
PARC ROSEWOOD,ROSEWOOD DRIVE,25,Non-Landed Properties,1,"2,100",40 to 50,400 to 500,Jul-22
ROSEWOOD SUITES,ROSEWOOD DRIVE,25,Non-Landed Properties,3,"3,800",120 to 130,"1,300 to 1,400",Jul-22
WOODHAVEN,WOODGROVE AVENUE,25,Non-Landed Properties,NA,"8,000",310 to 320,"3,300 to 3,400",Jul-22
WOODHAVEN,WOODGROVE AVENUE,25,Non-Landed Properties,NA,"6,910",310 to 320,"3,300 to 3,400",Jul-22
WOODGROVE CONDOMINIUM,WOODGROVE DRIVE,25,Non-Landed Properties,3,"3,450",140 to 150,"1,500 to 1,600",Jul-22
WOODHAVEN,WOODGROVE AVENUE,25,Non-Landed Properties,1,"2,500",50 to 60,500 to 600,Jul-22
PARC ROSEWOOD,ROSEWOOD DRIVE,25,Non-Landed Properties,1,"2,200",40 to 50,400 to 500,Jul-22
CASABLANCA,ROSEWOOD DRIVE,25,Non-Landed Properties,2,"2,000",80 to 90,800 to 900,Jul-22
ROSEWOOD,ROSEWOOD DRIVE,25,Non-Landed Properties,2,"2,400",90 to 100,"1,000 to 1,100",Jul-22
CASABLANCA,ROSEWOOD DRIVE,25,Non-Landed Properties,2,"2,100",80 to 90,"900 to 1,000",Jul-22
WOODGROVE CONDOMINIUM,WOODGROVE DRIVE,25,Non-Landed Properties,3,"4,200",150 to 160,"1,600 to 1,700",Jul-22
PARC ROSEWOOD,ROSEWOOD DRIVE,25,Non-Landed Properties,2,"3,000",70 to 80,700 to 800,Jul-22
PARC ROSEWOOD,ROSEWOOD DRIVE,25,Non-Landed Properties,2,"2,600",70 to 80,800 to 900,Jul-22
WOODHAVEN,WOODGROVE AVENUE,25,Non-Landed Properties,1,"2,000",50 to 60,500 to 600,Jul-22
WOODHAVEN,WOODGROVE AVENUE,25,Non-Landed Properties,3,"4,000",100 to 110,"1,100 to 1,200",Jul-22
PARC ROSEWOOD,ROSEWOOD DRIVE,25,Non-Landed Properties,1,"2,400",40 to 50,400 to 500,Jul-22
WOODHAVEN,WOODGROVE AVENUE,25,Non-Landed Properties,1,"2,700",50 to 60,600 to 700,Jul-22
ROSEWOOD,ROSEWOOD DRIVE,25,Non-Landed Properties,2,"3,100",90 to 100,"1,000 to 1,100",Jul-22
PARC ROSEWOOD,ROSEWOOD DRIVE,25,Non-Landed Properties,1,"2,000",40 to 50,400 to 500,Jul-22
ROSEWOOD,ROSEWOOD DRIVE,25,Non-Landed Properties,3,"3,200",100 to 110,"1,100 to 1,200",Jul-22
WOODGROVE CONDOMINIUM,WOODGROVE DRIVE,25,Non-Landed Properties,3,"3,800",150 to 160,"1,600 to 1,700",Jul-22
PARC ROSEWOOD,ROSEWOOD DRIVE,25,Non-Landed Properties,1,"2,150",40 to 50,400 to 500,Jul-22
CASABLANCA,ROSEWOOD DRIVE,25,Non-Landed Properties,2,"3,000",80 to 90,"900 to 1,000",Jul-22
WOODHAVEN,WOODGROVE AVENUE,25,Non-Landed Properties,NA,"6,723",310 to 320,"3,300 to 3,400",Jul-22
ROSEWOOD,ROSEWOOD DRIVE,25,Non-Landed Properties,2,"2,700",90 to 100,"1,000 to 1,100",Jul-22
PARC ROSEWOOD,ROSEWOOD DRIVE,25,Non-Landed Properties,1,"2,400",40 to 50,400 to 500,Jul-22
ROSEWOOD,ROSEWOOD DRIVE,25,Non-Landed Properties,3,"2,750",100 to 110,"1,100 to 1,200",Jul-22
CASABLANCA,ROSEWOOD DRIVE,25,Non-Landed Properties,3,"3,300",110 to 120,"1,100 to 1,200",Jul-22
ROSEWOOD,ROSEWOOD DRIVE,25,Non-Landed Properties,2,"2,600",90 to 100,"1,000 to 1,100",Jul-22
WOODHAVEN,WOODGROVE AVENUE,25,Non-Landed Properties,2,"3,000",70 to 80,800 to 900,Jul-22
PARC ROSEWOOD,ROSEWOOD DRIVE,25,Non-Landed Properties,1,"2,450",40 to 50,500 to 600,Jul-22
CASABLANCA,ROSEWOOD DRIVE,25,Non-Landed Properties,3,"2,850",100 to 110,"1,100 to 1,200",Jul-22
PARC ROSEWOOD,ROSEWOOD DRIVE,25,Non-Landed Properties,2,"2,500",50 to 60,500 to 600,Jul-22
WOODHAVEN,WOODGROVE AVENUE,25,Non-Landed Properties,1,"2,600",50 to 60,600 to 700,Jul-22
CASABLANCA,ROSEWOOD DRIVE,25,Non-Landed Properties,3,"3,600",100 to 110,"1,100 to 1,200",Jul-22
ROSEWOOD,ROSEWOOD DRIVE,25,Non-Landed Properties,3,"3,500",100 to 110,"1,100 to 1,200",Jul-22
PARC ROSEWOOD,ROSEWOOD DRIVE,25,Non-Landed Properties,1,"2,000",40 to 50,400 to 500,Jul-22
PARC ROSEWOOD,ROSEWOOD DRIVE,25,Non-Landed Properties,2,"2,750",50 to 60,500 to 600,Jul-22
WOODHAVEN,WOODGROVE AVENUE,25,Non-Landed Properties,3,"4,200",100 to 110,"1,100 to 1,200",Jul-22
WOODHAVEN,WOODGROVE AVENUE,25,Non-Landed Properties,1,"2,650",50 to 60,500 to 600,Jul-22
PARC ROSEWOOD,ROSEWOOD DRIVE,25,Non-Landed Properties,2,"3,100",70 to 80,700 to 800,Jul-22
ROSEWOOD,ROSEWOOD DRIVE,25,Non-Landed Properties,3,"4,180",150 to 160,"1,600 to 1,700",Jul-22
PARC ROSEWOOD,ROSEWOOD DRIVE,25,Non-Landed Properties,1,"2,400",40 to 50,500 to 600,Jul-22
PARC ROSEWOOD,ROSEWOOD DRIVE,25,Non-Landed Properties,1,"1,900",40 to 50,400 to 500,Jul-22
WOODHAVEN,WOODGROVE AVENUE,25,Non-Landed Properties,3,"4,200",120 to 130,"1,300 to 1,400",Jul-22
CASABLANCA,ROSEWOOD DRIVE,25,Non-Landed Properties,3,"4,000",110 to 120,"1,100 to 1,200",Jul-22
WOODHAVEN,WOODGROVE AVENUE,25,Non-Landed Properties,3,"3,795",100 to 110,"1,100 to 1,200",Jul-22
WOODGROVE CONDOMINIUM,WOODGROVE DRIVE,25,Non-Landed Properties,3,"3,800",150 to 160,"1,600 to 1,700",Jul-22
PARC ROSEWOOD,ROSEWOOD DRIVE,25,Non-Landed Properties,1,"2,200",40 to 50,400 to 500,Jul-22
WOODHAVEN,WOODGROVE AVENUE,25,Non-Landed Properties,1,"2,200",60 to 70,600 to 700,Jul-22
CASABLANCA,ROSEWOOD DRIVE,25,Non-Landed Properties,2,"2,200",80 to 90,"900 to 1,000",Jul-22
CASABLANCA,ROSEWOOD DRIVE,25,Non-Landed Properties,2,"2,400",80 to 90,"900 to 1,000",Jul-22
ROSEWOOD SUITES,ROSEWOOD DRIVE,25,Non-Landed Properties,3,"3,000",140 to 150,"1,500 to 1,600",Jul-22
CASABLANCA,ROSEWOOD DRIVE,25,Non-Landed Properties,2,"2,600",80 to 90,"900 to 1,000",Jul-22
CASABLANCA,ROSEWOOD DRIVE,25,Non-Landed Properties,3,"3,600",100 to 110,"1,100 to 1,200",Jul-22
PARC ROSEWOOD,ROSEWOOD DRIVE,25,Non-Landed Properties,1,"1,700",40 to 50,400 to 500,Jul-22
CASABLANCA,ROSEWOOD DRIVE,25,Non-Landed Properties,3,"2,100",100 to 110,"1,100 to 1,200",Jul-22
CASABLANCA,ROSEWOOD DRIVE,25,Non-Landed Properties,3,"2,500",110 to 120,"1,100 to 1,200",Jul-22
WOODHAVEN,WOODGROVE AVENUE,25,Non-Landed Properties,NA,"7,800",310 to 320,"3,300 to 3,400",Jul-22
PARC ROSEWOOD,ROSEWOOD DRIVE,25,Non-Landed Properties,2,"3,400",50 to 60,500 to 600,Jul-22
WOODHAVEN,WOODGROVE AVENUE,25,Non-Landed Properties,2,"3,200",70 to 80,800 to 900,Jul-22
WOODHAVEN,WOODGROVE AVENUE,25,Non-Landed Properties,3,"4,200",100 to 110,"1,100 to 1,200",Jul-22
WOODHAVEN,WOODGROVE AVENUE,25,Non-Landed Properties,3,"4,000",100 to 110,"1,100 to 1,200",Jul-22
PARC ROSEWOOD,ROSEWOOD DRIVE,25,Non-Landed Properties,1,"1,600",40 to 50,400 to 500,Jul-22
WOODHAVEN,WOODGROVE AVENUE,25,Non-Landed Properties,1,"2,400",50 to 60,600 to 700,Jul-22
PARC ROSEWOOD,ROSEWOOD DRIVE,25,Non-Landed Properties,2,"2,030",70 to 80,700 to 800,Jul-22
PARC ROSEWOOD,ROSEWOOD DRIVE,25,Non-Landed Properties,2,"2,200",50 to 60,600 to 700,Jun-22
ROSEWOOD,ROSEWOOD DRIVE,25,Non-Landed Properties,3,"4,300",100 to 110,"1,100 to 1,200",Jun-22
WOODHAVEN,WOODGROVE AVENUE,25,Non-Landed Properties,3,"4,300",100 to 110,"1,100 to 1,200",Jun-22
PARC ROSEWOOD,ROSEWOOD DRIVE,25,Non-Landed Properties,1,"2,100",40 to 50,400 to 500,Jun-22
ROSEWOOD SUITES,ROSEWOOD DRIVE,25,Non-Landed Properties,3,"4,700",150 to 160,"1,600 to 1,700",Jun-22
PARC ROSEWOOD,ROSEWOOD DRIVE,25,Non-Landed Properties,1,"2,000",40 to 50,400 to 500,Jun-22
WOODHAVEN,WOODGROVE AVENUE,25,Non-Landed Properties,3,"3,500",100 to 110,"1,100 to 1,200",Jun-22
WOODHAVEN,WOODGROVE AVENUE,25,Non-Landed Properties,2,"2,500",70 to 80,800 to 900,Jun-22
ROSEWOOD,ROSEWOOD DRIVE,25,Non-Landed Properties,3,"3,400",100 to 110,"1,100 to 1,200",Jun-22
ROSEWOOD SUITES,ROSEWOOD DRIVE,25,Non-Landed Properties,3,"4,700",150 to 160,"1,600 to 1,700",Jun-22
PARC ROSEWOOD,ROSEWOOD DRIVE,25,Non-Landed Properties,1,"2,300",40 to 50,400 to 500,Jun-22
THE WOODGROVE,WOODGROVE DRIVE,25,Non-Landed Properties,2,"3,400",70 to 80,800 to 900,Jun-22
CASABLANCA,ROSEWOOD DRIVE,25,Non-Landed Properties,3,"3,700",100 to 110,"1,100 to 1,200",Jun-22
WOODHAVEN,WOODGROVE AVENUE,25,Non-Landed Properties,NA,"7,600",310 to 320,"3,300 to 3,400",Jun-22
WOODGROVE CONDOMINIUM,WOODGROVE DRIVE,25,Non-Landed Properties,3,"3,400",140 to 150,"1,500 to 1,600",Jun-22
PARC ROSEWOOD,ROSEWOOD DRIVE,25,Non-Landed Properties,1,"2,000",40 to 50,400 to 500,Jun-22
WOODHAVEN,WOODGROVE AVENUE,25,Non-Landed Properties,3,"3,900",100 to 110,"1,100 to 1,200",Jun-22
PARC ROSEWOOD,ROSEWOOD DRIVE,25,Non-Landed Properties,1,"2,300",40 to 50,400 to 500,Jun-22
ROSEWOOD,ROSEWOOD DRIVE,25,Non-Landed Properties,4,"3,200",130 to 140,"1,400 to 1,500",Jun-22
PARC ROSEWOOD,ROSEWOOD DRIVE,25,Non-Landed Properties,1,"2,300",40 to 50,400 to 500,Jun-22
WOODGROVE CONDOMINIUM,WOODGROVE DRIVE,25,Non-Landed Properties,3,"6,100",190 to 200,"2,000 to 2,100",Jun-22
ROSEWOOD,ROSEWOOD DRIVE,25,Non-Landed Properties,4,"5,000",200 to 210,"2,100 to 2,200",Jun-22
CASABLANCA,ROSEWOOD DRIVE,25,Non-Landed Properties,2,"2,500",80 to 90,800 to 900,Jun-22
WOODHAVEN,WOODGROVE AVENUE,25,Non-Landed Properties,2,"3,600",70 to 80,800 to 900,Jun-22
PARC ROSEWOOD,ROSEWOOD DRIVE,25,Non-Landed Properties,1,"2,300",40 to 50,400 to 500,Jun-22
PARC ROSEWOOD,ROSEWOOD DRIVE,25,Non-Landed Properties,1,"1,800",40 to 50,500 to 600,Jun-22
PARC ROSEWOOD,ROSEWOOD DRIVE,25,Non-Landed Properties,2,"2,400",50 to 60,500 to 600,Jun-22
ROSEWOOD,ROSEWOOD DRIVE,25,Non-Landed Properties,4,"4,000",200 to 210,"2,100 to 2,200",Jun-22
WOODHAVEN,WOODGROVE AVENUE,25,Non-Landed Properties,3,"3,982",120 to 130,"1,300 to 1,400",Jun-22
PARC ROSEWOOD,ROSEWOOD DRIVE,25,Non-Landed Properties,1,"2,050",40 to 50,400 to 500,Jun-22
ROSEWOOD,ROSEWOOD DRIVE,25,Non-Landed Properties,4,"3,100",130 to 140,"1,400 to 1,500",Jun-22
WOODHAVEN,WOODGROVE AVENUE,25,Non-Landed Properties,1,"2,300",50 to 60,500 to 600,Jun-22
PARC ROSEWOOD,ROSEWOOD DRIVE,25,Non-Landed Properties,1,"2,200",40 to 50,400 to 500,Jun-22
WOODGROVE CONDOMINIUM,WOODGROVE DRIVE,25,Non-Landed Properties,3,"4,500",150 to 160,"1,600 to 1,700",Jun-22
PARC ROSEWOOD,ROSEWOOD DRIVE,25,Non-Landed Properties,1,"2,200",40 to 50,400 to 500,Jun-22
CASABLANCA,ROSEWOOD DRIVE,25,Non-Landed Properties,3,"3,200",100 to 110,"1,100 to 1,200",Jun-22
CASABLANCA,ROSEWOOD DRIVE,25,Non-Landed Properties,3,"3,400",100 to 110,"1,100 to 1,200",Jun-22
ROSEWOOD,ROSEWOOD DRIVE,25,Non-Landed Properties,3,"3,000",110 to 120,"1,100 to 1,200",Jun-22
ROSEWOOD SUITES,ROSEWOOD DRIVE,25,Non-Landed Properties,4,"4,800",170 to 180,"1,800 to 1,900",Jun-22
ROSEWOOD,ROSEWOOD DRIVE,25,Non-Landed Properties,3,"3,000",100 to 110,"1,100 to 1,200",Jun-22
WOODHAVEN,WOODGROVE AVENUE,25,Non-Landed Properties,3,"3,889",100 to 110,"1,100 to 1,200",Jun-22
CASABLANCA,ROSEWOOD DRIVE,25,Non-Landed Properties,3,"3,000",100 to 110,"1,100 to 1,200",Jun-22
CASABLANCA,ROSEWOOD DRIVE,25,Non-Landed Properties,3,"3,300",100 to 110,"1,100 to 1,200",Jun-22
PARC ROSEWOOD,ROSEWOOD DRIVE,25,Non-Landed Properties,1,"2,350",40 to 50,400 to 500,Jun-22
ROSEWOOD,ROSEWOOD DRIVE,25,Non-Landed Properties,3,"2,700",100 to 110,"1,100 to 1,200",Jun-22
WOODGROVE CONDOMINIUM,WOODGROVE DRIVE,25,Non-Landed Properties,3,"4,935",210 to 220,"2,300 to 2,400",Jun-22
WOODHAVEN,WOODGROVE AVENUE,25,Non-Landed Properties,NA,"7,000",310 to 320,"3,300 to 3,400",Jun-22
PARC ROSEWOOD,ROSEWOOD DRIVE,25,Non-Landed Properties,2,"3,000",50 to 60,600 to 700,Jun-22
WOODGROVE CONDOMINIUM,WOODGROVE DRIVE,25,Non-Landed Properties,3,"3,700",220 to 230,"2,400 to 2,500",Jun-22
ROSEWOOD SUITES,ROSEWOOD DRIVE,25,Non-Landed Properties,3,"3,100",100 to 110,"1,100 to 1,200",Jun-22
WOODGROVE CONDOMINIUM,WOODGROVE DRIVE,25,Non-Landed Properties,3,"3,900",140 to 150,"1,500 to 1,600",Jun-22
THE WOODGROVE,WOODGROVE DRIVE,25,Non-Landed Properties,2,"3,000",80 to 90,"900 to 1,000",Jun-22
WOODGROVE CONDOMINIUM,WOODGROVE DRIVE,25,Non-Landed Properties,3,"3,600",140 to 150,"1,500 to 1,600",Jun-22
THE WOODGROVE,WOODGROVE DRIVE,25,Non-Landed Properties,2,"3,500",80 to 90,800 to 900,Jun-22
WOODGROVE CONDOMINIUM,WOODGROVE DRIVE,25,Non-Landed Properties,3,"4,200",150 to 160,"1,600 to 1,700",Jun-22
PARC ROSEWOOD,ROSEWOOD DRIVE,25,Non-Landed Properties,1,"1,800",40 to 50,400 to 500,Jun-22
WOODGROVE CONDOMINIUM,WOODGROVE DRIVE,25,Non-Landed Properties,3,"4,410",220 to 230,"2,300 to 2,400",Jun-22
PARC ROSEWOOD,ROSEWOOD DRIVE,25,Non-Landed Properties,1,"2,400",40 to 50,400 to 500,Jun-22
WOODGROVE CONDOMINIUM,WOODGROVE DRIVE,25,Non-Landed Properties,3,"3,800",150 to 160,"1,700 to 1,800",Jun-22
WOODGROVE CONDOMINIUM,WOODGROVE DRIVE,25,Non-Landed Properties,3,"4,200",200 to 210,"2,100 to 2,200",Jun-22
ROSEWOOD,ROSEWOOD DRIVE,25,Non-Landed Properties,4,"4,400",130 to 140,"1,400 to 1,500",Jun-22
WOODHAVEN,WOODGROVE AVENUE,25,Non-Landed Properties,3,"3,800",100 to 110,"1,100 to 1,200",Jun-22
WOODHAVEN,WOODGROVE AVENUE,25,Non-Landed Properties,2,"2,800",60 to 70,600 to 700,Jun-22
WOODGROVE CONDOMINIUM,WOODGROVE DRIVE,25,Non-Landed Properties,3,"4,300",150 to 160,"1,600 to 1,700",Jun-22
WOODGROVE CONDOMINIUM,WOODGROVE DRIVE,25,Non-Landed Properties,3,"5,800",180 to 190,"2,000 to 2,100",Jun-22
PARC ROSEWOOD,ROSEWOOD DRIVE,25,Non-Landed Properties,1,"2,500",40 to 50,400 to 500,Jun-22
PARC ROSEWOOD,ROSEWOOD DRIVE,25,Non-Landed Properties,2,"3,100",50 to 60,600 to 700,May-22
PARC ROSEWOOD,ROSEWOOD DRIVE,25,Non-Landed Properties,1,"2,100",40 to 50,500 to 600,May-22
PARC ROSEWOOD,ROSEWOOD DRIVE,25,Non-Landed Properties,2,"2,800",50 to 60,600 to 700,May-22
CASABLANCA,ROSEWOOD DRIVE,25,Non-Landed Properties,3,"3,300",100 to 110,"1,100 to 1,200",May-22
WOODHAVEN,WOODGROVE AVENUE,25,Non-Landed Properties,3,"4,100",120 to 130,"1,300 to 1,400",May-22
PARC ROSEWOOD,ROSEWOOD DRIVE,25,Non-Landed Properties,2,"2,100",50 to 60,600 to 700,May-22
WOODGROVE CONDOMINIUM,WOODGROVE DRIVE,25,Non-Landed Properties,3,"3,000",110 to 120,"1,100 to 1,200",May-22
ROSEWOOD,ROSEWOOD DRIVE,25,Non-Landed Properties,3,"4,000",110 to 120,"1,100 to 1,200",May-22
WOODHAVEN,WOODGROVE AVENUE,25,Non-Landed Properties,NA,"6,817",310 to 320,"3,300 to 3,400",May-22
WOODHAVEN,WOODGROVE AVENUE,25,Non-Landed Properties,1,"2,600",50 to 60,600 to 700,May-22
CASABLANCA,ROSEWOOD DRIVE,25,Non-Landed Properties,3,"3,500",100 to 110,"1,100 to 1,200",May-22
ROSEWOOD,ROSEWOOD DRIVE,25,Non-Landed Properties,3,"2,900",110 to 120,"1,100 to 1,200",May-22
WOODHAVEN,WOODGROVE AVENUE,25,Non-Landed Properties,3,"3,680",100 to 110,"1,100 to 1,200",May-22
WOODGROVE CONDOMINIUM,WOODGROVE DRIVE,25,Non-Landed Properties,3,"5,000",220 to 230,"2,400 to 2,500",May-22
PARC ROSEWOOD,ROSEWOOD DRIVE,25,Non-Landed Properties,1,"2,350",40 to 50,400 to 500,May-22
PARC ROSEWOOD,ROSEWOOD DRIVE,25,Non-Landed Properties,2,"2,700",50 to 60,500 to 600,May-22
PARC ROSEWOOD,ROSEWOOD DRIVE,25,Non-Landed Properties,1,"2,000",40 to 50,400 to 500,May-22
WOODHAVEN,WOODGROVE AVENUE,25,Non-Landed Properties,1,"2,200",50 to 60,500 to 600,May-22
PARC ROSEWOOD,ROSEWOOD DRIVE,25,Non-Landed Properties,1,"1,600",40 to 50,400 to 500,May-22
PARC ROSEWOOD,ROSEWOOD DRIVE,25,Non-Landed Properties,1,"2,200",40 to 50,400 to 500,May-22
WOODHAVEN,WOODGROVE AVENUE,25,Non-Landed Properties,1,"2,500",60 to 70,600 to 700,May-22
WOODGROVE CONDOMINIUM,WOODGROVE DRIVE,25,Non-Landed Properties,3,"3,800",140 to 150,"1,500 to 1,600",May-22
PARC ROSEWOOD,ROSEWOOD DRIVE,25,Non-Landed Properties,1,"1,450",40 to 50,400 to 500,May-22
PARC ROSEWOOD,ROSEWOOD DRIVE,25,Non-Landed Properties,1,"2,100",40 to 50,400 to 500,May-22
WOODHAVEN,WOODGROVE AVENUE,25,Non-Landed Properties,2,"2,800",70 to 80,800 to 900,May-22
PARC ROSEWOOD,ROSEWOOD DRIVE,25,Non-Landed Properties,2,"1,750",50 to 60,500 to 600,May-22
PARC ROSEWOOD,ROSEWOOD DRIVE,25,Non-Landed Properties,2,"2,200",50 to 60,600 to 700,May-22
PARC ROSEWOOD,ROSEWOOD DRIVE,25,Non-Landed Properties,1,"2,100",40 to 50,400 to 500,May-22
PARC ROSEWOOD,ROSEWOOD DRIVE,25,Non-Landed Properties,1,"1,800",40 to 50,400 to 500,May-22
WOODHAVEN,WOODGROVE AVENUE,25,Non-Landed Properties,NA,"7,237",310 to 320,"3,300 to 3,400",May-22
WOODHAVEN,WOODGROVE AVENUE,25,Non-Landed Properties,2,"2,800",60 to 70,700 to 800,May-22
PARC ROSEWOOD,ROSEWOOD DRIVE,25,Non-Landed Properties,2,"2,800",50 to 60,600 to 700,May-22
THE WOODGROVE,WOODGROVE DRIVE,25,Non-Landed Properties,2,"3,550",80 to 90,800 to 900,May-22
WOODHAVEN,WOODGROVE AVENUE,25,Non-Landed Properties,1,"1,825",50 to 60,600 to 700,May-22
PARC ROSEWOOD,ROSEWOOD DRIVE,25,Non-Landed Properties,1,"1,950",40 to 50,500 to 600,May-22
PARC ROSEWOOD,ROSEWOOD DRIVE,25,Non-Landed Properties,1,"2,200",40 to 50,400 to 500,May-22
ROSEWOOD SUITES,ROSEWOOD DRIVE,25,Non-Landed Properties,3,"2,500",140 to 150,"1,500 to 1,600",May-22
ROSEWOOD,ROSEWOOD DRIVE,25,Non-Landed Properties,2,"2,500",90 to 100,"1,000 to 1,100",May-22
PARC ROSEWOOD,ROSEWOOD DRIVE,25,Non-Landed Properties,3,"2,200",70 to 80,800 to 900,Apr-22
ROSEWOOD,ROSEWOOD DRIVE,25,Non-Landed Properties,4,"3,000",130 to 140,"1,400 to 1,500",Apr-22
PARC ROSEWOOD,ROSEWOOD DRIVE,25,Non-Landed Properties,1,"1,700",40 to 50,400 to 500,Apr-22
PARC ROSEWOOD,ROSEWOOD DRIVE,25,Non-Landed Properties,3,"3,000",70 to 80,800 to 900,Apr-22
PARC ROSEWOOD,ROSEWOOD DRIVE,25,Non-Landed Properties,1,"1,900",40 to 50,400 to 500,Apr-22
ROSEWOOD SUITES,ROSEWOOD DRIVE,25,Non-Landed Properties,3,"3,500",90 to 100,"1,000 to 1,100",Apr-22
PARC ROSEWOOD,ROSEWOOD DRIVE,25,Non-Landed Properties,1,"2,300",40 to 50,500 to 600,Apr-22
PARC ROSEWOOD,ROSEWOOD DRIVE,25,Non-Landed Properties,1,"2,000",40 to 50,400 to 500,Apr-22
PARC ROSEWOOD,ROSEWOOD DRIVE,25,Non-Landed Properties,1,"2,400",40 to 50,500 to 600,Apr-22
CASABLANCA,ROSEWOOD DRIVE,25,Non-Landed Properties,3,"3,800",120 to 130,"1,300 to 1,400",Apr-22
PARC ROSEWOOD,ROSEWOOD DRIVE,25,Non-Landed Properties,1,"2,100",40 to 50,400 to 500,Apr-22
WOODHAVEN,WOODGROVE AVENUE,25,Non-Landed Properties,2,"2,900",70 to 80,800 to 900,Apr-22
CASABLANCA,ROSEWOOD DRIVE,25,Non-Landed Properties,2,"2,400",80 to 90,"900 to 1,000",Apr-22
PARC ROSEWOOD,ROSEWOOD DRIVE,25,Non-Landed Properties,3,"3,000",90 to 100,"900 to 1,000",Apr-22
PARC ROSEWOOD,ROSEWOOD DRIVE,25,Non-Landed Properties,1,"1,600",40 to 50,400 to 500,Apr-22
ROSEWOOD SUITES,ROSEWOOD DRIVE,25,Non-Landed Properties,4,"5,300",250 to 260,"2,700 to 2,800",Apr-22
WOODHAVEN,WOODGROVE AVENUE,25,Non-Landed Properties,1,"1,750",50 to 60,500 to 600,Apr-22
THE WOODGROVE,WOODGROVE DRIVE,25,Non-Landed Properties,3,"2,550",90 to 100,"1,000 to 1,100",Apr-22
THE WOODGROVE,WOODGROVE DRIVE,25,Non-Landed Properties,3,"2,300",90 to 100,"1,000 to 1,100",Apr-22
PARC ROSEWOOD,ROSEWOOD DRIVE,25,Non-Landed Properties,2,"2,400",70 to 80,700 to 800,Apr-22
ROSEWOOD,ROSEWOOD DRIVE,25,Non-Landed Properties,2,"2,800",90 to 100,"1,000 to 1,100",Apr-22
WOODHAVEN,WOODGROVE AVENUE,25,Non-Landed Properties,2,"2,300",60 to 70,700 to 800,Apr-22
WOODHAVEN,WOODGROVE AVENUE,25,Non-Landed Properties,1,"1,800",50 to 60,600 to 700,Apr-22
WOODHAVEN,WOODGROVE AVENUE,25,Non-Landed Properties,1,"2,300",50 to 60,600 to 700,Apr-22
WOODHAVEN,WOODGROVE AVENUE,25,Non-Landed Properties,1,"2,500",50 to 60,500 to 600,Apr-22
ROSEWOOD,ROSEWOOD DRIVE,25,Non-Landed Properties,3,"3,500",100 to 110,"1,100 to 1,200",Apr-22
ROSEWOOD,ROSEWOOD DRIVE,25,Non-Landed Properties,3,"2,750",100 to 110,"1,100 to 1,200",Apr-22
CASABLANCA,ROSEWOOD DRIVE,25,Non-Landed Properties,2,"3,000",80 to 90,"900 to 1,000",Apr-22
ROSEWOOD SUITES,ROSEWOOD DRIVE,25,Non-Landed Properties,3,"2,350",90 to 100,"1,000 to 1,100",Apr-22
ROSEWOOD,ROSEWOOD DRIVE,25,Non-Landed Properties,3,"2,700",100 to 110,"1,100 to 1,200",Apr-22
PARC ROSEWOOD,ROSEWOOD DRIVE,25,Non-Landed Properties,1,"2,000",40 to 50,400 to 500,Apr-22
CASABLANCA,ROSEWOOD DRIVE,25,Non-Landed Properties,3,"3,100",100 to 110,"1,100 to 1,200",Mar-22
WOODGROVE CONDOMINIUM,WOODGROVE DRIVE,25,Non-Landed Properties,3,"3,000",110 to 120,"1,100 to 1,200",Mar-22
ROSEWOOD SUITES,ROSEWOOD DRIVE,25,Non-Landed Properties,3,"3,900",140 to 150,"1,500 to 1,600",Mar-22
ROSEWOOD,ROSEWOOD DRIVE,25,Non-Landed Properties,2,"2,600",90 to 100,"1,000 to 1,100",Mar-22
PARC ROSEWOOD,ROSEWOOD DRIVE,25,Non-Landed Properties,3,"2,300",70 to 80,800 to 900,Mar-22
ROSEWOOD,ROSEWOOD DRIVE,25,Non-Landed Properties,2,"2,250",90 to 100,"1,000 to 1,100",Mar-22
PARC ROSEWOOD,ROSEWOOD DRIVE,25,Non-Landed Properties,2,"2,700",50 to 60,500 to 600,Mar-22
PARC ROSEWOOD,ROSEWOOD DRIVE,25,Non-Landed Properties,1,"1,600",40 to 50,400 to 500,Mar-22
ROSEWOOD SUITES,ROSEWOOD DRIVE,25,Non-Landed Properties,3,"4,050",140 to 150,"1,500 to 1,600",Mar-22
PARC ROSEWOOD,ROSEWOOD DRIVE,25,Non-Landed Properties,2,"2,700",50 to 60,500 to 600,Mar-22
PARC ROSEWOOD,ROSEWOOD DRIVE,25,Non-Landed Properties,1,"2,400",40 to 50,400 to 500,Mar-22
PARC ROSEWOOD,ROSEWOOD DRIVE,25,Non-Landed Properties,2,"2,200",50 to 60,600 to 700,Mar-22
PARC ROSEWOOD,ROSEWOOD DRIVE,25,Non-Landed Properties,1,"2,300",40 to 50,400 to 500,Mar-22
WOODGROVE CONDOMINIUM,WOODGROVE DRIVE,25,Non-Landed Properties,3,"2,450",110 to 120,"1,200 to 1,300",Mar-22
PARC ROSEWOOD,ROSEWOOD DRIVE,25,Non-Landed Properties,1,"1,800",40 to 50,500 to 600,Mar-22
PARC ROSEWOOD,ROSEWOOD DRIVE,25,Non-Landed Properties,1,"1,850",40 to 50,400 to 500,Mar-22
WOODHAVEN,WOODGROVE AVENUE,25,Non-Landed Properties,1,"2,100",50 to 60,600 to 700,Mar-22
WOODHAVEN,WOODGROVE AVENUE,25,Non-Landed Properties,1,"2,550",50 to 60,600 to 700,Mar-22
PARC ROSEWOOD,ROSEWOOD DRIVE,25,Non-Landed Properties,1,"1,900",40 to 50,500 to 600,Mar-22
WOODHAVEN,WOODGROVE AVENUE,25,Non-Landed Properties,NA,"6,500",310 to 320,"3,300 to 3,400",Mar-22
PARC ROSEWOOD,ROSEWOOD DRIVE,25,Non-Landed Properties,1,"1,700",40 to 50,400 to 500,Mar-22
WOODHAVEN,WOODGROVE AVENUE,25,Non-Landed Properties,1,"2,700",50 to 60,500 to 600,Mar-22
THE WOODGROVE,WOODGROVE DRIVE,25,Non-Landed Properties,3,"2,500",90 to 100,"1,000 to 1,100",Mar-22
PARC ROSEWOOD,ROSEWOOD DRIVE,25,Non-Landed Properties,2,"2,000",50 to 60,500 to 600,Mar-22
PARC ROSEWOOD,ROSEWOOD DRIVE,25,Non-Landed Properties,2,"2,510",70 to 80,700 to 800,Mar-22
WOODGROVE CONDOMINIUM,WOODGROVE DRIVE,25,Non-Landed Properties,3,"3,200",140 to 150,"1,500 to 1,600",Mar-22
CASABLANCA,ROSEWOOD DRIVE,25,Non-Landed Properties,2,"2,100",80 to 90,"900 to 1,000",Mar-22
CASABLANCA,ROSEWOOD DRIVE,25,Non-Landed Properties,2,"2,200",80 to 90,"900 to 1,000",Mar-22
PARC ROSEWOOD,ROSEWOOD DRIVE,25,Non-Landed Properties,1,"1,500",40 to 50,400 to 500,Mar-22
CASABLANCA,ROSEWOOD DRIVE,25,Non-Landed Properties,2,"2,500",80 to 90,800 to 900,Mar-22
PARC ROSEWOOD,ROSEWOOD DRIVE,25,Non-Landed Properties,1,"1,900",40 to 50,500 to 600,Mar-22
CASABLANCA,ROSEWOOD DRIVE,25,Non-Landed Properties,3,"2,800",110 to 120,"1,100 to 1,200",Mar-22
ROSEWOOD SUITES,ROSEWOOD DRIVE,25,Non-Landed Properties,4,"5,200",140 to 150,"1,500 to 1,600",Mar-22
PARC ROSEWOOD,ROSEWOOD DRIVE,25,Non-Landed Properties,2,"2,450",50 to 60,600 to 700,Mar-22
ROSEWOOD,ROSEWOOD DRIVE,25,Non-Landed Properties,2,"2,000",90 to 100,"1,000 to 1,100",Mar-22
PARC ROSEWOOD,ROSEWOOD DRIVE,25,Non-Landed Properties,2,"2,500",50 to 60,600 to 700,Mar-22
PARC ROSEWOOD,ROSEWOOD DRIVE,25,Non-Landed Properties,1,"1,600",40 to 50,400 to 500,Mar-22
PARC ROSEWOOD,ROSEWOOD DRIVE,25,Non-Landed Properties,3,"3,000",70 to 80,800 to 900,Mar-22
CASABLANCA,ROSEWOOD DRIVE,25,Non-Landed Properties,3,"2,900",110 to 120,"1,100 to 1,200",Mar-22
PARC ROSEWOOD,ROSEWOOD DRIVE,25,Non-Landed Properties,1,"1,750",40 to 50,400 to 500,Mar-22
CASABLANCA,ROSEWOOD DRIVE,25,Non-Landed Properties,3,"3,000",110 to 120,"1,100 to 1,200",Mar-22
ROSEWOOD,ROSEWOOD DRIVE,25,Non-Landed Properties,4,"3,200",130 to 140,"1,400 to 1,500",Mar-22
PARC ROSEWOOD,ROSEWOOD DRIVE,25,Non-Landed Properties,1,"1,550",40 to 50,400 to 500,Mar-22
PARC ROSEWOOD,ROSEWOOD DRIVE,25,Non-Landed Properties,1,"1,800",40 to 50,500 to 600,Mar-22
PARC ROSEWOOD,ROSEWOOD DRIVE,25,Non-Landed Properties,1,"1,550",40 to 50,400 to 500,Feb-22
CASABLANCA,ROSEWOOD DRIVE,25,Non-Landed Properties,3,"2,800",100 to 110,"1,100 to 1,200",Feb-22
PARC ROSEWOOD,ROSEWOOD DRIVE,25,Non-Landed Properties,1,"2,350",40 to 50,400 to 500,Feb-22
WOODHAVEN,WOODGROVE AVENUE,25,Non-Landed Properties,NA,"6,433",310 to 320,"3,300 to 3,400",Feb-22
PARC ROSEWOOD,ROSEWOOD DRIVE,25,Non-Landed Properties,1,"2,000",40 to 50,500 to 600,Feb-22
WOODHAVEN,WOODGROVE AVENUE,25,Non-Landed Properties,2,"2,300",70 to 80,800 to 900,Feb-22
THE WOODGROVE,WOODGROVE DRIVE,25,Non-Landed Properties,2,"3,300",70 to 80,800 to 900,Feb-22
WOODHAVEN,WOODGROVE AVENUE,25,Non-Landed Properties,2,"2,800",60 to 70,600 to 700,Feb-22
PARC ROSEWOOD,ROSEWOOD DRIVE,25,Non-Landed Properties,2,"2,300",70 to 80,800 to 900,Feb-22
WOODHAVEN,WOODGROVE AVENUE,25,Non-Landed Properties,1,"2,450",50 to 60,600 to 700,Feb-22
PARC ROSEWOOD,ROSEWOOD DRIVE,25,Non-Landed Properties,1,"1,900",40 to 50,400 to 500,Feb-22
WOODHAVEN,WOODGROVE AVENUE,25,Non-Landed Properties,2,"2,500",70 to 80,800 to 900,Feb-22
CASABLANCA,ROSEWOOD DRIVE,25,Non-Landed Properties,3,"3,150",100 to 110,"1,100 to 1,200",Feb-22
PARC ROSEWOOD,ROSEWOOD DRIVE,25,Non-Landed Properties,1,"2,000",40 to 50,400 to 500,Feb-22
WOODHAVEN,WOODGROVE AVENUE,25,Non-Landed Properties,1,"2,250",50 to 60,600 to 700,Feb-22
WOODHAVEN,WOODGROVE AVENUE,25,Non-Landed Properties,1,"2,500",50 to 60,500 to 600,Feb-22
THE WOODGROVE,WOODGROVE DRIVE,25,Non-Landed Properties,3,"1,800",90 to 100,"1,000 to 1,100",Feb-22
WOODHAVEN,WOODGROVE AVENUE,25,Non-Landed Properties,2,"2,700",70 to 80,800 to 900,Feb-22
CASABLANCA,ROSEWOOD DRIVE,25,Non-Landed Properties,2,"2,400",80 to 90,"900 to 1,000",Feb-22
WOODHAVEN,WOODGROVE AVENUE,25,Non-Landed Properties,1,"1,800",50 to 60,500 to 600,Feb-22
PARC ROSEWOOD,ROSEWOOD DRIVE,25,Non-Landed Properties,1,"1,900",40 to 50,500 to 600,Feb-22
PARC ROSEWOOD,ROSEWOOD DRIVE,25,Non-Landed Properties,2,"2,100",50 to 60,500 to 600,Feb-22
PARC ROSEWOOD,ROSEWOOD DRIVE,25,Non-Landed Properties,1,"1,450",40 to 50,400 to 500,Feb-22
CASABLANCA,ROSEWOOD DRIVE,25,Non-Landed Properties,2,"2,200",80 to 90,"900 to 1,000",Feb-22
WOODHAVEN,WOODGROVE AVENUE,25,Non-Landed Properties,1,"2,780",70 to 80,800 to 900,Feb-22
WOODHAVEN,WOODGROVE AVENUE,25,Non-Landed Properties,2,"2,400",60 to 70,700 to 800,Feb-22
PARC ROSEWOOD,ROSEWOOD DRIVE,25,Non-Landed Properties,3,"2,600",90 to 100,"900 to 1,000",Feb-22
PARC ROSEWOOD,ROSEWOOD DRIVE,25,Non-Landed Properties,1,"2,100",40 to 50,400 to 500,Feb-22
PARC ROSEWOOD,ROSEWOOD DRIVE,25,Non-Landed Properties,1,"2,000",40 to 50,500 to 600,Feb-22
ROSEWOOD SUITES,ROSEWOOD DRIVE,25,Non-Landed Properties,3,"1,950",110 to 120,"1,200 to 1,300",Feb-22
CASABLANCA,ROSEWOOD DRIVE,25,Non-Landed Properties,2,"2,350",80 to 90,"900 to 1,000",Feb-22
PARC ROSEWOOD,ROSEWOOD DRIVE,25,Non-Landed Properties,1,"2,100",40 to 50,400 to 500,Feb-22
PARC ROSEWOOD,ROSEWOOD DRIVE,25,Non-Landed Properties,1,"1,600",40 to 50,400 to 500,Feb-22
ROSEWOOD,ROSEWOOD DRIVE,25,Non-Landed Properties,3,"2,800",100 to 110,"1,100 to 1,200",Jan-22
WOODHAVEN,WOODGROVE AVENUE,25,Non-Landed Properties,2,"2,300",70 to 80,800 to 900,Jan-22
WOODHAVEN,WOODGROVE AVENUE,25,Non-Landed Properties,1,"2,400",60 to 70,600 to 700,Jan-22
ROSEWOOD,ROSEWOOD DRIVE,25,Non-Landed Properties,4,"3,500",130 to 140,"1,400 to 1,500",Jan-22
PARC ROSEWOOD,ROSEWOOD DRIVE,25,Non-Landed Properties,1,"1,870",40 to 50,400 to 500,Jan-22
PARC ROSEWOOD,ROSEWOOD DRIVE,25,Non-Landed Properties,1,"2,000",40 to 50,400 to 500,Jan-22
WOODHAVEN,WOODGROVE AVENUE,25,Non-Landed Properties,1,"2,300",50 to 60,600 to 700,Jan-22
CASABLANCA,ROSEWOOD DRIVE,25,Non-Landed Properties,3,"2,700",110 to 120,"1,100 to 1,200",Jan-22
PARC ROSEWOOD,ROSEWOOD DRIVE,25,Non-Landed Properties,1,"1,600",40 to 50,400 to 500,Jan-22
WOODHAVEN,WOODGROVE AVENUE,25,Non-Landed Properties,1,"2,250",50 to 60,600 to 700,Jan-22
WOODHAVEN,WOODGROVE AVENUE,25,Non-Landed Properties,2,"2,000",60 to 70,600 to 700,Jan-22
ROSEWOOD SUITES,ROSEWOOD DRIVE,25,Non-Landed Properties,3,"2,900",100 to 110,"1,000 to 1,100",Jan-22
ROSEWOOD SUITES,ROSEWOOD DRIVE,25,Non-Landed Properties,3,"3,800",130 to 140,"1,300 to 1,400",Jan-22
PARC ROSEWOOD,ROSEWOOD DRIVE,25,Non-Landed Properties,1,"1,850",40 to 50,400 to 500,Jan-22
WOODHAVEN,WOODGROVE AVENUE,25,Non-Landed Properties,1,"2,500",50 to 60,500 to 600,Jan-22
PARC ROSEWOOD,ROSEWOOD DRIVE,25,Non-Landed Properties,1,"1,600",40 to 50,400 to 500,Jan-22
PARC ROSEWOOD,ROSEWOOD DRIVE,25,Non-Landed Properties,1,"2,000",40 to 50,400 to 500,Jan-22
PARC ROSEWOOD,ROSEWOOD DRIVE,25,Non-Landed Properties,1,"1,950",40 to 50,400 to 500,Jan-22
PARC ROSEWOOD,ROSEWOOD DRIVE,25,Non-Landed Properties,1,"1,750",40 to 50,400 to 500,Jan-22
PARC ROSEWOOD,ROSEWOOD DRIVE,25,Non-Landed Properties,1,"1,650",40 to 50,400 to 500,Jan-22
PARC ROSEWOOD,ROSEWOOD DRIVE,25,Non-Landed Properties,1,"1,850",40 to 50,500 to 600,Jan-22
WOODHAVEN,WOODGROVE AVENUE,25,Non-Landed Properties,1,"2,500",50 to 60,600 to 700,Jan-22
WOODHAVEN,WOODGROVE AVENUE,25,Non-Landed Properties,3,"3,880",100 to 110,"1,100 to 1,200",Jan-22
WOODHAVEN,WOODGROVE AVENUE,25,Non-Landed Properties,2,"2,450",70 to 80,800 to 900,Jan-22
PARC ROSEWOOD,ROSEWOOD DRIVE,25,Non-Landed Properties,1,"1,800",40 to 50,500 to 600,Jan-22
ROSEWOOD SUITES,ROSEWOOD DRIVE,25,Non-Landed Properties,2,"2,600",110 to 120,"1,200 to 1,300",Jan-22
THE WOODGROVE,WOODGROVE DRIVE,25,Non-Landed Properties,2,"2,600",70 to 80,800 to 900,Jan-22
WOODHAVEN,WOODGROVE AVENUE,25,Non-Landed Properties,1,"2,200",50 to 60,500 to 600,Jan-22
ROSEWOOD,ROSEWOOD DRIVE,25,Non-Landed Properties,3,"2,500",100 to 110,"1,100 to 1,200",Jan-22
PARC ROSEWOOD,ROSEWOOD DRIVE,25,Non-Landed Properties,2,"1,900",50 to 60,600 to 700,Jan-22
PARC ROSEWOOD,ROSEWOOD DRIVE,25,Non-Landed Properties,1,"1,800",40 to 50,400 to 500,Jan-22
PARC ROSEWOOD,ROSEWOOD DRIVE,25,Non-Landed Properties,1,"2,000",40 to 50,400 to 500,Jan-22
WOODHAVEN,WOODGROVE AVENUE,25,Non-Landed Properties,1,"2,000",60 to 70,600 to 700,Jan-22
PARC ROSEWOOD,ROSEWOOD DRIVE,25,Non-Landed Properties,2,"3,000",70 to 80,700 to 800,Jan-22
WOODHAVEN,WOODGROVE AVENUE,25,Non-Landed Properties,1,"2,500",60 to 70,600 to 700,Jan-22
PARC ROSEWOOD,ROSEWOOD DRIVE,25,Non-Landed Properties,3,"3,000",160 to 170,"1,700 to 1,800",Jan-22
PARC ROSEWOOD,ROSEWOOD DRIVE,25,Non-Landed Properties,1,"1,950",40 to 50,500 to 600,Jan-22
CASABLANCA,ROSEWOOD DRIVE,25,Non-Landed Properties,3,"3,200",110 to 120,"1,100 to 1,200",Jan-22
CASABLANCA,ROSEWOOD DRIVE,25,Non-Landed Properties,3,"3,300",110 to 120,"1,100 to 1,200",Jan-22
WOODHAVEN,WOODGROVE AVENUE,25,Non-Landed Properties,NA,"7,000",310 to 320,"3,300 to 3,400",Jan-22
PARC ROSEWOOD,ROSEWOOD DRIVE,25,Non-Landed Properties,2,"2,100",50 to 60,600 to 700,Jan-22
WOODGROVE CONDOMINIUM,WOODGROVE DRIVE,25,Non-Landed Properties,3,"6,000",140 to 150,"1,500 to 1,600",Jan-22
ROSEWOOD,ROSEWOOD DRIVE,25,Non-Landed Properties,2,"2,600",90 to 100,"1,000 to 1,100",Jan-22
THE WOODGROVE,WOODGROVE DRIVE,25,Non-Landed Properties,2,"2,200",80 to 90,800 to 900,Jan-22
CASABLANCA,ROSEWOOD DRIVE,25,Non-Landed Properties,2,"2,150",80 to 90,"900 to 1,000",Jan-22
CASABLANCA,ROSEWOOD DRIVE,25,Non-Landed Properties,2,"2,400",80 to 90,"900 to 1,000",Jan-22
WOODHAVEN,WOODGROVE AVENUE,25,Non-Landed Properties,2,"2,650",90 to 100,"1,000 to 1,100",Jan-22
PARC ROSEWOOD,ROSEWOOD DRIVE,25,Non-Landed Properties,2,"1,950",50 to 60,500 to 600,Jan-22
CASABLANCA,ROSEWOOD DRIVE,25,Non-Landed Properties,3,"2,500",110 to 120,"1,100 to 1,200",Jan-22
CASABLANCA,ROSEWOOD DRIVE,25,Non-Landed Properties,3,"2,900",100 to 110,"1,100 to 1,200",Jan-22
CASABLANCA,ROSEWOOD DRIVE,25,Non-Landed Properties,3,"3,500",110 to 120,"1,100 to 1,200",Jan-22
WOODHAVEN,WOODGROVE AVENUE,25,Non-Landed Properties,1,"2,100",50 to 60,600 to 700,Jan-22
PARC ROSEWOOD,ROSEWOOD DRIVE,25,Non-Landed Properties,1,"1,700",40 to 50,400 to 500,Dec-21
PARC ROSEWOOD,ROSEWOOD DRIVE,25,Non-Landed Properties,3,"2,500",70 to 80,800 to 900,Dec-21
PARC ROSEWOOD,ROSEWOOD DRIVE,25,Non-Landed Properties,1,"1,550",40 to 50,500 to 600,Dec-21
ROSEWOOD,ROSEWOOD DRIVE,25,Non-Landed Properties,3,"2,750",100 to 110,"1,100 to 1,200",Dec-21
ROSEWOOD,ROSEWOOD DRIVE,25,Non-Landed Properties,3,"2,900",110 to 120,"1,100 to 1,200",Dec-21
CASABLANCA,ROSEWOOD DRIVE,25,Non-Landed Properties,2,"2,200",80 to 90,"900 to 1,000",Dec-21
PARC ROSEWOOD,ROSEWOOD DRIVE,25,Non-Landed Properties,1,"2,200",40 to 50,400 to 500,Dec-21
WOODHAVEN,WOODGROVE AVENUE,25,Non-Landed Properties,2,"2,900",60 to 70,700 to 800,Dec-21
ROSEWOOD,ROSEWOOD DRIVE,25,Non-Landed Properties,3,"3,400",110 to 120,"1,100 to 1,200",Dec-21
PARC ROSEWOOD,ROSEWOOD DRIVE,25,Non-Landed Properties,2,"2,000",50 to 60,600 to 700,Dec-21
CASABLANCA,ROSEWOOD DRIVE,25,Non-Landed Properties,3,"3,300",110 to 120,"1,100 to 1,200",Dec-21
WOODHAVEN,WOODGROVE AVENUE,25,Non-Landed Properties,2,"2,450",70 to 80,800 to 900,Dec-21
PARC ROSEWOOD,ROSEWOOD DRIVE,25,Non-Landed Properties,1,"2,100",40 to 50,400 to 500,Dec-21
PARC ROSEWOOD,ROSEWOOD DRIVE,25,Non-Landed Properties,1,"1,900",40 to 50,400 to 500,Dec-21
WOODHAVEN,WOODGROVE AVENUE,25,Non-Landed Properties,2,"2,800",90 to 100,"1,000 to 1,100",Dec-21
PARC ROSEWOOD,ROSEWOOD DRIVE,25,Non-Landed Properties,1,"2,150",40 to 50,500 to 600,Dec-21
WOODHAVEN,WOODGROVE AVENUE,25,Non-Landed Properties,NA,"9,000",310 to 320,"3,300 to 3,400",Dec-21
PARC ROSEWOOD,ROSEWOOD DRIVE,25,Non-Landed Properties,1,"1,850",40 to 50,400 to 500,Dec-21
PARC ROSEWOOD,ROSEWOOD DRIVE,25,Non-Landed Properties,1,"2,450",40 to 50,400 to 500,Dec-21
ROSEWOOD,ROSEWOOD DRIVE,25,Non-Landed Properties,2,"2,500",90 to 100,"1,000 to 1,100",Dec-21
CASABLANCA,ROSEWOOD DRIVE,25,Non-Landed Properties,3,"2,800",100 to 110,"1,100 to 1,200",Dec-21
ROSEWOOD,ROSEWOOD DRIVE,25,Non-Landed Properties,2,"2,500",90 to 100,"1,000 to 1,100",Dec-21
WOODHAVEN,WOODGROVE AVENUE,25,Non-Landed Properties,1,"2,200",50 to 60,600 to 700,Dec-21
WOODHAVEN,WOODGROVE AVENUE,25,Non-Landed Properties,2,"2,500",70 to 80,800 to 900,Dec-21
WOODHAVEN,WOODGROVE AVENUE,25,Non-Landed Properties,NA,"6,527",310 to 320,"3,300 to 3,400",Dec-21
WOODHAVEN,WOODGROVE AVENUE,25,Non-Landed Properties,1,"2,200",50 to 60,600 to 700,Dec-21
PARC ROSEWOOD,ROSEWOOD DRIVE,25,Non-Landed Properties,1,"1,800",40 to 50,400 to 500,Dec-21
PARC ROSEWOOD,ROSEWOOD DRIVE,25,Non-Landed Properties,1,"1,900",40 to 50,400 to 500,Dec-21
ROSEWOOD,ROSEWOOD DRIVE,25,Non-Landed Properties,3,"2,450",100 to 110,"1,100 to 1,200",Dec-21
ROSEWOOD,ROSEWOOD DRIVE,25,Non-Landed Properties,3,"2,900",100 to 110,"1,100 to 1,200",Dec-21
PARC ROSEWOOD,ROSEWOOD DRIVE,25,Non-Landed Properties,1,"2,000",40 to 50,400 to 500,Dec-21
ROSEWOOD,ROSEWOOD DRIVE,25,Non-Landed Properties,3,"2,580",110 to 120,"1,100 to 1,200",Dec-21
PARC ROSEWOOD,ROSEWOOD DRIVE,25,Non-Landed Properties,1,"1,850",40 to 50,500 to 600,Dec-21
ROSEWOOD SUITES,ROSEWOOD DRIVE,25,Non-Landed Properties,3,"3,450",110 to 120,"1,200 to 1,300",Dec-21
CASABLANCA,ROSEWOOD DRIVE,25,Non-Landed Properties,3,"2,800",100 to 110,"1,100 to 1,200",Dec-21
WOODHAVEN,WOODGROVE AVENUE,25,Non-Landed Properties,2,"3,000",70 to 80,800 to 900,Dec-21
CASABLANCA,ROSEWOOD DRIVE,25,Non-Landed Properties,3,"2,600",100 to 110,"1,100 to 1,200",Dec-21
PARC ROSEWOOD,ROSEWOOD DRIVE,25,Non-Landed Properties,1,"1,600",40 to 50,400 to 500,Dec-21
PARC ROSEWOOD,ROSEWOOD DRIVE,25,Non-Landed Properties,2,"2,500",50 to 60,600 to 700,Dec-21
WOODGROVE CONDOMINIUM,WOODGROVE DRIVE,25,Non-Landed Properties,3,"9,000",140 to 150,"1,500 to 1,600",Dec-21
WOODHAVEN,WOODGROVE AVENUE,25,Non-Landed Properties,NA,"7,414",310 to 320,"3,300 to 3,400",Dec-21
CASABLANCA,ROSEWOOD DRIVE,25,Non-Landed Properties,2,"1,400",80 to 90,"900 to 1,000",Dec-21
CASABLANCA,ROSEWOOD DRIVE,25,Non-Landed Properties,2,"2,000",80 to 90,"900 to 1,000",Dec-21
WOODHAVEN,WOODGROVE AVENUE,25,Non-Landed Properties,1,"1,900",50 to 60,600 to 700,Dec-21
PARC ROSEWOOD,ROSEWOOD DRIVE,25,Non-Landed Properties,1,"1,900",40 to 50,400 to 500,Dec-21
PARC ROSEWOOD,ROSEWOOD DRIVE,25,Non-Landed Properties,1,"1,600",40 to 50,400 to 500,Dec-21
WOODHAVEN,WOODGROVE AVENUE,25,Non-Landed Properties,3,"3,400",100 to 110,"1,100 to 1,200",Dec-21
ROSEWOOD SUITES,ROSEWOOD DRIVE,25,Non-Landed Properties,4,"4,300",170 to 180,"1,800 to 1,900",Dec-21
WOODHAVEN,WOODGROVE AVENUE,25,Non-Landed Properties,1,"2,200",50 to 60,500 to 600,Dec-21
CASABLANCA,ROSEWOOD DRIVE,25,Non-Landed Properties,3,"3,050",100 to 110,"1,100 to 1,200",Dec-21
WOODHAVEN,WOODGROVE AVENUE,25,Non-Landed Properties,1,"2,000",50 to 60,500 to 600,Nov-21
PARC ROSEWOOD,ROSEWOOD DRIVE,25,Non-Landed Properties,2,"2,600",50 to 60,600 to 700,Nov-21
WOODHAVEN,WOODGROVE AVENUE,25,Non-Landed Properties,1,"2,250",50 to 60,600 to 700,Nov-21
WOODHAVEN,WOODGROVE AVENUE,25,Non-Landed Properties,1,"2,800",60 to 70,600 to 700,Nov-21
CASABLANCA,ROSEWOOD DRIVE,25,Non-Landed Properties,3,"2,700",100 to 110,"1,100 to 1,200",Nov-21
WOODHAVEN,WOODGROVE AVENUE,25,Non-Landed Properties,NA,"7,274",310 to 320,"3,300 to 3,400",Nov-21
PARC ROSEWOOD,ROSEWOOD DRIVE,25,Non-Landed Properties,1,"1,700",40 to 50,400 to 500,Nov-21
PARC ROSEWOOD,ROSEWOOD DRIVE,25,Non-Landed Properties,1,"1,900",40 to 50,400 to 500,Nov-21
CASABLANCA,ROSEWOOD DRIVE,25,Non-Landed Properties,3,"2,800",100 to 110,"1,100 to 1,200",Nov-21
WOODHAVEN,WOODGROVE AVENUE,25,Non-Landed Properties,1,"2,300",60 to 70,600 to 700,Nov-21
WOODHAVEN,WOODGROVE AVENUE,25,Non-Landed Properties,NA,"6,340",310 to 320,"3,300 to 3,400",Nov-21
PARC ROSEWOOD,ROSEWOOD DRIVE,25,Non-Landed Properties,1,"1,900",40 to 50,400 to 500,Nov-21
PARC ROSEWOOD,ROSEWOOD DRIVE,25,Non-Landed Properties,1,"1,900",40 to 50,400 to 500,Nov-21
WOODHAVEN,WOODGROVE AVENUE,25,Non-Landed Properties,1,"2,700",50 to 60,600 to 700,Nov-21
WOODHAVEN,WOODGROVE AVENUE,25,Non-Landed Properties,1,"2,400",70 to 80,800 to 900,Nov-21
PARC ROSEWOOD,ROSEWOOD DRIVE,25,Non-Landed Properties,1,"1,550",40 to 50,400 to 500,Nov-21
WOODHAVEN,WOODGROVE AVENUE,25,Non-Landed Properties,2,"2,400",70 to 80,800 to 900,Nov-21
PARC ROSEWOOD,ROSEWOOD DRIVE,25,Non-Landed Properties,1,"1,500",40 to 50,500 to 600,Nov-21
CASABLANCA,ROSEWOOD DRIVE,25,Non-Landed Properties,2,"2,200",80 to 90,"900 to 1,000",Nov-21
PARC ROSEWOOD,ROSEWOOD DRIVE,25,Non-Landed Properties,1,"1,950",40 to 50,400 to 500,Nov-21
ROSEWOOD,ROSEWOOD DRIVE,25,Non-Landed Properties,3,"2,800",100 to 110,"1,100 to 1,200",Nov-21
WOODHAVEN,WOODGROVE AVENUE,25,Non-Landed Properties,2,"2,600",70 to 80,800 to 900,Nov-21
PARC ROSEWOOD,ROSEWOOD DRIVE,25,Non-Landed Properties,2,"2,850",50 to 60,500 to 600,Nov-21
WOODHAVEN,WOODGROVE AVENUE,25,Non-Landed Properties,1,"1,850",50 to 60,500 to 600,Nov-21
PARC ROSEWOOD,ROSEWOOD DRIVE,25,Non-Landed Properties,2,"1,900",50 to 60,500 to 600,Nov-21
ROSEWOOD,ROSEWOOD DRIVE,25,Non-Landed Properties,2,"2,500",90 to 100,"1,000 to 1,100",Nov-21
WOODHAVEN,WOODGROVE AVENUE,25,Non-Landed Properties,NA,"6,807",310 to 320,"3,300 to 3,400",Nov-21
ROSEWOOD,ROSEWOOD DRIVE,25,Non-Landed Properties,3,"3,200",100 to 110,"1,100 to 1,200",Nov-21
PARC ROSEWOOD,ROSEWOOD DRIVE,25,Non-Landed Properties,1,"1,600",40 to 50,400 to 500,Nov-21
ROSEWOOD SUITES,ROSEWOOD DRIVE,25,Non-Landed Properties,2,"2,600",90 to 100,"1,000 to 1,100",Nov-21
PARC ROSEWOOD,ROSEWOOD DRIVE,25,Non-Landed Properties,2,"1,900",50 to 60,600 to 700,Nov-21
PARC ROSEWOOD,ROSEWOOD DRIVE,25,Non-Landed Properties,1,"2,450",40 to 50,500 to 600,Nov-21
PARC ROSEWOOD,ROSEWOOD DRIVE,25,Non-Landed Properties,1,"1,750",40 to 50,500 to 600,Nov-21
THE WOODGROVE,WOODGROVE DRIVE,25,Non-Landed Properties,2,"2,600",80 to 90,800 to 900,Nov-21
CASABLANCA,ROSEWOOD DRIVE,25,Non-Landed Properties,3,"3,000",100 to 110,"1,100 to 1,200",Nov-21
PARC ROSEWOOD,ROSEWOOD DRIVE,25,Non-Landed Properties,1,"1,950",40 to 50,400 to 500,Nov-21
CASABLANCA,ROSEWOOD DRIVE,25,Non-Landed Properties,2,"2,200",80 to 90,"900 to 1,000",Nov-21
WOODHAVEN,WOODGROVE AVENUE,25,Non-Landed Properties,1,"1,600",50 to 60,600 to 700,Nov-21
PARC ROSEWOOD,ROSEWOOD DRIVE,25,Non-Landed Properties,2,"2,000",50 to 60,600 to 700,Nov-21
WOODGROVE CONDOMINIUM,WOODGROVE DRIVE,25,Non-Landed Properties,3,"3,900",140 to 150,"1,600 to 1,700",Oct-21
WOODHAVEN,WOODGROVE AVENUE,25,Non-Landed Properties,1,"2,200",50 to 60,600 to 700,Oct-21
ROSEWOOD,ROSEWOOD DRIVE,25,Non-Landed Properties,2,"2,150",90 to 100,"1,000 to 1,100",Oct-21
THE WOODGROVE,WOODGROVE DRIVE,25,Non-Landed Properties,2,"3,500",80 to 90,800 to 900,Oct-21
WOODHAVEN,WOODGROVE AVENUE,25,Non-Landed Properties,NA,"7,300",310 to 320,"3,300 to 3,400",Oct-21
PARC ROSEWOOD,ROSEWOOD DRIVE,25,Non-Landed Properties,2,"2,600",50 to 60,600 to 700,Oct-21
PARC ROSEWOOD,ROSEWOOD DRIVE,25,Non-Landed Properties,1,"1,500",40 to 50,400 to 500,Oct-21
CASABLANCA,ROSEWOOD DRIVE,25,Non-Landed Properties,3,"2,800",100 to 110,"1,100 to 1,200",Oct-21
CASABLANCA,ROSEWOOD DRIVE,25,Non-Landed Properties,3,"2,800",100 to 110,"1,100 to 1,200",Oct-21
CASABLANCA,ROSEWOOD DRIVE,25,Non-Landed Properties,3,"3,900",100 to 110,"1,100 to 1,200",Oct-21
PARC ROSEWOOD,ROSEWOOD DRIVE,25,Non-Landed Properties,3,"2,500",70 to 80,800 to 900,Oct-21
PARC ROSEWOOD,ROSEWOOD DRIVE,25,Non-Landed Properties,1,"1,650",40 to 50,400 to 500,Oct-21
CASABLANCA,ROSEWOOD DRIVE,25,Non-Landed Properties,2,"2,150",80 to 90,"900 to 1,000",Oct-21
WOODHAVEN,WOODGROVE AVENUE,25,Non-Landed Properties,3,"3,500",100 to 110,"1,100 to 1,200",Oct-21
ROSEWOOD,ROSEWOOD DRIVE,25,Non-Landed Properties,2,"2,250",90 to 100,"1,000 to 1,100",Oct-21
WOODHAVEN,WOODGROVE AVENUE,25,Non-Landed Properties,1,"2,200",60 to 70,600 to 700,Oct-21
CASABLANCA,ROSEWOOD DRIVE,25,Non-Landed Properties,2,"2,400",80 to 90,"900 to 1,000",Oct-21
CASABLANCA,ROSEWOOD DRIVE,25,Non-Landed Properties,3,"3,200",110 to 120,"1,100 to 1,200",Oct-21
PARC ROSEWOOD,ROSEWOOD DRIVE,25,Non-Landed Properties,1,"1,900",40 to 50,400 to 500,Oct-21
CASABLANCA,ROSEWOOD DRIVE,25,Non-Landed Properties,2,"2,400",80 to 90,800 to 900,Oct-21
CASABLANCA,ROSEWOOD DRIVE,25,Non-Landed Properties,2,"2,400",80 to 90,"900 to 1,000",Oct-21
PARC ROSEWOOD,ROSEWOOD DRIVE,25,Non-Landed Properties,2,"2,500",70 to 80,700 to 800,Oct-21
THE WOODGROVE,WOODGROVE DRIVE,25,Non-Landed Properties,3,"2,300",90 to 100,"1,000 to 1,100",Oct-21
ROSEWOOD,ROSEWOOD DRIVE,25,Non-Landed Properties,4,"3,250",130 to 140,"1,400 to 1,500",Oct-21
PARC ROSEWOOD,ROSEWOOD DRIVE,25,Non-Landed Properties,1,"2,000",40 to 50,500 to 600,Oct-21
PARC ROSEWOOD,ROSEWOOD DRIVE,25,Non-Landed Properties,2,"2,600",50 to 60,500 to 600,Oct-21
WOODHAVEN,WOODGROVE AVENUE,25,Non-Landed Properties,3,"3,350",100 to 110,"1,100 to 1,200",Oct-21
ROSEWOOD SUITES,ROSEWOOD DRIVE,25,Non-Landed Properties,4,"5,300",250 to 260,"2,700 to 2,800",Oct-21
PARC ROSEWOOD,ROSEWOOD DRIVE,25,Non-Landed Properties,1,"1,550",40 to 50,400 to 500,Oct-21
PARC ROSEWOOD,ROSEWOOD DRIVE,25,Non-Landed Properties,1,"1,550",40 to 50,400 to 500,Oct-21
WOODHAVEN,WOODGROVE AVENUE,25,Non-Landed Properties,1,"1,950",50 to 60,500 to 600,Oct-21
PARC ROSEWOOD,ROSEWOOD DRIVE,25,Non-Landed Properties,1,"1,900",40 to 50,400 to 500,Oct-21
ROSEWOOD SUITES,ROSEWOOD DRIVE,25,Non-Landed Properties,3,"2,500",110 to 120,"1,200 to 1,300",Oct-21
CASABLANCA,ROSEWOOD DRIVE,25,Non-Landed Properties,2,"2,700",80 to 90,"900 to 1,000",Oct-21
PARC ROSEWOOD,ROSEWOOD DRIVE,25,Non-Landed Properties,1,"1,425",50 to 60,500 to 600,Oct-21
THE WOODGROVE,WOODGROVE DRIVE,25,Non-Landed Properties,2,"2,000",80 to 90,800 to 900,Oct-21
WOODHAVEN,WOODGROVE AVENUE,25,Non-Landed Properties,2,"2,400",60 to 70,600 to 700,Oct-21
PARC ROSEWOOD,ROSEWOOD DRIVE,25,Non-Landed Properties,3,"2,300",70 to 80,800 to 900,Oct-21
WOODHAVEN,WOODGROVE AVENUE,25,Non-Landed Properties,1,"1,700",50 to 60,500 to 600,Oct-21
PARC ROSEWOOD,ROSEWOOD DRIVE,25,Non-Landed Properties,2,"2,400",50 to 60,600 to 700,Oct-21
PARC ROSEWOOD,ROSEWOOD DRIVE,25,Non-Landed Properties,1,"1,800",40 to 50,400 to 500,Oct-21
CASABLANCA,ROSEWOOD DRIVE,25,Non-Landed Properties,3,"2,800",100 to 110,"1,100 to 1,200",Oct-21
CASABLANCA,ROSEWOOD DRIVE,25,Non-Landed Properties,2,"2,400",80 to 90,800 to 900,Oct-21
CASABLANCA,ROSEWOOD DRIVE,25,Non-Landed Properties,3,"2,800",110 to 120,"1,100 to 1,200",Oct-21
CASABLANCA,ROSEWOOD DRIVE,25,Non-Landed Properties,2,"2,600",80 to 90,"900 to 1,000",Oct-21
PARC ROSEWOOD,ROSEWOOD DRIVE,25,Non-Landed Properties,3,"2,200",70 to 80,800 to 900,Sep-21
PARC ROSEWOOD,ROSEWOOD DRIVE,25,Non-Landed Properties,1,"1,900",40 to 50,500 to 600,Sep-21
PARC ROSEWOOD,ROSEWOOD DRIVE,25,Non-Landed Properties,1,"1,900",40 to 50,400 to 500,Sep-21
PARC ROSEWOOD,ROSEWOOD DRIVE,25,Non-Landed Properties,1,"1,500",40 to 50,400 to 500,Sep-21
WOODHAVEN,WOODGROVE AVENUE,25,Non-Landed Properties,1,"2,300",60 to 70,600 to 700,Sep-21
WOODHAVEN,WOODGROVE AVENUE,25,Non-Landed Properties,3,"3,602",100 to 110,"1,100 to 1,200",Sep-21
WOODHAVEN,WOODGROVE AVENUE,25,Non-Landed Properties,2,"2,450",70 to 80,800 to 900,Sep-21
PARC ROSEWOOD,ROSEWOOD DRIVE,25,Non-Landed Properties,1,"1,850",40 to 50,400 to 500,Sep-21
PARC ROSEWOOD,ROSEWOOD DRIVE,25,Non-Landed Properties,1,"1,500",40 to 50,400 to 500,Sep-21
ROSEWOOD,ROSEWOOD DRIVE,25,Non-Landed Properties,3,"2,750",100 to 110,"1,100 to 1,200",Sep-21
CASABLANCA,ROSEWOOD DRIVE,25,Non-Landed Properties,3,"2,500",100 to 110,"1,100 to 1,200",Sep-21
PARC ROSEWOOD,ROSEWOOD DRIVE,25,Non-Landed Properties,1,"1,900",40 to 50,400 to 500,Sep-21
PARC ROSEWOOD,ROSEWOOD DRIVE,25,Non-Landed Properties,1,"2,200",40 to 50,500 to 600,Sep-21
PARC ROSEWOOD,ROSEWOOD DRIVE,25,Non-Landed Properties,1,"1,650",40 to 50,400 to 500,Sep-21
PARC ROSEWOOD,ROSEWOOD DRIVE,25,Non-Landed Properties,1,"1,500",40 to 50,400 to 500,Sep-21
PARC ROSEWOOD,ROSEWOOD DRIVE,25,Non-Landed Properties,2,"2,350",50 to 60,600 to 700,Sep-21
PARC ROSEWOOD,ROSEWOOD DRIVE,25,Non-Landed Properties,1,"1,850",40 to 50,400 to 500,Sep-21
CASABLANCA,ROSEWOOD DRIVE,25,Non-Landed Properties,2,"2,500",80 to 90,"900 to 1,000",Sep-21
ROSEWOOD SUITES,ROSEWOOD DRIVE,25,Non-Landed Properties,3,"2,700",120 to 130,"1,300 to 1,400",Sep-21
PARC ROSEWOOD,ROSEWOOD DRIVE,25,Non-Landed Properties,2,"1,700",50 to 60,500 to 600,Sep-21
WOODHAVEN,WOODGROVE AVENUE,25,Non-Landed Properties,3,"4,022",100 to 110,"1,100 to 1,200",Sep-21
ROSEWOOD,ROSEWOOD DRIVE,25,Non-Landed Properties,4,"4,800",200 to 210,"2,100 to 2,200",Sep-21
WOODHAVEN,WOODGROVE AVENUE,25,Non-Landed Properties,1,"1,950",50 to 60,600 to 700,Sep-21
WOODHAVEN,WOODGROVE AVENUE,25,Non-Landed Properties,NA,"6,807",310 to 320,"3,300 to 3,400",Sep-21
PARC ROSEWOOD,ROSEWOOD DRIVE,25,Non-Landed Properties,1,"1,900",40 to 50,500 to 600,Sep-21
WOODGROVE CONDOMINIUM,WOODGROVE DRIVE,25,Non-Landed Properties,3,"2,900",110 to 120,"1,200 to 1,300",Sep-21
WOODHAVEN,WOODGROVE AVENUE,25,Non-Landed Properties,1,"2,300",60 to 70,600 to 700,Sep-21
WOODHAVEN,WOODGROVE AVENUE,25,Non-Landed Properties,2,"2,350",70 to 80,800 to 900,Sep-21
THE WOODGROVE,WOODGROVE DRIVE,25,Non-Landed Properties,2,"2,000",80 to 90,800 to 900,Sep-21
WOODGROVE CONDOMINIUM,WOODGROVE DRIVE,25,Non-Landed Properties,3,"6,000",230 to 240,"2,400 to 2,500",Sep-21
PARC ROSEWOOD,ROSEWOOD DRIVE,25,Non-Landed Properties,2,"2,200",70 to 80,700 to 800,Sep-21
WOODHAVEN,WOODGROVE AVENUE,25,Non-Landed Properties,2,"2,100",70 to 80,800 to 900,Sep-21
CASABLANCA,ROSEWOOD DRIVE,25,Non-Landed Properties,2,"2,400",80 to 90,"900 to 1,000",Aug-21
WOODHAVEN,WOODGROVE AVENUE,25,Non-Landed Properties,1,"2,000",50 to 60,500 to 600,Aug-21
PARC ROSEWOOD,ROSEWOOD DRIVE,25,Non-Landed Properties,2,"2,350",50 to 60,600 to 700,Aug-21
CASABLANCA,ROSEWOOD DRIVE,25,Non-Landed Properties,3,"2,800",100 to 110,"1,100 to 1,200",Aug-21
PARC ROSEWOOD,ROSEWOOD DRIVE,25,Non-Landed Properties,3,"2,200",70 to 80,800 to 900,Aug-21
CASABLANCA,ROSEWOOD DRIVE,25,Non-Landed Properties,3,"3,000",100 to 110,"1,100 to 1,200",Aug-21
CASABLANCA,ROSEWOOD DRIVE,25,Non-Landed Properties,3,"2,550",100 to 110,"1,100 to 1,200",Aug-21
WOODHAVEN,WOODGROVE AVENUE,25,Non-Landed Properties,3,"3,600",100 to 110,"1,100 to 1,200",Aug-21
PARC ROSEWOOD,ROSEWOOD DRIVE,25,Non-Landed Properties,1,"2,100",40 to 50,400 to 500,Aug-21
PARC ROSEWOOD,ROSEWOOD DRIVE,25,Non-Landed Properties,2,"2,100",50 to 60,500 to 600,Aug-21
ROSEWOOD SUITES,ROSEWOOD DRIVE,25,Non-Landed Properties,2,"3,200",110 to 120,"1,200 to 1,300",Aug-21
WOODHAVEN,WOODGROVE AVENUE,25,Non-Landed Properties,3,"3,300",100 to 110,"1,100 to 1,200",Aug-21
PARC ROSEWOOD,ROSEWOOD DRIVE,25,Non-Landed Properties,1,"1,900",40 to 50,400 to 500,Aug-21
THE WOODGROVE,WOODGROVE DRIVE,25,Non-Landed Properties,2,"3,300",70 to 80,800 to 900,Aug-21
PARC ROSEWOOD,ROSEWOOD DRIVE,25,Non-Landed Properties,1,"1,900",40 to 50,400 to 500,Aug-21
PARC ROSEWOOD,ROSEWOOD DRIVE,25,Non-Landed Properties,1,"2,100",40 to 50,400 to 500,Aug-21
WOODHAVEN,WOODGROVE AVENUE,25,Non-Landed Properties,3,"3,415",100 to 110,"1,100 to 1,200",Aug-21
WOODHAVEN,WOODGROVE AVENUE,25,Non-Landed Properties,NA,"7,414",310 to 320,"3,300 to 3,400",Aug-21
PARC ROSEWOOD,ROSEWOOD DRIVE,25,Non-Landed Properties,2,"2,300",50 to 60,600 to 700,Aug-21
PARC ROSEWOOD,ROSEWOOD DRIVE,25,Non-Landed Properties,1,"1,600",40 to 50,400 to 500,Aug-21
PARC ROSEWOOD,ROSEWOOD DRIVE,25,Non-Landed Properties,1,"1,900",40 to 50,400 to 500,Aug-21
WOODHAVEN,WOODGROVE AVENUE,25,Non-Landed Properties,3,"4,000",100 to 110,"1,100 to 1,200",Aug-21
WOODGROVE CONDOMINIUM,WOODGROVE DRIVE,25,Non-Landed Properties,3,"2,300",110 to 120,"1,200 to 1,300",Aug-21
PARC ROSEWOOD,ROSEWOOD DRIVE,25,Non-Landed Properties,2,"2,350",50 to 60,600 to 700,Aug-21
PARC ROSEWOOD,ROSEWOOD DRIVE,25,Non-Landed Properties,1,"2,000",50 to 60,500 to 600,Aug-21
PARC ROSEWOOD,ROSEWOOD DRIVE,25,Non-Landed Properties,1,"1,950",40 to 50,500 to 600,Aug-21
ROSEWOOD SUITES,ROSEWOOD DRIVE,25,Non-Landed Properties,3,"3,000",110 to 120,"1,200 to 1,300",Aug-21
WOODGROVE CONDOMINIUM,WOODGROVE DRIVE,25,Non-Landed Properties,3,"4,000",150 to 160,"1,600 to 1,700",Aug-21
WOODHAVEN,WOODGROVE AVENUE,25,Non-Landed Properties,2,"2,300",60 to 70,600 to 700,Aug-21
WOODHAVEN,WOODGROVE AVENUE,25,Non-Landed Properties,3,"3,649",100 to 110,"1,100 to 1,200",Aug-21
WOODHAVEN,WOODGROVE AVENUE,25,Non-Landed Properties,1,"2,200",50 to 60,500 to 600,Aug-21
WOODHAVEN,WOODGROVE AVENUE,25,Non-Landed Properties,3,"4,163",100 to 110,"1,100 to 1,200",Aug-21
WOODHAVEN,WOODGROVE AVENUE,25,Non-Landed Properties,NA,"6,527",310 to 320,"3,300 to 3,400",Aug-21
WOODHAVEN,WOODGROVE AVENUE,25,Non-Landed Properties,NA,"6,527",310 to 320,"3,300 to 3,400",Aug-21
WOODHAVEN,WOODGROVE AVENUE,25,Non-Landed Properties,2,"2,900",70 to 80,800 to 900,Aug-21
WOODGROVE CONDOMINIUM,WOODGROVE DRIVE,25,Non-Landed Properties,3,"5,500",180 to 190,"2,000 to 2,100",Aug-21
WOODHAVEN,WOODGROVE AVENUE,25,Non-Landed Properties,1,"1,900",50 to 60,600 to 700,Aug-21
WOODGROVE CONDOMINIUM,WOODGROVE DRIVE,25,Non-Landed Properties,3,"5,900",190 to 200,"2,000 to 2,100",Aug-21
PARC ROSEWOOD,ROSEWOOD DRIVE,25,Non-Landed Properties,1,"2,000",40 to 50,400 to 500,Aug-21
CASABLANCA,ROSEWOOD DRIVE,25,Non-Landed Properties,2,"2,200",80 to 90,"900 to 1,000",Aug-21
CASABLANCA,ROSEWOOD DRIVE,25,Non-Landed Properties,2,"2,400",80 to 90,800 to 900,Aug-21
WOODHAVEN,WOODGROVE AVENUE,25,Non-Landed Properties,2,"1,900",60 to 70,600 to 700,Aug-21
PARC ROSEWOOD,ROSEWOOD DRIVE,25,Non-Landed Properties,2,"2,000",50 to 60,500 to 600,Aug-21
PARC ROSEWOOD,ROSEWOOD DRIVE,25,Non-Landed Properties,1,"1,700",40 to 50,400 to 500,Aug-21
WOODGROVE CONDOMINIUM,WOODGROVE DRIVE,25,Non-Landed Properties,3,"3,500",150 to 160,"1,600 to 1,700",Aug-21
WOODGROVE CONDOMINIUM,WOODGROVE DRIVE,25,Non-Landed Properties,3,"3,100",110 to 120,"1,100 to 1,200",Aug-21
PARC ROSEWOOD,ROSEWOOD DRIVE,25,Non-Landed Properties,1,"1,700",40 to 50,500 to 600,Aug-21
ROSEWOOD,ROSEWOOD DRIVE,25,Non-Landed Properties,4,"4,000",200 to 210,"2,100 to 2,200",Aug-21
PARC ROSEWOOD,ROSEWOOD DRIVE,25,Non-Landed Properties,2,"2,000",50 to 60,600 to 700,Aug-21
ROSEWOOD SUITES,ROSEWOOD DRIVE,25,Non-Landed Properties,2,"2,800",110 to 120,"1,100 to 1,200",Aug-21
WOODHAVEN,WOODGROVE AVENUE,25,Non-Landed Properties,2,"2,500",60 to 70,700 to 800,Aug-21
PARC ROSEWOOD,ROSEWOOD DRIVE,25,Non-Landed Properties,2,"2,400",50 to 60,500 to 600,Aug-21
WOODHAVEN,WOODGROVE AVENUE,25,Non-Landed Properties,1,"2,100",60 to 70,600 to 700,Aug-21
PARC ROSEWOOD,ROSEWOOD DRIVE,25,Non-Landed Properties,2,"1,800",50 to 60,600 to 700,Aug-21
PARC ROSEWOOD,ROSEWOOD DRIVE,25,Non-Landed Properties,1,"1,800",40 to 50,400 to 500,Aug-21
WOODHAVEN,WOODGROVE AVENUE,25,Non-Landed Properties,1,"1,950",60 to 70,600 to 700,Aug-21
ROSEWOOD,ROSEWOOD DRIVE,25,Non-Landed Properties,3,"3,100",150 to 160,"1,600 to 1,700",Aug-21
WOODHAVEN,WOODGROVE AVENUE,25,Non-Landed Properties,3,"3,508",100 to 110,"1,100 to 1,200",Aug-21
WOODHAVEN,WOODGROVE AVENUE,25,Non-Landed Properties,3,"3,789",100 to 110,"1,100 to 1,200",Jul-21
PARC ROSEWOOD,ROSEWOOD DRIVE,25,Non-Landed Properties,1,"1,900",40 to 50,400 to 500,Jul-21
WOODHAVEN,WOODGROVE AVENUE,25,Non-Landed Properties,1,"2,400",60 to 70,600 to 700,Jul-21
WOODHAVEN,WOODGROVE AVENUE,25,Non-Landed Properties,1,"2,100",50 to 60,600 to 700,Jul-21
CASABLANCA,ROSEWOOD DRIVE,25,Non-Landed Properties,3,"2,800",110 to 120,"1,100 to 1,200",Jul-21
WOODHAVEN,WOODGROVE AVENUE,25,Non-Landed Properties,2,"2,300",70 to 80,800 to 900,Jul-21
WOODHAVEN,WOODGROVE AVENUE,25,Non-Landed Properties,3,"3,602",100 to 110,"1,100 to 1,200",Jul-21
WOODGROVE CONDOMINIUM,WOODGROVE DRIVE,25,Non-Landed Properties,3,"2,100",110 to 120,"1,100 to 1,200",Jul-21
ROSEWOOD,ROSEWOOD DRIVE,25,Non-Landed Properties,4,"3,500",130 to 140,"1,400 to 1,500",Jul-21
WOODGROVE CONDOMINIUM,WOODGROVE DRIVE,25,Non-Landed Properties,3,"2,300",110 to 120,"1,100 to 1,200",Jul-21
WOODHAVEN,WOODGROVE AVENUE,25,Non-Landed Properties,1,"2,000",50 to 60,500 to 600,Jul-21
WOODHAVEN,WOODGROVE AVENUE,25,Non-Landed Properties,3,"3,900",100 to 110,"1,100 to 1,200",Jul-21
PARC ROSEWOOD,ROSEWOOD DRIVE,25,Non-Landed Properties,2,"1,900",50 to 60,600 to 700,Jul-21
THE WOODGROVE,WOODGROVE DRIVE,25,Non-Landed Properties,2,"2,100",70 to 80,800 to 900,Jul-21
WOODHAVEN,WOODGROVE AVENUE,25,Non-Landed Properties,3,"3,695",100 to 110,"1,100 to 1,200",Jul-21
PARC ROSEWOOD,ROSEWOOD DRIVE,25,Non-Landed Properties,1,"1,650",40 to 50,500 to 600,Jul-21
WOODHAVEN,WOODGROVE AVENUE,25,Non-Landed Properties,NA,"5,700",310 to 320,"3,300 to 3,400",Jul-21
WOODGROVE CONDOMINIUM,WOODGROVE DRIVE,25,Non-Landed Properties,3,"2,530",110 to 120,"1,200 to 1,300",Jul-21
PARC ROSEWOOD,ROSEWOOD DRIVE,25,Non-Landed Properties,2,"2,250",50 to 60,500 to 600,Jul-21
WOODGROVE CONDOMINIUM,WOODGROVE DRIVE,25,Non-Landed Properties,3,"2,800",110 to 120,"1,100 to 1,200",Jul-21
CASABLANCA,ROSEWOOD DRIVE,25,Non-Landed Properties,2,"2,000",80 to 90,800 to 900,Jul-21
CASABLANCA,ROSEWOOD DRIVE,25,Non-Landed Properties,2,"2,000",80 to 90,"900 to 1,000",Jul-21
ROSEWOOD,ROSEWOOD DRIVE,25,Non-Landed Properties,2,"2,400",90 to 100,"1,000 to 1,100",Jul-21
CASABLANCA,ROSEWOOD DRIVE,25,Non-Landed Properties,2,"2,600",80 to 90,"900 to 1,000",Jul-21
PARC ROSEWOOD,ROSEWOOD DRIVE,25,Non-Landed Properties,1,"1,650",40 to 50,400 to 500,Jul-21
WOODHAVEN,WOODGROVE AVENUE,25,Non-Landed Properties,2,"2,250",70 to 80,800 to 900,Jul-21
WOODHAVEN,WOODGROVE AVENUE,25,Non-Landed Properties,1,"2,100",60 to 70,600 to 700,Jul-21
WOODHAVEN,WOODGROVE AVENUE,25,Non-Landed Properties,1,"1,800",50 to 60,500 to 600,Jul-21
WOODHAVEN,WOODGROVE AVENUE,25,Non-Landed Properties,1,"1,900",50 to 60,600 to 700,Jul-21
PARC ROSEWOOD,ROSEWOOD DRIVE,25,Non-Landed Properties,5,"4,300",200 to 210,"2,200 to 2,300",Jul-21
WOODHAVEN,WOODGROVE AVENUE,25,Non-Landed Properties,1,"1,900",50 to 60,500 to 600,Jul-21
WOODHAVEN,WOODGROVE AVENUE,25,Non-Landed Properties,NA,"6,340",310 to 320,"3,300 to 3,400",Jul-21
PARC ROSEWOOD,ROSEWOOD DRIVE,25,Non-Landed Properties,1,"2,100",40 to 50,500 to 600,Jul-21
WOODGROVE CONDOMINIUM,WOODGROVE DRIVE,25,Non-Landed Properties,3,"3,400",150 to 160,"1,600 to 1,700",Jul-21
WOODHAVEN,WOODGROVE AVENUE,25,Non-Landed Properties,3,"3,100",100 to 110,"1,100 to 1,200",Jul-21
PARC ROSEWOOD,ROSEWOOD DRIVE,25,Non-Landed Properties,1,"1,600",40 to 50,500 to 600,Jul-21
WOODHAVEN,WOODGROVE AVENUE,25,Non-Landed Properties,1,"1,950",50 to 60,600 to 700,Jul-21
ROSEWOOD SUITES,ROSEWOOD DRIVE,25,Non-Landed Properties,3,"3,000",110 to 120,"1,200 to 1,300",Jul-21
ROSEWOOD,ROSEWOOD DRIVE,25,Non-Landed Properties,3,"2,200",100 to 110,"1,100 to 1,200",Jul-21
WOODGROVE CONDOMINIUM,WOODGROVE DRIVE,25,Non-Landed Properties,3,"3,000",110 to 120,"1,100 to 1,200",Jul-21
PARC ROSEWOOD,ROSEWOOD DRIVE,25,Non-Landed Properties,1,"1,700",40 to 50,400 to 500,Jul-21
PARC ROSEWOOD,ROSEWOOD DRIVE,25,Non-Landed Properties,1,"1,700",40 to 50,400 to 500,Jul-21
WOODGROVE CONDOMINIUM,WOODGROVE DRIVE,25,Non-Landed Properties,3,"5,800",200 to 210,"2,100 to 2,200",Jul-21
CASABLANCA,ROSEWOOD DRIVE,25,Non-Landed Properties,3,"2,750",110 to 120,"1,100 to 1,200",Jul-21
ROSEWOOD,ROSEWOOD DRIVE,25,Non-Landed Properties,3,"2,200",100 to 110,"1,100 to 1,200",Jul-21
WOODHAVEN,WOODGROVE AVENUE,25,Non-Landed Properties,3,"3,300",100 to 110,"1,100 to 1,200",Jul-21
PARC ROSEWOOD,ROSEWOOD DRIVE,25,Non-Landed Properties,2,"2,000",50 to 60,500 to 600,Jul-21
THE WOODGROVE,WOODGROVE DRIVE,25,Non-Landed Properties,2,"2,600",80 to 90,800 to 900,Jul-21
PARC ROSEWOOD,ROSEWOOD DRIVE,25,Non-Landed Properties,1,"1,800",40 to 50,400 to 500,Jul-21
PARC ROSEWOOD,ROSEWOOD DRIVE,25,Non-Landed Properties,1,"1,500",40 to 50,400 to 500,Jul-21
PARC ROSEWOOD,ROSEWOOD DRIVE,25,Non-Landed Properties,2,"2,000",50 to 60,500 to 600,Jul-21
WOODHAVEN,WOODGROVE AVENUE,25,Non-Landed Properties,2,"2,500",70 to 80,800 to 900,Jul-21
ROSEWOOD SUITES,ROSEWOOD DRIVE,25,Non-Landed Properties,2,"2,000",60 to 70,600 to 700,Jul-21
ROSEWOOD,ROSEWOOD DRIVE,25,Non-Landed Properties,3,"2,700",100 to 110,"1,100 to 1,200",Jul-21
PARC ROSEWOOD,ROSEWOOD DRIVE,25,Non-Landed Properties,1,"1,600",40 to 50,400 to 500,Jul-21
PARC ROSEWOOD,ROSEWOOD DRIVE,25,Non-Landed Properties,2,"1,900",50 to 60,600 to 700,Jul-21
PARC ROSEWOOD,ROSEWOOD DRIVE,25,Non-Landed Properties,1,"1,800",40 to 50,400 to 500,Jul-21
PARC ROSEWOOD,ROSEWOOD DRIVE,25,Non-Landed Properties,3,"2,900",70 to 80,800 to 900,Jul-21
ROSEWOOD SUITES,ROSEWOOD DRIVE,25,Non-Landed Properties,3,"2,800",140 to 150,"1,500 to 1,600",Jul-21
CASABLANCA,ROSEWOOD DRIVE,25,Non-Landed Properties,3,"2,700",100 to 110,"1,100 to 1,200",Jul-21
ROSEWOOD,ROSEWOOD DRIVE,25,Non-Landed Properties,3,"2,500",100 to 110,"1,100 to 1,200",Jul-21
WOODHAVEN,WOODGROVE AVENUE,25,Non-Landed Properties,3,"3,602",100 to 110,"1,100 to 1,200",Jul-21
WOODHAVEN,WOODGROVE AVENUE,25,Non-Landed Properties,NA,"6,300",310 to 320,"3,300 to 3,400",Jul-21
PARC ROSEWOOD,ROSEWOOD DRIVE,25,Non-Landed Properties,2,"2,200",50 to 60,600 to 700,Jul-21
THE WOODGROVE,WOODGROVE DRIVE,25,Non-Landed Properties,2,"2,600",80 to 90,800 to 900,Jul-21
THE WOODGROVE,WOODGROVE DRIVE,25,Non-Landed Properties,2,"2,200",70 to 80,800 to 900,Jul-21
PARC ROSEWOOD,ROSEWOOD DRIVE,25,Non-Landed Properties,1,"1,500",40 to 50,400 to 500,Jul-21
PARC ROSEWOOD,ROSEWOOD DRIVE,25,Non-Landed Properties,1,"1,600",40 to 50,400 to 500,Jul-21
WOODGROVE CONDOMINIUM,WOODGROVE DRIVE,25,Non-Landed Properties,3,"3,800",140 to 150,"1,500 to 1,600",Jul-21
PARC ROSEWOOD,ROSEWOOD DRIVE,25,Non-Landed Properties,2,"2,030",70 to 80,700 to 800,Jul-21
WOODHAVEN,WOODGROVE AVENUE,25,Non-Landed Properties,2,"2,600",70 to 80,800 to 900,Jul-21
ROSEWOOD,ROSEWOOD DRIVE,25,Non-Landed Properties,3,"2,600",100 to 110,"1,100 to 1,200",Jul-21
CASABLANCA,ROSEWOOD DRIVE,25,Non-Landed Properties,3,"2,100",100 to 110,"1,100 to 1,200",Jul-21
CASABLANCA,ROSEWOOD DRIVE,25,Non-Landed Properties,2,"2,000",80 to 90,"900 to 1,000",Jul-21
WOODHAVEN,WOODGROVE AVENUE,25,Non-Landed Properties,3,"3,882",120 to 130,"1,300 to 1,400",Jul-21
WOODHAVEN,WOODGROVE AVENUE,25,Non-Landed Properties,NA,"6,500",310 to 320,"3,300 to 3,400",Jun-21
PARC ROSEWOOD,ROSEWOOD DRIVE,25,Non-Landed Properties,1,"2,000",40 to 50,400 to 500,Jun-21
WOODHAVEN,WOODGROVE AVENUE,25,Non-Landed Properties,1,"2,150",50 to 60,600 to 700,Jun-21
PARC ROSEWOOD,ROSEWOOD DRIVE,25,Non-Landed Properties,1,"1,500",40 to 50,400 to 500,Jun-21
PARC ROSEWOOD,ROSEWOOD DRIVE,25,Non-Landed Properties,1,"1,700",40 to 50,400 to 500,Jun-21
WOODHAVEN,WOODGROVE AVENUE,25,Non-Landed Properties,2,"2,550",90 to 100,"1,000 to 1,100",Jun-21
WOODHAVEN,WOODGROVE AVENUE,25,Non-Landed Properties,1,"2,400",50 to 60,500 to 600,Jun-21
WOODGROVE CONDOMINIUM,WOODGROVE DRIVE,25,Non-Landed Properties,3,"2,900",110 to 120,"1,200 to 1,300",Jun-21
PARC ROSEWOOD,ROSEWOOD DRIVE,25,Non-Landed Properties,1,"1,500",40 to 50,400 to 500,Jun-21
WOODHAVEN,WOODGROVE AVENUE,25,Non-Landed Properties,2,"2,400",70 to 80,800 to 900,Jun-21
WOODHAVEN,WOODGROVE AVENUE,25,Non-Landed Properties,1,"1,850",50 to 60,500 to 600,Jun-21
PARC ROSEWOOD,ROSEWOOD DRIVE,25,Non-Landed Properties,1,"1,700",40 to 50,400 to 500,Jun-21
PARC ROSEWOOD,ROSEWOOD DRIVE,25,Non-Landed Properties,2,"1,700",50 to 60,600 to 700,Jun-21
WOODGROVE CONDOMINIUM,WOODGROVE DRIVE,25,Non-Landed Properties,3,"5,000",180 to 190,"1,900 to 2,000",Jun-21
WOODHAVEN,WOODGROVE AVENUE,25,Non-Landed Properties,3,"3,602",100 to 110,"1,100 to 1,200",Jun-21
ROSEWOOD SUITES,ROSEWOOD DRIVE,25,Non-Landed Properties,4,"5,000",250 to 260,"2,700 to 2,800",Jun-21
CASABLANCA,ROSEWOOD DRIVE,25,Non-Landed Properties,2,"2,100",80 to 90,"900 to 1,000",Jun-21
PARC ROSEWOOD,ROSEWOOD DRIVE,25,Non-Landed Properties,1,"1,900",40 to 50,400 to 500,Jun-21
ROSEWOOD,ROSEWOOD DRIVE,25,Non-Landed Properties,2,"2,150",90 to 100,"1,000 to 1,100",Jun-21
ROSEWOOD SUITES,ROSEWOOD DRIVE,25,Non-Landed Properties,3,"2,800",140 to 150,"1,500 to 1,600",Jun-21
PARC ROSEWOOD,ROSEWOOD DRIVE,25,Non-Landed Properties,2,"2,100",50 to 60,500 to 600,Jun-21
WOODGROVE CONDOMINIUM,WOODGROVE DRIVE,25,Non-Landed Properties,3,"2,800",110 to 120,"1,200 to 1,300",Jun-21
WOODHAVEN,WOODGROVE AVENUE,25,Non-Landed Properties,2,"2,300",60 to 70,600 to 700,Jun-21
ROSEWOOD,ROSEWOOD DRIVE,25,Non-Landed Properties,4,"4,800",200 to 210,"2,100 to 2,200",Jun-21
PARC ROSEWOOD,ROSEWOOD DRIVE,25,Non-Landed Properties,1,"2,000",50 to 60,500 to 600,Jun-21
WOODGROVE CONDOMINIUM,WOODGROVE DRIVE,25,Non-Landed Properties,3,"3,600",150 to 160,"1,700 to 1,800",Jun-21
PARC ROSEWOOD,ROSEWOOD DRIVE,25,Non-Landed Properties,1,"1,580",40 to 50,400 to 500,Jun-21
WOODHAVEN,WOODGROVE AVENUE,25,Non-Landed Properties,2,"2,700",70 to 80,800 to 900,Jun-21
CASABLANCA,ROSEWOOD DRIVE,25,Non-Landed Properties,2,"2,200",80 to 90,800 to 900,Jun-21
WOODGROVE CONDOMINIUM,WOODGROVE DRIVE,25,Non-Landed Properties,3,"3,500",110 to 120,"1,200 to 1,300",Jun-21
PARC ROSEWOOD,ROSEWOOD DRIVE,25,Non-Landed Properties,1,"1,650",40 to 50,500 to 600,Jun-21
WOODGROVE CONDOMINIUM,WOODGROVE DRIVE,25,Non-Landed Properties,3,"4,550",220 to 230,"2,400 to 2,500",Jun-21
CASABLANCA,ROSEWOOD DRIVE,25,Non-Landed Properties,3,"3,000",100 to 110,"1,100 to 1,200",Jun-21
PARC ROSEWOOD,ROSEWOOD DRIVE,25,Non-Landed Properties,1,"1,700",40 to 50,400 to 500,Jun-21
ROSEWOOD,ROSEWOOD DRIVE,25,Non-Landed Properties,3,"4,000",170 to 180,"1,900 to 2,000",Jun-21
PARC ROSEWOOD,ROSEWOOD DRIVE,25,Non-Landed Properties,2,"2,100",50 to 60,500 to 600,Jun-21
CASABLANCA,ROSEWOOD DRIVE,25,Non-Landed Properties,3,"2,800",100 to 110,"1,100 to 1,200",Jun-21
ROSEWOOD,ROSEWOOD DRIVE,25,Non-Landed Properties,4,"3,100",130 to 140,"1,400 to 1,500",Jun-21
WOODHAVEN,WOODGROVE AVENUE,25,Non-Landed Properties,1,"2,100",50 to 60,500 to 600,Jun-21
WOODHAVEN,WOODGROVE AVENUE,25,Non-Landed Properties,1,"2,000",50 to 60,600 to 700,Jun-21
CASABLANCA,ROSEWOOD DRIVE,25,Non-Landed Properties,3,"2,800",100 to 110,"1,100 to 1,200",Jun-21
PARC ROSEWOOD,ROSEWOOD DRIVE,25,Non-Landed Properties,1,"1,600",40 to 50,400 to 500,Jun-21
PARC ROSEWOOD,ROSEWOOD DRIVE,25,Non-Landed Properties,2,"2,450",110 to 120,"1,200 to 1,300",Jun-21
PARC ROSEWOOD,ROSEWOOD DRIVE,25,Non-Landed Properties,1,"2,000",40 to 50,400 to 500,Jun-21
ROSEWOOD,ROSEWOOD DRIVE,25,Non-Landed Properties,3,"2,400",100 to 110,"1,100 to 1,200",Jun-21
CASABLANCA,ROSEWOOD DRIVE,25,Non-Landed Properties,3,"2,700",110 to 120,"1,100 to 1,200",Jun-21
PARC ROSEWOOD,ROSEWOOD DRIVE,25,Non-Landed Properties,1,"1,500",40 to 50,400 to 500,Jun-21
WOODGROVE CONDOMINIUM,WOODGROVE DRIVE,25,Non-Landed Properties,3,"4,200",180 to 190,"2,000 to 2,100",Jun-21
WOODGROVE CONDOMINIUM,WOODGROVE DRIVE,25,Non-Landed Properties,3,"3,000",140 to 150,"1,500 to 1,600",Jun-21
ROSEWOOD,ROSEWOOD DRIVE,25,Non-Landed Properties,3,"2,800",100 to 110,"1,100 to 1,200",Jun-21
PARC ROSEWOOD,ROSEWOOD DRIVE,25,Non-Landed Properties,1,"1,500",40 to 50,400 to 500,Jun-21
PARC ROSEWOOD,ROSEWOOD DRIVE,25,Non-Landed Properties,1,"1,500",40 to 50,400 to 500,Jun-21
PARC ROSEWOOD,ROSEWOOD DRIVE,25,Non-Landed Properties,1,"1,500",40 to 50,400 to 500,Jun-21
CASABLANCA,ROSEWOOD DRIVE,25,Non-Landed Properties,2,"2,000",80 to 90,"900 to 1,000",Jun-21
WOODGROVE CONDOMINIUM,WOODGROVE DRIVE,25,Non-Landed Properties,3,"5,500",190 to 200,"2,000 to 2,100",Jun-21
ROSEWOOD,ROSEWOOD DRIVE,25,Non-Landed Properties,2,"2,350",90 to 100,"1,000 to 1,100",Jun-21
PARC ROSEWOOD,ROSEWOOD DRIVE,25,Non-Landed Properties,1,"2,000",40 to 50,500 to 600,Jun-21
WOODGROVE CONDOMINIUM,WOODGROVE DRIVE,25,Non-Landed Properties,3,"4,700",210 to 220,"2,300 to 2,400",Jun-21
WOODGROVE CONDOMINIUM,WOODGROVE DRIVE,25,Non-Landed Properties,3,"3,200",140 to 150,"1,500 to 1,600",Jun-21
WOODGROVE CONDOMINIUM,WOODGROVE DRIVE,25,Non-Landed Properties,3,"3,300",150 to 160,"1,600 to 1,700",Jun-21
PARC ROSEWOOD,ROSEWOOD DRIVE,25,Non-Landed Properties,1,"1,600",40 to 50,400 to 500,Jun-21
WOODGROVE CONDOMINIUM,WOODGROVE DRIVE,25,Non-Landed Properties,3,"4,700",190 to 200,"2,000 to 2,100",Jun-21
ROSEWOOD SUITES,ROSEWOOD DRIVE,25,Non-Landed Properties,4,"4,300",170 to 180,"1,800 to 1,900",Jun-21
WOODGROVE CONDOMINIUM,WOODGROVE DRIVE,25,Non-Landed Properties,4,"5,300",290 to 300,"3,100 to 3,200",Jun-21
THE WOODGROVE,WOODGROVE DRIVE,25,Non-Landed Properties,2,"1,900",80 to 90,800 to 900,Jun-21
WOODGROVE CONDOMINIUM,WOODGROVE DRIVE,25,Non-Landed Properties,3,"4,100",150 to 160,"1,600 to 1,700",Jun-21
WOODGROVE CONDOMINIUM,WOODGROVE DRIVE,25,Non-Landed Properties,3,"4,600",200 to 210,"2,100 to 2,200",Jun-21
WOODGROVE CONDOMINIUM,WOODGROVE DRIVE,25,Non-Landed Properties,3,"3,700",220 to 230,"2,400 to 2,500",Jun-21
WOODHAVEN,WOODGROVE AVENUE,25,Non-Landed Properties,1,"2,000",50 to 60,600 to 700,Jun-21
WOODHAVEN,WOODGROVE AVENUE,25,Non-Landed Properties,NA,"6,386",310 to 320,"3,300 to 3,400",Jun-21
WOODHAVEN,WOODGROVE AVENUE,25,Non-Landed Properties,2,"2,350",70 to 80,800 to 900,Jun-21
PARC ROSEWOOD,ROSEWOOD DRIVE,25,Non-Landed Properties,1,"2,100",40 to 50,500 to 600,May-21
WOODHAVEN,WOODGROVE AVENUE,25,Non-Landed Properties,3,"3,508",100 to 110,"1,100 to 1,200",May-21
CASABLANCA,ROSEWOOD DRIVE,25,Non-Landed Properties,3,"2,350",100 to 110,"1,100 to 1,200",May-21
WOODHAVEN,WOODGROVE AVENUE,25,Non-Landed Properties,3,"3,976",100 to 110,"1,100 to 1,200",May-21
ROSEWOOD,ROSEWOOD DRIVE,25,Non-Landed Properties,4,"3,350",130 to 140,"1,400 to 1,500",May-21
WOODHAVEN,WOODGROVE AVENUE,25,Non-Landed Properties,2,"2,300",60 to 70,600 to 700,May-21
ROSEWOOD SUITES,ROSEWOOD DRIVE,25,Non-Landed Properties,2,"2,300",100 to 110,"1,100 to 1,200",May-21
ROSEWOOD SUITES,ROSEWOOD DRIVE,25,Non-Landed Properties,4,"3,300",170 to 180,"1,800 to 1,900",May-21
PARC ROSEWOOD,ROSEWOOD DRIVE,25,Non-Landed Properties,2,"2,000",50 to 60,600 to 700,May-21
WOODGROVE CONDOMINIUM,WOODGROVE DRIVE,25,Non-Landed Properties,3,"3,900",140 to 150,"1,500 to 1,600",May-21
PARC ROSEWOOD,ROSEWOOD DRIVE,25,Non-Landed Properties,1,"1,800",40 to 50,500 to 600,May-21
PARC ROSEWOOD,ROSEWOOD DRIVE,25,Non-Landed Properties,1,"2,000",40 to 50,500 to 600,May-21
WOODHAVEN,WOODGROVE AVENUE,25,Non-Landed Properties,NA,"6,340",310 to 320,"3,300 to 3,400",May-21
WOODHAVEN,WOODGROVE AVENUE,25,Non-Landed Properties,2,"2,500",90 to 100,"1,000 to 1,100",May-21
ROSEWOOD,ROSEWOOD DRIVE,25,Non-Landed Properties,3,"2,800",110 to 120,"1,100 to 1,200",May-21
PARC ROSEWOOD,ROSEWOOD DRIVE,25,Non-Landed Properties,2,"2,300",60 to 70,700 to 800,May-21
WOODHAVEN,WOODGROVE AVENUE,25,Non-Landed Properties,2,"2,600",60 to 70,600 to 700,May-21
ROSEWOOD,ROSEWOOD DRIVE,25,Non-Landed Properties,3,"2,500",100 to 110,"1,100 to 1,200",May-21
WOODHAVEN,WOODGROVE AVENUE,25,Non-Landed Properties,3,"3,976",120 to 130,"1,300 to 1,400",May-21
WOODGROVE CONDOMINIUM,WOODGROVE DRIVE,25,Non-Landed Properties,3,"3,500",150 to 160,"1,700 to 1,800",May-21
WOODHAVEN,WOODGROVE AVENUE,25,Non-Landed Properties,NA,"6,340",310 to 320,"3,300 to 3,400",May-21
PARC ROSEWOOD,ROSEWOOD DRIVE,25,Non-Landed Properties,1,"2,000",40 to 50,400 to 500,May-21
WOODHAVEN,WOODGROVE AVENUE,25,Non-Landed Properties,1,"1,950",50 to 60,500 to 600,May-21
PARC ROSEWOOD,ROSEWOOD DRIVE,25,Non-Landed Properties,1,"1,450",40 to 50,400 to 500,May-21
