Project Name,Transacted Price ($),Area (SQFT),Unit Price ($ PSF),Sale Date,Street Name,Type of Sale,Type of Area,Area (SQM),Unit Price ($ PSM),Nett Price($),Property Type,Number of Units,Tenure,Postal District,Market Segment,Floor Level
SKY GREEN,"900,000",473.62,"1,900",May-26,MACPHERSON ROAD,Resale,Strata,44,"20,455",-,Condominium,1,Freehold,13,Rest of Central Region,11 to 15
THE TRE VER,"1,508,888",742.72,"2,032",May-26,POTONG PASIR AVENUE 1,Resale,Strata,69,"21,868",-,Condominium,1,99 yrs lease commencing from 2018,13,Rest of Central Region,16 to 20
THE TRE VER,"1,380,000",699.66,"1,972",May-26,POTONG PASIR AVENUE 1,Resale,Strata,65,"21,231",-,Condominium,1,99 yrs lease commencing from 2018,13,Rest of Central Region,01 to 05
PARK COLONIAL,"2,548,000",979.52,"2,601",May-26,WOODLEIGH LANE,Resale,Strata,91,"28,000",-,Condominium,1,99 yrs lease commencing from 2017,13,Rest of Central Region,11 to 15
THE TRE VER,"1,230,000",613.55,"2,005",May-26,POTONG PASIR AVENUE 1,Resale,Strata,57,"21,579",-,Condominium,1,99 yrs lease commencing from 2018,13,Rest of Central Region,06 to 10
THE POIZ RESIDENCES,"1,060,000",527.44,"2,010",May-26,MEYAPPA CHETTIAR ROAD,Resale,Strata,49,"21,633",-,Apartment,1,99 yrs lease commencing from 2014,13,Rest of Central Region,16 to 20
BLOSSOMS @ WOODLEIGH,"3,320,000","1,743.77","1,904",May-26,WOODLEIGH CLOSE,Resale,Strata,162,"20,494",-,Condominium,1,Freehold,13,Rest of Central Region,01 to 05
THE VENUE RESIDENCES,"2,300,000","1,130.22","2,035",May-26,TAI THONG CRESCENT,Resale,Strata,105,"21,905",-,Apartment,1,99 yrs lease commencing from 2012,13,Rest of Central Region,06 to 10
THE POIZ RESIDENCES,"1,690,000",753.48,"2,243",May-26,MEYAPPA CHETTIAR ROAD,Resale,Strata,70,"24,143",-,Apartment,1,99 yrs lease commencing from 2014,13,Rest of Central Region,11 to 15
THE TRE VER,"1,230,000",635.08,"1,937",May-26,POTONG PASIR AVENUE 1,Resale,Strata,59,"20,847",-,Condominium,1,99 yrs lease commencing from 2018,13,Rest of Central Region,01 to 05
THE POIZ RESIDENCES,"1,250,000",581.26,"2,151",May-26,MEYAPPA CHETTIAR ROAD,Resale,Strata,54,"23,148",-,Apartment,1,99 yrs lease commencing from 2014,13,Rest of Central Region,06 to 10
BARTLEY RIDGE,"2,925,000","1,302.44","2,246",May-26,MOUNT VERNON ROAD,Resale,Strata,121,"24,174",-,Condominium,1,99 yrs lease commencing from 2012,13,Rest of Central Region,06 to 10
THE TRE VER,"1,435,000",742.72,"1,932",May-26,POTONG PASIR AVENUE 1,Resale,Strata,69,"20,797",-,Condominium,1,99 yrs lease commencing from 2018,13,Rest of Central Region,06 to 10
BARTLEY RIDGE,"2,200,000","1,044.11","2,107",May-26,MOUNT VERNON ROAD,Resale,Strata,97,"22,680",-,Condominium,1,99 yrs lease commencing from 2012,13,Rest of Central Region,06 to 10
8@WOODLEIGH,"790,000",398.27,"1,984",May-26,WOODLEIGH CLOSE,Resale,Strata,37,"21,351",-,Condominium,1,99 yrs lease commencing from 2008,13,Rest of Central Region,06 to 10
E MAISON,"1,590,000",968.76,"1,641",May-26,BRADDELL ROAD,Resale,Strata,90,"17,667",-,Apartment,1,Freehold,13,Outside Central Region,01 to 05
THE TRE VER,"2,270,000","1,011.82","2,243",May-26,POTONG PASIR AVENUE 1,Resale,Strata,94,"24,149",-,Condominium,1,99 yrs lease commencing from 2018,13,Rest of Central Region,06 to 10
18 WOODSVILLE,"895,000",495.14,"1,808",May-26,WOODSVILLE CLOSE,Resale,Strata,46,"19,457",-,Apartment,1,Freehold,13,Rest of Central Region,11 to 15
PARK COLONIAL,"1,030,000",462.85,"2,225",May-26,WOODLEIGH LANE,Resale,Strata,43,"23,953",-,Condominium,1,99 yrs lease commencing from 2017,13,Rest of Central Region,11 to 15
SKY GREEN,"824,500",441.32,"1,868",May-26,MACPHERSON ROAD,Resale,Strata,41,"20,110",-,Condominium,1,Freehold,13,Rest of Central Region,06 to 10
THE WOODLEIGH RESIDENCES,"1,650,000",645.84,"2,555",May-26,BIDADARI PARK DRIVE,Sub Sale,Strata,60,"27,500",-,Apartment,1,99 yrs lease commencing from 2017,13,Rest of Central Region,06 to 10
THE WOODLEIGH RESIDENCES,"1,228,888",570.49,"2,154",May-26,BIDADARI PARK DRIVE,Sub Sale,Strata,53,"23,187",-,Apartment,1,99 yrs lease commencing from 2017,13,Rest of Central Region,01 to 05
WOODSVILLE 28,"2,120,000","1,194.8","1,774",May-26,WOODSVILLE CLOSE,Resale,Strata,111,"19,099",-,Apartment,1,99 yrs lease commencing from 2007,13,Rest of Central Region,01 to 05
BARTLEY RIDGE,"2,228,888","1,033.34","2,157",Apr-26,MOUNT VERNON ROAD,Resale,Strata,96,"23,218",-,Condominium,1,99 yrs lease commencing from 2012,13,Rest of Central Region,11 to 15
THE TRE VER,"1,420,000",699.66,"2,030",Apr-26,POTONG PASIR AVENUE 1,Resale,Strata,65,"21,846",-,Condominium,1,99 yrs lease commencing from 2018,13,Rest of Central Region,11 to 15
THE WOODLEIGH RESIDENCES,"1,500,000",667.37,"2,248",Apr-26,BIDADARI PARK DRIVE,Sub Sale,Strata,62,"24,194",-,Apartment,1,99 yrs lease commencing from 2017,13,Rest of Central Region,01 to 05
PARK COLONIAL,"1,350,000",602.78,"2,240",Apr-26,WOODLEIGH LANE,Resale,Strata,56,"24,107",-,Condominium,1,99 yrs lease commencing from 2017,13,Rest of Central Region,01 to 05
PARK COLONIAL,"2,900,000","1,065.64","2,721",Apr-26,WOODLEIGH LANE,Resale,Strata,99,"29,293",-,Condominium,1,99 yrs lease commencing from 2017,13,Rest of Central Region,11 to 15
BLOSSOMS @ WOODLEIGH,"2,050,000","1,001.05","2,048",Apr-26,WOODLEIGH CLOSE,Resale,Strata,93,"22,043",-,Condominium,1,Freehold,13,Rest of Central Region,11 to 15
BARTLEY RIDGE,"920,000",495.14,"1,858",Apr-26,MOUNT VERNON ROAD,Resale,Strata,46,"20,000",-,Condominium,1,99 yrs lease commencing from 2012,13,Rest of Central Region,16 to 20
BARTLEY RIDGE,"2,840,000","1,302.44","2,181",Apr-26,MOUNT VERNON ROAD,Resale,Strata,121,"23,471",-,Condominium,1,99 yrs lease commencing from 2012,13,Rest of Central Region,16 to 20
18 WOODSVILLE,"890,000",495.14,"1,797",Apr-26,WOODSVILLE CLOSE,Resale,Strata,46,"19,348",-,Apartment,1,Freehold,13,Rest of Central Region,06 to 10
THE VENUE RESIDENCES,"1,525,000",850.36,"1,793",Apr-26,TAI THONG CRESCENT,Resale,Strata,79,"19,304",-,Apartment,1,99 yrs lease commencing from 2012,13,Rest of Central Region,06 to 10
PARK COLONIAL,"1,115,000",505.91,"2,204",Apr-26,WOODLEIGH LANE,Resale,Strata,47,"23,723",-,Condominium,1,99 yrs lease commencing from 2017,13,Rest of Central Region,01 to 05
THE POIZ RESIDENCES,"1,700,000",753.48,"2,256",Apr-26,MEYAPPA CHETTIAR ROAD,Resale,Strata,70,"24,286",-,Apartment,1,99 yrs lease commencing from 2014,13,Rest of Central Region,11 to 15
THE WOODLEIGH RESIDENCES,"1,665,000",699.66,"2,380",Apr-26,BIDADARI PARK DRIVE,Sub Sale,Strata,65,"25,615",-,Apartment,1,99 yrs lease commencing from 2017,13,Rest of Central Region,06 to 10
THE WOODLEIGH RESIDENCES,"3,410,888","1,270.15","2,685",Apr-26,BIDADARI PARK DRIVE,Sub Sale,Strata,118,"28,906",-,Apartment,1,99 yrs lease commencing from 2017,13,Rest of Central Region,11 to 15
SENNETT RESIDENCE,"2,288,888","1,345.5","1,701",Apr-26,PHENG GECK AVENUE,Resale,Strata,125,"18,311",-,Condominium,1,99 yrs lease commencing from 2011,13,Rest of Central Region,01 to 05
BARTLEY RIDGE,"888,000",495.14,"1,793",Apr-26,MOUNT VERNON ROAD,Resale,Strata,46,"19,304",-,Condominium,1,99 yrs lease commencing from 2012,13,Rest of Central Region,16 to 20
THE POIZ RESIDENCES,"850,000",441.32,"1,926",Apr-26,MEYAPPA CHETTIAR ROAD,Resale,Strata,41,"20,732",-,Apartment,1,99 yrs lease commencing from 2014,13,Rest of Central Region,11 to 15
THE TRE VER,"1,480,000",753.48,"1,964",Apr-26,POTONG PASIR AVENUE 1,Resale,Strata,70,"21,143",-,Condominium,1,99 yrs lease commencing from 2018,13,Rest of Central Region,16 to 20
D' ALMIRA,"1,735,000","1,097.93","1,580",Apr-26,SOMMERVILLE ROAD,Resale,Strata,102,"17,010",-,Apartment,1,Freehold,13,Outside Central Region,01 to 05
PARK COLONIAL,"976,000",462.85,"2,109",Apr-26,WOODLEIGH LANE,Resale,Strata,43,"22,698",-,Condominium,1,99 yrs lease commencing from 2017,13,Rest of Central Region,11 to 15
THE WOODLEIGH RESIDENCES,"2,550,000",958,"2,662",Apr-26,BIDADARI PARK DRIVE,Sub Sale,Strata,89,"28,652",-,Apartment,1,99 yrs lease commencing from 2017,13,Rest of Central Region,11 to 15
THE POIZ RESIDENCES,"3,450,000","1,506.96","2,289",Apr-26,MEYAPPA CHETTIAR ROAD,Resale,Strata,140,"24,643",-,Apartment,1,99 yrs lease commencing from 2014,13,Rest of Central Region,11 to 15
8@WOODLEIGH,"2,140,000","1,076.4","1,988",Apr-26,WOODLEIGH CLOSE,Resale,Strata,100,"21,400",-,Condominium,1,99 yrs lease commencing from 2008,13,Rest of Central Region,06 to 10
BARTLEY RIDGE,"1,575,000",764.24,"2,061",Apr-26,MOUNT VERNON ROAD,Resale,Strata,71,"22,183",-,Condominium,1,99 yrs lease commencing from 2012,13,Rest of Central Region,11 to 15
THE VENUE RESIDENCES,"1,525,000",839.59,"1,816",Apr-26,TAI THONG CRESCENT,Resale,Strata,78,"19,551",-,Apartment,1,99 yrs lease commencing from 2012,13,Rest of Central Region,11 to 15
PARC ASTON,"2,000,000","1,162.51","1,720",Apr-26,LEICESTER ROAD,Resale,Strata,108,"18,519",-,Apartment,1,Freehold,13,Rest of Central Region,01 to 05
THE TRE VER,"1,555,000",742.72,"2,094",Apr-26,POTONG PASIR AVENUE 1,Resale,Strata,69,"22,536",-,Condominium,1,99 yrs lease commencing from 2018,13,Rest of Central Region,16 to 20
THE WOODLEIGH RESIDENCES,"1,330,000",592.02,"2,247",Apr-26,BIDADARI PARK DRIVE,Sub Sale,Strata,55,"24,182",-,Apartment,1,99 yrs lease commencing from 2017,13,Rest of Central Region,01 to 05
PARK COLONIAL,"3,580,000","1,410.08","2,539",Mar-26,WOODLEIGH LANE,Resale,Strata,131,"27,328",-,Condominium,1,99 yrs lease commencing from 2017,13,Rest of Central Region,11 to 15
THE WOODLEIGH RESIDENCES,"1,600,000",667.37,"2,397",Mar-26,BIDADARI PARK DRIVE,Sub Sale,Strata,62,"25,806",-,Apartment,1,99 yrs lease commencing from 2017,13,Rest of Central Region,11 to 15
THE WOODLEIGH RESIDENCES,"1,680,000",699.66,"2,401",Mar-26,BIDADARI PARK DRIVE,Sub Sale,Strata,65,"25,846",-,Apartment,1,99 yrs lease commencing from 2017,13,Rest of Central Region,11 to 15
THE WOODLEIGH RESIDENCES,"2,680,000",958,"2,798",Mar-26,BIDADARI PARK DRIVE,Sub Sale,Strata,89,"30,112",-,Apartment,1,99 yrs lease commencing from 2017,13,Rest of Central Region,11 to 15
THE VENUE RESIDENCES,"890,000",495.14,"1,797",Mar-26,TAI THONG CRESCENT,Resale,Strata,46,"19,348",-,Apartment,1,99 yrs lease commencing from 2012,13,Rest of Central Region,01 to 05
8@WOODLEIGH,"1,518,888",861.12,"1,764",Mar-26,WOODLEIGH CLOSE,Resale,Strata,80,"18,986",-,Condominium,1,99 yrs lease commencing from 2008,13,Rest of Central Region,01 to 05
PARK COLONIAL,"2,450,000",979.52,"2,501",Mar-26,WOODLEIGH LANE,Resale,Strata,91,"26,923",-,Condominium,1,99 yrs lease commencing from 2017,13,Rest of Central Region,01 to 05
PARK COLONIAL,"1,635,000",678.13,"2,411",Mar-26,WOODLEIGH LANE,Resale,Strata,63,"25,952",-,Condominium,1,99 yrs lease commencing from 2017,13,Rest of Central Region,06 to 10
PLATINUM EDGE,"1,350,000",828.83,"1,629",Mar-26,LEICESTER ROAD,Resale,Strata,77,"17,532",-,Apartment,1,Freehold,13,Rest of Central Region,01 to 05
NIN RESIDENCE,"900,000",527.44,"1,706",Mar-26,PHENG GECK AVENUE,Resale,Strata,49,"18,367",-,Apartment,1,99 yrs lease commencing from 2010,13,Rest of Central Region,16 to 20
THE POIZ RESIDENCES,"820,000",419.8,"1,953",Mar-26,MEYAPPA CHETTIAR ROAD,Resale,Strata,39,"21,026",-,Apartment,1,99 yrs lease commencing from 2014,13,Rest of Central Region,01 to 05
PARK COLONIAL,"2,758,000","1,065.64","2,588",Mar-26,WOODLEIGH LANE,Resale,Strata,99,"27,859",-,Condominium,1,99 yrs lease commencing from 2017,13,Rest of Central Region,06 to 10
THE TRE VER,"1,460,000",699.66,"2,087",Mar-26,POTONG PASIR AVENUE 1,Resale,Strata,65,"22,462",-,Condominium,1,99 yrs lease commencing from 2018,13,Rest of Central Region,16 to 20
8@WOODLEIGH,"2,200,000","1,097.93","2,004",Mar-26,WOODLEIGH CLOSE,Resale,Strata,102,"21,569",-,Condominium,1,99 yrs lease commencing from 2008,13,Rest of Central Region,11 to 15
PARK COLONIAL,"2,400,000",979.52,"2,450",Mar-26,WOODLEIGH LANE,Resale,Strata,91,"26,374",-,Condominium,1,99 yrs lease commencing from 2017,13,Rest of Central Region,01 to 05
8@WOODLEIGH,"2,175,000","1,097.93","1,981",Mar-26,WOODLEIGH CLOSE,Resale,Strata,102,"21,324",-,Condominium,1,99 yrs lease commencing from 2008,13,Rest of Central Region,01 to 05
BARTLEY RIDGE,"883,888",495.14,"1,785",Mar-26,MOUNT VERNON ROAD,Resale,Strata,46,"19,215",-,Condominium,1,99 yrs lease commencing from 2012,13,Rest of Central Region,11 to 15
BARTLEY RIDGE,"2,016,000","1,033.34","1,951",Mar-26,MOUNT VERNON ROAD,Resale,Strata,96,"21,000",-,Condominium,1,99 yrs lease commencing from 2012,13,Rest of Central Region,01 to 05
THE VENUE RESIDENCES,"2,300,000","1,130.22","2,035",Mar-26,TAI THONG CRESCENT,Resale,Strata,105,"21,905",-,Apartment,1,99 yrs lease commencing from 2012,13,Rest of Central Region,06 to 10
THE VENUE RESIDENCES,"1,668,000",850.36,"1,962",Mar-26,TAI THONG CRESCENT,Resale,Strata,79,"21,114",-,Apartment,1,99 yrs lease commencing from 2012,13,Rest of Central Region,01 to 05
8@WOODLEIGH,"1,600,000",839.59,"1,906",Mar-26,WOODLEIGH CLOSE,Resale,Strata,78,"20,513",-,Condominium,1,99 yrs lease commencing from 2008,13,Rest of Central Region,01 to 05
THE WOODLEIGH RESIDENCES,"2,800,000",958,"2,923",Mar-26,BIDADARI PARK DRIVE,Sub Sale,Strata,89,"31,461",-,Apartment,1,99 yrs lease commencing from 2017,13,Rest of Central Region,06 to 10
THE TRE VER,"1,400,000",699.66,"2,001",Mar-26,POTONG PASIR AVENUE 1,Resale,Strata,65,"21,538",-,Condominium,1,99 yrs lease commencing from 2018,13,Rest of Central Region,01 to 05
AVON PARK,"2,485,500","1,280.92","1,940",Mar-26,YOUNGBERG TERRACE,Resale,Strata,119,"20,887",-,Condominium,1,Freehold,13,Rest of Central Region,06 to 10
BARTLEY RIDGE,"1,480,000",731.95,"2,022",Mar-26,MOUNT VERNON ROAD,Resale,Strata,68,"21,765",-,Condominium,1,99 yrs lease commencing from 2012,13,Rest of Central Region,06 to 10
SKY GREEN,"2,130,000","1,151.75","1,849",Mar-26,MACPHERSON ROAD,Resale,Strata,107,"19,907",-,Condominium,1,Freehold,13,Rest of Central Region,11 to 15
PARK COLONIAL,"3,500,000","1,367.03","2,560",Mar-26,WOODLEIGH LANE,Resale,Strata,127,"27,559",-,Condominium,1,99 yrs lease commencing from 2017,13,Rest of Central Region,11 to 15
BARTLEY RIDGE,"1,455,000",721.19,"2,018",Mar-26,MOUNT VERNON ROAD,Resale,Strata,67,"21,716",-,Condominium,1,99 yrs lease commencing from 2012,13,Rest of Central Region,11 to 15
THE POIZ RESIDENCES,"810,000",419.8,"1,930",Mar-26,MEYAPPA CHETTIAR ROAD,Resale,Strata,39,"20,769",-,Apartment,1,99 yrs lease commencing from 2014,13,Rest of Central Region,01 to 05
PARK COLONIAL,"2,328,000",936.47,"2,486",Mar-26,WOODLEIGH LANE,Resale,Strata,87,"26,759",-,Condominium,1,99 yrs lease commencing from 2017,13,Rest of Central Region,01 to 05
RIDGE COURT,"2,065,000","1,173.28","1,760",Mar-26,MEYAPPA CHETTIAR ROAD,Resale,Strata,109,"18,945",-,Apartment,1,Freehold,13,Rest of Central Region,01 to 05
PARK COLONIAL,"1,268,000",570.49,"2,223",Feb-26,WOODLEIGH LANE,Resale,Strata,53,"23,925",-,Condominium,1,99 yrs lease commencing from 2017,13,Rest of Central Region,01 to 05
SKY GREEN,"800,000",473.62,"1,689",Feb-26,MACPHERSON ROAD,Resale,Strata,44,"18,182",-,Condominium,1,Freehold,13,Rest of Central Region,01 to 05
THE POIZ RESIDENCES,"820,000",419.8,"1,953",Feb-26,MEYAPPA CHETTIAR ROAD,Resale,Strata,39,"21,026",-,Apartment,1,99 yrs lease commencing from 2014,13,Rest of Central Region,06 to 10
BARTLEY RIDGE,"1,520,000",742.72,"2,047",Feb-26,MOUNT VERNON ROAD,Resale,Strata,69,"22,029",-,Condominium,1,99 yrs lease commencing from 2012,13,Rest of Central Region,01 to 05
THE WOODLEIGH RESIDENCES,"1,675,000",699.66,"2,394",Feb-26,BIDADARI PARK DRIVE,Sub Sale,Strata,65,"25,769",-,Apartment,1,99 yrs lease commencing from 2017,13,Rest of Central Region,06 to 10
BARTLEY RIDGE,"2,150,000",968.76,"2,219",Feb-26,MOUNT VERNON ROAD,Resale,Strata,90,"23,889",-,Condominium,1,99 yrs lease commencing from 2012,13,Rest of Central Region,11 to 15
NIN RESIDENCE,"1,621,800",925.7,"1,752",Feb-26,PHENG GECK AVENUE,Resale,Strata,86,"18,858",-,Apartment,1,99 yrs lease commencing from 2010,13,Rest of Central Region,06 to 10
PARK COLONIAL,"1,450,000",635.08,"2,283",Feb-26,WOODLEIGH LANE,Resale,Strata,59,"24,576",-,Condominium,1,99 yrs lease commencing from 2017,13,Rest of Central Region,06 to 10
THE POIZ RESIDENCES,"818,000",419.8,"1,949",Feb-26,MEYAPPA CHETTIAR ROAD,Resale,Strata,39,"20,974",-,Apartment,1,99 yrs lease commencing from 2014,13,Rest of Central Region,01 to 05
BARTLEY RIDGE,"1,770,000",850.36,"2,081",Feb-26,MOUNT VERNON ROAD,Resale,Strata,79,"22,405",-,Condominium,1,99 yrs lease commencing from 2012,13,Rest of Central Region,11 to 15
THE TRE VER,"1,318,888",742.72,"1,776",Feb-26,POTONG PASIR AVENUE 1,Resale,Strata,69,"19,114",-,Condominium,1,99 yrs lease commencing from 2018,13,Rest of Central Region,01 to 05
THE POIZ RESIDENCES,"823,000",419.8,"1,960",Feb-26,MEYAPPA CHETTIAR ROAD,Resale,Strata,39,"21,103",-,Apartment,1,99 yrs lease commencing from 2014,13,Rest of Central Region,06 to 10
BARTLEY RIDGE,"1,460,000",721.19,"2,024",Feb-26,MOUNT VERNON ROAD,Resale,Strata,67,"21,791",-,Condominium,1,99 yrs lease commencing from 2012,13,Rest of Central Region,06 to 10
THE POIZ RESIDENCES,"825,000",419.8,"1,965",Feb-26,MEYAPPA CHETTIAR ROAD,Resale,Strata,39,"21,154",-,Apartment,1,99 yrs lease commencing from 2014,13,Rest of Central Region,11 to 15
THE WOODLEIGH RESIDENCES,"1,588,000",667.37,"2,379",Feb-26,BIDADARI PARK DRIVE,Sub Sale,Strata,62,"25,613",-,Apartment,1,99 yrs lease commencing from 2017,13,Rest of Central Region,11 to 15
THE WOODLEIGH RESIDENCES,"2,860,000","1,119.46","2,555",Feb-26,BIDADARI PARK DRIVE,Sub Sale,Strata,104,"27,500",-,Apartment,1,99 yrs lease commencing from 2017,13,Rest of Central Region,01 to 05
THE POIZ RESIDENCES,"925,000",592.02,"1,562",Feb-26,MEYAPPA CHETTIAR ROAD,Resale,Strata,55,"16,818",-,Apartment,1,99 yrs lease commencing from 2014,13,Rest of Central Region,16 to 20
PARK COLONIAL,"1,460,000",635.08,"2,299",Feb-26,WOODLEIGH LANE,Resale,Strata,59,"24,746",-,Condominium,1,99 yrs lease commencing from 2017,13,Rest of Central Region,06 to 10
SANT RITZ,"950,000",527.44,"1,801",Jan-26,PHENG GECK AVENUE,Resale,Strata,49,"19,388",-,Condominium,1,99 yrs lease commencing from 2012,13,Rest of Central Region,11 to 15
THE POIZ RESIDENCES,"1,250,000",581.26,"2,151",Jan-26,MEYAPPA CHETTIAR ROAD,Resale,Strata,54,"23,148",-,Apartment,1,99 yrs lease commencing from 2014,13,Rest of Central Region,06 to 10
BARTLEY RIDGE,"1,475,000",731.95,"2,015",Jan-26,MOUNT VERNON ROAD,Resale,Strata,68,"21,691",-,Condominium,1,99 yrs lease commencing from 2012,13,Rest of Central Region,11 to 15
THE VENUE RESIDENCES,"1,638,000",839.59,"1,951",Jan-26,TAI THONG CRESCENT,Resale,Strata,78,"21,000",-,Apartment,1,99 yrs lease commencing from 2012,13,Rest of Central Region,01 to 05
PARK COLONIAL,"1,420,000",635.08,"2,236",Jan-26,WOODLEIGH LANE,Resale,Strata,59,"24,068",-,Condominium,1,99 yrs lease commencing from 2017,13,Rest of Central Region,06 to 10
PARK COLONIAL,"1,580,000",678.13,"2,330",Jan-26,WOODLEIGH LANE,Resale,Strata,63,"25,079",-,Condominium,1,99 yrs lease commencing from 2017,13,Rest of Central Region,06 to 10
8@WOODLEIGH,"2,500,000","1,334.74","1,873",Jan-26,WOODLEIGH CLOSE,Resale,Strata,124,"20,161",-,Condominium,1,99 yrs lease commencing from 2008,13,Rest of Central Region,01 to 05
PLATINUM EDGE,"1,980,000","1,087.16","1,821",Jan-26,LEICESTER ROAD,Resale,Strata,101,"19,604",-,Apartment,1,Freehold,13,Rest of Central Region,16 to 20
BARTLEY RIDGE,"2,088,888","1,033.34","2,021",Jan-26,MOUNT VERNON ROAD,Resale,Strata,96,"21,759",-,Condominium,1,99 yrs lease commencing from 2012,13,Rest of Central Region,01 to 05
NIN RESIDENCE,"2,488,000","1,280.92","1,942",Jan-26,PHENG GECK AVENUE,Resale,Strata,119,"20,908",-,Apartment,1,99 yrs lease commencing from 2010,13,Rest of Central Region,11 to 15
THE WOODLEIGH RESIDENCES,"1,398,000",592.02,"2,361",Jan-26,BIDADARI PARK DRIVE,Sub Sale,Strata,55,"25,418",-,Apartment,1,99 yrs lease commencing from 2017,13,Rest of Central Region,06 to 10
THE TRE VER,"1,420,000",688.9,"2,061",Jan-26,POTONG PASIR AVENUE 1,Resale,Strata,64,"22,188",-,Condominium,1,99 yrs lease commencing from 2018,13,Rest of Central Region,11 to 15
THE TRE VER,"1,508,000",753.48,"2,001",Jan-26,POTONG PASIR AVENUE 1,Resale,Strata,70,"21,543",-,Condominium,1,99 yrs lease commencing from 2018,13,Rest of Central Region,11 to 15
THE ADDITION,"2,018,000",947.23,"2,130",Jan-26,MEYAPPA CHETTIAR ROAD,Resale,Strata,88,"22,932",-,Apartment,1,Freehold,13,Rest of Central Region,01 to 05
PARK COLONIAL,"1,180,000",505.91,"2,332",Jan-26,WOODLEIGH LANE,Resale,Strata,47,"25,106",-,Condominium,1,99 yrs lease commencing from 2017,13,Rest of Central Region,11 to 15
NIN RESIDENCE,"1,528,000",990.29,"1,543",Jan-26,PHENG GECK AVENUE,Resale,Strata,92,"16,609",-,Apartment,1,99 yrs lease commencing from 2010,13,Rest of Central Region,01 to 05
SANT RITZ,"1,200,000",688.9,"1,742",Jan-26,PHENG GECK AVENUE,Resale,Strata,64,"18,750",-,Condominium,1,99 yrs lease commencing from 2012,13,Rest of Central Region,01 to 05
MYRA,"3,185,000","1,313.21","2,425",Jan-26,MEYAPPA CHETTIAR ROAD,Resale,Strata,122,"26,107",-,Apartment,1,Freehold,13,Rest of Central Region,11 to 15
E MAISON,"1,530,000",936.47,"1,634",Jan-26,BRADDELL ROAD,Resale,Strata,87,"17,586",-,Apartment,1,Freehold,13,Outside Central Region,01 to 05
THE WOODLEIGH RESIDENCES,"1,515,000",667.37,"2,270",Jan-26,BIDADARI PARK DRIVE,Sub Sale,Strata,62,"24,435",-,Apartment,1,99 yrs lease commencing from 2017,13,Rest of Central Region,06 to 10
THE VENUE RESIDENCES,"2,250,000","1,130.22","1,991",Jan-26,TAI THONG CRESCENT,Resale,Strata,105,"21,429",-,Apartment,1,99 yrs lease commencing from 2012,13,Rest of Central Region,01 to 05
THE WOODLEIGH RESIDENCES,"2,500,000",958,"2,610",Jan-26,BIDADARI PARK DRIVE,Sub Sale,Strata,89,"28,090",-,Apartment,1,99 yrs lease commencing from 2017,13,Rest of Central Region,01 to 05
THE ADDITION,"1,150,000",592.02,"1,943",Dec-25,MEYAPPA CHETTIAR ROAD,Resale,Strata,55,"20,909",-,Apartment,1,Freehold,13,Rest of Central Region,01 to 05
THE VENUE RESIDENCES,"3,300,000","1,948.28","1,694",Dec-25,TAI THONG CRESCENT,Resale,Strata,181,"18,232",-,Apartment,1,99 yrs lease commencing from 2012,13,Rest of Central Region,16 to 20
THE TRE VER,"1,510,000",742.72,"2,033",Dec-25,POTONG PASIR AVENUE 1,Resale,Strata,69,"21,884",-,Condominium,1,99 yrs lease commencing from 2018,13,Rest of Central Region,16 to 20
THE POIZ RESIDENCES,"2,670,000","1,184.04","2,255",Dec-25,MEYAPPA CHETTIAR ROAD,Resale,Strata,110,"24,273",-,Apartment,1,99 yrs lease commencing from 2014,13,Rest of Central Region,06 to 10
THE WOODLEIGH RESIDENCES,"1,630,000",645.84,"2,524",Dec-25,BIDADARI PARK DRIVE,Sub Sale,Strata,60,"27,167",-,Apartment,1,99 yrs lease commencing from 2017,13,Rest of Central Region,06 to 10
E MAISON,"1,520,000",936.47,"1,623",Dec-25,BRADDELL ROAD,Resale,Strata,87,"17,471",-,Apartment,1,Freehold,13,Outside Central Region,01 to 05
THE VENUE RESIDENCES,"1,700,000",839.59,"2,025",Dec-25,TAI THONG CRESCENT,Resale,Strata,78,"21,795",-,Apartment,1,99 yrs lease commencing from 2012,13,Rest of Central Region,06 to 10
THE POIZ RESIDENCES,"2,000,000",839.59,"2,382",Dec-25,MEYAPPA CHETTIAR ROAD,Resale,Strata,78,"25,641",-,Apartment,1,99 yrs lease commencing from 2014,13,Rest of Central Region,06 to 10
PARK COLONIAL,"1,310,000",570.49,"2,296",Dec-25,WOODLEIGH LANE,Resale,Strata,53,"24,717",-,Condominium,1,99 yrs lease commencing from 2017,13,Rest of Central Region,01 to 05
D' ALMIRA,"1,850,000","1,173.28","1,577",Dec-25,SOMMERVILLE ROAD,Resale,Strata,109,"16,972",-,Apartment,1,Freehold,13,Outside Central Region,01 to 05
PARK COLONIAL,"1,050,000",462.85,"2,269",Dec-25,WOODLEIGH LANE,Resale,Strata,43,"24,419",-,Condominium,1,99 yrs lease commencing from 2017,13,Rest of Central Region,06 to 10
PLATINUM EDGE,"1,458,888",796.54,"1,832",Dec-25,LEICESTER ROAD,Resale,Strata,74,"19,715",-,Apartment,1,Freehold,13,Rest of Central Region,06 to 10
NIN RESIDENCE,"1,580,000",904.18,"1,747",Dec-25,PHENG GECK AVENUE,Resale,Strata,84,"18,810",-,Apartment,1,99 yrs lease commencing from 2010,13,Rest of Central Region,01 to 05
THE POIZ RESIDENCES,"831,888",419.8,"1,982",Dec-25,MEYAPPA CHETTIAR ROAD,Resale,Strata,39,"21,330",-,Apartment,1,99 yrs lease commencing from 2014,13,Rest of Central Region,06 to 10
PARK COLONIAL,"1,240,000",570.49,"2,174",Dec-25,WOODLEIGH LANE,Resale,Strata,53,"23,396",-,Condominium,1,99 yrs lease commencing from 2017,13,Rest of Central Region,06 to 10
PARK COLONIAL,"1,418,888",635.08,"2,234",Dec-25,WOODLEIGH LANE,Resale,Strata,59,"24,049",-,Condominium,1,99 yrs lease commencing from 2017,13,Rest of Central Region,01 to 05
THE WOODLEIGH RESIDENCES,"1,270,000",570.49,"2,226",Dec-25,BIDADARI PARK DRIVE,Sub Sale,Strata,53,"23,962",-,Apartment,1,99 yrs lease commencing from 2017,13,Rest of Central Region,01 to 05
8@WOODLEIGH,"2,190,000","1,151.75","1,901",Dec-25,WOODLEIGH CLOSE,Resale,Strata,107,"20,467",-,Condominium,1,99 yrs lease commencing from 2008,13,Rest of Central Region,06 to 10
PARK COLONIAL,"1,650,000",678.13,"2,433",Dec-25,WOODLEIGH LANE,Resale,Strata,63,"26,190",-,Condominium,1,99 yrs lease commencing from 2017,13,Rest of Central Region,11 to 15
PARK COLONIAL,"1,710,000",742.72,"2,302",Dec-25,WOODLEIGH LANE,Resale,Strata,69,"24,783",-,Condominium,1,99 yrs lease commencing from 2017,13,Rest of Central Region,06 to 10
BARTLEY RIDGE,"835,000",462.85,"1,804",Dec-25,MOUNT VERNON ROAD,Resale,Strata,43,"19,419",-,Condominium,1,99 yrs lease commencing from 2012,13,Rest of Central Region,01 to 05
BARTLEY RIDGE,"845,000",441.32,"1,915",Dec-25,MOUNT VERNON ROAD,Resale,Strata,41,"20,610",-,Condominium,1,99 yrs lease commencing from 2012,13,Rest of Central Region,16 to 20
THE TRE VER,"2,250,000","1,097.93","2,049",Dec-25,POTONG PASIR AVENUE 1,Resale,Strata,102,"22,059",-,Condominium,1,99 yrs lease commencing from 2018,13,Rest of Central Region,01 to 05
THE WOODLEIGH RESIDENCES,"1,500,888",667.37,"2,249",Dec-25,BIDADARI PARK DRIVE,Resale,Strata,62,"24,208",-,Apartment,1,99 yrs lease commencing from 2017,13,Rest of Central Region,06 to 10
THE TRE VER,"960,000",505.91,"1,898",Dec-25,POTONG PASIR AVENUE 1,Resale,Strata,47,"20,426",-,Condominium,1,99 yrs lease commencing from 2018,13,Rest of Central Region,06 to 10
CASA MEYA,"1,493,000",807.3,"1,849",Dec-25,MEYAPPA CHETTIAR ROAD,Resale,Strata,75,"19,907",-,Apartment,1,Freehold,13,Rest of Central Region,01 to 05
THE VENUE RESIDENCES,"1,525,000",850.36,"1,793",Dec-25,TAI THONG CRESCENT,Resale,Strata,79,"19,304",-,Apartment,1,99 yrs lease commencing from 2012,13,Rest of Central Region,06 to 10
PARC MONDRIAN,"1,720,000",936.47,"1,837",Dec-25,WOODLEIGH CLOSE,Resale,Strata,87,"19,770",-,Apartment,1,Freehold,13,Rest of Central Region,06 to 10
PARK COLONIAL,"1,725,000",742.72,"2,323",Dec-25,WOODLEIGH LANE,Resale,Strata,69,"25,000",-,Condominium,1,99 yrs lease commencing from 2017,13,Rest of Central Region,06 to 10
THE TRE VER,"939,888",505.91,"1,858",Dec-25,POTONG PASIR AVENUE 1,Resale,Strata,47,"19,998",-,Condominium,1,99 yrs lease commencing from 2018,13,Rest of Central Region,11 to 15
PARK COLONIAL,"4,000,000","1,711.48","2,337",Dec-25,WOODLEIGH LANE,Resale,Strata,159,"25,157",-,Condominium,1,99 yrs lease commencing from 2017,13,Rest of Central Region,11 to 15
NIN RESIDENCE,"2,250,000","1,237.86","1,818",Dec-25,PHENG GECK AVENUE,Resale,Strata,115,"19,565",-,Apartment,1,99 yrs lease commencing from 2010,13,Rest of Central Region,01 to 05
THE VENUE RESIDENCES,"2,450,000","1,237.86","1,979",Dec-25,TAI THONG CRESCENT,Resale,Strata,115,"21,304",-,Apartment,1,99 yrs lease commencing from 2012,13,Rest of Central Region,01 to 05
INTERO,"1,980,000","1,011.82","1,957",Dec-25,LEICESTER ROAD,Resale,Strata,94,"21,064",-,Apartment,1,Freehold,13,Rest of Central Region,11 to 15
BLOSSOMS @ WOODLEIGH,"3,240,000","1,410.08","2,298",Nov-25,WOODLEIGH CLOSE,Resale,Strata,131,"24,733",-,Condominium,1,Freehold,13,Rest of Central Region,06 to 10
THE WOODLEIGH RESIDENCES,"1,523,000",667.37,"2,282",Nov-25,BIDADARI PARK DRIVE,Sub Sale,Strata,62,"24,565",-,Apartment,1,99 yrs lease commencing from 2017,13,Rest of Central Region,01 to 05
PARK COLONIAL,"1,710,000",742.72,"2,302",Nov-25,WOODLEIGH LANE,Resale,Strata,69,"24,783",-,Condominium,1,99 yrs lease commencing from 2017,13,Rest of Central Region,11 to 15
WOODSVILLE 28,"2,142,888","1,194.8","1,794",Nov-25,WOODSVILLE CLOSE,Resale,Strata,111,"19,305",-,Apartment,1,99 yrs lease commencing from 2007,13,Rest of Central Region,11 to 15
THE TRE VER,"880,000",495.14,"1,777",Nov-25,POTONG PASIR AVENUE 1,Resale,Strata,46,"19,130",-,Condominium,1,99 yrs lease commencing from 2018,13,Rest of Central Region,16 to 20
8@WOODLEIGH,"1,640,000",839.59,"1,953",Nov-25,WOODLEIGH CLOSE,Resale,Strata,78,"21,026",-,Condominium,1,99 yrs lease commencing from 2008,13,Rest of Central Region,11 to 15
SENNETT RESIDENCE,"935,000",505.91,"1,848",Nov-25,PHENG GECK AVENUE,Resale,Strata,47,"19,894",-,Condominium,1,99 yrs lease commencing from 2011,13,Rest of Central Region,01 to 05
BARTLEY RIDGE,"2,038,000",968.76,"2,104",Nov-25,MOUNT VERNON ROAD,Resale,Strata,90,"22,644",-,Condominium,1,99 yrs lease commencing from 2012,13,Rest of Central Region,11 to 15
BARTLEY RIDGE,"2,165,000",968.76,"2,235",Nov-25,MOUNT VERNON ROAD,Resale,Strata,90,"24,056",-,Condominium,1,99 yrs lease commencing from 2012,13,Rest of Central Region,16 to 20
NIN RESIDENCE,"1,570,000",904.18,"1,736",Nov-25,PHENG GECK AVENUE,Resale,Strata,84,"18,690",-,Apartment,1,99 yrs lease commencing from 2010,13,Rest of Central Region,06 to 10
THE TRE VER,"2,250,000","1,097.93","2,049",Nov-25,POTONG PASIR AVENUE 1,Resale,Strata,102,"22,059",-,Condominium,1,99 yrs lease commencing from 2018,13,Rest of Central Region,01 to 05
BARTLEY RIDGE,"1,475,000",742.72,"1,986",Nov-25,MOUNT VERNON ROAD,Resale,Strata,69,"21,377",-,Condominium,1,99 yrs lease commencing from 2012,13,Rest of Central Region,06 to 10
THE TRE VER,"2,350,000","1,108.69","2,120",Nov-25,POTONG PASIR AVENUE 1,Resale,Strata,103,"22,816",-,Condominium,1,99 yrs lease commencing from 2018,13,Rest of Central Region,16 to 20
THE TRE VER,"1,430,000",699.66,"2,044",Nov-25,POTONG PASIR AVENUE 1,Resale,Strata,65,"22,000",-,Condominium,1,99 yrs lease commencing from 2018,13,Rest of Central Region,16 to 20
THE POIZ RESIDENCES,"1,068,000",538.2,"1,984",Nov-25,MEYAPPA CHETTIAR ROAD,Resale,Strata,50,"21,360",-,Apartment,1,99 yrs lease commencing from 2014,13,Rest of Central Region,11 to 15
INTERO,"1,874,000","1,011.82","1,852",Nov-25,LEICESTER ROAD,Resale,Strata,94,"19,936",-,Apartment,1,Freehold,13,Rest of Central Region,11 to 15
THE TRE VER,"1,460,000",742.72,"1,966",Nov-25,POTONG PASIR AVENUE 1,Resale,Strata,69,"21,159",-,Condominium,1,99 yrs lease commencing from 2018,13,Rest of Central Region,11 to 15
THE VENUE RESIDENCES,"2,480,000","1,130.22","2,194",Nov-25,TAI THONG CRESCENT,Resale,Strata,105,"23,619",-,Apartment,1,99 yrs lease commencing from 2012,13,Rest of Central Region,06 to 10
THE WOODLEIGH RESIDENCES,"1,685,000",699.66,"2,408",Nov-25,BIDADARI PARK DRIVE,Sub Sale,Strata,65,"25,923",-,Apartment,1,99 yrs lease commencing from 2017,13,Rest of Central Region,06 to 10
BARTLEY RIDGE,"2,230,000","1,033.34","2,158",Nov-25,MOUNT VERNON ROAD,Resale,Strata,96,"23,229",-,Condominium,1,99 yrs lease commencing from 2012,13,Rest of Central Region,11 to 15
THE TRE VER,"1,260,000",613.55,"2,054",Nov-25,POTONG PASIR AVENUE 1,Resale,Strata,57,"22,105",-,Condominium,1,99 yrs lease commencing from 2018,13,Rest of Central Region,16 to 20
AVON PARK,"2,938,000","1,711.48","1,717",Nov-25,YOUNGBERG TERRACE,Resale,Strata,159,"18,478",-,Condominium,1,Freehold,13,Rest of Central Region,06 to 10
SENNETT RESIDENCE,"2,600,000","1,194.8","2,176",Nov-25,PHENG GECK AVENUE,Resale,Strata,111,"23,423",-,Condominium,1,99 yrs lease commencing from 2011,13,Rest of Central Region,06 to 10
THE SCENIC @ BRADDELL,"2,450,000","1,776.06","1,379",Nov-25,BRADDELL ROAD,Resale,Strata,165,"14,848",-,Apartment,1,Freehold,13,Outside Central Region,06 to 10
SANT RITZ,"1,810,000",882.65,"2,051",Nov-25,PHENG GECK AVENUE,Resale,Strata,82,"22,073",-,Condominium,1,99 yrs lease commencing from 2012,13,Rest of Central Region,06 to 10
BARTLEY RIDGE,"2,130,000","1,044.11","2,040",Nov-25,MOUNT VERNON ROAD,Resale,Strata,97,"21,959",-,Condominium,1,99 yrs lease commencing from 2012,13,Rest of Central Region,01 to 05
PARK COLONIAL,"2,325,000",936.47,"2,483",Oct-25,WOODLEIGH LANE,Resale,Strata,87,"26,724",-,Condominium,1,99 yrs lease commencing from 2017,13,Rest of Central Region,01 to 05
THE ACACIAS,"1,980,000","1,216.33","1,628",Oct-25,SOMMERVILLE ROAD,Resale,Strata,113,"17,522",-,Apartment,1,Freehold,13,Outside Central Region,01 to 05
THE TRE VER,"933,000",505.91,"1,844",Oct-25,POTONG PASIR AVENUE 1,Resale,Strata,47,"19,851",-,Condominium,1,99 yrs lease commencing from 2018,13,Rest of Central Region,01 to 05
SKY GREEN,"860,000",473.62,"1,816",Oct-25,MACPHERSON ROAD,Resale,Strata,44,"19,545",-,Condominium,1,Freehold,13,Rest of Central Region,06 to 10
NIN RESIDENCE,"2,200,000","1,237.86","1,777",Oct-25,PHENG GECK AVENUE,Resale,Strata,115,"19,130",-,Apartment,1,99 yrs lease commencing from 2010,13,Rest of Central Region,01 to 05
SENNETT ESTATE,"1,550,000","1,054.87","1,469",Oct-25,MACPHERSON ROAD,Resale,Strata,98,"15,816",-,Apartment,1,Freehold,13,Rest of Central Region,01 to 05
THE POIZ RESIDENCES,"3,340,000","1,528.49","2,185",Oct-25,MEYAPPA CHETTIAR ROAD,Resale,Strata,142,"23,521",-,Apartment,1,99 yrs lease commencing from 2014,13,Rest of Central Region,11 to 15
PARK COLONIAL,"1,300,000",602.78,"2,157",Oct-25,WOODLEIGH LANE,Resale,Strata,56,"23,214",-,Condominium,1,99 yrs lease commencing from 2017,13,Rest of Central Region,06 to 10
PARK COLONIAL,"982,500",462.85,"2,123",Oct-25,WOODLEIGH LANE,Resale,Strata,43,"22,849",-,Condominium,1,99 yrs lease commencing from 2017,13,Rest of Central Region,01 to 05
18 WOODSVILLE,"1,460,000",818.06,"1,785",Oct-25,WOODSVILLE CLOSE,Resale,Strata,76,"19,211",-,Apartment,1,Freehold,13,Rest of Central Region,06 to 10
E MAISON,"1,150,000",667.37,"1,723",Oct-25,BRADDELL ROAD,Resale,Strata,62,"18,548",-,Apartment,1,Freehold,13,Outside Central Region,01 to 05
THE WOODLEIGH RESIDENCES,"1,300,000",570.49,"2,279",Oct-25,BIDADARI PARK DRIVE,Sub Sale,Strata,53,"24,528",-,Apartment,1,99 yrs lease commencing from 2017,13,Rest of Central Region,11 to 15
PARK COLONIAL,"975,000",462.85,"2,107",Oct-25,WOODLEIGH LANE,Resale,Strata,43,"22,674",-,Condominium,1,99 yrs lease commencing from 2017,13,Rest of Central Region,01 to 05
THE POIZ RESIDENCES,"1,838,000",839.59,"2,189",Oct-25,MEYAPPA CHETTIAR ROAD,Resale,Strata,78,"23,564",-,Apartment,1,99 yrs lease commencing from 2014,13,Rest of Central Region,01 to 05
PARK COLONIAL,"1,330,000",602.78,"2,206",Oct-25,WOODLEIGH LANE,Resale,Strata,56,"23,750",-,Condominium,1,99 yrs lease commencing from 2017,13,Rest of Central Region,11 to 15
THE TRE VER,"1,468,000",699.66,"2,098",Oct-25,POTONG PASIR AVENUE 1,Resale,Strata,65,"22,585",-,Condominium,1,99 yrs lease commencing from 2018,13,Rest of Central Region,16 to 20
THE TRE VER,"1,260,000",613.55,"2,054",Oct-25,POTONG PASIR AVENUE 1,Resale,Strata,57,"22,105",-,Condominium,1,99 yrs lease commencing from 2018,13,Rest of Central Region,16 to 20
PARK COLONIAL,"1,720,000",742.72,"2,316",Oct-25,WOODLEIGH LANE,Resale,Strata,69,"24,928",-,Condominium,1,99 yrs lease commencing from 2017,13,Rest of Central Region,11 to 15
THE WOODLEIGH RESIDENCES,"2,328,000",850.36,"2,738",Oct-25,BIDADARI PARK DRIVE,Sub Sale,Strata,79,"29,468",-,Apartment,1,99 yrs lease commencing from 2017,13,Rest of Central Region,06 to 10
SKY GREEN,"3,000,000","1,496.2","2,005",Oct-25,MACPHERSON ROAD,Resale,Strata,139,"21,583",-,Condominium,1,Freehold,13,Rest of Central Region,01 to 05
SENNETT ESTATE,"1,000,000","1,033.34",968,Oct-25,MACPHERSON ROAD,Resale,Strata,96,"10,417",-,Apartment,1,Freehold,13,Rest of Central Region,01 to 05
THE TRE VER,"2,350,000","1,097.93","2,140",Oct-25,POTONG PASIR AVENUE 1,Resale,Strata,102,"23,039",-,Condominium,1,99 yrs lease commencing from 2018,13,Rest of Central Region,16 to 20
THE WOODLEIGH RESIDENCES,"1,650,000",699.66,"2,358",Oct-25,BIDADARI PARK DRIVE,Sub Sale,Strata,65,"25,385",-,Apartment,1,99 yrs lease commencing from 2017,13,Rest of Central Region,01 to 05
BARTLEY RIDGE,"2,780,000","1,302.44","2,134",Oct-25,MOUNT VERNON ROAD,Resale,Strata,121,"22,975",-,Condominium,1,99 yrs lease commencing from 2012,13,Rest of Central Region,11 to 15
BARTLEY RIDGE,"848,000",462.85,"1,832",Oct-25,MOUNT VERNON ROAD,Resale,Strata,43,"19,721",-,Condominium,1,99 yrs lease commencing from 2012,13,Rest of Central Region,06 to 10
DAISY SUITES,"1,198,000",764.24,"1,568",Oct-25,DAISY ROAD,Resale,Strata,71,"16,873",-,Apartment,1,Freehold,13,Outside Central Region,01 to 05
THE TRE VER,"1,455,000",742.72,"1,959",Oct-25,POTONG PASIR AVENUE 1,Resale,Strata,69,"21,087",-,Condominium,1,99 yrs lease commencing from 2018,13,Rest of Central Region,06 to 10
THE TRE VER,"1,500,000",753.48,"1,991",Oct-25,POTONG PASIR AVENUE 1,Resale,Strata,70,"21,429",-,Condominium,1,99 yrs lease commencing from 2018,13,Rest of Central Region,11 to 15
THE TRE VER,"2,280,000","1,097.93","2,077",Oct-25,POTONG PASIR AVENUE 1,Resale,Strata,102,"22,353",-,Condominium,1,99 yrs lease commencing from 2018,13,Rest of Central Region,06 to 10
BARTLEY RIDGE,"900,000",495.14,"1,818",Oct-25,MOUNT VERNON ROAD,Resale,Strata,46,"19,565",-,Condominium,1,99 yrs lease commencing from 2012,13,Rest of Central Region,16 to 20
BARTLEY RIDGE,"2,050,000",968.76,"2,116",Oct-25,MOUNT VERNON ROAD,Resale,Strata,90,"22,778",-,Condominium,1,99 yrs lease commencing from 2012,13,Rest of Central Region,16 to 20
THE TRE VER,"1,420,000",699.66,"2,030",Oct-25,POTONG PASIR AVENUE 1,Resale,Strata,65,"21,846",-,Condominium,1,99 yrs lease commencing from 2018,13,Rest of Central Region,16 to 20
NIN RESIDENCE,"848,000",527.44,"1,608",Oct-25,PHENG GECK AVENUE,Resale,Strata,49,"17,306",-,Apartment,1,99 yrs lease commencing from 2010,13,Rest of Central Region,11 to 15
PARK COLONIAL,"1,465,000",635.08,"2,307",Oct-25,WOODLEIGH LANE,Resale,Strata,59,"24,831",-,Condominium,1,99 yrs lease commencing from 2017,13,Rest of Central Region,11 to 15
THE ACACIAS,"2,080,000","1,313.21","1,584",Oct-25,SOMMERVILLE ROAD,Resale,Strata,122,"17,049",-,Apartment,1,Freehold,13,Outside Central Region,01 to 05
NIN RESIDENCE,"1,310,000",979.52,"1,337",Sep-25,PHENG GECK AVENUE,Resale,Strata,91,"14,396",-,Apartment,1,99 yrs lease commencing from 2010,13,Rest of Central Region,01 to 05
THE POIZ RESIDENCES,"1,750,000",807.3,"2,168",Sep-25,MEYAPPA CHETTIAR ROAD,Resale,Strata,75,"23,333",-,Apartment,1,99 yrs lease commencing from 2014,13,Rest of Central Region,11 to 15
THE TRE VER,"1,446,000",699.66,"2,067",Sep-25,POTONG PASIR AVENUE 1,Resale,Strata,65,"22,246",-,Condominium,1,99 yrs lease commencing from 2018,13,Rest of Central Region,06 to 10
ONE LEICESTER,"2,288,888","1,151.75","1,987",Sep-25,LEICESTER ROAD,Resale,Strata,107,"21,391",-,Condominium,1,Freehold,13,Rest of Central Region,11 to 15
BARTLEY RIDGE,"843,000",462.85,"1,821",Sep-25,MOUNT VERNON ROAD,Resale,Strata,43,"19,605",-,Condominium,1,99 yrs lease commencing from 2012,13,Rest of Central Region,06 to 10
THE TRE VER,"2,300,000","1,054.87","2,180",Sep-25,POTONG PASIR AVENUE 1,Resale,Strata,98,"23,469",-,Condominium,1,99 yrs lease commencing from 2018,13,Rest of Central Region,06 to 10
PARK COLONIAL,"2,415,000",979.52,"2,465",Sep-25,WOODLEIGH LANE,Resale,Strata,91,"26,538",-,Condominium,1,99 yrs lease commencing from 2017,13,Rest of Central Region,06 to 10
PARK COLONIAL,"1,710,000",742.72,"2,302",Sep-25,WOODLEIGH LANE,Resale,Strata,69,"24,783",-,Condominium,1,99 yrs lease commencing from 2017,13,Rest of Central Region,06 to 10
THE WOODLEIGH RESIDENCES,"3,048,000","1,119.46","2,723",Sep-25,BIDADARI PARK DRIVE,Sub Sale,Strata,104,"29,308",-,Apartment,1,99 yrs lease commencing from 2017,13,Rest of Central Region,06 to 10
THE WOODLEIGH RESIDENCES,"1,602,800",667.37,"2,402",Sep-25,BIDADARI PARK DRIVE,Sub Sale,Strata,62,"25,852",-,Apartment,1,99 yrs lease commencing from 2017,13,Rest of Central Region,06 to 10
BARTLEY RIDGE,"880,000",495.14,"1,777",Sep-25,MOUNT VERNON ROAD,Resale,Strata,46,"19,130",-,Condominium,1,99 yrs lease commencing from 2012,13,Rest of Central Region,06 to 10
BARTLEY RIDGE,"1,668,888",850.36,"1,963",Sep-25,MOUNT VERNON ROAD,Resale,Strata,79,"21,125",-,Condominium,1,99 yrs lease commencing from 2012,13,Rest of Central Region,16 to 20
SANT RITZ,"950,000",527.44,"1,801",Sep-25,PHENG GECK AVENUE,Resale,Strata,49,"19,388",-,Condominium,1,99 yrs lease commencing from 2012,13,Rest of Central Region,16 to 20
THE TRE VER,"890,000",495.14,"1,797",Sep-25,POTONG PASIR AVENUE 1,Resale,Strata,46,"19,348",-,Condominium,1,99 yrs lease commencing from 2018,13,Rest of Central Region,16 to 20
THE WOODLEIGH RESIDENCES,"1,450,000",667.37,"2,173",Sep-25,BIDADARI PARK DRIVE,Sub Sale,Strata,62,"23,387",-,Apartment,1,99 yrs lease commencing from 2017,13,Rest of Central Region,01 to 05
THE TRE VER,"1,268,000",645.84,"1,963",Sep-25,POTONG PASIR AVENUE 1,Resale,Strata,60,"21,133",-,Condominium,1,99 yrs lease commencing from 2018,13,Rest of Central Region,11 to 15
THE TRE VER,"2,200,888","1,097.93","2,005",Sep-25,POTONG PASIR AVENUE 1,Resale,Strata,102,"21,577",-,Condominium,1,99 yrs lease commencing from 2018,13,Rest of Central Region,16 to 20
THE TRE VER,"1,428,000",699.66,"2,041",Sep-25,POTONG PASIR AVENUE 1,Resale,Strata,65,"21,969",-,Condominium,1,99 yrs lease commencing from 2018,13,Rest of Central Region,06 to 10
THE TRE VER,"2,290,000","1,108.69","2,065",Sep-25,POTONG PASIR AVENUE 1,Resale,Strata,103,"22,233",-,Condominium,1,99 yrs lease commencing from 2018,13,Rest of Central Region,11 to 15
THE TRE VER,"1,460,000",742.72,"1,966",Sep-25,POTONG PASIR AVENUE 1,Resale,Strata,69,"21,159",-,Condominium,1,99 yrs lease commencing from 2018,13,Rest of Central Region,11 to 15
THE TRE VER,"2,300,000","1,097.93","2,095",Sep-25,POTONG PASIR AVENUE 1,Resale,Strata,102,"22,549",-,Condominium,1,99 yrs lease commencing from 2018,13,Rest of Central Region,11 to 15
MYRA,"1,650,000",678.13,"2,433",Sep-25,MEYAPPA CHETTIAR ROAD,Resale,Strata,63,"26,190",-,Apartment,1,Freehold,13,Rest of Central Region,01 to 05
THE POIZ RESIDENCES,"828,500",419.8,"1,974",Sep-25,MEYAPPA CHETTIAR ROAD,Resale,Strata,39,"21,244",-,Apartment,1,99 yrs lease commencing from 2014,13,Rest of Central Region,06 to 10
THE VENUE RESIDENCES,"1,510,000",839.59,"1,798",Sep-25,TAI THONG CRESCENT,Resale,Strata,78,"19,359",-,Apartment,1,99 yrs lease commencing from 2012,13,Rest of Central Region,06 to 10
THE WOODLEIGH RESIDENCES,"2,720,000",958,"2,839",Sep-25,BIDADARI PARK DRIVE,Sub Sale,Strata,89,"30,562",-,Apartment,1,99 yrs lease commencing from 2017,13,Rest of Central Region,11 to 15
NIN RESIDENCE,"1,550,000",850.36,"1,823",Sep-25,PHENG GECK AVENUE,Resale,Strata,79,"19,620",-,Apartment,1,99 yrs lease commencing from 2010,13,Rest of Central Region,11 to 15
SANT RITZ,"2,068,000","1,097.93","1,884",Sep-25,PHENG GECK AVENUE,Resale,Strata,102,"20,275",-,Condominium,1,99 yrs lease commencing from 2012,13,Rest of Central Region,11 to 15
THE WOODLEIGH RESIDENCES,"3,080,000","1,119.46","2,751",Sep-25,BIDADARI PARK DRIVE,Sub Sale,Strata,104,"29,615",-,Apartment,1,99 yrs lease commencing from 2017,13,Rest of Central Region,11 to 15
THE TRE VER,"840,000",484.38,"1,734",Sep-25,POTONG PASIR AVENUE 1,Resale,Strata,45,"18,667",-,Condominium,1,99 yrs lease commencing from 2018,13,Rest of Central Region,06 to 10
THE TRE VER,"965,000",505.91,"1,907",Sep-25,POTONG PASIR AVENUE 1,Resale,Strata,47,"20,532",-,Condominium,1,99 yrs lease commencing from 2018,13,Rest of Central Region,11 to 15
PARK COLONIAL,"1,100,000",462.85,"2,377",Sep-25,WOODLEIGH LANE,Resale,Strata,43,"25,581",-,Condominium,1,99 yrs lease commencing from 2017,13,Rest of Central Region,06 to 10
THE POIZ RESIDENCES,"818,000",419.8,"1,949",Sep-25,MEYAPPA CHETTIAR ROAD,Resale,Strata,39,"20,974",-,Apartment,1,99 yrs lease commencing from 2014,13,Rest of Central Region,06 to 10
THE TRE VER,"1,480,000",742.72,"1,993",Sep-25,POTONG PASIR AVENUE 1,Resale,Strata,69,"21,449",-,Condominium,1,99 yrs lease commencing from 2018,13,Rest of Central Region,11 to 15
THE POIZ RESIDENCES,"888,000",441.32,"2,012",Sep-25,MEYAPPA CHETTIAR ROAD,Resale,Strata,41,"21,659",-,Apartment,1,99 yrs lease commencing from 2014,13,Rest of Central Region,06 to 10
THE POIZ RESIDENCES,"1,900,000",839.59,"2,263",Sep-25,MEYAPPA CHETTIAR ROAD,Resale,Strata,78,"24,359",-,Apartment,1,99 yrs lease commencing from 2014,13,Rest of Central Region,11 to 15
THE WOODLEIGH RESIDENCES,"2,580,000",958,"2,693",Sep-25,BIDADARI PARK DRIVE,Sub Sale,Strata,89,"28,989",-,Apartment,1,99 yrs lease commencing from 2017,13,Rest of Central Region,11 to 15
THE TRE VER,"1,200,000",613.55,"1,956",Sep-25,POTONG PASIR AVENUE 1,Resale,Strata,57,"21,053",-,Condominium,1,99 yrs lease commencing from 2018,13,Rest of Central Region,11 to 15
BARTLEY RIDGE,"2,880,000","1,550.02","1,858",Aug-25,MOUNT VERNON ROAD,Resale,Strata,144,"20,000",-,Condominium,1,99 yrs lease commencing from 2012,13,Rest of Central Region,06 to 10
THE POIZ RESIDENCES,"1,050,000",527.44,"1,991",Aug-25,MEYAPPA CHETTIAR ROAD,Resale,Strata,49,"21,429",-,Apartment,1,99 yrs lease commencing from 2014,13,Rest of Central Region,11 to 15
SKY GREEN,"865,000",462.85,"1,869",Aug-25,MACPHERSON ROAD,Resale,Strata,43,"20,116",-,Condominium,1,Freehold,13,Rest of Central Region,11 to 15
THE TRE VER,"2,290,000","1,108.69","2,065",Aug-25,POTONG PASIR AVENUE 1,Resale,Strata,103,"22,233",-,Condominium,1,99 yrs lease commencing from 2018,13,Rest of Central Region,11 to 15
THE TRE VER,"1,520,000",753.48,"2,017",Aug-25,POTONG PASIR AVENUE 1,Resale,Strata,70,"21,714",-,Condominium,1,99 yrs lease commencing from 2018,13,Rest of Central Region,11 to 15
THE TRE VER,"1,500,000",753.48,"1,991",Aug-25,POTONG PASIR AVENUE 1,Resale,Strata,70,"21,429",-,Condominium,1,99 yrs lease commencing from 2018,13,Rest of Central Region,11 to 15
SKY GREEN,"1,350,000",742.72,"1,818",Aug-25,MACPHERSON ROAD,Resale,Strata,69,"19,565",-,Condominium,1,Freehold,13,Rest of Central Region,06 to 10
THE POIZ RESIDENCES,"2,610,000","1,184.04","2,204",Aug-25,MEYAPPA CHETTIAR ROAD,Resale,Strata,110,"23,727",-,Apartment,1,99 yrs lease commencing from 2014,13,Rest of Central Region,11 to 15
THE WOODLEIGH RESIDENCES,"1,680,000",699.66,"2,401",Aug-25,BIDADARI PARK DRIVE,Sub Sale,Strata,65,"25,846",-,Apartment,1,99 yrs lease commencing from 2017,13,Rest of Central Region,01 to 05
THE TRE VER,"1,500,000",796.54,"1,883",Aug-25,POTONG PASIR AVENUE 1,Resale,Strata,74,"20,270",-,Condominium,1,99 yrs lease commencing from 2018,13,Rest of Central Region,01 to 05
THE POIZ RESIDENCES,"1,860,000",839.59,"2,215",Aug-25,MEYAPPA CHETTIAR ROAD,Resale,Strata,78,"23,846",-,Apartment,1,99 yrs lease commencing from 2014,13,Rest of Central Region,16 to 20
THE ACACIAS,"1,470,000",979.52,"1,501",Aug-25,SOMMERVILLE ROAD,Resale,Strata,91,"16,154",-,Apartment,1,Freehold,13,Outside Central Region,01 to 05
PARK COLONIAL,"2,770,000","1,345.5","2,059",Aug-25,WOODLEIGH LANE,Resale,Strata,125,"22,160",-,Condominium,1,99 yrs lease commencing from 2017,13,Rest of Central Region,11 to 15
PARK COLONIAL,"980,888",462.85,"2,119",Aug-25,WOODLEIGH LANE,Resale,Strata,43,"22,811",-,Condominium,1,99 yrs lease commencing from 2017,13,Rest of Central Region,11 to 15
THE TRE VER,"2,168,388","1,011.82","2,143",Aug-25,POTONG PASIR AVENUE 1,Resale,Strata,94,"23,068",-,Condominium,1,99 yrs lease commencing from 2018,13,Rest of Central Region,16 to 20
THE WOODLEIGH RESIDENCES,"1,860,000",742.72,"2,504",Aug-25,BIDADARI PARK DRIVE,Sub Sale,Strata,69,"26,957",-,Apartment,1,99 yrs lease commencing from 2017,13,Rest of Central Region,11 to 15
THE TRE VER,"1,420,000",742.72,"1,912",Aug-25,POTONG PASIR AVENUE 1,Resale,Strata,69,"20,580",-,Condominium,1,99 yrs lease commencing from 2018,13,Rest of Central Region,06 to 10
THE TRE VER,"1,458,000",699.66,"2,084",Aug-25,POTONG PASIR AVENUE 1,Resale,Strata,65,"22,431",-,Condominium,1,99 yrs lease commencing from 2018,13,Rest of Central Region,11 to 15
PARK COLONIAL,"1,035,000",462.85,"2,236",Aug-25,WOODLEIGH LANE,Resale,Strata,43,"24,070",-,Condominium,1,99 yrs lease commencing from 2017,13,Rest of Central Region,11 to 15
NIN RESIDENCE,"1,510,000",850.36,"1,776",Aug-25,PHENG GECK AVENUE,Resale,Strata,79,"19,114",-,Apartment,1,99 yrs lease commencing from 2010,13,Rest of Central Region,11 to 15
THE TRE VER,"1,286,000",645.84,"1,991",Aug-25,POTONG PASIR AVENUE 1,Resale,Strata,60,"21,433",-,Condominium,1,99 yrs lease commencing from 2018,13,Rest of Central Region,16 to 20
BARTLEY RIDGE,"1,620,000",828.83,"1,955",Aug-25,MOUNT VERNON ROAD,Resale,Strata,77,"21,039",-,Condominium,1,99 yrs lease commencing from 2012,13,Rest of Central Region,01 to 05
BARTLEY RIDGE,"2,168,000","1,033.34","2,098",Aug-25,MOUNT VERNON ROAD,Resale,Strata,96,"22,583",-,Condominium,1,99 yrs lease commencing from 2012,13,Rest of Central Region,11 to 15
MYRA,"1,150,000",473.62,"2,428",Aug-25,MEYAPPA CHETTIAR ROAD,Resale,Strata,44,"26,136",-,Apartment,1,Freehold,13,Rest of Central Region,06 to 10
SANT RITZ,"1,388,000",785.77,"1,766",Aug-25,PHENG GECK AVENUE,Resale,Strata,73,"19,014",-,Condominium,1,99 yrs lease commencing from 2012,13,Rest of Central Region,01 to 05
THE TRE VER,"1,388,000",753.48,"1,842",Aug-25,POTONG PASIR AVENUE 1,Resale,Strata,70,"19,829",-,Condominium,1,99 yrs lease commencing from 2018,13,Rest of Central Region,01 to 05
NIN RESIDENCE,"830,000",473.62,"1,752",Aug-25,PHENG GECK AVENUE,Resale,Strata,44,"18,864",-,Apartment,1,99 yrs lease commencing from 2010,13,Rest of Central Region,11 to 15
8@WOODLEIGH,"2,180,000","1,162.51","1,875",Aug-25,WOODLEIGH CLOSE,Resale,Strata,108,"20,185",-,Condominium,1,99 yrs lease commencing from 2008,13,Rest of Central Region,11 to 15
BARTLEY RIDGE,"1,460,000",721.19,"2,024",Aug-25,MOUNT VERNON ROAD,Resale,Strata,67,"21,791",-,Condominium,1,99 yrs lease commencing from 2012,13,Rest of Central Region,11 to 15
18 WOODSVILLE,"895,000",495.14,"1,808",Aug-25,WOODSVILLE CLOSE,Resale,Strata,46,"19,457",-,Apartment,1,Freehold,13,Rest of Central Region,06 to 10
BARTLEY RIDGE,"880,000",462.85,"1,901",Aug-25,MOUNT VERNON ROAD,Resale,Strata,43,"20,465",-,Condominium,1,99 yrs lease commencing from 2012,13,Rest of Central Region,11 to 15
THE TRE VER,"1,488,000",753.48,"1,975",Aug-25,POTONG PASIR AVENUE 1,Resale,Strata,70,"21,257",-,Condominium,1,99 yrs lease commencing from 2018,13,Rest of Central Region,11 to 15
8@WOODLEIGH,"1,810,000",958,"1,889",Jul-25,WOODLEIGH CLOSE,Resale,Strata,89,"20,337",-,Condominium,1,99 yrs lease commencing from 2008,13,Rest of Central Region,01 to 05
PLATINUM EDGE,"1,793,000","1,054.87","1,700",Jul-25,LEICESTER ROAD,Resale,Strata,98,"18,296",-,Apartment,1,Freehold,13,Rest of Central Region,01 to 05
8@WOODLEIGH,"1,560,000",839.59,"1,858",Jul-25,WOODLEIGH CLOSE,Resale,Strata,78,"20,000",-,Condominium,1,99 yrs lease commencing from 2008,13,Rest of Central Region,11 to 15
THE TRE VER,"1,425,000",699.66,"2,037",Jul-25,POTONG PASIR AVENUE 1,Resale,Strata,65,"21,923",-,Condominium,1,99 yrs lease commencing from 2018,13,Rest of Central Region,16 to 20
THE WOODLEIGH RESIDENCES,"1,508,000",667.37,"2,260",Jul-25,BIDADARI PARK DRIVE,Sub Sale,Strata,62,"24,323",-,Apartment,1,99 yrs lease commencing from 2017,13,Rest of Central Region,01 to 05
BARTLEY RIDGE,"1,650,888",850.36,"1,941",Jul-25,MOUNT VERNON ROAD,Resale,Strata,79,"20,897",-,Condominium,1,99 yrs lease commencing from 2012,13,Rest of Central Region,06 to 10
SKY GREEN,"1,488,888",796.54,"1,869",Jul-25,MACPHERSON ROAD,Resale,Strata,74,"20,120",-,Condominium,1,Freehold,13,Rest of Central Region,01 to 05
SANT RITZ,"1,780,000",882.65,"2,017",Jul-25,PHENG GECK AVENUE,Resale,Strata,82,"21,707",-,Condominium,1,99 yrs lease commencing from 2012,13,Rest of Central Region,06 to 10
THE POIZ RESIDENCES,"2,606,000","1,184.04","2,201",Jul-25,MEYAPPA CHETTIAR ROAD,Resale,Strata,110,"23,691",-,Apartment,1,99 yrs lease commencing from 2014,13,Rest of Central Region,11 to 15
THE TRE VER,"1,420,000",699.66,"2,030",Jul-25,POTONG PASIR AVENUE 1,Resale,Strata,65,"21,846",-,Condominium,1,99 yrs lease commencing from 2018,13,Rest of Central Region,06 to 10
ONE LEICESTER,"2,428,888","1,280.92","1,896",Jul-25,LEICESTER ROAD,Resale,Strata,119,"20,411",-,Condominium,1,Freehold,13,Rest of Central Region,01 to 05
THE POIZ RESIDENCES,"2,600,000","1,184.04","2,196",Jul-25,MEYAPPA CHETTIAR ROAD,Resale,Strata,110,"23,636",-,Apartment,1,99 yrs lease commencing from 2014,13,Rest of Central Region,06 to 10
THE WOODLEIGH RESIDENCES,"2,143,888",850.36,"2,521",Jul-25,BIDADARI PARK DRIVE,Sub Sale,Strata,79,"27,138",-,Apartment,1,99 yrs lease commencing from 2017,13,Rest of Central Region,11 to 15
BLOSSOMS @ WOODLEIGH,"2,650,000","1,194.8","2,218",Jul-25,WOODLEIGH CLOSE,Resale,Strata,111,"23,874",-,Condominium,1,Freehold,13,Rest of Central Region,01 to 05
THE POIZ RESIDENCES,"828,000",419.8,"1,972",Jul-25,MEYAPPA CHETTIAR ROAD,Resale,Strata,39,"21,231",-,Apartment,1,99 yrs lease commencing from 2014,13,Rest of Central Region,06 to 10
THE TRE VER,"1,425,000",699.66,"2,037",Jul-25,POTONG PASIR AVENUE 1,Resale,Strata,65,"21,923",-,Condominium,1,99 yrs lease commencing from 2018,13,Rest of Central Region,11 to 15
THE WOODLEIGH RESIDENCES,"1,690,000",699.66,"2,415",Jul-25,BIDADARI PARK DRIVE,Sub Sale,Strata,65,"26,000",-,Apartment,1,99 yrs lease commencing from 2017,13,Rest of Central Region,11 to 15
THE WOODLEIGH RESIDENCES,"1,650,000",667.37,"2,472",Jul-25,BIDADARI PARK DRIVE,Sub Sale,Strata,62,"26,613",-,Apartment,1,99 yrs lease commencing from 2017,13,Rest of Central Region,06 to 10
PARK COLONIAL,"1,645,000",667.37,"2,465",Jul-25,WOODLEIGH LANE,Resale,Strata,62,"26,532",-,Condominium,1,99 yrs lease commencing from 2017,13,Rest of Central Region,06 to 10
THE SCENIC @ BRADDELL,"2,125,000","1,550.02","1,371",Jul-25,BRADDELL ROAD,Resale,Strata,144,"14,757",-,Apartment,1,Freehold,13,Outside Central Region,01 to 05
SKY GREEN,"1,550,000","1,033.34","1,500",Jul-25,MACPHERSON ROAD,Resale,Strata,96,"16,146",-,Condominium,1,Freehold,13,Rest of Central Region,06 to 10
THE TRE VER,"908,000",495.14,"1,834",Jul-25,POTONG PASIR AVENUE 1,Resale,Strata,46,"19,739",-,Condominium,1,99 yrs lease commencing from 2018,13,Rest of Central Region,06 to 10
BARTLEY RIDGE,"870,000",462.85,"1,880",Jul-25,MOUNT VERNON ROAD,Resale,Strata,43,"20,233",-,Condominium,1,99 yrs lease commencing from 2012,13,Rest of Central Region,16 to 20
THE TRE VER,"1,150,000",645.84,"1,781",Jul-25,POTONG PASIR AVENUE 1,Resale,Strata,60,"19,167",-,Condominium,1,99 yrs lease commencing from 2018,13,Rest of Central Region,01 to 05
THE ACACIAS,"1,524,800","1,001.05","1,523",Jul-25,SOMMERVILLE ROAD,Resale,Strata,93,"16,396",-,Apartment,1,Freehold,13,Outside Central Region,01 to 05
SENNETT RESIDENCE,"1,670,000",850.36,"1,964",Jul-25,PHENG GECK AVENUE,Resale,Strata,79,"21,139",-,Condominium,1,99 yrs lease commencing from 2011,13,Rest of Central Region,11 to 15
BARTLEY RIDGE,"1,338,888",721.19,"1,857",Jul-25,MOUNT VERNON ROAD,Resale,Strata,67,"19,983",-,Condominium,1,99 yrs lease commencing from 2012,13,Rest of Central Region,01 to 05
BARTLEY RIDGE,"2,600,000","1,302.44","1,996",Jul-25,MOUNT VERNON ROAD,Resale,Strata,121,"21,488",-,Condominium,1,99 yrs lease commencing from 2012,13,Rest of Central Region,01 to 05
THE ACACIAS,"2,050,000","1,377.79","1,488",Jul-25,SOMMERVILLE ROAD,Resale,Strata,128,"16,016",-,Apartment,1,Freehold,13,Outside Central Region,01 to 05
THE ADDITION,"1,905,000",947.23,"2,011",Jul-25,MEYAPPA CHETTIAR ROAD,Resale,Strata,88,"21,648",-,Apartment,1,Freehold,13,Rest of Central Region,01 to 05
THE WOODLEIGH RESIDENCES,"2,970,000","1,119.46","2,653",Jul-25,BIDADARI PARK DRIVE,Sub Sale,Strata,104,"28,558",-,Apartment,1,99 yrs lease commencing from 2017,13,Rest of Central Region,06 to 10
BARTLEY RIDGE,"1,950,000",979.52,"1,991",Jul-25,MOUNT VERNON ROAD,Resale,Strata,91,"21,429",-,Condominium,1,99 yrs lease commencing from 2012,13,Rest of Central Region,01 to 05
BARTLEY RIDGE,"840,000",462.85,"1,815",Jul-25,MOUNT VERNON ROAD,Resale,Strata,43,"19,535",-,Condominium,1,99 yrs lease commencing from 2012,13,Rest of Central Region,06 to 10
PARC MONDRIAN,"1,750,000",904.18,"1,935",Jul-25,WOODLEIGH CLOSE,Resale,Strata,84,"20,833",-,Apartment,1,Freehold,13,Rest of Central Region,11 to 15
THE VENUE RESIDENCES,"1,518,888",850.36,"1,786",Jun-25,TAI THONG CRESCENT,Resale,Strata,79,"19,226",-,Apartment,1,99 yrs lease commencing from 2012,13,Rest of Central Region,01 to 05
THE WOODLEIGH RESIDENCES,"2,075,000",850.36,"2,440",Jun-25,BIDADARI PARK DRIVE,Sub Sale,Strata,79,"26,266",-,Apartment,1,99 yrs lease commencing from 2017,13,Rest of Central Region,01 to 05
WAN THO LODGE,"1,750,000","1,194.8","1,465",Jun-25,WAN THO AVENUE,Resale,Strata,111,"15,766",-,Apartment,1,Freehold,13,Rest of Central Region,01 to 05
THE WOODLEIGH RESIDENCES,"1,250,000",592.02,"2,111",Jun-25,BIDADARI PARK DRIVE,Sub Sale,Strata,55,"22,727",-,Apartment,1,99 yrs lease commencing from 2017,13,Rest of Central Region,01 to 05
CASA MEYA,"1,500,000",807.3,"1,858",Jun-25,MEYAPPA CHETTIAR ROAD,Resale,Strata,75,"20,000",-,Apartment,1,Freehold,13,Rest of Central Region,06 to 10
THE WOODLEIGH RESIDENCES,"1,695,000",721.19,"2,350",Jun-25,BIDADARI PARK DRIVE,Sub Sale,Strata,67,"25,299",-,Apartment,1,99 yrs lease commencing from 2017,13,Rest of Central Region,01 to 05
THE WOODLEIGH RESIDENCES,"1,865,000",742.72,"2,511",Jun-25,BIDADARI PARK DRIVE,Sub Sale,Strata,69,"27,029",-,Apartment,1,99 yrs lease commencing from 2017,13,Rest of Central Region,06 to 10
BARTLEY RIDGE,"1,840,000",968.76,"1,899",Jun-25,MOUNT VERNON ROAD,Resale,Strata,90,"20,444",-,Condominium,1,99 yrs lease commencing from 2012,13,Rest of Central Region,01 to 05
INTERO,"1,900,000","1,011.82","1,878",Jun-25,LEICESTER ROAD,Resale,Strata,94,"20,213",-,Apartment,1,Freehold,13,Rest of Central Region,11 to 15
18 WOODSVILLE,"875,000",495.14,"1,767",Jun-25,WOODSVILLE CLOSE,Resale,Strata,46,"19,022",-,Apartment,1,Freehold,13,Rest of Central Region,01 to 05
THE VENUE RESIDENCES,"1,530,000",850.36,"1,799",Jun-25,TAI THONG CRESCENT,Resale,Strata,79,"19,367",-,Apartment,1,99 yrs lease commencing from 2012,13,Rest of Central Region,06 to 10
BARTLEY RIDGE,"890,000",559.73,"1,590",Jun-25,MOUNT VERNON ROAD,Resale,Strata,52,"17,115",-,Condominium,1,99 yrs lease commencing from 2012,13,Rest of Central Region,01 to 05
THE TRE VER,"2,300,000","1,097.93","2,095",Jun-25,POTONG PASIR AVENUE 1,Resale,Strata,102,"22,549",-,Condominium,1,99 yrs lease commencing from 2018,13,Rest of Central Region,11 to 15
WOODSVILLE 28,"2,150,000","1,194.8","1,799",Jun-25,WOODSVILLE CLOSE,Resale,Strata,111,"19,369",-,Apartment,1,99 yrs lease commencing from 2007,13,Rest of Central Region,06 to 10
THE TRE VER,"1,460,000",699.66,"2,087",Jun-25,POTONG PASIR AVENUE 1,Resale,Strata,65,"22,462",-,Condominium,1,99 yrs lease commencing from 2018,13,Rest of Central Region,16 to 20
PARK COLONIAL,"2,300,000",979.52,"2,348",Jun-25,WOODLEIGH LANE,Resale,Strata,91,"25,275",-,Condominium,1,99 yrs lease commencing from 2017,13,Rest of Central Region,01 to 05
8@WOODLEIGH,"790,000",398.27,"1,984",Jun-25,WOODLEIGH CLOSE,Resale,Strata,37,"21,351",-,Condominium,1,99 yrs lease commencing from 2008,13,Rest of Central Region,01 to 05
NIN RESIDENCE,"2,200,000","1,743.77","1,262",Jun-25,PHENG GECK AVENUE,Resale,Strata,162,"13,580",-,Apartment,1,99 yrs lease commencing from 2010,13,Rest of Central Region,16 to 20
THE TRE VER,"1,890,000","1,011.82","1,868",Jun-25,POTONG PASIR AVENUE 1,Resale,Strata,94,"20,106",-,Condominium,1,99 yrs lease commencing from 2018,13,Rest of Central Region,16 to 20
SANT RITZ,"1,638,888",882.65,"1,857",Jun-25,PHENG GECK AVENUE,Resale,Strata,82,"19,986",-,Condominium,1,99 yrs lease commencing from 2012,13,Rest of Central Region,11 to 15
SANT RITZ,"1,890,000","1,044.11","1,810",Jun-25,PHENG GECK AVENUE,Resale,Strata,97,"19,485",-,Condominium,1,99 yrs lease commencing from 2012,13,Rest of Central Region,16 to 20
18 WOODSVILLE,"908,888",495.14,"1,836",Jun-25,WOODSVILLE CLOSE,Resale,Strata,46,"19,758",-,Apartment,1,Freehold,13,Rest of Central Region,11 to 15
THE TRE VER,"905,000",495.14,"1,828",Jun-25,POTONG PASIR AVENUE 1,Resale,Strata,46,"19,674",-,Condominium,1,99 yrs lease commencing from 2018,13,Rest of Central Region,11 to 15
PARK COLONIAL,"2,660,000","1,022.58","2,601",Jun-25,WOODLEIGH LANE,Resale,Strata,95,"28,000",-,Condominium,1,99 yrs lease commencing from 2017,13,Rest of Central Region,06 to 10
THE TRE VER,"2,288,888","1,097.93","2,085",Jun-25,POTONG PASIR AVENUE 1,Resale,Strata,102,"22,440",-,Condominium,1,99 yrs lease commencing from 2018,13,Rest of Central Region,06 to 10
CLYDESWOOD,"1,880,000","1,151.75","1,632",Jun-25,DAISY ROAD,Resale,Strata,107,"17,570",-,Apartment,1,Freehold,13,Outside Central Region,01 to 05
BARTLEY RIDGE,"848,000",462.85,"1,832",Jun-25,MOUNT VERNON ROAD,Resale,Strata,43,"19,721",-,Condominium,1,99 yrs lease commencing from 2012,13,Rest of Central Region,11 to 15
THE WOODLEIGH RESIDENCES,"2,430,000",958,"2,537",Jun-25,BIDADARI PARK DRIVE,Sub Sale,Strata,89,"27,303",-,Apartment,1,99 yrs lease commencing from 2017,13,Rest of Central Region,01 to 05
THE TRE VER,"1,480,000",742.72,"1,993",Jun-25,POTONG PASIR AVENUE 1,Resale,Strata,69,"21,449",-,Condominium,1,99 yrs lease commencing from 2018,13,Rest of Central Region,11 to 15
THE WOODLEIGH RESIDENCES,"1,270,000",570.49,"2,226",Jun-25,BIDADARI PARK DRIVE,Sub Sale,Strata,53,"23,962",-,Apartment,1,99 yrs lease commencing from 2017,13,Rest of Central Region,01 to 05
PARC MONDRIAN,"2,230,000","1,205.57","1,850",Jun-25,WOODLEIGH CLOSE,Resale,Strata,112,"19,911",-,Apartment,1,Freehold,13,Rest of Central Region,01 to 05
THE VENUE RESIDENCES,"2,260,000","1,130.22","2,000",Jun-25,TAI THONG CRESCENT,Resale,Strata,105,"21,524",-,Apartment,1,99 yrs lease commencing from 2012,13,Rest of Central Region,11 to 15
8@WOODLEIGH,"2,200,000","1,151.75","1,910",Jun-25,WOODLEIGH CLOSE,Resale,Strata,107,"20,561",-,Condominium,1,99 yrs lease commencing from 2008,13,Rest of Central Region,06 to 10
PARC MONDRIAN,"1,770,000",904.18,"1,958",Jun-25,WOODLEIGH CLOSE,Resale,Strata,84,"21,071",-,Apartment,1,Freehold,13,Rest of Central Region,11 to 15
NIN RESIDENCE,"2,300,000","1,776.06","1,295",Jun-25,PHENG GECK AVENUE,Resale,Strata,165,"13,939",-,Apartment,1,99 yrs lease commencing from 2010,13,Rest of Central Region,16 to 20
PARK COLONIAL,"970,000",462.85,"2,096",Jun-25,WOODLEIGH LANE,Resale,Strata,43,"22,558",-,Condominium,1,99 yrs lease commencing from 2017,13,Rest of Central Region,11 to 15
WOODSVILLE 28,"2,418,000","1,399.32","1,728",May-25,WOODSVILLE CLOSE,Resale,Strata,130,"18,600",-,Apartment,1,99 yrs lease commencing from 2007,13,Rest of Central Region,16 to 20
SANT RITZ,"1,938,888","1,054.87","1,838",May-25,PHENG GECK AVENUE,Resale,Strata,98,"19,785",-,Condominium,1,99 yrs lease commencing from 2012,13,Rest of Central Region,06 to 10
E MAISON,"904,000",602.78,"1,500",May-25,BRADDELL ROAD,Resale,Strata,56,"16,143",-,Apartment,1,Freehold,13,Outside Central Region,01 to 05
DAISY SUITES,"950,000",592.02,"1,605",May-25,DAISY ROAD,Resale,Strata,55,"17,273",-,Apartment,1,Freehold,13,Outside Central Region,01 to 05
THE WOODLEIGH RESIDENCES,"1,580,000",699.66,"2,258",May-25,BIDADARI PARK DRIVE,Sub Sale,Strata,65,"24,308",-,Apartment,1,99 yrs lease commencing from 2017,13,Rest of Central Region,06 to 10
BARTLEY RIDGE,"2,050,000",968.76,"2,116",May-25,MOUNT VERNON ROAD,Resale,Strata,90,"22,778",-,Condominium,1,99 yrs lease commencing from 2012,13,Rest of Central Region,11 to 15
BARTLEY RIDGE,"1,430,000",721.19,"1,983",May-25,MOUNT VERNON ROAD,Resale,Strata,67,"21,343",-,Condominium,1,99 yrs lease commencing from 2012,13,Rest of Central Region,06 to 10
SENNETT RESIDENCE,"1,900,000",947.23,"2,006",May-25,PHENG GECK AVENUE,Resale,Strata,88,"21,591",-,Condominium,1,99 yrs lease commencing from 2011,13,Rest of Central Region,11 to 15
THE TRE VER,"1,428,000",699.66,"2,041",May-25,POTONG PASIR AVENUE 1,Resale,Strata,65,"21,969",-,Condominium,1,99 yrs lease commencing from 2018,13,Rest of Central Region,16 to 20
PARK COLONIAL,"1,420,000",635.08,"2,236",May-25,WOODLEIGH LANE,Resale,Strata,59,"24,068",-,Condominium,1,99 yrs lease commencing from 2017,13,Rest of Central Region,06 to 10
CASA MEYA,"2,150,000","1,194.8","1,799",May-25,MEYAPPA CHETTIAR ROAD,Resale,Strata,111,"19,369",-,Apartment,1,Freehold,13,Rest of Central Region,06 to 10
THE POIZ RESIDENCES,"1,670,000",753.48,"2,216",May-25,MEYAPPA CHETTIAR ROAD,Resale,Strata,70,"23,857",-,Apartment,1,99 yrs lease commencing from 2014,13,Rest of Central Region,11 to 15
PARK COLONIAL,"965,000",462.85,"2,085",May-25,WOODLEIGH LANE,Resale,Strata,43,"22,442",-,Condominium,1,99 yrs lease commencing from 2017,13,Rest of Central Region,01 to 05
THE VENUE RESIDENCES,"2,280,000","1,151.75","1,980",May-25,TAI THONG CRESCENT,Resale,Strata,107,"21,308",-,Apartment,1,99 yrs lease commencing from 2012,13,Rest of Central Region,11 to 15
THE WOODLEIGH RESIDENCES,"2,700,000",958,"2,818",May-25,BIDADARI PARK DRIVE,Sub Sale,Strata,89,"30,337",-,Apartment,1,99 yrs lease commencing from 2017,13,Rest of Central Region,06 to 10
D' ALMIRA,"692,000",462.85,"1,495",May-25,SOMMERVILLE ROAD,Resale,Strata,43,"16,093",-,Apartment,1,Freehold,13,Outside Central Region,01 to 05
BARTLEY RIDGE,"813,000",441.32,"1,842",May-25,MOUNT VERNON ROAD,Resale,Strata,41,"19,829",-,Condominium,1,99 yrs lease commencing from 2012,13,Rest of Central Region,06 to 10
PARK COLONIAL,"1,580,000",667.37,"2,368",May-25,WOODLEIGH LANE,Resale,Strata,62,"25,484",-,Condominium,1,99 yrs lease commencing from 2017,13,Rest of Central Region,01 to 05
8@WOODLEIGH,"1,950,000","1,011.82","1,927",May-25,WOODLEIGH CLOSE,Resale,Strata,94,"20,745",-,Condominium,1,99 yrs lease commencing from 2008,13,Rest of Central Region,11 to 15
BARTLEY RIDGE,"862,000",462.85,"1,862",May-25,MOUNT VERNON ROAD,Resale,Strata,43,"20,047",-,Condominium,1,99 yrs lease commencing from 2012,13,Rest of Central Region,11 to 15
THE POIZ RESIDENCES,"1,235,000",581.26,"2,125",May-25,MEYAPPA CHETTIAR ROAD,Resale,Strata,54,"22,870",-,Apartment,1,99 yrs lease commencing from 2014,13,Rest of Central Region,06 to 10
NIN RESIDENCE,"1,540,000",990.29,"1,555",May-25,PHENG GECK AVENUE,Resale,Strata,92,"16,739",-,Apartment,1,99 yrs lease commencing from 2010,13,Rest of Central Region,01 to 05
SANT RITZ,"2,000,000","1,097.93","1,822",May-25,PHENG GECK AVENUE,Resale,Strata,102,"19,608",-,Condominium,1,99 yrs lease commencing from 2012,13,Rest of Central Region,06 to 10
BARTLEY RIDGE,"1,600,000",850.36,"1,882",May-25,MOUNT VERNON ROAD,Resale,Strata,79,"20,253",-,Condominium,1,99 yrs lease commencing from 2012,13,Rest of Central Region,11 to 15
THE TRE VER,"960,000",505.91,"1,898",May-25,POTONG PASIR AVENUE 1,Resale,Strata,47,"20,426",-,Condominium,1,99 yrs lease commencing from 2018,13,Rest of Central Region,16 to 20
BARTLEY RIDGE,"850,000",462.85,"1,836",May-25,MOUNT VERNON ROAD,Resale,Strata,43,"19,767",-,Condominium,1,99 yrs lease commencing from 2012,13,Rest of Central Region,16 to 20
PARK COLONIAL,"2,680,000","1,022.58","2,621",May-25,WOODLEIGH LANE,Resale,Strata,95,"28,211",-,Condominium,1,99 yrs lease commencing from 2017,13,Rest of Central Region,06 to 10
BARTLEY RIDGE,"1,910,000",968.76,"1,972",May-25,MOUNT VERNON ROAD,Resale,Strata,90,"21,222",-,Condominium,1,99 yrs lease commencing from 2012,13,Rest of Central Region,11 to 15
PARK COLONIAL,"1,390,000",602.78,"2,306",May-25,WOODLEIGH LANE,Resale,Strata,56,"24,821",-,Condominium,1,99 yrs lease commencing from 2017,13,Rest of Central Region,11 to 15
THE TRE VER,"1,463,000",742.72,"1,970",May-25,POTONG PASIR AVENUE 1,Resale,Strata,69,"21,203",-,Condominium,1,99 yrs lease commencing from 2018,13,Rest of Central Region,06 to 10
SANT RITZ,"1,265,000",656.6,"1,927",May-25,PHENG GECK AVENUE,Resale,Strata,61,"20,738",-,Condominium,1,99 yrs lease commencing from 2012,13,Rest of Central Region,06 to 10
PARK COLONIAL,"1,008,888",462.85,"2,180",May-25,WOODLEIGH LANE,Resale,Strata,43,"23,463",-,Condominium,1,99 yrs lease commencing from 2017,13,Rest of Central Region,01 to 05
E MAISON,"1,550,000",936.47,"1,655",May-25,BRADDELL ROAD,Resale,Strata,87,"17,816",-,Apartment,1,Freehold,13,Outside Central Region,01 to 05
THE WOODLEIGH RESIDENCES,"2,634,500",958,"2,750",May-25,BIDADARI PARK DRIVE,Sub Sale,Strata,89,"29,601",-,Apartment,1,99 yrs lease commencing from 2017,13,Rest of Central Region,06 to 10
THE POIZ RESIDENCES,"1,200,000",850.36,"1,411",May-25,MEYAPPA CHETTIAR ROAD,Resale,Strata,79,"15,190",-,Apartment,1,99 yrs lease commencing from 2014,13,Rest of Central Region,16 to 20
SANT RITZ,"948,000",527.44,"1,797",May-25,PHENG GECK AVENUE,Resale,Strata,49,"19,347",-,Condominium,1,99 yrs lease commencing from 2012,13,Rest of Central Region,16 to 20
BARTLEY RIDGE,"860,000",495.14,"1,737",May-25,MOUNT VERNON ROAD,Resale,Strata,46,"18,696",-,Condominium,1,99 yrs lease commencing from 2012,13,Rest of Central Region,01 to 05
THE TRE VER,"1,450,000",699.66,"2,072",May-25,POTONG PASIR AVENUE 1,Resale,Strata,65,"22,308",-,Condominium,1,99 yrs lease commencing from 2018,13,Rest of Central Region,16 to 20
WOODSVILLE 28,"1,500,000",882.65,"1,699",May-25,WOODSVILLE CLOSE,Resale,Strata,82,"18,293",-,Apartment,1,99 yrs lease commencing from 2007,13,Rest of Central Region,11 to 15
THE POIZ RESIDENCES,"830,000",419.8,"1,977",Apr-25,MEYAPPA CHETTIAR ROAD,Resale,Strata,39,"21,282",-,Apartment,1,99 yrs lease commencing from 2014,13,Rest of Central Region,06 to 10
BARTLEY RIDGE,"1,858,000",968.76,"1,918",Apr-25,MOUNT VERNON ROAD,Resale,Strata,90,"20,644",-,Condominium,1,99 yrs lease commencing from 2012,13,Rest of Central Region,06 to 10
THE TRE VER,"2,300,000","1,097.93","2,095",Apr-25,POTONG PASIR AVENUE 1,Resale,Strata,102,"22,549",-,Condominium,1,99 yrs lease commencing from 2018,13,Rest of Central Region,16 to 20
THE POIZ RESIDENCES,"848,000",419.8,"2,020",Apr-25,MEYAPPA CHETTIAR ROAD,Resale,Strata,39,"21,744",-,Apartment,1,99 yrs lease commencing from 2014,13,Rest of Central Region,16 to 20
BARTLEY RIDGE,"820,000",462.85,"1,772",Apr-25,MOUNT VERNON ROAD,Resale,Strata,43,"19,070",-,Condominium,1,99 yrs lease commencing from 2012,13,Rest of Central Region,06 to 10
THE WOODLEIGH RESIDENCES,"1,580,000",699.66,"2,258",Apr-25,BIDADARI PARK DRIVE,Sub Sale,Strata,65,"24,308",-,Apartment,1,99 yrs lease commencing from 2017,13,Rest of Central Region,01 to 05
THE POIZ RESIDENCES,"1,720,000",775.01,"2,219",Apr-25,MEYAPPA CHETTIAR ROAD,Resale,Strata,72,"23,889",-,Apartment,1,99 yrs lease commencing from 2014,13,Rest of Central Region,11 to 15
THE TRE VER,"1,478,888",753.48,"1,963",Apr-25,POTONG PASIR AVENUE 1,Resale,Strata,70,"21,127",-,Condominium,1,99 yrs lease commencing from 2018,13,Rest of Central Region,11 to 15
THE TRE VER,"1,350,000",742.72,"1,818",Apr-25,POTONG PASIR AVENUE 1,Resale,Strata,69,"19,565",-,Condominium,1,99 yrs lease commencing from 2018,13,Rest of Central Region,01 to 05
MYRA,"3,200,000","1,313.21","2,437",Apr-25,MEYAPPA CHETTIAR ROAD,Resale,Strata,122,"26,230",-,Apartment,1,Freehold,13,Rest of Central Region,11 to 15
NIN RESIDENCE,"1,580,000","1,011.82","1,562",Apr-25,PHENG GECK AVENUE,Resale,Strata,94,"16,809",-,Apartment,1,99 yrs lease commencing from 2010,13,Rest of Central Region,01 to 05
SANT RITZ,"940,000",527.44,"1,782",Apr-25,PHENG GECK AVENUE,Resale,Strata,49,"19,184",-,Condominium,1,99 yrs lease commencing from 2012,13,Rest of Central Region,16 to 20
PARC MONDRIAN,"2,200,000","1,184.04","1,858",Apr-25,WOODLEIGH CLOSE,Resale,Strata,110,"20,000",-,Apartment,1,Freehold,13,Rest of Central Region,01 to 05
BARTLEY RIDGE,"1,938,000",968.76,"2,000",Apr-25,MOUNT VERNON ROAD,Resale,Strata,90,"21,533",-,Condominium,1,99 yrs lease commencing from 2012,13,Rest of Central Region,11 to 15
PARK COLONIAL,"1,330,000",602.78,"2,206",Apr-25,WOODLEIGH LANE,Resale,Strata,56,"23,750",-,Condominium,1,99 yrs lease commencing from 2017,13,Rest of Central Region,01 to 05
BARTLEY RIDGE,"1,950,000",968.76,"2,013",Apr-25,MOUNT VERNON ROAD,Resale,Strata,90,"21,667",-,Condominium,1,99 yrs lease commencing from 2012,13,Rest of Central Region,06 to 10
NIN RESIDENCE,"1,510,000",850.36,"1,776",Apr-25,PHENG GECK AVENUE,Resale,Strata,79,"19,114",-,Apartment,1,99 yrs lease commencing from 2010,13,Rest of Central Region,11 to 15
PARK COLONIAL,"1,650,000",828.83,"1,991",Apr-25,WOODLEIGH LANE,Resale,Strata,77,"21,429",-,Condominium,1,99 yrs lease commencing from 2017,13,Rest of Central Region,11 to 15
THE TRE VER,"2,550,000","1,334.74","1,910",Apr-25,POTONG PASIR AVENUE 1,Resale,Strata,124,"20,565",-,Condominium,1,99 yrs lease commencing from 2018,13,Rest of Central Region,01 to 05
THE WOODLEIGH RESIDENCES,"1,650,000",699.66,"2,358",Apr-25,BIDADARI PARK DRIVE,Sub Sale,Strata,65,"25,385",-,Apartment,1,99 yrs lease commencing from 2017,13,Rest of Central Region,11 to 15
PARK COLONIAL,"1,030,000",462.85,"2,225",Apr-25,WOODLEIGH LANE,Resale,Strata,43,"23,953",-,Condominium,1,99 yrs lease commencing from 2017,13,Rest of Central Region,01 to 05
NIN RESIDENCE,"1,470,000",850.36,"1,729",Apr-25,PHENG GECK AVENUE,Resale,Strata,79,"18,608",-,Apartment,1,99 yrs lease commencing from 2010,13,Rest of Central Region,11 to 15
PARK COLONIAL,"945,000",462.85,"2,042",Apr-25,WOODLEIGH LANE,Resale,Strata,43,"21,977",-,Condominium,1,99 yrs lease commencing from 2017,13,Rest of Central Region,01 to 05
PARK COLONIAL,"2,625,000","1,065.64","2,463",Apr-25,WOODLEIGH LANE,Resale,Strata,99,"26,515",-,Condominium,1,99 yrs lease commencing from 2017,13,Rest of Central Region,06 to 10
PARK COLONIAL,"2,440,000",979.52,"2,491",Apr-25,WOODLEIGH LANE,Resale,Strata,91,"26,813",-,Condominium,1,99 yrs lease commencing from 2017,13,Rest of Central Region,06 to 10
THE TRE VER,"1,410,000",742.72,"1,898",Apr-25,POTONG PASIR AVENUE 1,Resale,Strata,69,"20,435",-,Condominium,1,99 yrs lease commencing from 2018,13,Rest of Central Region,01 to 05
8@WOODLEIGH,"1,820,000",958,"1,900",Apr-25,WOODLEIGH CLOSE,Resale,Strata,89,"20,449",-,Condominium,1,99 yrs lease commencing from 2008,13,Rest of Central Region,11 to 15
THE WOODLEIGH RESIDENCES,"2,100,000",850.36,"2,470",Apr-25,BIDADARI PARK DRIVE,Sub Sale,Strata,79,"26,582",-,Apartment,1,99 yrs lease commencing from 2017,13,Rest of Central Region,06 to 10
PARK COLONIAL,"3,220,000","1,367.03","2,355",Apr-25,WOODLEIGH LANE,Resale,Strata,127,"25,354",-,Condominium,1,99 yrs lease commencing from 2017,13,Rest of Central Region,01 to 05
THE POIZ RESIDENCES,"933,888",592.02,"1,577",Apr-25,MEYAPPA CHETTIAR ROAD,Resale,Strata,55,"16,980",-,Apartment,1,99 yrs lease commencing from 2014,13,Rest of Central Region,16 to 20
BARTLEY RIDGE,"1,450,000",731.95,"1,981",Apr-25,MOUNT VERNON ROAD,Resale,Strata,68,"21,324",-,Condominium,1,99 yrs lease commencing from 2012,13,Rest of Central Region,16 to 20
PARK COLONIAL,"915,000",462.85,"1,977",Apr-25,WOODLEIGH LANE,Resale,Strata,43,"21,279",-,Condominium,1,99 yrs lease commencing from 2017,13,Rest of Central Region,01 to 05
THE TRE VER,"1,438,000",699.66,"2,055",Apr-25,POTONG PASIR AVENUE 1,Resale,Strata,65,"22,123",-,Condominium,1,99 yrs lease commencing from 2018,13,Rest of Central Region,11 to 15
SENNETT RESIDENCE,"1,428,000",710.42,"2,010",Apr-25,PHENG GECK AVENUE,Resale,Strata,66,"21,636",-,Condominium,1,99 yrs lease commencing from 2011,13,Rest of Central Region,06 to 10
THE TRE VER,"870,000",495.14,"1,757",Apr-25,POTONG PASIR AVENUE 1,Resale,Strata,46,"18,913",-,Condominium,1,99 yrs lease commencing from 2018,13,Rest of Central Region,06 to 10
SENNETT ESTATE,"1,300,000","1,054.87","1,232",Apr-25,JALAN WANGI,Resale,Strata,98,"13,265",-,Apartment,1,Freehold,13,Rest of Central Region,01 to 05
AVON PARK,"2,180,000","1,270.15","1,716",Mar-25,YOUNGBERG TERRACE,Resale,Strata,118,"18,475",-,Condominium,1,Freehold,13,Rest of Central Region,06 to 10
THE TRE VER,"2,150,000","1,011.82","2,125",Mar-25,POTONG PASIR AVENUE 1,Resale,Strata,94,"22,872",-,Condominium,1,99 yrs lease commencing from 2018,13,Rest of Central Region,11 to 15
WOODSVILLE 28,"1,455,000",828.83,"1,755",Mar-25,WOODSVILLE CLOSE,Resale,Strata,77,"18,896",-,Apartment,1,99 yrs lease commencing from 2007,13,Rest of Central Region,01 to 05
THE TRE VER,"865,000",495.14,"1,747",Mar-25,POTONG PASIR AVENUE 1,Resale,Strata,46,"18,804",-,Condominium,1,99 yrs lease commencing from 2018,13,Rest of Central Region,11 to 15
THE WOODLEIGH RESIDENCES,"1,640,000",699.66,"2,344",Mar-25,BIDADARI PARK DRIVE,Sub Sale,Strata,65,"25,231",-,Apartment,1,99 yrs lease commencing from 2017,13,Rest of Central Region,06 to 10
THE WOODLEIGH RESIDENCES,"2,410,000",958,"2,516",Mar-25,BIDADARI PARK DRIVE,Sub Sale,Strata,89,"27,079",-,Apartment,1,99 yrs lease commencing from 2017,13,Rest of Central Region,01 to 05
THE POIZ RESIDENCES,"1,045,000",538.2,"1,942",Mar-25,MEYAPPA CHETTIAR ROAD,Resale,Strata,50,"20,900",-,Apartment,1,99 yrs lease commencing from 2014,13,Rest of Central Region,11 to 15
8@WOODLEIGH,"680,000",398.27,"1,707",Mar-25,WOODLEIGH CLOSE,Resale,Strata,37,"18,378",-,Condominium,1,99 yrs lease commencing from 2008,13,Rest of Central Region,01 to 05
THE TRE VER,"880,000",495.14,"1,777",Mar-25,POTONG PASIR AVENUE 1,Resale,Strata,46,"19,130",-,Condominium,1,99 yrs lease commencing from 2018,13,Rest of Central Region,11 to 15
THE WOODLEIGH RESIDENCES,"1,330,000",592.02,"2,247",Mar-25,BIDADARI PARK DRIVE,Sub Sale,Strata,55,"24,182",-,Apartment,1,99 yrs lease commencing from 2017,13,Rest of Central Region,06 to 10
THE TRE VER,"1,400,000",699.66,"2,001",Mar-25,POTONG PASIR AVENUE 1,Resale,Strata,65,"21,538",-,Condominium,1,99 yrs lease commencing from 2018,13,Rest of Central Region,06 to 10
THE TRE VER,"1,460,000",742.72,"1,966",Mar-25,POTONG PASIR AVENUE 1,Resale,Strata,69,"21,159",-,Condominium,1,99 yrs lease commencing from 2018,13,Rest of Central Region,16 to 20
SOMMERVILLE LOFT,"1,800,000","1,162.51","1,548",Mar-25,SOMMERVILLE WALK,Resale,Strata,108,"16,667",-,Apartment,1,Freehold,13,Outside Central Region,01 to 05
E MAISON,"920,000",667.37,"1,379",Mar-25,BRADDELL ROAD,Resale,Strata,62,"14,839",-,Apartment,1,Freehold,13,Outside Central Region,01 to 05
THE TRE VER,"1,455,000",699.66,"2,080",Mar-25,POTONG PASIR AVENUE 1,Resale,Strata,65,"22,385",-,Condominium,1,99 yrs lease commencing from 2018,13,Rest of Central Region,11 to 15
PARK COLONIAL,"3,480,000","1,410.08","2,468",Mar-25,WOODLEIGH LANE,Resale,Strata,131,"26,565",-,Condominium,1,99 yrs lease commencing from 2017,13,Rest of Central Region,11 to 15
E MAISON,"840,000",570.49,"1,472",Mar-25,BRADDELL ROAD,Resale,Strata,53,"15,849",-,Apartment,1,Freehold,13,Outside Central Region,01 to 05
PARK COLONIAL,"3,728,000","1,711.48","2,178",Mar-25,WOODLEIGH LANE,Resale,Strata,159,"23,447",-,Condominium,1,99 yrs lease commencing from 2017,13,Rest of Central Region,01 to 05
THE WOODLEIGH RESIDENCES,"1,550,000",688.9,"2,250",Mar-25,BIDADARI PARK DRIVE,Sub Sale,Strata,64,"24,219",-,Apartment,1,99 yrs lease commencing from 2017,13,Rest of Central Region,01 to 05
THE POIZ RESIDENCES,"1,225,000",581.26,"2,108",Mar-25,MEYAPPA CHETTIAR ROAD,Resale,Strata,54,"22,685",-,Apartment,1,99 yrs lease commencing from 2014,13,Rest of Central Region,06 to 10
8@WOODLEIGH,"2,040,000","1,097.93","1,858",Mar-25,WOODLEIGH CLOSE,Resale,Strata,102,"20,000",-,Condominium,1,99 yrs lease commencing from 2008,13,Rest of Central Region,01 to 05
SENNETT RESIDENCE,"2,750,888","1,345.5","2,045",Mar-25,PHENG GECK AVENUE,Resale,Strata,125,"22,007",-,Condominium,1,99 yrs lease commencing from 2011,13,Rest of Central Region,06 to 10
THE TRE VER,"960,000",505.91,"1,898",Mar-25,POTONG PASIR AVENUE 1,Resale,Strata,47,"20,426",-,Condominium,1,99 yrs lease commencing from 2018,13,Rest of Central Region,16 to 20
BARTLEY RIDGE,"859,888",495.14,"1,737",Mar-25,MOUNT VERNON ROAD,Resale,Strata,46,"18,693",-,Condominium,1,99 yrs lease commencing from 2012,13,Rest of Central Region,06 to 10
THE TRE VER,"1,410,000",699.66,"2,015",Mar-25,POTONG PASIR AVENUE 1,Resale,Strata,65,"21,692",-,Condominium,1,99 yrs lease commencing from 2018,13,Rest of Central Region,11 to 15
BARTLEY RIDGE,"860,000",462.85,"1,858",Mar-25,MOUNT VERNON ROAD,Resale,Strata,43,"20,000",-,Condominium,1,99 yrs lease commencing from 2012,13,Rest of Central Region,06 to 10
THE POIZ RESIDENCES,"1,055,000",484.38,"2,178",Mar-25,MEYAPPA CHETTIAR ROAD,Resale,Strata,45,"23,444",-,Apartment,1,99 yrs lease commencing from 2014,13,Rest of Central Region,06 to 10
THE POIZ RESIDENCES,"1,175,666",581.26,"2,023",Mar-25,MEYAPPA CHETTIAR ROAD,Resale,Strata,54,"21,772",-,Apartment,1,99 yrs lease commencing from 2014,13,Rest of Central Region,01 to 05
THE POIZ RESIDENCES,"1,843,000",839.59,"2,195",Mar-25,MEYAPPA CHETTIAR ROAD,Resale,Strata,78,"23,628",-,Apartment,1,99 yrs lease commencing from 2014,13,Rest of Central Region,06 to 10
BARTLEY RIDGE,"886,000",495.14,"1,789",Mar-25,MOUNT VERNON ROAD,Resale,Strata,46,"19,261",-,Condominium,1,99 yrs lease commencing from 2012,13,Rest of Central Region,11 to 15
THE WOODLEIGH RESIDENCES,"1,310,000",570.49,"2,296",Mar-25,BIDADARI PARK DRIVE,Sub Sale,Strata,53,"24,717",-,Apartment,1,99 yrs lease commencing from 2017,13,Rest of Central Region,11 to 15
SENNETT RESIDENCE,"953,000",505.91,"1,884",Mar-25,PHENG GECK AVENUE,Resale,Strata,47,"20,277",-,Condominium,1,99 yrs lease commencing from 2011,13,Rest of Central Region,01 to 05
THE TRE VER,"1,470,000",742.72,"1,979",Mar-25,POTONG PASIR AVENUE 1,Resale,Strata,69,"21,304",-,Condominium,1,99 yrs lease commencing from 2018,13,Rest of Central Region,11 to 15
PARK COLONIAL,"1,420,000",635.08,"2,236",Mar-25,WOODLEIGH LANE,Resale,Strata,59,"24,068",-,Condominium,1,99 yrs lease commencing from 2017,13,Rest of Central Region,01 to 05
PARK COLONIAL,"930,000",462.85,"2,009",Mar-25,WOODLEIGH LANE,Resale,Strata,43,"21,628",-,Condominium,1,99 yrs lease commencing from 2017,13,Rest of Central Region,01 to 05
LEICESTER SUITES,"895,000",452.09,"1,980",Mar-25,LEICESTER ROAD,Resale,Strata,42,"21,310",-,Apartment,1,Freehold,13,Rest of Central Region,06 to 10
PARK COLONIAL,"1,400,000",635.08,"2,204",Feb-25,WOODLEIGH LANE,Resale,Strata,59,"23,729",-,Condominium,1,99 yrs lease commencing from 2017,13,Rest of Central Region,01 to 05
THE TRE VER,"845,000",495.14,"1,707",Feb-25,POTONG PASIR AVENUE 1,Resale,Strata,46,"18,370",-,Condominium,1,99 yrs lease commencing from 2018,13,Rest of Central Region,01 to 05
ONE LEICESTER,"2,600,000","1,291.68","2,013",Feb-25,LEICESTER ROAD,Resale,Strata,120,"21,667",-,Condominium,1,Freehold,13,Rest of Central Region,16 to 20
PARK COLONIAL,"1,420,000",635.08,"2,236",Feb-25,WOODLEIGH LANE,Resale,Strata,59,"24,068",-,Condominium,1,99 yrs lease commencing from 2017,13,Rest of Central Region,11 to 15
THE TRE VER,"888,000",495.14,"1,793",Feb-25,POTONG PASIR AVENUE 1,Resale,Strata,46,"19,304",-,Condominium,1,99 yrs lease commencing from 2018,13,Rest of Central Region,16 to 20
PARC MONDRIAN,"2,000,000","1,173.28","1,705",Feb-25,WOODLEIGH CLOSE,Resale,Strata,109,"18,349",-,Apartment,1,Freehold,13,Rest of Central Region,06 to 10
THE POIZ RESIDENCES,"2,080,000",936.47,"2,221",Feb-25,MEYAPPA CHETTIAR ROAD,Resale,Strata,87,"23,908",-,Apartment,1,99 yrs lease commencing from 2014,13,Rest of Central Region,11 to 15
SANT RITZ,"920,000",527.44,"1,744",Feb-25,PHENG GECK AVENUE,Resale,Strata,49,"18,776",-,Condominium,1,99 yrs lease commencing from 2012,13,Rest of Central Region,06 to 10
THE TRE VER,"1,280,000",624.31,"2,050",Feb-25,POTONG PASIR AVENUE 1,Resale,Strata,58,"22,069",-,Condominium,1,99 yrs lease commencing from 2018,13,Rest of Central Region,16 to 20
EURO-ASIA PARK,"2,260,000","1,367.03","1,653",Feb-25,WOODLEIGH CLOSE,Resale,Strata,127,"17,795",-,Condominium,1,Freehold,13,Rest of Central Region,01 to 05
DAISY SUITES,"1,230,000",861.12,"1,428",Feb-25,DAISY ROAD,Resale,Strata,80,"15,375",-,Apartment,1,Freehold,13,Outside Central Region,01 to 05
PARK COLONIAL,"2,558,885","1,022.58","2,502",Feb-25,WOODLEIGH LANE,Resale,Strata,95,"26,936",-,Condominium,1,99 yrs lease commencing from 2017,13,Rest of Central Region,11 to 15
THE WOODLEIGH RESIDENCES,"2,380,000",958,"2,484",Feb-25,BIDADARI PARK DRIVE,Sub Sale,Strata,89,"26,742",-,Apartment,1,99 yrs lease commencing from 2017,13,Rest of Central Region,01 to 05
PARK COLONIAL,"2,850,000","1,184.04","2,407",Feb-25,WOODLEIGH LANE,Resale,Strata,110,"25,909",-,Condominium,1,99 yrs lease commencing from 2017,13,Rest of Central Region,06 to 10
BLOSSOMS @ WOODLEIGH,"2,438,000","1,194.8","2,041",Feb-25,WOODLEIGH CLOSE,Resale,Strata,111,"21,964",-,Condominium,1,Freehold,13,Rest of Central Region,11 to 15
PARC MONDRIAN,"2,270,000","1,205.57","1,883",Feb-25,WOODLEIGH CLOSE,Resale,Strata,112,"20,268",-,Apartment,1,Freehold,13,Rest of Central Region,11 to 15
PARK COLONIAL,"1,388,000",635.08,"2,186",Feb-25,WOODLEIGH LANE,Resale,Strata,59,"23,525",-,Condominium,1,99 yrs lease commencing from 2017,13,Rest of Central Region,01 to 05
PARK COLONIAL,"963,888",462.85,"2,082",Feb-25,WOODLEIGH LANE,Resale,Strata,43,"22,416",-,Condominium,1,99 yrs lease commencing from 2017,13,Rest of Central Region,06 to 10
THE TRE VER,"960,000",505.91,"1,898",Feb-25,POTONG PASIR AVENUE 1,Resale,Strata,47,"20,426",-,Condominium,1,99 yrs lease commencing from 2018,13,Rest of Central Region,11 to 15
THE VENUE RESIDENCES,"1,595,000",850.36,"1,876",Feb-25,TAI THONG CRESCENT,Resale,Strata,79,"20,190",-,Apartment,1,99 yrs lease commencing from 2012,13,Rest of Central Region,06 to 10
THE POIZ RESIDENCES,"870,000",441.32,"1,971",Feb-25,MEYAPPA CHETTIAR ROAD,Resale,Strata,41,"21,220",-,Apartment,1,99 yrs lease commencing from 2014,13,Rest of Central Region,11 to 15
8@WOODLEIGH,"2,650,000","1,453.14","1,824",Feb-25,WOODLEIGH CLOSE,Resale,Strata,135,"19,630",-,Condominium,1,99 yrs lease commencing from 2008,13,Rest of Central Region,01 to 05
THE POIZ RESIDENCES,"1,205,000",581.26,"2,073",Feb-25,MEYAPPA CHETTIAR ROAD,Resale,Strata,54,"22,315",-,Apartment,1,99 yrs lease commencing from 2014,13,Rest of Central Region,01 to 05
BARTLEY RIDGE,"1,630,000",850.36,"1,917",Feb-25,MOUNT VERNON ROAD,Resale,Strata,79,"20,633",-,Condominium,1,99 yrs lease commencing from 2012,13,Rest of Central Region,16 to 20
PARK COLONIAL,"918,888",462.85,"1,985",Feb-25,WOODLEIGH LANE,Resale,Strata,43,"21,369",-,Condominium,1,99 yrs lease commencing from 2017,13,Rest of Central Region,01 to 05
PARK COLONIAL,"2,550,000","1,065.64","2,393",Jan-25,WOODLEIGH LANE,Resale,Strata,99,"25,758",-,Condominium,1,99 yrs lease commencing from 2017,13,Rest of Central Region,06 to 10
THE ACACIAS,"2,000,000","1,313.21","1,523",Jan-25,SOMMERVILLE ROAD,Resale,Strata,122,"16,393",-,Apartment,1,Freehold,13,Outside Central Region,01 to 05
THE WOODLEIGH RESIDENCES,"3,700,000","1,474.67","2,509",Jan-25,BIDADARI PARK DRIVE,Sub Sale,Strata,137,"27,007",-,Apartment,1,99 yrs lease commencing from 2017,13,Rest of Central Region,11 to 15
THE WOODLEIGH RESIDENCES,"2,493,888",958,"2,603",Jan-25,BIDADARI PARK DRIVE,Sub Sale,Strata,89,"28,021",-,Apartment,1,99 yrs lease commencing from 2017,13,Rest of Central Region,06 to 10
THE TRE VER,"1,440,000",699.66,"2,058",Jan-25,POTONG PASIR AVENUE 1,Resale,Strata,65,"22,154",-,Condominium,1,99 yrs lease commencing from 2018,13,Rest of Central Region,11 to 15
PARK COLONIAL,"1,648,000",742.72,"2,219",Jan-25,WOODLEIGH LANE,Resale,Strata,69,"23,884",-,Condominium,1,99 yrs lease commencing from 2017,13,Rest of Central Region,01 to 05
E MAISON,"1,558,888",936.47,"1,665",Jan-25,BRADDELL ROAD,Resale,Strata,87,"17,918",-,Apartment,1,Freehold,13,Outside Central Region,01 to 05
SENNETT RESIDENCE,"1,515,000",818.06,"1,852",Jan-25,PHENG GECK AVENUE,Resale,Strata,76,"19,934",-,Condominium,1,99 yrs lease commencing from 2011,13,Rest of Central Region,01 to 05
THE WOODLEIGH RESIDENCES,"3,450,000","1,280.92","2,693",Jan-25,BIDADARI PARK DRIVE,Sub Sale,Strata,119,"28,992",-,Apartment,1,99 yrs lease commencing from 2017,13,Rest of Central Region,06 to 10
PLATINUM EDGE,"1,860,000","1,054.87","1,763",Jan-25,LEICESTER ROAD,Resale,Strata,98,"18,980",-,Apartment,1,Freehold,13,Rest of Central Region,16 to 20
THE TRE VER,"2,080,000","1,011.82","2,056",Jan-25,POTONG PASIR AVENUE 1,Resale,Strata,94,"22,128",-,Condominium,1,99 yrs lease commencing from 2018,13,Rest of Central Region,06 to 10
DAISY LODGE,"1,600,000","1,194.8","1,339",Jan-25,DAISY ROAD,Resale,Strata,111,"14,414",-,Apartment,1,Freehold,13,Outside Central Region,01 to 05
THE VENUE RESIDENCES,"2,350,000","1,237.86","1,898",Jan-25,TAI THONG CRESCENT,Resale,Strata,115,"20,435",-,Apartment,1,99 yrs lease commencing from 2012,13,Rest of Central Region,01 to 05
E MAISON,"1,520,000",936.47,"1,623",Jan-25,BRADDELL ROAD,Resale,Strata,87,"17,471",-,Apartment,1,Freehold,13,Outside Central Region,01 to 05
BARTLEY RIDGE,"1,838,888","1,044.11","1,761",Jan-25,MOUNT VERNON ROAD,Resale,Strata,97,"18,958",-,Condominium,1,99 yrs lease commencing from 2012,13,Rest of Central Region,01 to 05
THE WOODLEIGH RESIDENCES,"1,298,000",570.49,"2,275",Jan-25,BIDADARI PARK DRIVE,Sub Sale,Strata,53,"24,491",-,Apartment,1,99 yrs lease commencing from 2017,13,Rest of Central Region,11 to 15
THE POIZ RESIDENCES,"1,020,000",538.2,"1,895",Jan-25,MEYAPPA CHETTIAR ROAD,Resale,Strata,50,"20,400",-,Apartment,1,99 yrs lease commencing from 2014,13,Rest of Central Region,01 to 05
18 WOODSVILLE,"885,000",495.14,"1,787",Jan-25,WOODSVILLE CLOSE,Resale,Strata,46,"19,239",-,Apartment,1,Freehold,13,Rest of Central Region,01 to 05
SENNETT RESIDENCE,"2,200,000","1,130.22","1,947",Jan-25,PHENG GECK AVENUE,Resale,Strata,105,"20,952",-,Condominium,1,99 yrs lease commencing from 2011,13,Rest of Central Region,06 to 10
SENNETT RESIDENCE,"1,565,000",850.36,"1,840",Jan-25,PHENG GECK AVENUE,Resale,Strata,79,"19,810",-,Condominium,1,99 yrs lease commencing from 2011,13,Rest of Central Region,01 to 05
PARK COLONIAL,"1,535,000",818.06,"1,876",Jan-25,WOODLEIGH LANE,Resale,Strata,76,"20,197",-,Condominium,1,99 yrs lease commencing from 2017,13,Rest of Central Region,11 to 15
E MAISON,"1,558,888",904.18,"1,724",Jan-25,BRADDELL ROAD,Resale,Strata,84,"18,558",-,Apartment,1,Freehold,13,Outside Central Region,01 to 05
THE WOODLEIGH RESIDENCES,"1,295,000",570.49,"2,270",Dec-24,BIDADARI PARK DRIVE,Sub Sale,Strata,53,"24,434",-,Apartment,1,99 yrs lease commencing from 2017,13,Rest of Central Region,11 to 15
PARC MONDRIAN,"3,300,000","2,368.08","1,394",Dec-24,WOODLEIGH CLOSE,Resale,Strata,220,"15,000",-,Apartment,1,Freehold,13,Rest of Central Region,16 to 20
THE TRE VER,"1,368,000",688.9,"1,986",Dec-24,POTONG PASIR AVENUE 1,Resale,Strata,64,"21,375",-,Condominium,1,99 yrs lease commencing from 2018,13,Rest of Central Region,01 to 05
THE WOODLEIGH RESIDENCES,"1,480,000",667.37,"2,218",Dec-24,BIDADARI PARK DRIVE,Sub Sale,Strata,62,"23,871",-,Apartment,1,99 yrs lease commencing from 2017,13,Rest of Central Region,01 to 05
BARTLEY RIDGE,"2,488,000","1,463.9","1,700",Dec-24,MOUNT VERNON ROAD,Resale,Strata,136,"18,294",-,Condominium,1,99 yrs lease commencing from 2012,13,Rest of Central Region,01 to 05
BARTLEY RIDGE,"1,600,888",850.36,"1,883",Dec-24,MOUNT VERNON ROAD,Resale,Strata,79,"20,264",-,Condominium,1,99 yrs lease commencing from 2012,13,Rest of Central Region,16 to 20
THE TRE VER,"900,000",495.14,"1,818",Dec-24,POTONG PASIR AVENUE 1,Resale,Strata,46,"19,565",-,Condominium,1,99 yrs lease commencing from 2018,13,Rest of Central Region,11 to 15
THE TRE VER,"1,430,000",742.72,"1,925",Dec-24,POTONG PASIR AVENUE 1,Resale,Strata,69,"20,725",-,Condominium,1,99 yrs lease commencing from 2018,13,Rest of Central Region,11 to 15
BARTLEY RIDGE,"2,400,000","1,173.28","2,046",Dec-24,MOUNT VERNON ROAD,Resale,Strata,109,"22,018",-,Condominium,1,99 yrs lease commencing from 2012,13,Rest of Central Region,11 to 15
THE TRE VER,"2,150,000","1,011.82","2,125",Dec-24,POTONG PASIR AVENUE 1,Resale,Strata,94,"22,872",-,Condominium,1,99 yrs lease commencing from 2018,13,Rest of Central Region,16 to 20
AVON PARK,"3,580,000","2,174.33","1,646",Dec-24,YOUNGBERG TERRACE,Resale,Strata,202,"17,723",-,Condominium,1,Freehold,13,Rest of Central Region,01 to 05
EURO-ASIA PARK,"1,590,000",925.7,"1,718",Dec-24,WOODLEIGH CLOSE,Resale,Strata,86,"18,488",-,Condominium,1,Freehold,13,Rest of Central Region,01 to 05
THE WOODLEIGH RESIDENCES,"1,618,000",667.37,"2,424",Dec-24,BIDADARI PARK DRIVE,Sub Sale,Strata,62,"26,097",-,Apartment,1,99 yrs lease commencing from 2017,13,Rest of Central Region,11 to 15
PARK COLONIAL,"1,630,000",678.13,"2,404",Dec-24,WOODLEIGH LANE,Resale,Strata,63,"25,873",-,Condominium,1,99 yrs lease commencing from 2017,13,Rest of Central Region,06 to 10
PARK COLONIAL,"1,618,000",678.13,"2,386",Dec-24,WOODLEIGH LANE,Resale,Strata,63,"25,683",-,Condominium,1,99 yrs lease commencing from 2017,13,Rest of Central Region,11 to 15
THE TRE VER,"870,000",495.14,"1,757",Dec-24,POTONG PASIR AVENUE 1,Resale,Strata,46,"18,913",-,Condominium,1,99 yrs lease commencing from 2018,13,Rest of Central Region,06 to 10
ONE LEICESTER,"2,490,000","1,291.68","1,928",Dec-24,LEICESTER ROAD,Resale,Strata,120,"20,750",-,Condominium,1,Freehold,13,Rest of Central Region,06 to 10
BLOSSOMS @ WOODLEIGH,"1,750,000","1,001.05","1,748",Dec-24,WOODLEIGH CLOSE,Resale,Strata,93,"18,817",-,Condominium,1,Freehold,13,Rest of Central Region,11 to 15
PARK COLONIAL,"2,230,000",979.52,"2,277",Dec-24,WOODLEIGH LANE,Resale,Strata,91,"24,505",-,Condominium,1,99 yrs lease commencing from 2017,13,Rest of Central Region,06 to 10
ONE LEICESTER,"2,500,000","1,280.92","1,952",Dec-24,LEICESTER ROAD,Resale,Strata,119,"21,008",-,Condominium,1,Freehold,13,Rest of Central Region,11 to 15
SENNETT RESIDENCE,"1,480,000",850.36,"1,740",Dec-24,PHENG GECK AVENUE,Resale,Strata,79,"18,734",-,Condominium,1,99 yrs lease commencing from 2011,13,Rest of Central Region,01 to 05
BARTLEY RIDGE,"2,070,000","1,033.34","2,003",Dec-24,MOUNT VERNON ROAD,Resale,Strata,96,"21,563",-,Condominium,1,99 yrs lease commencing from 2012,13,Rest of Central Region,11 to 15
SENNETT RESIDENCE,"2,670,000","1,302.44","2,050",Dec-24,PHENG GECK AVENUE,Resale,Strata,121,"22,066",-,Condominium,1,99 yrs lease commencing from 2011,13,Rest of Central Region,16 to 20
THE WOODLEIGH RESIDENCES,"1,950,000",850.36,"2,293",Dec-24,BIDADARI PARK DRIVE,Sub Sale,Strata,79,"24,684",-,Apartment,1,99 yrs lease commencing from 2017,13,Rest of Central Region,11 to 15
ONE LEICESTER,"2,575,000","1,377.79","1,869",Dec-24,LEICESTER ROAD,Resale,Strata,128,"20,117",-,Condominium,1,Freehold,13,Rest of Central Region,01 to 05
8@WOODLEIGH,"2,050,000","1,097.93","1,867",Dec-24,WOODLEIGH CLOSE,Resale,Strata,102,"20,098",-,Condominium,1,99 yrs lease commencing from 2008,13,Rest of Central Region,11 to 15
BARTLEY RIDGE,"2,100,000","1,044.11","2,011",Dec-24,MOUNT VERNON ROAD,Resale,Strata,97,"21,649",-,Condominium,1,99 yrs lease commencing from 2012,13,Rest of Central Region,11 to 15
BARTLEY RIDGE,"848,000",462.85,"1,832",Nov-24,MOUNT VERNON ROAD,Resale,Strata,43,"19,721",-,Condominium,1,99 yrs lease commencing from 2012,13,Rest of Central Region,11 to 15
THE POIZ RESIDENCES,"1,170,000",581.26,"2,013",Nov-24,MEYAPPA CHETTIAR ROAD,Resale,Strata,54,"21,667",-,Apartment,1,99 yrs lease commencing from 2014,13,Rest of Central Region,01 to 05
8@WOODLEIGH,"2,160,000","1,151.75","1,875",Nov-24,WOODLEIGH CLOSE,Resale,Strata,107,"20,187",-,Condominium,1,99 yrs lease commencing from 2008,13,Rest of Central Region,01 to 05
BARTLEY RIDGE,"888,000",495.14,"1,793",Nov-24,MOUNT VERNON ROAD,Resale,Strata,46,"19,304",-,Condominium,1,99 yrs lease commencing from 2012,13,Rest of Central Region,16 to 20
THE POIZ RESIDENCES,"820,000",419.8,"1,953",Nov-24,MEYAPPA CHETTIAR ROAD,Resale,Strata,39,"21,026",-,Apartment,1,99 yrs lease commencing from 2014,13,Rest of Central Region,06 to 10
THE TRE VER,"962,000",505.91,"1,902",Nov-24,POTONG PASIR AVENUE 1,Resale,Strata,47,"20,468",-,Condominium,1,99 yrs lease commencing from 2018,13,Rest of Central Region,16 to 20
THE TRE VER,"1,468,000",742.72,"1,977",Nov-24,POTONG PASIR AVENUE 1,Resale,Strata,69,"21,275",-,Condominium,1,99 yrs lease commencing from 2018,13,Rest of Central Region,11 to 15
PARK COLONIAL,"2,460,000","1,065.64","2,308",Nov-24,WOODLEIGH LANE,Resale,Strata,99,"24,848",-,Condominium,1,99 yrs lease commencing from 2017,13,Rest of Central Region,01 to 05
SANT RITZ,"900,000",527.44,"1,706",Nov-24,PHENG GECK AVENUE,Resale,Strata,49,"18,367",-,Condominium,1,99 yrs lease commencing from 2012,13,Rest of Central Region,16 to 20
BARTLEY RIDGE,"844,000",462.85,"1,823",Nov-24,MOUNT VERNON ROAD,Resale,Strata,43,"19,628",-,Condominium,1,99 yrs lease commencing from 2012,13,Rest of Central Region,01 to 05
PARK COLONIAL,"1,320,000",602.78,"2,190",Nov-24,WOODLEIGH LANE,Resale,Strata,56,"23,571",-,Condominium,1,99 yrs lease commencing from 2017,13,Rest of Central Region,06 to 10
THE WOODLEIGH RESIDENCES,"1,300,000",570.49,"2,279",Nov-24,BIDADARI PARK DRIVE,Sub Sale,Strata,53,"24,528",-,Apartment,1,99 yrs lease commencing from 2017,13,Rest of Central Region,11 to 15
THE POIZ RESIDENCES,"2,015,000",936.47,"2,152",Nov-24,MEYAPPA CHETTIAR ROAD,Resale,Strata,87,"23,161",-,Apartment,1,99 yrs lease commencing from 2014,13,Rest of Central Region,01 to 05
THE WOODLEIGH RESIDENCES,"1,310,000",592.02,"2,213",Nov-24,BIDADARI PARK DRIVE,Sub Sale,Strata,55,"23,818",-,Apartment,1,99 yrs lease commencing from 2017,13,Rest of Central Region,06 to 10
BARTLEY RIDGE,"1,370,000",731.95,"1,872",Nov-24,MOUNT VERNON ROAD,Resale,Strata,68,"20,147",-,Condominium,1,99 yrs lease commencing from 2012,13,Rest of Central Region,06 to 10
SANT RITZ,"1,900,000","1,054.87","1,801",Nov-24,PHENG GECK AVENUE,Resale,Strata,98,"19,388",-,Condominium,1,99 yrs lease commencing from 2012,13,Rest of Central Region,16 to 20
PARK COLONIAL,"988,888",462.85,"2,137",Nov-24,WOODLEIGH LANE,Resale,Strata,43,"22,997",-,Condominium,1,99 yrs lease commencing from 2017,13,Rest of Central Region,06 to 10
THE TRE VER,"2,450,000","1,334.74","1,836",Nov-24,POTONG PASIR AVENUE 1,Resale,Strata,124,"19,758",-,Condominium,1,99 yrs lease commencing from 2018,13,Rest of Central Region,01 to 05
PARK COLONIAL,"2,300,000",979.52,"2,348",Nov-24,WOODLEIGH LANE,Resale,Strata,91,"25,275",-,Condominium,1,99 yrs lease commencing from 2017,13,Rest of Central Region,06 to 10
R MAISON,"880,000",581.26,"1,514",Nov-24,SOMMERVILLE WALK,Resale,Strata,54,"16,296",-,Apartment,1,Freehold,13,Outside Central Region,01 to 05
THE WOODLEIGH RESIDENCES,"1,230,000",570.49,"2,156",Nov-24,BIDADARI PARK DRIVE,Sub Sale,Strata,53,"23,208",-,Apartment,1,99 yrs lease commencing from 2017,13,Rest of Central Region,06 to 10
ONE LEICESTER,"2,280,000","1,205.57","1,891",Nov-24,LEICESTER ROAD,Resale,Strata,112,"20,357",-,Condominium,1,Freehold,13,Rest of Central Region,01 to 05
18 WOODSVILLE,"918,000",495.14,"1,854",Nov-24,WOODSVILLE CLOSE,Resale,Strata,46,"19,957",-,Apartment,1,Freehold,13,Rest of Central Region,06 to 10
THE TRE VER,"1,890,000","1,011.82","1,868",Nov-24,POTONG PASIR AVENUE 1,Resale,Strata,94,"20,106",-,Condominium,1,99 yrs lease commencing from 2018,13,Rest of Central Region,01 to 05
THE WOODLEIGH RESIDENCES,"2,480,000",958,"2,589",Nov-24,BIDADARI PARK DRIVE,Sub Sale,Strata,89,"27,865",-,Apartment,1,99 yrs lease commencing from 2017,13,Rest of Central Region,06 to 10
THE WOODLEIGH RESIDENCES,"1,770,000",721.19,"2,454",Nov-24,BIDADARI PARK DRIVE,Sub Sale,Strata,67,"26,418",-,Apartment,1,99 yrs lease commencing from 2017,13,Rest of Central Region,11 to 15
THE POIZ RESIDENCES,"1,710,088",807.3,"2,118",Nov-24,MEYAPPA CHETTIAR ROAD,Resale,Strata,75,"22,801",-,Apartment,1,99 yrs lease commencing from 2014,13,Rest of Central Region,06 to 10
PARK COLONIAL,"1,650,000",742.72,"2,222",Nov-24,WOODLEIGH LANE,Resale,Strata,69,"23,913",-,Condominium,1,99 yrs lease commencing from 2017,13,Rest of Central Region,11 to 15
THE WOODLEIGH RESIDENCES,"1,635,000",699.66,"2,337",Nov-24,BIDADARI PARK DRIVE,Sub Sale,Strata,65,"25,154",-,Apartment,1,99 yrs lease commencing from 2017,13,Rest of Central Region,06 to 10
THE TRE VER,"1,355,000",688.9,"1,967",Nov-24,POTONG PASIR AVENUE 1,Resale,Strata,64,"21,172",-,Condominium,1,99 yrs lease commencing from 2018,13,Rest of Central Region,11 to 15
THE TRE VER,"1,480,000",699.66,"2,115",Nov-24,POTONG PASIR AVENUE 1,Resale,Strata,65,"22,769",-,Condominium,1,99 yrs lease commencing from 2018,13,Rest of Central Region,16 to 20
THE TRE VER,"1,242,000",624.31,"1,989",Nov-24,POTONG PASIR AVENUE 1,Resale,Strata,58,"21,414",-,Condominium,1,99 yrs lease commencing from 2018,13,Rest of Central Region,11 to 15
PARK COLONIAL,"1,320,000",570.49,"2,314",Oct-24,WOODLEIGH LANE,Resale,Strata,53,"24,906",-,Condominium,1,99 yrs lease commencing from 2017,13,Rest of Central Region,11 to 15
THE VENUE RESIDENCES,"2,368,000","1,237.86","1,913",Oct-24,TAI THONG CRESCENT,Resale,Strata,115,"20,591",-,Apartment,1,99 yrs lease commencing from 2012,13,Rest of Central Region,06 to 10
PARC MONDRIAN,"2,480,000","1,399.32","1,772",Oct-24,WOODLEIGH CLOSE,Resale,Strata,130,"19,077",-,Apartment,1,Freehold,13,Rest of Central Region,06 to 10
BARTLEY RIDGE,"860,000",462.85,"1,858",Oct-24,MOUNT VERNON ROAD,Resale,Strata,43,"20,000",-,Condominium,1,99 yrs lease commencing from 2012,13,Rest of Central Region,16 to 20
BARTLEY RIDGE,"1,860,000",968.76,"1,920",Oct-24,MOUNT VERNON ROAD,Resale,Strata,90,"20,667",-,Condominium,1,99 yrs lease commencing from 2012,13,Rest of Central Region,06 to 10
BARTLEY RIDGE,"1,560,000",850.36,"1,835",Oct-24,MOUNT VERNON ROAD,Resale,Strata,79,"19,747",-,Condominium,1,99 yrs lease commencing from 2012,13,Rest of Central Region,06 to 10
PARK COLONIAL,"2,240,000",979.52,"2,287",Oct-24,WOODLEIGH LANE,Resale,Strata,91,"24,615",-,Condominium,1,99 yrs lease commencing from 2017,13,Rest of Central Region,06 to 10
SENNETT RESIDENCE,"2,100,000","1,130.22","1,858",Oct-24,PHENG GECK AVENUE,Resale,Strata,105,"20,000",-,Condominium,1,99 yrs lease commencing from 2011,13,Rest of Central Region,01 to 05
PLATINUM EDGE,"1,330,000",796.54,"1,670",Oct-24,LEICESTER ROAD,Resale,Strata,74,"17,973",-,Apartment,1,Freehold,13,Rest of Central Region,01 to 05
THE WOODLEIGH RESIDENCES,"1,500,000",667.37,"2,248",Oct-24,BIDADARI PARK DRIVE,Sub Sale,Strata,62,"24,194",-,Apartment,1,99 yrs lease commencing from 2017,13,Rest of Central Region,01 to 05
8@WOODLEIGH,"1,490,000",839.59,"1,775",Oct-24,WOODLEIGH CLOSE,Resale,Strata,78,"19,103",-,Condominium,1,99 yrs lease commencing from 2008,13,Rest of Central Region,01 to 05
THE WOODLEIGH RESIDENCES,"1,291,000",570.49,"2,263",Oct-24,BIDADARI PARK DRIVE,Sub Sale,Strata,53,"24,358",-,Apartment,1,99 yrs lease commencing from 2017,13,Rest of Central Region,01 to 05
E MAISON,"1,500,000",904.18,"1,659",Oct-24,BRADDELL ROAD,Resale,Strata,84,"17,857",-,Apartment,1,Freehold,13,Outside Central Region,01 to 05
THE WOODLEIGH RESIDENCES,"2,510,000",958,"2,620",Oct-24,BIDADARI PARK DRIVE,Sub Sale,Strata,89,"28,202",-,Apartment,1,99 yrs lease commencing from 2017,13,Rest of Central Region,06 to 10
THE POIZ RESIDENCES,"1,250,000",581.26,"2,151",Oct-24,MEYAPPA CHETTIAR ROAD,Resale,Strata,54,"23,148",-,Apartment,1,99 yrs lease commencing from 2014,13,Rest of Central Region,16 to 20
SENNETT RESIDENCE,"1,568,000",893.41,"1,755",Oct-24,PHENG GECK AVENUE,Resale,Strata,83,"18,892",-,Condominium,1,99 yrs lease commencing from 2011,13,Rest of Central Region,01 to 05
THE WOODLEIGH RESIDENCES,"1,520,000",699.66,"2,172",Oct-24,BIDADARI PARK DRIVE,Sub Sale,Strata,65,"23,385",-,Apartment,1,99 yrs lease commencing from 2017,13,Rest of Central Region,11 to 15
THE TRE VER,"2,250,900","1,097.93","2,050",Oct-24,POTONG PASIR AVENUE 1,Resale,Strata,102,"22,068",-,Condominium,1,99 yrs lease commencing from 2018,13,Rest of Central Region,11 to 15
SENNETT RESIDENCE,"1,080,000",581.26,"1,858",Oct-24,PHENG GECK AVENUE,Resale,Strata,54,"20,000",-,Condominium,1,99 yrs lease commencing from 2011,13,Rest of Central Region,01 to 05
SENNETT RESIDENCE,"1,618,000",828.83,"1,952",Oct-24,PHENG GECK AVENUE,Resale,Strata,77,"21,013",-,Condominium,1,99 yrs lease commencing from 2011,13,Rest of Central Region,16 to 20
PARK COLONIAL,"940,000",462.85,"2,031",Oct-24,WOODLEIGH LANE,Resale,Strata,43,"21,860",-,Condominium,1,99 yrs lease commencing from 2017,13,Rest of Central Region,06 to 10
THE WOODLEIGH RESIDENCES,"2,380,000",958,"2,484",Oct-24,BIDADARI PARK DRIVE,Sub Sale,Strata,89,"26,742",-,Apartment,1,99 yrs lease commencing from 2017,13,Rest of Central Region,06 to 10
8@WOODLEIGH,"1,795,000",947.23,"1,895",Oct-24,WOODLEIGH CLOSE,Resale,Strata,88,"20,398",-,Condominium,1,99 yrs lease commencing from 2008,13,Rest of Central Region,06 to 10
E MAISON,"1,430,000",904.18,"1,582",Oct-24,BRADDELL ROAD,Resale,Strata,84,"17,024",-,Apartment,1,Freehold,13,Outside Central Region,01 to 05
PARK COLONIAL,"2,220,000",979.52,"2,266",Oct-24,WOODLEIGH LANE,Resale,Strata,91,"24,396",-,Condominium,1,99 yrs lease commencing from 2017,13,Rest of Central Region,06 to 10
THE POIZ RESIDENCES,"1,225,000",581.26,"2,108",Oct-24,MEYAPPA CHETTIAR ROAD,Resale,Strata,54,"22,685",-,Apartment,1,99 yrs lease commencing from 2014,13,Rest of Central Region,11 to 15
PARK COLONIAL,"2,330,000",979.52,"2,379",Oct-24,WOODLEIGH LANE,Resale,Strata,91,"25,604",-,Condominium,1,99 yrs lease commencing from 2017,13,Rest of Central Region,11 to 15
E MAISON,"1,010,000",828.83,"1,219",Oct-24,BRADDELL ROAD,Resale,Strata,77,"13,117",-,Apartment,1,Freehold,13,Outside Central Region,01 to 05
SKY GREEN,"1,450,800",796.54,"1,821",Oct-24,MACPHERSON ROAD,Resale,Strata,74,"19,605",-,Condominium,1,Freehold,13,Rest of Central Region,06 to 10
PARK COLONIAL,"2,410,000","1,011.82","2,382",Oct-24,WOODLEIGH LANE,Resale,Strata,94,"25,638",-,Condominium,1,99 yrs lease commencing from 2017,13,Rest of Central Region,11 to 15
EURO-ASIA PARK,"1,480,000",893.41,"1,657",Oct-24,WOODLEIGH CLOSE,Resale,Strata,83,"17,831",-,Condominium,1,Freehold,13,Rest of Central Region,01 to 05
8@WOODLEIGH,"2,380,000","1,367.03","1,741",Oct-24,WOODLEIGH CLOSE,Resale,Strata,127,"18,740",-,Condominium,1,99 yrs lease commencing from 2008,13,Rest of Central Region,11 to 15
BARTLEY RIDGE,"2,325,000","1,173.28","1,982",Oct-24,MOUNT VERNON ROAD,Resale,Strata,109,"21,330",-,Condominium,1,99 yrs lease commencing from 2012,13,Rest of Central Region,06 to 10
18 WOODSVILLE,"883,000",495.14,"1,783",Oct-24,WOODSVILLE CLOSE,Resale,Strata,46,"19,196",-,Apartment,1,Freehold,13,Rest of Central Region,06 to 10
THE POIZ RESIDENCES,"835,000",419.8,"1,989",Oct-24,MEYAPPA CHETTIAR ROAD,Resale,Strata,39,"21,410",-,Apartment,1,99 yrs lease commencing from 2014,13,Rest of Central Region,06 to 10
PARK COLONIAL,"1,310,000",602.78,"2,173",Oct-24,WOODLEIGH LANE,Resale,Strata,56,"23,393",-,Condominium,1,99 yrs lease commencing from 2017,13,Rest of Central Region,06 to 10
PARK COLONIAL,"1,500,000",667.37,"2,248",Oct-24,WOODLEIGH LANE,Resale,Strata,62,"24,194",-,Condominium,1,99 yrs lease commencing from 2017,13,Rest of Central Region,06 to 10
THE POIZ RESIDENCES,"1,045,000",538.2,"1,942",Oct-24,MEYAPPA CHETTIAR ROAD,Resale,Strata,50,"20,900",-,Apartment,1,99 yrs lease commencing from 2014,13,Rest of Central Region,06 to 10
PARK COLONIAL,"1,480,000",635.08,"2,330",Oct-24,WOODLEIGH LANE,Resale,Strata,59,"25,085",-,Condominium,1,99 yrs lease commencing from 2017,13,Rest of Central Region,06 to 10
SANT RITZ,"1,510,000","1,087.16","1,389",Oct-24,PHENG GECK AVENUE,Resale,Strata,101,"14,950",-,Condominium,1,99 yrs lease commencing from 2012,13,Rest of Central Region,16 to 20
THE TRE VER,"968,000",505.91,"1,913",Sep-24,POTONG PASIR AVENUE 1,Resale,Strata,47,"20,596",-,Condominium,1,99 yrs lease commencing from 2018,13,Rest of Central Region,16 to 20
THE POIZ RESIDENCES,"1,500,000",753.48,"1,991",Sep-24,MEYAPPA CHETTIAR ROAD,Resale,Strata,70,"21,429",-,Apartment,1,99 yrs lease commencing from 2014,13,Rest of Central Region,11 to 15
PARK COLONIAL,"1,295,000",602.78,"2,148",Sep-24,WOODLEIGH LANE,Resale,Strata,56,"23,125",-,Condominium,1,99 yrs lease commencing from 2017,13,Rest of Central Region,01 to 05
SANT RITZ,"1,250,000",656.6,"1,904",Sep-24,PHENG GECK AVENUE,Resale,Strata,61,"20,492",-,Condominium,1,99 yrs lease commencing from 2012,13,Rest of Central Region,11 to 15
BARTLEY RIDGE,"1,970,000","1,044.11","1,887",Sep-24,MOUNT VERNON ROAD,Resale,Strata,97,"20,309",-,Condominium,1,99 yrs lease commencing from 2012,13,Rest of Central Region,01 to 05
THE WOODLEIGH RESIDENCES,"1,500,000",699.66,"2,144",Sep-24,BIDADARI PARK DRIVE,Sub Sale,Strata,65,"23,077",-,Apartment,1,99 yrs lease commencing from 2017,13,Rest of Central Region,11 to 15
BARTLEY RIDGE,"855,000",462.85,"1,847",Sep-24,MOUNT VERNON ROAD,Resale,Strata,43,"19,884",-,Condominium,1,99 yrs lease commencing from 2012,13,Rest of Central Region,06 to 10
PARK COLONIAL,"1,350,000",635.08,"2,126",Sep-24,WOODLEIGH LANE,Resale,Strata,59,"22,881",-,Condominium,1,99 yrs lease commencing from 2017,13,Rest of Central Region,06 to 10
THE POIZ RESIDENCES,"1,045,000",538.2,"1,942",Sep-24,MEYAPPA CHETTIAR ROAD,Resale,Strata,50,"20,900",-,Apartment,1,99 yrs lease commencing from 2014,13,Rest of Central Region,06 to 10
NIN RESIDENCE,"1,465,000",893.41,"1,640",Sep-24,PHENG GECK AVENUE,Resale,Strata,83,"17,651",-,Apartment,1,99 yrs lease commencing from 2010,13,Rest of Central Region,01 to 05
THE TRE VER,"1,504,000",753.48,"1,996",Sep-24,POTONG PASIR AVENUE 1,Resale,Strata,70,"21,486",-,Condominium,1,99 yrs lease commencing from 2018,13,Rest of Central Region,16 to 20
ONE LEICESTER,"1,560,000",904.18,"1,725",Sep-24,LEICESTER ROAD,Resale,Strata,84,"18,571",-,Condominium,1,Freehold,13,Rest of Central Region,11 to 15
PARK COLONIAL,"972,888",462.85,"2,102",Sep-24,WOODLEIGH LANE,Resale,Strata,43,"22,625",-,Condominium,1,99 yrs lease commencing from 2017,13,Rest of Central Region,06 to 10
THE POIZ RESIDENCES,"1,700,000",828.83,"2,051",Sep-24,MEYAPPA CHETTIAR ROAD,Resale,Strata,77,"22,078",-,Apartment,1,99 yrs lease commencing from 2014,13,Rest of Central Region,16 to 20
THE TRE VER,"912,000",495.14,"1,842",Sep-24,POTONG PASIR AVENUE 1,Resale,Strata,46,"19,826",-,Condominium,1,99 yrs lease commencing from 2018,13,Rest of Central Region,16 to 20
E MAISON,"1,530,000",936.47,"1,634",Sep-24,BRADDELL ROAD,Resale,Strata,87,"17,586",-,Apartment,1,Freehold,13,Outside Central Region,01 to 05
EURO-ASIA PARK,"2,260,000","1,528.49","1,479",Sep-24,WOODLEIGH CLOSE,Resale,Strata,142,"15,915",-,Condominium,1,Freehold,13,Rest of Central Region,01 to 05
THE VENUE RESIDENCES,"1,580,000",839.59,"1,882",Sep-24,TAI THONG CRESCENT,Resale,Strata,78,"20,256",-,Apartment,1,99 yrs lease commencing from 2012,13,Rest of Central Region,01 to 05
THE WOODLEIGH RESIDENCES,"1,270,000",570.49,"2,226",Sep-24,BIDADARI PARK DRIVE,Sub Sale,Strata,53,"23,962",-,Apartment,1,99 yrs lease commencing from 2017,13,Rest of Central Region,06 to 10
PARK COLONIAL,"1,305,000",602.78,"2,165",Sep-24,WOODLEIGH LANE,Resale,Strata,56,"23,304",-,Condominium,1,99 yrs lease commencing from 2017,13,Rest of Central Region,06 to 10
NIN RESIDENCE,"800,000",473.62,"1,689",Sep-24,PHENG GECK AVENUE,Resale,Strata,44,"18,182",-,Apartment,1,99 yrs lease commencing from 2010,13,Rest of Central Region,11 to 15
SUITES@BRADDELL,"708,888",441.32,"1,606",Sep-24,BRADDELL ROAD,Resale,Strata,41,"17,290",-,Apartment,1,Freehold,13,Outside Central Region,01 to 05
THE ACACIAS,"2,610,000","1,883.7","1,386",Sep-24,SOMMERVILLE ROAD,Resale,Strata,175,"14,914",-,Apartment,1,Freehold,13,Outside Central Region,01 to 05
SANT RITZ,"888,000",527.44,"1,684",Sep-24,PHENG GECK AVENUE,Resale,Strata,49,"18,122",-,Condominium,1,99 yrs lease commencing from 2012,13,Rest of Central Region,11 to 15
THE TRE VER,"1,390,000",699.66,"1,987",Sep-24,POTONG PASIR AVENUE 1,Resale,Strata,65,"21,385",-,Condominium,1,99 yrs lease commencing from 2018,13,Rest of Central Region,06 to 10
WOODSVILLE 28,"2,270,000","1,399.32","1,622",Sep-24,WOODSVILLE CLOSE,Resale,Strata,130,"17,462",-,Apartment,1,99 yrs lease commencing from 2007,13,Rest of Central Region,01 to 05
BARTLEY RIDGE,"1,500,000",828.83,"1,810",Sep-24,MOUNT VERNON ROAD,Resale,Strata,77,"19,481",-,Condominium,1,99 yrs lease commencing from 2012,13,Rest of Central Region,01 to 05
THE TRE VER,"2,000,000","1,011.82","1,977",Sep-24,POTONG PASIR AVENUE 1,Resale,Strata,94,"21,277",-,Condominium,1,99 yrs lease commencing from 2018,13,Rest of Central Region,11 to 15
THE WOODLEIGH RESIDENCES,"1,600,000",699.66,"2,287",Sep-24,BIDADARI PARK DRIVE,Sub Sale,Strata,65,"24,615",-,Apartment,1,99 yrs lease commencing from 2017,13,Rest of Central Region,01 to 05
THE WOODLEIGH RESIDENCES,"1,260,000",570.49,"2,209",Sep-24,BIDADARI PARK DRIVE,Sub Sale,Strata,53,"23,774",-,Apartment,1,99 yrs lease commencing from 2017,13,Rest of Central Region,11 to 15
THE WOODLEIGH RESIDENCES,"1,530,000",667.37,"2,293",Sep-24,BIDADARI PARK DRIVE,Sub Sale,Strata,62,"24,677",-,Apartment,1,99 yrs lease commencing from 2017,13,Rest of Central Region,06 to 10
THE POIZ RESIDENCES,"1,040,000",538.2,"1,932",Sep-24,MEYAPPA CHETTIAR ROAD,Resale,Strata,50,"20,800",-,Apartment,1,99 yrs lease commencing from 2014,13,Rest of Central Region,06 to 10
THE WOODLEIGH RESIDENCES,"1,850,000",742.72,"2,491",Sep-24,BIDADARI PARK DRIVE,Sub Sale,Strata,69,"26,812",-,Apartment,1,99 yrs lease commencing from 2017,13,Rest of Central Region,11 to 15
SENNETT RESIDENCE,"1,480,000",818.06,"1,809",Sep-24,PHENG GECK AVENUE,Resale,Strata,76,"19,474",-,Condominium,1,99 yrs lease commencing from 2011,13,Rest of Central Region,01 to 05
8@WOODLEIGH,"1,820,000",958,"1,900",Sep-24,WOODLEIGH CLOSE,Resale,Strata,89,"20,449",-,Condominium,1,99 yrs lease commencing from 2008,13,Rest of Central Region,06 to 10
THE WOODLEIGH RESIDENCES,"1,635,000",699.66,"2,337",Sep-24,BIDADARI PARK DRIVE,Sub Sale,Strata,65,"25,154",-,Apartment,1,99 yrs lease commencing from 2017,13,Rest of Central Region,11 to 15
THE POIZ RESIDENCES,"850,000",419.8,"2,025",Aug-24,MEYAPPA CHETTIAR ROAD,Resale,Strata,39,"21,795",-,Apartment,1,99 yrs lease commencing from 2014,13,Rest of Central Region,06 to 10
THE TRE VER,"1,240,000",645.84,"1,920",Aug-24,POTONG PASIR AVENUE 1,Resale,Strata,60,"20,667",-,Condominium,1,99 yrs lease commencing from 2018,13,Rest of Central Region,06 to 10
PARK COLONIAL,"1,300,000",602.78,"2,157",Aug-24,WOODLEIGH LANE,Resale,Strata,56,"23,214",-,Condominium,1,99 yrs lease commencing from 2017,13,Rest of Central Region,06 to 10
THE TRE VER,"1,430,000",742.72,"1,925",Aug-24,POTONG PASIR AVENUE 1,Resale,Strata,69,"20,725",-,Condominium,1,99 yrs lease commencing from 2018,13,Rest of Central Region,06 to 10
BARTLEY RIDGE,"1,623,000",850.36,"1,909",Aug-24,MOUNT VERNON ROAD,Resale,Strata,79,"20,544",-,Condominium,1,99 yrs lease commencing from 2012,13,Rest of Central Region,11 to 15
PARK COLONIAL,"2,288,000",979.52,"2,336",Aug-24,WOODLEIGH LANE,Resale,Strata,91,"25,143",-,Condominium,1,99 yrs lease commencing from 2017,13,Rest of Central Region,06 to 10
PARK COLONIAL,"1,345,000",602.78,"2,231",Aug-24,WOODLEIGH LANE,Resale,Strata,56,"24,018",-,Condominium,1,99 yrs lease commencing from 2017,13,Rest of Central Region,11 to 15
BARTLEY RIDGE,"1,600,000",850.36,"1,882",Aug-24,MOUNT VERNON ROAD,Resale,Strata,79,"20,253",-,Condominium,1,99 yrs lease commencing from 2012,13,Rest of Central Region,01 to 05
THE TRE VER,"2,220,000","1,097.93","2,022",Aug-24,POTONG PASIR AVENUE 1,Resale,Strata,102,"21,765",-,Condominium,1,99 yrs lease commencing from 2018,13,Rest of Central Region,11 to 15
THE POIZ RESIDENCES,"1,180,000",581.26,"2,030",Aug-24,MEYAPPA CHETTIAR ROAD,Resale,Strata,54,"21,852",-,Apartment,1,99 yrs lease commencing from 2014,13,Rest of Central Region,11 to 15
PARK COLONIAL,"985,000",462.85,"2,128",Aug-24,WOODLEIGH LANE,Resale,Strata,43,"22,907",-,Condominium,1,99 yrs lease commencing from 2017,13,Rest of Central Region,06 to 10
THE VENUE RESIDENCES,"2,438,888","1,377.79","1,770",Aug-24,TAI THONG CRESCENT,Resale,Strata,128,"19,054",-,Apartment,1,99 yrs lease commencing from 2012,13,Rest of Central Region,06 to 10
THE TRE VER,"2,130,000","1,011.82","2,105",Aug-24,POTONG PASIR AVENUE 1,Resale,Strata,94,"22,660",-,Condominium,1,99 yrs lease commencing from 2018,13,Rest of Central Region,16 to 20
E MAISON,"1,500,000",904.18,"1,659",Aug-24,BRADDELL ROAD,Resale,Strata,84,"17,857",-,Apartment,1,Freehold,13,Outside Central Region,01 to 05
BARTLEY RIDGE,"1,380,000",721.19,"1,914",Aug-24,MOUNT VERNON ROAD,Resale,Strata,67,"20,597",-,Condominium,1,99 yrs lease commencing from 2012,13,Rest of Central Region,06 to 10
PARK COLONIAL,"2,458,888","1,151.75","2,135",Aug-24,WOODLEIGH LANE,Resale,Strata,107,"22,980",-,Condominium,1,99 yrs lease commencing from 2017,13,Rest of Central Region,11 to 15
THE POIZ RESIDENCES,"1,740,000",839.59,"2,072",Aug-24,MEYAPPA CHETTIAR ROAD,Resale,Strata,78,"22,308",-,Apartment,1,99 yrs lease commencing from 2014,13,Rest of Central Region,06 to 10
BARTLEY RIDGE,"2,550,000","1,550.02","1,645",Aug-24,MOUNT VERNON ROAD,Resale,Strata,144,"17,708",-,Condominium,1,99 yrs lease commencing from 2012,13,Rest of Central Region,01 to 05
THE TRE VER,"1,400,000",699.66,"2,001",Aug-24,POTONG PASIR AVENUE 1,Resale,Strata,65,"21,538",-,Condominium,1,99 yrs lease commencing from 2018,13,Rest of Central Region,06 to 10
PARK COLONIAL,"1,308,888",570.49,"2,294",Aug-24,WOODLEIGH LANE,Resale,Strata,53,"24,696",-,Condominium,1,99 yrs lease commencing from 2017,13,Rest of Central Region,06 to 10
THE WOODLEIGH RESIDENCES,"1,490,000",667.37,"2,233",Aug-24,BIDADARI PARK DRIVE,Sub Sale,Strata,62,"24,032",-,Apartment,1,99 yrs lease commencing from 2017,13,Rest of Central Region,06 to 10
PARK COLONIAL,"2,150,000",979.52,"2,195",Aug-24,WOODLEIGH LANE,Resale,Strata,91,"23,626",-,Condominium,1,99 yrs lease commencing from 2017,13,Rest of Central Region,01 to 05
THE POIZ RESIDENCES,"810,000",419.8,"1,930",Aug-24,MEYAPPA CHETTIAR ROAD,Resale,Strata,39,"20,769",-,Apartment,1,99 yrs lease commencing from 2014,13,Rest of Central Region,06 to 10
BARTLEY RIDGE,"2,260,000","1,162.51","1,944",Aug-24,MOUNT VERNON ROAD,Resale,Strata,108,"20,926",-,Condominium,1,99 yrs lease commencing from 2012,13,Rest of Central Region,11 to 15
18 WOODSVILLE,"1,520,000",914.94,"1,661",Aug-24,WOODSVILLE CLOSE,Resale,Strata,85,"17,882",-,Apartment,1,Freehold,13,Rest of Central Region,01 to 05
THE VENUE RESIDENCES,"2,358,888","1,237.86","1,906",Aug-24,TAI THONG CRESCENT,Resale,Strata,115,"20,512",-,Apartment,1,99 yrs lease commencing from 2012,13,Rest of Central Region,11 to 15
PARK COLONIAL,"2,200,000",979.52,"2,246",Aug-24,WOODLEIGH LANE,Resale,Strata,91,"24,176",-,Condominium,1,99 yrs lease commencing from 2017,13,Rest of Central Region,01 to 05
BARTLEY RIDGE,"1,550,000",850.36,"1,823",Jul-24,MOUNT VERNON ROAD,Resale,Strata,79,"19,620",-,Condominium,1,99 yrs lease commencing from 2012,13,Rest of Central Region,01 to 05
BARTLEY RIDGE,"838,000",462.85,"1,811",Jul-24,MOUNT VERNON ROAD,Resale,Strata,43,"19,488",-,Condominium,1,99 yrs lease commencing from 2012,13,Rest of Central Region,11 to 15
THE POIZ RESIDENCES,"1,460,000",753.48,"1,938",Jul-24,MEYAPPA CHETTIAR ROAD,Resale,Strata,70,"20,857",-,Apartment,1,99 yrs lease commencing from 2014,13,Rest of Central Region,06 to 10
R MAISON,"1,830,000","1,485.43","1,232",Jul-24,SOMMERVILLE WALK,Resale,Strata,138,"13,261",-,Apartment,1,Freehold,13,Outside Central Region,01 to 05
DAISY SUITES,"1,100,000",699.66,"1,572",Jul-24,DAISY ROAD,Resale,Strata,65,"16,923",-,Apartment,1,Freehold,13,Outside Central Region,01 to 05
BARTLEY RIDGE,"2,550,000","1,560.78","1,634",Jul-24,MOUNT VERNON ROAD,Resale,Strata,145,"17,586",-,Condominium,1,99 yrs lease commencing from 2012,13,Rest of Central Region,16 to 20
THE VENUE RESIDENCES,"2,350,000","1,237.86","1,898",Jul-24,TAI THONG CRESCENT,Resale,Strata,115,"20,435",-,Apartment,1,99 yrs lease commencing from 2012,13,Rest of Central Region,06 to 10
THE TRE VER,"1,408,000",699.66,"2,012",Jul-24,POTONG PASIR AVENUE 1,Resale,Strata,65,"21,662",-,Condominium,1,99 yrs lease commencing from 2018,13,Rest of Central Region,16 to 20
PARK COLONIAL,"1,568,000",678.13,"2,312",Jul-24,WOODLEIGH LANE,Resale,Strata,63,"24,889",-,Condominium,1,99 yrs lease commencing from 2017,13,Rest of Central Region,06 to 10
PARK COLONIAL,"1,365,000",635.08,"2,149",Jul-24,WOODLEIGH LANE,Resale,Strata,59,"23,136",-,Condominium,1,99 yrs lease commencing from 2017,13,Rest of Central Region,06 to 10
NIN RESIDENCE,"1,568,000",904.18,"1,734",Jul-24,PHENG GECK AVENUE,Resale,Strata,84,"18,667",-,Apartment,1,99 yrs lease commencing from 2010,13,Rest of Central Region,06 to 10
SANT RITZ,"1,400,000",818.06,"1,711",Jul-24,PHENG GECK AVENUE,Resale,Strata,76,"18,421",-,Condominium,1,99 yrs lease commencing from 2012,13,Rest of Central Region,01 to 05
THE TRE VER,"1,420,000",699.66,"2,030",Jul-24,POTONG PASIR AVENUE 1,Resale,Strata,65,"21,846",-,Condominium,1,99 yrs lease commencing from 2018,13,Rest of Central Region,11 to 15
THE TRE VER,"1,230,000",613.55,"2,005",Jul-24,POTONG PASIR AVENUE 1,Resale,Strata,57,"21,579",-,Condominium,1,99 yrs lease commencing from 2018,13,Rest of Central Region,06 to 10
SKY GREEN,"2,108,888","1,151.75","1,831",Jul-24,MACPHERSON ROAD,Resale,Strata,107,"19,709",-,Condominium,1,Freehold,13,Rest of Central Region,06 to 10
THE TRE VER,"1,280,000",645.84,"1,982",Jul-24,POTONG PASIR AVENUE 1,Resale,Strata,60,"21,333",-,Condominium,1,99 yrs lease commencing from 2018,13,Rest of Central Region,11 to 15
ONE LEICESTER,"2,000,000","1,248.62","1,602",Jul-24,LEICESTER ROAD,Resale,Strata,116,"17,241",-,Condominium,1,Freehold,13,Rest of Central Region,01 to 05
PARK COLONIAL,"2,360,000","1,011.82","2,332",Jul-24,WOODLEIGH LANE,Resale,Strata,94,"25,106",-,Condominium,1,99 yrs lease commencing from 2017,13,Rest of Central Region,01 to 05
THE WOODLEIGH RESIDENCES,"1,530,000",667.37,"2,293",Jul-24,BIDADARI PARK DRIVE,Sub Sale,Strata,62,"24,677",-,Apartment,1,99 yrs lease commencing from 2017,13,Rest of Central Region,06 to 10
SKY GREEN,"1,420,000",796.54,"1,783",Jul-24,MACPHERSON ROAD,Resale,Strata,74,"19,189",-,Condominium,1,Freehold,13,Rest of Central Region,01 to 05
THE ADDITION,"1,918,000",947.23,"2,025",Jul-24,MEYAPPA CHETTIAR ROAD,Resale,Strata,88,"21,795",-,Apartment,1,Freehold,13,Rest of Central Region,06 to 10
THE TRE VER,"1,468,000",742.72,"1,977",Jul-24,POTONG PASIR AVENUE 1,Resale,Strata,69,"21,275",-,Condominium,1,99 yrs lease commencing from 2018,13,Rest of Central Region,16 to 20
BELLA VISTA,"1,992,000","1,323.97","1,505",Jul-24,SOMMERVILLE ROAD,Resale,Strata,123,"16,195",-,Apartment,1,Freehold,13,Outside Central Region,01 to 05
THE TRE VER,"1,380,000",688.9,"2,003",Jul-24,POTONG PASIR AVENUE 1,Resale,Strata,64,"21,563",-,Condominium,1,99 yrs lease commencing from 2018,13,Rest of Central Region,16 to 20
PARK COLONIAL,"2,288,000",979.52,"2,336",Jul-24,WOODLEIGH LANE,Resale,Strata,91,"25,143",-,Condominium,1,99 yrs lease commencing from 2017,13,Rest of Central Region,06 to 10
8@WOODLEIGH,"1,400,000",839.59,"1,667",Jul-24,WOODLEIGH CLOSE,Resale,Strata,78,"17,949",-,Condominium,1,99 yrs lease commencing from 2008,13,Rest of Central Region,01 to 05
SANT RITZ,"1,600,000",958,"1,670",Jul-24,PHENG GECK AVENUE,Resale,Strata,89,"17,978",-,Condominium,1,99 yrs lease commencing from 2012,13,Rest of Central Region,06 to 10
THE WOODLEIGH RESIDENCES,"1,570,000",688.9,"2,279",Jul-24,BIDADARI PARK DRIVE,Sub Sale,Strata,64,"24,531",-,Apartment,1,99 yrs lease commencing from 2017,13,Rest of Central Region,01 to 05
PARK COLONIAL,"1,500,000",635.08,"2,362",Jul-24,WOODLEIGH LANE,Resale,Strata,59,"25,424",-,Condominium,1,99 yrs lease commencing from 2017,13,Rest of Central Region,01 to 05
BARTLEY RIDGE,"2,000,000","1,033.34","1,935",Jul-24,MOUNT VERNON ROAD,Resale,Strata,96,"20,833",-,Condominium,1,99 yrs lease commencing from 2012,13,Rest of Central Region,06 to 10
PARK COLONIAL,"2,950,000","1,248.62","2,363",Jul-24,WOODLEIGH LANE,Resale,Strata,116,"25,431",-,Condominium,1,99 yrs lease commencing from 2017,13,Rest of Central Region,11 to 15
NIN RESIDENCE,"888,000",527.44,"1,684",Jul-24,PHENG GECK AVENUE,Resale,Strata,49,"18,122",-,Apartment,1,99 yrs lease commencing from 2010,13,Rest of Central Region,06 to 10
8@WOODLEIGH,"1,990,000","1,097.93","1,813",Jun-24,WOODLEIGH CLOSE,Resale,Strata,102,"19,510",-,Condominium,1,99 yrs lease commencing from 2008,13,Rest of Central Region,06 to 10
SENNETT RESIDENCE,"1,530,000",893.41,"1,713",Jun-24,PHENG GECK AVENUE,Resale,Strata,83,"18,434",-,Condominium,1,99 yrs lease commencing from 2011,13,Rest of Central Region,01 to 05
THE TRE VER,"1,180,000",613.55,"1,923",Jun-24,POTONG PASIR AVENUE 1,Sub Sale,Strata,57,"20,702",-,Condominium,1,99 yrs lease commencing from 2018,13,Rest of Central Region,11 to 15
THE WOODLEIGH RESIDENCES,"2,426,000",958,"2,532",Jun-24,BIDADARI PARK DRIVE,Sub Sale,Strata,89,"27,258",-,Apartment,1,99 yrs lease commencing from 2017,13,Rest of Central Region,06 to 10
THE POIZ RESIDENCES,"1,175,000",581.26,"2,021",Jun-24,MEYAPPA CHETTIAR ROAD,Resale,Strata,54,"21,759",-,Apartment,1,99 yrs lease commencing from 2014,13,Rest of Central Region,11 to 15
PARK COLONIAL,"1,000,000",462.85,"2,161",Jun-24,WOODLEIGH LANE,Resale,Strata,43,"23,256",-,Condominium,1,99 yrs lease commencing from 2017,13,Rest of Central Region,01 to 05
THE TRE VER,"908,000",495.14,"1,834",Jun-24,POTONG PASIR AVENUE 1,Sub Sale,Strata,46,"19,739",-,Condominium,1,99 yrs lease commencing from 2018,13,Rest of Central Region,16 to 20
8@WOODLEIGH,"1,510,000",839.59,"1,798",Jun-24,WOODLEIGH CLOSE,Resale,Strata,78,"19,359",-,Condominium,1,99 yrs lease commencing from 2008,13,Rest of Central Region,06 to 10
PARK COLONIAL,"990,000",462.85,"2,139",Jun-24,WOODLEIGH LANE,Resale,Strata,43,"23,023",-,Condominium,1,99 yrs lease commencing from 2017,13,Rest of Central Region,06 to 10
PARK COLONIAL,"1,320,000",602.78,"2,190",Jun-24,WOODLEIGH LANE,Resale,Strata,56,"23,571",-,Condominium,1,99 yrs lease commencing from 2017,13,Rest of Central Region,06 to 10
THE WOODLEIGH RESIDENCES,"1,525,000",667.37,"2,285",Jun-24,BIDADARI PARK DRIVE,Sub Sale,Strata,62,"24,597",-,Apartment,1,99 yrs lease commencing from 2017,13,Rest of Central Region,06 to 10
CASA MEYA,"1,470,000",807.3,"1,821",Jun-24,MEYAPPA CHETTIAR ROAD,Resale,Strata,75,"19,600",-,Apartment,1,Freehold,13,Rest of Central Region,06 to 10
BARTLEY RIDGE,"2,000,000","1,033.34","1,935",Jun-24,MOUNT VERNON ROAD,Resale,Strata,96,"20,833",-,Condominium,1,99 yrs lease commencing from 2012,13,Rest of Central Region,11 to 15
PARC MONDRIAN,"2,100,000","1,173.28","1,790",Jun-24,WOODLEIGH CLOSE,Resale,Strata,109,"19,266",-,Apartment,1,Freehold,13,Rest of Central Region,11 to 15
PARK COLONIAL,"968,888",462.85,"2,093",Jun-24,WOODLEIGH LANE,Resale,Strata,43,"22,532",-,Condominium,1,99 yrs lease commencing from 2017,13,Rest of Central Region,06 to 10
SENNETT RESIDENCE,"1,600,000",850.36,"1,882",Jun-24,PHENG GECK AVENUE,Resale,Strata,79,"20,253",-,Condominium,1,99 yrs lease commencing from 2011,13,Rest of Central Region,11 to 15
THE ACACIAS,"1,830,000","1,227.1","1,491",Jun-24,SOMMERVILLE ROAD,Resale,Strata,114,"16,053",-,Apartment,1,Freehold,13,Outside Central Region,01 to 05
THE WOODLEIGH RESIDENCES,"1,730,000",721.19,"2,399",Jun-24,BIDADARI PARK DRIVE,Sub Sale,Strata,67,"25,821",-,Apartment,1,99 yrs lease commencing from 2017,13,Rest of Central Region,01 to 05
THE WOODLEIGH RESIDENCES,"2,022,000",850.36,"2,378",Jun-24,BIDADARI PARK DRIVE,Sub Sale,Strata,79,"25,595",-,Apartment,1,99 yrs lease commencing from 2017,13,Rest of Central Region,06 to 10
THE TRE VER,"862,000",495.14,"1,741",Jun-24,POTONG PASIR AVENUE 1,Sub Sale,Strata,46,"18,739",-,Condominium,1,99 yrs lease commencing from 2018,13,Rest of Central Region,06 to 10
WOODSVILLE 28,"1,930,000","1,194.8","1,615",Jun-24,WOODSVILLE CLOSE,Resale,Strata,111,"17,387",-,Apartment,1,99 yrs lease commencing from 2007,13,Rest of Central Region,01 to 05
18 WOODSVILLE,"1,280,000",731.95,"1,749",Jun-24,WOODSVILLE CLOSE,Resale,Strata,68,"18,824",-,Apartment,1,Freehold,13,Rest of Central Region,01 to 05
THE WOODLEIGH RESIDENCES,"1,255,420",570.49,"2,201",Jun-24,BIDADARI PARK DRIVE,Sub Sale,Strata,53,"23,687",-,Apartment,1,99 yrs lease commencing from 2017,13,Rest of Central Region,06 to 10
INTERO,"1,760,000","1,011.82","1,739",Jun-24,LEICESTER ROAD,Resale,Strata,94,"18,723",-,Apartment,1,Freehold,13,Rest of Central Region,06 to 10
PARK COLONIAL,"1,580,000",678.13,"2,330",Jun-24,WOODLEIGH LANE,Resale,Strata,63,"25,079",-,Condominium,1,99 yrs lease commencing from 2017,13,Rest of Central Region,06 to 10
18 WOODSVILLE,"1,250,000",850.36,"1,470",Jun-24,WOODSVILLE CLOSE,Resale,Strata,79,"15,823",-,Apartment,1,Freehold,13,Rest of Central Region,11 to 15
THE WOODLEIGH RESIDENCES,"2,230,000",958,"2,328",Jun-24,BIDADARI PARK DRIVE,Sub Sale,Strata,89,"25,056",-,Apartment,1,99 yrs lease commencing from 2017,13,Rest of Central Region,01 to 05
BARTLEY RIDGE,"1,600,000",850.36,"1,882",Jun-24,MOUNT VERNON ROAD,Resale,Strata,79,"20,253",-,Condominium,1,99 yrs lease commencing from 2012,13,Rest of Central Region,11 to 15
THE POIZ RESIDENCES,"1,050,000",538.2,"1,951",Jun-24,MEYAPPA CHETTIAR ROAD,Resale,Strata,50,"21,000",-,Apartment,1,99 yrs lease commencing from 2014,13,Rest of Central Region,16 to 20
THE POIZ RESIDENCES,"1,100,000",527.44,"2,086",Jun-24,MEYAPPA CHETTIAR ROAD,Resale,Strata,49,"22,449",-,Apartment,1,99 yrs lease commencing from 2014,13,Rest of Central Region,06 to 10
THE VENUE RESIDENCES,"2,168,888","1,130.22","1,919",Jun-24,TAI THONG CRESCENT,Resale,Strata,105,"20,656",-,Apartment,1,99 yrs lease commencing from 2012,13,Rest of Central Region,01 to 05
THE POIZ RESIDENCES,"2,920,000","1,528.49","1,910",May-24,MEYAPPA CHETTIAR ROAD,Resale,Strata,142,"20,563",-,Apartment,1,99 yrs lease commencing from 2014,13,Rest of Central Region,01 to 05
THE TRE VER,"910,000",495.14,"1,838",May-24,POTONG PASIR AVENUE 1,Sub Sale,Strata,46,"19,783",-,Condominium,1,99 yrs lease commencing from 2018,13,Rest of Central Region,06 to 10
THE TRE VER,"1,420,000",699.66,"2,030",May-24,POTONG PASIR AVENUE 1,Sub Sale,Strata,65,"21,846",-,Condominium,1,99 yrs lease commencing from 2018,13,Rest of Central Region,11 to 15
CASA MEYA,"1,380,000",807.3,"1,709",May-24,MEYAPPA CHETTIAR ROAD,Resale,Strata,75,"18,400",-,Apartment,1,Freehold,13,Rest of Central Region,06 to 10
SENNETT RESIDENCE,"939,800",505.91,"1,858",May-24,PHENG GECK AVENUE,Resale,Strata,47,"19,996",-,Condominium,1,99 yrs lease commencing from 2011,13,Rest of Central Region,01 to 05
SENNETT RESIDENCE,"1,080,000",570.49,"1,893",May-24,PHENG GECK AVENUE,Resale,Strata,53,"20,377",-,Condominium,1,99 yrs lease commencing from 2011,13,Rest of Central Region,11 to 15
BLOSSOMS @ WOODLEIGH,"1,780,000","1,001.05","1,778",May-24,WOODLEIGH CLOSE,Resale,Strata,93,"19,140",-,Condominium,1,Freehold,13,Rest of Central Region,01 to 05
PARK COLONIAL,"1,400,000",635.08,"2,204",May-24,WOODLEIGH LANE,Resale,Strata,59,"23,729",-,Condominium,1,99 yrs lease commencing from 2017,13,Rest of Central Region,06 to 10
PARK COLONIAL,"2,230,000",979.52,"2,277",May-24,WOODLEIGH LANE,Resale,Strata,91,"24,505",-,Condominium,1,99 yrs lease commencing from 2017,13,Rest of Central Region,11 to 15
THE ACACIAS,"2,720,000","1,894.46","1,436",May-24,SOMMERVILLE ROAD,Resale,Strata,176,"15,455",-,Apartment,1,Freehold,13,Outside Central Region,01 to 05
SANT RITZ,"885,000",527.44,"1,678",May-24,PHENG GECK AVENUE,Resale,Strata,49,"18,061",-,Condominium,1,99 yrs lease commencing from 2012,13,Rest of Central Region,06 to 10
NIN RESIDENCE,"1,430,000",893.41,"1,601",May-24,PHENG GECK AVENUE,Resale,Strata,83,"17,229",-,Apartment,1,99 yrs lease commencing from 2010,13,Rest of Central Region,01 to 05
LEICESTER SUITES,"800,000",419.8,"1,906",May-24,LEICESTER ROAD,Resale,Strata,39,"20,513",-,Apartment,1,Freehold,13,Rest of Central Region,06 to 10
THE POIZ RESIDENCES,"2,400,000","1,151.75","2,084",May-24,MEYAPPA CHETTIAR ROAD,Resale,Strata,107,"22,430",-,Apartment,1,99 yrs lease commencing from 2014,13,Rest of Central Region,11 to 15
BELLA VISTA,"853,000",592.02,"1,441",May-24,SOMMERVILLE ROAD,Resale,Strata,55,"15,509",-,Apartment,1,Freehold,13,Outside Central Region,01 to 05
E MAISON,"1,538,000",936.47,"1,642",May-24,BRADDELL ROAD,Resale,Strata,87,"17,678",-,Apartment,1,Freehold,13,Outside Central Region,01 to 05
THE WOODLEIGH RESIDENCES,"2,410,000",958,"2,516",May-24,BIDADARI PARK DRIVE,Sub Sale,Strata,89,"27,079",-,Apartment,1,99 yrs lease commencing from 2017,13,Rest of Central Region,11 to 15
PARK COLONIAL,"1,408,888",635.08,"2,218",May-24,WOODLEIGH LANE,Resale,Strata,59,"23,879",-,Condominium,1,99 yrs lease commencing from 2017,13,Rest of Central Region,11 to 15
SKY GREEN,"1,348,888",753.48,"1,790",May-24,MACPHERSON ROAD,Resale,Strata,70,"19,270",-,Condominium,1,Freehold,13,Rest of Central Region,06 to 10
THE WOODLEIGH RESIDENCES,"1,530,000",688.9,"2,221",May-24,BIDADARI PARK DRIVE,Sub Sale,Strata,64,"23,906",-,Apartment,1,99 yrs lease commencing from 2017,13,Rest of Central Region,06 to 10
BLOSSOMS @ WOODLEIGH,"3,750,000","3,035.45","1,235",May-24,WOODLEIGH CLOSE,Resale,Strata,282,"13,298",-,Condominium,1,Freehold,13,Rest of Central Region,11 to 15
PARK COLONIAL,"1,580,000",678.13,"2,330",May-24,WOODLEIGH LANE,Resale,Strata,63,"25,079",-,Condominium,1,99 yrs lease commencing from 2017,13,Rest of Central Region,06 to 10
THE WOODLEIGH RESIDENCES,"1,258,000",570.49,"2,205",May-24,BIDADARI PARK DRIVE,Sub Sale,Strata,53,"23,736",-,Apartment,1,99 yrs lease commencing from 2017,13,Rest of Central Region,06 to 10
SANT RITZ,"2,000,000","1,259.39","1,588",May-24,PHENG GECK AVENUE,Resale,Strata,117,"17,094",-,Condominium,1,99 yrs lease commencing from 2012,13,Rest of Central Region,06 to 10
THE TRE VER,"890,888",495.14,"1,799",May-24,POTONG PASIR AVENUE 1,Sub Sale,Strata,46,"19,367",-,Condominium,1,99 yrs lease commencing from 2018,13,Rest of Central Region,01 to 05
THE POIZ RESIDENCES,"1,672,000",839.59,"1,991",May-24,MEYAPPA CHETTIAR ROAD,Resale,Strata,78,"21,436",-,Apartment,1,99 yrs lease commencing from 2014,13,Rest of Central Region,06 to 10
BARTLEY RIDGE,"1,950,000","1,108.69","1,759",May-24,MOUNT VERNON ROAD,Resale,Strata,103,"18,932",-,Condominium,1,99 yrs lease commencing from 2012,13,Rest of Central Region,01 to 05
THE VENUE RESIDENCES,"1,525,000",839.59,"1,816",May-24,TAI THONG CRESCENT,Resale,Strata,78,"19,551",-,Apartment,1,99 yrs lease commencing from 2012,13,Rest of Central Region,11 to 15
BLOSSOMS @ WOODLEIGH,"2,400,000","1,420.85","1,689",May-24,WOODLEIGH CLOSE,Resale,Strata,132,"18,182",-,Condominium,1,Freehold,13,Rest of Central Region,01 to 05
THE VENUE RESIDENCES,"1,500,000",839.59,"1,787",May-24,TAI THONG CRESCENT,Resale,Strata,78,"19,231",-,Apartment,1,99 yrs lease commencing from 2012,13,Rest of Central Region,11 to 15
THE TRE VER,"850,000",495.14,"1,717",May-24,POTONG PASIR AVENUE 1,Sub Sale,Strata,46,"18,478",-,Condominium,1,99 yrs lease commencing from 2018,13,Rest of Central Region,11 to 15
THE TRE VER,"953,000",505.91,"1,884",May-24,POTONG PASIR AVENUE 1,Sub Sale,Strata,47,"20,277",-,Condominium,1,99 yrs lease commencing from 2018,13,Rest of Central Region,11 to 15
ONE LEICESTER,"1,805,000","1,065.64","1,694",Apr-24,LEICESTER ROAD,Resale,Strata,99,"18,232",-,Condominium,1,Freehold,13,Rest of Central Region,06 to 10
THE VENUE RESIDENCES,"1,625,000",850.36,"1,911",Apr-24,TAI THONG CRESCENT,Resale,Strata,79,"20,570",-,Apartment,1,99 yrs lease commencing from 2012,13,Rest of Central Region,06 to 10
THE POIZ RESIDENCES,"2,035,000",968.76,"2,101",Apr-24,MEYAPPA CHETTIAR ROAD,Resale,Strata,90,"22,611",-,Apartment,1,99 yrs lease commencing from 2014,13,Rest of Central Region,11 to 15
THE TRE VER,"900,000",495.14,"1,818",Apr-24,POTONG PASIR AVENUE 1,Sub Sale,Strata,46,"19,565",-,Condominium,1,99 yrs lease commencing from 2018,13,Rest of Central Region,06 to 10
BARTLEY RIDGE,"842,000",462.85,"1,819",Apr-24,MOUNT VERNON ROAD,Resale,Strata,43,"19,581",-,Condominium,1,99 yrs lease commencing from 2012,13,Rest of Central Region,01 to 05
BARTLEY RIDGE,"1,855,000",968.76,"1,915",Apr-24,MOUNT VERNON ROAD,Resale,Strata,90,"20,611",-,Condominium,1,99 yrs lease commencing from 2012,13,Rest of Central Region,01 to 05
8@WOODLEIGH,"2,000,000","1,097.93","1,822",Apr-24,WOODLEIGH CLOSE,Resale,Strata,102,"19,608",-,Condominium,1,99 yrs lease commencing from 2008,13,Rest of Central Region,06 to 10
AVON PARK,"3,650,000","2,174.33","1,679",Apr-24,YOUNGBERG TERRACE,Resale,Strata,202,"18,069",-,Condominium,1,Freehold,13,Rest of Central Region,06 to 10
THE POIZ RESIDENCES,"838,000",419.8,"1,996",Apr-24,MEYAPPA CHETTIAR ROAD,Resale,Strata,39,"21,487",-,Apartment,1,99 yrs lease commencing from 2014,13,Rest of Central Region,06 to 10
THE VENUE RESIDENCES,"1,550,000",850.36,"1,823",Apr-24,TAI THONG CRESCENT,Resale,Strata,79,"19,620",-,Apartment,1,99 yrs lease commencing from 2012,13,Rest of Central Region,11 to 15
THE TRE VER,"928,000",495.14,"1,874",Apr-24,POTONG PASIR AVENUE 1,Sub Sale,Strata,46,"20,174",-,Condominium,1,99 yrs lease commencing from 2018,13,Rest of Central Region,06 to 10
BARTLEY RIDGE,"1,345,000",731.95,"1,838",Apr-24,MOUNT VERNON ROAD,Resale,Strata,68,"19,779",-,Condominium,1,99 yrs lease commencing from 2012,13,Rest of Central Region,06 to 10
E MAISON,"1,538,000",936.47,"1,642",Apr-24,BRADDELL ROAD,Resale,Strata,87,"17,678",-,Apartment,1,Freehold,13,Outside Central Region,01 to 05
BARTLEY RIDGE,"1,440,000",764.24,"1,884",Apr-24,MOUNT VERNON ROAD,Resale,Strata,71,"20,282",-,Condominium,1,99 yrs lease commencing from 2012,13,Rest of Central Region,11 to 15
BARTLEY RIDGE,"1,868,000",968.76,"1,928",Apr-24,MOUNT VERNON ROAD,Resale,Strata,90,"20,756",-,Condominium,1,99 yrs lease commencing from 2012,13,Rest of Central Region,16 to 20
SANT RITZ,"905,000",527.44,"1,716",Apr-24,PHENG GECK AVENUE,Resale,Strata,49,"18,469",-,Condominium,1,99 yrs lease commencing from 2012,13,Rest of Central Region,06 to 10
THE POIZ RESIDENCES,"840,000",419.8,"2,001",Apr-24,MEYAPPA CHETTIAR ROAD,Resale,Strata,39,"21,538",-,Apartment,1,99 yrs lease commencing from 2014,13,Rest of Central Region,11 to 15
THE TRE VER,"880,000",495.14,"1,777",Apr-24,POTONG PASIR AVENUE 1,Sub Sale,Strata,46,"19,130",-,Condominium,1,99 yrs lease commencing from 2018,13,Rest of Central Region,11 to 15
BARTLEY RIDGE,"2,000,000","1,033.34","1,935",Apr-24,MOUNT VERNON ROAD,Resale,Strata,96,"20,833",-,Condominium,1,99 yrs lease commencing from 2012,13,Rest of Central Region,11 to 15
PARK COLONIAL,"2,278,000",979.52,"2,326",Apr-24,WOODLEIGH LANE,Resale,Strata,91,"25,033",-,Condominium,1,99 yrs lease commencing from 2017,13,Rest of Central Region,06 to 10
BARTLEY RIDGE,"875,000",495.14,"1,767",Apr-24,MOUNT VERNON ROAD,Resale,Strata,46,"19,022",-,Condominium,1,99 yrs lease commencing from 2012,13,Rest of Central Region,11 to 15
PARK COLONIAL,"1,500,000",667.37,"2,248",Apr-24,WOODLEIGH LANE,Resale,Strata,62,"24,194",-,Condominium,1,99 yrs lease commencing from 2017,13,Rest of Central Region,01 to 05
SENNETT RESIDENCE,"1,510,000",861.12,"1,754",Apr-24,PHENG GECK AVENUE,Resale,Strata,80,"18,875",-,Condominium,1,99 yrs lease commencing from 2011,13,Rest of Central Region,01 to 05
THE TRE VER,"2,080,000","1,097.93","1,894",Apr-24,POTONG PASIR AVENUE 1,Sub Sale,Strata,102,"20,392",-,Condominium,1,99 yrs lease commencing from 2018,13,Rest of Central Region,01 to 05
BARTLEY RIDGE,"1,940,000","1,044.11","1,858",Apr-24,MOUNT VERNON ROAD,Resale,Strata,97,"20,000",-,Condominium,1,99 yrs lease commencing from 2012,13,Rest of Central Region,01 to 05
THE POIZ RESIDENCES,"858,000",441.32,"1,944",Apr-24,MEYAPPA CHETTIAR ROAD,Resale,Strata,41,"20,927",-,Apartment,1,99 yrs lease commencing from 2014,13,Rest of Central Region,16 to 20
SENNETT RESIDENCE,"1,530,000",818.06,"1,870",Apr-24,PHENG GECK AVENUE,Resale,Strata,76,"20,132",-,Condominium,1,99 yrs lease commencing from 2011,13,Rest of Central Region,11 to 15
THE POIZ RESIDENCES,"2,380,000","1,733","1,373",Mar-24,MEYAPPA CHETTIAR ROAD,Resale,Strata,161,"14,783",-,Apartment,1,99 yrs lease commencing from 2014,13,Rest of Central Region,16 to 20
SANT RITZ,"1,550,000",958,"1,618",Mar-24,PHENG GECK AVENUE,Resale,Strata,89,"17,416",-,Condominium,1,99 yrs lease commencing from 2012,13,Rest of Central Region,06 to 10
BARTLEY RIDGE,"1,550,000",850.36,"1,823",Mar-24,MOUNT VERNON ROAD,Resale,Strata,79,"19,620",-,Condominium,1,99 yrs lease commencing from 2012,13,Rest of Central Region,06 to 10
PARK COLONIAL,"1,300,000",635.08,"2,047",Mar-24,WOODLEIGH LANE,Resale,Strata,59,"22,034",-,Condominium,1,99 yrs lease commencing from 2017,13,Rest of Central Region,01 to 05
THE TRE VER,"1,410,000",742.72,"1,898",Mar-24,POTONG PASIR AVENUE 1,Sub Sale,Strata,69,"20,435",-,Condominium,1,99 yrs lease commencing from 2018,13,Rest of Central Region,01 to 05
8@WOODLEIGH,"1,738,000",958,"1,814",Mar-24,WOODLEIGH CLOSE,Resale,Strata,89,"19,528",-,Condominium,1,99 yrs lease commencing from 2008,13,Rest of Central Region,06 to 10
THE WOODLEIGH RESIDENCES,"1,525,000",667.37,"2,285",Mar-24,BIDADARI PARK DRIVE,Sub Sale,Strata,62,"24,597",-,Apartment,1,99 yrs lease commencing from 2017,13,Rest of Central Region,11 to 15
PARK COLONIAL,"1,380,000",635.08,"2,173",Mar-24,WOODLEIGH LANE,Resale,Strata,59,"23,390",-,Condominium,1,99 yrs lease commencing from 2017,13,Rest of Central Region,11 to 15
BELLA VISTA,"2,220,000","1,646.89","1,348",Mar-24,SOMMERVILLE ROAD,Resale,Strata,153,"14,510",-,Apartment,1,Freehold,13,Outside Central Region,01 to 05
THE POIZ RESIDENCES,"1,315,000",882.65,"1,490",Mar-24,MEYAPPA CHETTIAR ROAD,Resale,Strata,82,"16,037",-,Apartment,1,99 yrs lease commencing from 2014,13,Rest of Central Region,16 to 20
THE WOODLEIGH RESIDENCES,"1,720,000",721.19,"2,385",Mar-24,BIDADARI PARK DRIVE,Sub Sale,Strata,67,"25,672",-,Apartment,1,99 yrs lease commencing from 2017,13,Rest of Central Region,01 to 05
BARTLEY RIDGE,"1,968,888","1,033.34","1,905",Mar-24,MOUNT VERNON ROAD,Resale,Strata,96,"20,509",-,Condominium,1,99 yrs lease commencing from 2012,13,Rest of Central Region,16 to 20
E MAISON,"1,442,000",936.47,"1,540",Mar-24,BRADDELL ROAD,Resale,Strata,87,"16,575",-,Apartment,1,Freehold,13,Outside Central Region,01 to 05
SKY GREEN,"1,400,000",796.54,"1,758",Mar-24,MACPHERSON ROAD,Resale,Strata,74,"18,919",-,Condominium,1,Freehold,13,Rest of Central Region,01 to 05
THE TRE VER,"903,000",495.14,"1,824",Mar-24,POTONG PASIR AVENUE 1,Sub Sale,Strata,46,"19,630",-,Condominium,1,99 yrs lease commencing from 2018,13,Rest of Central Region,11 to 15
THE TRE VER,"2,170,000","1,097.93","1,976",Mar-24,POTONG PASIR AVENUE 1,Sub Sale,Strata,102,"21,275",-,Condominium,1,99 yrs lease commencing from 2018,13,Rest of Central Region,01 to 05
THE POIZ RESIDENCES,"1,980,000",968.76,"2,044",Mar-24,MEYAPPA CHETTIAR ROAD,Resale,Strata,90,"22,000",-,Apartment,1,99 yrs lease commencing from 2014,13,Rest of Central Region,01 to 05
ONE LEICESTER,"1,498,000",914.94,"1,637",Mar-24,LEICESTER ROAD,Resale,Strata,85,"17,624",-,Condominium,1,Freehold,13,Rest of Central Region,06 to 10
THE WOODLEIGH RESIDENCES,"1,515,000",667.37,"2,270",Mar-24,BIDADARI PARK DRIVE,Sub Sale,Strata,62,"24,435",-,Apartment,1,99 yrs lease commencing from 2017,13,Rest of Central Region,06 to 10
NIN RESIDENCE,"860,000",527.44,"1,631",Mar-24,PHENG GECK AVENUE,Resale,Strata,49,"17,551",-,Apartment,1,99 yrs lease commencing from 2010,13,Rest of Central Region,11 to 15
THE TRE VER,"1,266,000",645.84,"1,960",Mar-24,POTONG PASIR AVENUE 1,Sub Sale,Strata,60,"21,100",-,Condominium,1,99 yrs lease commencing from 2018,13,Rest of Central Region,16 to 20
WOODSVILLE 28,"1,438,888",882.65,"1,630",Mar-24,WOODSVILLE CLOSE,Resale,Strata,82,"17,547",-,Apartment,1,99 yrs lease commencing from 2007,13,Rest of Central Region,06 to 10
SKY GREEN,"860,000",473.62,"1,816",Feb-24,MACPHERSON ROAD,Resale,Strata,44,"19,545",-,Condominium,1,Freehold,13,Rest of Central Region,11 to 15
SKY GREEN,"1,355,000",753.48,"1,798",Feb-24,MACPHERSON ROAD,Resale,Strata,70,"19,357",-,Condominium,1,Freehold,13,Rest of Central Region,11 to 15
THE WOODLEIGH RESIDENCES,"1,340,000",570.49,"2,349",Feb-24,BIDADARI PARK DRIVE,Sub Sale,Strata,53,"25,283",-,Apartment,1,99 yrs lease commencing from 2017,13,Rest of Central Region,11 to 15
E MAISON,"830,000",570.49,"1,455",Feb-24,BRADDELL ROAD,Resale,Strata,53,"15,660",-,Apartment,1,Freehold,13,Outside Central Region,01 to 05
NIN RESIDENCE,"1,968,000","1,280.92","1,536",Feb-24,PHENG GECK AVENUE,Resale,Strata,119,"16,538",-,Apartment,1,99 yrs lease commencing from 2010,13,Rest of Central Region,01 to 05
PARK COLONIAL,"1,390,000",602.78,"2,306",Feb-24,WOODLEIGH LANE,Resale,Strata,56,"24,821",-,Condominium,1,99 yrs lease commencing from 2017,13,Rest of Central Region,01 to 05
EURO-ASIA PARK,"2,500,000","1,700.71","1,470",Feb-24,WOODLEIGH CLOSE,Resale,Strata,158,"15,823",-,Condominium,1,Freehold,13,Rest of Central Region,01 to 05
BARTLEY RIDGE,"1,328,000",731.95,"1,814",Feb-24,MOUNT VERNON ROAD,Resale,Strata,68,"19,529",-,Condominium,1,99 yrs lease commencing from 2012,13,Rest of Central Region,11 to 15
THE POIZ RESIDENCES,"838,000",419.8,"1,996",Feb-24,MEYAPPA CHETTIAR ROAD,Resale,Strata,39,"21,487",-,Apartment,1,99 yrs lease commencing from 2014,13,Rest of Central Region,16 to 20
THE WOODLEIGH RESIDENCES,"1,625,000",688.9,"2,359",Feb-24,BIDADARI PARK DRIVE,Sub Sale,Strata,64,"25,391",-,Apartment,1,99 yrs lease commencing from 2017,13,Rest of Central Region,11 to 15
THE POIZ RESIDENCES,"1,560,000",807.3,"1,932",Feb-24,MEYAPPA CHETTIAR ROAD,Resale,Strata,75,"20,800",-,Apartment,1,99 yrs lease commencing from 2014,13,Rest of Central Region,01 to 05
SKY GREEN,"1,355,000",753.48,"1,798",Feb-24,MACPHERSON ROAD,Resale,Strata,70,"19,357",-,Condominium,1,Freehold,13,Rest of Central Region,06 to 10
BARTLEY RIDGE,"1,330,000",721.19,"1,844",Feb-24,MOUNT VERNON ROAD,Resale,Strata,67,"19,851",-,Condominium,1,99 yrs lease commencing from 2012,13,Rest of Central Region,16 to 20
THE POIZ RESIDENCES,"824,888",419.8,"1,965",Feb-24,MEYAPPA CHETTIAR ROAD,Resale,Strata,39,"21,151",-,Apartment,1,99 yrs lease commencing from 2014,13,Rest of Central Region,06 to 10
SANT RITZ,"1,730,000","1,097.93","1,576",Feb-24,PHENG GECK AVENUE,Resale,Strata,102,"16,961",-,Condominium,1,99 yrs lease commencing from 2012,13,Rest of Central Region,11 to 15
SANT RITZ,"1,168,000",688.9,"1,695",Feb-24,PHENG GECK AVENUE,Resale,Strata,64,"18,250",-,Condominium,1,99 yrs lease commencing from 2012,13,Rest of Central Region,01 to 05
THE TRE VER,"2,060,000","1,011.82","2,036",Feb-24,POTONG PASIR AVENUE 1,Sub Sale,Strata,94,"21,915",-,Condominium,1,99 yrs lease commencing from 2018,13,Rest of Central Region,16 to 20
THE TRE VER,"1,430,000",699.66,"2,044",Feb-24,POTONG PASIR AVENUE 1,Sub Sale,Strata,65,"22,000",-,Condominium,1,99 yrs lease commencing from 2018,13,Rest of Central Region,11 to 15
BARTLEY RIDGE,"2,200,000","1,162.51","1,892",Feb-24,MOUNT VERNON ROAD,Resale,Strata,108,"20,370",-,Condominium,1,99 yrs lease commencing from 2012,13,Rest of Central Region,06 to 10
LEICESTER SUITES,"788,000",419.8,"1,877",Feb-24,LEICESTER ROAD,Resale,Strata,39,"20,205",-,Apartment,1,Freehold,13,Rest of Central Region,11 to 15
THE TRE VER,"2,180,000","1,108.69","1,966",Feb-24,POTONG PASIR AVENUE 1,Sub Sale,Strata,103,"21,165",-,Condominium,1,99 yrs lease commencing from 2018,13,Rest of Central Region,06 to 10
BARTLEY RIDGE,"2,790,000","1,550.02","1,800",Feb-24,MOUNT VERNON ROAD,Resale,Strata,144,"19,375",-,Condominium,1,99 yrs lease commencing from 2012,13,Rest of Central Region,11 to 15
THE WOODLEIGH RESIDENCES,"1,240,000",570.49,"2,174",Feb-24,BIDADARI PARK DRIVE,Sub Sale,Strata,53,"23,396",-,Apartment,1,99 yrs lease commencing from 2017,13,Rest of Central Region,06 to 10
THE ACACIAS,"1,760,000","1,248.62","1,410",Feb-24,SOMMERVILLE ROAD,Resale,Strata,116,"15,172",-,Apartment,1,Freehold,13,Outside Central Region,01 to 05
SENNETT RESIDENCE,"2,300,000","1,194.8","1,925",Feb-24,PHENG GECK AVENUE,Resale,Strata,111,"20,721",-,Condominium,1,99 yrs lease commencing from 2011,13,Rest of Central Region,06 to 10
SENNETT RESIDENCE,"1,050,000",570.49,"1,841",Feb-24,PHENG GECK AVENUE,Resale,Strata,53,"19,811",-,Condominium,1,99 yrs lease commencing from 2011,13,Rest of Central Region,11 to 15
THE POIZ RESIDENCES,"1,390,000",753.48,"1,845",Feb-24,MEYAPPA CHETTIAR ROAD,Resale,Strata,70,"19,857",-,Apartment,1,99 yrs lease commencing from 2014,13,Rest of Central Region,16 to 20
THE VENUE RESIDENCES,"1,550,000",850.36,"1,823",Jan-24,TAI THONG CRESCENT,Resale,Strata,79,"19,620",-,Apartment,1,99 yrs lease commencing from 2012,13,Rest of Central Region,01 to 05
EURO-ASIA PARK,"2,450,000","1,420.85","1,724",Jan-24,WOODLEIGH CLOSE,Resale,Strata,132,"18,561",-,Condominium,1,Freehold,13,Rest of Central Region,01 to 05
PARK COLONIAL,"998,000",462.85,"2,156",Jan-24,WOODLEIGH LANE,Resale,Strata,43,"23,209",-,Condominium,1,99 yrs lease commencing from 2017,13,Rest of Central Region,06 to 10
THE TRE VER,"2,430,000","1,334.74","1,821",Jan-24,POTONG PASIR AVENUE 1,Sub Sale,Strata,124,"19,597",-,Condominium,1,99 yrs lease commencing from 2018,13,Rest of Central Region,01 to 05
BARTLEY RIDGE,"1,500,000",861.12,"1,742",Jan-24,MOUNT VERNON ROAD,Resale,Strata,80,"18,750",-,Condominium,1,99 yrs lease commencing from 2012,13,Rest of Central Region,01 to 05
THE POIZ RESIDENCES,"1,120,000",527.44,"2,123",Jan-24,MEYAPPA CHETTIAR ROAD,Resale,Strata,49,"22,857",-,Apartment,1,99 yrs lease commencing from 2014,13,Rest of Central Region,06 to 10
R MAISON,"2,320,000","1,636.13","1,418",Jan-24,SOMMERVILLE WALK,Resale,Strata,152,"15,263",-,Apartment,1,Freehold,13,Outside Central Region,01 to 05
THE TRE VER,"1,400,000",699.66,"2,001",Jan-24,POTONG PASIR AVENUE 1,Sub Sale,Strata,65,"21,538",-,Condominium,1,99 yrs lease commencing from 2018,13,Rest of Central Region,11 to 15
THE WOODLEIGH RESIDENCES,"1,480,000",667.37,"2,218",Jan-24,BIDADARI PARK DRIVE,Sub Sale,Strata,62,"23,871",-,Apartment,1,99 yrs lease commencing from 2017,13,Rest of Central Region,06 to 10
PARK COLONIAL,"975,000",462.85,"2,107",Jan-24,WOODLEIGH LANE,Resale,Strata,43,"22,674",-,Condominium,1,99 yrs lease commencing from 2017,13,Rest of Central Region,01 to 05
THE TRE VER,"1,430,000",699.66,"2,044",Jan-24,POTONG PASIR AVENUE 1,Sub Sale,Strata,65,"22,000",-,Condominium,1,99 yrs lease commencing from 2018,13,Rest of Central Region,16 to 20
EURO-ASIA PARK,"2,638,000","1,453.14","1,815",Jan-24,WOODLEIGH CLOSE,Resale,Strata,135,"19,541",-,Condominium,1,Freehold,13,Rest of Central Region,01 to 05
THE WOODLEIGH RESIDENCES,"1,600,000",688.9,"2,323",Jan-24,BIDADARI PARK DRIVE,Sub Sale,Strata,64,"25,000",-,Apartment,1,99 yrs lease commencing from 2017,13,Rest of Central Region,06 to 10
THE TRE VER,"1,408,888",699.66,"2,014",Jan-24,POTONG PASIR AVENUE 1,Sub Sale,Strata,65,"21,675",-,Condominium,1,99 yrs lease commencing from 2018,13,Rest of Central Region,16 to 20
E MAISON,"2,550,000","1,636.13","1,559",Jan-24,BRADDELL ROAD,Resale,Strata,152,"16,776",-,Apartment,1,Freehold,13,Outside Central Region,01 to 05
SENNETT RESIDENCE,"1,550,000",861.12,"1,800",Jan-24,PHENG GECK AVENUE,Resale,Strata,80,"19,375",-,Condominium,1,99 yrs lease commencing from 2011,13,Rest of Central Region,11 to 15
THE TRE VER,"1,320,000",699.66,"1,887",Jan-24,POTONG PASIR AVENUE 1,Sub Sale,Strata,65,"20,308",-,Condominium,1,99 yrs lease commencing from 2018,13,Rest of Central Region,01 to 05
BARTLEY RIDGE,"1,880,000",968.76,"1,941",Jan-24,MOUNT VERNON ROAD,Resale,Strata,90,"20,889",-,Condominium,1,99 yrs lease commencing from 2012,13,Rest of Central Region,11 to 15
SANT RITZ,"883,000",527.44,"1,674",Jan-24,PHENG GECK AVENUE,Resale,Strata,49,"18,020",-,Condominium,1,99 yrs lease commencing from 2012,13,Rest of Central Region,11 to 15
THE TRE VER,"918,000",495.14,"1,854",Jan-24,POTONG PASIR AVENUE 1,Sub Sale,Strata,46,"19,957",-,Condominium,1,99 yrs lease commencing from 2018,13,Rest of Central Region,11 to 15
ONE LEICESTER,"2,088,000","1,205.57","1,732",Jan-24,LEICESTER ROAD,Resale,Strata,112,"18,643",-,Condominium,1,Freehold,13,Rest of Central Region,06 to 10
THE WOODLEIGH RESIDENCES,"1,310,000",592.02,"2,213",Jan-24,BIDADARI PARK DRIVE,Sub Sale,Strata,55,"23,818",-,Apartment,1,99 yrs lease commencing from 2017,13,Rest of Central Region,01 to 05
NIN RESIDENCE,"820,000",473.62,"1,731",Jan-24,PHENG GECK AVENUE,Resale,Strata,44,"18,636",-,Apartment,1,99 yrs lease commencing from 2010,13,Rest of Central Region,06 to 10
THE POIZ RESIDENCES,"1,180,000",581.26,"2,030",Jan-24,MEYAPPA CHETTIAR ROAD,Resale,Strata,54,"21,852",-,Apartment,1,99 yrs lease commencing from 2014,13,Rest of Central Region,11 to 15
18 WOODSVILLE,"907,000",495.14,"1,832",Jan-24,WOODSVILLE CLOSE,Resale,Strata,46,"19,717",-,Apartment,1,Freehold,13,Rest of Central Region,11 to 15
THE WOODLEIGH RESIDENCES,"1,498,000",667.37,"2,245",Jan-24,BIDADARI PARK DRIVE,Sub Sale,Strata,62,"24,161",-,Apartment,1,99 yrs lease commencing from 2017,13,Rest of Central Region,06 to 10
SANT RITZ,"890,000",527.44,"1,687",Jan-24,PHENG GECK AVENUE,Resale,Strata,49,"18,163",-,Condominium,1,99 yrs lease commencing from 2012,13,Rest of Central Region,06 to 10
BARTLEY RIDGE,"1,300,000",731.95,"1,776",Dec-23,MOUNT VERNON ROAD,Resale,Strata,68,"19,118",-,Condominium,1,99 yrs lease commencing from 2012,13,Rest of Central Region,16 to 20
SKY GREEN,"2,085,000","1,151.75","1,810",Dec-23,MACPHERSON ROAD,Resale,Strata,107,"19,486",-,Condominium,1,Freehold,13,Rest of Central Region,11 to 15
THE POIZ RESIDENCES,"885,000",592.02,"1,495",Dec-23,MEYAPPA CHETTIAR ROAD,Resale,Strata,55,"16,091",-,Apartment,1,99 yrs lease commencing from 2014,13,Rest of Central Region,16 to 20
THE WOODLEIGH RESIDENCES,"2,200,000",958,"2,296",Dec-23,BIDADARI PARK DRIVE,Sub Sale,Strata,89,"24,719",-,Apartment,1,99 yrs lease commencing from 2017,13,Rest of Central Region,01 to 05
THE POIZ RESIDENCES,"975,000",484.38,"2,013",Dec-23,MEYAPPA CHETTIAR ROAD,Resale,Strata,45,"21,667",-,Apartment,1,99 yrs lease commencing from 2014,13,Rest of Central Region,16 to 20
THE POIZ RESIDENCES,"1,878,888","1,259.39","1,492",Dec-23,MEYAPPA CHETTIAR ROAD,Resale,Strata,117,"16,059",-,Apartment,1,99 yrs lease commencing from 2014,13,Rest of Central Region,16 to 20
THE TRE VER,"1,308,000",688.9,"1,899",Dec-23,POTONG PASIR AVENUE 1,Sub Sale,Strata,64,"20,438",-,Condominium,1,99 yrs lease commencing from 2018,13,Rest of Central Region,11 to 15
BARTLEY RIDGE,"1,510,000",828.83,"1,822",Dec-23,MOUNT VERNON ROAD,Resale,Strata,77,"19,610",-,Condominium,1,99 yrs lease commencing from 2012,13,Rest of Central Region,11 to 15
THE TRE VER,"1,220,000",624.31,"1,954",Dec-23,POTONG PASIR AVENUE 1,Sub Sale,Strata,58,"21,034",-,Condominium,1,99 yrs lease commencing from 2018,13,Rest of Central Region,06 to 10
THE POIZ RESIDENCES,"1,950,000","1,216.33","1,603",Dec-23,MEYAPPA CHETTIAR ROAD,Resale,Strata,113,"17,257",-,Apartment,1,99 yrs lease commencing from 2014,13,Rest of Central Region,16 to 20
THE POIZ RESIDENCES,"1,060,000",538.2,"1,970",Dec-23,MEYAPPA CHETTIAR ROAD,Resale,Strata,50,"21,200",-,Apartment,1,99 yrs lease commencing from 2014,13,Rest of Central Region,06 to 10
THE POIZ RESIDENCES,"1,650,000",775.01,"2,129",Dec-23,MEYAPPA CHETTIAR ROAD,Resale,Strata,72,"22,917",-,Apartment,1,99 yrs lease commencing from 2014,13,Rest of Central Region,06 to 10
PARK COLONIAL,"1,500,000",678.13,"2,212",Dec-23,WOODLEIGH LANE,Resale,Strata,63,"23,810",-,Condominium,1,99 yrs lease commencing from 2017,13,Rest of Central Region,01 to 05
PARK COLONIAL,"1,528,000",678.13,"2,253",Dec-23,WOODLEIGH LANE,Resale,Strata,63,"24,254",-,Condominium,1,99 yrs lease commencing from 2017,13,Rest of Central Region,01 to 05
BARTLEY RIDGE,"2,490,000","1,302.44","1,912",Dec-23,MOUNT VERNON ROAD,Resale,Strata,121,"20,579",-,Condominium,1,99 yrs lease commencing from 2012,13,Rest of Central Region,06 to 10
THE TRE VER,"890,000",495.14,"1,797",Dec-23,POTONG PASIR AVENUE 1,Sub Sale,Strata,46,"19,348",-,Condominium,1,99 yrs lease commencing from 2018,13,Rest of Central Region,06 to 10
THE TRE VER,"950,000",505.91,"1,878",Dec-23,POTONG PASIR AVENUE 1,Sub Sale,Strata,47,"20,213",-,Condominium,1,99 yrs lease commencing from 2018,13,Rest of Central Region,06 to 10
PARK COLONIAL,"2,200,000",979.52,"2,246",Dec-23,WOODLEIGH LANE,Resale,Strata,91,"24,176",-,Condominium,1,99 yrs lease commencing from 2017,13,Rest of Central Region,11 to 15
BARTLEY RIDGE,"1,480,000",850.36,"1,740",Dec-23,MOUNT VERNON ROAD,Resale,Strata,79,"18,734",-,Condominium,1,99 yrs lease commencing from 2012,13,Rest of Central Region,06 to 10
SKY GREEN,"980,000",624.31,"1,570",Dec-23,MACPHERSON ROAD,Resale,Strata,58,"16,897",-,Condominium,1,Freehold,13,Rest of Central Region,06 to 10
PARK COLONIAL,"1,500,000",678.13,"2,212",Dec-23,WOODLEIGH LANE,Resale,Strata,63,"23,810",-,Condominium,1,99 yrs lease commencing from 2017,13,Rest of Central Region,06 to 10
THE TRE VER,"1,340,000",688.9,"1,945",Dec-23,POTONG PASIR AVENUE 1,Sub Sale,Strata,64,"20,938",-,Condominium,1,99 yrs lease commencing from 2018,13,Rest of Central Region,06 to 10
NIN RESIDENCE,"1,400,000",904.18,"1,548",Dec-23,PHENG GECK AVENUE,Resale,Strata,84,"16,667",-,Apartment,1,99 yrs lease commencing from 2010,13,Rest of Central Region,01 to 05
THE TRE VER,"1,188,000",613.55,"1,936",Dec-23,POTONG PASIR AVENUE 1,Sub Sale,Strata,57,"20,842",-,Condominium,1,99 yrs lease commencing from 2018,13,Rest of Central Region,11 to 15
BARTLEY RIDGE,"803,888",441.32,"1,822",Dec-23,MOUNT VERNON ROAD,Resale,Strata,41,"19,607",-,Condominium,1,99 yrs lease commencing from 2012,13,Rest of Central Region,11 to 15
THE TRE VER,"1,920,000","1,011.82","1,898",Dec-23,POTONG PASIR AVENUE 1,Sub Sale,Strata,94,"20,426",-,Condominium,1,99 yrs lease commencing from 2018,13,Rest of Central Region,06 to 10
SKY GREEN,"1,425,000",796.54,"1,789",Dec-23,MACPHERSON ROAD,Resale,Strata,74,"19,257",-,Condominium,1,Freehold,13,Rest of Central Region,11 to 15
BARTLEY RIDGE,"1,468,000",850.36,"1,726",Dec-23,MOUNT VERNON ROAD,Resale,Strata,79,"18,582",-,Condominium,1,99 yrs lease commencing from 2012,13,Rest of Central Region,01 to 05
PARK COLONIAL,"1,288,000",635.08,"2,028",Dec-23,WOODLEIGH LANE,Resale,Strata,59,"21,831",-,Condominium,1,99 yrs lease commencing from 2017,13,Rest of Central Region,06 to 10
RIDGE COURT,"2,050,000","1,313.21","1,561",Dec-23,MEYAPPA CHETTIAR ROAD,Resale,Strata,122,"16,803",-,Apartment,1,Freehold,13,Rest of Central Region,01 to 05
THE POIZ RESIDENCES,"830,000",419.8,"1,977",Dec-23,MEYAPPA CHETTIAR ROAD,Resale,Strata,39,"21,282",-,Apartment,1,99 yrs lease commencing from 2014,13,Rest of Central Region,16 to 20
AVON PARK,"2,060,000","1,259.39","1,636",Dec-23,YOUNGBERG TERRACE,Resale,Strata,117,"17,607",-,Condominium,1,Freehold,13,Rest of Central Region,01 to 05
WOODSVILLE 28,"1,288,888",882.65,"1,460",Dec-23,WOODSVILLE CLOSE,Resale,Strata,82,"15,718",-,Apartment,1,99 yrs lease commencing from 2007,13,Rest of Central Region,01 to 05
SKY GREEN,"865,000",462.85,"1,869",Dec-23,MACPHERSON ROAD,Resale,Strata,43,"20,116",-,Condominium,1,Freehold,13,Rest of Central Region,11 to 15
PARK COLONIAL,"1,510,000",678.13,"2,227",Dec-23,WOODLEIGH LANE,Resale,Strata,63,"23,968",-,Condominium,1,99 yrs lease commencing from 2017,13,Rest of Central Region,01 to 05
THE TRE VER,"1,270,000",645.84,"1,966",Dec-23,POTONG PASIR AVENUE 1,Sub Sale,Strata,60,"21,167",-,Condominium,1,99 yrs lease commencing from 2018,13,Rest of Central Region,16 to 20
PARK COLONIAL,"2,015,000",914.94,"2,202",Dec-23,WOODLEIGH LANE,Resale,Strata,85,"23,706",-,Condominium,1,99 yrs lease commencing from 2017,13,Rest of Central Region,11 to 15
THE TRE VER,"975,000",505.91,"1,927",Dec-23,POTONG PASIR AVENUE 1,Sub Sale,Strata,47,"20,745",-,Condominium,1,99 yrs lease commencing from 2018,13,Rest of Central Region,11 to 15
SANT RITZ,"1,632,000",882.65,"1,849",Dec-23,PHENG GECK AVENUE,Resale,Strata,82,"19,902",-,Condominium,1,99 yrs lease commencing from 2012,13,Rest of Central Region,16 to 20
THE TRE VER,"1,260,000",645.84,"1,951",Dec-23,POTONG PASIR AVENUE 1,Sub Sale,Strata,60,"21,000",-,Condominium,1,99 yrs lease commencing from 2018,13,Rest of Central Region,11 to 15
THE POIZ RESIDENCES,"2,250,000","1,151.75","1,954",Nov-23,MEYAPPA CHETTIAR ROAD,Resale,Strata,107,"21,028",-,Apartment,1,99 yrs lease commencing from 2014,13,Rest of Central Region,06 to 10
BARTLEY RIDGE,"1,840,000","1,044.11","1,762",Nov-23,MOUNT VERNON ROAD,Resale,Strata,97,"18,969",-,Condominium,1,99 yrs lease commencing from 2012,13,Rest of Central Region,01 to 05
18 WOODSVILLE,"1,230,000",731.95,"1,680",Nov-23,WOODSVILLE CLOSE,Resale,Strata,68,"18,088",-,Apartment,1,Freehold,13,Rest of Central Region,06 to 10
SKY GREEN,"818,000",473.62,"1,727",Nov-23,MACPHERSON ROAD,Resale,Strata,44,"18,591",-,Condominium,1,Freehold,13,Rest of Central Region,01 to 05
THE TRE VER,"2,180,000","1,108.69","1,966",Nov-23,POTONG PASIR AVENUE 1,Sub Sale,Strata,103,"21,165",-,Condominium,1,99 yrs lease commencing from 2018,13,Rest of Central Region,11 to 15
THE TRE VER,"1,350,000",699.66,"1,930",Nov-23,POTONG PASIR AVENUE 1,Sub Sale,Strata,65,"20,769",-,Condominium,1,99 yrs lease commencing from 2018,13,Rest of Central Region,01 to 05
THE TRE VER,"1,150,000",645.84,"1,781",Nov-23,POTONG PASIR AVENUE 1,Sub Sale,Strata,60,"19,167",-,Condominium,1,99 yrs lease commencing from 2018,13,Rest of Central Region,01 to 05
THE WOODLEIGH RESIDENCES,"2,350,000",958,"2,453",Nov-23,BIDADARI PARK DRIVE,Sub Sale,Strata,89,"26,404",-,Apartment,1,99 yrs lease commencing from 2017,13,Rest of Central Region,06 to 10
THE WOODLEIGH RESIDENCES,"1,618,000",699.66,"2,313",Nov-23,BIDADARI PARK DRIVE,Sub Sale,Strata,65,"24,892",-,Apartment,1,99 yrs lease commencing from 2017,13,Rest of Central Region,06 to 10
HAPPY MANSION,"1,530,000","1,367.03","1,119",Nov-23,HAPPY AVENUE NORTH,Resale,Strata,127,"12,047",-,Apartment,1,Freehold,13,Rest of Central Region,01 to 05
THE POIZ RESIDENCES,"1,390,000",753.48,"1,845",Nov-23,MEYAPPA CHETTIAR ROAD,Resale,Strata,70,"19,857",-,Apartment,1,99 yrs lease commencing from 2014,13,Rest of Central Region,16 to 20
THE TRE VER,"2,120,000","1,097.93","1,931",Nov-23,POTONG PASIR AVENUE 1,Sub Sale,Strata,102,"20,784",-,Condominium,1,99 yrs lease commencing from 2018,13,Rest of Central Region,06 to 10
SENNETT RESIDENCE,"1,060,000",914.94,"1,159",Nov-23,PHENG GECK AVENUE,Resale,Strata,85,"12,471",-,Condominium,1,99 yrs lease commencing from 2011,13,Rest of Central Region,01 to 05
SENNETT RESIDENCE,"1,035,000",602.78,"1,717",Nov-23,PHENG GECK AVENUE,Resale,Strata,56,"18,482",-,Condominium,1,99 yrs lease commencing from 2011,13,Rest of Central Region,01 to 05
DAISY SUITES,"1,323,000",861.12,"1,536",Nov-23,DAISY ROAD,Resale,Strata,80,"16,538",-,Apartment,1,Freehold,13,Outside Central Region,01 to 05
SUITES@BRADDELL,"650,000",398.27,"1,632",Nov-23,BRADDELL ROAD,Resale,Strata,37,"17,568",-,Apartment,1,Freehold,13,Outside Central Region,B1 to B5
SANT RITZ,"1,395,000","1,227.1","1,137",Nov-23,PHENG GECK AVENUE,Resale,Strata,114,"12,237",-,Condominium,1,99 yrs lease commencing from 2012,13,Rest of Central Region,01 to 05
THE VENUE RESIDENCES,"2,080,000","1,237.86","1,680",Nov-23,TAI THONG CRESCENT,Resale,Strata,115,"18,087",-,Apartment,1,99 yrs lease commencing from 2012,13,Rest of Central Region,01 to 05
BLOSSOMS @ WOODLEIGH,"2,840,000","1,722.24","1,649",Nov-23,WOODLEIGH CLOSE,Resale,Strata,160,"17,750",-,Condominium,1,Freehold,13,Rest of Central Region,01 to 05
BARTLEY RIDGE,"1,750,000",968.76,"1,806",Nov-23,MOUNT VERNON ROAD,Resale,Strata,90,"19,444",-,Condominium,1,99 yrs lease commencing from 2012,13,Rest of Central Region,11 to 15
THE TRE VER,"1,550,000",796.54,"1,946",Nov-23,POTONG PASIR AVENUE 1,Sub Sale,Strata,74,"20,946",-,Condominium,1,99 yrs lease commencing from 2018,13,Rest of Central Region,06 to 10
LEICESTER LODGE,"1,910,000","1,334.74","1,431",Nov-23,LEICESTER ROAD,Resale,Strata,124,"15,403",-,Apartment,1,Freehold,13,Rest of Central Region,01 to 05
E MAISON,"931,000",667.37,"1,395",Nov-23,BRADDELL ROAD,Resale,Strata,62,"15,016",-,Apartment,1,Freehold,13,Outside Central Region,01 to 05
THE WOODLEIGH RESIDENCES,"1,570,000",688.9,"2,279",Nov-23,BIDADARI PARK DRIVE,Sub Sale,Strata,64,"24,531",-,Apartment,1,99 yrs lease commencing from 2017,13,Rest of Central Region,11 to 15
SENNETT RESIDENCE,"1,500,000",818.06,"1,834",Nov-23,PHENG GECK AVENUE,Resale,Strata,76,"19,737",-,Condominium,1,99 yrs lease commencing from 2011,13,Rest of Central Region,01 to 05
SKY GREEN,"2,030,000","1,162.51","1,746",Nov-23,MACPHERSON ROAD,Resale,Strata,108,"18,796",-,Condominium,1,Freehold,13,Rest of Central Region,06 to 10
PARK COLONIAL,"1,390,000",602.78,"2,306",Nov-23,WOODLEIGH LANE,Resale,Strata,56,"24,821",-,Condominium,1,99 yrs lease commencing from 2017,13,Rest of Central Region,06 to 10
SANT RITZ,"1,533,888",882.65,"1,738",Nov-23,PHENG GECK AVENUE,Resale,Strata,82,"18,706",-,Condominium,1,99 yrs lease commencing from 2012,13,Rest of Central Region,11 to 15
THE VENUE RESIDENCES,"2,150,000","1,130.22","1,902",Nov-23,TAI THONG CRESCENT,Resale,Strata,105,"20,476",-,Apartment,1,99 yrs lease commencing from 2012,13,Rest of Central Region,11 to 15
SENNETT RESIDENCE,"1,650,000","1,108.69","1,488",Nov-23,PHENG GECK AVENUE,Resale,Strata,103,"16,019",-,Condominium,1,99 yrs lease commencing from 2011,13,Rest of Central Region,01 to 05
BARTLEY RIDGE,"1,330,000",721.19,"1,844",Nov-23,MOUNT VERNON ROAD,Resale,Strata,67,"19,851",-,Condominium,1,99 yrs lease commencing from 2012,13,Rest of Central Region,16 to 20
THE TRE VER,"958,000",505.91,"1,894",Nov-23,POTONG PASIR AVENUE 1,Sub Sale,Strata,47,"20,383",-,Condominium,1,99 yrs lease commencing from 2018,13,Rest of Central Region,16 to 20
8@WOODLEIGH,"723,888",398.27,"1,818",Nov-23,WOODLEIGH CLOSE,Resale,Strata,37,"19,565",-,Condominium,1,99 yrs lease commencing from 2008,13,Rest of Central Region,06 to 10
CLYDESWOOD,"1,350,000",958,"1,409",Nov-23,DAISY ROAD,Resale,Strata,89,"15,169",-,Apartment,1,Freehold,13,Outside Central Region,01 to 05
THE WOODLEIGH RESIDENCES,"2,307,820",958,"2,409",Nov-23,BIDADARI PARK DRIVE,Sub Sale,Strata,89,"25,931",-,Apartment,1,99 yrs lease commencing from 2017,13,Rest of Central Region,06 to 10
LEICESTER SUITES,"822,000",452.09,"1,818",Nov-23,LEICESTER ROAD,Resale,Strata,42,"19,571",-,Apartment,1,Freehold,13,Rest of Central Region,06 to 10
NIN RESIDENCE,"835,000",527.44,"1,583",Nov-23,PHENG GECK AVENUE,Resale,Strata,49,"17,041",-,Apartment,1,99 yrs lease commencing from 2010,13,Rest of Central Region,11 to 15
THE WOODLEIGH RESIDENCES,"2,250,000",958,"2,349",Oct-23,BIDADARI PARK DRIVE,Sub Sale,Strata,89,"25,281",-,Apartment,1,99 yrs lease commencing from 2017,13,Rest of Central Region,06 to 10
THE POIZ RESIDENCES,"820,000",419.8,"1,953",Oct-23,MEYAPPA CHETTIAR ROAD,Resale,Strata,39,"21,026",-,Apartment,1,99 yrs lease commencing from 2014,13,Rest of Central Region,06 to 10
BARTLEY RIDGE,"808,000",462.85,"1,746",Oct-23,MOUNT VERNON ROAD,Resale,Strata,43,"18,791",-,Condominium,1,99 yrs lease commencing from 2012,13,Rest of Central Region,01 to 05
SENNETT RESIDENCE,"1,280,000",742.72,"1,723",Oct-23,PHENG GECK AVENUE,Resale,Strata,69,"18,551",-,Condominium,1,99 yrs lease commencing from 2011,13,Rest of Central Region,01 to 05
PARK COLONIAL,"985,000",462.85,"2,128",Oct-23,WOODLEIGH LANE,Resale,Strata,43,"22,907",-,Condominium,1,99 yrs lease commencing from 2017,13,Rest of Central Region,06 to 10
BARTLEY RIDGE,"1,450,000",828.83,"1,749",Oct-23,MOUNT VERNON ROAD,Resale,Strata,77,"18,831",-,Condominium,1,99 yrs lease commencing from 2012,13,Rest of Central Region,16 to 20
THE POIZ RESIDENCES,"2,190,000","1,184.04","1,850",Oct-23,MEYAPPA CHETTIAR ROAD,Resale,Strata,110,"19,909",-,Apartment,1,99 yrs lease commencing from 2014,13,Rest of Central Region,01 to 05
SANT RITZ,"1,165,000",656.6,"1,774",Oct-23,PHENG GECK AVENUE,Resale,Strata,61,"19,098",-,Condominium,1,99 yrs lease commencing from 2012,13,Rest of Central Region,16 to 20
PARK COLONIAL,"1,008,888",462.85,"2,180",Oct-23,WOODLEIGH LANE,Resale,Strata,43,"23,463",-,Condominium,1,99 yrs lease commencing from 2017,13,Rest of Central Region,11 to 15
THE TRE VER,"1,378,000",688.9,"2,000",Oct-23,POTONG PASIR AVENUE 1,Sub Sale,Strata,64,"21,531",-,Condominium,1,99 yrs lease commencing from 2018,13,Rest of Central Region,11 to 15
PARK COLONIAL,"1,350,000",635.08,"2,126",Oct-23,WOODLEIGH LANE,Resale,Strata,59,"22,881",-,Condominium,1,99 yrs lease commencing from 2017,13,Rest of Central Region,06 to 10
THE TRE VER,"1,468,000",742.72,"1,977",Oct-23,POTONG PASIR AVENUE 1,Sub Sale,Strata,69,"21,275",-,Condominium,1,99 yrs lease commencing from 2018,13,Rest of Central Region,06 to 10
R MAISON,"888,000",581.26,"1,528",Oct-23,SOMMERVILLE WALK,Resale,Strata,54,"16,444",-,Apartment,1,Freehold,13,Outside Central Region,01 to 05
THE ACACIAS,"1,660,000","1,227.1","1,353",Oct-23,SOMMERVILLE ROAD,Resale,Strata,114,"14,561",-,Apartment,1,Freehold,13,Outside Central Region,01 to 05
SKY GREEN,"875,000",473.62,"1,847",Oct-23,MACPHERSON ROAD,Resale,Strata,44,"19,886",-,Condominium,1,Freehold,13,Rest of Central Region,11 to 15
THE TRE VER,"1,350,000",742.72,"1,818",Oct-23,POTONG PASIR AVENUE 1,Sub Sale,Strata,69,"19,565",-,Condominium,1,99 yrs lease commencing from 2018,13,Rest of Central Region,01 to 05
THE TRE VER,"1,325,000",699.66,"1,894",Oct-23,POTONG PASIR AVENUE 1,Sub Sale,Strata,65,"20,385",-,Condominium,1,99 yrs lease commencing from 2018,13,Rest of Central Region,06 to 10
SENNETT RESIDENCE,"3,000,000","2,281.97","1,315",Oct-23,PHENG GECK AVENUE,Resale,Strata,212,"14,151",-,Condominium,1,99 yrs lease commencing from 2011,13,Rest of Central Region,16 to 20
THE POIZ RESIDENCES,"1,135,000",527.44,"2,152",Oct-23,MEYAPPA CHETTIAR ROAD,Resale,Strata,49,"23,163",-,Apartment,1,99 yrs lease commencing from 2014,13,Rest of Central Region,11 to 15
THE VENUE RESIDENCES,"2,000,000","1,130.22","1,770",Oct-23,TAI THONG CRESCENT,Resale,Strata,105,"19,048",-,Apartment,1,99 yrs lease commencing from 2012,13,Rest of Central Region,11 to 15
MEYA LODGE,"1,840,000","1,194.8","1,540",Oct-23,MEYAPPA CHETTIAR ROAD,Resale,Strata,111,"16,577",-,Apartment,1,Freehold,13,Rest of Central Region,01 to 05
MYRA,"1,395,200",871.88,"1,600",Oct-23,MEYAPPA CHETTIAR ROAD,New Sale,Strata,81,"17,225",-,Apartment,1,Freehold,13,Rest of Central Region,11 to 15
MYRA,"2,118,400","1,323.97","1,600",Oct-23,MEYAPPA CHETTIAR ROAD,New Sale,Strata,123,"17,223",-,Apartment,1,Freehold,13,Rest of Central Region,11 to 15
BELLA VISTA,"1,140,000",796.54,"1,431",Oct-23,SOMMERVILLE ROAD,Resale,Strata,74,"15,405",-,Apartment,1,Freehold,13,Outside Central Region,01 to 05
NIN RESIDENCE,"2,000,000","1,280.92","1,561",Oct-23,PHENG GECK AVENUE,Resale,Strata,119,"16,807",-,Apartment,1,99 yrs lease commencing from 2010,13,Rest of Central Region,11 to 15
E MAISON,"1,450,000",936.47,"1,548",Oct-23,BRADDELL ROAD,Resale,Strata,87,"16,667",-,Apartment,1,Freehold,13,Outside Central Region,01 to 05
BARTLEY RIDGE,"1,828,000","1,033.34","1,769",Oct-23,MOUNT VERNON ROAD,Resale,Strata,96,"19,042",-,Condominium,1,99 yrs lease commencing from 2012,13,Rest of Central Region,01 to 05
THE TRE VER,"1,425,000",753.48,"1,891",Oct-23,POTONG PASIR AVENUE 1,Sub Sale,Strata,70,"20,357",-,Condominium,1,99 yrs lease commencing from 2018,13,Rest of Central Region,06 to 10
ONE LEICESTER,"1,848,000","1,054.87","1,752",Oct-23,LEICESTER ROAD,Resale,Strata,98,"18,857",-,Condominium,1,Freehold,13,Rest of Central Region,11 to 15
SANT RITZ,"1,200,000",656.6,"1,828",Oct-23,PHENG GECK AVENUE,Resale,Strata,61,"19,672",-,Condominium,1,99 yrs lease commencing from 2012,13,Rest of Central Region,01 to 05
SENNETT ESTATE,"1,538,888","1,119.46","1,375",Oct-23,MACPHERSON ROAD,Resale,Strata,104,"14,797",-,Apartment,1,9999 yrs lease commencing from 1959,13,Rest of Central Region,01 to 05
MYRA,"2,990,000","1,323.97","2,258",Oct-23,MEYAPPA CHETTIAR ROAD,New Sale,Strata,123,"24,309",-,Apartment,1,Freehold,13,Rest of Central Region,06 to 10
WOODSVILLE 28,"2,200,000","1,399.32","1,572",Oct-23,WOODSVILLE CLOSE,Resale,Strata,130,"16,923",-,Apartment,1,99 yrs lease commencing from 2007,13,Rest of Central Region,11 to 15
8@WOODLEIGH,"731,888",398.27,"1,838",Oct-23,WOODLEIGH CLOSE,Resale,Strata,37,"19,781",-,Condominium,1,99 yrs lease commencing from 2008,13,Rest of Central Region,11 to 15
THE TRE VER,"1,200,000",645.84,"1,858",Oct-23,POTONG PASIR AVENUE 1,Sub Sale,Strata,60,"20,000",-,Condominium,1,99 yrs lease commencing from 2018,13,Rest of Central Region,06 to 10
THE POIZ RESIDENCES,"2,280,000","1,184.04","1,926",Oct-23,MEYAPPA CHETTIAR ROAD,Resale,Strata,110,"20,727",-,Apartment,1,99 yrs lease commencing from 2014,13,Rest of Central Region,11 to 15
MYRA,"1,980,000",871.88,"2,271",Oct-23,MEYAPPA CHETTIAR ROAD,New Sale,Strata,81,"24,444",-,Apartment,1,Freehold,13,Rest of Central Region,01 to 05
SKY GREEN,"1,045,000",613.55,"1,703",Oct-23,MACPHERSON ROAD,Resale,Strata,57,"18,333",-,Condominium,1,Freehold,13,Rest of Central Region,01 to 05
THE TRE VER,"1,345,000",688.9,"1,952",Oct-23,POTONG PASIR AVENUE 1,Sub Sale,Strata,64,"21,016",-,Condominium,1,99 yrs lease commencing from 2018,13,Rest of Central Region,11 to 15
BARTLEY RIDGE,"2,390,000","1,302.44","1,835",Oct-23,MOUNT VERNON ROAD,Resale,Strata,121,"19,752",-,Condominium,1,99 yrs lease commencing from 2012,13,Rest of Central Region,06 to 10
BLOSSOMS @ WOODLEIGH,"2,250,000","2,195.86","1,025",Oct-23,WOODLEIGH CLOSE,Resale,Strata,204,"11,029",-,Condominium,1,Freehold,13,Rest of Central Region,11 to 15
THE VENUE RESIDENCES,"1,440,000",839.59,"1,715",Oct-23,TAI THONG CRESCENT,Resale,Strata,78,"18,462",-,Apartment,1,99 yrs lease commencing from 2012,13,Rest of Central Region,01 to 05
BARTLEY RIDGE,"1,490,000",850.36,"1,752",Oct-23,MOUNT VERNON ROAD,Resale,Strata,79,"18,861",-,Condominium,1,99 yrs lease commencing from 2012,13,Rest of Central Region,11 to 15
PARK COLONIAL,"1,538,000",678.13,"2,268",Oct-23,WOODLEIGH LANE,Resale,Strata,63,"24,413",-,Condominium,1,99 yrs lease commencing from 2017,13,Rest of Central Region,06 to 10
PARK COLONIAL,"1,550,000",871.88,"1,778",Oct-23,WOODLEIGH LANE,Resale,Strata,81,"19,136",-,Condominium,1,99 yrs lease commencing from 2017,13,Rest of Central Region,11 to 15
THE TRE VER,"1,950,000","1,011.82","1,927",Oct-23,POTONG PASIR AVENUE 1,Sub Sale,Strata,94,"20,745",-,Condominium,1,99 yrs lease commencing from 2018,13,Rest of Central Region,06 to 10
ONE LEICESTER,"2,018,000","1,205.57","1,674",Oct-23,LEICESTER ROAD,Resale,Strata,112,"18,018",-,Condominium,1,Freehold,13,Rest of Central Region,01 to 05
THE TRE VER,"1,280,000",645.84,"1,982",Sep-23,POTONG PASIR AVENUE 1,Sub Sale,Strata,60,"21,333",-,Condominium,1,99 yrs lease commencing from 2018,13,Rest of Central Region,16 to 20
THE TRE VER,"1,450,888",753.48,"1,926",Sep-23,POTONG PASIR AVENUE 1,Sub Sale,Strata,70,"20,727",-,Condominium,1,99 yrs lease commencing from 2018,13,Rest of Central Region,11 to 15
BARTLEY RIDGE,"1,422,000",828.83,"1,716",Sep-23,MOUNT VERNON ROAD,Resale,Strata,77,"18,468",-,Condominium,1,99 yrs lease commencing from 2012,13,Rest of Central Region,01 to 05
THE POIZ RESIDENCES,"1,080,000",538.2,"2,007",Sep-23,MEYAPPA CHETTIAR ROAD,Resale,Strata,50,"21,600",-,Apartment,1,99 yrs lease commencing from 2014,13,Rest of Central Region,06 to 10
THE POIZ RESIDENCES,"2,280,000","1,625.36","1,403",Sep-23,MEYAPPA CHETTIAR ROAD,Resale,Strata,151,"15,099",-,Apartment,1,99 yrs lease commencing from 2014,13,Rest of Central Region,16 to 20
BARTLEY RIDGE,"2,108,888","1,173.28","1,797",Sep-23,MOUNT VERNON ROAD,Resale,Strata,109,"19,348",-,Condominium,1,99 yrs lease commencing from 2012,13,Rest of Central Region,06 to 10
PARK COLONIAL,"1,500,000",678.13,"2,212",Sep-23,WOODLEIGH LANE,Resale,Strata,63,"23,810",-,Condominium,1,99 yrs lease commencing from 2017,13,Rest of Central Region,01 to 05
THE TRE VER,"2,150,000","1,097.93","1,958",Sep-23,POTONG PASIR AVENUE 1,Sub Sale,Strata,102,"21,078",-,Condominium,1,99 yrs lease commencing from 2018,13,Rest of Central Region,06 to 10
THE TRE VER,"1,450,000",742.72,"1,952",Sep-23,POTONG PASIR AVENUE 1,Sub Sale,Strata,69,"21,014",-,Condominium,1,99 yrs lease commencing from 2018,13,Rest of Central Region,11 to 15
SKY GREEN,"788,888",441.32,"1,788",Sep-23,MACPHERSON ROAD,Resale,Strata,41,"19,241",-,Condominium,1,Freehold,13,Rest of Central Region,06 to 10
MYRA,"2,950,000","1,323.97","2,228",Sep-23,MEYAPPA CHETTIAR ROAD,New Sale,Strata,123,"23,984",-,Apartment,1,Freehold,13,Rest of Central Region,06 to 10
THE WOODLEIGH RESIDENCES,"2,168,000",958,"2,263",Sep-23,BIDADARI PARK DRIVE,Sub Sale,Strata,89,"24,360",-,Apartment,1,99 yrs lease commencing from 2017,13,Rest of Central Region,06 to 10
THE VENUE RESIDENCES,"2,130,000","1,130.22","1,885",Sep-23,TAI THONG CRESCENT,Resale,Strata,105,"20,286",-,Apartment,1,99 yrs lease commencing from 2012,13,Rest of Central Region,06 to 10
THE TRE VER,"1,170,000",613.55,"1,907",Sep-23,POTONG PASIR AVENUE 1,Sub Sale,Strata,57,"20,526",-,Condominium,1,99 yrs lease commencing from 2018,13,Rest of Central Region,06 to 10
THE VENUE RESIDENCES,"1,100,000",688.9,"1,597",Sep-23,TAI THONG CRESCENT,Resale,Strata,64,"17,188",-,Apartment,1,99 yrs lease commencing from 2012,13,Rest of Central Region,01 to 05
PARK COLONIAL,"948,888",462.85,"2,050",Sep-23,WOODLEIGH LANE,Resale,Strata,43,"22,067",-,Condominium,1,99 yrs lease commencing from 2017,13,Rest of Central Region,01 to 05
SANT RITZ,"880,000",527.44,"1,668",Sep-23,PHENG GECK AVENUE,Resale,Strata,49,"17,959",-,Condominium,1,99 yrs lease commencing from 2012,13,Rest of Central Region,06 to 10
NIN RESIDENCE,"1,450,000",904.18,"1,604",Sep-23,PHENG GECK AVENUE,Resale,Strata,84,"17,262",-,Apartment,1,99 yrs lease commencing from 2010,13,Rest of Central Region,06 to 10
PARK COLONIAL,"2,441,000","1,065.64","2,291",Sep-23,WOODLEIGH LANE,Resale,Strata,99,"24,657",-,Condominium,1,99 yrs lease commencing from 2017,13,Rest of Central Region,01 to 05
E MAISON,"950,000",667.37,"1,424",Sep-23,BRADDELL ROAD,Resale,Strata,62,"15,323",-,Apartment,1,Freehold,13,Outside Central Region,01 to 05
PLATINUM EDGE,"1,260,000",796.54,"1,582",Sep-23,LEICESTER ROAD,Resale,Strata,74,"17,027",-,Apartment,1,Freehold,13,Rest of Central Region,11 to 15
SANT RITZ,"888,888",527.44,"1,685",Sep-23,PHENG GECK AVENUE,Resale,Strata,49,"18,141",-,Condominium,1,99 yrs lease commencing from 2012,13,Rest of Central Region,16 to 20
SENNETT RESIDENCE,"1,018,000",570.49,"1,784",Sep-23,PHENG GECK AVENUE,Resale,Strata,53,"19,208",-,Condominium,1,99 yrs lease commencing from 2011,13,Rest of Central Region,06 to 10
BLOSSOMS @ WOODLEIGH,"2,130,000","1,205.57","1,767",Sep-23,WOODLEIGH CLOSE,Resale,Strata,112,"19,018",-,Condominium,1,Freehold,13,Rest of Central Region,01 to 05
SENNETT RESIDENCE,"1,208,000",742.72,"1,626",Sep-23,PHENG GECK AVENUE,Resale,Strata,69,"17,507",-,Condominium,1,99 yrs lease commencing from 2011,13,Rest of Central Region,06 to 10
MEYA LODGE,"1,830,000","1,216.33","1,505",Sep-23,MEYAPPA CHETTIAR ROAD,Resale,Strata,113,"16,195",-,Apartment,1,Freehold,13,Rest of Central Region,01 to 05
THE TRE VER,"1,368,000",699.66,"1,955",Sep-23,POTONG PASIR AVENUE 1,Sub Sale,Strata,65,"21,046",-,Condominium,1,99 yrs lease commencing from 2018,13,Rest of Central Region,11 to 15
THE TRE VER,"2,250,000","1,108.69","2,029",Sep-23,POTONG PASIR AVENUE 1,Sub Sale,Strata,103,"21,845",-,Condominium,1,99 yrs lease commencing from 2018,13,Rest of Central Region,11 to 15
THE TRE VER,"1,355,000",742.72,"1,824",Sep-23,POTONG PASIR AVENUE 1,Sub Sale,Strata,69,"19,638",-,Condominium,1,99 yrs lease commencing from 2018,13,Rest of Central Region,01 to 05
BARTLEY RIDGE,"1,935,000","1,033.34","1,873",Sep-23,MOUNT VERNON ROAD,Resale,Strata,96,"20,156",-,Condominium,1,99 yrs lease commencing from 2012,13,Rest of Central Region,16 to 20
8@WOODLEIGH,"1,700,000",958,"1,775",Sep-23,WOODLEIGH CLOSE,Resale,Strata,89,"19,101",-,Condominium,1,99 yrs lease commencing from 2008,13,Rest of Central Region,06 to 10
SKY GREEN,"1,880,000","1,162.51","1,617",Sep-23,MACPHERSON ROAD,Resale,Strata,108,"17,407",-,Condominium,1,Freehold,13,Rest of Central Region,01 to 05
NIN RESIDENCE,"1,590,000","1,011.82","1,571",Sep-23,PHENG GECK AVENUE,Resale,Strata,94,"16,915",-,Apartment,1,99 yrs lease commencing from 2010,13,Rest of Central Region,01 to 05
PARC MONDRIAN,"1,650,000",904.18,"1,825",Sep-23,WOODLEIGH CLOSE,Resale,Strata,84,"19,643",-,Apartment,1,Freehold,13,Rest of Central Region,16 to 20
THE TRE VER,"2,250,000","1,108.69","2,029",Sep-23,POTONG PASIR AVENUE 1,Sub Sale,Strata,103,"21,845",-,Condominium,1,99 yrs lease commencing from 2018,13,Rest of Central Region,16 to 20
THE WOODLEIGH RESIDENCES,"2,350,000",958,"2,453",Sep-23,BIDADARI PARK DRIVE,Sub Sale,Strata,89,"26,404",-,Apartment,1,99 yrs lease commencing from 2017,13,Rest of Central Region,11 to 15
THE WOODLEIGH RESIDENCES,"1,750,000",721.19,"2,427",Sep-23,BIDADARI PARK DRIVE,Sub Sale,Strata,67,"26,119",-,Apartment,1,99 yrs lease commencing from 2017,13,Rest of Central Region,11 to 15
THE TRE VER,"2,150,000","1,108.69","1,939",Sep-23,POTONG PASIR AVENUE 1,Sub Sale,Strata,103,"20,874",-,Condominium,1,99 yrs lease commencing from 2018,13,Rest of Central Region,11 to 15
THE POIZ RESIDENCES,"2,350,000","1,205.57","1,949",Aug-23,MEYAPPA CHETTIAR ROAD,Resale,Strata,112,"20,982",-,Apartment,1,99 yrs lease commencing from 2014,13,Rest of Central Region,16 to 20
BLOSSOMS @ WOODLEIGH,"2,600,000","1,410.08","1,844",Aug-23,WOODLEIGH CLOSE,Resale,Strata,131,"19,847",-,Condominium,1,Freehold,13,Rest of Central Region,11 to 15
THE TRE VER,"1,240,000",624.31,"1,986",Aug-23,POTONG PASIR AVENUE 1,Sub Sale,Strata,58,"21,379",-,Condominium,1,99 yrs lease commencing from 2018,13,Rest of Central Region,11 to 15
THE TRE VER,"2,300,000","1,108.69","2,075",Aug-23,POTONG PASIR AVENUE 1,Sub Sale,Strata,103,"22,330",-,Condominium,1,99 yrs lease commencing from 2018,13,Rest of Central Region,16 to 20
THE TRE VER,"2,090,000","1,097.93","1,904",Aug-23,POTONG PASIR AVENUE 1,Sub Sale,Strata,102,"20,490",-,Condominium,1,99 yrs lease commencing from 2018,13,Rest of Central Region,01 to 05
R MAISON,"868,000",581.26,"1,493",Aug-23,SOMMERVILLE WALK,Resale,Strata,54,"16,074",-,Apartment,1,Freehold,13,Outside Central Region,01 to 05
THE TRE VER,"1,928,888","1,011.82","1,906",Aug-23,POTONG PASIR AVENUE 1,Sub Sale,Strata,94,"20,520",-,Condominium,1,99 yrs lease commencing from 2018,13,Rest of Central Region,16 to 20
THE TRE VER,"1,438,888",699.66,"2,057",Aug-23,POTONG PASIR AVENUE 1,Sub Sale,Strata,65,"22,137",-,Condominium,1,99 yrs lease commencing from 2018,13,Rest of Central Region,16 to 20
THE TRE VER,"880,000",505.91,"1,739",Aug-23,POTONG PASIR AVENUE 1,Sub Sale,Strata,47,"18,723",-,Condominium,1,99 yrs lease commencing from 2018,13,Rest of Central Region,06 to 10
PLATINUM EDGE,"1,180,000",796.54,"1,481",Aug-23,LEICESTER ROAD,Resale,Strata,74,"15,946",-,Apartment,1,Freehold,13,Rest of Central Region,01 to 05
THE TRE VER,"1,350,000",753.48,"1,792",Aug-23,POTONG PASIR AVENUE 1,Sub Sale,Strata,70,"19,286",-,Condominium,1,99 yrs lease commencing from 2018,13,Rest of Central Region,01 to 05
8@WOODLEIGH,"1,438,888",839.59,"1,714",Aug-23,WOODLEIGH CLOSE,Resale,Strata,78,"18,447",-,Condominium,1,99 yrs lease commencing from 2008,13,Rest of Central Region,06 to 10
PARK COLONIAL,"1,500,000",667.37,"2,248",Aug-23,WOODLEIGH LANE,Resale,Strata,62,"24,194",-,Condominium,1,99 yrs lease commencing from 2017,13,Rest of Central Region,06 to 10
SANT RITZ,"1,730,000","1,054.87","1,640",Aug-23,PHENG GECK AVENUE,Resale,Strata,98,"17,653",-,Condominium,1,99 yrs lease commencing from 2012,13,Rest of Central Region,06 to 10
THE POIZ RESIDENCES,"1,190,000",581.26,"2,047",Aug-23,MEYAPPA CHETTIAR ROAD,Resale,Strata,54,"22,037",-,Apartment,1,99 yrs lease commencing from 2014,13,Rest of Central Region,16 to 20
THE TRE VER,"1,295,000",699.66,"1,851",Aug-23,POTONG PASIR AVENUE 1,Sub Sale,Strata,65,"19,923",-,Condominium,1,99 yrs lease commencing from 2018,13,Rest of Central Region,01 to 05
THE POIZ RESIDENCES,"828,000",419.8,"1,972",Aug-23,MEYAPPA CHETTIAR ROAD,Resale,Strata,39,"21,231",-,Apartment,1,99 yrs lease commencing from 2014,13,Rest of Central Region,06 to 10
THE POIZ RESIDENCES,"975,000",527.44,"1,849",Aug-23,MEYAPPA CHETTIAR ROAD,Resale,Strata,49,"19,898",-,Apartment,1,99 yrs lease commencing from 2014,13,Rest of Central Region,11 to 15
PARK COLONIAL,"2,750,000","1,367.03","2,012",Aug-23,WOODLEIGH LANE,Resale,Strata,127,"21,654",-,Condominium,1,99 yrs lease commencing from 2017,13,Rest of Central Region,01 to 05
SKY GREEN,"845,000",462.85,"1,826",Aug-23,MACPHERSON ROAD,Resale,Strata,43,"19,651",-,Condominium,1,Freehold,13,Rest of Central Region,11 to 15
THE WOODLEIGH RESIDENCES,"1,715,000",721.19,"2,378",Aug-23,BIDADARI PARK DRIVE,Sub Sale,Strata,67,"25,597",-,Apartment,1,99 yrs lease commencing from 2017,13,Rest of Central Region,06 to 10
8@WOODLEIGH,"1,460,000",839.59,"1,739",Aug-23,WOODLEIGH CLOSE,Resale,Strata,78,"18,718",-,Condominium,1,99 yrs lease commencing from 2008,13,Rest of Central Region,11 to 15
THE WOODLEIGH RESIDENCES,"1,550,000",699.66,"2,215",Aug-23,BIDADARI PARK DRIVE,Sub Sale,Strata,65,"23,846",-,Apartment,1,99 yrs lease commencing from 2017,13,Rest of Central Region,06 to 10
THE POIZ RESIDENCES,"1,980,000",968.76,"2,044",Aug-23,MEYAPPA CHETTIAR ROAD,Resale,Strata,90,"22,000",-,Apartment,1,99 yrs lease commencing from 2014,13,Rest of Central Region,16 to 20
LEICESTER LODGE,"1,910,000","1,334.74","1,431",Aug-23,LEICESTER ROAD,Resale,Strata,124,"15,403",-,Apartment,1,Freehold,13,Rest of Central Region,01 to 05
SENNETT RESIDENCE,"1,520,000",850.36,"1,787",Aug-23,PHENG GECK AVENUE,Resale,Strata,79,"19,241",-,Condominium,1,99 yrs lease commencing from 2011,13,Rest of Central Region,06 to 10
THE TRE VER,"1,320,000",688.9,"1,916",Jul-23,POTONG PASIR AVENUE 1,Sub Sale,Strata,64,"20,625",-,Condominium,1,99 yrs lease commencing from 2018,13,Rest of Central Region,16 to 20
BARTLEY RIDGE,"1,870,000","1,044.11","1,791",Jul-23,MOUNT VERNON ROAD,Resale,Strata,97,"19,278",-,Condominium,1,99 yrs lease commencing from 2012,13,Rest of Central Region,11 to 15
THE TRE VER,"1,890,000","1,011.82","1,868",Jul-23,POTONG PASIR AVENUE 1,Sub Sale,Strata,94,"20,106",-,Condominium,1,99 yrs lease commencing from 2018,13,Rest of Central Region,06 to 10
MYRA,"1,780,000",667.37,"2,667",Jul-23,MEYAPPA CHETTIAR ROAD,New Sale,Strata,62,"28,710",-,Apartment,1,Freehold,13,Rest of Central Region,06 to 10
BARTLEY RIDGE,"1,519,999",861.12,"1,765",Jul-23,MOUNT VERNON ROAD,Resale,Strata,80,"19,000",-,Condominium,1,99 yrs lease commencing from 2012,13,Rest of Central Region,01 to 05
THE TRE VER,"1,386,000",742.72,"1,866",Jul-23,POTONG PASIR AVENUE 1,Sub Sale,Strata,69,"20,087",-,Condominium,1,99 yrs lease commencing from 2018,13,Rest of Central Region,01 to 05
WAN THO LODGE,"1,600,000","1,151.75","1,389",Jul-23,WAN THO AVENUE,Resale,Strata,107,"14,953",-,Apartment,1,Freehold,13,Rest of Central Region,01 to 05
THE WOODLEIGH RESIDENCES,"1,250,000",570.49,"2,191",Jul-23,BIDADARI PARK DRIVE,Sub Sale,Strata,53,"23,585",-,Apartment,1,99 yrs lease commencing from 2017,13,Rest of Central Region,06 to 10
NIN RESIDENCE,"1,430,000",904.18,"1,582",Jul-23,PHENG GECK AVENUE,Resale,Strata,84,"17,024",-,Apartment,1,99 yrs lease commencing from 2010,13,Rest of Central Region,11 to 15
E MAISON,"1,515,000",904.18,"1,676",Jul-23,BRADDELL ROAD,Resale,Strata,84,"18,036",-,Apartment,1,Freehold,13,Outside Central Region,01 to 05
BARTLEY RIDGE,"2,000,000","1,173.28","1,705",Jul-23,MOUNT VERNON ROAD,Resale,Strata,109,"18,349",-,Condominium,1,99 yrs lease commencing from 2012,13,Rest of Central Region,01 to 05
BARTLEY RIDGE,"865,000",462.85,"1,869",Jul-23,MOUNT VERNON ROAD,Resale,Strata,43,"20,116",-,Condominium,1,99 yrs lease commencing from 2012,13,Rest of Central Region,11 to 15
THE TRE VER,"1,365,000",699.66,"1,951",Jul-23,POTONG PASIR AVENUE 1,Sub Sale,Strata,65,"21,000",-,Condominium,1,99 yrs lease commencing from 2018,13,Rest of Central Region,06 to 10
EURO-ASIA PARK,"2,500,000","1,550.02","1,613",Jul-23,WOODLEIGH CLOSE,Resale,Strata,144,"17,361",-,Condominium,1,Freehold,13,Rest of Central Region,01 to 05
PARK COLONIAL,"1,200,000",667.37,"1,798",Jul-23,WOODLEIGH LANE,Resale,Strata,62,"19,355",-,Condominium,1,99 yrs lease commencing from 2017,13,Rest of Central Region,11 to 15
E MAISON,"1,380,000",936.47,"1,474",Jul-23,BRADDELL ROAD,Resale,Strata,87,"15,862",-,Apartment,1,Freehold,13,Outside Central Region,01 to 05
PARK COLONIAL,"1,000,000",462.85,"2,161",Jul-23,WOODLEIGH LANE,Resale,Strata,43,"23,256",-,Condominium,1,99 yrs lease commencing from 2017,13,Rest of Central Region,11 to 15
THE POIZ RESIDENCES,"1,610,000",807.3,"1,994",Jul-23,MEYAPPA CHETTIAR ROAD,Resale,Strata,75,"21,467",-,Apartment,1,99 yrs lease commencing from 2014,13,Rest of Central Region,06 to 10
8@WOODLEIGH,"1,680,000",958,"1,754",Jul-23,WOODLEIGH CLOSE,Resale,Strata,89,"18,876",-,Condominium,1,99 yrs lease commencing from 2008,13,Rest of Central Region,01 to 05
THE WOODLEIGH RESIDENCES,"1,500,000",667.37,"2,248",Jul-23,BIDADARI PARK DRIVE,Sub Sale,Strata,62,"24,194",-,Apartment,1,99 yrs lease commencing from 2017,13,Rest of Central Region,06 to 10
8@WOODLEIGH,"1,900,000","1,097.93","1,731",Jul-23,WOODLEIGH CLOSE,Resale,Strata,102,"18,627",-,Condominium,1,99 yrs lease commencing from 2008,13,Rest of Central Region,06 to 10
THE TRE VER,"925,000",495.14,"1,868",Jul-23,POTONG PASIR AVENUE 1,Sub Sale,Strata,46,"20,109",-,Condominium,1,99 yrs lease commencing from 2018,13,Rest of Central Region,11 to 15
THE WOODLEIGH RESIDENCES,"1,600,000",688.9,"2,323",Jul-23,BIDADARI PARK DRIVE,Sub Sale,Strata,64,"25,000",-,Apartment,1,99 yrs lease commencing from 2017,13,Rest of Central Region,11 to 15
SKY GREEN,"1,880,000","1,151.75","1,632",Jul-23,MACPHERSON ROAD,Resale,Strata,107,"17,570",-,Condominium,1,Freehold,13,Rest of Central Region,06 to 10
PARK COLONIAL,"2,100,000","1,022.58","2,054",Jul-23,WOODLEIGH LANE,Resale,Strata,95,"22,105",-,Condominium,1,99 yrs lease commencing from 2017,13,Rest of Central Region,01 to 05
E MAISON,"1,600,000","1,184.04","1,351",Jul-23,BRADDELL ROAD,Resale,Strata,110,"14,545",-,Apartment,1,Freehold,13,Outside Central Region,01 to 05
THE WOODLEIGH RESIDENCES,"1,268,000",570.49,"2,223",Jul-23,BIDADARI PARK DRIVE,Sub Sale,Strata,53,"23,925",-,Apartment,1,99 yrs lease commencing from 2017,13,Rest of Central Region,06 to 10
THE TRE VER,"1,310,000",699.66,"1,872",Jul-23,POTONG PASIR AVENUE 1,Sub Sale,Strata,65,"20,154",-,Condominium,1,99 yrs lease commencing from 2018,13,Rest of Central Region,01 to 05
SANT RITZ,"2,250,000","1,786.82","1,259",Jul-23,PHENG GECK AVENUE,Resale,Strata,166,"13,554",-,Condominium,1,99 yrs lease commencing from 2012,13,Rest of Central Region,01 to 05
THE WOODLEIGH RESIDENCES,"1,500,000",667.37,"2,248",Jul-23,BIDADARI PARK DRIVE,Sub Sale,Strata,62,"24,194",-,Apartment,1,99 yrs lease commencing from 2017,13,Rest of Central Region,06 to 10
THE TRE VER,"1,350,000",699.66,"1,930",Jul-23,POTONG PASIR AVENUE 1,Sub Sale,Strata,65,"20,769",-,Condominium,1,99 yrs lease commencing from 2018,13,Rest of Central Region,11 to 15
THE TRE VER,"2,218,888","1,097.93","2,021",Jul-23,POTONG PASIR AVENUE 1,Sub Sale,Strata,102,"21,754",-,Condominium,1,99 yrs lease commencing from 2018,13,Rest of Central Region,06 to 10
BARTLEY RIDGE,"2,700,000","1,840.64","1,467",Jul-23,MOUNT VERNON ROAD,Resale,Strata,171,"15,789",-,Condominium,1,99 yrs lease commencing from 2012,13,Rest of Central Region,16 to 20
THE TRE VER,"1,340,000",699.66,"1,915",Jul-23,POTONG PASIR AVENUE 1,Sub Sale,Strata,65,"20,615",-,Condominium,1,99 yrs lease commencing from 2018,13,Rest of Central Region,06 to 10
THE TRE VER,"1,420,000",742.72,"1,912",Jul-23,POTONG PASIR AVENUE 1,Sub Sale,Strata,69,"20,580",-,Condominium,1,99 yrs lease commencing from 2018,13,Rest of Central Region,11 to 15
MYRA,"1,810,000",667.37,"2,712",Jul-23,MEYAPPA CHETTIAR ROAD,New Sale,Strata,62,"29,194",-,Apartment,1,Freehold,13,Rest of Central Region,11 to 15
MYRA,"1,698,000",667.37,"2,544",Jul-23,MEYAPPA CHETTIAR ROAD,New Sale,Strata,62,"27,387",-,Apartment,1,Freehold,13,Rest of Central Region,01 to 05
18 WOODSVILLE,"1,528,888",914.94,"1,671",Jul-23,WOODSVILLE CLOSE,Resale,Strata,85,"17,987",-,Apartment,1,Freehold,13,Rest of Central Region,01 to 05
THE WOODLEIGH RESIDENCES,"1,588,000",688.9,"2,305",Jul-23,BIDADARI PARK DRIVE,Sub Sale,Strata,64,"24,813",-,Apartment,1,99 yrs lease commencing from 2017,13,Rest of Central Region,06 to 10
THE TRE VER,"1,340,000",699.66,"1,915",Jul-23,POTONG PASIR AVENUE 1,Sub Sale,Strata,65,"20,615",-,Condominium,1,99 yrs lease commencing from 2018,13,Rest of Central Region,11 to 15
MYRA,"1,658,000",667.37,"2,484",Jul-23,MEYAPPA CHETTIAR ROAD,New Sale,Strata,62,"26,742",-,Apartment,1,Freehold,13,Rest of Central Region,01 to 05
8@WOODLEIGH,"1,900,000","1,097.93","1,731",Jun-23,WOODLEIGH CLOSE,Resale,Strata,102,"18,627",-,Condominium,1,99 yrs lease commencing from 2008,13,Rest of Central Region,01 to 05
THE TRE VER,"1,440,000",742.72,"1,939",Jun-23,POTONG PASIR AVENUE 1,Sub Sale,Strata,69,"20,870",-,Condominium,1,99 yrs lease commencing from 2018,13,Rest of Central Region,16 to 20
SANT RITZ,"1,750,000","1,097.93","1,594",Jun-23,PHENG GECK AVENUE,Resale,Strata,102,"17,157",-,Condominium,1,99 yrs lease commencing from 2012,13,Rest of Central Region,06 to 10
BARTLEY RIDGE,"1,280,000",721.19,"1,775",Jun-23,MOUNT VERNON ROAD,Resale,Strata,67,"19,104",-,Condominium,1,99 yrs lease commencing from 2012,13,Rest of Central Region,11 to 15
PARK COLONIAL,"1,385,000",635.08,"2,181",Jun-23,WOODLEIGH LANE,Resale,Strata,59,"23,475",-,Condominium,1,99 yrs lease commencing from 2017,13,Rest of Central Region,01 to 05
MYRA,"2,980,000","1,323.97","2,251",Jun-23,MEYAPPA CHETTIAR ROAD,New Sale,Strata,123,"24,228",-,Apartment,1,Freehold,13,Rest of Central Region,06 to 10
THE WOODLEIGH RESIDENCES,"1,978,000",850.36,"2,326",Jun-23,BIDADARI PARK DRIVE,Sub Sale,Strata,79,"25,038",-,Apartment,1,99 yrs lease commencing from 2017,13,Rest of Central Region,06 to 10
THE POIZ RESIDENCES,"2,200,000","1,205.57","1,825",Jun-23,MEYAPPA CHETTIAR ROAD,Resale,Strata,112,"19,643",-,Apartment,1,99 yrs lease commencing from 2014,13,Rest of Central Region,06 to 10
BARTLEY RIDGE,"1,725,000","1,033.34","1,669",Jun-23,MOUNT VERNON ROAD,Resale,Strata,96,"17,969",-,Condominium,1,99 yrs lease commencing from 2012,13,Rest of Central Region,01 to 05
THE TRE VER,"888,000",505.91,"1,755",Jun-23,POTONG PASIR AVENUE 1,Sub Sale,Strata,47,"18,894",-,Condominium,1,99 yrs lease commencing from 2018,13,Rest of Central Region,01 to 05
E MAISON,"1,420,000",904.18,"1,570",Jun-23,BRADDELL ROAD,Resale,Strata,84,"16,905",-,Apartment,1,Freehold,13,Outside Central Region,01 to 05
THE TRE VER,"880,000",495.14,"1,777",Jun-23,POTONG PASIR AVENUE 1,Sub Sale,Strata,46,"19,130",-,Condominium,1,99 yrs lease commencing from 2018,13,Rest of Central Region,01 to 05
BARTLEY RIDGE,"1,720,000",968.76,"1,775",Jun-23,MOUNT VERNON ROAD,Resale,Strata,90,"19,111",-,Condominium,1,99 yrs lease commencing from 2012,13,Rest of Central Region,01 to 05
THE TRE VER,"898,000",495.14,"1,814",Jun-23,POTONG PASIR AVENUE 1,Sub Sale,Strata,46,"19,522",-,Condominium,1,99 yrs lease commencing from 2018,13,Rest of Central Region,01 to 05
8@WOODLEIGH,"1,488,000",861.12,"1,728",Jun-23,WOODLEIGH CLOSE,Resale,Strata,80,"18,600",-,Condominium,1,99 yrs lease commencing from 2008,13,Rest of Central Region,11 to 15
BARTLEY RIDGE,"1,670,000",968.76,"1,724",Jun-23,MOUNT VERNON ROAD,Resale,Strata,90,"18,556",-,Condominium,1,99 yrs lease commencing from 2012,13,Rest of Central Region,01 to 05
THE ACACIAS,"1,690,000","1,248.62","1,353",Jun-23,SOMMERVILLE ROAD,Resale,Strata,116,"14,569",-,Apartment,1,Freehold,13,Outside Central Region,01 to 05
THE WOODLEIGH RESIDENCES,"1,310,000",592.02,"2,213",Jun-23,BIDADARI PARK DRIVE,Sub Sale,Strata,55,"23,818",-,Apartment,1,99 yrs lease commencing from 2017,13,Rest of Central Region,01 to 05
THE TRE VER,"1,830,000","1,011.82","1,809",Jun-23,POTONG PASIR AVENUE 1,Sub Sale,Strata,94,"19,468",-,Condominium,1,99 yrs lease commencing from 2018,13,Rest of Central Region,01 to 05
THE POIZ RESIDENCES,"825,000",441.32,"1,869",Jun-23,MEYAPPA CHETTIAR ROAD,Resale,Strata,41,"20,122",-,Apartment,1,99 yrs lease commencing from 2014,13,Rest of Central Region,01 to 05
THE TRE VER,"949,000",495.14,"1,917",Jun-23,POTONG PASIR AVENUE 1,Sub Sale,Strata,46,"20,630",-,Condominium,1,99 yrs lease commencing from 2018,13,Rest of Central Region,16 to 20
THE TRE VER,"1,200,000",645.84,"1,858",Jun-23,POTONG PASIR AVENUE 1,Sub Sale,Strata,60,"20,000",-,Condominium,1,99 yrs lease commencing from 2018,13,Rest of Central Region,06 to 10
THE TRE VER,"1,388,000",699.66,"1,984",Jun-23,POTONG PASIR AVENUE 1,Sub Sale,Strata,65,"21,354",-,Condominium,1,99 yrs lease commencing from 2018,13,Rest of Central Region,16 to 20
SENNETT RESIDENCE,"980,000",570.49,"1,718",Jun-23,PHENG GECK AVENUE,Resale,Strata,53,"18,491",-,Condominium,1,99 yrs lease commencing from 2011,13,Rest of Central Region,06 to 10
DAISY SUITES,"1,750,000","1,280.92","1,366",Jun-23,DAISY ROAD,Resale,Strata,119,"14,706",-,Apartment,1,Freehold,13,Outside Central Region,01 to 05
PARK COLONIAL,"1,300,000",602.78,"2,157",Jun-23,WOODLEIGH LANE,Resale,Strata,56,"23,214",-,Condominium,1,99 yrs lease commencing from 2017,13,Rest of Central Region,01 to 05
MYRA,"2,998,000","1,323.97","2,264",Jun-23,MEYAPPA CHETTIAR ROAD,New Sale,Strata,123,"24,374",-,Apartment,1,Freehold,13,Rest of Central Region,11 to 15
THE WOODLEIGH RESIDENCES,"1,230,000",592.02,"2,078",Jun-23,BIDADARI PARK DRIVE,Sub Sale,Strata,55,"22,364",-,Apartment,1,99 yrs lease commencing from 2017,13,Rest of Central Region,01 to 05
THE POIZ RESIDENCES,"1,900,000",968.76,"1,961",Jun-23,MEYAPPA CHETTIAR ROAD,Resale,Strata,90,"21,111",-,Apartment,1,99 yrs lease commencing from 2014,13,Rest of Central Region,11 to 15
THE TRE VER,"938,000",505.91,"1,854",Jun-23,POTONG PASIR AVENUE 1,Sub Sale,Strata,47,"19,957",-,Condominium,1,99 yrs lease commencing from 2018,13,Rest of Central Region,06 to 10
THE TRE VER,"1,220,000",635.08,"1,921",Jun-23,POTONG PASIR AVENUE 1,Sub Sale,Strata,59,"20,678",-,Condominium,1,99 yrs lease commencing from 2018,13,Rest of Central Region,01 to 05
SENNETT RESIDENCE,"960,000",581.26,"1,652",Jun-23,PHENG GECK AVENUE,Resale,Strata,54,"17,778",-,Condominium,1,99 yrs lease commencing from 2011,13,Rest of Central Region,06 to 10
THE TRE VER,"1,242,000",624.31,"1,989",Jun-23,POTONG PASIR AVENUE 1,Sub Sale,Strata,58,"21,414",-,Condominium,1,99 yrs lease commencing from 2018,13,Rest of Central Region,16 to 20
BARTLEY RIDGE,"830,000",462.85,"1,793",Jun-23,MOUNT VERNON ROAD,Resale,Strata,43,"19,302",-,Condominium,1,99 yrs lease commencing from 2012,13,Rest of Central Region,11 to 15
THE TRE VER,"1,450,000",753.48,"1,924",Jun-23,POTONG PASIR AVENUE 1,Sub Sale,Strata,70,"20,714",-,Condominium,1,99 yrs lease commencing from 2018,13,Rest of Central Region,16 to 20
THE POIZ RESIDENCES,"870,000",419.8,"2,072",Jun-23,MEYAPPA CHETTIAR ROAD,Resale,Strata,39,"22,308",-,Apartment,1,99 yrs lease commencing from 2014,13,Rest of Central Region,11 to 15
BARTLEY RIDGE,"1,768,000","1,033.34","1,711",Jun-23,MOUNT VERNON ROAD,Resale,Strata,96,"18,417",-,Condominium,1,99 yrs lease commencing from 2012,13,Rest of Central Region,01 to 05
MYRA,"1,880,000",731.95,"2,568",May-23,MEYAPPA CHETTIAR ROAD,New Sale,Strata,68,"27,647",-,Apartment,1,Freehold,13,Rest of Central Region,11 to 15
THE TRE VER,"2,063,000","1,108.69","1,861",May-23,POTONG PASIR AVENUE 1,Sub Sale,Strata,103,"20,029",-,Condominium,1,99 yrs lease commencing from 2018,13,Rest of Central Region,06 to 10
PARK COLONIAL,"984,000",462.85,"2,126",May-23,WOODLEIGH LANE,Resale,Strata,43,"22,884",-,Condominium,1,99 yrs lease commencing from 2017,13,Rest of Central Region,06 to 10
THE TRE VER,"1,200,000",624.31,"1,922",May-23,POTONG PASIR AVENUE 1,Sub Sale,Strata,58,"20,690",-,Condominium,1,99 yrs lease commencing from 2018,13,Rest of Central Region,11 to 15
SKY GREEN,"1,320,000",796.54,"1,657",May-23,MACPHERSON ROAD,Resale,Strata,74,"17,838",-,Condominium,1,Freehold,13,Rest of Central Region,06 to 10
PARK COLONIAL,"2,020,000",979.52,"2,062",May-23,WOODLEIGH LANE,Resale,Strata,91,"22,198",-,Condominium,1,99 yrs lease commencing from 2017,13,Rest of Central Region,01 to 05
MYRA,"2,898,888","1,323.97","2,190",May-23,MEYAPPA CHETTIAR ROAD,New Sale,Strata,123,"23,568",-,Apartment,1,Freehold,13,Rest of Central Region,01 to 05
THE TRE VER,"913,131",495.14,"1,844",May-23,POTONG PASIR AVENUE 1,Sub Sale,Strata,46,"19,851",-,Condominium,1,99 yrs lease commencing from 2018,13,Rest of Central Region,11 to 15
MYRA,"1,665,000",667.37,"2,495",May-23,MEYAPPA CHETTIAR ROAD,New Sale,Strata,62,"26,855",-,Apartment,1,Freehold,13,Rest of Central Region,01 to 05
MYRA,"1,749,000",667.37,"2,621",May-23,MEYAPPA CHETTIAR ROAD,New Sale,Strata,62,"28,210",-,Apartment,1,Freehold,13,Rest of Central Region,06 to 10
PARK COLONIAL,"990,000",462.85,"2,139",May-23,WOODLEIGH LANE,Resale,Strata,43,"23,023",-,Condominium,1,99 yrs lease commencing from 2017,13,Rest of Central Region,11 to 15
THE VENUE RESIDENCES,"1,500,000",839.59,"1,787",May-23,TAI THONG CRESCENT,Resale,Strata,78,"19,231",-,Apartment,1,99 yrs lease commencing from 2012,13,Rest of Central Region,16 to 20
THE VENUE RESIDENCES,"1,600,000",839.59,"1,906",May-23,TAI THONG CRESCENT,Resale,Strata,78,"20,513",-,Apartment,1,99 yrs lease commencing from 2012,13,Rest of Central Region,11 to 15
NIN RESIDENCE,"778,888",452.09,"1,723",May-23,PHENG GECK AVENUE,Resale,Strata,42,"18,545",-,Apartment,1,99 yrs lease commencing from 2010,13,Rest of Central Region,01 to 05
THE TRE VER,"1,450,000",742.72,"1,952",May-23,POTONG PASIR AVENUE 1,Sub Sale,Strata,69,"21,014",-,Condominium,1,99 yrs lease commencing from 2018,13,Rest of Central Region,16 to 20
SENNETT RESIDENCE,"1,520,000",818.06,"1,858",May-23,PHENG GECK AVENUE,Resale,Strata,76,"20,000",-,Condominium,1,99 yrs lease commencing from 2011,13,Rest of Central Region,01 to 05
8@WOODLEIGH,"1,880,000","1,097.93","1,712",May-23,WOODLEIGH CLOSE,Resale,Strata,102,"18,431",-,Condominium,1,99 yrs lease commencing from 2008,13,Rest of Central Region,11 to 15
BARTLEY RIDGE,"2,200,000","1,173.28","1,875",May-23,MOUNT VERNON ROAD,Resale,Strata,109,"20,183",-,Condominium,1,99 yrs lease commencing from 2012,13,Rest of Central Region,11 to 15
PARK COLONIAL,"1,228,000",570.49,"2,153",May-23,WOODLEIGH LANE,Resale,Strata,53,"23,170",-,Condominium,1,99 yrs lease commencing from 2017,13,Rest of Central Region,11 to 15
THE TRE VER,"1,368,000",742.72,"1,842",May-23,POTONG PASIR AVENUE 1,Sub Sale,Strata,69,"19,826",-,Condominium,1,99 yrs lease commencing from 2018,13,Rest of Central Region,01 to 05
THE TRE VER,"1,360,000",699.66,"1,944",May-23,POTONG PASIR AVENUE 1,Sub Sale,Strata,65,"20,923",-,Condominium,1,99 yrs lease commencing from 2018,13,Rest of Central Region,16 to 20
THE TRE VER,"1,365,000",699.66,"1,951",May-23,POTONG PASIR AVENUE 1,Sub Sale,Strata,65,"21,000",-,Condominium,1,99 yrs lease commencing from 2018,13,Rest of Central Region,06 to 10
SENNETT RESIDENCE,"940,000",581.26,"1,617",May-23,PHENG GECK AVENUE,Resale,Strata,54,"17,407",-,Condominium,1,99 yrs lease commencing from 2011,13,Rest of Central Region,06 to 10
BARTLEY RIDGE,"2,700,000","1,550.02","1,742",May-23,MOUNT VERNON ROAD,Resale,Strata,144,"18,750",-,Condominium,1,99 yrs lease commencing from 2012,13,Rest of Central Region,06 to 10
THE TRE VER,"1,950,000","1,011.82","1,927",May-23,POTONG PASIR AVENUE 1,Sub Sale,Strata,94,"20,745",-,Condominium,1,99 yrs lease commencing from 2018,13,Rest of Central Region,16 to 20
THE TRE VER,"2,050,000","1,108.69","1,849",May-23,POTONG PASIR AVENUE 1,Sub Sale,Strata,103,"19,903",-,Condominium,1,99 yrs lease commencing from 2018,13,Rest of Central Region,06 to 10
MYRA,"2,920,000","1,323.97","2,205",May-23,MEYAPPA CHETTIAR ROAD,New Sale,Strata,123,"23,740",-,Apartment,1,Freehold,13,Rest of Central Region,01 to 05
BARTLEY RIDGE,"1,545,000",968.76,"1,595",May-23,MOUNT VERNON ROAD,Resale,Strata,90,"17,167",-,Condominium,1,99 yrs lease commencing from 2012,13,Rest of Central Region,01 to 05
BARTLEY RIDGE,"1,830,000","1,033.34","1,771",May-23,MOUNT VERNON ROAD,Resale,Strata,96,"19,063",-,Condominium,1,99 yrs lease commencing from 2012,13,Rest of Central Region,06 to 10
NIN RESIDENCE,"1,365,000",904.18,"1,510",May-23,PHENG GECK AVENUE,Resale,Strata,84,"16,250",-,Apartment,1,99 yrs lease commencing from 2010,13,Rest of Central Region,01 to 05
BLOSSOMS @ WOODLEIGH,"2,150,000","1,205.57","1,783",May-23,WOODLEIGH CLOSE,Resale,Strata,112,"19,196",-,Condominium,1,Freehold,13,Rest of Central Region,11 to 15
THE TRE VER,"2,080,000","1,097.93","1,894",May-23,POTONG PASIR AVENUE 1,Sub Sale,Strata,102,"20,392",-,Condominium,1,99 yrs lease commencing from 2018,13,Rest of Central Region,01 to 05
THE POIZ RESIDENCES,"835,000",419.8,"1,989",May-23,MEYAPPA CHETTIAR ROAD,Resale,Strata,39,"21,410",-,Apartment,1,99 yrs lease commencing from 2014,13,Rest of Central Region,06 to 10
PARK COLONIAL,"1,488,000",678.13,"2,194",May-23,WOODLEIGH LANE,Resale,Strata,63,"23,619",-,Condominium,1,99 yrs lease commencing from 2017,13,Rest of Central Region,06 to 10
THE WOODLEIGH RESIDENCES,"1,590,000",688.9,"2,308",May-23,BIDADARI PARK DRIVE,Sub Sale,Strata,64,"24,844",-,Apartment,1,99 yrs lease commencing from 2017,13,Rest of Central Region,06 to 10
PARK COLONIAL,"1,442,000",667.37,"2,161",May-23,WOODLEIGH LANE,Resale,Strata,62,"23,258",-,Condominium,1,99 yrs lease commencing from 2017,13,Rest of Central Region,06 to 10
THE TRE VER,"2,150,000","1,097.93","1,958",May-23,POTONG PASIR AVENUE 1,Sub Sale,Strata,102,"21,078",-,Condominium,1,99 yrs lease commencing from 2018,13,Rest of Central Region,11 to 15
PARK COLONIAL,"938,000",462.85,"2,027",May-23,WOODLEIGH LANE,Resale,Strata,43,"21,814",-,Condominium,1,99 yrs lease commencing from 2017,13,Rest of Central Region,01 to 05
MYRA,"3,080,000","1,313.21","2,345",May-23,MEYAPPA CHETTIAR ROAD,New Sale,Strata,122,"25,246",-,Apartment,1,Freehold,13,Rest of Central Region,11 to 15
THE TRE VER,"1,368,000",753.48,"1,816",May-23,POTONG PASIR AVENUE 1,Sub Sale,Strata,70,"19,543",-,Condominium,1,99 yrs lease commencing from 2018,13,Rest of Central Region,06 to 10
THE WOODLEIGH RESIDENCES,"1,540,000",688.9,"2,235",May-23,BIDADARI PARK DRIVE,Sub Sale,Strata,64,"24,063",-,Apartment,1,99 yrs lease commencing from 2017,13,Rest of Central Region,06 to 10
8@WOODLEIGH,"1,458,000",861.12,"1,693",May-23,WOODLEIGH CLOSE,Resale,Strata,80,"18,225",-,Condominium,1,99 yrs lease commencing from 2008,13,Rest of Central Region,06 to 10
E MAISON,"800,000",570.49,"1,402",May-23,BRADDELL ROAD,Resale,Strata,53,"15,094",-,Apartment,1,Freehold,13,Outside Central Region,01 to 05
THE TRE VER,"1,230,000",624.31,"1,970",May-23,POTONG PASIR AVENUE 1,Sub Sale,Strata,58,"21,207",-,Condominium,1,99 yrs lease commencing from 2018,13,Rest of Central Region,16 to 20
PARK COLONIAL,"1,480,000",678.13,"2,182",May-23,WOODLEIGH LANE,Resale,Strata,63,"23,492",-,Condominium,1,99 yrs lease commencing from 2017,13,Rest of Central Region,06 to 10
THE TRE VER,"918,000",505.91,"1,815",May-23,POTONG PASIR AVENUE 1,Sub Sale,Strata,47,"19,532",-,Condominium,1,99 yrs lease commencing from 2018,13,Rest of Central Region,06 to 10
MYRA,"1,677,000",699.66,"2,397",Apr-23,MEYAPPA CHETTIAR ROAD,New Sale,Strata,65,"25,800",-,Apartment,1,Freehold,13,Rest of Central Region,01 to 05
SKY GREEN,"1,335,000",796.54,"1,676",Apr-23,MACPHERSON ROAD,Resale,Strata,74,"18,041",-,Condominium,1,Freehold,13,Rest of Central Region,06 to 10
SANT RITZ,"1,950,000","1,431.61","1,362",Apr-23,PHENG GECK AVENUE,Resale,Strata,133,"14,662",-,Condominium,1,99 yrs lease commencing from 2012,13,Rest of Central Region,01 to 05
PARK COLONIAL,"2,140,000",979.52,"2,185",Apr-23,WOODLEIGH LANE,Resale,Strata,91,"23,516",-,Condominium,1,99 yrs lease commencing from 2017,13,Rest of Central Region,06 to 10
SENNETT RESIDENCE,"935,000",570.49,"1,639",Apr-23,PHENG GECK AVENUE,Resale,Strata,53,"17,642",-,Condominium,1,99 yrs lease commencing from 2011,13,Rest of Central Region,01 to 05
MYRA,"1,709,000",678.13,"2,520",Apr-23,MEYAPPA CHETTIAR ROAD,New Sale,Strata,63,"27,127",-,Apartment,1,Freehold,13,Rest of Central Region,01 to 05
MYRA,"1,730,000",667.37,"2,592",Apr-23,MEYAPPA CHETTIAR ROAD,New Sale,Strata,62,"27,903",-,Apartment,1,Freehold,13,Rest of Central Region,06 to 10
BARTLEY RIDGE,"1,338,000",839.59,"1,594",Apr-23,MOUNT VERNON ROAD,Resale,Strata,78,"17,154",-,Condominium,1,99 yrs lease commencing from 2012,13,Rest of Central Region,01 to 05
THE TRE VER,"930,000",505.91,"1,838",Apr-23,POTONG PASIR AVENUE 1,Sub Sale,Strata,47,"19,787",-,Condominium,1,99 yrs lease commencing from 2018,13,Rest of Central Region,06 to 10
THE TRE VER,"1,170,000",645.84,"1,812",Apr-23,POTONG PASIR AVENUE 1,Sub Sale,Strata,60,"19,500",-,Condominium,1,99 yrs lease commencing from 2018,13,Rest of Central Region,01 to 05
THE POIZ RESIDENCES,"1,620,000",839.59,"1,930",Apr-23,MEYAPPA CHETTIAR ROAD,Resale,Strata,78,"20,769",-,Apartment,1,99 yrs lease commencing from 2014,13,Rest of Central Region,06 to 10
THE TRE VER,"1,220,000",645.84,"1,889",Apr-23,POTONG PASIR AVENUE 1,Sub Sale,Strata,60,"20,333",-,Condominium,1,99 yrs lease commencing from 2018,13,Rest of Central Region,16 to 20
PARK COLONIAL,"2,000,000",979.52,"2,042",Apr-23,WOODLEIGH LANE,Resale,Strata,91,"21,978",-,Condominium,1,99 yrs lease commencing from 2017,13,Rest of Central Region,11 to 15
8@WOODLEIGH,"1,418,888",828.83,"1,712",Apr-23,WOODLEIGH CLOSE,Resale,Strata,77,"18,427",-,Condominium,1,99 yrs lease commencing from 2008,13,Rest of Central Region,06 to 10
THE TRE VER,"1,275,000",688.9,"1,851",Apr-23,POTONG PASIR AVENUE 1,Sub Sale,Strata,64,"19,922",-,Condominium,1,99 yrs lease commencing from 2018,13,Rest of Central Region,16 to 20
DAISY LODGE,"830,000",688.9,"1,205",Apr-23,DAISY ROAD,Resale,Strata,64,"12,969",-,Apartment,1,Freehold,13,Outside Central Region,01 to 05
BARTLEY RIDGE,"1,735,000",968.76,"1,791",Apr-23,MOUNT VERNON ROAD,Resale,Strata,90,"19,278",-,Condominium,1,99 yrs lease commencing from 2012,13,Rest of Central Region,11 to 15
THE TRE VER,"920,000",505.91,"1,819",Apr-23,POTONG PASIR AVENUE 1,Sub Sale,Strata,47,"19,574",-,Condominium,1,99 yrs lease commencing from 2018,13,Rest of Central Region,06 to 10
THE TRE VER,"928,000",495.14,"1,874",Apr-23,POTONG PASIR AVENUE 1,Sub Sale,Strata,46,"20,174",-,Condominium,1,99 yrs lease commencing from 2018,13,Rest of Central Region,11 to 15
THE TRE VER,"900,000",495.14,"1,818",Apr-23,POTONG PASIR AVENUE 1,Sub Sale,Strata,46,"19,565",-,Condominium,1,99 yrs lease commencing from 2018,13,Rest of Central Region,11 to 15
SANT RITZ,"1,528,000",882.65,"1,731",Apr-23,PHENG GECK AVENUE,Resale,Strata,82,"18,634",-,Condominium,1,99 yrs lease commencing from 2012,13,Rest of Central Region,11 to 15
THE TRE VER,"1,388,000",688.9,"2,015",Apr-23,POTONG PASIR AVENUE 1,Sub Sale,Strata,64,"21,688",-,Condominium,1,99 yrs lease commencing from 2018,13,Rest of Central Region,11 to 15
BARTLEY RIDGE,"1,235,000",721.19,"1,712",Apr-23,MOUNT VERNON ROAD,Resale,Strata,67,"18,433",-,Condominium,1,99 yrs lease commencing from 2012,13,Rest of Central Region,06 to 10
DAISY SUITES,"1,105,000",764.24,"1,446",Apr-23,DAISY ROAD,Resale,Strata,71,"15,563",-,Apartment,1,Freehold,13,Outside Central Region,01 to 05
THE TRE VER,"1,428,000",699.66,"2,041",Apr-23,POTONG PASIR AVENUE 1,Sub Sale,Strata,65,"21,969",-,Condominium,1,99 yrs lease commencing from 2018,13,Rest of Central Region,11 to 15
PARK COLONIAL,"1,330,000",624.31,"2,130",Apr-23,WOODLEIGH LANE,Resale,Strata,58,"22,931",-,Condominium,1,99 yrs lease commencing from 2017,13,Rest of Central Region,11 to 15
THE TRE VER,"2,288,888","1,108.69","2,064",Apr-23,POTONG PASIR AVENUE 1,Sub Sale,Strata,103,"22,222",-,Condominium,1,99 yrs lease commencing from 2018,13,Rest of Central Region,06 to 10
BARTLEY RIDGE,"1,260,000",721.19,"1,747",Apr-23,MOUNT VERNON ROAD,Resale,Strata,67,"18,806",-,Condominium,1,99 yrs lease commencing from 2012,13,Rest of Central Region,16 to 20
8@WOODLEIGH,"1,430,000",839.59,"1,703",Apr-23,WOODLEIGH CLOSE,Resale,Strata,78,"18,333",-,Condominium,1,99 yrs lease commencing from 2008,13,Rest of Central Region,06 to 10
THE POIZ RESIDENCES,"868,000",592.02,"1,466",Apr-23,MEYAPPA CHETTIAR ROAD,Resale,Strata,55,"15,782",-,Apartment,1,99 yrs lease commencing from 2014,13,Rest of Central Region,16 to 20
PARK COLONIAL,"1,350,000",678.13,"1,991",Apr-23,WOODLEIGH LANE,Resale,Strata,63,"21,429",-,Condominium,1,99 yrs lease commencing from 2017,13,Rest of Central Region,01 to 05
PARK COLONIAL,"3,620,000","1,711.48","2,115",Apr-23,WOODLEIGH LANE,Resale,Strata,159,"22,767",-,Condominium,1,99 yrs lease commencing from 2017,13,Rest of Central Region,01 to 05
THE TRE VER,"1,988,888","1,108.69","1,794",Apr-23,POTONG PASIR AVENUE 1,Sub Sale,Strata,103,"19,310",-,Condominium,1,99 yrs lease commencing from 2018,13,Rest of Central Region,01 to 05
NIN RESIDENCE,"820,000",473.62,"1,731",Apr-23,PHENG GECK AVENUE,Resale,Strata,44,"18,636",-,Apartment,1,99 yrs lease commencing from 2010,13,Rest of Central Region,11 to 15
SENNETT RESIDENCE,"1,518,000",958,"1,585",Mar-23,PHENG GECK AVENUE,Resale,Strata,89,"17,056",-,Condominium,1,99 yrs lease commencing from 2011,13,Rest of Central Region,01 to 05
BARTLEY RIDGE,"1,293,000",742.72,"1,741",Mar-23,MOUNT VERNON ROAD,Resale,Strata,69,"18,739",-,Condominium,1,99 yrs lease commencing from 2012,13,Rest of Central Region,01 to 05
BLOSSOMS @ WOODLEIGH,"2,200,000","1,205.57","1,825",Mar-23,WOODLEIGH CLOSE,Resale,Strata,112,"19,643",-,Condominium,1,Freehold,13,Rest of Central Region,11 to 15
SENNETT RESIDENCE,"920,000",570.49,"1,613",Mar-23,PHENG GECK AVENUE,Resale,Strata,53,"17,358",-,Condominium,1,99 yrs lease commencing from 2011,13,Rest of Central Region,11 to 15
THE TRE VER,"1,180,000",613.55,"1,923",Mar-23,POTONG PASIR AVENUE 1,Sub Sale,Strata,57,"20,702",-,Condominium,1,99 yrs lease commencing from 2018,13,Rest of Central Region,06 to 10
SUITES@BRADDELL,"628,000",419.8,"1,496",Mar-23,BRADDELL ROAD,Resale,Strata,39,"16,103",-,Apartment,1,Freehold,13,Outside Central Region,01 to 05
PARK COLONIAL,"1,450,000",678.13,"2,138",Mar-23,WOODLEIGH LANE,Resale,Strata,63,"23,016",-,Condominium,1,99 yrs lease commencing from 2017,13,Rest of Central Region,11 to 15
THE TRE VER,"1,139,000",613.55,"1,856",Mar-23,POTONG PASIR AVENUE 1,Sub Sale,Strata,57,"19,982",-,Condominium,1,99 yrs lease commencing from 2018,13,Rest of Central Region,01 to 05
PARK COLONIAL,"1,142,888",667.37,"1,713",Mar-23,WOODLEIGH LANE,Resale,Strata,62,"18,434",-,Condominium,1,99 yrs lease commencing from 2017,13,Rest of Central Region,11 to 15
THE TRE VER,"1,360,000",699.66,"1,944",Mar-23,POTONG PASIR AVENUE 1,Sub Sale,Strata,65,"20,923",-,Condominium,1,99 yrs lease commencing from 2018,13,Rest of Central Region,06 to 10
THE VENUE RESIDENCES,"2,045,000","1,130.22","1,809",Mar-23,TAI THONG CRESCENT,Resale,Strata,105,"19,476",-,Apartment,1,99 yrs lease commencing from 2012,13,Rest of Central Region,11 to 15
THE TRE VER,"1,210,000",635.08,"1,905",Mar-23,POTONG PASIR AVENUE 1,Sub Sale,Strata,59,"20,508",-,Condominium,1,99 yrs lease commencing from 2018,13,Rest of Central Region,01 to 05
SUITES@BRADDELL,"1,028,888",796.54,"1,292",Mar-23,BRADDELL ROAD,Resale,Strata,74,"13,904",-,Apartment,1,Freehold,13,Outside Central Region,01 to 05
NIN RESIDENCE,"1,320,000",904.18,"1,460",Mar-23,PHENG GECK AVENUE,Resale,Strata,84,"15,714",-,Apartment,1,99 yrs lease commencing from 2010,13,Rest of Central Region,06 to 10
THE ADDITION,"1,810,000",968.76,"1,868",Mar-23,MEYAPPA CHETTIAR ROAD,Resale,Strata,90,"20,111",-,Apartment,1,Freehold,13,Rest of Central Region,06 to 10
BARTLEY RIDGE,"800,000",441.32,"1,813",Mar-23,MOUNT VERNON ROAD,Resale,Strata,41,"19,512",-,Condominium,1,99 yrs lease commencing from 2012,13,Rest of Central Region,11 to 15
THE TRE VER,"1,400,000",699.66,"2,001",Mar-23,POTONG PASIR AVENUE 1,Sub Sale,Strata,65,"21,538",-,Condominium,1,99 yrs lease commencing from 2018,13,Rest of Central Region,16 to 20
THE TRE VER,"2,558,300","1,334.74","1,917",Mar-23,POTONG PASIR AVENUE 1,Sub Sale,Strata,124,"20,631",-,Condominium,1,99 yrs lease commencing from 2018,13,Rest of Central Region,06 to 10
SENNETT RESIDENCE,"1,520,000",861.12,"1,765",Mar-23,PHENG GECK AVENUE,Resale,Strata,80,"19,000",-,Condominium,1,99 yrs lease commencing from 2011,13,Rest of Central Region,06 to 10
THE TRE VER,"1,030,000",495.14,"2,080",Mar-23,POTONG PASIR AVENUE 1,Sub Sale,Strata,46,"22,391",-,Condominium,1,99 yrs lease commencing from 2018,13,Rest of Central Region,16 to 20
THE TRE VER,"1,200,000",624.31,"1,922",Mar-23,POTONG PASIR AVENUE 1,Sub Sale,Strata,58,"20,690",-,Condominium,1,99 yrs lease commencing from 2018,13,Rest of Central Region,11 to 15
SANT RITZ,"1,065,000",688.9,"1,546",Mar-23,PHENG GECK AVENUE,Resale,Strata,64,"16,641",-,Condominium,1,99 yrs lease commencing from 2012,13,Rest of Central Region,01 to 05
BARTLEY RIDGE,"1,695,000","1,033.34","1,640",Mar-23,MOUNT VERNON ROAD,Resale,Strata,96,"17,656",-,Condominium,1,99 yrs lease commencing from 2012,13,Rest of Central Region,01 to 05
THE TRE VER,"1,390,000",699.66,"1,987",Mar-23,POTONG PASIR AVENUE 1,Sub Sale,Strata,65,"21,385",-,Condominium,1,99 yrs lease commencing from 2018,13,Rest of Central Region,11 to 15
BARTLEY RIDGE,"1,420,000",850.36,"1,670",Mar-23,MOUNT VERNON ROAD,Resale,Strata,79,"17,975",-,Condominium,1,99 yrs lease commencing from 2012,13,Rest of Central Region,11 to 15
THE VENUE RESIDENCES,"1,700,000","1,130.22","1,504",Mar-23,TAI THONG CRESCENT,Resale,Strata,105,"16,190",-,Apartment,1,99 yrs lease commencing from 2012,13,Rest of Central Region,01 to 05
BARTLEY RIDGE,"1,450,000",850.36,"1,705",Mar-23,MOUNT VERNON ROAD,Resale,Strata,79,"18,354",-,Condominium,1,99 yrs lease commencing from 2012,13,Rest of Central Region,11 to 15
THE TRE VER,"925,000",495.14,"1,868",Mar-23,POTONG PASIR AVENUE 1,Sub Sale,Strata,46,"20,109",-,Condominium,1,99 yrs lease commencing from 2018,13,Rest of Central Region,16 to 20
DAISY SUITES,"1,280,000","1,044.11","1,226",Mar-23,DAISY ROAD,Resale,Strata,97,"13,196",-,Apartment,1,Freehold,13,Outside Central Region,01 to 05
PARK COLONIAL,"1,500,000",871.88,"1,720",Mar-23,WOODLEIGH LANE,Resale,Strata,81,"18,519",-,Condominium,1,99 yrs lease commencing from 2017,13,Rest of Central Region,11 to 15
SENNETT RESIDENCE,"905,000",581.26,"1,557",Mar-23,PHENG GECK AVENUE,Resale,Strata,54,"16,759",-,Condominium,1,99 yrs lease commencing from 2011,13,Rest of Central Region,01 to 05
PARK COLONIAL,"1,460,000",678.13,"2,153",Mar-23,WOODLEIGH LANE,Resale,Strata,63,"23,175",-,Condominium,1,99 yrs lease commencing from 2017,13,Rest of Central Region,11 to 15
E MAISON,"810,000",570.49,"1,420",Feb-23,BRADDELL ROAD,Resale,Strata,53,"15,283",-,Apartment,1,Freehold,13,Outside Central Region,01 to 05
THE POIZ RESIDENCES,"835,000",419.8,"1,989",Feb-23,MEYAPPA CHETTIAR ROAD,Resale,Strata,39,"21,410",-,Apartment,1,99 yrs lease commencing from 2014,13,Rest of Central Region,11 to 15
BLOSSOMS @ WOODLEIGH,"3,350,000","2,680.24","1,250",Feb-23,WOODLEIGH CLOSE,Resale,Strata,249,"13,454",-,Condominium,1,Freehold,13,Rest of Central Region,11 to 15
THE ACACIAS,"2,400,000","1,937.52","1,239",Feb-23,SOMMERVILLE ROAD,Resale,Strata,180,"13,333",-,Apartment,1,Freehold,13,Outside Central Region,01 to 05
THE WOODLEIGH RESIDENCES,"1,500,000",699.66,"2,144",Feb-23,BIDADARI PARK DRIVE,Sub Sale,Strata,65,"23,077",-,Apartment,1,99 yrs lease commencing from 2017,13,Rest of Central Region,06 to 10
THE TRE VER,"1,480,000",742.72,"1,993",Feb-23,POTONG PASIR AVENUE 1,Sub Sale,Strata,69,"21,449",-,Condominium,1,99 yrs lease commencing from 2018,13,Rest of Central Region,06 to 10
PARK COLONIAL,"990,000",462.85,"2,139",Feb-23,WOODLEIGH LANE,Sub Sale,Strata,43,"23,023",-,Condominium,1,99 yrs lease commencing from 2017,13,Rest of Central Region,11 to 15
NIN RESIDENCE,"1,200,000",850.36,"1,411",Feb-23,PHENG GECK AVENUE,Resale,Strata,79,"15,190",-,Apartment,1,99 yrs lease commencing from 2010,13,Rest of Central Region,01 to 05
THE TRE VER,"1,200,000",645.84,"1,858",Feb-23,POTONG PASIR AVENUE 1,Sub Sale,Strata,60,"20,000",-,Condominium,1,99 yrs lease commencing from 2018,13,Rest of Central Region,11 to 15
THE TRE VER,"1,310,000",699.66,"1,872",Feb-23,POTONG PASIR AVENUE 1,Sub Sale,Strata,65,"20,154",-,Condominium,1,99 yrs lease commencing from 2018,13,Rest of Central Region,01 to 05
THE TRE VER,"908,000",495.14,"1,834",Feb-23,POTONG PASIR AVENUE 1,Sub Sale,Strata,46,"19,739",-,Condominium,1,99 yrs lease commencing from 2018,13,Rest of Central Region,16 to 20
THE TRE VER,"1,350,000",753.48,"1,792",Feb-23,POTONG PASIR AVENUE 1,Sub Sale,Strata,70,"19,286",-,Condominium,1,99 yrs lease commencing from 2018,13,Rest of Central Region,01 to 05
THE TRE VER,"1,150,000",624.31,"1,842",Feb-23,POTONG PASIR AVENUE 1,Sub Sale,Strata,58,"19,828",-,Condominium,1,99 yrs lease commencing from 2018,13,Rest of Central Region,06 to 10
THE POIZ RESIDENCES,"831,000",441.32,"1,883",Feb-23,MEYAPPA CHETTIAR ROAD,Resale,Strata,41,"20,268",-,Apartment,1,99 yrs lease commencing from 2014,13,Rest of Central Region,11 to 15
BARTLEY RIDGE,"1,380,000",850.36,"1,623",Feb-23,MOUNT VERNON ROAD,Resale,Strata,79,"17,468",-,Condominium,1,99 yrs lease commencing from 2012,13,Rest of Central Region,11 to 15
THE TRE VER,"1,310,000",699.66,"1,872",Feb-23,POTONG PASIR AVENUE 1,Sub Sale,Strata,65,"20,154",-,Condominium,1,99 yrs lease commencing from 2018,13,Rest of Central Region,11 to 15
THE POIZ RESIDENCES,"1,580,000",807.3,"1,957",Feb-23,MEYAPPA CHETTIAR ROAD,Resale,Strata,75,"21,067",-,Apartment,1,99 yrs lease commencing from 2014,13,Rest of Central Region,11 to 15
MYRA,"2,880,000","1,323.97","2,175",Feb-23,MEYAPPA CHETTIAR ROAD,New Sale,Strata,123,"23,415",-,Apartment,1,Freehold,13,Rest of Central Region,01 to 05
THE POIZ RESIDENCES,"1,301,000",753.48,"1,727",Feb-23,MEYAPPA CHETTIAR ROAD,Resale,Strata,70,"18,586",-,Apartment,1,99 yrs lease commencing from 2014,13,Rest of Central Region,06 to 10
THE TRE VER,"1,400,000",699.66,"2,001",Feb-23,POTONG PASIR AVENUE 1,Sub Sale,Strata,65,"21,538",-,Condominium,1,99 yrs lease commencing from 2018,13,Rest of Central Region,16 to 20
THE TRE VER,"1,138,888",613.55,"1,856",Feb-23,POTONG PASIR AVENUE 1,Sub Sale,Strata,57,"19,980",-,Condominium,1,99 yrs lease commencing from 2018,13,Rest of Central Region,11 to 15
BARTLEY RIDGE,"1,668,000",968.76,"1,722",Feb-23,MOUNT VERNON ROAD,Resale,Strata,90,"18,533",-,Condominium,1,99 yrs lease commencing from 2012,13,Rest of Central Region,06 to 10
8@WOODLEIGH,"1,368,000",828.83,"1,651",Feb-23,WOODLEIGH CLOSE,Resale,Strata,77,"17,766",-,Condominium,1,99 yrs lease commencing from 2008,13,Rest of Central Region,01 to 05
8@WOODLEIGH,"1,400,000",828.83,"1,689",Feb-23,WOODLEIGH CLOSE,Resale,Strata,77,"18,182",-,Condominium,1,99 yrs lease commencing from 2008,13,Rest of Central Region,06 to 10
SENNETT RESIDENCE,"810,000",484.38,"1,672",Feb-23,PHENG GECK AVENUE,Resale,Strata,45,"18,000",-,Condominium,1,99 yrs lease commencing from 2011,13,Rest of Central Region,01 to 05
BARTLEY RIDGE,"2,400,000","1,302.44","1,843",Feb-23,MOUNT VERNON ROAD,Resale,Strata,121,"19,835",-,Condominium,1,99 yrs lease commencing from 2012,13,Rest of Central Region,01 to 05
THE TRE VER,"2,100,000","1,097.93","1,913",Jan-23,POTONG PASIR AVENUE 1,Sub Sale,Strata,102,"20,588",-,Condominium,1,99 yrs lease commencing from 2018,13,Rest of Central Region,11 to 15
PARK COLONIAL,"2,680,000","1,410.08","1,901",Jan-23,WOODLEIGH LANE,Sub Sale,Strata,131,"20,458",-,Condominium,1,99 yrs lease commencing from 2017,13,Rest of Central Region,06 to 10
CLYDESWOOD,"1,410,000","1,151.75","1,224",Jan-23,DAISY ROAD,Resale,Strata,107,"13,178",-,Apartment,1,Freehold,13,Outside Central Region,01 to 05
THE VENUE RESIDENCES,"1,750,000","1,162.51","1,505",Jan-23,TAI THONG CRESCENT,Resale,Strata,108,"16,204",-,Apartment,1,99 yrs lease commencing from 2012,13,Rest of Central Region,01 to 05
THE TRE VER,"2,228,000","1,108.69","2,010",Jan-23,POTONG PASIR AVENUE 1,Sub Sale,Strata,103,"21,631",-,Condominium,1,99 yrs lease commencing from 2018,13,Rest of Central Region,16 to 20
SANT RITZ,"900,000",527.44,"1,706",Jan-23,PHENG GECK AVENUE,Resale,Strata,49,"18,367",-,Condominium,1,99 yrs lease commencing from 2012,13,Rest of Central Region,11 to 15
THE VENUE RESIDENCES,"1,900,000","1,130.22","1,681",Jan-23,TAI THONG CRESCENT,Resale,Strata,105,"18,095",-,Apartment,1,99 yrs lease commencing from 2012,13,Rest of Central Region,06 to 10
THE TRE VER,"955,000",505.91,"1,888",Jan-23,POTONG PASIR AVENUE 1,Sub Sale,Strata,47,"20,319",-,Condominium,1,99 yrs lease commencing from 2018,13,Rest of Central Region,16 to 20
PARK COLONIAL,"1,220,000",624.31,"1,954",Jan-23,WOODLEIGH LANE,Sub Sale,Strata,58,"21,034",-,Condominium,1,99 yrs lease commencing from 2017,13,Rest of Central Region,01 to 05
THE POIZ RESIDENCES,"1,650,000",839.59,"1,965",Jan-23,MEYAPPA CHETTIAR ROAD,Resale,Strata,78,"21,154",-,Apartment,1,99 yrs lease commencing from 2014,13,Rest of Central Region,06 to 10
8@WOODLEIGH,"1,450,000",861.12,"1,684",Jan-23,WOODLEIGH CLOSE,Resale,Strata,80,"18,125",-,Condominium,1,99 yrs lease commencing from 2008,13,Rest of Central Region,11 to 15
SENNETT RESIDENCE,"935,000",581.26,"1,609",Jan-23,PHENG GECK AVENUE,Resale,Strata,54,"17,315",-,Condominium,1,99 yrs lease commencing from 2011,13,Rest of Central Region,11 to 15
BARTLEY RIDGE,"808,000",559.73,"1,444",Jan-23,MOUNT VERNON ROAD,Resale,Strata,52,"15,538",-,Condominium,1,99 yrs lease commencing from 2012,13,Rest of Central Region,01 to 05
NIN RESIDENCE,"1,180,000",850.36,"1,388",Jan-23,PHENG GECK AVENUE,Resale,Strata,79,"14,937",-,Apartment,1,99 yrs lease commencing from 2010,13,Rest of Central Region,06 to 10
THE ACACIAS,"1,610,000","1,248.62","1,289",Jan-23,SOMMERVILLE ROAD,Resale,Strata,116,"13,879",-,Apartment,1,Freehold,13,Outside Central Region,01 to 05
8@WOODLEIGH,"1,405,000",839.59,"1,673",Jan-23,WOODLEIGH CLOSE,Resale,Strata,78,"18,013",-,Condominium,1,99 yrs lease commencing from 2008,13,Rest of Central Region,06 to 10
BARTLEY RIDGE,"1,190,000",731.95,"1,626",Jan-23,MOUNT VERNON ROAD,Resale,Strata,68,"17,500",-,Condominium,1,99 yrs lease commencing from 2012,13,Rest of Central Region,06 to 10
PARK COLONIAL,"1,130,000",667.37,"1,693",Jan-23,WOODLEIGH LANE,Sub Sale,Strata,62,"18,226",-,Condominium,1,99 yrs lease commencing from 2017,13,Rest of Central Region,11 to 15
THE TRE VER,"2,150,000","1,097.93","1,958",Dec-22,POTONG PASIR AVENUE 1,Sub Sale,Strata,102,"21,078",-,Condominium,1,99 yrs lease commencing from 2018,13,Rest of Central Region,06 to 10
SANT RITZ,"1,390,000","1,259.39","1,104",Dec-22,PHENG GECK AVENUE,Resale,Strata,117,"11,880",-,Condominium,1,99 yrs lease commencing from 2012,13,Rest of Central Region,01 to 05
SKY GREEN,"2,318,000","1,496.2","1,549",Dec-22,MACPHERSON ROAD,Resale,Strata,139,"16,676",-,Condominium,1,Freehold,13,Rest of Central Region,06 to 10
BARTLEY RIDGE,"1,630,000","1,033.34","1,577",Dec-22,MOUNT VERNON ROAD,Resale,Strata,96,"16,979",-,Condominium,1,99 yrs lease commencing from 2012,13,Rest of Central Region,01 to 05
PARK COLONIAL,"1,822,000",914.94,"1,991",Dec-22,WOODLEIGH LANE,Sub Sale,Strata,85,"21,435",-,Condominium,1,99 yrs lease commencing from 2017,13,Rest of Central Region,01 to 05
THE VENUE RESIDENCES,"828,000",505.91,"1,637",Dec-22,TAI THONG CRESCENT,Resale,Strata,47,"17,617",-,Apartment,1,99 yrs lease commencing from 2012,13,Rest of Central Region,06 to 10
PARK COLONIAL,"1,090,000",667.37,"1,633",Dec-22,WOODLEIGH LANE,Sub Sale,Strata,62,"17,581",-,Condominium,1,99 yrs lease commencing from 2017,13,Rest of Central Region,11 to 15
PARK COLONIAL,"943,333",462.85,"2,038",Dec-22,WOODLEIGH LANE,Sub Sale,Strata,43,"21,938",-,Condominium,1,99 yrs lease commencing from 2017,13,Rest of Central Region,01 to 05
BARTLEY RIDGE,"1,350,000",882.65,"1,529",Dec-22,MOUNT VERNON ROAD,Resale,Strata,82,"16,463",-,Condominium,1,99 yrs lease commencing from 2012,13,Rest of Central Region,01 to 05
NIN RESIDENCE,"768,888",527.44,"1,458",Dec-22,PHENG GECK AVENUE,Resale,Strata,49,"15,692",-,Apartment,1,99 yrs lease commencing from 2010,13,Rest of Central Region,01 to 05
SKY GREEN,"865,000",473.62,"1,826",Dec-22,MACPHERSON ROAD,Resale,Strata,44,"19,659",-,Condominium,1,Freehold,13,Rest of Central Region,11 to 15
PARK COLONIAL,"2,130,000","1,022.58","2,083",Dec-22,WOODLEIGH LANE,Sub Sale,Strata,95,"22,421",-,Condominium,1,99 yrs lease commencing from 2017,13,Rest of Central Region,01 to 05
CASA MEYA,"1,300,000",807.3,"1,610",Dec-22,MEYAPPA CHETTIAR ROAD,Resale,Strata,75,"17,333",-,Apartment,1,Freehold,13,Rest of Central Region,01 to 05
MYRA,"1,680,000",731.95,"2,295",Dec-22,MEYAPPA CHETTIAR ROAD,New Sale,Strata,68,"24,706",-,Apartment,1,Freehold,13,Rest of Central Region,01 to 05
SANT RITZ,"1,390,000","1,237.86","1,123",Dec-22,PHENG GECK AVENUE,Resale,Strata,115,"12,087",-,Condominium,1,99 yrs lease commencing from 2012,13,Rest of Central Region,01 to 05
THE POIZ RESIDENCES,"828,000",419.8,"1,972",Dec-22,MEYAPPA CHETTIAR ROAD,Resale,Strata,39,"21,231",-,Apartment,1,99 yrs lease commencing from 2014,13,Rest of Central Region,06 to 10
E MAISON,"1,640,000","1,173.28","1,398",Dec-22,BRADDELL ROAD,Resale,Strata,109,"15,046",-,Apartment,1,Freehold,13,Outside Central Region,01 to 05
THE POIZ RESIDENCES,"1,098,888",581.26,"1,891",Dec-22,MEYAPPA CHETTIAR ROAD,Resale,Strata,54,"20,350",-,Apartment,1,99 yrs lease commencing from 2014,13,Rest of Central Region,06 to 10
THE ADDITION,"1,528,000",796.54,"1,918",Dec-22,MEYAPPA CHETTIAR ROAD,Resale,Strata,74,"20,649",-,Apartment,1,Freehold,13,Rest of Central Region,01 to 05
PARK COLONIAL,"1,220,000",635.08,"1,921",Dec-22,WOODLEIGH LANE,Sub Sale,Strata,59,"20,678",-,Condominium,1,99 yrs lease commencing from 2017,13,Rest of Central Region,01 to 05
SANT RITZ,"1,800,000","1,054.87","1,706",Nov-22,PHENG GECK AVENUE,Resale,Strata,98,"18,367",-,Condominium,1,99 yrs lease commencing from 2012,13,Rest of Central Region,16 to 20
THE VENUE RESIDENCES,"1,483,000",839.59,"1,766",Nov-22,TAI THONG CRESCENT,Resale,Strata,78,"19,013",-,Apartment,1,99 yrs lease commencing from 2012,13,Rest of Central Region,11 to 15
SENNETT RESIDENCE,"1,520,000",828.83,"1,834",Nov-22,PHENG GECK AVENUE,Resale,Strata,77,"19,740",-,Condominium,1,99 yrs lease commencing from 2011,13,Rest of Central Region,11 to 15
8@WOODLEIGH,"1,550,000","1,119.46","1,385",Nov-22,WOODLEIGH CLOSE,Resale,Strata,104,"14,904",-,Condominium,1,99 yrs lease commencing from 2008,13,Rest of Central Region,01 to 05
SOMMERVILLE LOFT,"1,500,000","1,097.93","1,366",Nov-22,SOMMERVILLE WALK,Resale,Strata,102,"14,706",-,Apartment,1,Freehold,13,Outside Central Region,01 to 05
ONE LEICESTER,"2,280,000","1,377.79","1,655",Nov-22,LEICESTER ROAD,Resale,Strata,128,"17,813",-,Condominium,1,Freehold,13,Rest of Central Region,11 to 15
THE TRE VER,"1,250,000",699.66,"1,787",Nov-22,POTONG PASIR AVENUE 1,Sub Sale,Strata,65,"19,231",-,Condominium,1,99 yrs lease commencing from 2018,13,Rest of Central Region,01 to 05
8@WOODLEIGH,"1,410,888",839.59,"1,680",Nov-22,WOODLEIGH CLOSE,Resale,Strata,78,"18,088",-,Condominium,1,99 yrs lease commencing from 2008,13,Rest of Central Region,06 to 10
SKY GREEN,"1,288,000",796.54,"1,617",Nov-22,MACPHERSON ROAD,Resale,Strata,74,"17,405",-,Condominium,1,Freehold,13,Rest of Central Region,01 to 05
THE TRE VER,"888,000",495.14,"1,793",Nov-22,POTONG PASIR AVENUE 1,Sub Sale,Strata,46,"19,304",-,Condominium,1,99 yrs lease commencing from 2018,13,Rest of Central Region,16 to 20
INTERO,"2,660,000","1,808.35","1,471",Nov-22,LEICESTER ROAD,Resale,Strata,168,"15,833",-,Apartment,1,Freehold,13,Rest of Central Region,11 to 15
E MAISON,"2,118,000","1,636.13","1,295",Nov-22,BRADDELL ROAD,Resale,Strata,152,"13,934",-,Apartment,1,Freehold,13,Outside Central Region,01 to 05
THE POIZ RESIDENCES,"985,000",538.2,"1,830",Nov-22,MEYAPPA CHETTIAR ROAD,Resale,Strata,50,"19,700",-,Apartment,1,99 yrs lease commencing from 2014,13,Rest of Central Region,11 to 15
CASA MEYA,"2,150,000","2,335.79",920,Nov-22,MEYAPPA CHETTIAR ROAD,Resale,Strata,217,"9,908",-,Apartment,1,Freehold,13,Rest of Central Region,11 to 15
THE TRE VER,"915,000",505.91,"1,809",Nov-22,POTONG PASIR AVENUE 1,Sub Sale,Strata,47,"19,468",-,Condominium,1,99 yrs lease commencing from 2018,13,Rest of Central Region,16 to 20
BLOSSOMS @ WOODLEIGH,"1,600,000","1,001.05","1,598",Nov-22,WOODLEIGH CLOSE,Resale,Strata,93,"17,204",-,Condominium,1,Freehold,13,Rest of Central Region,01 to 05
PARK COLONIAL,"1,375,000",678.13,"2,028",Nov-22,WOODLEIGH LANE,Sub Sale,Strata,63,"21,825",-,Condominium,1,99 yrs lease commencing from 2017,13,Rest of Central Region,06 to 10
BARTLEY RIDGE,"1,175,000",721.19,"1,629",Nov-22,MOUNT VERNON ROAD,Resale,Strata,67,"17,537",-,Condominium,1,99 yrs lease commencing from 2012,13,Rest of Central Region,01 to 05
THE POIZ RESIDENCES,"1,100,000",581.26,"1,892",Nov-22,MEYAPPA CHETTIAR ROAD,Resale,Strata,54,"20,370",-,Apartment,1,99 yrs lease commencing from 2014,13,Rest of Central Region,01 to 05
BARTLEY RIDGE,"780,000",462.85,"1,685",Nov-22,MOUNT VERNON ROAD,Resale,Strata,43,"18,140",-,Condominium,1,99 yrs lease commencing from 2012,13,Rest of Central Region,16 to 20
THE POIZ RESIDENCES,"1,300,000",882.65,"1,473",Oct-22,MEYAPPA CHETTIAR ROAD,Resale,Strata,82,"15,854",-,Apartment,1,99 yrs lease commencing from 2014,13,Rest of Central Region,16 to 20
8@WOODLEIGH,"1,780,000","1,151.75","1,545",Oct-22,WOODLEIGH CLOSE,Resale,Strata,107,"16,636",-,Condominium,1,99 yrs lease commencing from 2008,13,Rest of Central Region,06 to 10
THE POIZ RESIDENCES,"935,000",527.44,"1,773",Oct-22,MEYAPPA CHETTIAR ROAD,Resale,Strata,49,"19,082",-,Apartment,1,99 yrs lease commencing from 2014,13,Rest of Central Region,01 to 05
THE TRE VER,"860,000",505.91,"1,700",Oct-22,POTONG PASIR AVENUE 1,Sub Sale,Strata,47,"18,298",-,Condominium,1,99 yrs lease commencing from 2018,13,Rest of Central Region,06 to 10
THE POIZ RESIDENCES,"1,099,998",581.26,"1,892",Oct-22,MEYAPPA CHETTIAR ROAD,Resale,Strata,54,"20,370",-,Apartment,1,99 yrs lease commencing from 2014,13,Rest of Central Region,11 to 15
THE POIZ RESIDENCES,"960,000",538.2,"1,784",Oct-22,MEYAPPA CHETTIAR ROAD,Resale,Strata,50,"19,200",-,Apartment,1,99 yrs lease commencing from 2014,13,Rest of Central Region,01 to 05
BARTLEY RIDGE,"1,188,000",721.19,"1,647",Oct-22,MOUNT VERNON ROAD,Resale,Strata,67,"17,731",-,Condominium,1,99 yrs lease commencing from 2012,13,Rest of Central Region,11 to 15
PARK COLONIAL,"1,330,000",624.31,"2,130",Oct-22,WOODLEIGH LANE,Sub Sale,Strata,58,"22,931",-,Condominium,1,99 yrs lease commencing from 2017,13,Rest of Central Region,06 to 10
THE WOODLEIGH RESIDENCES,"2,310,000","1,076.4","2,146",Oct-22,BIDADARI PARK DRIVE,New Sale,Strata,100,"23,100",-,Apartment,1,99 yrs lease commencing from 2017,13,Rest of Central Region,01 to 05
8@WOODLEIGH,"2,338,000","1,377.79","1,697",Oct-22,WOODLEIGH CLOSE,Resale,Strata,128,"18,266",-,Condominium,1,99 yrs lease commencing from 2008,13,Rest of Central Region,01 to 05
THE POIZ RESIDENCES,"780,000",419.8,"1,858",Oct-22,MEYAPPA CHETTIAR ROAD,Resale,Strata,39,"20,000",-,Apartment,1,99 yrs lease commencing from 2014,13,Rest of Central Region,06 to 10
THE POIZ RESIDENCES,"1,140,000",850.36,"1,341",Oct-22,MEYAPPA CHETTIAR ROAD,Resale,Strata,79,"14,430",-,Apartment,1,99 yrs lease commencing from 2014,13,Rest of Central Region,16 to 20
THE POIZ RESIDENCES,"1,000,000",538.2,"1,858",Oct-22,MEYAPPA CHETTIAR ROAD,Resale,Strata,50,"20,000",-,Apartment,1,99 yrs lease commencing from 2014,13,Rest of Central Region,11 to 15
THE POIZ RESIDENCES,"820,000",441.32,"1,858",Oct-22,MEYAPPA CHETTIAR ROAD,Resale,Strata,41,"20,000",-,Apartment,1,99 yrs lease commencing from 2014,13,Rest of Central Region,06 to 10
MYRA,"1,521,800",731.95,"2,079",Oct-22,MEYAPPA CHETTIAR ROAD,New Sale,Strata,68,"22,379",-,Apartment,1,Freehold,13,Rest of Central Region,06 to 10
THE POIZ RESIDENCES,"1,588,800",839.59,"1,892",Oct-22,MEYAPPA CHETTIAR ROAD,Resale,Strata,78,"20,369",-,Apartment,1,99 yrs lease commencing from 2014,13,Rest of Central Region,01 to 05
THE TRE VER,"1,210,000",635.08,"1,905",Oct-22,POTONG PASIR AVENUE 1,Sub Sale,Strata,59,"20,508",-,Condominium,1,99 yrs lease commencing from 2018,13,Rest of Central Region,06 to 10
PARK COLONIAL,"1,505,000",742.72,"2,026",Oct-22,WOODLEIGH LANE,Sub Sale,Strata,69,"21,812",-,Condominium,1,99 yrs lease commencing from 2017,13,Rest of Central Region,11 to 15
SENNETT RESIDENCE,"3,750,000","3,444.48","1,089",Oct-22,PHENG GECK AVENUE,Resale,Strata,320,"11,719",-,Condominium,1,99 yrs lease commencing from 2011,13,Rest of Central Region,16 to 20
THE TRE VER,"875,000",505.91,"1,730",Oct-22,POTONG PASIR AVENUE 1,Sub Sale,Strata,47,"18,617",-,Condominium,1,99 yrs lease commencing from 2018,13,Rest of Central Region,11 to 15
MYRA,"1,700,000",731.95,"2,323",Oct-22,MEYAPPA CHETTIAR ROAD,New Sale,Strata,68,"25,000",-,Apartment,1,Freehold,13,Rest of Central Region,01 to 05
DAISY SUITES,"878,000",645.84,"1,359",Oct-22,DAISY ROAD,Resale,Strata,60,"14,633",-,Apartment,1,Freehold,13,Outside Central Region,01 to 05
THE TRE VER,"1,350,000",699.66,"1,930",Oct-22,POTONG PASIR AVENUE 1,Sub Sale,Strata,65,"20,769",-,Condominium,1,99 yrs lease commencing from 2018,13,Rest of Central Region,11 to 15
THE VENUE RESIDENCES,"1,200,000",753.48,"1,593",Oct-22,TAI THONG CRESCENT,Resale,Strata,70,"17,143",-,Apartment,1,99 yrs lease commencing from 2012,13,Rest of Central Region,01 to 05
PARK COLONIAL,"1,430,000",678.13,"2,109",Oct-22,WOODLEIGH LANE,Sub Sale,Strata,63,"22,698",-,Condominium,1,99 yrs lease commencing from 2017,13,Rest of Central Region,06 to 10
THE VENUE RESIDENCES,"1,460,000",839.59,"1,739",Oct-22,TAI THONG CRESCENT,Resale,Strata,78,"18,718",-,Apartment,1,99 yrs lease commencing from 2012,13,Rest of Central Region,01 to 05
THE POIZ RESIDENCES,"965,500",538.2,"1,794",Oct-22,MEYAPPA CHETTIAR ROAD,Resale,Strata,50,"19,310",-,Apartment,1,99 yrs lease commencing from 2014,13,Rest of Central Region,11 to 15
PARK COLONIAL,"1,330,000",635.08,"2,094",Oct-22,WOODLEIGH LANE,Sub Sale,Strata,59,"22,542",-,Condominium,1,99 yrs lease commencing from 2017,13,Rest of Central Region,06 to 10
SENNETT RESIDENCE,"1,230,000",710.42,"1,731",Oct-22,PHENG GECK AVENUE,Resale,Strata,66,"18,636",-,Condominium,1,99 yrs lease commencing from 2011,13,Rest of Central Region,01 to 05
8@WOODLEIGH,"1,438,888",839.59,"1,714",Oct-22,WOODLEIGH CLOSE,Resale,Strata,78,"18,447",-,Condominium,1,99 yrs lease commencing from 2008,13,Rest of Central Region,11 to 15
SENNETT RESIDENCE,"865,000",505.91,"1,710",Oct-22,PHENG GECK AVENUE,Resale,Strata,47,"18,404",-,Condominium,1,99 yrs lease commencing from 2011,13,Rest of Central Region,01 to 05
PARK COLONIAL,"1,445,000",678.13,"2,131",Oct-22,WOODLEIGH LANE,Sub Sale,Strata,63,"22,937",-,Condominium,1,99 yrs lease commencing from 2017,13,Rest of Central Region,06 to 10
PARK COLONIAL,"1,860,000",936.47,"1,986",Oct-22,WOODLEIGH LANE,Sub Sale,Strata,87,"21,379",-,Condominium,1,99 yrs lease commencing from 2017,13,Rest of Central Region,01 to 05
BARTLEY RIDGE,"2,350,000","1,550.02","1,516",Oct-22,MOUNT VERNON ROAD,Resale,Strata,144,"16,319",-,Condominium,1,99 yrs lease commencing from 2012,13,Rest of Central Region,01 to 05
PARK COLONIAL,"2,640,000","1,184.04","2,230",Oct-22,WOODLEIGH LANE,Sub Sale,Strata,110,"24,000",-,Condominium,1,99 yrs lease commencing from 2017,13,Rest of Central Region,06 to 10
THE POIZ RESIDENCES,"990,000",527.44,"1,877",Oct-22,MEYAPPA CHETTIAR ROAD,Resale,Strata,49,"20,204",-,Apartment,1,99 yrs lease commencing from 2014,13,Rest of Central Region,06 to 10
THE POIZ RESIDENCES,"770,000",441.32,"1,745",Sep-22,MEYAPPA CHETTIAR ROAD,Resale,Strata,41,"18,780",-,Apartment,1,99 yrs lease commencing from 2014,13,Rest of Central Region,01 to 05
THE TRE VER,"1,280,000",699.66,"1,829",Sep-22,POTONG PASIR AVENUE 1,Sub Sale,Strata,65,"19,692",-,Condominium,1,99 yrs lease commencing from 2018,13,Rest of Central Region,01 to 05
SKY GREEN,"1,800,000","1,162.51","1,548",Sep-22,MACPHERSON ROAD,Resale,Strata,108,"16,667",-,Condominium,1,Freehold,13,Rest of Central Region,06 to 10
PARK COLONIAL,"1,410,000",667.37,"2,113",Sep-22,WOODLEIGH LANE,Sub Sale,Strata,62,"22,742",-,Condominium,1,99 yrs lease commencing from 2017,13,Rest of Central Region,11 to 15
PARK COLONIAL,"1,281,000",602.78,"2,125",Sep-22,WOODLEIGH LANE,Sub Sale,Strata,56,"22,875",-,Condominium,1,99 yrs lease commencing from 2017,13,Rest of Central Region,11 to 15
BARTLEY RIDGE,"1,650,000",968.76,"1,703",Sep-22,MOUNT VERNON ROAD,Resale,Strata,90,"18,333",-,Condominium,1,99 yrs lease commencing from 2012,13,Rest of Central Region,11 to 15
SANT RITZ,"1,780,000","1,097.93","1,621",Sep-22,PHENG GECK AVENUE,Resale,Strata,102,"17,451",-,Condominium,1,99 yrs lease commencing from 2012,13,Rest of Central Region,11 to 15
SKY GREEN,"1,315,000",742.72,"1,771",Sep-22,MACPHERSON ROAD,Resale,Strata,69,"19,058",-,Condominium,1,Freehold,13,Rest of Central Region,11 to 15
BARTLEY RIDGE,"1,700,000",979.52,"1,736",Sep-22,MOUNT VERNON ROAD,Resale,Strata,91,"18,681",-,Condominium,1,99 yrs lease commencing from 2012,13,Rest of Central Region,11 to 15
THE VENUE RESIDENCES,"1,330,000",979.52,"1,358",Sep-22,TAI THONG CRESCENT,Resale,Strata,91,"14,615",-,Apartment,1,99 yrs lease commencing from 2012,13,Rest of Central Region,01 to 05
PARK COLONIAL,"1,860,000",979.52,"1,899",Sep-22,WOODLEIGH LANE,Sub Sale,Strata,91,"20,440",-,Condominium,1,99 yrs lease commencing from 2017,13,Rest of Central Region,01 to 05
MYRA,"2,900,000","1,323.97","2,190",Sep-22,MEYAPPA CHETTIAR ROAD,New Sale,Strata,123,"23,577",-,Apartment,1,Freehold,13,Rest of Central Region,06 to 10
DAISY SUITES,"840,000",645.84,"1,301",Sep-22,DAISY ROAD,Resale,Strata,60,"14,000",-,Apartment,1,Freehold,13,Outside Central Region,01 to 05
BARTLEY RIDGE,"1,700,000","1,313.21","1,295",Sep-22,MOUNT VERNON ROAD,Resale,Strata,122,"13,934",-,Condominium,1,99 yrs lease commencing from 2012,13,Rest of Central Region,16 to 20
BARTLEY RIDGE,"808,000",462.85,"1,746",Sep-22,MOUNT VERNON ROAD,Resale,Strata,43,"18,791",-,Condominium,1,99 yrs lease commencing from 2012,13,Rest of Central Region,16 to 20
BARTLEY RIDGE,"810,000",462.85,"1,750",Sep-22,MOUNT VERNON ROAD,Resale,Strata,43,"18,837",-,Condominium,1,99 yrs lease commencing from 2012,13,Rest of Central Region,06 to 10
PARK COLONIAL,"1,240,000",624.31,"1,986",Sep-22,WOODLEIGH LANE,Sub Sale,Strata,58,"21,379",-,Condominium,1,99 yrs lease commencing from 2017,13,Rest of Central Region,01 to 05
THE POIZ RESIDENCES,"742,000",419.8,"1,768",Sep-22,MEYAPPA CHETTIAR ROAD,Resale,Strata,39,"19,026",-,Apartment,1,99 yrs lease commencing from 2014,13,Rest of Central Region,01 to 05
BARTLEY RIDGE,"1,480,000",968.76,"1,528",Sep-22,MOUNT VERNON ROAD,Resale,Strata,90,"16,444",-,Condominium,1,99 yrs lease commencing from 2012,13,Rest of Central Region,01 to 05
THE POIZ RESIDENCES,"1,983,000","1,151.75","1,722",Sep-22,MEYAPPA CHETTIAR ROAD,Resale,Strata,107,"18,533",-,Apartment,1,99 yrs lease commencing from 2014,13,Rest of Central Region,01 to 05
PARC MONDRIAN,"1,560,000",904.18,"1,725",Sep-22,WOODLEIGH CLOSE,Resale,Strata,84,"18,571",-,Apartment,1,Freehold,13,Rest of Central Region,06 to 10
THE TRE VER,"1,300,000",688.9,"1,887",Sep-22,POTONG PASIR AVENUE 1,Sub Sale,Strata,64,"20,313",-,Condominium,1,99 yrs lease commencing from 2018,13,Rest of Central Region,16 to 20
MYRA,"1,134,000",473.62,"2,394",Sep-22,MEYAPPA CHETTIAR ROAD,New Sale,Strata,44,"25,773",-,Apartment,1,Freehold,13,Rest of Central Region,06 to 10
THE VENUE RESIDENCES,"1,668,000","1,076.4","1,550",Sep-22,TAI THONG CRESCENT,Resale,Strata,100,"16,680",-,Apartment,1,99 yrs lease commencing from 2012,13,Rest of Central Region,01 to 05
PARK COLONIAL,"1,370,000",635.08,"2,157",Sep-22,WOODLEIGH LANE,Sub Sale,Strata,59,"23,220",-,Condominium,1,99 yrs lease commencing from 2017,13,Rest of Central Region,11 to 15
THE POIZ RESIDENCES,"800,000",419.8,"1,906",Sep-22,MEYAPPA CHETTIAR ROAD,Resale,Strata,39,"20,513",-,Apartment,1,99 yrs lease commencing from 2014,13,Rest of Central Region,11 to 15
THE VENUE RESIDENCES,"1,468,000",850.36,"1,726",Sep-22,TAI THONG CRESCENT,Resale,Strata,79,"18,582",-,Apartment,1,99 yrs lease commencing from 2012,13,Rest of Central Region,16 to 20
THE VENUE RESIDENCES,"1,390,000",839.59,"1,656",Sep-22,TAI THONG CRESCENT,Resale,Strata,78,"17,821",-,Apartment,1,99 yrs lease commencing from 2012,13,Rest of Central Region,06 to 10
CLYDESWOOD,"1,738,000","1,474.67","1,179",Sep-22,DAISY ROAD,Resale,Strata,137,"12,686",-,Apartment,1,Freehold,13,Outside Central Region,01 to 05
SANT RITZ,"1,660,000","1,054.87","1,574",Sep-22,PHENG GECK AVENUE,Resale,Strata,98,"16,939",-,Condominium,1,99 yrs lease commencing from 2012,13,Rest of Central Region,06 to 10
SENNETT RESIDENCE,"1,330,888",818.06,"1,627",Sep-22,PHENG GECK AVENUE,Resale,Strata,76,"17,512",-,Condominium,1,99 yrs lease commencing from 2011,13,Rest of Central Region,06 to 10
THE WOODLEIGH RESIDENCES,"3,268,000","1,474.67","2,216",Sep-22,BIDADARI PARK DRIVE,New Sale,Strata,137,"23,854",-,Apartment,1,99 yrs lease commencing from 2017,13,Rest of Central Region,06 to 10
THE TRE VER,"1,290,000",699.66,"1,844",Sep-22,POTONG PASIR AVENUE 1,Sub Sale,Strata,65,"19,846",-,Condominium,1,99 yrs lease commencing from 2018,13,Rest of Central Region,06 to 10
THE POIZ RESIDENCES,"790,000",419.8,"1,882",Sep-22,MEYAPPA CHETTIAR ROAD,Resale,Strata,39,"20,256",-,Apartment,1,99 yrs lease commencing from 2014,13,Rest of Central Region,06 to 10
PARC MONDRIAN,"2,050,000","1,399.32","1,465",Sep-22,WOODLEIGH CLOSE,Resale,Strata,130,"15,769",-,Apartment,1,Freehold,13,Rest of Central Region,01 to 05
PARK COLONIAL,"1,318,888",635.08,"2,077",Sep-22,WOODLEIGH LANE,Sub Sale,Strata,59,"22,354",-,Condominium,1,99 yrs lease commencing from 2017,13,Rest of Central Region,01 to 05
THE TRE VER,"1,150,000",635.08,"1,811",Sep-22,POTONG PASIR AVENUE 1,Sub Sale,Strata,59,"19,492",-,Condominium,1,99 yrs lease commencing from 2018,13,Rest of Central Region,01 to 05
THE WOODLEIGH RESIDENCES,"2,904,000","1,280.92","2,267",Aug-22,BIDADARI PARK DRIVE,New Sale,Strata,119,"24,403",-,Apartment,1,99 yrs lease commencing from 2017,13,Rest of Central Region,01 to 05
SENNETT RESIDENCE,"1,410,000",850.36,"1,658",Aug-22,PHENG GECK AVENUE,Resale,Strata,79,"17,848",-,Condominium,1,99 yrs lease commencing from 2011,13,Rest of Central Region,06 to 10
THE TRE VER,"1,218,000",688.9,"1,768",Aug-22,POTONG PASIR AVENUE 1,Sub Sale,Strata,64,"19,031",-,Condominium,1,99 yrs lease commencing from 2018,13,Rest of Central Region,01 to 05
PARK COLONIAL,"1,950,000",979.52,"1,991",Aug-22,WOODLEIGH LANE,Sub Sale,Strata,91,"21,429",-,Condominium,1,99 yrs lease commencing from 2017,13,Rest of Central Region,01 to 05
NIN RESIDENCE,"1,268,000",904.18,"1,402",Aug-22,PHENG GECK AVENUE,Resale,Strata,84,"15,095",-,Apartment,1,99 yrs lease commencing from 2010,13,Rest of Central Region,01 to 05
BARTLEY RIDGE,"1,630,000",968.76,"1,683",Aug-22,MOUNT VERNON ROAD,Resale,Strata,90,"18,111",-,Condominium,1,99 yrs lease commencing from 2012,13,Rest of Central Region,11 to 15
PARK COLONIAL,"1,060,000",462.85,"2,290",Aug-22,WOODLEIGH LANE,Sub Sale,Strata,43,"24,651",-,Condominium,1,99 yrs lease commencing from 2017,13,Rest of Central Region,11 to 15
THE WOODLEIGH RESIDENCES,"2,920,000","1,270.15","2,299",Aug-22,BIDADARI PARK DRIVE,New Sale,Strata,118,"24,746",-,Apartment,1,99 yrs lease commencing from 2017,13,Rest of Central Region,11 to 15
BARTLEY RIDGE,"1,195,000",721.19,"1,657",Aug-22,MOUNT VERNON ROAD,Resale,Strata,67,"17,836",-,Condominium,1,99 yrs lease commencing from 2012,13,Rest of Central Region,11 to 15
SENNETT RESIDENCE,"920,000",581.26,"1,583",Aug-22,PHENG GECK AVENUE,Resale,Strata,54,"17,037",-,Condominium,1,99 yrs lease commencing from 2011,13,Rest of Central Region,06 to 10
MYRA,"1,544,800",731.95,"2,111",Aug-22,MEYAPPA CHETTIAR ROAD,New Sale,Strata,68,"22,718",-,Apartment,1,Freehold,13,Rest of Central Region,06 to 10
SENNETT RESIDENCE,"1,330,000",818.06,"1,626",Aug-22,PHENG GECK AVENUE,Resale,Strata,76,"17,500",-,Condominium,1,99 yrs lease commencing from 2011,13,Rest of Central Region,01 to 05
THE TRE VER,"1,160,000",635.08,"1,827",Aug-22,POTONG PASIR AVENUE 1,Sub Sale,Strata,59,"19,661",-,Condominium,1,99 yrs lease commencing from 2018,13,Rest of Central Region,06 to 10
THE TRE VER,"1,166,000",624.31,"1,868",Aug-22,POTONG PASIR AVENUE 1,Sub Sale,Strata,58,"20,103",-,Condominium,1,99 yrs lease commencing from 2018,13,Rest of Central Region,06 to 10
BARTLEY RIDGE,"740,000",441.32,"1,677",Aug-22,MOUNT VERNON ROAD,Resale,Strata,41,"18,049",-,Condominium,1,99 yrs lease commencing from 2012,13,Rest of Central Region,01 to 05
PARK COLONIAL,"2,100,000",979.52,"2,144",Aug-22,WOODLEIGH LANE,Sub Sale,Strata,91,"23,077",-,Condominium,1,99 yrs lease commencing from 2017,13,Rest of Central Region,11 to 15
PARK COLONIAL,"2,350,000","1,345.5","1,747",Aug-22,WOODLEIGH LANE,Sub Sale,Strata,125,"18,800",-,Condominium,1,99 yrs lease commencing from 2017,13,Rest of Central Region,11 to 15
THE TRE VER,"1,150,000",613.55,"1,874",Aug-22,POTONG PASIR AVENUE 1,Sub Sale,Strata,57,"20,175",-,Condominium,1,99 yrs lease commencing from 2018,13,Rest of Central Region,16 to 20
BARTLEY RIDGE,"695,000",441.32,"1,575",Aug-22,MOUNT VERNON ROAD,Resale,Strata,41,"16,951",-,Condominium,1,99 yrs lease commencing from 2012,13,Rest of Central Region,01 to 05
PARK COLONIAL,"1,860,000",979.52,"1,899",Aug-22,WOODLEIGH LANE,Sub Sale,Strata,91,"20,440",-,Condominium,1,99 yrs lease commencing from 2017,13,Rest of Central Region,01 to 05
THE WOODLEIGH RESIDENCES,"2,656,000","1,270.15","2,091",Aug-22,BIDADARI PARK DRIVE,New Sale,Strata,118,"22,508",-,Apartment,1,99 yrs lease commencing from 2017,13,Rest of Central Region,01 to 05
THE VENUE RESIDENCES,"1,480,888",839.59,"1,764",Aug-22,TAI THONG CRESCENT,Resale,Strata,78,"18,986",-,Apartment,1,99 yrs lease commencing from 2012,13,Rest of Central Region,11 to 15
BARTLEY RIDGE,"1,150,000",731.95,"1,571",Aug-22,MOUNT VERNON ROAD,Resale,Strata,68,"16,912",-,Condominium,1,99 yrs lease commencing from 2012,13,Rest of Central Region,01 to 05
THE POIZ RESIDENCES,"1,600,000",839.59,"1,906",Aug-22,MEYAPPA CHETTIAR ROAD,Resale,Strata,78,"20,513",-,Apartment,1,99 yrs lease commencing from 2014,13,Rest of Central Region,11 to 15
THE TRE VER,"1,245,000",688.9,"1,807",Aug-22,POTONG PASIR AVENUE 1,Sub Sale,Strata,64,"19,453",-,Condominium,1,99 yrs lease commencing from 2018,13,Rest of Central Region,11 to 15
THE VENUE RESIDENCES,"830,000",505.91,"1,641",Aug-22,TAI THONG CRESCENT,Resale,Strata,47,"17,660",-,Apartment,1,99 yrs lease commencing from 2012,13,Rest of Central Region,11 to 15
NIN RESIDENCE,"1,280,000",904.18,"1,416",Aug-22,PHENG GECK AVENUE,Resale,Strata,84,"15,238",-,Apartment,1,99 yrs lease commencing from 2010,13,Rest of Central Region,06 to 10
THE TRE VER,"2,395,000","1,377.79","1,738",Aug-22,POTONG PASIR AVENUE 1,Sub Sale,Strata,128,"18,711",-,Condominium,1,99 yrs lease commencing from 2018,13,Rest of Central Region,01 to 05
SANT RITZ,"1,605,000","1,076.4","1,491",Aug-22,PHENG GECK AVENUE,Resale,Strata,100,"16,050",-,Condominium,1,99 yrs lease commencing from 2012,13,Rest of Central Region,06 to 10
ONE LEICESTER,"1,350,000",914.94,"1,476",Aug-22,LEICESTER ROAD,Resale,Strata,85,"15,882",-,Condominium,1,Freehold,13,Rest of Central Region,16 to 20
THE VENUE RESIDENCES,"1,820,000","1,151.75","1,580",Aug-22,TAI THONG CRESCENT,Resale,Strata,107,"17,009",-,Apartment,1,99 yrs lease commencing from 2012,13,Rest of Central Region,01 to 05
18 WOODSVILLE,"920,000",495.14,"1,858",Aug-22,WOODSVILLE CLOSE,Resale,Strata,46,"20,000",-,Apartment,1,Freehold,13,Rest of Central Region,11 to 15
SANT RITZ,"1,480,000",958,"1,545",Aug-22,PHENG GECK AVENUE,Resale,Strata,89,"16,629",-,Condominium,1,99 yrs lease commencing from 2012,13,Rest of Central Region,11 to 15
THE WOODLEIGH RESIDENCES,"3,306,000","1,474.67","2,242",Jul-22,BIDADARI PARK DRIVE,New Sale,Strata,137,"24,131",-,Apartment,1,99 yrs lease commencing from 2017,13,Rest of Central Region,01 to 05
THE WOODLEIGH RESIDENCES,"2,491,000","1,119.46","2,225",Jul-22,BIDADARI PARK DRIVE,New Sale,Strata,104,"23,952",-,Apartment,1,99 yrs lease commencing from 2017,13,Rest of Central Region,11 to 15
THE WOODLEIGH RESIDENCES,"3,167,000","1,474.67","2,148",Jul-22,BIDADARI PARK DRIVE,New Sale,Strata,137,"23,117",-,Apartment,1,99 yrs lease commencing from 2017,13,Rest of Central Region,01 to 05
BARTLEY RIDGE,"786,000",592.02,"1,328",Jul-22,MOUNT VERNON ROAD,Resale,Strata,55,"14,291",-,Condominium,1,99 yrs lease commencing from 2012,13,Rest of Central Region,01 to 05
PARK COLONIAL,"1,400,000",635.08,"2,204",Jul-22,WOODLEIGH LANE,Sub Sale,Strata,59,"23,729",-,Condominium,1,99 yrs lease commencing from 2017,13,Rest of Central Region,11 to 15
THE WOODLEIGH RESIDENCES,"2,935,000","1,280.92","2,291",Jul-22,BIDADARI PARK DRIVE,New Sale,Strata,119,"24,664",-,Apartment,1,99 yrs lease commencing from 2017,13,Rest of Central Region,01 to 05
MEYA LODGE,"1,750,000","1,194.8","1,465",Jul-22,MEYAPPA CHETTIAR ROAD,Resale,Strata,111,"15,766",-,Apartment,1,Freehold,13,Rest of Central Region,01 to 05
PARC MONDRIAN,"2,100,000","1,399.32","1,501",Jul-22,WOODLEIGH CLOSE,Resale,Strata,130,"16,154",-,Apartment,1,Freehold,13,Rest of Central Region,06 to 10
THE VENUE RESIDENCES,"2,080,000","1,237.86","1,680",Jul-22,TAI THONG CRESCENT,Resale,Strata,115,"18,087",-,Apartment,1,99 yrs lease commencing from 2012,13,Rest of Central Region,06 to 10
SANT RITZ,"2,100,000","1,582.31","1,327",Jul-22,PHENG GECK AVENUE,Resale,Strata,147,"14,286",-,Condominium,1,99 yrs lease commencing from 2012,13,Rest of Central Region,16 to 20
SENNETT ESTATE,"1,100,000",925.7,"1,188",Jul-22,MACPHERSON ROAD,Resale,Strata,86,"12,791",-,Apartment,1,Freehold,13,Rest of Central Region,01 to 05
BARTLEY RIDGE,"1,350,000",828.83,"1,629",Jul-22,MOUNT VERNON ROAD,Resale,Strata,77,"17,532",-,Condominium,1,99 yrs lease commencing from 2012,13,Rest of Central Region,01 to 05
BARTLEY RIDGE,"1,370,000",850.36,"1,611",Jul-22,MOUNT VERNON ROAD,Resale,Strata,79,"17,342",-,Condominium,1,99 yrs lease commencing from 2012,13,Rest of Central Region,01 to 05
SENNETT RESIDENCE,"925,000",581.26,"1,591",Jul-22,PHENG GECK AVENUE,Resale,Strata,54,"17,130",-,Condominium,1,99 yrs lease commencing from 2011,13,Rest of Central Region,06 to 10
PARK COLONIAL,"960,000",462.85,"2,074",Jul-22,WOODLEIGH LANE,Sub Sale,Strata,43,"22,326",-,Condominium,1,99 yrs lease commencing from 2017,13,Rest of Central Region,06 to 10
ONE LEICESTER,"2,180,000","1,377.79","1,582",Jul-22,LEICESTER ROAD,Resale,Strata,128,"17,031",-,Condominium,1,Freehold,13,Rest of Central Region,06 to 10
THE WOODLEIGH RESIDENCES,"3,190,000","1,474.67","2,163",Jul-22,BIDADARI PARK DRIVE,New Sale,Strata,137,"23,285",-,Apartment,1,99 yrs lease commencing from 2017,13,Rest of Central Region,06 to 10
THE POIZ RESIDENCES,"780,000",441.32,"1,767",Jul-22,MEYAPPA CHETTIAR ROAD,Resale,Strata,41,"19,024",-,Apartment,1,99 yrs lease commencing from 2014,13,Rest of Central Region,06 to 10
NIN RESIDENCE,"1,958,000","1,280.92","1,529",Jul-22,PHENG GECK AVENUE,Resale,Strata,119,"16,454",-,Apartment,1,99 yrs lease commencing from 2010,13,Rest of Central Region,11 to 15
8@WOODLEIGH,"1,770,000","1,151.75","1,537",Jul-22,WOODLEIGH CLOSE,Resale,Strata,107,"16,542",-,Condominium,1,99 yrs lease commencing from 2008,13,Rest of Central Region,01 to 05
THE SCENIC @ BRADDELL,"1,005,000",839.59,"1,197",Jul-22,BRADDELL ROAD,Resale,Strata,78,"12,885",-,Apartment,1,Freehold,13,Outside Central Region,01 to 05
NIN RESIDENCE,"1,100,000",904.18,"1,217",Jul-22,PHENG GECK AVENUE,Resale,Strata,84,"13,095",-,Apartment,1,99 yrs lease commencing from 2010,13,Rest of Central Region,01 to 05
THE TRE VER,"1,330,000",742.72,"1,791",Jul-22,POTONG PASIR AVENUE 1,Sub Sale,Strata,69,"19,275",-,Condominium,1,99 yrs lease commencing from 2018,13,Rest of Central Region,06 to 10
8@WOODLEIGH,"1,670,000","1,076.4","1,551",Jul-22,WOODLEIGH CLOSE,Resale,Strata,100,"16,700",-,Condominium,1,99 yrs lease commencing from 2008,13,Rest of Central Region,01 to 05
NIN RESIDENCE,"1,280,000",904.18,"1,416",Jul-22,PHENG GECK AVENUE,Resale,Strata,84,"15,238",-,Apartment,1,99 yrs lease commencing from 2010,13,Rest of Central Region,11 to 15
THE POIZ RESIDENCES,"980,000",538.2,"1,821",Jul-22,MEYAPPA CHETTIAR ROAD,Resale,Strata,50,"19,600",-,Apartment,1,99 yrs lease commencing from 2014,13,Rest of Central Region,11 to 15
MYRA,"1,700,000",731.95,"2,323",Jul-22,MEYAPPA CHETTIAR ROAD,New Sale,Strata,68,"25,000",-,Apartment,1,Freehold,13,Rest of Central Region,01 to 05
BARTLEY RIDGE,"765,000",462.85,"1,653",Jul-22,MOUNT VERNON ROAD,Resale,Strata,43,"17,791",-,Condominium,1,99 yrs lease commencing from 2012,13,Rest of Central Region,06 to 10
THE POIZ RESIDENCES,"800,000",441.32,"1,813",Jul-22,MEYAPPA CHETTIAR ROAD,Resale,Strata,41,"19,512",-,Apartment,1,99 yrs lease commencing from 2014,13,Rest of Central Region,06 to 10
SENNETT RESIDENCE,"1,480,000","1,280.92","1,155",Jul-22,PHENG GECK AVENUE,Resale,Strata,119,"12,437",-,Condominium,1,99 yrs lease commencing from 2011,13,Rest of Central Region,01 to 05
PARK COLONIAL,"1,258,000",602.78,"2,087",Jul-22,WOODLEIGH LANE,Sub Sale,Strata,56,"22,464",-,Condominium,1,99 yrs lease commencing from 2017,13,Rest of Central Region,01 to 05
BARTLEY RIDGE,"1,230,000",742.72,"1,656",Jul-22,MOUNT VERNON ROAD,Resale,Strata,69,"17,826",-,Condominium,1,99 yrs lease commencing from 2012,13,Rest of Central Region,06 to 10
PARK COLONIAL,"2,150,000","1,194.8","1,799",Jul-22,WOODLEIGH LANE,Sub Sale,Strata,111,"19,369",-,Condominium,1,99 yrs lease commencing from 2017,13,Rest of Central Region,11 to 15
THE WOODLEIGH RESIDENCES,"3,202,000","1,474.67","2,171",Jul-22,BIDADARI PARK DRIVE,New Sale,Strata,137,"23,372",-,Apartment,1,99 yrs lease commencing from 2017,13,Rest of Central Region,01 to 05
THE POIZ RESIDENCES,"1,575,000",828.83,"1,900",Jul-22,MEYAPPA CHETTIAR ROAD,Resale,Strata,77,"20,455",-,Apartment,1,99 yrs lease commencing from 2014,13,Rest of Central Region,11 to 15
NIN RESIDENCE,"745,000",473.62,"1,573",Jul-22,PHENG GECK AVENUE,Resale,Strata,44,"16,932",-,Apartment,1,99 yrs lease commencing from 2010,13,Rest of Central Region,11 to 15
18 WOODSVILLE,"1,280,000",861.12,"1,486",Jul-22,WOODSVILLE CLOSE,Resale,Strata,80,"16,000",-,Apartment,1,Freehold,13,Rest of Central Region,11 to 15
THE WOODLEIGH RESIDENCES,"3,251,000","1,474.67","2,205",Jul-22,BIDADARI PARK DRIVE,New Sale,Strata,137,"23,730",-,Apartment,1,99 yrs lease commencing from 2017,13,Rest of Central Region,01 to 05
THE WOODLEIGH RESIDENCES,"3,256,000","1,474.67","2,208",Jul-22,BIDADARI PARK DRIVE,New Sale,Strata,137,"23,766",-,Apartment,1,99 yrs lease commencing from 2017,13,Rest of Central Region,01 to 05
THE TRE VER,"1,330,000",699.66,"1,901",Jul-22,POTONG PASIR AVENUE 1,Sub Sale,Strata,65,"20,462",-,Condominium,1,99 yrs lease commencing from 2018,13,Rest of Central Region,11 to 15
SKY GREEN,"1,780,000","1,151.75","1,545",Jul-22,MACPHERSON ROAD,Resale,Strata,107,"16,636",-,Condominium,1,Freehold,13,Rest of Central Region,06 to 10
PARK COLONIAL,"2,568,000","1,248.62","2,057",Jul-22,WOODLEIGH LANE,Sub Sale,Strata,116,"22,138",-,Condominium,1,99 yrs lease commencing from 2017,13,Rest of Central Region,06 to 10
SENNETT RESIDENCE,"1,435,000",850.36,"1,688",Jul-22,PHENG GECK AVENUE,Resale,Strata,79,"18,165",-,Condominium,1,99 yrs lease commencing from 2011,13,Rest of Central Region,11 to 15
THE WOODLEIGH RESIDENCES,"2,686,000","1,259.39","2,133",Jun-22,BIDADARI PARK DRIVE,New Sale,Strata,117,"22,957",-,Apartment,1,99 yrs lease commencing from 2017,13,Rest of Central Region,01 to 05
THE WOODLEIGH RESIDENCES,"3,187,000","1,474.67","2,161",Jun-22,BIDADARI PARK DRIVE,New Sale,Strata,137,"23,263",-,Apartment,1,99 yrs lease commencing from 2017,13,Rest of Central Region,01 to 05
BLOSSOMS @ WOODLEIGH,"2,050,000","1,205.57","1,700",Jun-22,WOODLEIGH CLOSE,Resale,Strata,112,"18,304",-,Condominium,1,Freehold,13,Rest of Central Region,01 to 05
PARK COLONIAL,"2,080,000","1,065.64","1,952",Jun-22,WOODLEIGH LANE,Sub Sale,Strata,99,"21,010",-,Condominium,1,99 yrs lease commencing from 2017,13,Rest of Central Region,11 to 15
SANT RITZ,"1,300,000","1,087.16","1,196",Jun-22,PHENG GECK AVENUE,Resale,Strata,101,"12,871",-,Condominium,1,99 yrs lease commencing from 2012,13,Rest of Central Region,16 to 20
THE WOODLEIGH RESIDENCES,"2,512,000","1,119.46","2,244",Jun-22,BIDADARI PARK DRIVE,New Sale,Strata,104,"24,154",-,Apartment,1,99 yrs lease commencing from 2017,13,Rest of Central Region,01 to 05
PARK COLONIAL,"1,320,000",635.08,"2,078",Jun-22,WOODLEIGH LANE,Sub Sale,Strata,59,"22,373",-,Condominium,1,99 yrs lease commencing from 2017,13,Rest of Central Region,01 to 05
PARC ASTON,"1,460,000","1,162.51","1,256",Jun-22,LEICESTER ROAD,Resale,Strata,108,"13,519",-,Apartment,1,Freehold,13,Rest of Central Region,01 to 05
PARK COLONIAL,"1,372,000",635.08,"2,160",Jun-22,WOODLEIGH LANE,Sub Sale,Strata,59,"23,254",-,Condominium,1,99 yrs lease commencing from 2017,13,Rest of Central Region,11 to 15
THE POIZ RESIDENCES,"832,888",441.32,"1,887",Jun-22,MEYAPPA CHETTIAR ROAD,Resale,Strata,41,"20,314",-,Apartment,1,99 yrs lease commencing from 2014,13,Rest of Central Region,11 to 15
THE POIZ RESIDENCES,"4,900,000","3,799.69","1,290",Jun-22,MEYAPPA CHETTIAR ROAD,Resale,Strata,353,"13,881",-,Apartment,1,99 yrs lease commencing from 2014,13,Rest of Central Region,16 to 20
NIN RESIDENCE,"728,000",473.62,"1,537",Jun-22,PHENG GECK AVENUE,Resale,Strata,44,"16,545",-,Apartment,1,99 yrs lease commencing from 2010,13,Rest of Central Region,06 to 10
THE WOODLEIGH RESIDENCES,"2,517,000","1,119.46","2,248",Jun-22,BIDADARI PARK DRIVE,New Sale,Strata,104,"24,202",-,Apartment,1,99 yrs lease commencing from 2017,13,Rest of Central Region,01 to 05
THE VENUE RESIDENCES,"1,830,000","1,130.22","1,619",Jun-22,TAI THONG CRESCENT,Resale,Strata,105,"17,429",-,Apartment,1,99 yrs lease commencing from 2012,13,Rest of Central Region,06 to 10
THE WOODLEIGH RESIDENCES,"3,321,000","1,474.67","2,252",Jun-22,BIDADARI PARK DRIVE,New Sale,Strata,137,"24,241",-,Apartment,1,99 yrs lease commencing from 2017,13,Rest of Central Region,06 to 10
THE WOODLEIGH RESIDENCES,"3,212,000","1,474.67","2,178",Jun-22,BIDADARI PARK DRIVE,New Sale,Strata,137,"23,445",-,Apartment,1,99 yrs lease commencing from 2017,13,Rest of Central Region,06 to 10
PARK COLONIAL,"1,900,000",979.52,"1,940",Jun-22,WOODLEIGH LANE,Sub Sale,Strata,91,"20,879",-,Condominium,1,99 yrs lease commencing from 2017,13,Rest of Central Region,01 to 05
SENNETT RESIDENCE,"905,000",570.49,"1,586",Jun-22,PHENG GECK AVENUE,Resale,Strata,53,"17,075",-,Condominium,1,99 yrs lease commencing from 2011,13,Rest of Central Region,01 to 05
THE TRE VER,"1,283,000",699.66,"1,834",Jun-22,POTONG PASIR AVENUE 1,Sub Sale,Strata,65,"19,738",-,Condominium,1,99 yrs lease commencing from 2018,13,Rest of Central Region,06 to 10
8@WOODLEIGH,"1,980,000","1,313.21","1,508",Jun-22,WOODLEIGH CLOSE,Resale,Strata,122,"16,230",-,Condominium,1,99 yrs lease commencing from 2008,13,Rest of Central Region,11 to 15
THE WOODLEIGH RESIDENCES,"2,347,000","1,119.46","2,097",Jun-22,BIDADARI PARK DRIVE,New Sale,Strata,104,"22,567",-,Apartment,1,99 yrs lease commencing from 2017,13,Rest of Central Region,01 to 05
SENNETT RESIDENCE,"2,400,000","1,388.56","1,728",Jun-22,PHENG GECK AVENUE,Resale,Strata,129,"18,605",-,Condominium,1,99 yrs lease commencing from 2011,13,Rest of Central Region,06 to 10
SKY GREEN,"1,830,000","1,151.75","1,589",Jun-22,MACPHERSON ROAD,Resale,Strata,107,"17,103",-,Condominium,1,Freehold,13,Rest of Central Region,11 to 15
SENNETT RESIDENCE,"2,230,000","1,302.44","1,712",Jun-22,PHENG GECK AVENUE,Resale,Strata,121,"18,430",-,Condominium,1,99 yrs lease commencing from 2011,13,Rest of Central Region,06 to 10
THE WOODLEIGH RESIDENCES,"2,357,000","1,119.46","2,105",Jun-22,BIDADARI PARK DRIVE,New Sale,Strata,104,"22,663",-,Apartment,1,99 yrs lease commencing from 2017,13,Rest of Central Region,01 to 05
THE VENUE RESIDENCES,"1,500,000",839.59,"1,787",Jun-22,TAI THONG CRESCENT,Resale,Strata,78,"19,231",-,Apartment,1,99 yrs lease commencing from 2012,13,Rest of Central Region,06 to 10
THE WOODLEIGH RESIDENCES,"2,049,000",958,"2,139",Jun-22,BIDADARI PARK DRIVE,New Sale,Strata,89,"23,022",-,Apartment,1,99 yrs lease commencing from 2017,13,Rest of Central Region,01 to 05
BARTLEY RIDGE,"805,000",495.14,"1,626",Jun-22,MOUNT VERNON ROAD,Resale,Strata,46,"17,500",-,Condominium,1,99 yrs lease commencing from 2012,13,Rest of Central Region,06 to 10
THE WOODLEIGH RESIDENCES,"1,360,000",645.84,"2,106",Jun-22,BIDADARI PARK DRIVE,Sub Sale,Strata,60,"22,667",-,Apartment,1,99 yrs lease commencing from 2017,13,Rest of Central Region,01 to 05
8@WOODLEIGH,"1,531,842",958,"1,599",Jun-22,WOODLEIGH CLOSE,Resale,Strata,89,"17,212",-,Condominium,1,99 yrs lease commencing from 2008,13,Rest of Central Region,11 to 15
THE WOODLEIGH RESIDENCES,"2,074,000",958,"2,165",Jun-22,BIDADARI PARK DRIVE,New Sale,Strata,89,"23,303",-,Apartment,1,99 yrs lease commencing from 2017,13,Rest of Central Region,01 to 05
THE POIZ RESIDENCES,"1,358,000",753.48,"1,802",Jun-22,MEYAPPA CHETTIAR ROAD,Resale,Strata,70,"19,400",-,Apartment,1,99 yrs lease commencing from 2014,13,Rest of Central Region,01 to 05
THE TRE VER,"1,260,000",699.66,"1,801",Jun-22,POTONG PASIR AVENUE 1,Sub Sale,Strata,65,"19,385",-,Condominium,1,99 yrs lease commencing from 2018,13,Rest of Central Region,11 to 15
THE POIZ RESIDENCES,"785,000",419.8,"1,870",Jun-22,MEYAPPA CHETTIAR ROAD,Resale,Strata,39,"20,128",-,Apartment,1,99 yrs lease commencing from 2014,13,Rest of Central Region,11 to 15
THE TRE VER,"1,118,000",613.55,"1,822",Jun-22,POTONG PASIR AVENUE 1,Sub Sale,Strata,57,"19,614",-,Condominium,1,99 yrs lease commencing from 2018,13,Rest of Central Region,01 to 05
PARK COLONIAL,"940,000",462.85,"2,031",Jun-22,WOODLEIGH LANE,Sub Sale,Strata,43,"21,860",-,Condominium,1,99 yrs lease commencing from 2017,13,Rest of Central Region,01 to 05
SENNETT RESIDENCE,"1,350,000",818.06,"1,650",Jun-22,PHENG GECK AVENUE,Resale,Strata,76,"17,763",-,Condominium,1,99 yrs lease commencing from 2011,13,Rest of Central Region,11 to 15
PARK COLONIAL,"1,628,000",861.12,"1,891",Jun-22,WOODLEIGH LANE,Sub Sale,Strata,80,"20,350",-,Condominium,1,99 yrs lease commencing from 2017,13,Rest of Central Region,11 to 15
THE POIZ RESIDENCES,"1,450,000",807.3,"1,796",Jun-22,MEYAPPA CHETTIAR ROAD,Resale,Strata,75,"19,333",-,Apartment,1,99 yrs lease commencing from 2014,13,Rest of Central Region,11 to 15
BARTLEY RIDGE,"1,550,000",968.76,"1,600",Jun-22,MOUNT VERNON ROAD,Resale,Strata,90,"17,222",-,Condominium,1,99 yrs lease commencing from 2012,13,Rest of Central Region,01 to 05
THE TRE VER,"1,255,000",699.66,"1,794",Jun-22,POTONG PASIR AVENUE 1,Sub Sale,Strata,65,"19,308",-,Condominium,1,99 yrs lease commencing from 2018,13,Rest of Central Region,01 to 05
PARK COLONIAL,"915,000",462.85,"1,977",Jun-22,WOODLEIGH LANE,Sub Sale,Strata,43,"21,279",-,Condominium,1,99 yrs lease commencing from 2017,13,Rest of Central Region,01 to 05
THE ACACIAS,"1,470,000","1,248.62","1,177",Jun-22,SOMMERVILLE ROAD,Resale,Strata,116,"12,672",-,Apartment,1,Freehold,13,Outside Central Region,01 to 05
SENNETT RESIDENCE,"1,300,000",818.06,"1,589",Jun-22,PHENG GECK AVENUE,Resale,Strata,76,"17,105",-,Condominium,1,99 yrs lease commencing from 2011,13,Rest of Central Region,11 to 15
NIN RESIDENCE,"1,090,000",850.36,"1,282",Jun-22,PHENG GECK AVENUE,Resale,Strata,79,"13,797",-,Apartment,1,99 yrs lease commencing from 2010,13,Rest of Central Region,06 to 10
THE WOODLEIGH RESIDENCES,"2,377,000","1,119.46","2,123",Jun-22,BIDADARI PARK DRIVE,New Sale,Strata,104,"22,856",-,Apartment,1,99 yrs lease commencing from 2017,13,Rest of Central Region,06 to 10
THE WOODLEIGH RESIDENCES,"2,382,000","1,119.46","2,128",Jun-22,BIDADARI PARK DRIVE,New Sale,Strata,104,"22,904",-,Apartment,1,99 yrs lease commencing from 2017,13,Rest of Central Region,01 to 05
THE WOODLEIGH RESIDENCES,"2,547,000","1,119.46","2,275",Jun-22,BIDADARI PARK DRIVE,New Sale,Strata,104,"24,490",-,Apartment,1,99 yrs lease commencing from 2017,13,Rest of Central Region,06 to 10
BARTLEY RIDGE,"1,250,000",828.83,"1,508",Jun-22,MOUNT VERNON ROAD,Resale,Strata,77,"16,234",-,Condominium,1,99 yrs lease commencing from 2012,13,Rest of Central Region,01 to 05
PARK COLONIAL,"1,328,000",624.31,"2,127",Jun-22,WOODLEIGH LANE,Sub Sale,Strata,58,"22,897",-,Condominium,1,99 yrs lease commencing from 2017,13,Rest of Central Region,06 to 10
SENNETT RESIDENCE,"905,000",570.49,"1,586",Jun-22,PHENG GECK AVENUE,Resale,Strata,53,"17,075",-,Condominium,1,99 yrs lease commencing from 2011,13,Rest of Central Region,01 to 05
NIN RESIDENCE,"1,180,000",850.36,"1,388",Jun-22,PHENG GECK AVENUE,Resale,Strata,79,"14,937",-,Apartment,1,99 yrs lease commencing from 2010,13,Rest of Central Region,06 to 10
SENNETT RESIDENCE,"920,000",570.49,"1,613",Jun-22,PHENG GECK AVENUE,Resale,Strata,53,"17,358",-,Condominium,1,99 yrs lease commencing from 2011,13,Rest of Central Region,06 to 10
THE WOODLEIGH RESIDENCES,"1,748,000",850.36,"2,056",May-22,BIDADARI PARK DRIVE,New Sale,Strata,79,"22,127",-,Apartment,1,99 yrs lease commencing from 2017,13,Rest of Central Region,06 to 10
THE WOODLEIGH RESIDENCES,"2,313,000","1,119.46","2,066",May-22,BIDADARI PARK DRIVE,New Sale,Strata,104,"22,240",-,Apartment,1,99 yrs lease commencing from 2017,13,Rest of Central Region,01 to 05
THE WOODLEIGH RESIDENCES,"2,542,000","1,119.46","2,271",May-22,BIDADARI PARK DRIVE,New Sale,Strata,104,"24,442",-,Apartment,1,99 yrs lease commencing from 2017,13,Rest of Central Region,06 to 10
THE WOODLEIGH RESIDENCES,"2,368,000","1,119.46","2,115",May-22,BIDADARI PARK DRIVE,New Sale,Strata,104,"22,769",-,Apartment,1,99 yrs lease commencing from 2017,13,Rest of Central Region,06 to 10
PARK COLONIAL,"2,010,000",979.52,"2,052",May-22,WOODLEIGH LANE,Sub Sale,Strata,91,"22,088",-,Condominium,1,99 yrs lease commencing from 2017,13,Rest of Central Region,01 to 05
THE WOODLEIGH RESIDENCES,"1,902,000",958,"1,985",May-22,BIDADARI PARK DRIVE,New Sale,Strata,89,"21,371",-,Apartment,1,99 yrs lease commencing from 2017,13,Rest of Central Region,01 to 05
THE WOODLEIGH RESIDENCES,"2,920,000","1,280.92","2,280",May-22,BIDADARI PARK DRIVE,New Sale,Strata,119,"24,538",-,Apartment,1,99 yrs lease commencing from 2017,13,Rest of Central Region,06 to 10
THE WOODLEIGH RESIDENCES,"2,512,000","1,119.46","2,244",May-22,BIDADARI PARK DRIVE,New Sale,Strata,104,"24,154",-,Apartment,1,99 yrs lease commencing from 2017,13,Rest of Central Region,01 to 05
THE TRE VER,"1,235,000",699.66,"1,765",May-22,POTONG PASIR AVENUE 1,Sub Sale,Strata,65,"19,000",-,Condominium,1,99 yrs lease commencing from 2018,13,Rest of Central Region,11 to 15
SANT RITZ,"1,668,000","1,097.93","1,519",May-22,PHENG GECK AVENUE,Resale,Strata,102,"16,353",-,Condominium,1,99 yrs lease commencing from 2012,13,Rest of Central Region,11 to 15
THE POIZ RESIDENCES,"1,390,000",775.01,"1,794",May-22,MEYAPPA CHETTIAR ROAD,Resale,Strata,72,"19,306",-,Apartment,1,99 yrs lease commencing from 2014,13,Rest of Central Region,11 to 15
R MAISON,"840,000",581.26,"1,445",May-22,SOMMERVILLE WALK,Resale,Strata,54,"15,556",-,Apartment,1,Freehold,13,Outside Central Region,01 to 05
8@WOODLEIGH,"700,000",495.14,"1,414",May-22,WOODLEIGH CLOSE,Resale,Strata,46,"15,217",-,Condominium,1,99 yrs lease commencing from 2008,13,Rest of Central Region,11 to 15
THE WOODLEIGH RESIDENCES,"2,349,000","1,076.4","2,182",May-22,BIDADARI PARK DRIVE,New Sale,Strata,100,"23,490",-,Apartment,1,99 yrs lease commencing from 2017,13,Rest of Central Region,01 to 05
NIN RESIDENCE,"1,230,000",850.36,"1,446",May-22,PHENG GECK AVENUE,Resale,Strata,79,"15,570",-,Apartment,1,99 yrs lease commencing from 2010,13,Rest of Central Region,16 to 20
MYRA,"1,143,000",473.62,"2,413",May-22,MEYAPPA CHETTIAR ROAD,New Sale,Strata,44,"25,977",-,Apartment,1,Freehold,13,Rest of Central Region,11 to 15
THE WOODLEIGH RESIDENCES,"3,448,000","1,474.67","2,338",May-22,BIDADARI PARK DRIVE,New Sale,Strata,137,"25,168",-,Apartment,1,99 yrs lease commencing from 2017,13,Rest of Central Region,11 to 15
THE WOODLEIGH RESIDENCES,"2,612,000","1,119.46","2,333",May-22,BIDADARI PARK DRIVE,New Sale,Strata,104,"25,115",-,Apartment,1,99 yrs lease commencing from 2017,13,Rest of Central Region,11 to 15
BARTLEY RIDGE,"768,000",495.14,"1,551",May-22,MOUNT VERNON ROAD,Resale,Strata,46,"16,696",-,Condominium,1,99 yrs lease commencing from 2012,13,Rest of Central Region,16 to 20
THE WOODLEIGH RESIDENCES,"2,332,000","1,119.46","2,083",May-22,BIDADARI PARK DRIVE,New Sale,Strata,104,"22,423",-,Apartment,1,99 yrs lease commencing from 2017,13,Rest of Central Region,01 to 05
PARK COLONIAL,"2,132,000","1,065.64","2,001",May-22,WOODLEIGH LANE,Sub Sale,Strata,99,"21,535",-,Condominium,1,99 yrs lease commencing from 2017,13,Rest of Central Region,11 to 15
LEICESTER SUITES,"800,000",452.09,"1,770",May-22,LEICESTER ROAD,Resale,Strata,42,"19,048",-,Apartment,1,Freehold,13,Rest of Central Region,11 to 15
E MAISON,"950,000",667.37,"1,424",May-22,BRADDELL ROAD,Resale,Strata,62,"15,323",-,Apartment,1,Freehold,13,Outside Central Region,01 to 05
MYRA,"1,520,000",699.66,"2,172",May-22,MEYAPPA CHETTIAR ROAD,New Sale,Strata,65,"23,385",-,Apartment,1,Freehold,13,Rest of Central Region,06 to 10
THE SCENIC @ BRADDELL,"755,000",559.73,"1,349",May-22,BRADDELL ROAD,Resale,Strata,52,"14,519",-,Apartment,1,Freehold,13,Outside Central Region,01 to 05
THE POIZ RESIDENCES,"780,000",441.32,"1,767",May-22,MEYAPPA CHETTIAR ROAD,Resale,Strata,41,"19,024",-,Apartment,1,99 yrs lease commencing from 2014,13,Rest of Central Region,11 to 15
8@WOODLEIGH,"1,788,888","1,151.75","1,553",May-22,WOODLEIGH CLOSE,Resale,Strata,107,"16,719",-,Condominium,1,99 yrs lease commencing from 2008,13,Rest of Central Region,06 to 10
MYRA,"1,150,000",473.62,"2,428",May-22,MEYAPPA CHETTIAR ROAD,New Sale,Strata,44,"26,136",-,Apartment,1,Freehold,13,Rest of Central Region,11 to 15
MYRA,"1,119,000",473.62,"2,363",May-22,MEYAPPA CHETTIAR ROAD,New Sale,Strata,44,"25,432",-,Apartment,1,Freehold,13,Rest of Central Region,11 to 15
MYRA,"1,113,000",473.62,"2,350",May-22,MEYAPPA CHETTIAR ROAD,New Sale,Strata,44,"25,295",-,Apartment,1,Freehold,13,Rest of Central Region,11 to 15
PARK COLONIAL,"1,272,000",602.78,"2,110",May-22,WOODLEIGH LANE,Sub Sale,Strata,56,"22,714",-,Condominium,1,99 yrs lease commencing from 2017,13,Rest of Central Region,06 to 10
MYRA,"1,094,000",473.62,"2,310",May-22,MEYAPPA CHETTIAR ROAD,New Sale,Strata,44,"24,864",-,Apartment,1,Freehold,13,Rest of Central Region,06 to 10
THE WOODLEIGH RESIDENCES,"2,462,000","1,119.46","2,199",May-22,BIDADARI PARK DRIVE,New Sale,Strata,104,"23,673",-,Apartment,1,99 yrs lease commencing from 2017,13,Rest of Central Region,06 to 10
E MAISON,"1,370,000",904.18,"1,515",May-22,BRADDELL ROAD,Resale,Strata,84,"16,310",-,Apartment,1,Freehold,13,Outside Central Region,01 to 05
BARTLEY RIDGE,"745,000",495.14,"1,505",May-22,MOUNT VERNON ROAD,Resale,Strata,46,"16,196",-,Condominium,1,99 yrs lease commencing from 2012,13,Rest of Central Region,01 to 05
MYRA,"1,086,000",473.62,"2,293",May-22,MEYAPPA CHETTIAR ROAD,New Sale,Strata,44,"24,682",-,Apartment,1,Freehold,13,Rest of Central Region,06 to 10
MYRA,"1,103,000",473.62,"2,329",May-22,MEYAPPA CHETTIAR ROAD,New Sale,Strata,44,"25,068",-,Apartment,1,Freehold,13,Rest of Central Region,06 to 10
NIN RESIDENCE,"747,000",484.38,"1,542",May-22,PHENG GECK AVENUE,Resale,Strata,45,"16,600",-,Apartment,1,99 yrs lease commencing from 2010,13,Rest of Central Region,01 to 05
THE POIZ RESIDENCES,"805,000",441.32,"1,824",May-22,MEYAPPA CHETTIAR ROAD,Resale,Strata,41,"19,634",-,Apartment,1,99 yrs lease commencing from 2014,13,Rest of Central Region,06 to 10
MYRA,"1,029,000",473.62,"2,173",May-22,MEYAPPA CHETTIAR ROAD,New Sale,Strata,44,"23,386",-,Apartment,1,Freehold,13,Rest of Central Region,01 to 05
THE WOODLEIGH RESIDENCES,"1,701,000",742.72,"2,290",May-22,BIDADARI PARK DRIVE,New Sale,Strata,69,"24,652",-,Apartment,1,99 yrs lease commencing from 2017,13,Rest of Central Region,01 to 05
THE WOODLEIGH RESIDENCES,"2,321,000","1,076.4","2,156",May-22,BIDADARI PARK DRIVE,New Sale,Strata,100,"23,210",-,Apartment,1,99 yrs lease commencing from 2017,13,Rest of Central Region,01 to 05
BARTLEY RIDGE,"1,208,888",764.24,"1,582",May-22,MOUNT VERNON ROAD,Resale,Strata,71,"17,027",-,Condominium,1,99 yrs lease commencing from 2012,13,Rest of Central Region,11 to 15
SENNETT RESIDENCE,"1,392,888",893.41,"1,559",May-22,PHENG GECK AVENUE,Resale,Strata,83,"16,782",-,Condominium,1,99 yrs lease commencing from 2011,13,Rest of Central Region,01 to 05
SENNETT RESIDENCE,"2,050,000","1,194.8","1,716",May-22,PHENG GECK AVENUE,Resale,Strata,111,"18,468",-,Condominium,1,99 yrs lease commencing from 2011,13,Rest of Central Region,11 to 15
THE WOODLEIGH RESIDENCES,"3,217,000","1,474.67","2,182",May-22,BIDADARI PARK DRIVE,New Sale,Strata,137,"23,482",-,Apartment,1,99 yrs lease commencing from 2017,13,Rest of Central Region,06 to 10
MYRA,"1,075,000",473.62,"2,270",May-22,MEYAPPA CHETTIAR ROAD,New Sale,Strata,44,"24,432",-,Apartment,1,Freehold,13,Rest of Central Region,06 to 10
LEICESTER SUITES,"765,000",452.09,"1,692",May-22,LEICESTER ROAD,Resale,Strata,42,"18,214",-,Apartment,1,Freehold,13,Rest of Central Region,06 to 10
MYRA,"1,049,000",473.62,"2,215",May-22,MEYAPPA CHETTIAR ROAD,New Sale,Strata,44,"23,841",-,Apartment,1,Freehold,13,Rest of Central Region,01 to 05
MYRA,"1,060,000",473.62,"2,238",May-22,MEYAPPA CHETTIAR ROAD,New Sale,Strata,44,"24,091",-,Apartment,1,Freehold,13,Rest of Central Region,06 to 10
BARTLEY RIDGE,"1,250,000",850.36,"1,470",May-22,MOUNT VERNON ROAD,Resale,Strata,79,"15,823",-,Condominium,1,99 yrs lease commencing from 2012,13,Rest of Central Region,01 to 05
THE POIZ RESIDENCES,"1,075,000",581.26,"1,849",May-22,MEYAPPA CHETTIAR ROAD,Resale,Strata,54,"19,907",-,Apartment,1,99 yrs lease commencing from 2014,13,Rest of Central Region,06 to 10
THE POIZ RESIDENCES,"753,288",419.8,"1,794",May-22,MEYAPPA CHETTIAR ROAD,Resale,Strata,39,"19,315",-,Apartment,1,99 yrs lease commencing from 2014,13,Rest of Central Region,06 to 10
PARK COLONIAL,"1,900,000",936.47,"2,029",May-22,WOODLEIGH LANE,Sub Sale,Strata,87,"21,839",-,Condominium,1,99 yrs lease commencing from 2017,13,Rest of Central Region,11 to 15
THE TRE VER,"840,000",495.14,"1,696",May-22,POTONG PASIR AVENUE 1,Sub Sale,Strata,46,"18,261",-,Condominium,1,99 yrs lease commencing from 2018,13,Rest of Central Region,01 to 05
SANT RITZ,"1,650,000","1,097.93","1,503",May-22,PHENG GECK AVENUE,Resale,Strata,102,"16,176",-,Condominium,1,99 yrs lease commencing from 2012,13,Rest of Central Region,06 to 10
THE TRE VER,"1,130,000",624.31,"1,810",May-22,POTONG PASIR AVENUE 1,Sub Sale,Strata,58,"19,483",-,Condominium,1,99 yrs lease commencing from 2018,13,Rest of Central Region,06 to 10
THE WOODLEIGH RESIDENCES,"3,418,000","1,474.67","2,318",May-22,BIDADARI PARK DRIVE,New Sale,Strata,137,"24,949",-,Apartment,1,99 yrs lease commencing from 2017,13,Rest of Central Region,06 to 10
THE WOODLEIGH RESIDENCES,"2,372,000","1,119.46","2,119",May-22,BIDADARI PARK DRIVE,New Sale,Strata,104,"22,808",-,Apartment,1,99 yrs lease commencing from 2017,13,Rest of Central Region,06 to 10
THE WOODLEIGH RESIDENCES,"2,592,000","1,119.46","2,315",May-22,BIDADARI PARK DRIVE,New Sale,Strata,104,"24,923",-,Apartment,1,99 yrs lease commencing from 2017,13,Rest of Central Region,06 to 10
THE WOODLEIGH RESIDENCES,"1,817,000",850.36,"2,137",Apr-22,BIDADARI PARK DRIVE,New Sale,Strata,79,"23,000",-,Apartment,1,99 yrs lease commencing from 2017,13,Rest of Central Region,06 to 10
THE WOODLEIGH RESIDENCES,"1,897,000",958,"1,980",Apr-22,BIDADARI PARK DRIVE,New Sale,Strata,89,"21,315",-,Apartment,1,99 yrs lease commencing from 2017,13,Rest of Central Region,01 to 05
THE WOODLEIGH RESIDENCES,"2,934,000","1,280.92","2,291",Apr-22,BIDADARI PARK DRIVE,New Sale,Strata,119,"24,655",-,Apartment,1,99 yrs lease commencing from 2017,13,Rest of Central Region,06 to 10
THE POIZ RESIDENCES,"2,048,000","1,184.04","1,730",Apr-22,MEYAPPA CHETTIAR ROAD,Resale,Strata,110,"18,618",-,Apartment,1,99 yrs lease commencing from 2014,13,Rest of Central Region,06 to 10
BARTLEY RIDGE,"1,650,000","1,033.34","1,597",Apr-22,MOUNT VERNON ROAD,Resale,Strata,96,"17,188",-,Condominium,1,99 yrs lease commencing from 2012,13,Rest of Central Region,06 to 10
THE WOODLEIGH RESIDENCES,"2,978,000","1,280.92","2,325",Apr-22,BIDADARI PARK DRIVE,New Sale,Strata,119,"25,025",-,Apartment,1,99 yrs lease commencing from 2017,13,Rest of Central Region,06 to 10
BELLA VISTA,"803,000",592.02,"1,356",Apr-22,SOMMERVILLE ROAD,Resale,Strata,55,"14,600",-,Apartment,1,Freehold,13,Outside Central Region,01 to 05
BARTLEY RIDGE,"780,000",495.14,"1,575",Apr-22,MOUNT VERNON ROAD,Resale,Strata,46,"16,957",-,Condominium,1,99 yrs lease commencing from 2012,13,Rest of Central Region,11 to 15
BARTLEY RIDGE,"1,200,000",731.95,"1,639",Apr-22,MOUNT VERNON ROAD,Resale,Strata,68,"17,647",-,Condominium,1,99 yrs lease commencing from 2012,13,Rest of Central Region,11 to 15
THE POIZ RESIDENCES,"1,342,000",753.48,"1,781",Apr-22,MEYAPPA CHETTIAR ROAD,Resale,Strata,70,"19,171",-,Apartment,1,99 yrs lease commencing from 2014,13,Rest of Central Region,06 to 10
THE WOODLEIGH RESIDENCES,"2,562,000","1,119.46","2,289",Apr-22,BIDADARI PARK DRIVE,New Sale,Strata,104,"24,635",-,Apartment,1,99 yrs lease commencing from 2017,13,Rest of Central Region,06 to 10
THE TRE VER,"2,400,000","1,334.74","1,798",Apr-22,POTONG PASIR AVENUE 1,Sub Sale,Strata,124,"19,355",-,Condominium,1,99 yrs lease commencing from 2018,13,Rest of Central Region,06 to 10
BARTLEY RIDGE,"720,000",441.32,"1,631",Apr-22,MOUNT VERNON ROAD,Resale,Strata,41,"17,561",-,Condominium,1,99 yrs lease commencing from 2012,13,Rest of Central Region,06 to 10
SENNETT RESIDENCE,"1,080,000",871.88,"1,239",Apr-22,PHENG GECK AVENUE,Resale,Strata,81,"13,333",-,Condominium,1,99 yrs lease commencing from 2011,13,Rest of Central Region,01 to 05
MYRA,"1,048,000",473.62,"2,213",Apr-22,MEYAPPA CHETTIAR ROAD,New Sale,Strata,44,"23,818",-,Apartment,1,Freehold,13,Rest of Central Region,01 to 05
SENNETT RESIDENCE,"808,000",484.38,"1,668",Apr-22,PHENG GECK AVENUE,Resale,Strata,45,"17,956",-,Condominium,1,99 yrs lease commencing from 2011,13,Rest of Central Region,01 to 05
THE POIZ RESIDENCES,"710,888",419.8,"1,693",Apr-22,MEYAPPA CHETTIAR ROAD,Resale,Strata,39,"18,228",-,Apartment,1,99 yrs lease commencing from 2014,13,Rest of Central Region,01 to 05
THE POIZ RESIDENCES,"1,600,000",828.83,"1,930",Apr-22,MEYAPPA CHETTIAR ROAD,Resale,Strata,77,"20,779",-,Apartment,1,99 yrs lease commencing from 2014,13,Rest of Central Region,11 to 15
THE WOODLEIGH RESIDENCES,"3,366,000","1,474.67","2,283",Apr-22,BIDADARI PARK DRIVE,New Sale,Strata,137,"24,569",-,Apartment,1,99 yrs lease commencing from 2017,13,Rest of Central Region,06 to 10
BARTLEY RIDGE,"760,000",495.14,"1,535",Apr-22,MOUNT VERNON ROAD,Resale,Strata,46,"16,522",-,Condominium,1,99 yrs lease commencing from 2012,13,Rest of Central Region,01 to 05
SENNETT RESIDENCE,"1,986,000","1,194.8","1,662",Apr-22,PHENG GECK AVENUE,Resale,Strata,111,"17,892",-,Condominium,1,99 yrs lease commencing from 2011,13,Rest of Central Region,06 to 10
BARTLEY RIDGE,"1,550,000",968.76,"1,600",Apr-22,MOUNT VERNON ROAD,Resale,Strata,90,"17,222",-,Condominium,1,99 yrs lease commencing from 2012,13,Rest of Central Region,06 to 10
THE WOODLEIGH RESIDENCES,"2,492,000","1,119.46","2,226",Apr-22,BIDADARI PARK DRIVE,New Sale,Strata,104,"23,962",-,Apartment,1,99 yrs lease commencing from 2017,13,Rest of Central Region,11 to 15
THE WOODLEIGH RESIDENCES,"2,362,000","1,119.46","2,110",Apr-22,BIDADARI PARK DRIVE,New Sale,Strata,104,"22,712",-,Apartment,1,99 yrs lease commencing from 2017,13,Rest of Central Region,06 to 10
THE POIZ RESIDENCES,"1,145,000",581.26,"1,970",Apr-22,MEYAPPA CHETTIAR ROAD,Resale,Strata,54,"21,204",-,Apartment,1,99 yrs lease commencing from 2014,13,Rest of Central Region,11 to 15
THE WOODLEIGH RESIDENCES,"2,382,000","1,119.46","2,128",Apr-22,BIDADARI PARK DRIVE,New Sale,Strata,104,"22,904",-,Apartment,1,99 yrs lease commencing from 2017,13,Rest of Central Region,06 to 10
SENNETT RESIDENCE,"2,250,000","1,345.5","1,672",Apr-22,PHENG GECK AVENUE,Resale,Strata,125,"18,000",-,Condominium,1,99 yrs lease commencing from 2011,13,Rest of Central Region,01 to 05
THE WOODLEIGH RESIDENCES,"1,830,000",850.36,"2,152",Apr-22,BIDADARI PARK DRIVE,New Sale,Strata,79,"23,165",-,Apartment,1,99 yrs lease commencing from 2017,13,Rest of Central Region,01 to 05
MYRA,"1,055,000",473.62,"2,228",Apr-22,MEYAPPA CHETTIAR ROAD,New Sale,Strata,44,"23,977",-,Apartment,1,Freehold,13,Rest of Central Region,01 to 05
8@WOODLEIGH,"635,000",398.27,"1,594",Apr-22,WOODLEIGH CLOSE,Resale,Strata,37,"17,162",-,Condominium,1,99 yrs lease commencing from 2008,13,Rest of Central Region,01 to 05
THE WOODLEIGH RESIDENCES,"2,452,000","1,119.46","2,190",Apr-22,BIDADARI PARK DRIVE,New Sale,Strata,104,"23,577",-,Apartment,1,99 yrs lease commencing from 2017,13,Rest of Central Region,11 to 15
THE POIZ RESIDENCES,"770,000",419.8,"1,834",Apr-22,MEYAPPA CHETTIAR ROAD,Resale,Strata,39,"19,744",-,Apartment,1,99 yrs lease commencing from 2014,13,Rest of Central Region,06 to 10
THE WOODLEIGH RESIDENCES,"2,442,000","1,119.46","2,181",Apr-22,BIDADARI PARK DRIVE,New Sale,Strata,104,"23,481",-,Apartment,1,99 yrs lease commencing from 2017,13,Rest of Central Region,11 to 15
THE WOODLEIGH RESIDENCES,"2,349,000","1,076.4","2,182",Apr-22,BIDADARI PARK DRIVE,New Sale,Strata,100,"23,490",-,Apartment,1,99 yrs lease commencing from 2017,13,Rest of Central Region,01 to 05
THE WOODLEIGH RESIDENCES,"3,194,000","1,474.67","2,166",Apr-22,BIDADARI PARK DRIVE,New Sale,Strata,137,"23,314",-,Apartment,1,99 yrs lease commencing from 2017,13,Rest of Central Region,11 to 15
MYRA,"1,565,000",731.95,"2,138",Apr-22,MEYAPPA CHETTIAR ROAD,New Sale,Strata,68,"23,015",-,Apartment,1,Freehold,13,Rest of Central Region,06 to 10
NIN RESIDENCE,"1,890,000","1,237.86","1,527",Apr-22,PHENG GECK AVENUE,Resale,Strata,115,"16,435",-,Apartment,1,99 yrs lease commencing from 2010,13,Rest of Central Region,11 to 15
8@WOODLEIGH,"1,280,000",861.12,"1,486",Apr-22,WOODLEIGH CLOSE,Resale,Strata,80,"16,000",-,Condominium,1,99 yrs lease commencing from 2008,13,Rest of Central Region,06 to 10
BARTLEY RIDGE,"1,176,000",731.95,"1,607",Apr-22,MOUNT VERNON ROAD,Resale,Strata,68,"17,294",-,Condominium,1,99 yrs lease commencing from 2012,13,Rest of Central Region,11 to 15
MYRA,"1,090,000",473.62,"2,301",Apr-22,MEYAPPA CHETTIAR ROAD,New Sale,Strata,44,"24,773",-,Apartment,1,Freehold,13,Rest of Central Region,06 to 10
BLOSSOMS @ WOODLEIGH,"2,200,000","1,410.08","1,560",Apr-22,WOODLEIGH CLOSE,Resale,Strata,131,"16,794",-,Condominium,1,Freehold,13,Rest of Central Region,11 to 15
THE VENUE RESIDENCES,"1,980,000","1,237.86","1,600",Apr-22,TAI THONG CRESCENT,Resale,Strata,115,"17,217",-,Apartment,1,99 yrs lease commencing from 2012,13,Rest of Central Region,01 to 05
SANT RITZ,"1,288,000",785.77,"1,639",Apr-22,PHENG GECK AVENUE,Resale,Strata,73,"17,644",-,Condominium,1,99 yrs lease commencing from 2012,13,Rest of Central Region,01 to 05
THE POIZ RESIDENCES,"760,000",419.8,"1,810",Apr-22,MEYAPPA CHETTIAR ROAD,Resale,Strata,39,"19,487",-,Apartment,1,99 yrs lease commencing from 2014,13,Rest of Central Region,11 to 15
THE POIZ RESIDENCES,"1,150,000",850.36,"1,352",Apr-22,MEYAPPA CHETTIAR ROAD,Resale,Strata,79,"14,557",-,Apartment,1,99 yrs lease commencing from 2014,13,Rest of Central Region,16 to 20
PARK COLONIAL,"900,000",462.85,"1,944",Apr-22,WOODLEIGH LANE,Sub Sale,Strata,43,"20,930",-,Condominium,1,99 yrs lease commencing from 2017,13,Rest of Central Region,01 to 05
THE POIZ RESIDENCES,"1,468,888",839.59,"1,750",Mar-22,MEYAPPA CHETTIAR ROAD,Resale,Strata,78,"18,832",-,Apartment,1,99 yrs lease commencing from 2014,13,Rest of Central Region,06 to 10
THE WOODLEIGH RESIDENCES,"2,415,000","1,076.4","2,244",Mar-22,BIDADARI PARK DRIVE,New Sale,Strata,100,"24,150",-,Apartment,1,99 yrs lease commencing from 2017,13,Rest of Central Region,11 to 15
THE VENUE RESIDENCES,"1,480,000",968.76,"1,528",Mar-22,TAI THONG CRESCENT,Resale,Strata,90,"16,444",-,Apartment,1,99 yrs lease commencing from 2012,13,Rest of Central Region,01 to 05
THE POIZ RESIDENCES,"780,000",441.32,"1,767",Mar-22,MEYAPPA CHETTIAR ROAD,Resale,Strata,41,"19,024",-,Apartment,1,99 yrs lease commencing from 2014,13,Rest of Central Region,11 to 15
ONE LEICESTER,"1,520,000","1,054.87","1,441",Mar-22,LEICESTER ROAD,Resale,Strata,98,"15,510",-,Condominium,1,Freehold,13,Rest of Central Region,16 to 20
NIN RESIDENCE,"725,000",505.91,"1,433",Mar-22,PHENG GECK AVENUE,Resale,Strata,47,"15,426",-,Apartment,1,99 yrs lease commencing from 2010,13,Rest of Central Region,01 to 05
THE TRE VER,"860,000",505.91,"1,700",Mar-22,POTONG PASIR AVENUE 1,Sub Sale,Strata,47,"18,298",-,Condominium,1,99 yrs lease commencing from 2018,13,Rest of Central Region,11 to 15
THE WOODLEIGH RESIDENCES,"1,706,000",742.72,"2,297",Mar-22,BIDADARI PARK DRIVE,New Sale,Strata,69,"24,725",-,Apartment,1,99 yrs lease commencing from 2017,13,Rest of Central Region,01 to 05
THE WOODLEIGH RESIDENCES,"2,492,000","1,119.46","2,226",Mar-22,BIDADARI PARK DRIVE,New Sale,Strata,104,"23,962",-,Apartment,1,99 yrs lease commencing from 2017,13,Rest of Central Region,11 to 15
8@WOODLEIGH,"1,700,000","1,151.75","1,476",Mar-22,WOODLEIGH CLOSE,Resale,Strata,107,"15,888",-,Condominium,1,99 yrs lease commencing from 2008,13,Rest of Central Region,06 to 10
BLOSSOMS @ WOODLEIGH,"2,110,000","1,205.57","1,750",Mar-22,WOODLEIGH CLOSE,Resale,Strata,112,"18,839",-,Condominium,1,Freehold,13,Rest of Central Region,06 to 10
SENNETT RESIDENCE,"1,370,000",893.41,"1,533",Mar-22,PHENG GECK AVENUE,Resale,Strata,83,"16,506",-,Condominium,1,99 yrs lease commencing from 2011,13,Rest of Central Region,01 to 05
THE TRE VER,"1,070,000",613.55,"1,744",Mar-22,POTONG PASIR AVENUE 1,Sub Sale,Strata,57,"18,772",-,Condominium,1,99 yrs lease commencing from 2018,13,Rest of Central Region,06 to 10
BARTLEY RIDGE,"1,120,000",731.95,"1,530",Mar-22,MOUNT VERNON ROAD,Resale,Strata,68,"16,471",-,Condominium,1,99 yrs lease commencing from 2012,13,Rest of Central Region,01 to 05
THE WOODLEIGH RESIDENCES,"1,711,000",742.72,"2,304",Mar-22,BIDADARI PARK DRIVE,New Sale,Strata,69,"24,797",-,Apartment,1,99 yrs lease commencing from 2017,13,Rest of Central Region,01 to 05
SUITES@BRADDELL,"588,000",441.32,"1,332",Mar-22,BRADDELL ROAD,Resale,Strata,41,"14,341",-,Apartment,1,Freehold,13,Outside Central Region,01 to 05
SENNETT RESIDENCE,"1,350,000",828.83,"1,629",Mar-22,PHENG GECK AVENUE,Resale,Strata,77,"17,532",-,Condominium,1,99 yrs lease commencing from 2011,13,Rest of Central Region,11 to 15
WOODSVILLE 28,"1,186,000",828.83,"1,431",Mar-22,WOODSVILLE CLOSE,Resale,Strata,77,"15,403",-,Apartment,1,99 yrs lease commencing from 2007,13,Rest of Central Region,11 to 15
BARTLEY RIDGE,"1,270,000",828.83,"1,532",Mar-22,MOUNT VERNON ROAD,Resale,Strata,77,"16,494",-,Condominium,1,99 yrs lease commencing from 2012,13,Rest of Central Region,06 to 10
THE TRE VER,"1,272,000",699.66,"1,818",Mar-22,POTONG PASIR AVENUE 1,Sub Sale,Strata,65,"19,569",-,Condominium,1,99 yrs lease commencing from 2018,13,Rest of Central Region,16 to 20
THE WOODLEIGH RESIDENCES,"3,167,000","1,474.67","2,148",Mar-22,BIDADARI PARK DRIVE,New Sale,Strata,137,"23,117",-,Apartment,1,99 yrs lease commencing from 2017,13,Rest of Central Region,06 to 10
THE POIZ RESIDENCES,"768,000",441.32,"1,740",Mar-22,MEYAPPA CHETTIAR ROAD,Resale,Strata,41,"18,732",-,Apartment,1,99 yrs lease commencing from 2014,13,Rest of Central Region,16 to 20
THE WOODLEIGH RESIDENCES,"1,771,000",742.72,"2,384",Mar-22,BIDADARI PARK DRIVE,New Sale,Strata,69,"25,667",-,Apartment,1,99 yrs lease commencing from 2017,13,Rest of Central Region,06 to 10
THE WOODLEIGH RESIDENCES,"2,128,000","1,076.4","1,977",Mar-22,BIDADARI PARK DRIVE,New Sale,Strata,100,"21,280",-,Apartment,1,99 yrs lease commencing from 2017,13,Rest of Central Region,01 to 05
THE WOODLEIGH RESIDENCES,"2,344,000","1,076.4","2,178",Mar-22,BIDADARI PARK DRIVE,New Sale,Strata,100,"23,440",-,Apartment,1,99 yrs lease commencing from 2017,13,Rest of Central Region,01 to 05
THE WOODLEIGH RESIDENCES,"2,424,000","1,076.4","2,252",Mar-22,BIDADARI PARK DRIVE,New Sale,Strata,100,"24,240",-,Apartment,1,99 yrs lease commencing from 2017,13,Rest of Central Region,11 to 15
BARTLEY RIDGE,"710,000",462.85,"1,534",Mar-22,MOUNT VERNON ROAD,Resale,Strata,43,"16,512",-,Condominium,1,99 yrs lease commencing from 2012,13,Rest of Central Region,06 to 10
SANT RITZ,"875,000",527.44,"1,659",Mar-22,PHENG GECK AVENUE,Resale,Strata,49,"17,857",-,Condominium,1,99 yrs lease commencing from 2012,13,Rest of Central Region,11 to 15
BARTLEY RIDGE,"737,000",441.32,"1,670",Mar-22,MOUNT VERNON ROAD,Resale,Strata,41,"17,976",-,Condominium,1,99 yrs lease commencing from 2012,13,Rest of Central Region,16 to 20
MYRA,"1,030,000",473.62,"2,175",Mar-22,MEYAPPA CHETTIAR ROAD,New Sale,Strata,44,"23,409",-,Apartment,1,Freehold,13,Rest of Central Region,01 to 05
MYRA,"1,580,000",667.37,"2,368",Mar-22,MEYAPPA CHETTIAR ROAD,New Sale,Strata,62,"25,484",-,Apartment,1,Freehold,13,Rest of Central Region,11 to 15
WOODSVILLE 28,"1,230,000",882.65,"1,394",Mar-22,WOODSVILLE CLOSE,Resale,Strata,82,"15,000",-,Apartment,1,99 yrs lease commencing from 2007,13,Rest of Central Region,11 to 15
THE POIZ RESIDENCES,"748,000",419.8,"1,782",Mar-22,MEYAPPA CHETTIAR ROAD,Resale,Strata,39,"19,179",-,Apartment,1,99 yrs lease commencing from 2014,13,Rest of Central Region,11 to 15
E MAISON,"1,350,000",904.18,"1,493",Mar-22,BRADDELL ROAD,Resale,Strata,84,"16,071",-,Apartment,1,Freehold,13,Outside Central Region,01 to 05
BARTLEY RIDGE,"765,000",462.85,"1,653",Mar-22,MOUNT VERNON ROAD,Resale,Strata,43,"17,791",-,Condominium,1,99 yrs lease commencing from 2012,13,Rest of Central Region,11 to 15
BARTLEY RIDGE,"1,300,000",850.36,"1,529",Mar-22,MOUNT VERNON ROAD,Resale,Strata,79,"16,456",-,Condominium,1,99 yrs lease commencing from 2012,13,Rest of Central Region,11 to 15
THE POIZ RESIDENCES,"740,000",419.8,"1,763",Mar-22,MEYAPPA CHETTIAR ROAD,Resale,Strata,39,"18,974",-,Apartment,1,99 yrs lease commencing from 2014,13,Rest of Central Region,06 to 10
THE VENUE RESIDENCES,"780,000",495.14,"1,575",Mar-22,TAI THONG CRESCENT,Resale,Strata,46,"16,957",-,Apartment,1,99 yrs lease commencing from 2012,13,Rest of Central Region,06 to 10
THE WOODLEIGH RESIDENCES,"1,781,000",742.72,"2,398",Mar-22,BIDADARI PARK DRIVE,New Sale,Strata,69,"25,812",-,Apartment,1,99 yrs lease commencing from 2017,13,Rest of Central Region,11 to 15
THE WOODLEIGH RESIDENCES,"1,951,000",958,"2,037",Mar-22,BIDADARI PARK DRIVE,New Sale,Strata,89,"21,921",-,Apartment,1,99 yrs lease commencing from 2017,13,Rest of Central Region,01 to 05
BARTLEY RIDGE,"770,000",462.85,"1,664",Mar-22,MOUNT VERNON ROAD,Resale,Strata,43,"17,907",-,Condominium,1,99 yrs lease commencing from 2012,13,Rest of Central Region,11 to 15
THE TRE VER,"845,000",505.91,"1,670",Mar-22,POTONG PASIR AVENUE 1,Sub Sale,Strata,47,"17,979",-,Condominium,1,99 yrs lease commencing from 2018,13,Rest of Central Region,01 to 05
MYRA,"2,850,000","1,323.97","2,153",Mar-22,MEYAPPA CHETTIAR ROAD,New Sale,Strata,123,"23,171",-,Apartment,1,Freehold,13,Rest of Central Region,06 to 10
SANT RITZ,"1,540,000",958,"1,608",Mar-22,PHENG GECK AVENUE,Resale,Strata,89,"17,303",-,Condominium,1,99 yrs lease commencing from 2012,13,Rest of Central Region,11 to 15
BARTLEY RIDGE,"1,550,000","1,033.34","1,500",Mar-22,MOUNT VERNON ROAD,Resale,Strata,96,"16,146",-,Condominium,1,99 yrs lease commencing from 2012,13,Rest of Central Region,01 to 05
MYRA,"1,013,800",473.62,"2,141",Mar-22,MEYAPPA CHETTIAR ROAD,New Sale,Strata,44,"23,041",-,Apartment,1,Freehold,13,Rest of Central Region,01 to 05
MYRA,"1,493,800",667.37,"2,238",Mar-22,MEYAPPA CHETTIAR ROAD,New Sale,Strata,62,"24,094",-,Apartment,1,Freehold,13,Rest of Central Region,06 to 10
MYRA,"1,554,800",731.95,"2,124",Mar-22,MEYAPPA CHETTIAR ROAD,New Sale,Strata,68,"22,865",-,Apartment,1,Freehold,13,Rest of Central Region,06 to 10
THE WOODLEIGH RESIDENCES,"2,404,000","1,076.4","2,233",Feb-22,BIDADARI PARK DRIVE,New Sale,Strata,100,"24,040",-,Apartment,1,99 yrs lease commencing from 2017,13,Rest of Central Region,06 to 10
THE VENUE RESIDENCES,"1,500,000",968.76,"1,548",Feb-22,TAI THONG CRESCENT,Resale,Strata,90,"16,667",-,Apartment,1,99 yrs lease commencing from 2012,13,Rest of Central Region,01 to 05
MYRA,"1,570,000",731.95,"2,145",Feb-22,MEYAPPA CHETTIAR ROAD,New Sale,Strata,68,"23,088",-,Apartment,1,Freehold,13,Rest of Central Region,11 to 15
THE POIZ RESIDENCES,"1,368,888",807.3,"1,696",Feb-22,MEYAPPA CHETTIAR ROAD,Resale,Strata,75,"18,252",-,Apartment,1,99 yrs lease commencing from 2014,13,Rest of Central Region,06 to 10
SENNETT RESIDENCE,"2,420,000","1,388.56","1,743",Feb-22,PHENG GECK AVENUE,Resale,Strata,129,"18,760",-,Condominium,1,99 yrs lease commencing from 2011,13,Rest of Central Region,06 to 10
PARC MONDRIAN,"1,720,000","1,173.28","1,466",Feb-22,WOODLEIGH CLOSE,Resale,Strata,109,"15,780",-,Apartment,1,Freehold,13,Rest of Central Region,06 to 10
MYRA,"1,490,000",699.66,"2,130",Feb-22,MEYAPPA CHETTIAR ROAD,New Sale,Strata,65,"22,923",-,Apartment,1,Freehold,13,Rest of Central Region,01 to 05
THE WOODLEIGH RESIDENCES,"1,916,000",958,"2,000",Feb-22,BIDADARI PARK DRIVE,New Sale,Strata,89,"21,528",-,Apartment,1,99 yrs lease commencing from 2017,13,Rest of Central Region,01 to 05
MYRA,"1,810,000",871.88,"2,076",Feb-22,MEYAPPA CHETTIAR ROAD,New Sale,Strata,81,"22,346",-,Apartment,1,Freehold,13,Rest of Central Region,01 to 05
THE WOODLEIGH RESIDENCES,"2,060,000",958,"2,150",Feb-22,BIDADARI PARK DRIVE,New Sale,Strata,89,"23,146",-,Apartment,1,99 yrs lease commencing from 2017,13,Rest of Central Region,01 to 05
THE WOODLEIGH RESIDENCES,"1,916,000",958,"2,000",Feb-22,BIDADARI PARK DRIVE,New Sale,Strata,89,"21,528",-,Apartment,1,99 yrs lease commencing from 2017,13,Rest of Central Region,01 to 05
THE POIZ RESIDENCES,"755,000",419.8,"1,798",Feb-22,MEYAPPA CHETTIAR ROAD,Resale,Strata,39,"19,359",-,Apartment,1,99 yrs lease commencing from 2014,13,Rest of Central Region,11 to 15
THE VENUE RESIDENCES,"1,370,000",839.59,"1,632",Feb-22,TAI THONG CRESCENT,Resale,Strata,78,"17,564",-,Apartment,1,99 yrs lease commencing from 2012,13,Rest of Central Region,01 to 05
PARK COLONIAL,"2,200,000","1,410.08","1,560",Feb-22,WOODLEIGH LANE,Sub Sale,Strata,131,"16,794",-,Condominium,1,99 yrs lease commencing from 2017,13,Rest of Central Region,06 to 10
BARTLEY RIDGE,"1,550,000",968.76,"1,600",Feb-22,MOUNT VERNON ROAD,Resale,Strata,90,"17,222",-,Condominium,1,99 yrs lease commencing from 2012,13,Rest of Central Region,11 to 15
THE VENUE RESIDENCES,"1,310,000",839.59,"1,560",Feb-22,TAI THONG CRESCENT,Resale,Strata,78,"16,795",-,Apartment,1,99 yrs lease commencing from 2012,13,Rest of Central Region,11 to 15
THE POIZ RESIDENCES,"790,000",441.32,"1,790",Feb-22,MEYAPPA CHETTIAR ROAD,Resale,Strata,41,"19,268",-,Apartment,1,99 yrs lease commencing from 2014,13,Rest of Central Region,16 to 20
THE POIZ RESIDENCES,"1,548,000",839.59,"1,844",Feb-22,MEYAPPA CHETTIAR ROAD,Resale,Strata,78,"19,846",-,Apartment,1,99 yrs lease commencing from 2014,13,Rest of Central Region,11 to 15
THE WOODLEIGH RESIDENCES,"1,170,000",570.49,"2,051",Feb-22,BIDADARI PARK DRIVE,Sub Sale,Strata,53,"22,075",-,Apartment,1,99 yrs lease commencing from 2017,13,Rest of Central Region,06 to 10
THE WOODLEIGH RESIDENCES,"2,462,000","1,119.46","2,199",Feb-22,BIDADARI PARK DRIVE,New Sale,Strata,104,"23,673",-,Apartment,1,99 yrs lease commencing from 2017,13,Rest of Central Region,11 to 15
SENNETT RESIDENCE,"830,000",505.91,"1,641",Feb-22,PHENG GECK AVENUE,Resale,Strata,47,"17,660",-,Condominium,1,99 yrs lease commencing from 2011,13,Rest of Central Region,01 to 05
NIN RESIDENCE,"1,750,000","1,237.86","1,414",Feb-22,PHENG GECK AVENUE,Resale,Strata,115,"15,217",-,Apartment,1,99 yrs lease commencing from 2010,13,Rest of Central Region,06 to 10
THE POIZ RESIDENCES,"2,000,000","1,205.57","1,659",Feb-22,MEYAPPA CHETTIAR ROAD,Resale,Strata,112,"17,857",-,Apartment,1,99 yrs lease commencing from 2014,13,Rest of Central Region,06 to 10
THE WOODLEIGH RESIDENCES,"1,916,000",958,"2,000",Feb-22,BIDADARI PARK DRIVE,New Sale,Strata,89,"21,528",-,Apartment,1,99 yrs lease commencing from 2017,13,Rest of Central Region,01 to 05
BARTLEY RIDGE,"1,710,000","1,345.5","1,271",Feb-22,MOUNT VERNON ROAD,Resale,Strata,125,"13,680",-,Condominium,1,99 yrs lease commencing from 2012,13,Rest of Central Region,16 to 20
THE POIZ RESIDENCES,"770,000",441.32,"1,745",Feb-22,MEYAPPA CHETTIAR ROAD,Resale,Strata,41,"18,780",-,Apartment,1,99 yrs lease commencing from 2014,13,Rest of Central Region,06 to 10
8@WOODLEIGH,"665,000",398.27,"1,670",Feb-22,WOODLEIGH CLOSE,Resale,Strata,37,"17,973",-,Condominium,1,99 yrs lease commencing from 2008,13,Rest of Central Region,06 to 10
THE WOODLEIGH RESIDENCES,"2,100,000",958,"2,192",Feb-22,BIDADARI PARK DRIVE,New Sale,Strata,89,"23,596",-,Apartment,1,99 yrs lease commencing from 2017,13,Rest of Central Region,06 to 10
D' ALMIRA,"1,450,000","1,173.28","1,236",Feb-22,SOMMERVILLE ROAD,Resale,Strata,109,"13,303",-,Apartment,1,Freehold,13,Outside Central Region,01 to 05
THE POIZ RESIDENCES,"960,000",527.44,"1,820",Feb-22,MEYAPPA CHETTIAR ROAD,Resale,Strata,49,"19,592",-,Apartment,1,99 yrs lease commencing from 2014,13,Rest of Central Region,06 to 10
THE WOODLEIGH RESIDENCES,"1,696,000",742.72,"2,284",Feb-22,BIDADARI PARK DRIVE,New Sale,Strata,69,"24,580",-,Apartment,1,99 yrs lease commencing from 2017,13,Rest of Central Region,06 to 10
THE WOODLEIGH RESIDENCES,"2,420,000","1,076.4","2,248",Feb-22,BIDADARI PARK DRIVE,New Sale,Strata,100,"24,200",-,Apartment,1,99 yrs lease commencing from 2017,13,Rest of Central Region,11 to 15
THE WOODLEIGH RESIDENCES,"1,810,000",850.36,"2,129",Jan-22,BIDADARI PARK DRIVE,New Sale,Strata,79,"22,911",-,Apartment,1,99 yrs lease commencing from 2017,13,Rest of Central Region,11 to 15
THE WOODLEIGH RESIDENCES,"2,552,000","1,119.46","2,280",Jan-22,BIDADARI PARK DRIVE,New Sale,Strata,104,"24,538",-,Apartment,1,99 yrs lease commencing from 2017,13,Rest of Central Region,06 to 10
THE WOODLEIGH RESIDENCES,"1,761,000",742.72,"2,371",Jan-22,BIDADARI PARK DRIVE,New Sale,Strata,69,"25,522",-,Apartment,1,99 yrs lease commencing from 2017,13,Rest of Central Region,11 to 15
THE WOODLEIGH RESIDENCES,"1,941,000",958,"2,026",Jan-22,BIDADARI PARK DRIVE,New Sale,Strata,89,"21,809",-,Apartment,1,99 yrs lease commencing from 2017,13,Rest of Central Region,01 to 05
THE WOODLEIGH RESIDENCES,"2,608,000","1,259.39","2,071",Jan-22,BIDADARI PARK DRIVE,New Sale,Strata,117,"22,291",-,Apartment,1,99 yrs lease commencing from 2017,13,Rest of Central Region,01 to 05
THE WOODLEIGH RESIDENCES,"2,751,000","1,270.15","2,166",Jan-22,BIDADARI PARK DRIVE,New Sale,Strata,118,"23,314",-,Apartment,1,99 yrs lease commencing from 2017,13,Rest of Central Region,01 to 05
THE WOODLEIGH RESIDENCES,"2,374,000","1,076.4","2,205",Jan-22,BIDADARI PARK DRIVE,New Sale,Strata,100,"23,740",-,Apartment,1,99 yrs lease commencing from 2017,13,Rest of Central Region,06 to 10
THE WOODLEIGH RESIDENCES,"2,452,000","1,119.46","2,190",Jan-22,BIDADARI PARK DRIVE,New Sale,Strata,104,"23,577",-,Apartment,1,99 yrs lease commencing from 2017,13,Rest of Central Region,06 to 10
THE WOODLEIGH RESIDENCES,"1,946,000",958,"2,031",Jan-22,BIDADARI PARK DRIVE,New Sale,Strata,89,"21,865",-,Apartment,1,99 yrs lease commencing from 2017,13,Rest of Central Region,06 to 10
THE WOODLEIGH RESIDENCES,"1,966,000",958,"2,052",Jan-22,BIDADARI PARK DRIVE,New Sale,Strata,89,"22,090",-,Apartment,1,99 yrs lease commencing from 2017,13,Rest of Central Region,06 to 10
MYRA,"1,888,800",871.88,"2,166",Jan-22,MEYAPPA CHETTIAR ROAD,New Sale,Strata,81,"23,319",-,Apartment,1,Freehold,13,Rest of Central Region,06 to 10
INTERO,"1,580,000","1,011.82","1,562",Jan-22,LEICESTER ROAD,Resale,Strata,94,"16,809",-,Apartment,1,Freehold,13,Rest of Central Region,11 to 15
THE WOODLEIGH RESIDENCES,"2,384,000","1,076.4","2,215",Jan-22,BIDADARI PARK DRIVE,New Sale,Strata,100,"23,840",-,Apartment,1,99 yrs lease commencing from 2017,13,Rest of Central Region,06 to 10
THE WOODLEIGH RESIDENCES,"2,115,000",958,"2,208",Jan-22,BIDADARI PARK DRIVE,New Sale,Strata,89,"23,764",-,Apartment,1,99 yrs lease commencing from 2017,13,Rest of Central Region,06 to 10
THE POIZ RESIDENCES,"1,500,000",839.59,"1,787",Jan-22,MEYAPPA CHETTIAR ROAD,Resale,Strata,78,"19,231",-,Apartment,1,99 yrs lease commencing from 2014,13,Rest of Central Region,06 to 10
THE WOODLEIGH RESIDENCES,"2,372,000","1,119.46","2,119",Jan-22,BIDADARI PARK DRIVE,New Sale,Strata,104,"22,808",-,Apartment,1,99 yrs lease commencing from 2017,13,Rest of Central Region,01 to 05
THE WOODLEIGH RESIDENCES,"2,065,000",958,"2,156",Jan-22,BIDADARI PARK DRIVE,New Sale,Strata,89,"23,202",-,Apartment,1,99 yrs lease commencing from 2017,13,Rest of Central Region,01 to 05
THE WOODLEIGH RESIDENCES,"1,611,000",742.72,"2,169",Jan-22,BIDADARI PARK DRIVE,New Sale,Strata,69,"23,348",-,Apartment,1,99 yrs lease commencing from 2017,13,Rest of Central Region,01 to 05
THE WOODLEIGH RESIDENCES,"2,725,000","1,270.15","2,145",Jan-22,BIDADARI PARK DRIVE,New Sale,Strata,118,"23,093",-,Apartment,1,99 yrs lease commencing from 2017,13,Rest of Central Region,11 to 15
THE WOODLEIGH RESIDENCES,"1,721,000",742.72,"2,317",Jan-22,BIDADARI PARK DRIVE,New Sale,Strata,69,"24,942",-,Apartment,1,99 yrs lease commencing from 2017,13,Rest of Central Region,06 to 10
THE WOODLEIGH RESIDENCES,"3,030,000","1,280.92","2,365",Jan-22,BIDADARI PARK DRIVE,New Sale,Strata,119,"25,462",-,Apartment,1,99 yrs lease commencing from 2017,13,Rest of Central Region,11 to 15
THE WOODLEIGH RESIDENCES,"1,941,000",958,"2,026",Jan-22,BIDADARI PARK DRIVE,New Sale,Strata,89,"21,809",-,Apartment,1,99 yrs lease commencing from 2017,13,Rest of Central Region,06 to 10
THE WOODLEIGH RESIDENCES,"1,948,000",958,"2,033",Jan-22,BIDADARI PARK DRIVE,New Sale,Strata,89,"21,888",-,Apartment,1,99 yrs lease commencing from 2017,13,Rest of Central Region,01 to 05
THE POIZ RESIDENCES,"750,000",419.8,"1,787",Jan-22,MEYAPPA CHETTIAR ROAD,Resale,Strata,39,"19,231",-,Apartment,1,99 yrs lease commencing from 2014,13,Rest of Central Region,16 to 20
THE WOODLEIGH RESIDENCES,"2,070,000",958,"2,161",Jan-22,BIDADARI PARK DRIVE,New Sale,Strata,89,"23,258",-,Apartment,1,99 yrs lease commencing from 2017,13,Rest of Central Region,01 to 05
THE WOODLEIGH RESIDENCES,"2,707,000","1,270.15","2,131",Jan-22,BIDADARI PARK DRIVE,New Sale,Strata,118,"22,941",-,Apartment,1,99 yrs lease commencing from 2017,13,Rest of Central Region,06 to 10
SUITES@BRADDELL,"580,000",419.8,"1,382",Jan-22,BRADDELL ROAD,Resale,Strata,39,"14,872",-,Apartment,1,Freehold,13,Outside Central Region,B1 to B5
THE WOODLEIGH RESIDENCES,"1,726,000",742.72,"2,324",Jan-22,BIDADARI PARK DRIVE,New Sale,Strata,69,"25,014",-,Apartment,1,99 yrs lease commencing from 2017,13,Rest of Central Region,11 to 15
THE WOODLEIGH RESIDENCES,"1,805,000",850.36,"2,123",Jan-22,BIDADARI PARK DRIVE,New Sale,Strata,79,"22,848",-,Apartment,1,99 yrs lease commencing from 2017,13,Rest of Central Region,01 to 05
THE WOODLEIGH RESIDENCES,"2,072,000",958,"2,163",Jan-22,BIDADARI PARK DRIVE,New Sale,Strata,89,"23,281",-,Apartment,1,99 yrs lease commencing from 2017,13,Rest of Central Region,06 to 10
THE WOODLEIGH RESIDENCES,"2,013,000",958,"2,101",Jan-22,BIDADARI PARK DRIVE,New Sale,Strata,89,"22,618",-,Apartment,1,99 yrs lease commencing from 2017,13,Rest of Central Region,11 to 15
THE ACACIAS,"1,950,000","1,571.54","1,241",Jan-22,SOMMERVILLE ROAD,Resale,Strata,146,"13,356",-,Apartment,1,Freehold,13,Outside Central Region,01 to 05
BARTLEY RIDGE,"1,130,000",721.19,"1,567",Jan-22,MOUNT VERNON ROAD,Resale,Strata,67,"16,866",-,Condominium,1,99 yrs lease commencing from 2012,13,Rest of Central Region,06 to 10
SENNETT ESTATE,"990,000",818.06,"1,210",Jan-22,MACPHERSON ROAD,Resale,Strata,76,"13,026",-,Apartment,1,Freehold,13,Rest of Central Region,01 to 05
SENNETT RESIDENCE,"1,325,000",828.83,"1,599",Jan-22,PHENG GECK AVENUE,Resale,Strata,77,"17,208",-,Condominium,1,99 yrs lease commencing from 2011,13,Rest of Central Region,16 to 20
THE WOODLEIGH RESIDENCES,"2,219,000","1,076.4","2,062",Jan-22,BIDADARI PARK DRIVE,New Sale,Strata,100,"22,190",-,Apartment,1,99 yrs lease commencing from 2017,13,Rest of Central Region,11 to 15
ONE LEICESTER,"1,880,000","1,248.62","1,506",Jan-22,LEICESTER ROAD,Resale,Strata,116,"16,207",-,Condominium,1,Freehold,13,Rest of Central Region,16 to 20
THE WOODLEIGH RESIDENCES,"1,921,000",958,"2,005",Jan-22,BIDADARI PARK DRIVE,New Sale,Strata,89,"21,584",-,Apartment,1,99 yrs lease commencing from 2017,13,Rest of Central Region,01 to 05
BARTLEY RIDGE,"1,488,000",968.76,"1,536",Jan-22,MOUNT VERNON ROAD,Resale,Strata,90,"16,533",-,Condominium,1,99 yrs lease commencing from 2012,13,Rest of Central Region,11 to 15
ONE LEICESTER,"1,700,000","1,151.75","1,476",Jan-22,LEICESTER ROAD,Resale,Strata,107,"15,888",-,Condominium,1,Freehold,13,Rest of Central Region,01 to 05
NIN RESIDENCE,"1,190,000",850.36,"1,399",Jan-22,PHENG GECK AVENUE,Resale,Strata,79,"15,063",-,Apartment,1,99 yrs lease commencing from 2010,13,Rest of Central Region,11 to 15
THE TRE VER,"1,770,000","1,054.87","1,678",Jan-22,POTONG PASIR AVENUE 1,Sub Sale,Strata,98,"18,061",-,Condominium,1,99 yrs lease commencing from 2018,13,Rest of Central Region,01 to 05
NIN RESIDENCE,"1,520,000","1,711.48",888,Dec-21,PHENG GECK AVENUE,Resale,Strata,159,"9,560",-,Apartment,1,99 yrs lease commencing from 2010,13,Rest of Central Region,16 to 20
THE POIZ RESIDENCES,"1,450,000",839.59,"1,727",Dec-21,MEYAPPA CHETTIAR ROAD,Resale,Strata,78,"18,590",-,Apartment,1,99 yrs lease commencing from 2014,13,Rest of Central Region,01 to 05
THE POIZ RESIDENCES,"1,980,000","1,108.69","1,786",Dec-21,MEYAPPA CHETTIAR ROAD,Resale,Strata,103,"19,223",-,Apartment,1,99 yrs lease commencing from 2014,13,Rest of Central Region,11 to 15
THE POIZ RESIDENCES,"770,000",441.32,"1,745",Dec-21,MEYAPPA CHETTIAR ROAD,Resale,Strata,41,"18,780",-,Apartment,1,99 yrs lease commencing from 2014,13,Rest of Central Region,06 to 10
WOODSVILLE MANSIONS,"1,828,888","1,388.56","1,317",Dec-21,WOODSVILLE CLOSE,Resale,Strata,129,"14,177",-,Apartment,1,Freehold,13,Rest of Central Region,01 to 05
BARTLEY RIDGE,"720,000",462.85,"1,556",Dec-21,MOUNT VERNON ROAD,Resale,Strata,43,"16,744",-,Condominium,1,99 yrs lease commencing from 2012,13,Rest of Central Region,06 to 10
BARTLEY RIDGE,"770,000",462.85,"1,664",Dec-21,MOUNT VERNON ROAD,Resale,Strata,43,"17,907",-,Condominium,1,99 yrs lease commencing from 2012,13,Rest of Central Region,01 to 05
NIN RESIDENCE,"815,000",527.44,"1,545",Dec-21,PHENG GECK AVENUE,Resale,Strata,49,"16,633",-,Apartment,1,99 yrs lease commencing from 2010,13,Rest of Central Region,16 to 20
THE ACACIAS,"2,150,000","2,012.87","1,068",Dec-21,SOMMERVILLE ROAD,Resale,Strata,187,"11,497",-,Apartment,1,Freehold,13,Outside Central Region,01 to 05
THE WOODLEIGH RESIDENCES,"1,741,000",742.72,"2,344",Dec-21,BIDADARI PARK DRIVE,New Sale,Strata,69,"25,232",-,Apartment,1,99 yrs lease commencing from 2017,13,Rest of Central Region,06 to 10
NIN RESIDENCE,"775,000",548.96,"1,412",Dec-21,PHENG GECK AVENUE,Resale,Strata,51,"15,196",-,Apartment,1,99 yrs lease commencing from 2010,13,Rest of Central Region,16 to 20
PARK COLONIAL,"1,400,000",678.13,"2,064",Dec-21,WOODLEIGH LANE,Sub Sale,Strata,63,"22,222",-,Condominium,1,99 yrs lease commencing from 2017,13,Rest of Central Region,01 to 05
BARTLEY RIDGE,"1,620,000","1,044.11","1,552",Dec-21,MOUNT VERNON ROAD,Resale,Strata,97,"16,701",-,Condominium,1,99 yrs lease commencing from 2012,13,Rest of Central Region,06 to 10
THE POIZ RESIDENCES,"942,000",527.44,"1,786",Dec-21,MEYAPPA CHETTIAR ROAD,Resale,Strata,49,"19,224",-,Apartment,1,99 yrs lease commencing from 2014,13,Rest of Central Region,06 to 10
PARK COLONIAL,"906,000",462.85,"1,957",Dec-21,WOODLEIGH LANE,Sub Sale,Strata,43,"21,070",-,Condominium,1,99 yrs lease commencing from 2017,13,Rest of Central Region,06 to 10
SENNETT RESIDENCE,"930,000",570.49,"1,630",Dec-21,PHENG GECK AVENUE,Resale,Strata,53,"17,547",-,Condominium,1,99 yrs lease commencing from 2011,13,Rest of Central Region,11 to 15
THE WOODLEIGH RESIDENCES,"2,976,000","1,280.92","2,323",Dec-21,BIDADARI PARK DRIVE,New Sale,Strata,119,"25,008",-,Apartment,1,99 yrs lease commencing from 2017,13,Rest of Central Region,06 to 10
D' ALMIRA,"2,120,000","1,926.76","1,100",Dec-21,SOMMERVILLE ROAD,Resale,Strata,179,"11,844",-,Apartment,1,Freehold,13,Outside Central Region,01 to 05
BARTLEY RIDGE,"1,500,000",968.76,"1,548",Dec-21,MOUNT VERNON ROAD,Resale,Strata,90,"16,667",-,Condominium,1,99 yrs lease commencing from 2012,13,Rest of Central Region,06 to 10
E MAISON,"1,335,000",936.47,"1,426",Dec-21,BRADDELL ROAD,Resale,Strata,87,"15,345",-,Apartment,1,Freehold,13,Outside Central Region,01 to 05
THE POIZ RESIDENCES,"1,320,000",753.48,"1,752",Dec-21,MEYAPPA CHETTIAR ROAD,Resale,Strata,70,"18,857",-,Apartment,1,99 yrs lease commencing from 2014,13,Rest of Central Region,11 to 15
WOODSVILLE 28,"1,650,000","1,184.04","1,394",Dec-21,WOODSVILLE CLOSE,Resale,Strata,110,"15,000",-,Apartment,1,99 yrs lease commencing from 2007,13,Rest of Central Region,11 to 15
THE WOODLEIGH RESIDENCES,"2,397,000","1,119.46","2,141",Dec-21,BIDADARI PARK DRIVE,New Sale,Strata,104,"23,048",-,Apartment,1,99 yrs lease commencing from 2017,13,Rest of Central Region,06 to 10
SKY GREEN,"1,368,000",753.48,"1,816",Dec-21,MACPHERSON ROAD,Resale,Strata,70,"19,543",-,Condominium,1,Freehold,13,Rest of Central Region,11 to 15
MYRA,"1,470,800",667.37,"2,204",Dec-21,MEYAPPA CHETTIAR ROAD,New Sale,Strata,62,"23,723",-,Apartment,1,Freehold,13,Rest of Central Region,01 to 05
THE POIZ RESIDENCES,"2,626,000","1,528.49","1,718",Dec-21,MEYAPPA CHETTIAR ROAD,Resale,Strata,142,"18,493",-,Apartment,1,99 yrs lease commencing from 2014,13,Rest of Central Region,06 to 10
NIN RESIDENCE,"1,120,000",850.36,"1,317",Dec-21,PHENG GECK AVENUE,Resale,Strata,79,"14,177",-,Apartment,1,99 yrs lease commencing from 2010,13,Rest of Central Region,06 to 10
THE WOODLEIGH RESIDENCES,"2,995,000","1,280.92","2,338",Dec-21,BIDADARI PARK DRIVE,New Sale,Strata,119,"25,168",-,Apartment,1,99 yrs lease commencing from 2017,13,Rest of Central Region,11 to 15
THE WOODLEIGH RESIDENCES,"1,800,000",850.36,"2,117",Dec-21,BIDADARI PARK DRIVE,New Sale,Strata,79,"22,785",-,Apartment,1,99 yrs lease commencing from 2017,13,Rest of Central Region,01 to 05
THE POIZ RESIDENCES,"828,000",592.02,"1,399",Dec-21,MEYAPPA CHETTIAR ROAD,Resale,Strata,55,"15,055",-,Apartment,1,99 yrs lease commencing from 2014,13,Rest of Central Region,16 to 20
SENNETT RESIDENCE,"1,910,000","1,194.8","1,599",Dec-21,PHENG GECK AVENUE,Resale,Strata,111,"17,207",-,Condominium,1,99 yrs lease commencing from 2011,13,Rest of Central Region,11 to 15
SKY GREEN,"1,265,000",796.54,"1,588",Dec-21,MACPHERSON ROAD,Resale,Strata,74,"17,095",-,Condominium,1,Freehold,13,Rest of Central Region,01 to 05
THE POIZ RESIDENCES,"2,036,000","1,184.04","1,720",Dec-21,MEYAPPA CHETTIAR ROAD,Resale,Strata,110,"18,509",-,Apartment,1,99 yrs lease commencing from 2014,13,Rest of Central Region,01 to 05
THE WOODLEIGH RESIDENCES,"1,916,000",958,"2,000",Dec-21,BIDADARI PARK DRIVE,New Sale,Strata,89,"21,528",-,Apartment,1,99 yrs lease commencing from 2017,13,Rest of Central Region,01 to 05
THE POIZ RESIDENCES,"2,050,000","1,184.04","1,731",Dec-21,MEYAPPA CHETTIAR ROAD,Resale,Strata,110,"18,636",-,Apartment,1,99 yrs lease commencing from 2014,13,Rest of Central Region,06 to 10
THE POIZ RESIDENCES,"1,140,000",882.65,"1,292",Dec-21,MEYAPPA CHETTIAR ROAD,Resale,Strata,82,"13,902",-,Apartment,1,99 yrs lease commencing from 2014,13,Rest of Central Region,16 to 20
BARTLEY RIDGE,"725,000",462.85,"1,566",Dec-21,MOUNT VERNON ROAD,Resale,Strata,43,"16,860",-,Condominium,1,99 yrs lease commencing from 2012,13,Rest of Central Region,06 to 10
THE WOODLEIGH RESIDENCES,"2,751,000","1,270.15","2,166",Dec-21,BIDADARI PARK DRIVE,New Sale,Strata,118,"23,314",-,Apartment,1,99 yrs lease commencing from 2017,13,Rest of Central Region,01 to 05
PARK COLONIAL,"1,408,000",828.83,"1,699",Dec-21,WOODLEIGH LANE,Sub Sale,Strata,77,"18,286",-,Condominium,1,99 yrs lease commencing from 2017,13,Rest of Central Region,11 to 15
SENNETT RESIDENCE,"1,180,000",710.42,"1,661",Dec-21,PHENG GECK AVENUE,Resale,Strata,66,"17,879",-,Condominium,1,99 yrs lease commencing from 2011,13,Rest of Central Region,11 to 15
THE WOODLEIGH RESIDENCES,"2,063,000",958,"2,153",Dec-21,BIDADARI PARK DRIVE,New Sale,Strata,89,"23,180",-,Apartment,1,99 yrs lease commencing from 2017,13,Rest of Central Region,01 to 05
THE VENUE RESIDENCES,"1,350,000",839.59,"1,608",Dec-21,TAI THONG CRESCENT,Resale,Strata,78,"17,308",-,Apartment,1,99 yrs lease commencing from 2012,13,Rest of Central Region,11 to 15
E MAISON,"1,952,000","1,636.13","1,193",Dec-21,BRADDELL ROAD,Resale,Strata,152,"12,842",-,Apartment,1,Freehold,13,Outside Central Region,01 to 05
THE WOODLEIGH RESIDENCES,"3,230,000","1,474.67","2,190",Dec-21,BIDADARI PARK DRIVE,New Sale,Strata,137,"23,577",-,Apartment,1,99 yrs lease commencing from 2017,13,Rest of Central Region,11 to 15
8@WOODLEIGH,"636,000",398.27,"1,597",Dec-21,WOODLEIGH CLOSE,Resale,Strata,37,"17,189",-,Condominium,1,99 yrs lease commencing from 2008,13,Rest of Central Region,11 to 15
SENNETT RESIDENCE,"845,000",505.91,"1,670",Dec-21,PHENG GECK AVENUE,Resale,Strata,47,"17,979",-,Condominium,1,99 yrs lease commencing from 2011,13,Rest of Central Region,01 to 05
THE ACACIAS,"863,000",635.08,"1,359",Dec-21,SOMMERVILLE ROAD,Resale,Strata,59,"14,627",-,Apartment,1,Freehold,13,Outside Central Region,01 to 05
THE WOODLEIGH RESIDENCES,"2,060,000",958,"2,150",Nov-21,BIDADARI PARK DRIVE,New Sale,Strata,89,"23,146",-,Apartment,1,99 yrs lease commencing from 2017,13,Rest of Central Region,01 to 05
THE WOODLEIGH RESIDENCES,"1,400,000",667.37,"2,098",Nov-21,BIDADARI PARK DRIVE,New Sale,Strata,62,"22,581",-,Apartment,1,99 yrs lease commencing from 2017,13,Rest of Central Region,01 to 05
BARTLEY RIDGE,"1,472,880",968.76,"1,520",Nov-21,MOUNT VERNON ROAD,Resale,Strata,90,"16,365",-,Condominium,1,99 yrs lease commencing from 2012,13,Rest of Central Region,06 to 10
THE WOODLEIGH RESIDENCES,"1,795,000",850.36,"2,111",Nov-21,BIDADARI PARK DRIVE,New Sale,Strata,79,"22,722",-,Apartment,1,99 yrs lease commencing from 2017,13,Rest of Central Region,01 to 05
SERENE VIEW MANSIONS,"2,260,000","1,969.81","1,147",Nov-21,LORONG SELANGAT,Resale,Strata,183,"12,350",-,Condominium,1,Freehold,13,Outside Central Region,-
THE WOODLEIGH RESIDENCES,"2,070,000",958,"2,161",Nov-21,BIDADARI PARK DRIVE,New Sale,Strata,89,"23,258",-,Apartment,1,99 yrs lease commencing from 2017,13,Rest of Central Region,01 to 05
THE WOODLEIGH RESIDENCES,"1,918,000",958,"2,002",Nov-21,BIDADARI PARK DRIVE,New Sale,Strata,89,"21,551",-,Apartment,1,99 yrs lease commencing from 2017,13,Rest of Central Region,01 to 05
THE WOODLEIGH RESIDENCES,"2,113,000",958,"2,206",Nov-21,BIDADARI PARK DRIVE,New Sale,Strata,89,"23,742",-,Apartment,1,99 yrs lease commencing from 2017,13,Rest of Central Region,01 to 05
THE TRE VER,"950,000",495.14,"1,919",Nov-21,POTONG PASIR AVENUE 1,Sub Sale,Strata,46,"20,652",-,Condominium,1,99 yrs lease commencing from 2018,13,Rest of Central Region,16 to 20
SANT RITZ,"1,880,000","1,582.31","1,188",Nov-21,PHENG GECK AVENUE,Resale,Strata,147,"12,789",-,Condominium,1,99 yrs lease commencing from 2012,13,Rest of Central Region,16 to 20
THE WOODLEIGH RESIDENCES,"2,068,000",958,"2,159",Nov-21,BIDADARI PARK DRIVE,New Sale,Strata,89,"23,236",-,Apartment,1,99 yrs lease commencing from 2017,13,Rest of Central Region,01 to 05
THE WOODLEIGH RESIDENCES,"2,063,000",958,"2,153",Nov-21,BIDADARI PARK DRIVE,New Sale,Strata,89,"23,180",-,Apartment,1,99 yrs lease commencing from 2017,13,Rest of Central Region,06 to 10
BARTLEY RIDGE,"1,148,888",731.95,"1,570",Nov-21,MOUNT VERNON ROAD,Resale,Strata,68,"16,895",-,Condominium,1,99 yrs lease commencing from 2012,13,Rest of Central Region,11 to 15
BARTLEY RIDGE,"1,460,889",968.76,"1,508",Nov-21,MOUNT VERNON ROAD,Resale,Strata,90,"16,232",-,Condominium,1,99 yrs lease commencing from 2012,13,Rest of Central Region,01 to 05
BARTLEY RIDGE,"1,395,000",979.52,"1,424",Nov-21,MOUNT VERNON ROAD,Resale,Strata,91,"15,330",-,Condominium,1,99 yrs lease commencing from 2012,13,Rest of Central Region,01 to 05
8@WOODLEIGH,"1,520,000",958,"1,587",Nov-21,WOODLEIGH CLOSE,Resale,Strata,89,"17,079",-,Condominium,1,99 yrs lease commencing from 2008,13,Rest of Central Region,11 to 15
THE POIZ RESIDENCES,"1,550,000",839.59,"1,846",Nov-21,MEYAPPA CHETTIAR ROAD,Resale,Strata,78,"19,872",-,Apartment,1,99 yrs lease commencing from 2014,13,Rest of Central Region,11 to 15
THE WOODLEIGH RESIDENCES,"1,820,000",850.36,"2,140",Nov-21,BIDADARI PARK DRIVE,New Sale,Strata,79,"23,038",-,Apartment,1,99 yrs lease commencing from 2017,13,Rest of Central Region,11 to 15
THE WOODLEIGH RESIDENCES,"2,392,000","1,119.46","2,137",Nov-21,BIDADARI PARK DRIVE,New Sale,Strata,104,"23,000",-,Apartment,1,99 yrs lease commencing from 2017,13,Rest of Central Region,06 to 10
THE WOODLEIGH RESIDENCES,"1,731,000",742.72,"2,331",Nov-21,BIDADARI PARK DRIVE,New Sale,Strata,69,"25,087",-,Apartment,1,99 yrs lease commencing from 2017,13,Rest of Central Region,06 to 10
THE WOODLEIGH RESIDENCES,"1,936,000",958,"2,021",Nov-21,BIDADARI PARK DRIVE,New Sale,Strata,89,"21,753",-,Apartment,1,99 yrs lease commencing from 2017,13,Rest of Central Region,01 to 05
SENNETT RESIDENCE,"895,000",581.26,"1,540",Nov-21,PHENG GECK AVENUE,Resale,Strata,54,"16,574",-,Condominium,1,99 yrs lease commencing from 2011,13,Rest of Central Region,01 to 05
PARK COLONIAL,"1,985,000","1,022.58","1,941",Nov-21,WOODLEIGH LANE,Sub Sale,Strata,95,"20,895",-,Condominium,1,99 yrs lease commencing from 2017,13,Rest of Central Region,11 to 15
THE WOODLEIGH RESIDENCES,"1,790,000",850.36,"2,105",Nov-21,BIDADARI PARK DRIVE,New Sale,Strata,79,"22,658",-,Apartment,1,99 yrs lease commencing from 2017,13,Rest of Central Region,06 to 10
THE WOODLEIGH RESIDENCES,"1,800,000",850.36,"2,117",Nov-21,BIDADARI PARK DRIVE,New Sale,Strata,79,"22,785",-,Apartment,1,99 yrs lease commencing from 2017,13,Rest of Central Region,06 to 10
THE WOODLEIGH RESIDENCES,"1,591,000",742.72,"2,142",Nov-21,BIDADARI PARK DRIVE,New Sale,Strata,69,"23,058",-,Apartment,1,99 yrs lease commencing from 2017,13,Rest of Central Region,01 to 05
THE WOODLEIGH RESIDENCES,"2,073,000",958,"2,164",Nov-21,BIDADARI PARK DRIVE,New Sale,Strata,89,"23,292",-,Apartment,1,99 yrs lease commencing from 2017,13,Rest of Central Region,06 to 10
MYRA,"1,800,000",871.88,"2,064",Nov-21,MEYAPPA CHETTIAR ROAD,New Sale,Strata,81,"22,222",-,Apartment,1,Freehold,13,Rest of Central Region,01 to 05
THE WOODLEIGH RESIDENCES,"2,108,000",958,"2,200",Nov-21,BIDADARI PARK DRIVE,New Sale,Strata,89,"23,685",-,Apartment,1,99 yrs lease commencing from 2017,13,Rest of Central Region,06 to 10
THE WOODLEIGH RESIDENCES,"2,906,000","1,270.15","2,288",Nov-21,BIDADARI PARK DRIVE,New Sale,Strata,118,"24,627",-,Apartment,1,99 yrs lease commencing from 2017,13,Rest of Central Region,11 to 15
MYRA,"1,031,800",473.62,"2,179",Nov-21,MEYAPPA CHETTIAR ROAD,New Sale,Strata,44,"23,450",-,Apartment,1,Freehold,13,Rest of Central Region,01 to 05
MYRA,"2,801,360","1,313.21","2,133",Nov-21,MEYAPPA CHETTIAR ROAD,New Sale,Strata,122,"22,962",-,Apartment,1,Freehold,13,Rest of Central Region,11 to 15
PARC MONDRIAN,"1,439,000",904.18,"1,592",Nov-21,WOODLEIGH CLOSE,Resale,Strata,84,"17,131",-,Apartment,1,Freehold,13,Rest of Central Region,11 to 15
E MAISON,"1,360,000",904.18,"1,504",Nov-21,BRADDELL ROAD,Resale,Strata,84,"16,190",-,Apartment,1,Freehold,13,Outside Central Region,01 to 05
THE WOODLEIGH RESIDENCES,"2,123,000",958,"2,216",Nov-21,BIDADARI PARK DRIVE,New Sale,Strata,89,"23,854",-,Apartment,1,99 yrs lease commencing from 2017,13,Rest of Central Region,06 to 10
THE POIZ RESIDENCES,"712,000",419.8,"1,696",Nov-21,MEYAPPA CHETTIAR ROAD,Resale,Strata,39,"18,256",-,Apartment,1,99 yrs lease commencing from 2014,13,Rest of Central Region,01 to 05
BARTLEY RIDGE,"1,938,000","1,302.44","1,488",Nov-21,MOUNT VERNON ROAD,Resale,Strata,121,"16,017",-,Condominium,1,99 yrs lease commencing from 2012,13,Rest of Central Region,11 to 15
NIN RESIDENCE,"1,268,000","1,097.93","1,155",Nov-21,PHENG GECK AVENUE,Resale,Strata,102,"12,431",-,Apartment,1,99 yrs lease commencing from 2010,13,Rest of Central Region,01 to 05
18 WOODSVILLE,"730,000",495.14,"1,474",Nov-21,WOODSVILLE CLOSE,Resale,Strata,46,"15,870",-,Apartment,1,Freehold,13,Rest of Central Region,06 to 10
THE TRE VER,"1,760,000","1,054.87","1,668",Nov-21,POTONG PASIR AVENUE 1,Sub Sale,Strata,98,"17,959",-,Condominium,1,99 yrs lease commencing from 2018,13,Rest of Central Region,06 to 10
BLOSSOMS @ WOODLEIGH,"2,020,000","1,420.85","1,422",Nov-21,WOODLEIGH CLOSE,Resale,Strata,132,"15,303",-,Condominium,1,Freehold,13,Rest of Central Region,01 to 05
THE POIZ RESIDENCES,"940,000",527.44,"1,782",Nov-21,MEYAPPA CHETTIAR ROAD,Resale,Strata,49,"19,184",-,Apartment,1,99 yrs lease commencing from 2014,13,Rest of Central Region,06 to 10
THE POIZ RESIDENCES,"750,000",419.8,"1,787",Nov-21,MEYAPPA CHETTIAR ROAD,Resale,Strata,39,"19,231",-,Apartment,1,99 yrs lease commencing from 2014,13,Rest of Central Region,16 to 20
NIN RESIDENCE,"768,000",484.38,"1,586",Nov-21,PHENG GECK AVENUE,Resale,Strata,45,"17,067",-,Apartment,1,99 yrs lease commencing from 2010,13,Rest of Central Region,16 to 20
THE WOODLEIGH RESIDENCES,"2,382,000","1,119.46","2,128",Nov-21,BIDADARI PARK DRIVE,New Sale,Strata,104,"22,904",-,Apartment,1,99 yrs lease commencing from 2017,13,Rest of Central Region,06 to 10
SENNETT RESIDENCE,"1,140,000",710.42,"1,605",Nov-21,PHENG GECK AVENUE,Resale,Strata,66,"17,273",-,Condominium,1,99 yrs lease commencing from 2011,13,Rest of Central Region,11 to 15
THE POIZ RESIDENCES,"938,000",527.44,"1,778",Nov-21,MEYAPPA CHETTIAR ROAD,Resale,Strata,49,"19,143",-,Apartment,1,99 yrs lease commencing from 2014,13,Rest of Central Region,11 to 15
THE WOODLEIGH RESIDENCES,"3,330,000","1,474.67","2,258",Nov-21,BIDADARI PARK DRIVE,New Sale,Strata,137,"24,307",-,Apartment,1,99 yrs lease commencing from 2017,13,Rest of Central Region,06 to 10
THE WOODLEIGH RESIDENCES,"2,075,000",958,"2,166",Nov-21,BIDADARI PARK DRIVE,New Sale,Strata,89,"23,315",-,Apartment,1,99 yrs lease commencing from 2017,13,Rest of Central Region,06 to 10
THE WOODLEIGH RESIDENCES,"2,645,000","1,270.15","2,082",Nov-21,BIDADARI PARK DRIVE,New Sale,Strata,118,"22,415",-,Apartment,1,99 yrs lease commencing from 2017,13,Rest of Central Region,01 to 05
THE WOODLEIGH RESIDENCES,"2,088,000",958,"2,180",Nov-21,BIDADARI PARK DRIVE,New Sale,Strata,89,"23,461",-,Apartment,1,99 yrs lease commencing from 2017,13,Rest of Central Region,06 to 10
THE WOODLEIGH RESIDENCES,"1,983,000",958,"2,070",Nov-21,BIDADARI PARK DRIVE,New Sale,Strata,89,"22,281",-,Apartment,1,99 yrs lease commencing from 2017,13,Rest of Central Region,11 to 15
THE WOODLEIGH RESIDENCES,"2,003,000",958,"2,091",Nov-21,BIDADARI PARK DRIVE,New Sale,Strata,89,"22,506",-,Apartment,1,99 yrs lease commencing from 2017,13,Rest of Central Region,11 to 15
THE WOODLEIGH RESIDENCES,"2,183,000",958,"2,279",Nov-21,BIDADARI PARK DRIVE,New Sale,Strata,89,"24,528",-,Apartment,1,99 yrs lease commencing from 2017,13,Rest of Central Region,11 to 15
THE WOODLEIGH RESIDENCES,"1,731,000",742.72,"2,331",Nov-21,BIDADARI PARK DRIVE,New Sale,Strata,69,"25,087",-,Apartment,1,99 yrs lease commencing from 2017,13,Rest of Central Region,11 to 15
THE WOODLEIGH RESIDENCES,"1,790,000",850.36,"2,105",Nov-21,BIDADARI PARK DRIVE,New Sale,Strata,79,"22,658",-,Apartment,1,99 yrs lease commencing from 2017,13,Rest of Central Region,06 to 10
8@WOODLEIGH,"1,468,000",958,"1,532",Nov-21,WOODLEIGH CLOSE,Resale,Strata,89,"16,494",-,Condominium,1,99 yrs lease commencing from 2008,13,Rest of Central Region,11 to 15
THE WOODLEIGH RESIDENCES,"1,745,000",850.36,"2,052",Nov-21,BIDADARI PARK DRIVE,New Sale,Strata,79,"22,089",-,Apartment,1,99 yrs lease commencing from 2017,13,Rest of Central Region,06 to 10
BARTLEY RIDGE,"1,612,888","1,033.34","1,561",Nov-21,MOUNT VERNON ROAD,Resale,Strata,96,"16,801",-,Condominium,1,99 yrs lease commencing from 2012,13,Rest of Central Region,11 to 15
BARTLEY RIDGE,"700,000",441.32,"1,586",Nov-21,MOUNT VERNON ROAD,Resale,Strata,41,"17,073",-,Condominium,1,99 yrs lease commencing from 2012,13,Rest of Central Region,06 to 10
8@WOODLEIGH,"1,350,000",947.23,"1,425",Nov-21,WOODLEIGH CLOSE,Resale,Strata,88,"15,341",-,Condominium,1,99 yrs lease commencing from 2008,13,Rest of Central Region,06 to 10
THE WOODLEIGH RESIDENCES,"3,336,000","1,474.67","2,262",Nov-21,BIDADARI PARK DRIVE,New Sale,Strata,137,"24,350",-,Apartment,1,99 yrs lease commencing from 2017,13,Rest of Central Region,06 to 10
BARTLEY RIDGE,"1,830,000","1,227.1","1,491",Nov-21,MOUNT VERNON ROAD,Resale,Strata,114,"16,053",-,Condominium,1,99 yrs lease commencing from 2012,13,Rest of Central Region,01 to 05
BARTLEY RIDGE,"1,880,000","1,560.78","1,205",Nov-21,MOUNT VERNON ROAD,Resale,Strata,145,"12,966",-,Condominium,1,99 yrs lease commencing from 2012,13,Rest of Central Region,16 to 20
THE TRE VER,"1,110,000",613.55,"1,809",Nov-21,POTONG PASIR AVENUE 1,Sub Sale,Strata,57,"19,474",-,Condominium,1,99 yrs lease commencing from 2018,13,Rest of Central Region,16 to 20
THE WOODLEIGH RESIDENCES,"2,060,000",958,"2,150",Nov-21,BIDADARI PARK DRIVE,New Sale,Strata,89,"23,146",-,Apartment,1,99 yrs lease commencing from 2017,13,Rest of Central Region,06 to 10
THE WOODLEIGH RESIDENCES,"1,596,000",742.72,"2,149",Nov-21,BIDADARI PARK DRIVE,New Sale,Strata,69,"23,130",-,Apartment,1,99 yrs lease commencing from 2017,13,Rest of Central Region,01 to 05
THE WOODLEIGH RESIDENCES,"2,715,000","1,270.15","2,138",Nov-21,BIDADARI PARK DRIVE,New Sale,Strata,118,"23,008",-,Apartment,1,99 yrs lease commencing from 2017,13,Rest of Central Region,11 to 15
THE WOODLEIGH RESIDENCES,"2,750,000","1,270.15","2,165",Nov-21,BIDADARI PARK DRIVE,New Sale,Strata,118,"23,305",-,Apartment,1,99 yrs lease commencing from 2017,13,Rest of Central Region,06 to 10
LEICESTER SUITES,"783,000",462.85,"1,692",Nov-21,LEICESTER ROAD,Resale,Strata,43,"18,209",-,Apartment,1,Freehold,13,Rest of Central Region,06 to 10
PARK COLONIAL,"1,362,000",678.13,"2,008",Nov-21,WOODLEIGH LANE,Sub Sale,Strata,63,"21,619",-,Condominium,1,99 yrs lease commencing from 2017,13,Rest of Central Region,11 to 15
THE WOODLEIGH RESIDENCES,"1,716,000",742.72,"2,310",Nov-21,BIDADARI PARK DRIVE,New Sale,Strata,69,"24,870",-,Apartment,1,99 yrs lease commencing from 2017,13,Rest of Central Region,06 to 10
DAISY SUITES,"990,000",796.54,"1,243",Nov-21,DAISY ROAD,Resale,Strata,74,"13,378",-,Apartment,1,Freehold,13,Outside Central Region,01 to 05
THE VENUE RESIDENCES,"1,830,000","1,151.75","1,589",Nov-21,TAI THONG CRESCENT,Resale,Strata,107,"17,103",-,Apartment,1,99 yrs lease commencing from 2012,13,Rest of Central Region,16 to 20
BARTLEY RIDGE,"1,320,000",850.36,"1,552",Nov-21,MOUNT VERNON ROAD,Resale,Strata,79,"16,709",-,Condominium,1,99 yrs lease commencing from 2012,13,Rest of Central Region,11 to 15
BARTLEY RIDGE,"1,438,000",968.76,"1,484",Nov-21,MOUNT VERNON ROAD,Resale,Strata,90,"15,978",-,Condominium,1,99 yrs lease commencing from 2012,13,Rest of Central Region,01 to 05
R MAISON,"848,000",581.26,"1,459",Nov-21,SOMMERVILLE WALK,Resale,Strata,54,"15,704",-,Apartment,1,Freehold,13,Outside Central Region,01 to 05
THE VENUE RESIDENCES,"1,210,000",839.59,"1,441",Nov-21,TAI THONG CRESCENT,Resale,Strata,78,"15,513",-,Apartment,1,99 yrs lease commencing from 2012,13,Rest of Central Region,01 to 05
BARTLEY RIDGE,"792,000",495.14,"1,600",Nov-21,MOUNT VERNON ROAD,Resale,Strata,46,"17,217",-,Condominium,1,99 yrs lease commencing from 2012,13,Rest of Central Region,06 to 10
THE WOODLEIGH RESIDENCES,"2,705,000","1,270.15","2,130",Oct-21,BIDADARI PARK DRIVE,New Sale,Strata,118,"22,924",-,Apartment,1,99 yrs lease commencing from 2017,13,Rest of Central Region,06 to 10
THE WOODLEIGH RESIDENCES,"1,830,000",850.36,"2,152",Oct-21,BIDADARI PARK DRIVE,New Sale,Strata,79,"23,165",-,Apartment,1,99 yrs lease commencing from 2017,13,Rest of Central Region,11 to 15
THE WOODLEIGH RESIDENCES,"2,070,000",958,"2,161",Oct-21,BIDADARI PARK DRIVE,New Sale,Strata,89,"23,258",-,Apartment,1,99 yrs lease commencing from 2017,13,Rest of Central Region,01 to 05
THE POIZ RESIDENCES,"1,920,000","1,108.69","1,732",Oct-21,MEYAPPA CHETTIAR ROAD,Resale,Strata,103,"18,641",-,Apartment,1,99 yrs lease commencing from 2014,13,Rest of Central Region,06 to 10
THE POIZ RESIDENCES,"850,000",592.02,"1,436",Oct-21,MEYAPPA CHETTIAR ROAD,Resale,Strata,55,"15,455",-,Apartment,1,99 yrs lease commencing from 2014,13,Rest of Central Region,16 to 20
BARTLEY RIDGE,"752,888",462.85,"1,627",Oct-21,MOUNT VERNON ROAD,Resale,Strata,43,"17,509",-,Condominium,1,99 yrs lease commencing from 2012,13,Rest of Central Region,06 to 10
THE WOODLEIGH RESIDENCES,"2,700,000","1,270.15","2,126",Oct-21,BIDADARI PARK DRIVE,New Sale,Strata,118,"22,881",-,Apartment,1,99 yrs lease commencing from 2017,13,Rest of Central Region,06 to 10
BARTLEY RIDGE,"1,125,000",721.19,"1,560",Oct-21,MOUNT VERNON ROAD,Resale,Strata,67,"16,791",-,Condominium,1,99 yrs lease commencing from 2012,13,Rest of Central Region,06 to 10
SKY GREEN,"735,000",473.62,"1,552",Oct-21,MACPHERSON ROAD,Resale,Strata,44,"16,705",-,Condominium,1,Freehold,13,Rest of Central Region,01 to 05
THE WOODLEIGH RESIDENCES,"1,800,000",850.36,"2,117",Oct-21,BIDADARI PARK DRIVE,New Sale,Strata,79,"22,785",-,Apartment,1,99 yrs lease commencing from 2017,13,Rest of Central Region,01 to 05
THE VENUE RESIDENCES,"795,000",505.91,"1,571",Oct-21,TAI THONG CRESCENT,Resale,Strata,47,"16,915",-,Apartment,1,99 yrs lease commencing from 2012,13,Rest of Central Region,01 to 05
MYRA,"1,470,000",678.13,"2,168",Oct-21,MEYAPPA CHETTIAR ROAD,New Sale,Strata,63,"23,333",-,Apartment,1,Freehold,13,Rest of Central Region,01 to 05
THE WOODLEIGH RESIDENCES,"2,128,000",958,"2,221",Oct-21,BIDADARI PARK DRIVE,New Sale,Strata,89,"23,910",-,Apartment,1,99 yrs lease commencing from 2017,13,Rest of Central Region,11 to 15
THE WOODLEIGH RESIDENCES,"1,956,000",958,"2,042",Oct-21,BIDADARI PARK DRIVE,New Sale,Strata,89,"21,978",-,Apartment,1,99 yrs lease commencing from 2017,13,Rest of Central Region,06 to 10
THE POIZ RESIDENCES,"730,000",419.8,"1,739",Oct-21,MEYAPPA CHETTIAR ROAD,Resale,Strata,39,"18,718",-,Apartment,1,99 yrs lease commencing from 2014,13,Rest of Central Region,11 to 15
THE VENUE RESIDENCES,"1,858,000","1,237.86","1,501",Oct-21,TAI THONG CRESCENT,Resale,Strata,115,"16,157",-,Apartment,1,99 yrs lease commencing from 2012,13,Rest of Central Region,06 to 10
NIN RESIDENCE,"2,100,000","2,357.32",891,Oct-21,PHENG GECK AVENUE,Resale,Strata,219,"9,589",-,Apartment,1,99 yrs lease commencing from 2010,13,Rest of Central Region,01 to 05
SENNETT RESIDENCE,"913,000",592.02,"1,542",Oct-21,PHENG GECK AVENUE,Resale,Strata,55,"16,600",-,Condominium,1,99 yrs lease commencing from 2011,13,Rest of Central Region,01 to 05
THE VENUE RESIDENCES,"1,850,000","1,237.86","1,495",Oct-21,TAI THONG CRESCENT,Resale,Strata,115,"16,087",-,Apartment,1,99 yrs lease commencing from 2012,13,Rest of Central Region,11 to 15
SENNETT RESIDENCE,"818,000",505.91,"1,617",Oct-21,PHENG GECK AVENUE,Resale,Strata,47,"17,404",-,Condominium,1,99 yrs lease commencing from 2011,13,Rest of Central Region,01 to 05
THE WOODLEIGH RESIDENCES,"2,060,000",958,"2,150",Oct-21,BIDADARI PARK DRIVE,New Sale,Strata,89,"23,146",-,Apartment,1,99 yrs lease commencing from 2017,13,Rest of Central Region,06 to 10
THE WOODLEIGH RESIDENCES,"2,060,000",958,"2,150",Oct-21,BIDADARI PARK DRIVE,New Sale,Strata,89,"23,146",-,Apartment,1,99 yrs lease commencing from 2017,13,Rest of Central Region,06 to 10
THE POIZ RESIDENCES,"1,320,000",753.48,"1,752",Oct-21,MEYAPPA CHETTIAR ROAD,Resale,Strata,70,"18,857",-,Apartment,1,99 yrs lease commencing from 2014,13,Rest of Central Region,06 to 10
SANT RITZ,"1,085,000",656.6,"1,652",Oct-21,PHENG GECK AVENUE,Resale,Strata,61,"17,787",-,Condominium,1,99 yrs lease commencing from 2012,13,Rest of Central Region,11 to 15
THE POIZ RESIDENCES,"2,493,000","1,485.43","1,678",Oct-21,MEYAPPA CHETTIAR ROAD,Resale,Strata,138,"18,065",-,Apartment,1,99 yrs lease commencing from 2014,13,Rest of Central Region,11 to 15
SANT RITZ,"1,720,000","1,259.39","1,366",Oct-21,PHENG GECK AVENUE,Resale,Strata,117,"14,701",-,Condominium,1,99 yrs lease commencing from 2012,13,Rest of Central Region,06 to 10
THE WOODLEIGH RESIDENCES,"1,953,000",958,"2,039",Oct-21,BIDADARI PARK DRIVE,New Sale,Strata,89,"21,944",-,Apartment,1,99 yrs lease commencing from 2017,13,Rest of Central Region,06 to 10
BARTLEY RIDGE,"1,585,000","1,044.11","1,518",Oct-21,MOUNT VERNON ROAD,Resale,Strata,97,"16,340",-,Condominium,1,99 yrs lease commencing from 2012,13,Rest of Central Region,06 to 10
BARTLEY RIDGE,"1,690,000","1,173.28","1,440",Oct-21,MOUNT VERNON ROAD,Resale,Strata,109,"15,505",-,Condominium,1,99 yrs lease commencing from 2012,13,Rest of Central Region,01 to 05
THE POIZ RESIDENCES,"735,000",419.8,"1,751",Oct-21,MEYAPPA CHETTIAR ROAD,Resale,Strata,39,"18,846",-,Apartment,1,99 yrs lease commencing from 2014,13,Rest of Central Region,06 to 10
E MAISON,"778,000",570.49,"1,364",Oct-21,BRADDELL ROAD,Resale,Strata,53,"14,679",-,Apartment,1,Freehold,13,Outside Central Region,01 to 05
THE VENUE RESIDENCES,"1,880,000","1,237.86","1,519",Oct-21,TAI THONG CRESCENT,Resale,Strata,115,"16,348",-,Apartment,1,99 yrs lease commencing from 2012,13,Rest of Central Region,06 to 10
THE WOODLEIGH RESIDENCES,"2,876,000","1,270.15","2,264",Oct-21,BIDADARI PARK DRIVE,New Sale,Strata,118,"24,373",-,Apartment,1,99 yrs lease commencing from 2017,13,Rest of Central Region,11 to 15
THE POIZ RESIDENCES,"1,020,000",581.26,"1,755",Oct-21,MEYAPPA CHETTIAR ROAD,Resale,Strata,54,"18,889",-,Apartment,1,99 yrs lease commencing from 2014,13,Rest of Central Region,11 to 15
THE WOODLEIGH RESIDENCES,"1,721,000",742.72,"2,317",Oct-21,BIDADARI PARK DRIVE,New Sale,Strata,69,"24,942",-,Apartment,1,99 yrs lease commencing from 2017,13,Rest of Central Region,11 to 15
BARTLEY RIDGE,"738,000",462.85,"1,594",Oct-21,MOUNT VERNON ROAD,Resale,Strata,43,"17,163",-,Condominium,1,99 yrs lease commencing from 2012,13,Rest of Central Region,11 to 15
E MAISON,"799,000",581.26,"1,375",Oct-21,BRADDELL ROAD,Resale,Strata,54,"14,796",-,Apartment,1,Freehold,13,Outside Central Region,01 to 05
THE WOODLEIGH RESIDENCES,"2,060,000",958,"2,150",Oct-21,BIDADARI PARK DRIVE,New Sale,Strata,89,"23,146",-,Apartment,1,99 yrs lease commencing from 2017,13,Rest of Central Region,06 to 10
THE WOODLEIGH RESIDENCES,"2,060,000",958,"2,150",Oct-21,BIDADARI PARK DRIVE,New Sale,Strata,89,"23,146",-,Apartment,1,99 yrs lease commencing from 2017,13,Rest of Central Region,06 to 10
BARTLEY RIDGE,"1,080,000",731.95,"1,476",Oct-21,MOUNT VERNON ROAD,Resale,Strata,68,"15,882",-,Condominium,1,99 yrs lease commencing from 2012,13,Rest of Central Region,06 to 10
BARTLEY RIDGE,"718,000",462.85,"1,551",Oct-21,MOUNT VERNON ROAD,Resale,Strata,43,"16,698",-,Condominium,1,99 yrs lease commencing from 2012,13,Rest of Central Region,06 to 10
THE WOODLEIGH RESIDENCES,"2,128,000",958,"2,221",Oct-21,BIDADARI PARK DRIVE,New Sale,Strata,89,"23,910",-,Apartment,1,99 yrs lease commencing from 2017,13,Rest of Central Region,06 to 10
THE WOODLEIGH RESIDENCES,"2,158,000",958,"2,253",Oct-21,BIDADARI PARK DRIVE,New Sale,Strata,89,"24,247",-,Apartment,1,99 yrs lease commencing from 2017,13,Rest of Central Region,11 to 15
8@WOODLEIGH,"1,700,000","1,097.93","1,548",Oct-21,WOODLEIGH CLOSE,Resale,Strata,102,"16,667",-,Condominium,1,99 yrs lease commencing from 2008,13,Rest of Central Region,01 to 05
MYRA,"2,793,000","1,313.21","2,127",Oct-21,MEYAPPA CHETTIAR ROAD,New Sale,Strata,122,"22,893",-,Apartment,1,Freehold,13,Rest of Central Region,06 to 10
NIN RESIDENCE,"1,200,000",904.18,"1,327",Oct-21,PHENG GECK AVENUE,Resale,Strata,84,"14,286",-,Apartment,1,99 yrs lease commencing from 2010,13,Rest of Central Region,01 to 05
THE POIZ RESIDENCES,"970,000",581.26,"1,669",Oct-21,MEYAPPA CHETTIAR ROAD,Resale,Strata,54,"17,963",-,Apartment,1,99 yrs lease commencing from 2014,13,Rest of Central Region,01 to 05
THE VENUE RESIDENCES,"1,668,000","1,130.22","1,476",Oct-21,TAI THONG CRESCENT,Resale,Strata,105,"15,886",-,Apartment,1,99 yrs lease commencing from 2012,13,Rest of Central Region,06 to 10
BARTLEY RIDGE,"2,098,000","1,550.02","1,354",Oct-21,MOUNT VERNON ROAD,Resale,Strata,144,"14,569",-,Condominium,1,99 yrs lease commencing from 2012,13,Rest of Central Region,11 to 15
PARK COLONIAL,"1,320,000",635.08,"2,078",Sep-21,WOODLEIGH LANE,Sub Sale,Strata,59,"22,373",-,Condominium,1,99 yrs lease commencing from 2017,13,Rest of Central Region,01 to 05
SKY GREEN,"1,790,000","1,162.51","1,540",Sep-21,MACPHERSON ROAD,Resale,Strata,108,"16,574",-,Condominium,1,Freehold,13,Rest of Central Region,01 to 05
THE POIZ RESIDENCES,"738,000",419.8,"1,758",Sep-21,MEYAPPA CHETTIAR ROAD,Resale,Strata,39,"18,923",-,Apartment,1,99 yrs lease commencing from 2014,13,Rest of Central Region,06 to 10
THE POIZ RESIDENCES,"1,360,000",807.3,"1,685",Sep-21,MEYAPPA CHETTIAR ROAD,Resale,Strata,75,"18,133",-,Apartment,1,99 yrs lease commencing from 2014,13,Rest of Central Region,16 to 20
BARTLEY RIDGE,"695,000",441.32,"1,575",Sep-21,MOUNT VERNON ROAD,Resale,Strata,41,"16,951",-,Condominium,1,99 yrs lease commencing from 2012,13,Rest of Central Region,06 to 10
E MAISON,"1,390,000",904.18,"1,537",Sep-21,BRADDELL ROAD,Resale,Strata,84,"16,548",-,Apartment,1,Freehold,13,Outside Central Region,01 to 05
BARTLEY RIDGE,"690,000",462.85,"1,491",Sep-21,MOUNT VERNON ROAD,Resale,Strata,43,"16,047",-,Condominium,1,99 yrs lease commencing from 2012,13,Rest of Central Region,06 to 10
THE WOODLEIGH RESIDENCES,"1,651,000",742.72,"2,223",Sep-21,BIDADARI PARK DRIVE,New Sale,Strata,69,"23,928",-,Apartment,1,99 yrs lease commencing from 2017,13,Rest of Central Region,06 to 10
THE WOODLEIGH RESIDENCES,"1,661,000",742.72,"2,236",Sep-21,BIDADARI PARK DRIVE,New Sale,Strata,69,"24,072",-,Apartment,1,99 yrs lease commencing from 2017,13,Rest of Central Region,06 to 10
THE WOODLEIGH RESIDENCES,"2,159,000","1,076.4","2,006",Sep-21,BIDADARI PARK DRIVE,New Sale,Strata,100,"21,590",-,Apartment,1,99 yrs lease commencing from 2017,13,Rest of Central Region,01 to 05
THE WOODLEIGH RESIDENCES,"1,711,000",742.72,"2,304",Sep-21,BIDADARI PARK DRIVE,New Sale,Strata,69,"24,797",-,Apartment,1,99 yrs lease commencing from 2017,13,Rest of Central Region,11 to 15
THE VENUE RESIDENCES,"1,860,000","1,237.86","1,503",Sep-21,TAI THONG CRESCENT,Resale,Strata,115,"16,174",-,Apartment,1,99 yrs lease commencing from 2012,13,Rest of Central Region,11 to 15
R MAISON,"860,000",699.66,"1,229",Sep-21,SOMMERVILLE WALK,Resale,Strata,65,"13,231",-,Apartment,1,Freehold,13,Outside Central Region,01 to 05
THE WOODLEIGH RESIDENCES,"2,735,000","1,270.15","2,153",Sep-21,BIDADARI PARK DRIVE,New Sale,Strata,118,"23,178",-,Apartment,1,99 yrs lease commencing from 2017,13,Rest of Central Region,11 to 15
BARTLEY RIDGE,"750,000",495.14,"1,515",Sep-21,MOUNT VERNON ROAD,Resale,Strata,46,"16,304",-,Condominium,1,99 yrs lease commencing from 2012,13,Rest of Central Region,06 to 10
THE WOODLEIGH RESIDENCES,"1,760,000",850.36,"2,070",Sep-21,BIDADARI PARK DRIVE,New Sale,Strata,79,"22,278",-,Apartment,1,99 yrs lease commencing from 2017,13,Rest of Central Region,01 to 05
BARTLEY RIDGE,"2,020,000","1,550.02","1,303",Sep-21,MOUNT VERNON ROAD,Resale,Strata,144,"14,028",-,Condominium,1,99 yrs lease commencing from 2012,13,Rest of Central Region,06 to 10
THE POIZ RESIDENCES,"745,000",419.8,"1,775",Sep-21,MEYAPPA CHETTIAR ROAD,Resale,Strata,39,"19,103",-,Apartment,1,99 yrs lease commencing from 2014,13,Rest of Central Region,16 to 20
THE VENUE RESIDENCES,"1,644,000","1,130.22","1,455",Sep-21,TAI THONG CRESCENT,Resale,Strata,105,"15,657",-,Apartment,1,99 yrs lease commencing from 2012,13,Rest of Central Region,01 to 05
THE WOODLEIGH RESIDENCES,"2,164,000","1,076.4","2,010",Sep-21,BIDADARI PARK DRIVE,New Sale,Strata,100,"21,640",-,Apartment,1,99 yrs lease commencing from 2017,13,Rest of Central Region,06 to 10
THE WOODLEIGH RESIDENCES,"1,418,000",667.37,"2,125",Sep-21,BIDADARI PARK DRIVE,New Sale,Strata,62,"22,871",-,Apartment,1,99 yrs lease commencing from 2017,13,Rest of Central Region,11 to 15
THE TRE VER,"1,818,000","1,097.93","1,656",Sep-21,POTONG PASIR AVENUE 1,Sub Sale,Strata,102,"17,824",-,Condominium,1,99 yrs lease commencing from 2018,13,Rest of Central Region,01 to 05
THE SCENIC @ BRADDELL,"1,250,000",904.18,"1,382",Sep-21,BRADDELL ROAD,Resale,Strata,84,"14,881",-,Apartment,1,Freehold,13,Outside Central Region,01 to 05
8@WOODLEIGH,"1,630,000","1,076.4","1,514",Sep-21,WOODLEIGH CLOSE,Resale,Strata,100,"16,300",-,Condominium,1,99 yrs lease commencing from 2008,13,Rest of Central Region,01 to 05
HAPPY MANSION,"1,408,000","1,367.03","1,030",Sep-21,HAPPY AVENUE NORTH,Resale,Strata,127,"11,087",-,Apartment,1,Freehold,13,Rest of Central Region,01 to 05
THE WOODLEIGH RESIDENCES,"1,780,000",850.36,"2,093",Sep-21,BIDADARI PARK DRIVE,New Sale,Strata,79,"22,532",-,Apartment,1,99 yrs lease commencing from 2017,13,Rest of Central Region,06 to 10
SANT RITZ,"1,020,000",656.6,"1,553",Sep-21,PHENG GECK AVENUE,Resale,Strata,61,"16,721",-,Condominium,1,99 yrs lease commencing from 2012,13,Rest of Central Region,01 to 05
LEICESTER SUITES,"770,000",452.09,"1,703",Sep-21,LEICESTER ROAD,Resale,Strata,42,"18,333",-,Apartment,1,Freehold,13,Rest of Central Region,06 to 10
THE WOODLEIGH RESIDENCES,"1,966,000",958,"2,052",Sep-21,BIDADARI PARK DRIVE,New Sale,Strata,89,"22,090",-,Apartment,1,99 yrs lease commencing from 2017,13,Rest of Central Region,11 to 15
THE WOODLEIGH RESIDENCES,"2,060,000",958,"2,150",Sep-21,BIDADARI PARK DRIVE,New Sale,Strata,89,"23,146",-,Apartment,1,99 yrs lease commencing from 2017,13,Rest of Central Region,06 to 10
MYRA,"1,844,000",871.88,"2,115",Sep-21,MEYAPPA CHETTIAR ROAD,New Sale,Strata,81,"22,765",-,Apartment,1,Freehold,13,Rest of Central Region,06 to 10
THE WOODLEIGH RESIDENCES,"1,790,000",850.36,"2,105",Sep-21,BIDADARI PARK DRIVE,New Sale,Strata,79,"22,658",-,Apartment,1,99 yrs lease commencing from 2017,13,Rest of Central Region,06 to 10
THE POIZ RESIDENCES,"793,800",441.32,"1,799",Sep-21,MEYAPPA CHETTIAR ROAD,Resale,Strata,41,"19,361",-,Apartment,1,99 yrs lease commencing from 2014,13,Rest of Central Region,16 to 20
NIN RESIDENCE,"1,520,000","1,754.53",866,Sep-21,PHENG GECK AVENUE,Resale,Strata,163,"9,325",-,Apartment,1,99 yrs lease commencing from 2010,13,Rest of Central Region,01 to 05
THE WOODLEIGH RESIDENCES,"2,138,000",958,"2,232",Sep-21,BIDADARI PARK DRIVE,New Sale,Strata,89,"24,022",-,Apartment,1,99 yrs lease commencing from 2017,13,Rest of Central Region,06 to 10
ONE LEICESTER,"2,000,000","1,636.13","1,222",Sep-21,LEICESTER ROAD,Resale,Strata,152,"13,158",-,Condominium,1,Freehold,13,Rest of Central Region,01 to 05
NIN RESIDENCE,"1,180,000",904.18,"1,305",Sep-21,PHENG GECK AVENUE,Resale,Strata,84,"14,048",-,Apartment,1,99 yrs lease commencing from 2010,13,Rest of Central Region,11 to 15
WOODSVILLE 28,"1,260,000",904.18,"1,394",Sep-21,WOODSVILLE CLOSE,Resale,Strata,84,"15,000",-,Apartment,1,99 yrs lease commencing from 2007,13,Rest of Central Region,16 to 20
SANT RITZ,"1,430,000",958,"1,493",Sep-21,PHENG GECK AVENUE,Resale,Strata,89,"16,067",-,Condominium,1,99 yrs lease commencing from 2012,13,Rest of Central Region,16 to 20
THE VENUE RESIDENCES,"1,295,000",839.59,"1,542",Sep-21,TAI THONG CRESCENT,Resale,Strata,78,"16,603",-,Apartment,1,99 yrs lease commencing from 2012,13,Rest of Central Region,11 to 15
MYRA,"1,830,000",871.88,"2,099",Sep-21,MEYAPPA CHETTIAR ROAD,New Sale,Strata,81,"22,593",-,Apartment,1,Freehold,13,Rest of Central Region,06 to 10
SKY GREEN,"1,335,000",796.54,"1,676",Sep-21,MACPHERSON ROAD,Resale,Strata,74,"18,041",-,Condominium,1,Freehold,13,Rest of Central Region,11 to 15
THE POIZ RESIDENCES,"1,510,000",839.59,"1,798",Sep-21,MEYAPPA CHETTIAR ROAD,Resale,Strata,78,"19,359",-,Apartment,1,99 yrs lease commencing from 2014,13,Rest of Central Region,16 to 20
THE WOODLEIGH RESIDENCES,"1,641,000",742.72,"2,209",Sep-21,BIDADARI PARK DRIVE,New Sale,Strata,69,"23,783",-,Apartment,1,99 yrs lease commencing from 2017,13,Rest of Central Region,06 to 10
THE WOODLEIGH RESIDENCES,"1,636,000",742.72,"2,203",Aug-21,BIDADARI PARK DRIVE,New Sale,Strata,69,"23,710",-,Apartment,1,99 yrs lease commencing from 2017,13,Rest of Central Region,06 to 10
SANT RITZ,"1,080,000",731.95,"1,476",Aug-21,PHENG GECK AVENUE,Resale,Strata,68,"15,882",-,Condominium,1,99 yrs lease commencing from 2012,13,Rest of Central Region,01 to 05
THE WOODLEIGH RESIDENCES,"1,790,000",850.36,"2,105",Aug-21,BIDADARI PARK DRIVE,New Sale,Strata,79,"22,658",-,Apartment,1,99 yrs lease commencing from 2017,13,Rest of Central Region,01 to 05
SERENE VIEW MANSIONS,"2,100,000","2,238.91",938,Aug-21,LORONG SELANGAT,Resale,Strata,208,"10,096",-,Condominium,1,Freehold,13,Outside Central Region,-
BARTLEY RIDGE,"2,330,000","1,862.17","1,251",Aug-21,MOUNT VERNON ROAD,Resale,Strata,173,"13,468",-,Condominium,1,99 yrs lease commencing from 2012,13,Rest of Central Region,16 to 20
THE WOODLEIGH RESIDENCES,"1,790,000",850.36,"2,105",Aug-21,BIDADARI PARK DRIVE,New Sale,Strata,79,"22,658",-,Apartment,1,99 yrs lease commencing from 2017,13,Rest of Central Region,06 to 10
THE WOODLEIGH RESIDENCES,"1,606,000",742.72,"2,162",Aug-21,BIDADARI PARK DRIVE,New Sale,Strata,69,"23,275",-,Apartment,1,99 yrs lease commencing from 2017,13,Rest of Central Region,01 to 05
THE WOODLEIGH RESIDENCES,"2,118,000",958,"2,211",Aug-21,BIDADARI PARK DRIVE,New Sale,Strata,89,"23,798",-,Apartment,1,99 yrs lease commencing from 2017,13,Rest of Central Region,06 to 10
8@WOODLEIGH,"730,000",559.73,"1,304",Aug-21,WOODLEIGH CLOSE,Resale,Strata,52,"14,038",-,Condominium,1,99 yrs lease commencing from 2008,13,Rest of Central Region,01 to 05
BARTLEY RIDGE,"1,462,000",968.76,"1,509",Aug-21,MOUNT VERNON ROAD,Resale,Strata,90,"16,244",-,Condominium,1,99 yrs lease commencing from 2012,13,Rest of Central Region,11 to 15
BARTLEY RIDGE,"2,060,000","1,550.02","1,329",Aug-21,MOUNT VERNON ROAD,Resale,Strata,144,"14,306",-,Condominium,1,99 yrs lease commencing from 2012,13,Rest of Central Region,06 to 10
SKY GREEN,"2,300,000","1,496.2","1,537",Aug-21,MACPHERSON ROAD,Resale,Strata,139,"16,547",-,Condominium,1,Freehold,13,Rest of Central Region,11 to 15
THE POIZ RESIDENCES,"920,000",527.44,"1,744",Aug-21,MEYAPPA CHETTIAR ROAD,Resale,Strata,49,"18,776",-,Apartment,1,99 yrs lease commencing from 2014,13,Rest of Central Region,06 to 10
SANT RITZ,"1,410,000",882.65,"1,597",Aug-21,PHENG GECK AVENUE,Resale,Strata,82,"17,195",-,Condominium,1,99 yrs lease commencing from 2012,13,Rest of Central Region,16 to 20
THE VENUE RESIDENCES,"1,200,000",850.36,"1,411",Aug-21,TAI THONG CRESCENT,Resale,Strata,79,"15,190",-,Apartment,1,99 yrs lease commencing from 2012,13,Rest of Central Region,11 to 15
THE POIZ RESIDENCES,"893,000",538.2,"1,659",Aug-21,MEYAPPA CHETTIAR ROAD,Resale,Strata,50,"17,860",-,Apartment,1,99 yrs lease commencing from 2014,13,Rest of Central Region,06 to 10
THE WOODLEIGH RESIDENCES,"1,601,000",742.72,"2,156",Aug-21,BIDADARI PARK DRIVE,New Sale,Strata,69,"23,203",-,Apartment,1,99 yrs lease commencing from 2017,13,Rest of Central Region,01 to 05
MYRA,"1,926,800",871.88,"2,210",Aug-21,MEYAPPA CHETTIAR ROAD,New Sale,Strata,81,"23,788",-,Apartment,1,Freehold,13,Rest of Central Region,11 to 15
THE WOODLEIGH RESIDENCES,"1,790,000",850.36,"2,105",Aug-21,BIDADARI PARK DRIVE,New Sale,Strata,79,"22,658",-,Apartment,1,99 yrs lease commencing from 2017,13,Rest of Central Region,11 to 15
BARTLEY RIDGE,"1,695,000","1,173.28","1,445",Aug-21,MOUNT VERNON ROAD,Resale,Strata,109,"15,550",-,Condominium,1,99 yrs lease commencing from 2012,13,Rest of Central Region,11 to 15
8@WOODLEIGH,"1,260,000",839.59,"1,501",Aug-21,WOODLEIGH CLOSE,Resale,Strata,78,"16,154",-,Condominium,1,99 yrs lease commencing from 2008,13,Rest of Central Region,01 to 05
PLATINUM EDGE,"1,120,000",796.54,"1,406",Aug-21,LEICESTER ROAD,Resale,Strata,74,"15,135",-,Apartment,1,Freehold,13,Rest of Central Region,06 to 10
THE POIZ RESIDENCES,"948,000",538.2,"1,761",Aug-21,MEYAPPA CHETTIAR ROAD,Resale,Strata,50,"18,960",-,Apartment,1,99 yrs lease commencing from 2014,13,Rest of Central Region,16 to 20
SANT RITZ,"1,039,900",656.6,"1,584",Aug-21,PHENG GECK AVENUE,Resale,Strata,61,"17,048",-,Condominium,1,99 yrs lease commencing from 2012,13,Rest of Central Region,06 to 10
THE WOODLEIGH RESIDENCES,"2,060,000",958,"2,150",Aug-21,BIDADARI PARK DRIVE,New Sale,Strata,89,"23,146",-,Apartment,1,99 yrs lease commencing from 2017,13,Rest of Central Region,06 to 10
NIN RESIDENCE,"1,100,000",850.36,"1,294",Aug-21,PHENG GECK AVENUE,Resale,Strata,79,"13,924",-,Apartment,1,99 yrs lease commencing from 2010,13,Rest of Central Region,11 to 15
PARK COLONIAL,"2,568,000","1,367.03","1,879",Aug-21,WOODLEIGH LANE,Sub Sale,Strata,127,"20,220",-,Condominium,1,99 yrs lease commencing from 2017,13,Rest of Central Region,11 to 15
THE VENUE RESIDENCES,"1,250,000",850.36,"1,470",Aug-21,TAI THONG CRESCENT,Resale,Strata,79,"15,823",-,Apartment,1,99 yrs lease commencing from 2012,13,Rest of Central Region,06 to 10
SANT RITZ,"1,350,000",958,"1,409",Aug-21,PHENG GECK AVENUE,Resale,Strata,89,"15,169",-,Condominium,1,99 yrs lease commencing from 2012,13,Rest of Central Region,11 to 15
THE WOODLEIGH RESIDENCES,"2,060,000",958,"2,150",Aug-21,BIDADARI PARK DRIVE,New Sale,Strata,89,"23,146",-,Apartment,1,99 yrs lease commencing from 2017,13,Rest of Central Region,06 to 10
SKY GREEN,"745,000",473.62,"1,573",Aug-21,MACPHERSON ROAD,Resale,Strata,44,"16,932",-,Condominium,1,Freehold,13,Rest of Central Region,06 to 10
8@WOODLEIGH,"645,000",398.27,"1,620",Aug-21,WOODLEIGH CLOSE,Resale,Strata,37,"17,432",-,Condominium,1,99 yrs lease commencing from 2008,13,Rest of Central Region,06 to 10
PARK COLONIAL,"1,850,000",979.52,"1,889",Aug-21,WOODLEIGH LANE,Sub Sale,Strata,91,"20,330",-,Condominium,1,99 yrs lease commencing from 2017,13,Rest of Central Region,06 to 10
THE WOODLEIGH RESIDENCES,"1,966,000",958,"2,052",Aug-21,BIDADARI PARK DRIVE,New Sale,Strata,89,"22,090",-,Apartment,1,99 yrs lease commencing from 2017,13,Rest of Central Region,06 to 10
THE WOODLEIGH RESIDENCES,"1,790,000",850.36,"2,105",Aug-21,BIDADARI PARK DRIVE,New Sale,Strata,79,"22,658",-,Apartment,1,99 yrs lease commencing from 2017,13,Rest of Central Region,06 to 10
THE WOODLEIGH RESIDENCES,"1,790,000",850.36,"2,105",Aug-21,BIDADARI PARK DRIVE,New Sale,Strata,79,"22,658",-,Apartment,1,99 yrs lease commencing from 2017,13,Rest of Central Region,06 to 10
MYRA,"1,004,800",473.62,"2,122",Aug-21,MEYAPPA CHETTIAR ROAD,New Sale,Strata,44,"22,836",-,Apartment,1,Freehold,13,Rest of Central Region,01 to 05
DAISY LODGE,"1,368,000","1,367.03","1,001",Aug-21,DAISY ROAD,Resale,Strata,127,"10,772",-,Apartment,1,Freehold,13,Outside Central Region,01 to 05
SKY GREEN,"740,000",462.85,"1,599",Aug-21,MACPHERSON ROAD,Resale,Strata,43,"17,209",-,Condominium,1,Freehold,13,Rest of Central Region,06 to 10
8@WOODLEIGH,"1,618,000","1,097.93","1,474",Aug-21,WOODLEIGH CLOSE,Resale,Strata,102,"15,863",-,Condominium,1,99 yrs lease commencing from 2008,13,Rest of Central Region,06 to 10
PARK COLONIAL,"1,304,888",635.08,"2,055",Aug-21,WOODLEIGH LANE,Sub Sale,Strata,59,"22,117",-,Condominium,1,99 yrs lease commencing from 2017,13,Rest of Central Region,06 to 10
THE WOODLEIGH RESIDENCES,"1,477,000",699.66,"2,111",Aug-21,BIDADARI PARK DRIVE,New Sale,Strata,65,"22,723",-,Apartment,1,99 yrs lease commencing from 2017,13,Rest of Central Region,11 to 15
BARTLEY RIDGE,"710,000",441.32,"1,609",Aug-21,MOUNT VERNON ROAD,Resale,Strata,41,"17,317",-,Condominium,1,99 yrs lease commencing from 2012,13,Rest of Central Region,16 to 20
SENNETT RESIDENCE,"1,730,000","1,076.4","1,607",Aug-21,PHENG GECK AVENUE,Resale,Strata,100,"17,300",-,Condominium,1,99 yrs lease commencing from 2011,13,Rest of Central Region,06 to 10
THE POIZ RESIDENCES,"912,000",538.2,"1,695",Aug-21,MEYAPPA CHETTIAR ROAD,Resale,Strata,50,"18,240",-,Apartment,1,99 yrs lease commencing from 2014,13,Rest of Central Region,16 to 20
THE WOODLEIGH RESIDENCES,"1,636,000",742.72,"2,203",Jul-21,BIDADARI PARK DRIVE,New Sale,Strata,69,"23,710",-,Apartment,1,99 yrs lease commencing from 2017,13,Rest of Central Region,06 to 10
THE WOODLEIGH RESIDENCES,"2,384,000","1,076.4","2,215",Jul-21,BIDADARI PARK DRIVE,New Sale,Strata,100,"23,840",-,Apartment,1,99 yrs lease commencing from 2017,13,Rest of Central Region,06 to 10
THE WOODLEIGH RESIDENCES,"1,790,000",850.36,"2,105",Jul-21,BIDADARI PARK DRIVE,New Sale,Strata,79,"22,658",-,Apartment,1,99 yrs lease commencing from 2017,13,Rest of Central Region,06 to 10
THE WOODLEIGH RESIDENCES,"1,408,000",667.37,"2,110",Jul-21,BIDADARI PARK DRIVE,New Sale,Strata,62,"22,710",-,Apartment,1,99 yrs lease commencing from 2017,13,Rest of Central Region,11 to 15
THE WOODLEIGH RESIDENCES,"1,641,000",742.72,"2,209",Jul-21,BIDADARI PARK DRIVE,New Sale,Strata,69,"23,783",-,Apartment,1,99 yrs lease commencing from 2017,13,Rest of Central Region,06 to 10
SKY GREEN,"1,240,000",796.54,"1,557",Jul-21,MACPHERSON ROAD,Resale,Strata,74,"16,757",-,Condominium,1,Freehold,13,Rest of Central Region,06 to 10
8@WOODLEIGH,"675,000",559.73,"1,206",Jul-21,WOODLEIGH CLOSE,Resale,Strata,52,"12,981",-,Condominium,1,99 yrs lease commencing from 2008,13,Rest of Central Region,01 to 05
THE POIZ RESIDENCES,"1,020,000",581.26,"1,755",Jul-21,MEYAPPA CHETTIAR ROAD,Resale,Strata,54,"18,889",-,Apartment,1,99 yrs lease commencing from 2014,13,Rest of Central Region,16 to 20
ONE LEICESTER,"1,490,000","1,065.64","1,398",Jul-21,LEICESTER ROAD,Resale,Strata,99,"15,051",-,Condominium,1,Freehold,13,Rest of Central Region,11 to 15
SANT RITZ,"1,480,000","1,044.11","1,417",Jul-21,PHENG GECK AVENUE,Resale,Strata,97,"15,258",-,Condominium,1,99 yrs lease commencing from 2012,13,Rest of Central Region,11 to 15
NIN RESIDENCE,"1,170,000",893.41,"1,310",Jul-21,PHENG GECK AVENUE,Resale,Strata,83,"14,096",-,Apartment,1,99 yrs lease commencing from 2010,13,Rest of Central Region,01 to 05
BARTLEY RIDGE,"1,098,000",721.19,"1,522",Jul-21,MOUNT VERNON ROAD,Resale,Strata,67,"16,388",-,Condominium,1,99 yrs lease commencing from 2012,13,Rest of Central Region,06 to 10
SENNETT RESIDENCE,"1,090,000",710.42,"1,534",Jul-21,PHENG GECK AVENUE,Resale,Strata,66,"16,515",-,Condominium,1,99 yrs lease commencing from 2011,13,Rest of Central Region,01 to 05
THE VENUE RESIDENCES,"1,850,000","1,237.86","1,495",Jul-21,TAI THONG CRESCENT,Resale,Strata,115,"16,087",-,Apartment,1,99 yrs lease commencing from 2012,13,Rest of Central Region,06 to 10
SKY GREEN,"730,000",441.32,"1,654",Jul-21,MACPHERSON ROAD,Resale,Strata,41,"17,805",-,Condominium,1,Freehold,13,Rest of Central Region,06 to 10
THE POIZ RESIDENCES,"720,000",419.8,"1,715",Jul-21,MEYAPPA CHETTIAR ROAD,Resale,Strata,39,"18,462",-,Apartment,1,99 yrs lease commencing from 2014,13,Rest of Central Region,06 to 10
THE WOODLEIGH RESIDENCES,"2,060,000",958,"2,150",Jul-21,BIDADARI PARK DRIVE,New Sale,Strata,89,"23,146",-,Apartment,1,99 yrs lease commencing from 2017,13,Rest of Central Region,11 to 15
THE WOODLEIGH RESIDENCES,"2,650,000","1,270.15","2,086",Jul-21,BIDADARI PARK DRIVE,New Sale,Strata,118,"22,458",-,Apartment,1,99 yrs lease commencing from 2017,13,Rest of Central Region,06 to 10
THE WOODLEIGH RESIDENCES,"1,790,000",850.36,"2,105",Jul-21,BIDADARI PARK DRIVE,New Sale,Strata,79,"22,658",-,Apartment,1,99 yrs lease commencing from 2017,13,Rest of Central Region,06 to 10
BARTLEY RIDGE,"745,000",495.14,"1,505",Jul-21,MOUNT VERNON ROAD,Resale,Strata,46,"16,196",-,Condominium,1,99 yrs lease commencing from 2012,13,Rest of Central Region,06 to 10
SENNETT RESIDENCE,"1,180,000",710.42,"1,661",Jul-21,PHENG GECK AVENUE,Resale,Strata,66,"17,879",-,Condominium,1,99 yrs lease commencing from 2011,13,Rest of Central Region,11 to 15
E MAISON,"2,680,000","2,217.38","1,209",Jul-21,BRADDELL ROAD,Resale,Strata,206,"13,010",-,Apartment,1,Freehold,13,Outside Central Region,01 to 05
THE WOODLEIGH RESIDENCES,"1,721,000",742.72,"2,317",Jul-21,BIDADARI PARK DRIVE,New Sale,Strata,69,"24,942",-,Apartment,1,99 yrs lease commencing from 2017,13,Rest of Central Region,11 to 15
MYRA,"2,865,912","1,323.97","2,165",Jul-21,MEYAPPA CHETTIAR ROAD,New Sale,Strata,123,"23,300",-,Apartment,1,Freehold,13,Rest of Central Region,01 to 05
CLYDESWOOD,"1,353,000","1,248.62","1,084",Jul-21,DAISY ROAD,Resale,Strata,116,"11,664",-,Apartment,1,Freehold,13,Outside Central Region,01 to 05
8@WOODLEIGH,"1,170,000",839.59,"1,394",Jul-21,WOODLEIGH CLOSE,Resale,Strata,78,"15,000",-,Condominium,1,99 yrs lease commencing from 2008,13,Rest of Central Region,01 to 05
BARTLEY RIDGE,"680,000",462.85,"1,469",Jul-21,MOUNT VERNON ROAD,Resale,Strata,43,"15,814",-,Condominium,1,99 yrs lease commencing from 2012,13,Rest of Central Region,01 to 05
THE WOODLEIGH RESIDENCES,"2,344,000","1,076.4","2,178",Jul-21,BIDADARI PARK DRIVE,New Sale,Strata,100,"23,440",-,Apartment,1,99 yrs lease commencing from 2017,13,Rest of Central Region,01 to 05
18 WOODSVILLE,"1,300,000","1,044.11","1,245",Jul-21,WOODSVILLE CLOSE,Resale,Strata,97,"13,402",-,Apartment,1,Freehold,13,Rest of Central Region,01 to 05
THE VENUE RESIDENCES,"1,360,000",839.59,"1,620",Jul-21,TAI THONG CRESCENT,Resale,Strata,78,"17,436",-,Apartment,1,99 yrs lease commencing from 2012,13,Rest of Central Region,01 to 05
8@WOODLEIGH,"1,730,000","1,291.68","1,339",Jul-21,WOODLEIGH CLOSE,Resale,Strata,120,"14,417",-,Condominium,1,99 yrs lease commencing from 2008,13,Rest of Central Region,01 to 05
BARTLEY RIDGE,"1,160,000",850.36,"1,364",Jul-21,MOUNT VERNON ROAD,Resale,Strata,79,"14,684",-,Condominium,1,99 yrs lease commencing from 2012,13,Rest of Central Region,01 to 05
LEICESTER SUITES,"660,000",419.8,"1,572",Jul-21,LEICESTER ROAD,Resale,Strata,39,"16,923",-,Apartment,1,Freehold,13,Rest of Central Region,06 to 10
8@WOODLEIGH,"1,600,000","1,097.93","1,457",Jul-21,WOODLEIGH CLOSE,Resale,Strata,102,"15,686",-,Condominium,1,99 yrs lease commencing from 2008,13,Rest of Central Region,11 to 15
SUITES@BRADDELL,"615,000",441.32,"1,394",Jul-21,BRADDELL ROAD,Resale,Strata,41,"15,000",-,Apartment,1,Freehold,13,Outside Central Region,01 to 05
THE WOODLEIGH RESIDENCES,"2,060,000",958,"2,150",Jul-21,BIDADARI PARK DRIVE,New Sale,Strata,89,"23,146",-,Apartment,1,99 yrs lease commencing from 2017,13,Rest of Central Region,11 to 15
BARTLEY RIDGE,"1,645,000","1,162.51","1,415",Jul-21,MOUNT VERNON ROAD,Resale,Strata,108,"15,231",-,Condominium,1,99 yrs lease commencing from 2012,13,Rest of Central Region,01 to 05
BARTLEY RIDGE,"1,453,500",968.76,"1,500",Jul-21,MOUNT VERNON ROAD,Resale,Strata,90,"16,150",-,Condominium,1,99 yrs lease commencing from 2012,13,Rest of Central Region,11 to 15
WAN THO LODGE,"1,388,000","1,194.8","1,162",Jul-21,WAN THO AVENUE,Resale,Strata,111,"12,505",-,Apartment,1,Freehold,13,Rest of Central Region,01 to 05
THE WOODLEIGH RESIDENCES,"1,790,000",850.36,"2,105",Jul-21,BIDADARI PARK DRIVE,New Sale,Strata,79,"22,658",-,Apartment,1,99 yrs lease commencing from 2017,13,Rest of Central Region,06 to 10
SENNETT RESIDENCE,"910,000",570.49,"1,595",Jul-21,PHENG GECK AVENUE,Resale,Strata,53,"17,170",-,Condominium,1,99 yrs lease commencing from 2011,13,Rest of Central Region,01 to 05
THE WOODLEIGH RESIDENCES,"2,830,000","1,270.15","2,228",Jul-21,BIDADARI PARK DRIVE,New Sale,Strata,118,"23,983",-,Apartment,1,99 yrs lease commencing from 2017,13,Rest of Central Region,06 to 10
THE WOODLEIGH RESIDENCES,"3,230,000","1,474.67","2,190",Jul-21,BIDADARI PARK DRIVE,New Sale,Strata,137,"23,577",-,Apartment,1,99 yrs lease commencing from 2017,13,Rest of Central Region,11 to 15
THE WOODLEIGH RESIDENCES,"2,060,000",958,"2,150",Jul-21,BIDADARI PARK DRIVE,New Sale,Strata,89,"23,146",-,Apartment,1,99 yrs lease commencing from 2017,13,Rest of Central Region,11 to 15
BARTLEY RIDGE,"1,500,000","1,044.11","1,437",Jul-21,MOUNT VERNON ROAD,Resale,Strata,97,"15,464",-,Condominium,1,99 yrs lease commencing from 2012,13,Rest of Central Region,06 to 10
THE POIZ RESIDENCES,"880,000",538.2,"1,635",Jul-21,MEYAPPA CHETTIAR ROAD,Resale,Strata,50,"17,600",-,Apartment,1,99 yrs lease commencing from 2014,13,Rest of Central Region,06 to 10
THE WOODLEIGH RESIDENCES,"2,060,000",958,"2,150",Jul-21,BIDADARI PARK DRIVE,New Sale,Strata,89,"23,146",-,Apartment,1,99 yrs lease commencing from 2017,13,Rest of Central Region,11 to 15
E MAISON,"755,000",570.49,"1,323",Jul-21,BRADDELL ROAD,Resale,Strata,53,"14,245",-,Apartment,1,Freehold,13,Outside Central Region,01 to 05
THE WOODLEIGH RESIDENCES,"2,685,000","1,270.15","2,114",Jun-21,BIDADARI PARK DRIVE,New Sale,Strata,118,"22,754",-,Apartment,1,99 yrs lease commencing from 2017,13,Rest of Central Region,06 to 10
SKY GREEN,"1,755,000","1,162.51","1,510",Jun-21,MACPHERSON ROAD,Resale,Strata,108,"16,250",-,Condominium,1,Freehold,13,Rest of Central Region,06 to 10
THE WOODLEIGH RESIDENCES,"2,655,000","1,270.15","2,090",Jun-21,BIDADARI PARK DRIVE,New Sale,Strata,118,"22,500",-,Apartment,1,99 yrs lease commencing from 2017,13,Rest of Central Region,06 to 10
BARTLEY RIDGE,"712,000",495.14,"1,438",Jun-21,MOUNT VERNON ROAD,Resale,Strata,46,"15,478",-,Condominium,1,99 yrs lease commencing from 2012,13,Rest of Central Region,01 to 05
RIDGE COURT,"2,420,000","2,464.96",982,Jun-21,MEYAPPA CHETTIAR ROAD,Resale,Strata,229,"10,568",-,Apartment,1,Freehold,13,Rest of Central Region,06 to 10
THE WOODLEIGH RESIDENCES,"1,691,000",742.72,"2,277",Jun-21,BIDADARI PARK DRIVE,New Sale,Strata,69,"24,507",-,Apartment,1,99 yrs lease commencing from 2017,13,Rest of Central Region,06 to 10
SKY GREEN,"1,245,000",796.54,"1,563",Jun-21,MACPHERSON ROAD,Resale,Strata,74,"16,824",-,Condominium,1,Freehold,13,Rest of Central Region,11 to 15
THE WOODLEIGH RESIDENCES,"2,946,000","1,280.92","2,300",Jun-21,BIDADARI PARK DRIVE,New Sale,Strata,119,"24,756",-,Apartment,1,99 yrs lease commencing from 2017,13,Rest of Central Region,06 to 10
BARTLEY RIDGE,"1,488,000",979.52,"1,519",Jun-21,MOUNT VERNON ROAD,Resale,Strata,91,"16,352",-,Condominium,1,99 yrs lease commencing from 2012,13,Rest of Central Region,11 to 15
SENNETT RESIDENCE,"1,450,888","1,345.5","1,078",Jun-21,PHENG GECK AVENUE,Resale,Strata,125,"11,607",-,Condominium,1,99 yrs lease commencing from 2011,13,Rest of Central Region,01 to 05
THE POIZ RESIDENCES,"1,460,000",839.59,"1,739",Jun-21,MEYAPPA CHETTIAR ROAD,Resale,Strata,78,"18,718",-,Apartment,1,99 yrs lease commencing from 2014,13,Rest of Central Region,06 to 10
BARTLEY RIDGE,"1,590,000","1,345.5","1,182",Jun-21,MOUNT VERNON ROAD,Resale,Strata,125,"12,720",-,Condominium,1,99 yrs lease commencing from 2012,13,Rest of Central Region,16 to 20
THE WOODLEIGH RESIDENCES,"1,661,000",742.72,"2,236",Jun-21,BIDADARI PARK DRIVE,New Sale,Strata,69,"24,072",-,Apartment,1,99 yrs lease commencing from 2017,13,Rest of Central Region,06 to 10
D' ALMIRA,"1,368,000","1,173.28","1,166",Jun-21,SOMMERVILLE ROAD,Resale,Strata,109,"12,550",-,Apartment,1,Freehold,13,Outside Central Region,01 to 05
THE POIZ RESIDENCES,"1,350,000",807.3,"1,672",Jun-21,MEYAPPA CHETTIAR ROAD,Resale,Strata,75,"18,000",-,Apartment,1,99 yrs lease commencing from 2014,13,Rest of Central Region,06 to 10
THE WOODLEIGH RESIDENCES,"1,601,000",742.72,"2,156",Jun-21,BIDADARI PARK DRIVE,New Sale,Strata,69,"23,203",-,Apartment,1,99 yrs lease commencing from 2017,13,Rest of Central Region,01 to 05
SANT RITZ,"1,630,000","1,399.32","1,165",Jun-21,PHENG GECK AVENUE,Resale,Strata,130,"12,538",-,Condominium,1,99 yrs lease commencing from 2012,13,Rest of Central Region,01 to 05
THE POIZ RESIDENCES,"2,480,000","1,506.96","1,646",Jun-21,MEYAPPA CHETTIAR ROAD,Resale,Strata,140,"17,714",-,Apartment,1,99 yrs lease commencing from 2014,13,Rest of Central Region,11 to 15
THE WOODLEIGH RESIDENCES,"1,731,000",742.72,"2,331",Jun-21,BIDADARI PARK DRIVE,New Sale,Strata,69,"25,087",-,Apartment,1,99 yrs lease commencing from 2017,13,Rest of Central Region,11 to 15
BLOSSOMS @ WOODLEIGH,"1,580,000","1,001.05","1,578",Jun-21,WOODLEIGH CLOSE,Resale,Strata,93,"16,989",-,Condominium,1,Freehold,13,Rest of Central Region,11 to 15
BARTLEY RIDGE,"1,180,000",850.36,"1,388",Jun-21,MOUNT VERNON ROAD,Resale,Strata,79,"14,937",-,Condominium,1,99 yrs lease commencing from 2012,13,Rest of Central Region,01 to 05
SKY GREEN,"1,200,000",753.48,"1,593",Jun-21,MACPHERSON ROAD,Resale,Strata,70,"17,143",-,Condominium,1,Freehold,13,Rest of Central Region,11 to 15
SANT RITZ,"1,450,000","1,054.87","1,375",Jun-21,PHENG GECK AVENUE,Resale,Strata,98,"14,796",-,Condominium,1,99 yrs lease commencing from 2012,13,Rest of Central Region,11 to 15
E MAISON,"1,380,000",936.47,"1,474",Jun-21,BRADDELL ROAD,Resale,Strata,87,"15,862",-,Apartment,1,Freehold,13,Outside Central Region,01 to 05
THE WOODLEIGH RESIDENCES,"1,651,000",742.72,"2,223",Jun-21,BIDADARI PARK DRIVE,New Sale,Strata,69,"23,928",-,Apartment,1,99 yrs lease commencing from 2017,13,Rest of Central Region,06 to 10
THE POIZ RESIDENCES,"738,000",419.8,"1,758",Jun-21,MEYAPPA CHETTIAR ROAD,Resale,Strata,39,"18,923",-,Apartment,1,99 yrs lease commencing from 2014,13,Rest of Central Region,16 to 20
CLYDESWOOD,"1,780,000","1,646.89","1,081",Jun-21,DAISY ROAD,Resale,Strata,153,"11,634",-,Apartment,1,Freehold,13,Outside Central Region,01 to 05
BARTLEY RIDGE,"1,830,000","1,302.44","1,405",Jun-21,MOUNT VERNON ROAD,Resale,Strata,121,"15,124",-,Condominium,1,99 yrs lease commencing from 2012,13,Rest of Central Region,06 to 10
BARTLEY RIDGE,"1,030,000",721.19,"1,428",Jun-21,MOUNT VERNON ROAD,Resale,Strata,67,"15,373",-,Condominium,1,99 yrs lease commencing from 2012,13,Rest of Central Region,06 to 10
THE WOODLEIGH RESIDENCES,"1,790,000",850.36,"2,105",Jun-21,BIDADARI PARK DRIVE,New Sale,Strata,79,"22,658",-,Apartment,1,99 yrs lease commencing from 2017,13,Rest of Central Region,11 to 15
WOODSVILLE 28,"1,050,000",828.83,"1,267",Jun-21,WOODSVILLE CLOSE,Resale,Strata,77,"13,636",-,Apartment,1,99 yrs lease commencing from 2007,13,Rest of Central Region,01 to 05
THE WOODLEIGH RESIDENCES,"1,790,000",850.36,"2,105",Jun-21,BIDADARI PARK DRIVE,New Sale,Strata,79,"22,658",-,Apartment,1,99 yrs lease commencing from 2017,13,Rest of Central Region,11 to 15
SKY GREEN,"2,250,000","1,496.2","1,504",Jun-21,MACPHERSON ROAD,Resale,Strata,139,"16,187",-,Condominium,1,Freehold,13,Rest of Central Region,06 to 10
SENNETT RESIDENCE,"1,400,000",947.23,"1,478",Jun-21,PHENG GECK AVENUE,Resale,Strata,88,"15,909",-,Condominium,1,99 yrs lease commencing from 2011,13,Rest of Central Region,01 to 05
THE POIZ RESIDENCES,"1,330,000",775.01,"1,716",Jun-21,MEYAPPA CHETTIAR ROAD,Resale,Strata,72,"18,472",-,Apartment,1,99 yrs lease commencing from 2014,13,Rest of Central Region,01 to 05
THE WOODLEIGH RESIDENCES,"1,966,000",958,"2,052",Jun-21,BIDADARI PARK DRIVE,New Sale,Strata,89,"22,090",-,Apartment,1,99 yrs lease commencing from 2017,13,Rest of Central Region,11 to 15
BARTLEY RIDGE,"1,020,000",721.19,"1,414",Jun-21,MOUNT VERNON ROAD,Resale,Strata,67,"15,224",-,Condominium,1,99 yrs lease commencing from 2012,13,Rest of Central Region,01 to 05
THE WOODLEIGH RESIDENCES,"2,209,000","1,076.4","2,052",Jun-21,BIDADARI PARK DRIVE,New Sale,Strata,100,"22,090",-,Apartment,1,99 yrs lease commencing from 2017,13,Rest of Central Region,11 to 15
BARTLEY RIDGE,"1,345,000",979.52,"1,373",Jun-21,MOUNT VERNON ROAD,Resale,Strata,91,"14,780",-,Condominium,1,99 yrs lease commencing from 2012,13,Rest of Central Region,11 to 15
THE WOODLEIGH RESIDENCES,"1,966,000",958,"2,052",Jun-21,BIDADARI PARK DRIVE,New Sale,Strata,89,"22,090",-,Apartment,1,99 yrs lease commencing from 2017,13,Rest of Central Region,11 to 15
LEICESTER SUITES,"765,000",484.38,"1,579",Jun-21,LEICESTER ROAD,Resale,Strata,45,"17,000",-,Apartment,1,Freehold,13,Rest of Central Region,06 to 10
THE WOODLEIGH RESIDENCES,"1,479,000",699.66,"2,114",Jun-21,BIDADARI PARK DRIVE,New Sale,Strata,65,"22,754",-,Apartment,1,99 yrs lease commencing from 2017,13,Rest of Central Region,11 to 15
