Project Name,Street Name,Postal District,Property Type,No of Bedroom,Monthly Rent ($),Floor Area (SQM),Floor Area (SQFT),Lease Commencement Date
CITY SQUARE RESIDENCES,KITCHENER LINK,08,Non-Landed Properties,1,"3,850",50 to 60,500 to 600,Jun-24
LOFT @ RANGOON,RANGOON ROAD,08,Non-Landed Properties,1,"2,900",30 to 40,400 to 500,Jun-24
HERTFORD COLLECTION,HERTFORD ROAD,08,Non-Landed Properties,NA,"3,600",60 to 70,600 to 700,Jun-24
UPTOWN @ FARRER,PERUMAL ROAD,08,Non-Landed Properties,3,"4,600",60 to 70,600 to 700,Jun-24
NON-LANDED HOUSING DEVELOPMENT,JOO AVENUE,08,Non-Landed Properties,NA,"3,800",70 to 80,800 to 900,Jun-24
CITYLIGHTS,JELLICOE ROAD,08,Non-Landed Properties,3,"6,800",130 to 140,"1,400 to 1,500",Jun-24
THE CITRON RESIDENCES,MARNE ROAD,08,Non-Landed Properties,2,"4,000",60 to 70,600 to 700,Jun-24
CITYLIGHTS,JELLICOE ROAD,08,Non-Landed Properties,3,"5,800",120 to 130,"1,300 to 1,400",Jun-24
PRISTINE HEIGHTS,MERGUI ROAD,08,Non-Landed Properties,2,"3,500",60 to 70,700 to 800,Jun-24
KERRISDALE,STURDEE ROAD,08,Non-Landed Properties,3,"5,500",110 to 120,"1,200 to 1,300",Jun-24
UPTOWN @ FARRER,PERUMAL ROAD,08,Non-Landed Properties,4,"4,600",90 to 100,"1,000 to 1,100",Jun-24
SUITES @ OWEN,OWEN ROAD,08,Non-Landed Properties,1,"3,000",40 to 50,500 to 600,Jun-24
70@TRURO,TRURO ROAD,08,Non-Landed Properties,2,"3,500",40 to 50,400 to 500,Jun-24
CITYLIGHTS,JELLICOE ROAD,08,Non-Landed Properties,1,"3,900",50 to 60,500 to 600,Jun-24
70@TRURO,TRURO ROAD,08,Non-Landed Properties,3,"4,300",70 to 80,800 to 900,Jun-24
CITYLIGHTS,JELLICOE ROAD,08,Non-Landed Properties,1,"3,900",60 to 70,600 to 700,Jun-24
CITY LOFT,RACE COURSE ROAD,08,Non-Landed Properties,1,"2,700",30 to 40,300 to 400,Jun-24
CITY SQUARE RESIDENCES,KITCHENER LINK,08,Non-Landed Properties,2,"4,000",70 to 80,800 to 900,Jun-24
HOA NAM BUILDING,FOCH ROAD,08,Non-Landed Properties,2,"3,500",70 to 80,800 to 900,Jun-24
CITY SQUARE RESIDENCES,KITCHENER LINK,08,Non-Landed Properties,1,"3,100",50 to 60,500 to 600,Jun-24
70@TRURO,TRURO ROAD,08,Non-Landed Properties,2,"3,300",40 to 50,400 to 500,Jun-24
CHERRYLOFT,RANGOON ROAD,08,Non-Landed Properties,NA,"2,100",100 to 110,"1,100 to 1,200",Jun-24
KERRISDALE,STURDEE ROAD,08,Non-Landed Properties,3,"5,300",110 to 120,"1,200 to 1,300",Jun-24
CITY SQUARE RESIDENCES,KITCHENER LINK,08,Non-Landed Properties,2,"4,200",70 to 80,800 to 900,Jun-24
THE MERLOT,KENG LEE ROAD,08,Non-Landed Properties,1,"3,150",40 to 50,500 to 600,Jun-24
KERRISDALE,STURDEE ROAD,08,Non-Landed Properties,4,"6,500",130 to 140,"1,400 to 1,500",Jun-24
FORTE SUITES,MERGUI ROAD,08,Non-Landed Properties,2,"3,599",50 to 60,600 to 700,Jun-24
KERRISDALE,STURDEE ROAD,08,Non-Landed Properties,3,"5,500",110 to 120,"1,200 to 1,300",Jun-24
CITYLIGHTS,JELLICOE ROAD,08,Non-Landed Properties,1,"4,000",60 to 70,700 to 800,Jun-24
UPTOWN @ FARRER,PERUMAL ROAD,08,Non-Landed Properties,2,"3,800",50 to 60,500 to 600,Jun-24
CITYLIGHTS,JELLICOE ROAD,08,Non-Landed Properties,1,"3,500",50 to 60,500 to 600,Jun-24
CITYLIGHTS,JELLICOE ROAD,08,Non-Landed Properties,1,"4,000",60 to 70,600 to 700,Jun-24
CITY SQUARE RESIDENCES,KITCHENER LINK,08,Non-Landed Properties,1,"3,200",50 to 60,500 to 600,Jun-24
KENTISH LODGE,OXFORD ROAD,08,Non-Landed Properties,3,"4,500",110 to 120,"1,200 to 1,300",Jun-24
CITYLIGHTS,JELLICOE ROAD,08,Non-Landed Properties,1,"3,600",50 to 60,500 to 600,Jun-24
CITY SQUARE RESIDENCES,KITCHENER LINK,08,Non-Landed Properties,2,"4,200",80 to 90,800 to 900,Jun-24
CITYLIGHTS,JELLICOE ROAD,08,Non-Landed Properties,2,"4,700",80 to 90,"900 to 1,000",Jun-24
NON-LANDED HOUSING DEVELOPMENT,RACE COURSE ROAD,08,Non-Landed Properties,NA,"2,300",20 to 30,200 to 300,Jun-24
CITYSCAPE @FARRER PARK,MERGUI ROAD,08,Non-Landed Properties,2,"4,300",100 to 110,"1,000 to 1,100",Jun-24
NON-LANDED HOUSING DEVELOPMENT,CAMBRIDGE ROAD,08,Non-Landed Properties,NA,"4,400",70 to 80,800 to 900,Jun-24
CITYLIGHTS,JELLICOE ROAD,08,Non-Landed Properties,1,"4,250",60 to 70,600 to 700,Jun-24
OXFORD SUITES,OXFORD ROAD,08,Non-Landed Properties,1,"3,500",60 to 70,600 to 700,Jun-24
THE MERLOT,KENG LEE ROAD,08,Non-Landed Properties,1,"3,000",40 to 50,500 to 600,Jun-24
SOHO 188,RACE COURSE ROAD,08,Non-Landed Properties,1,"2,900",30 to 40,400 to 500,Jun-24
KERRISDALE,STURDEE ROAD,08,Non-Landed Properties,3,"5,000",110 to 120,"1,200 to 1,300",Jun-24
NON-LANDED HOUSING DEVELOPMENT,RANGOON ROAD,08,Non-Landed Properties,NA,"4,200",110 to 120,"1,200 to 1,300",Jun-24
CLYDES RESIDENCE,MERGUI ROAD,08,Non-Landed Properties,2,"4,000",90 to 100,"1,000 to 1,100",Jun-24
1953,TESSENSOHN ROAD,08,Non-Landed Properties,2,"3,850",50 to 60,600 to 700,Jun-24
CITYSCAPE @FARRER PARK,MERGUI ROAD,08,Non-Landed Properties,3,"5,300",110 to 120,"1,200 to 1,300",Jun-24
CITIGATE RESIDENCE,RANGOON ROAD,08,Non-Landed Properties,2,"3,300",70 to 80,700 to 800,Jun-24
RANGOON 88,RANGOON ROAD,08,Non-Landed Properties,1,"3,200",50 to 60,500 to 600,Jun-24
RANGOON 88,RANGOON ROAD,08,Non-Landed Properties,1,"3,200",60 to 70,700 to 800,Jun-24
KENTISH GREEN,OXFORD ROAD,08,Non-Landed Properties,2,"4,000",100 to 110,"1,000 to 1,100",Jun-24
SAM LEONG MANSION,SAM LEONG ROAD,08,Non-Landed Properties,NA,"5,000",90 to 100,"1,000 to 1,100",Jun-24
STURDEE RESIDENCES,BEATTY ROAD,08,Non-Landed Properties,2,"4,000",60 to 70,600 to 700,Jun-24
CITY SQUARE RESIDENCES,KITCHENER LINK,08,Non-Landed Properties,1,"3,500",50 to 60,500 to 600,Jun-24
TYRWHITT 139,TYRWHITT ROAD,08,Non-Landed Properties,1,"2,400",30 to 40,300 to 400,Jun-24
THE URBANITE,HERTFORD ROAD,08,Non-Landed Properties,1,"2,750",40 to 50,400 to 500,Jun-24
FORTE SUITES,MERGUI ROAD,08,Non-Landed Properties,2,"3,900",60 to 70,600 to 700,Jun-24
CITY SQUARE RESIDENCES,KITCHENER LINK,08,Non-Landed Properties,2,"4,200",80 to 90,800 to 900,Jun-24
UPTOWN @ FARRER,PERUMAL ROAD,08,Non-Landed Properties,2,"3,600",50 to 60,500 to 600,Jun-24
KENTISH COURT,OXFORD ROAD,08,Non-Landed Properties,2,"3,400",100 to 110,"1,000 to 1,100",Jun-24
CITY SQUARE RESIDENCES,KITCHENER LINK,08,Non-Landed Properties,3,"5,800",110 to 120,"1,200 to 1,300",Jun-24
CITYLIGHTS,JELLICOE ROAD,08,Non-Landed Properties,2,"4,750",80 to 90,800 to 900,Jun-24
CITY SQUARE RESIDENCES,KITCHENER LINK,08,Non-Landed Properties,1,"3,500",50 to 60,500 to 600,Jun-24
NON-LANDED HOUSING DEVELOPMENT,CARLISLE ROAD,08,Non-Landed Properties,NA,"2,010",80 to 90,"900 to 1,000",Jun-24
NON-LANDED HOUSING DEVELOPMENT,BEATTY ROAD,08,Non-Landed Properties,NA,"1,350",40 to 50,400 to 500,Jun-24
KENTISH GREEN,OXFORD ROAD,08,Non-Landed Properties,2,"4,000",100 to 110,"1,000 to 1,100",Jun-24
CITY SQUARE RESIDENCES,KITCHENER LINK,08,Non-Landed Properties,4,"6,500",140 to 150,"1,500 to 1,600",Jun-24
MAPLE LEAF ELITE 2,RANGOON ROAD,08,Non-Landed Properties,3,"5,800",100 to 110,"1,100 to 1,200",Jun-24
THE CITRON RESIDENCES,MARNE ROAD,08,Non-Landed Properties,1,"2,600",30 to 40,300 to 400,Jun-24
TYRWHITT 139,TYRWHITT ROAD,08,Non-Landed Properties,1,"2,100",40 to 50,400 to 500,Jun-24
NON-LANDED HOUSING DEVELOPMENT,RACE COURSE ROAD,08,Non-Landed Properties,NA,"2,080",20 to 30,200 to 300,Jun-24
KENTISH GREEN,OXFORD ROAD,08,Non-Landed Properties,2,"3,800",100 to 110,"1,000 to 1,100",Jun-24
VANADIUM,HERTFORD ROAD,08,Non-Landed Properties,2,"3,200",60 to 70,700 to 800,Jun-24
UPTOWN @ FARRER,PERUMAL ROAD,08,Non-Landed Properties,3,"4,550",70 to 80,800 to 900,Jun-24
THE CITRON RESIDENCES,MARNE ROAD,08,Non-Landed Properties,1,"2,850",40 to 50,400 to 500,Jun-24
CITY LOFT,RACE COURSE ROAD,08,Non-Landed Properties,1,"2,350",30 to 40,300 to 400,Jun-24
VANADIUM,HERTFORD ROAD,08,Non-Landed Properties,3,"5,100",90 to 100,"1,000 to 1,100",Jun-24
CITY SQUARE RESIDENCES,KITCHENER LINK,08,Non-Landed Properties,3,"5,600",110 to 120,"1,100 to 1,200",Jun-24
NON-LANDED HOUSING DEVELOPMENT,SING AVENUE,08,Non-Landed Properties,NA,"5,250",100 to 110,"1,100 to 1,200",Jun-24
CITY SQUARE RESIDENCES,KITCHENER LINK,08,Non-Landed Properties,1,"3,300",50 to 60,500 to 600,Jun-24
CITYLIGHTS,JELLICOE ROAD,08,Non-Landed Properties,1,"4,000",50 to 60,500 to 600,Jun-24
URBAN LOFTS,RANGOON ROAD,08,Non-Landed Properties,1,"2,900",50 to 60,500 to 600,Jun-24
UPTOWN @ FARRER,PERUMAL ROAD,08,Non-Landed Properties,2,"3,300",40 to 50,500 to 600,Jun-24
STURDEE RESIDENCES,BEATTY ROAD,08,Non-Landed Properties,2,"4,000",60 to 70,600 to 700,Jun-24
CITYSCAPE @FARRER PARK,MERGUI ROAD,08,Non-Landed Properties,2,"4,200",90 to 100,"900 to 1,000",Jun-24
CITYSCAPE @FARRER PARK,MERGUI ROAD,08,Non-Landed Properties,3,"5,000",110 to 120,"1,200 to 1,300",Jun-24
CITYLIGHTS,JELLICOE ROAD,08,Non-Landed Properties,1,"4,200",60 to 70,600 to 700,Jun-24
FORTE SUITES,MERGUI ROAD,08,Non-Landed Properties,1,"2,800",40 to 50,400 to 500,Jun-24
JOOL SUITES,SING JOO WALK,08,Non-Landed Properties,1,"3,000",30 to 40,300 to 400,Jun-24
MERA SPRINGS,CARLISLE ROAD,08,Non-Landed Properties,2,"4,200",90 to 100,"1,000 to 1,100",Jun-24
NON-LANDED HOUSING DEVELOPMENT,HORNE ROAD,08,Non-Landed Properties,NA,"3,400",80 to 90,"900 to 1,000",Jun-24
KENG LEE COURT,KENG LEE ROAD,08,Non-Landed Properties,3,"4,100",90 to 100,"1,000 to 1,100",Jun-24
MERA SPRINGS,CARLISLE ROAD,08,Non-Landed Properties,3,"5,000",120 to 130,"1,200 to 1,300",Jun-24
UPTOWN @ FARRER,PERUMAL ROAD,08,Non-Landed Properties,2,"4,100",50 to 60,500 to 600,Jun-24
FORTE SUITES,MERGUI ROAD,08,Non-Landed Properties,2,"3,800",60 to 70,600 to 700,Jun-24
FORTE SUITES,MERGUI ROAD,08,Non-Landed Properties,3,"3,700",50 to 60,600 to 700,Jun-24
KERRISDALE,STURDEE ROAD,08,Non-Landed Properties,2,"4,600",90 to 100,"900 to 1,000",Jun-24
NON-LANDED HOUSING DEVELOPMENT,HERTFORD ROAD,08,Non-Landed Properties,NA,"3,800",110 to 120,"1,100 to 1,200",Jun-24
CITYLIGHTS,JELLICOE ROAD,08,Non-Landed Properties,1,"5,000",60 to 70,600 to 700,Jun-24
KERRISDALE,STURDEE ROAD,08,Non-Landed Properties,2,"4,400",90 to 100,"900 to 1,000",Jun-24
CITYSCAPE @FARRER PARK,MERGUI ROAD,08,Non-Landed Properties,2,"3,700",90 to 100,"900 to 1,000",Jun-24
KERRISDALE,STURDEE ROAD,08,Non-Landed Properties,3,"5,400",130 to 140,"1,300 to 1,400",Jun-24
70@TRURO,TRURO ROAD,08,Non-Landed Properties,3,"4,400",70 to 80,800 to 900,Jun-24
CITY LOFT,RACE COURSE ROAD,08,Non-Landed Properties,1,"2,400",30 to 40,300 to 400,Jun-24
CITY SQUARE RESIDENCES,KITCHENER LINK,08,Non-Landed Properties,1,"3,300",50 to 60,500 to 600,Jun-24
R66 APARTMENTS,RANGOON ROAD,08,Non-Landed Properties,2,"4,800",110 to 120,"1,200 to 1,300",Jun-24
THE CITRON RESIDENCES,MARNE ROAD,08,Non-Landed Properties,2,"4,200",60 to 70,600 to 700,Jun-24
CITY SQUARE RESIDENCES,KITCHENER LINK,08,Non-Landed Properties,2,"3,900",80 to 90,800 to 900,Jun-24
CITY SQUARE RESIDENCES,KITCHENER LINK,08,Non-Landed Properties,3,"5,200",110 to 120,"1,200 to 1,300",Jun-24
CITY SQUARE RESIDENCES,KITCHENER LINK,08,Non-Landed Properties,3,"3,300",110 to 120,"1,200 to 1,300",Jun-24
WONG TAK FLAT,SERANGOON ROAD,08,Non-Landed Properties,3,"3,000",140 to 150,"1,500 to 1,600",Jun-24
FORTE SUITES,MERGUI ROAD,08,Non-Landed Properties,2,"3,600",60 to 70,600 to 700,Jun-24
CITYSCAPE @FARRER PARK,MERGUI ROAD,08,Non-Landed Properties,2,"5,000",90 to 100,"900 to 1,000",Jun-24
RACE COURSE 138,RACE COURSE ROAD,08,Non-Landed Properties,3,"5,000",130 to 140,"1,400 to 1,500",Jun-24
NON-LANDED HOUSING DEVELOPMENT,RACE COURSE ROAD,08,Non-Landed Properties,1,"2,150",30 to 40,300 to 400,Jun-24
1953,TESSENSOHN ROAD,08,Non-Landed Properties,1,"3,400",50 to 60,600 to 700,Jun-24
THE MERLOT,KENG LEE ROAD,08,Non-Landed Properties,1,"2,700",40 to 50,500 to 600,Jun-24
KERRISDALE,STURDEE ROAD,08,Non-Landed Properties,3,"5,400",110 to 120,"1,200 to 1,300",Jun-24
NON-LANDED HOUSING DEVELOPMENT,CHANDER ROAD,08,Non-Landed Properties,NA,"3,300",60 to 70,600 to 700,Jun-24
NON-LANDED HOUSING DEVELOPMENT,JOO AVENUE,08,Non-Landed Properties,NA,"2,900",130 to 140,"1,500 to 1,600",Jun-24
CITY SQUARE RESIDENCES,KITCHENER LINK,08,Non-Landed Properties,2,"4,500",70 to 80,800 to 900,Jun-24
1953,TESSENSOHN ROAD,08,Non-Landed Properties,1,"3,300",50 to 60,500 to 600,Jun-24
NON-LANDED HOUSING DEVELOPMENT,SERANGOON ROAD,08,Non-Landed Properties,NA,"4,500",70 to 80,700 to 800,Jun-24
NON-LANDED HOUSING DEVELOPMENT,HAMILTON ROAD,08,Non-Landed Properties,NA,"4,850",110 to 120,"1,200 to 1,300",Jun-24
KERRISDALE,STURDEE ROAD,08,Non-Landed Properties,3,"5,000",110 to 120,"1,200 to 1,300",Jun-24
CITYLIGHTS,JELLICOE ROAD,08,Non-Landed Properties,3,"6,200",120 to 130,"1,300 to 1,400",Jun-24
SAM LEONG MANSION,SAM LEONG ROAD,08,Non-Landed Properties,NA,"5,200",90 to 100,"1,000 to 1,100",Jun-24
CITY SQUARE RESIDENCES,KITCHENER LINK,08,Non-Landed Properties,3,"6,400",110 to 120,"1,200 to 1,300",Jun-24
CITY SQUARE RESIDENCES,KITCHENER LINK,08,Non-Landed Properties,1,"3,650",50 to 60,500 to 600,Jun-24
CITYLIGHTS,JELLICOE ROAD,08,Non-Landed Properties,1,"4,000",60 to 70,700 to 800,May-24
CITY SQUARE RESIDENCES,KITCHENER LINK,08,Non-Landed Properties,2,"4,000",70 to 80,800 to 900,May-24
SUITES 123,RANGOON ROAD,08,Non-Landed Properties,1,"3,200",50 to 60,500 to 600,May-24
RESIDENCES @ SOMME,PETAIN ROAD,08,Non-Landed Properties,2,"3,600",60 to 70,600 to 700,May-24
CITY SQUARE RESIDENCES,KITCHENER LINK,08,Non-Landed Properties,2,"4,600",70 to 80,800 to 900,May-24
CITYLIGHTS,JELLICOE ROAD,08,Non-Landed Properties,1,"4,400",60 to 70,600 to 700,May-24
CITYSCAPE @FARRER PARK,MERGUI ROAD,08,Non-Landed Properties,3,"5,500",120 to 130,"1,300 to 1,400",May-24
CITY SQUARE RESIDENCES,KITCHENER LINK,08,Non-Landed Properties,2,"4,200",70 to 80,800 to 900,May-24
1953,TESSENSOHN ROAD,08,Non-Landed Properties,1,"3,600",50 to 60,600 to 700,May-24
CITYLIGHTS,JELLICOE ROAD,08,Non-Landed Properties,1,"4,500",60 to 70,600 to 700,May-24
70@TRURO,TRURO ROAD,08,Non-Landed Properties,3,"4,100",70 to 80,800 to 900,May-24
CITY SQUARE RESIDENCES,KITCHENER LINK,08,Non-Landed Properties,3,"5,500",110 to 120,"1,100 to 1,200",May-24
NON-LANDED HOUSING DEVELOPMENT,SERANGOON ROAD,08,Non-Landed Properties,NA,"4,800",90 to 100,"1,000 to 1,100",May-24
CITY LOFT,RACE COURSE ROAD,08,Non-Landed Properties,1,"2,400",30 to 40,300 to 400,May-24
CITYLIGHTS,JELLICOE ROAD,08,Non-Landed Properties,2,"4,550",80 to 90,800 to 900,May-24
CITY SQUARE RESIDENCES,KITCHENER LINK,08,Non-Landed Properties,2,"4,050",70 to 80,800 to 900,May-24
OXFORD SUITES,OXFORD ROAD,08,Non-Landed Properties,3,"4,200",100 to 110,"1,100 to 1,200",May-24
STUDIOS @ MARNE,MARNE ROAD,08,Non-Landed Properties,NA,"2,900",50 to 60,500 to 600,May-24
STUDIOS @ MARNE,MARNE ROAD,08,Non-Landed Properties,NA,"3,000",40 to 50,500 to 600,May-24
CITYLIGHTS,JELLICOE ROAD,08,Non-Landed Properties,3,"5,900",130 to 140,"1,400 to 1,500",May-24
CITYSCAPE @FARRER PARK,MERGUI ROAD,08,Non-Landed Properties,2,"4,250",90 to 100,"900 to 1,000",May-24
KERRISDALE,STURDEE ROAD,08,Non-Landed Properties,3,"5,000",110 to 120,"1,200 to 1,300",May-24
SOHO 188,RACE COURSE ROAD,08,Non-Landed Properties,1,"3,300",60 to 70,600 to 700,May-24
STURDEE RESIDENCES,BEATTY ROAD,08,Non-Landed Properties,2,"4,300",60 to 70,600 to 700,May-24
CITIGATE RESIDENCE,RANGOON ROAD,08,Non-Landed Properties,1,"3,000",40 to 50,500 to 600,May-24
CITY SQUARE RESIDENCES,KITCHENER LINK,08,Non-Landed Properties,2,"4,400",70 to 80,800 to 900,May-24
NON-LANDED HOUSING DEVELOPMENT,HAMILTON ROAD,08,Non-Landed Properties,NA,"3,700",130 to 140,"1,300 to 1,400",May-24
CITYLIGHTS,JELLICOE ROAD,08,Non-Landed Properties,1,"4,300",60 to 70,600 to 700,May-24
CITY SQUARE RESIDENCES,KITCHENER LINK,08,Non-Landed Properties,1,"3,200",50 to 60,500 to 600,May-24
NON-LANDED HOUSING DEVELOPMENT,STARLIGHT ROAD,08,Non-Landed Properties,NA,"4,900",60 to 70,700 to 800,May-24
CITY SQUARE RESIDENCES,KITCHENER LINK,08,Non-Landed Properties,2,"4,500",70 to 80,800 to 900,May-24
NON-LANDED HOUSING DEVELOPMENT,HAMILTON ROAD,08,Non-Landed Properties,NA,"4,700",130 to 140,"1,300 to 1,400",May-24
NON-LANDED HOUSING DEVELOPMENT,KINTA ROAD,08,Non-Landed Properties,2,"2,800",80 to 90,800 to 900,May-24
CITYSCAPE @FARRER PARK,MERGUI ROAD,08,Non-Landed Properties,2,"4,250",90 to 100,"900 to 1,000",May-24
STUDIOS @ MARNE,MARNE ROAD,08,Non-Landed Properties,NA,"3,300",50 to 60,500 to 600,May-24
MAPLE LEAF ELITE 1,RANGOON ROAD,08,Non-Landed Properties,1,"3,800",50 to 60,600 to 700,May-24
CITYLIGHTS,JELLICOE ROAD,08,Non-Landed Properties,1,"3,500",50 to 60,500 to 600,May-24
CITYLIGHTS,JELLICOE ROAD,08,Non-Landed Properties,1,"4,200",60 to 70,700 to 800,May-24
JOOL SUITES,SING JOO WALK,08,Non-Landed Properties,1,"3,100",30 to 40,400 to 500,May-24
D'CAMBRIDGE,CAMBRIDGE ROAD,08,Non-Landed Properties,3,"4,500",110 to 120,"1,200 to 1,300",May-24
CITYLIGHTS,JELLICOE ROAD,08,Non-Landed Properties,1,"4,250",60 to 70,600 to 700,May-24
STURDEE RESIDENCES,BEATTY ROAD,08,Non-Landed Properties,2,"4,000",60 to 70,600 to 700,May-24
SOHO @ FARRER,RACE COURSE ROAD,08,Non-Landed Properties,1,"2,700",40 to 50,400 to 500,May-24
CITY SQUARE RESIDENCES,KITCHENER LINK,08,Non-Landed Properties,1,"3,500",50 to 60,500 to 600,May-24
RITZ @ FARRER,RACE COURSE ROAD,08,Non-Landed Properties,3,"4,150",60 to 70,700 to 800,May-24
CITYSCAPE @FARRER PARK,MERGUI ROAD,08,Non-Landed Properties,2,"4,050",100 to 110,"1,000 to 1,100",May-24
UPTOWN @ FARRER,PERUMAL ROAD,08,Non-Landed Properties,2,"3,900",50 to 60,500 to 600,May-24
CITY SQUARE RESIDENCES,KITCHENER LINK,08,Non-Landed Properties,1,"3,000",50 to 60,500 to 600,May-24
TYRWHITT 139,TYRWHITT ROAD,08,Non-Landed Properties,2,"3,700",50 to 60,500 to 600,May-24
THE MERLOT,KENG LEE ROAD,08,Non-Landed Properties,3,"4,100",100 to 110,"1,000 to 1,100",May-24
OXFORD SUITES,OXFORD ROAD,08,Non-Landed Properties,3,"6,000",150 to 160,"1,600 to 1,700",May-24
KERRISDALE,STURDEE ROAD,08,Non-Landed Properties,2,"4,300",90 to 100,"900 to 1,000",May-24
28 RC SUITES,RACE COURSE LANE,08,Non-Landed Properties,1,"2,800",40 to 50,400 to 500,May-24
CITY SQUARE RESIDENCES,KITCHENER LINK,08,Non-Landed Properties,3,"4,200",110 to 120,"1,200 to 1,300",May-24
STUDIOS @ MARNE,MARNE ROAD,08,Non-Landed Properties,NA,"3,600",50 to 60,500 to 600,May-24
KERRISDALE,STURDEE ROAD,08,Non-Landed Properties,3,"5,200",110 to 120,"1,200 to 1,300",May-24
THE MERLOT,KENG LEE ROAD,08,Non-Landed Properties,2,"3,900",80 to 90,800 to 900,May-24
JOOL SUITES,SING JOO WALK,08,Non-Landed Properties,1,"2,800",40 to 50,400 to 500,May-24
SUITES @ OWEN,OWEN ROAD,08,Non-Landed Properties,1,"3,000",40 to 50,500 to 600,May-24
SOHO 188,RACE COURSE ROAD,08,Non-Landed Properties,1,"3,000",30 to 40,300 to 400,May-24
FARRER PARK SUITES,OWEN ROAD,08,Non-Landed Properties,1,"3,400",60 to 70,700 to 800,May-24
CITY SQUARE RESIDENCES,KITCHENER LINK,08,Non-Landed Properties,4,"7,000",140 to 150,"1,500 to 1,600",May-24
CITY SQUARE RESIDENCES,KITCHENER LINK,08,Non-Landed Properties,3,"5,800",110 to 120,"1,200 to 1,300",May-24
FORTE SUITES,MERGUI ROAD,08,Non-Landed Properties,2,"3,600",60 to 70,600 to 700,May-24
CITY SQUARE RESIDENCES,KITCHENER LINK,08,Non-Landed Properties,4,"7,100",140 to 150,"1,500 to 1,600",May-24
STURDEE RESIDENCES,BEATTY ROAD,08,Non-Landed Properties,2,"4,200",60 to 70,600 to 700,May-24
CITYLIGHTS,JELLICOE ROAD,08,Non-Landed Properties,1,"3,700",50 to 60,500 to 600,May-24
KENTISH GREEN,OXFORD ROAD,08,Non-Landed Properties,2,"4,500",100 to 110,"1,000 to 1,100",May-24
THE CITRON RESIDENCES,MARNE ROAD,08,Non-Landed Properties,2,"3,800",60 to 70,600 to 700,May-24
CITY SQUARE RESIDENCES,KITCHENER LINK,08,Non-Landed Properties,1,"3,300",50 to 60,500 to 600,May-24
CITY SQUARE RESIDENCES,KITCHENER LINK,08,Non-Landed Properties,1,"3,500",50 to 60,500 to 600,May-24
SOHO 188,RACE COURSE ROAD,08,Non-Landed Properties,1,"3,200",30 to 40,300 to 400,May-24
SOHO @ FARRER,RACE COURSE ROAD,08,Non-Landed Properties,1,"2,800",40 to 50,400 to 500,May-24
CITY SQUARE RESIDENCES,KITCHENER LINK,08,Non-Landed Properties,2,"4,700",80 to 90,800 to 900,May-24
STURDEE RESIDENCES,BEATTY ROAD,08,Non-Landed Properties,1,"3,200",30 to 40,400 to 500,May-24
CITYSCAPE @FARRER PARK,MERGUI ROAD,08,Non-Landed Properties,2,"4,100",90 to 100,"900 to 1,000",May-24
MAPLE LEAF ELITE 1,RANGOON ROAD,08,Non-Landed Properties,2,"5,400",80 to 90,"900 to 1,000",May-24
JALAN BESAR PLAZA,KITCHENER ROAD,08,Non-Landed Properties,2,"3,700",80 to 90,"900 to 1,000",May-24
CITYLIGHTS,JELLICOE ROAD,08,Non-Landed Properties,2,"5,150",80 to 90,800 to 900,May-24
STURDEE RESIDENCES,BEATTY ROAD,08,Non-Landed Properties,3,"5,880",80 to 90,"900 to 1,000",May-24
NON-LANDED HOUSING DEVELOPMENT,TYRWHITT ROAD,08,Non-Landed Properties,NA,"4,800",80 to 90,800 to 900,May-24
OXFORD SUITES,OXFORD ROAD,08,Non-Landed Properties,3,"5,500",160 to 170,"1,700 to 1,800",May-24
CITY SQUARE RESIDENCES,KITCHENER LINK,08,Non-Landed Properties,3,"6,000",110 to 120,"1,100 to 1,200",May-24
CITYLIGHTS,JELLICOE ROAD,08,Non-Landed Properties,1,"3,550",50 to 60,500 to 600,May-24
FORTE SUITES,MERGUI ROAD,08,Non-Landed Properties,2,"3,450",50 to 60,600 to 700,May-24
CITY SQUARE RESIDENCES,KITCHENER LINK,08,Non-Landed Properties,1,"3,600",50 to 60,500 to 600,May-24
OXFORD SUITES,OXFORD ROAD,08,Non-Landed Properties,2,"4,000",90 to 100,"1,000 to 1,100",May-24
UPTOWN @ FARRER,PERUMAL ROAD,08,Non-Landed Properties,3,"4,700",60 to 70,700 to 800,May-24
CITY SQUARE RESIDENCES,KITCHENER LINK,08,Non-Landed Properties,2,"4,600",70 to 80,800 to 900,May-24
FORTE SUITES,MERGUI ROAD,08,Non-Landed Properties,1,"2,840",40 to 50,400 to 500,May-24
KENTISH GREEN,OXFORD ROAD,08,Non-Landed Properties,2,"4,500",100 to 110,"1,000 to 1,100",May-24
CLYDES RESIDENCE,MERGUI ROAD,08,Non-Landed Properties,3,"5,300",100 to 110,"1,100 to 1,200",May-24
NON-LANDED HOUSING DEVELOPMENT,CARLISLE ROAD,08,Non-Landed Properties,NA,"2,010",80 to 90,"900 to 1,000",May-24
NON-LANDED HOUSING DEVELOPMENT,CARLISLE ROAD,08,Non-Landed Properties,NA,"2,010",80 to 90,"900 to 1,000",May-24
STURDEE RESIDENCES,BEATTY ROAD,08,Non-Landed Properties,2,"4,400",60 to 70,700 to 800,May-24
KERRISDALE,STURDEE ROAD,08,Non-Landed Properties,3,"5,800",110 to 120,"1,200 to 1,300",May-24
KERRISDALE,STURDEE ROAD,08,Non-Landed Properties,2,"4,300",90 to 100,"900 to 1,000",May-24
LILY TAN MANSION,BRISTOL ROAD,08,Non-Landed Properties,NA,"2,000",80 to 90,"900 to 1,000",May-24
NON-LANDED HOUSING DEVELOPMENT,BEATTY ROAD,08,Non-Landed Properties,NA,"4,800",80 to 90,"900 to 1,000",May-24
NON-LANDED HOUSING DEVELOPMENT,JOO AVENUE,08,Non-Landed Properties,NA,"2,600",130 to 140,"1,500 to 1,600",May-24
NON-LANDED HOUSING DEVELOPMENT,HORNE ROAD,08,Non-Landed Properties,NA,"4,700",120 to 130,"1,300 to 1,400",May-24
NON-LANDED HOUSING DEVELOPMENT,SERANGOON ROAD,08,Non-Landed Properties,NA,"5,350",100 to 110,"1,100 to 1,200",May-24
NON-LANDED HOUSING DEVELOPMENT,RANGOON ROAD,08,Non-Landed Properties,NA,"2,800",110 to 120,"1,200 to 1,300",May-24
CITY SQUARE RESIDENCES,KITCHENER LINK,08,Non-Landed Properties,3,"5,900",170 to 180,"1,800 to 1,900",May-24
NON-LANDED HOUSING DEVELOPMENT,TRURO ROAD,08,Non-Landed Properties,NA,"4,700",100 to 110,"1,100 to 1,200",May-24
NON-LANDED HOUSING DEVELOPMENT,KING GEORGE'S AVENUE,08,Non-Landed Properties,NA,"5,300",120 to 130,"1,300 to 1,400",May-24
NON-LANDED HOUSING DEVELOPMENT,SERANGOON ROAD,08,Non-Landed Properties,NA,"3,100",60 to 70,700 to 800,May-24
UPTOWN @ FARRER,PERUMAL ROAD,08,Non-Landed Properties,2,"3,750",50 to 60,500 to 600,May-24
HERTFORD MANSION,BRISTOL ROAD,08,Non-Landed Properties,NA,"5,400",110 to 120,"1,200 to 1,300",May-24
OXFORD SUITES,OXFORD ROAD,08,Non-Landed Properties,1,"3,100",60 to 70,600 to 700,May-24
CITY SQUARE RESIDENCES,KITCHENER LINK,08,Non-Landed Properties,4,"6,250",140 to 150,"1,500 to 1,600",May-24
CITYSCAPE @FARRER PARK,MERGUI ROAD,08,Non-Landed Properties,2,"4,100",100 to 110,"1,100 to 1,200",May-24
CITY SQUARE RESIDENCES,KITCHENER LINK,08,Non-Landed Properties,2,"4,350",70 to 80,800 to 900,May-24
CITY STUDIOS,RACE COURSE LANE,08,Non-Landed Properties,2,"3,800",70 to 80,800 to 900,May-24
CITYSCAPE @FARRER PARK,MERGUI ROAD,08,Non-Landed Properties,2,"4,400",100 to 110,"1,000 to 1,100",May-24
CITY SQUARE RESIDENCES,KITCHENER LINK,08,Non-Landed Properties,2,"4,600",80 to 90,800 to 900,May-24
PRISTINE HEIGHTS,MERGUI ROAD,08,Non-Landed Properties,3,"4,600",100 to 110,"1,000 to 1,100",May-24
TYRWHITT 139,TYRWHITT ROAD,08,Non-Landed Properties,1,"2,800",30 to 40,300 to 400,May-24
JOOL SUITES,SING JOO WALK,08,Non-Landed Properties,1,"2,800",30 to 40,400 to 500,May-24
STURDEE RESIDENCES,BEATTY ROAD,08,Non-Landed Properties,1,"3,200",30 to 40,400 to 500,May-24
CITYLIGHTS,JELLICOE ROAD,08,Non-Landed Properties,3,"4,700",120 to 130,"1,300 to 1,400",May-24
D'CAMBRIDGE,CAMBRIDGE ROAD,08,Non-Landed Properties,2,"3,300",60 to 70,700 to 800,May-24
CITYLIGHTS,JELLICOE ROAD,08,Non-Landed Properties,1,"3,400",50 to 60,500 to 600,May-24
CITY SQUARE RESIDENCES,KITCHENER LINK,08,Non-Landed Properties,3,"5,000",110 to 120,"1,200 to 1,300",May-24
CITYLIGHTS,JELLICOE ROAD,08,Non-Landed Properties,2,"4,600",80 to 90,800 to 900,May-24
CITY LOFT,RACE COURSE ROAD,08,Non-Landed Properties,1,"2,300",30 to 40,400 to 500,May-24
RANGOON 88,RANGOON ROAD,08,Non-Landed Properties,1,"3,200",60 to 70,600 to 700,May-24
FORTE SUITES,MERGUI ROAD,08,Non-Landed Properties,3,"4,000",50 to 60,600 to 700,May-24
NON-LANDED HOUSING DEVELOPMENT,STARLIGHT ROAD,08,Non-Landed Properties,NA,"3,000",60 to 70,700 to 800,May-24
JALAN BESAR PLAZA,KITCHENER ROAD,08,Non-Landed Properties,2,"4,300",80 to 90,"900 to 1,000",May-24
URBAN LOFTS,RANGOON ROAD,08,Non-Landed Properties,1,"3,500",60 to 70,600 to 700,May-24
VANADIUM,HERTFORD ROAD,08,Non-Landed Properties,3,"4,500",100 to 110,"1,100 to 1,200",May-24
KENG LEE COURT,KENG LEE ROAD,08,Non-Landed Properties,3,"4,000",80 to 90,"900 to 1,000",May-24
FORTE SUITES,MERGUI ROAD,08,Non-Landed Properties,2,"3,800",50 to 60,600 to 700,May-24
CITYSCAPE @FARRER PARK,MERGUI ROAD,08,Non-Landed Properties,2,"4,500",90 to 100,"900 to 1,000",May-24
HERTFORD COLLECTION,HERTFORD ROAD,08,Non-Landed Properties,NA,"3,300",50 to 60,500 to 600,May-24
CITY SQUARE RESIDENCES,KITCHENER LINK,08,Non-Landed Properties,3,"5,500",110 to 120,"1,200 to 1,300",May-24
28 RC SUITES,RACE COURSE LANE,08,Non-Landed Properties,1,"2,800",40 to 50,400 to 500,May-24
CITYLIGHTS,JELLICOE ROAD,08,Non-Landed Properties,3,"9,000",170 to 180,"1,800 to 1,900",May-24
CITY SQUARE RESIDENCES,KITCHENER LINK,08,Non-Landed Properties,1,"3,450",50 to 60,500 to 600,May-24
KENG LEE COURT,KENG LEE ROAD,08,Non-Landed Properties,3,"3,600",90 to 100,"1,000 to 1,100",Apr-24
UPTOWN @ FARRER,PERUMAL ROAD,08,Non-Landed Properties,2,"4,000",50 to 60,500 to 600,Apr-24
UPTOWN @ FARRER,PERUMAL ROAD,08,Non-Landed Properties,2,"3,500",50 to 60,500 to 600,Apr-24
CITYSCAPE @FARRER PARK,MERGUI ROAD,08,Non-Landed Properties,2,"4,600",100 to 110,"1,100 to 1,200",Apr-24
CITY SQUARE RESIDENCES,KITCHENER LINK,08,Non-Landed Properties,4,"6,600",140 to 150,"1,500 to 1,600",Apr-24
CITY SQUARE RESIDENCES,KITCHENER LINK,08,Non-Landed Properties,3,"4,000",110 to 120,"1,100 to 1,200",Apr-24
CITY SQUARE RESIDENCES,KITCHENER LINK,08,Non-Landed Properties,3,"5,600",110 to 120,"1,200 to 1,300",Apr-24
OXFORD SUITES,OXFORD ROAD,08,Non-Landed Properties,NA,"3,900",80 to 90,800 to 900,Apr-24
CITY SQUARE RESIDENCES,KITCHENER LINK,08,Non-Landed Properties,3,"5,400",110 to 120,"1,200 to 1,300",Apr-24
NON-LANDED HOUSING DEVELOPMENT,BIRCH ROAD,08,Non-Landed Properties,NA,"3,800",20 to 30,300 to 400,Apr-24
THE URBANITE,HERTFORD ROAD,08,Non-Landed Properties,1,"2,500",40 to 50,500 to 600,Apr-24
RESIDENCES @ SOMME,PETAIN ROAD,08,Non-Landed Properties,1,"2,800",40 to 50,400 to 500,Apr-24
KERRISDALE,STURDEE ROAD,08,Non-Landed Properties,3,"5,700",110 to 120,"1,200 to 1,300",Apr-24
CITYLIGHTS,JELLICOE ROAD,08,Non-Landed Properties,2,"4,900",80 to 90,"900 to 1,000",Apr-24
NON-LANDED HOUSING DEVELOPMENT,KINTA ROAD,08,Non-Landed Properties,2,"3,450",80 to 90,800 to 900,Apr-24
CITY SQUARE RESIDENCES,KITCHENER LINK,08,Non-Landed Properties,2,"4,200",80 to 90,800 to 900,Apr-24
NON-LANDED HOUSING DEVELOPMENT,BIRCH ROAD,08,Non-Landed Properties,NA,"2,600",60 to 70,600 to 700,Apr-24
KERRISDALE,STURDEE ROAD,08,Non-Landed Properties,2,"4,500",90 to 100,"900 to 1,000",Apr-24
SUITES @ OWEN,OWEN ROAD,08,Non-Landed Properties,1,"2,800",50 to 60,500 to 600,Apr-24
CITYLIGHTS,JELLICOE ROAD,08,Non-Landed Properties,1,"4,000",60 to 70,600 to 700,Apr-24
CITYLIGHTS,JELLICOE ROAD,08,Non-Landed Properties,1,"3,450",50 to 60,500 to 600,Apr-24
CITYLIGHTS,JELLICOE ROAD,08,Non-Landed Properties,3,"7,000",130 to 140,"1,400 to 1,500",Apr-24
NON-LANDED HOUSING DEVELOPMENT,CARLISLE ROAD,08,Non-Landed Properties,NA,"1,300",90 to 100,"1,000 to 1,100",Apr-24
CITY LOFT,RACE COURSE ROAD,08,Non-Landed Properties,1,"2,300",30 to 40,300 to 400,Apr-24
CITY SQUARE RESIDENCES,KITCHENER LINK,08,Non-Landed Properties,2,"4,600",80 to 90,800 to 900,Apr-24
CARLYX GREEN,CARLISLE ROAD,08,Non-Landed Properties,2,"3,200",50 to 60,600 to 700,Apr-24
NON-LANDED HOUSING DEVELOPMENT,PENHAS ROAD,08,Non-Landed Properties,NA,"2,750",100 to 110,"1,100 to 1,200",Apr-24
PARC SOMME,SOMME ROAD,08,Non-Landed Properties,1,"4,100",60 to 70,700 to 800,Apr-24
CITYLIGHTS,JELLICOE ROAD,08,Non-Landed Properties,1,"4,400",60 to 70,700 to 800,Apr-24
CITY SQUARE RESIDENCES,KITCHENER LINK,08,Non-Landed Properties,2,"4,300",70 to 80,800 to 900,Apr-24
CITYLIGHTS,JELLICOE ROAD,08,Non-Landed Properties,1,"3,000",50 to 60,500 to 600,Apr-24
KERRISDALE,STURDEE ROAD,08,Non-Landed Properties,3,"5,300",110 to 120,"1,100 to 1,200",Apr-24
CITY SQUARE RESIDENCES,KITCHENER LINK,08,Non-Landed Properties,3,"5,000",110 to 120,"1,200 to 1,300",Apr-24
WONG TAK FLAT,SERANGOON ROAD,08,Non-Landed Properties,3,"4,200",140 to 150,"1,500 to 1,600",Apr-24
CITY SQUARE RESIDENCES,KITCHENER LINK,08,Non-Landed Properties,3,"5,800",110 to 120,"1,200 to 1,300",Apr-24
STUDIOS @ MARNE,MARNE ROAD,08,Non-Landed Properties,NA,"3,800",50 to 60,500 to 600,Apr-24
STUDIOS @ MARNE,MARNE ROAD,08,Non-Landed Properties,NA,"3,800",50 to 60,500 to 600,Apr-24
KENTISH COURT,OXFORD ROAD,08,Non-Landed Properties,2,"3,900",100 to 110,"1,100 to 1,200",Apr-24
RESIDENCES @ SOMME,PETAIN ROAD,08,Non-Landed Properties,1,"2,900",40 to 50,400 to 500,Apr-24
SOHO 188,RACE COURSE ROAD,08,Non-Landed Properties,1,"2,600",40 to 50,400 to 500,Apr-24
CITY SQUARE RESIDENCES,KITCHENER LINK,08,Non-Landed Properties,4,"6,600",140 to 150,"1,500 to 1,600",Apr-24
RACE COURSE RD/OWEN RD CON AREA,RACE COURSE ROAD,08,Non-Landed Properties,NA,"7,500",210 to 220,"2,200 to 2,300",Apr-24
NON-LANDED HOUSING DEVELOPMENT,CAMBRIDGE ROAD,08,Non-Landed Properties,NA,"4,100",70 to 80,800 to 900,Apr-24
NON-LANDED HOUSING DEVELOPMENT,FLANDERS SQUARE,08,Non-Landed Properties,NA,"1,500",90 to 100,"1,000 to 1,100",Apr-24
UPTOWN @ FARRER,PERUMAL ROAD,08,Non-Landed Properties,2,"3,500",50 to 60,500 to 600,Apr-24
CITYLIGHTS,JELLICOE ROAD,08,Non-Landed Properties,3,"6,000",120 to 130,"1,300 to 1,400",Apr-24
NON-LANDED HOUSING DEVELOPMENT,HORNE ROAD,08,Non-Landed Properties,NA,"5,000",80 to 90,"900 to 1,000",Apr-24
CITYSCAPE @FARRER PARK,MERGUI ROAD,08,Non-Landed Properties,2,"3,800",90 to 100,"900 to 1,000",Apr-24
URBAN LOFTS,RANGOON ROAD,08,Non-Landed Properties,1,"2,600",40 to 50,400 to 500,Apr-24
CITYSCAPE @FARRER PARK,MERGUI ROAD,08,Non-Landed Properties,2,"4,200",100 to 110,"1,000 to 1,100",Apr-24
CITY SQUARE RESIDENCES,KITCHENER LINK,08,Non-Landed Properties,1,"3,500",50 to 60,500 to 600,Apr-24
CITY SQUARE RESIDENCES,KITCHENER LINK,08,Non-Landed Properties,4,"6,500",130 to 140,"1,400 to 1,500",Apr-24
CITY SQUARE RESIDENCES,KITCHENER LINK,08,Non-Landed Properties,2,"4,500",70 to 80,800 to 900,Apr-24
CITY SQUARE RESIDENCES,KITCHENER LINK,08,Non-Landed Properties,3,"5,200",110 to 120,"1,200 to 1,300",Apr-24
UPTOWN @ FARRER,PERUMAL ROAD,08,Non-Landed Properties,2,"3,300",40 to 50,500 to 600,Apr-24
CITYLIGHTS,JELLICOE ROAD,08,Non-Landed Properties,1,"3,650",50 to 60,500 to 600,Apr-24
CITYLIGHTS,JELLICOE ROAD,08,Non-Landed Properties,1,"3,700",50 to 60,500 to 600,Apr-24
CITYLIGHTS,JELLICOE ROAD,08,Non-Landed Properties,1,"3,700",50 to 60,500 to 600,Apr-24
CITY SQUARE RESIDENCES,KITCHENER LINK,08,Non-Landed Properties,1,"3,500",50 to 60,500 to 600,Apr-24
CITY SQUARE RESIDENCES,KITCHENER LINK,08,Non-Landed Properties,1,"3,850",50 to 60,500 to 600,Apr-24
MAPLE LEAF ELITE 2,RANGOON ROAD,08,Non-Landed Properties,2,"4,000",50 to 60,500 to 600,Apr-24
CITY SQUARE RESIDENCES,KITCHENER LINK,08,Non-Landed Properties,2,"4,900",70 to 80,800 to 900,Apr-24
JOOL SUITES,SING JOO WALK,08,Non-Landed Properties,1,"2,900",30 to 40,300 to 400,Apr-24
28 RC SUITES,RACE COURSE LANE,08,Non-Landed Properties,1,"3,100",40 to 50,400 to 500,Apr-24
STURDEE RESIDENCES,BEATTY ROAD,08,Non-Landed Properties,2,"3,800",50 to 60,500 to 600,Apr-24
R66 APARTMENTS,RANGOON ROAD,08,Non-Landed Properties,1,"3,400",40 to 50,500 to 600,Apr-24
R66 APARTMENTS,RANGOON ROAD,08,Non-Landed Properties,1,"2,800",50 to 60,500 to 600,Apr-24
RESIDENCES @ SOMME,PETAIN ROAD,08,Non-Landed Properties,1,"3,500",50 to 60,500 to 600,Apr-24
CITYLIGHTS,JELLICOE ROAD,08,Non-Landed Properties,1,"4,200",60 to 70,700 to 800,Apr-24
NON-LANDED HOUSING DEVELOPMENT,SING JOO WALK,08,Non-Landed Properties,NA,"6,000",170 to 180,"1,800 to 1,900",Apr-24
CITYSCAPE @FARRER PARK,MERGUI ROAD,08,Non-Landed Properties,2,"4,100",100 to 110,"1,100 to 1,200",Apr-24
KERRISDALE,STURDEE ROAD,08,Non-Landed Properties,3,"5,388",110 to 120,"1,200 to 1,300",Apr-24
1953,TESSENSOHN ROAD,08,Non-Landed Properties,1,"3,450",50 to 60,500 to 600,Apr-24
THE URBANITE,HERTFORD ROAD,08,Non-Landed Properties,2,"3,000",60 to 70,600 to 700,Apr-24
CITY SQUARE RESIDENCES,KITCHENER LINK,08,Non-Landed Properties,3,"5,800",110 to 120,"1,200 to 1,300",Apr-24
HERTFORD COLLECTION,HERTFORD ROAD,08,Non-Landed Properties,NA,"3,300",50 to 60,500 to 600,Apr-24
CITY SQUARE RESIDENCES,KITCHENER LINK,08,Non-Landed Properties,2,"4,200",70 to 80,800 to 900,Apr-24
STURDEE RESIDENCES,BEATTY ROAD,08,Non-Landed Properties,1,"3,200",30 to 40,400 to 500,Apr-24
LOFT @ RANGOON,RANGOON ROAD,08,Non-Landed Properties,1,"3,100",40 to 50,400 to 500,Apr-24
CITY SQUARE RESIDENCES,KITCHENER LINK,08,Non-Landed Properties,2,"4,500",70 to 80,800 to 900,Apr-24
CAVAN SUITES,CAVAN ROAD,08,Non-Landed Properties,NA,"2,400",30 to 40,300 to 400,Apr-24
STURDEE RESIDENCES,BEATTY ROAD,08,Non-Landed Properties,2,"4,250",60 to 70,600 to 700,Apr-24
CITY SQUARE RESIDENCES,KITCHENER LINK,08,Non-Landed Properties,3,"5,000",110 to 120,"1,200 to 1,300",Apr-24
CITYSCAPE @FARRER PARK,MERGUI ROAD,08,Non-Landed Properties,2,"4,100",100 to 110,"1,000 to 1,100",Apr-24
CITY SQUARE RESIDENCES,KITCHENER LINK,08,Non-Landed Properties,1,"3,600",50 to 60,500 to 600,Apr-24
STURDEE RESIDENCES,BEATTY ROAD,08,Non-Landed Properties,2,"4,850",60 to 70,600 to 700,Apr-24
CITYLIGHTS,JELLICOE ROAD,08,Non-Landed Properties,1,"4,000",60 to 70,600 to 700,Apr-24
THE CITRON RESIDENCES,MARNE ROAD,08,Non-Landed Properties,2,"4,000",60 to 70,600 to 700,Apr-24
LOFT @ RANGOON,RANGOON ROAD,08,Non-Landed Properties,1,"2,900",30 to 40,400 to 500,Apr-24
CITYSCAPE @FARRER PARK,MERGUI ROAD,08,Non-Landed Properties,4,"7,800",260 to 270,"2,800 to 2,900",Apr-24
NON-LANDED HOUSING DEVELOPMENT,RACE COURSE ROAD,08,Non-Landed Properties,NA,"2,100",30 to 40,300 to 400,Apr-24
NON-LANDED HOUSING DEVELOPMENT,RACE COURSE ROAD,08,Non-Landed Properties,1,"2,350",30 to 40,300 to 400,Apr-24
LOFT @ RANGOON,RANGOON ROAD,08,Non-Landed Properties,1,"3,100",30 to 40,400 to 500,Apr-24
RESIDENCES @ SOMME,PETAIN ROAD,08,Non-Landed Properties,1,"2,900",50 to 60,500 to 600,Apr-24
KERRISDALE,STURDEE ROAD,08,Non-Landed Properties,2,"4,100",90 to 100,"900 to 1,000",Apr-24
THE CITRON RESIDENCES,MARNE ROAD,08,Non-Landed Properties,3,"3,700",80 to 90,"900 to 1,000",Apr-24
CITY SQUARE RESIDENCES,KITCHENER LINK,08,Non-Landed Properties,4,"7,500",140 to 150,"1,500 to 1,600",Apr-24
MERGUI MANSIONS,MERGUI ROAD,08,Non-Landed Properties,3,"4,300",120 to 130,"1,300 to 1,400",Apr-24
CITYLIGHTS,JELLICOE ROAD,08,Non-Landed Properties,1,"4,000",60 to 70,600 to 700,Apr-24
CITY SQUARE RESIDENCES,KITCHENER LINK,08,Non-Landed Properties,1,"3,500",50 to 60,500 to 600,Apr-24
TYRWHITT 139,TYRWHITT ROAD,08,Non-Landed Properties,1,"2,600",40 to 50,400 to 500,Apr-24
VANADIUM,HERTFORD ROAD,08,Non-Landed Properties,2,"4,400",90 to 100,"900 to 1,000",Apr-24
SOHO 188,RACE COURSE ROAD,08,Non-Landed Properties,1,"3,100",40 to 50,400 to 500,Apr-24
CLYDES RESIDENCE,MERGUI ROAD,08,Non-Landed Properties,2,"4,000",90 to 100,"1,000 to 1,100",Apr-24
28 RC SUITES,RACE COURSE LANE,08,Non-Landed Properties,1,"3,500",40 to 50,400 to 500,Apr-24
D'CAMBRIDGE,CAMBRIDGE ROAD,08,Non-Landed Properties,2,"3,200",60 to 70,700 to 800,Apr-24
CITY SQUARE RESIDENCES,KITCHENER LINK,08,Non-Landed Properties,3,"5,500",110 to 120,"1,200 to 1,300",Apr-24
CITYLIGHTS,JELLICOE ROAD,08,Non-Landed Properties,1,"4,100",60 to 70,600 to 700,Apr-24
CITYLIGHTS,JELLICOE ROAD,08,Non-Landed Properties,3,"6,400",120 to 130,"1,300 to 1,400",Apr-24
KENTISH GREEN,OXFORD ROAD,08,Non-Landed Properties,2,"4,000",100 to 110,"1,000 to 1,100",Apr-24
KERRISDALE,STURDEE ROAD,08,Non-Landed Properties,3,"5,200",110 to 120,"1,200 to 1,300",Apr-24
CITY SQUARE RESIDENCES,KITCHENER LINK,08,Non-Landed Properties,2,"4,600",80 to 90,800 to 900,Apr-24
RESIDENCES @ SOMME,PETAIN ROAD,08,Non-Landed Properties,1,"2,850",50 to 60,500 to 600,Apr-24
STURDEE RESIDENCES,BEATTY ROAD,08,Non-Landed Properties,1,"2,950",30 to 40,400 to 500,Apr-24
RANGOON 88,RANGOON ROAD,08,Non-Landed Properties,1,"3,100",40 to 50,400 to 500,Apr-24
CITY SQUARE RESIDENCES,KITCHENER LINK,08,Non-Landed Properties,2,"4,300",80 to 90,800 to 900,Apr-24
TYRWHITT 139,TYRWHITT ROAD,08,Non-Landed Properties,2,"4,000",80 to 90,"900 to 1,000",Apr-24
CITYSCAPE @FARRER PARK,MERGUI ROAD,08,Non-Landed Properties,3,"5,100",120 to 130,"1,300 to 1,400",Apr-24
VOGX,DORSET ROAD,08,Non-Landed Properties,2,"3,600",80 to 90,800 to 900,Apr-24
CITY SQUARE RESIDENCES,KITCHENER LINK,08,Non-Landed Properties,2,"4,300",70 to 80,800 to 900,Apr-24
CITY STUDIOS,RACE COURSE LANE,08,Non-Landed Properties,1,"2,750",40 to 50,400 to 500,Apr-24
CITYLIGHTS,JELLICOE ROAD,08,Non-Landed Properties,1,"3,800",50 to 60,500 to 600,Apr-24
CITIGATE RESIDENCE,RANGOON ROAD,08,Non-Landed Properties,1,"3,000",50 to 60,500 to 600,Apr-24
RANGOON 88,RANGOON ROAD,08,Non-Landed Properties,1,"2,925",60 to 70,600 to 700,Apr-24
KENT RESIDENCES,KENT ROAD,08,Non-Landed Properties,1,"3,200",80 to 90,"900 to 1,000",Apr-24
STUDIOS @ MARNE,MARNE ROAD,08,Non-Landed Properties,2,"4,000",100 to 110,"1,000 to 1,100",Apr-24
28 RC SUITES,RACE COURSE LANE,08,Non-Landed Properties,1,"2,800",30 to 40,400 to 500,Apr-24
CITY LOFT,RACE COURSE ROAD,08,Non-Landed Properties,1,"3,000",30 to 40,300 to 400,Apr-24
CITY SQUARE RESIDENCES,KITCHENER LINK,08,Non-Landed Properties,2,"4,300",70 to 80,800 to 900,Apr-24
URBAN LOFTS,RANGOON ROAD,08,Non-Landed Properties,1,"2,900",40 to 50,400 to 500,Apr-24
CITY SQUARE RESIDENCES,KITCHENER LINK,08,Non-Landed Properties,4,"7,000",140 to 150,"1,500 to 1,600",Apr-24
CITY SQUARE RESIDENCES,KITCHENER LINK,08,Non-Landed Properties,4,"7,000",140 to 150,"1,500 to 1,600",Apr-24
NON-LANDED HOUSING DEVELOPMENT,JOO AVENUE,08,Non-Landed Properties,NA,"5,500",140 to 150,"1,500 to 1,600",Apr-24
NON-LANDED HOUSING DEVELOPMENT,SERANGOON ROAD,08,Non-Landed Properties,3,"5,000",140 to 150,"1,500 to 1,600",Apr-24
NON-LANDED HOUSING DEVELOPMENT,FLANDERS SQUARE,08,Non-Landed Properties,NA,"3,500",90 to 100,"1,000 to 1,100",Apr-24
NON-LANDED HOUSING DEVELOPMENT,HAMILTON ROAD,08,Non-Landed Properties,NA,"3,200",90 to 100,"900 to 1,000",Apr-24
SOHO 188,RACE COURSE ROAD,08,Non-Landed Properties,1,"3,000",40 to 50,400 to 500,Apr-24
MAPLE LEAF ELITE 2,RANGOON ROAD,08,Non-Landed Properties,2,"4,000",50 to 60,500 to 600,Apr-24
KERRISDALE,STURDEE ROAD,08,Non-Landed Properties,2,"4,500",90 to 100,"900 to 1,000",Apr-24
NON-LANDED HOUSING DEVELOPMENT,FLANDERS SQUARE,08,Non-Landed Properties,NA,"2,500",90 to 100,"1,000 to 1,100",Apr-24
NON-LANDED HOUSING DEVELOPMENT,TYRWHITT ROAD,08,Non-Landed Properties,NA,"4,000",100 to 110,"1,000 to 1,100",Apr-24
NON-LANDED HOUSING DEVELOPMENT,TYRWHITT ROAD,08,Non-Landed Properties,NA,"4,500",140 to 150,"1,500 to 1,600",Apr-24
KERRISDALE,STURDEE ROAD,08,Non-Landed Properties,3,"5,500",110 to 120,"1,200 to 1,300",Apr-24
CITY SQUARE RESIDENCES,KITCHENER LINK,08,Non-Landed Properties,1,"3,800",50 to 60,500 to 600,Apr-24
28 RC SUITES,RACE COURSE LANE,08,Non-Landed Properties,1,"2,600",40 to 50,400 to 500,Apr-24
NON-LANDED HOUSING DEVELOPMENT,BEATTY ROAD,08,Non-Landed Properties,NA,"4,700",110 to 120,"1,200 to 1,300",Apr-24
CARLISLE COURT,CARLISLE ROAD,08,Non-Landed Properties,3,"4,200",100 to 110,"1,100 to 1,200",Apr-24
NON-LANDED HOUSING DEVELOPMENT,SING JOO WALK,08,Non-Landed Properties,NA,"3,600",90 to 100,"1,000 to 1,100",Apr-24
KERRISDALE,STURDEE ROAD,08,Non-Landed Properties,2,"4,500",90 to 100,"900 to 1,000",Apr-24
NON-LANDED HOUSING DEVELOPMENT,RACE COURSE ROAD,08,Non-Landed Properties,NA,"2,080",20 to 30,200 to 300,Apr-24
CITY SQUARE RESIDENCES,KITCHENER LINK,08,Non-Landed Properties,2,"4,600",70 to 80,800 to 900,Mar-24
MERA SPRINGS,CARLISLE ROAD,08,Non-Landed Properties,4,"6,100",140 to 150,"1,500 to 1,600",Mar-24
JOOL SUITES,SING JOO WALK,08,Non-Landed Properties,1,"3,000",30 to 40,400 to 500,Mar-24
CITYLIGHTS,JELLICOE ROAD,08,Non-Landed Properties,2,"4,750",80 to 90,800 to 900,Mar-24
UPTOWN @ FARRER,PERUMAL ROAD,08,Non-Landed Properties,2,"3,900",50 to 60,500 to 600,Mar-24
LOFT @ RANGOON,RANGOON ROAD,08,Non-Landed Properties,1,"2,900",30 to 40,400 to 500,Mar-24
CITY SQUARE RESIDENCES,KITCHENER LINK,08,Non-Landed Properties,2,"4,875",80 to 90,800 to 900,Mar-24
OXFORD SUITES,OXFORD ROAD,08,Non-Landed Properties,NA,"4,200",80 to 90,800 to 900,Mar-24
KERRISDALE,STURDEE ROAD,08,Non-Landed Properties,2,"4,400",80 to 90,"900 to 1,000",Mar-24
OXFORD SUITES,OXFORD ROAD,08,Non-Landed Properties,2,"3,800",90 to 100,"1,000 to 1,100",Mar-24
FORTE SUITES,MERGUI ROAD,08,Non-Landed Properties,2,"3,800",50 to 60,600 to 700,Mar-24
KENTISH GREEN,OXFORD ROAD,08,Non-Landed Properties,2,"4,200",100 to 110,"1,000 to 1,100",Mar-24
URBAN LOFTS,RANGOON ROAD,08,Non-Landed Properties,1,"3,000",60 to 70,700 to 800,Mar-24
KENTISH LODGE,OXFORD ROAD,08,Non-Landed Properties,3,"4,800",110 to 120,"1,100 to 1,200",Mar-24
CITYLIGHTS,JELLICOE ROAD,08,Non-Landed Properties,1,"4,000",60 to 70,600 to 700,Mar-24
CITYSCAPE @FARRER PARK,MERGUI ROAD,08,Non-Landed Properties,2,"4,200",90 to 100,"900 to 1,000",Mar-24
RESIDENCES @ SOMME,PETAIN ROAD,08,Non-Landed Properties,1,"3,000",40 to 50,400 to 500,Mar-24
CITY SQUARE RESIDENCES,KITCHENER LINK,08,Non-Landed Properties,4,"6,500",140 to 150,"1,500 to 1,600",Mar-24
KERRISDALE,STURDEE ROAD,08,Non-Landed Properties,3,"5,300",110 to 120,"1,200 to 1,300",Mar-24
CITY LOFT,RACE COURSE ROAD,08,Non-Landed Properties,1,"2,400",30 to 40,300 to 400,Mar-24
JOOL SUITES,SING JOO WALK,08,Non-Landed Properties,1,"3,600",40 to 50,400 to 500,Mar-24
VOGX,DORSET ROAD,08,Non-Landed Properties,3,"4,700",100 to 110,"1,100 to 1,200",Mar-24
KERRISDALE,STURDEE ROAD,08,Non-Landed Properties,3,"5,900",110 to 120,"1,200 to 1,300",Mar-24
CITYSCAPE @FARRER PARK,MERGUI ROAD,08,Non-Landed Properties,2,"4,400",100 to 110,"1,000 to 1,100",Mar-24
KERRISDALE,STURDEE ROAD,08,Non-Landed Properties,3,"5,200",110 to 120,"1,200 to 1,300",Mar-24
KERRISDALE,STURDEE ROAD,08,Non-Landed Properties,3,"5,400",110 to 120,"1,200 to 1,300",Mar-24
STURDEE RESIDENCES,BEATTY ROAD,08,Non-Landed Properties,3,"5,500",90 to 100,"1,000 to 1,100",Mar-24
CITY SQUARE RESIDENCES,KITCHENER LINK,08,Non-Landed Properties,3,"5,100",110 to 120,"1,200 to 1,300",Mar-24
CITY SQUARE RESIDENCES,KITCHENER LINK,08,Non-Landed Properties,4,"8,000",140 to 150,"1,500 to 1,600",Mar-24
UPTOWN @ FARRER,PERUMAL ROAD,08,Non-Landed Properties,2,"3,650",50 to 60,500 to 600,Mar-24
CAVAN SUITES,CAVAN ROAD,08,Non-Landed Properties,NA,"2,400",30 to 40,300 to 400,Mar-24
28 RC SUITES,RACE COURSE LANE,08,Non-Landed Properties,1,"3,000",40 to 50,400 to 500,Mar-24
CITY SQUARE RESIDENCES,KITCHENER LINK,08,Non-Landed Properties,3,"6,000",110 to 120,"1,200 to 1,300",Mar-24
CITY LOFT,RACE COURSE ROAD,08,Non-Landed Properties,2,"3,500",80 to 90,"900 to 1,000",Mar-24
CITYLIGHTS,JELLICOE ROAD,08,Non-Landed Properties,2,"5,100",80 to 90,"900 to 1,000",Mar-24
THE CITRON RESIDENCES,MARNE ROAD,08,Non-Landed Properties,2,"3,950",60 to 70,700 to 800,Mar-24
LE SOMME,SOMME ROAD,08,Non-Landed Properties,1,"3,000",40 to 50,500 to 600,Mar-24
PARC SOMME,SOMME ROAD,08,Non-Landed Properties,1,"2,900",40 to 50,400 to 500,Mar-24
PARC SOMME,SOMME ROAD,08,Non-Landed Properties,1,"3,050",30 to 40,300 to 400,Mar-24
CITY SQUARE RESIDENCES,KITCHENER LINK,08,Non-Landed Properties,4,"7,000",140 to 150,"1,500 to 1,600",Mar-24
CITY SQUARE RESIDENCES,KITCHENER LINK,08,Non-Landed Properties,1,"3,700",50 to 60,500 to 600,Mar-24
THE CITRON RESIDENCES,MARNE ROAD,08,Non-Landed Properties,2,"4,100",60 to 70,600 to 700,Mar-24
OXFORD SUITES,OXFORD ROAD,08,Non-Landed Properties,NA,"4,000",80 to 90,800 to 900,Mar-24
MERA SPRINGS,CARLISLE ROAD,08,Non-Landed Properties,2,"4,100",90 to 100,"1,000 to 1,100",Mar-24
UPTOWN @ FARRER,PERUMAL ROAD,08,Non-Landed Properties,3,"4,600",60 to 70,600 to 700,Mar-24
CITYLIGHTS,JELLICOE ROAD,08,Non-Landed Properties,3,"7,000",130 to 140,"1,400 to 1,500",Mar-24
JOOL SUITES,SING JOO WALK,08,Non-Landed Properties,1,"3,100",30 to 40,300 to 400,Mar-24
THE URBANITE,HERTFORD ROAD,08,Non-Landed Properties,2,"3,200",60 to 70,600 to 700,Mar-24
CITYSCAPE @FARRER PARK,MERGUI ROAD,08,Non-Landed Properties,3,"5,900",120 to 130,"1,300 to 1,400",Mar-24
UPTOWN @ FARRER,PERUMAL ROAD,08,Non-Landed Properties,3,"5,000",70 to 80,700 to 800,Mar-24
NON-LANDED HOUSING DEVELOPMENT,FLANDERS SQUARE,08,Non-Landed Properties,NA,"3,900",90 to 100,"1,000 to 1,100",Mar-24
NON-LANDED HOUSING DEVELOPMENT,CAVAN ROAD,08,Non-Landed Properties,NA,"4,100",110 to 120,"1,200 to 1,300",Mar-24
CITY SQUARE RESIDENCES,KITCHENER LINK,08,Non-Landed Properties,3,"6,200",110 to 120,"1,200 to 1,300",Mar-24
CAVAN SUITES,CAVAN ROAD,08,Non-Landed Properties,NA,"2,400",30 to 40,300 to 400,Mar-24
STURDEE RESIDENCES,BEATTY ROAD,08,Non-Landed Properties,3,"5,300",70 to 80,800 to 900,Mar-24
CITY SQUARE RESIDENCES,KITCHENER LINK,08,Non-Landed Properties,3,"1,850",110 to 120,"1,200 to 1,300",Mar-24
CITY SQUARE RESIDENCES,KITCHENER LINK,08,Non-Landed Properties,1,"3,000",50 to 60,500 to 600,Mar-24
CITY SQUARE RESIDENCES,KITCHENER LINK,08,Non-Landed Properties,3,"6,200",110 to 120,"1,200 to 1,300",Mar-24
OXFORD SUITES,OXFORD ROAD,08,Non-Landed Properties,2,"3,300",90 to 100,"1,000 to 1,100",Mar-24
CITY SQUARE RESIDENCES,KITCHENER LINK,08,Non-Landed Properties,3,"6,000",110 to 120,"1,200 to 1,300",Mar-24
MAPLE LEAF ELITE 1,RANGOON ROAD,08,Non-Landed Properties,2,"5,600",80 to 90,"900 to 1,000",Mar-24
LOFT @ RANGOON,RANGOON ROAD,08,Non-Landed Properties,1,"3,000",40 to 50,400 to 500,Mar-24
CITYLIGHTS,JELLICOE ROAD,08,Non-Landed Properties,1,"3,800",50 to 60,500 to 600,Mar-24
CITY SQUARE RESIDENCES,KITCHENER LINK,08,Non-Landed Properties,2,"5,000",80 to 90,800 to 900,Mar-24
KERRISDALE,STURDEE ROAD,08,Non-Landed Properties,4,"6,400",130 to 140,"1,400 to 1,500",Mar-24
CITYLIGHTS,JELLICOE ROAD,08,Non-Landed Properties,1,"4,300",60 to 70,600 to 700,Mar-24
CITY SQUARE RESIDENCES,KITCHENER LINK,08,Non-Landed Properties,3,"5,600",110 to 120,"1,200 to 1,300",Mar-24
KENTISH GREEN,OXFORD ROAD,08,Non-Landed Properties,2,"3,680",110 to 120,"1,200 to 1,300",Mar-24
R66 APARTMENTS,RANGOON ROAD,08,Non-Landed Properties,1,"3,400",60 to 70,600 to 700,Mar-24
CITYSCAPE @FARRER PARK,MERGUI ROAD,08,Non-Landed Properties,2,"4,200",100 to 110,"1,100 to 1,200",Mar-24
CITY SQUARE RESIDENCES,KITCHENER LINK,08,Non-Landed Properties,2,"3,000",70 to 80,800 to 900,Mar-24
THE CITRON RESIDENCES,MARNE ROAD,08,Non-Landed Properties,2,"4,300",60 to 70,600 to 700,Mar-24
CITYLIGHTS,JELLICOE ROAD,08,Non-Landed Properties,1,"4,300",60 to 70,700 to 800,Mar-24
CITYLIGHTS,JELLICOE ROAD,08,Non-Landed Properties,1,"4,000",50 to 60,500 to 600,Mar-24
STURDEE RESIDENCES,BEATTY ROAD,08,Non-Landed Properties,3,"5,400",90 to 100,"1,000 to 1,100",Mar-24
CITYLIGHTS,JELLICOE ROAD,08,Non-Landed Properties,1,"3,700",50 to 60,500 to 600,Mar-24
MAPLE LEAF ELITE 2,RANGOON ROAD,08,Non-Landed Properties,2,"4,000",50 to 60,500 to 600,Mar-24
CITY SQUARE RESIDENCES,KITCHENER LINK,08,Non-Landed Properties,2,"4,450",70 to 80,800 to 900,Mar-24
CITY SQUARE RESIDENCES,KITCHENER LINK,08,Non-Landed Properties,2,"4,500",80 to 90,800 to 900,Mar-24
CITY SQUARE RESIDENCES,KITCHENER LINK,08,Non-Landed Properties,3,"6,300",110 to 120,"1,200 to 1,300",Mar-24
CITY SQUARE RESIDENCES,KITCHENER LINK,08,Non-Landed Properties,1,"3,800",50 to 60,500 to 600,Mar-24
CITY SQUARE RESIDENCES,KITCHENER LINK,08,Non-Landed Properties,3,"5,650",110 to 120,"1,100 to 1,200",Mar-24
CITY SQUARE RESIDENCES,KITCHENER LINK,08,Non-Landed Properties,1,"3,900",50 to 60,500 to 600,Mar-24
CITY SQUARE RESIDENCES,KITCHENER LINK,08,Non-Landed Properties,2,"3,800",70 to 80,800 to 900,Mar-24
RANGOON 88,RANGOON ROAD,08,Non-Landed Properties,1,"3,000",40 to 50,400 to 500,Mar-24
CITY SQUARE RESIDENCES,KITCHENER LINK,08,Non-Landed Properties,2,"5,000",90 to 100,"900 to 1,000",Mar-24
CITY SQUARE RESIDENCES,KITCHENER LINK,08,Non-Landed Properties,3,"6,500",110 to 120,"1,200 to 1,300",Mar-24
CITY SQUARE RESIDENCES,KITCHENER LINK,08,Non-Landed Properties,1,"3,400",50 to 60,500 to 600,Mar-24
UPTOWN @ FARRER,PERUMAL ROAD,08,Non-Landed Properties,2,"4,100",50 to 60,500 to 600,Mar-24
JALAN BESAR PLAZA,KITCHENER ROAD,08,Non-Landed Properties,2,"3,000",70 to 80,800 to 900,Mar-24
SOHO @ FARRER,RACE COURSE ROAD,08,Non-Landed Properties,1,"2,600",30 to 40,300 to 400,Mar-24
NON-LANDED HOUSING DEVELOPMENT,HERTFORD ROAD,08,Non-Landed Properties,NA,"4,900",160 to 170,"1,700 to 1,800",Mar-24
CITY LOFT,RACE COURSE ROAD,08,Non-Landed Properties,1,"2,400",30 to 40,300 to 400,Mar-24
VOGX,DORSET ROAD,08,Non-Landed Properties,2,"3,850",80 to 90,800 to 900,Mar-24
SOHO 188,RACE COURSE ROAD,08,Non-Landed Properties,1,"2,800",40 to 50,400 to 500,Mar-24
PRISTINE HEIGHTS,MERGUI ROAD,08,Non-Landed Properties,2,"4,000",60 to 70,700 to 800,Mar-24
CITYLIGHTS,JELLICOE ROAD,08,Non-Landed Properties,1,"4,400",60 to 70,700 to 800,Mar-24
28 RC SUITES,RACE COURSE LANE,08,Non-Landed Properties,1,"3,100",30 to 40,400 to 500,Mar-24
KENTISH COURT,OXFORD ROAD,08,Non-Landed Properties,3,"6,000",120 to 130,"1,300 to 1,400",Mar-24
NON-LANDED HOUSING DEVELOPMENT,FLANDERS SQUARE,08,Non-Landed Properties,NA,"4,500",90 to 100,"900 to 1,000",Mar-24
NON-LANDED HOUSING DEVELOPMENT,RANGOON ROAD,08,Non-Landed Properties,NA,"2,800",70 to 80,700 to 800,Mar-24
NON-LANDED HOUSING DEVELOPMENT,KING GEORGE'S AVENUE,08,Non-Landed Properties,NA,"4,000",110 to 120,"1,200 to 1,300",Mar-24
1953,TESSENSOHN ROAD,08,Non-Landed Properties,NA,"6,500",130 to 140,"1,300 to 1,400",Mar-24
KERRISDALE,STURDEE ROAD,08,Non-Landed Properties,4,"6,500",130 to 140,"1,400 to 1,500",Mar-24
PARC SOMME,SOMME ROAD,08,Non-Landed Properties,2,"3,300",50 to 60,500 to 600,Mar-24
CITYSCAPE @FARRER PARK,MERGUI ROAD,08,Non-Landed Properties,3,"4,650",110 to 120,"1,200 to 1,300",Mar-24
LILY TAN MANSION,BRISTOL ROAD,08,Non-Landed Properties,NA,"3,100",80 to 90,"900 to 1,000",Mar-24
CITY SQUARE RESIDENCES,KITCHENER LINK,08,Non-Landed Properties,2,"4,000",90 to 100,"900 to 1,000",Mar-24
CITY SQUARE RESIDENCES,KITCHENER LINK,08,Non-Landed Properties,2,"4,350",80 to 90,800 to 900,Mar-24
CITYSCAPE @FARRER PARK,MERGUI ROAD,08,Non-Landed Properties,3,"5,900",120 to 130,"1,300 to 1,400",Mar-24
CITY STUDIOS,RACE COURSE LANE,08,Non-Landed Properties,2,"3,575",60 to 70,600 to 700,Mar-24
FORTE SUITES,MERGUI ROAD,08,Non-Landed Properties,2,"3,550",50 to 60,600 to 700,Mar-24
THE MERLOT,KENG LEE ROAD,08,Non-Landed Properties,1,"3,100",40 to 50,500 to 600,Mar-24
STUDIOS @ MARNE,MARNE ROAD,08,Non-Landed Properties,NA,"4,200",50 to 60,500 to 600,Mar-24
RANGOON 88,RANGOON ROAD,08,Non-Landed Properties,2,"4,500",130 to 140,"1,300 to 1,400",Mar-24
RESIDENCES @ SOMME,PETAIN ROAD,08,Non-Landed Properties,1,"2,950",40 to 50,400 to 500,Mar-24
CITY SQUARE RESIDENCES,KITCHENER LINK,08,Non-Landed Properties,2,"3,800",70 to 80,800 to 900,Mar-24
THE CITRON RESIDENCES,MARNE ROAD,08,Non-Landed Properties,2,"3,800",60 to 70,600 to 700,Mar-24
FARRER PARK SUITES,OWEN ROAD,08,Non-Landed Properties,1,"3,700",50 to 60,500 to 600,Mar-24
KENTISH LODGE,OXFORD ROAD,08,Non-Landed Properties,2,"4,700",100 to 110,"1,100 to 1,200",Mar-24
KENTISH GREEN,OXFORD ROAD,08,Non-Landed Properties,2,"4,400",100 to 110,"1,000 to 1,100",Mar-24
CITY SQUARE RESIDENCES,KITCHENER LINK,08,Non-Landed Properties,2,"4,600",70 to 80,800 to 900,Mar-24
CITYSCAPE @FARRER PARK,MERGUI ROAD,08,Non-Landed Properties,2,"4,700",100 to 110,"1,100 to 1,200",Mar-24
CITY SQUARE RESIDENCES,KITCHENER LINK,08,Non-Landed Properties,2,"4,000",80 to 90,800 to 900,Mar-24
CITY SQUARE RESIDENCES,KITCHENER LINK,08,Non-Landed Properties,2,"4,500",70 to 80,800 to 900,Mar-24
CITY SQUARE RESIDENCES,KITCHENER LINK,08,Non-Landed Properties,3,"5,800",110 to 120,"1,200 to 1,300",Mar-24
R66 APARTMENTS,RANGOON ROAD,08,Non-Landed Properties,1,"2,800",40 to 50,400 to 500,Mar-24
CITY SQUARE RESIDENCES,KITCHENER LINK,08,Non-Landed Properties,1,"3,600",50 to 60,500 to 600,Mar-24
CITY SQUARE RESIDENCES,KITCHENER LINK,08,Non-Landed Properties,2,"4,970",80 to 90,800 to 900,Mar-24
CITY SQUARE RESIDENCES,KITCHENER LINK,08,Non-Landed Properties,3,"6,200",110 to 120,"1,200 to 1,300",Mar-24
CITY LOFT,RACE COURSE ROAD,08,Non-Landed Properties,1,"3,000",30 to 40,300 to 400,Mar-24
UPTOWN @ FARRER,PERUMAL ROAD,08,Non-Landed Properties,2,"4,100",50 to 60,500 to 600,Mar-24
CITY SQUARE RESIDENCES,KITCHENER LINK,08,Non-Landed Properties,3,"6,400",110 to 120,"1,200 to 1,300",Mar-24
KERRISDALE,STURDEE ROAD,08,Non-Landed Properties,2,"4,600",90 to 100,"900 to 1,000",Mar-24
CITYLIGHTS,JELLICOE ROAD,08,Non-Landed Properties,2,"4,800",80 to 90,800 to 900,Mar-24
CITIGATE RESIDENCE,RANGOON ROAD,08,Non-Landed Properties,2,"4,200",80 to 90,"900 to 1,000",Mar-24
FORTE SUITES,MERGUI ROAD,08,Non-Landed Properties,2,"3,800",60 to 70,600 to 700,Mar-24
NON-LANDED HOUSING DEVELOPMENT,KING GEORGE'S AVENUE,08,Non-Landed Properties,NA,"4,000",120 to 130,"1,300 to 1,400",Mar-24
NON-LANDED HOUSING DEVELOPMENT,CARLISLE ROAD,08,Non-Landed Properties,NA,"2,010",80 to 90,"900 to 1,000",Mar-24
NON-LANDED HOUSING DEVELOPMENT,STURDEE ROAD,08,Non-Landed Properties,NA,"4,300",170 to 180,"1,800 to 1,900",Mar-24
NON-LANDED HOUSING DEVELOPMENT,BEATTY ROAD,08,Non-Landed Properties,NA,"3,400",110 to 120,"1,200 to 1,300",Mar-24
NON-LANDED HOUSING DEVELOPMENT,RACE COURSE ROAD,08,Non-Landed Properties,NA,"6,300",80 to 90,800 to 900,Mar-24
NON-LANDED HOUSING DEVELOPMENT,FLANDERS SQUARE,08,Non-Landed Properties,NA,"3,500",90 to 100,"1,000 to 1,100",Mar-24
KERRISDALE,STURDEE ROAD,08,Non-Landed Properties,3,"6,350",110 to 120,"1,200 to 1,300",Mar-24
MERA SPRINGS,CARLISLE ROAD,08,Non-Landed Properties,4,"6,600",140 to 150,"1,500 to 1,600",Mar-24
MERA SPRINGS,CARLISLE ROAD,08,Non-Landed Properties,3,"5,700",120 to 130,"1,200 to 1,300",Mar-24
NON-LANDED HOUSING DEVELOPMENT,KELANTAN LANE,08,Non-Landed Properties,NA,"2,450",140 to 150,"1,500 to 1,600",Mar-24
NON-LANDED HOUSING DEVELOPMENT,RACE COURSE ROAD,08,Non-Landed Properties,NA,"2,030",30 to 40,300 to 400,Mar-24
NON-LANDED HOUSING DEVELOPMENT,RACE COURSE ROAD,08,Non-Landed Properties,1,"2,250",30 to 40,300 to 400,Mar-24
NON-LANDED HOUSING DEVELOPMENT,RACE COURSE ROAD,08,Non-Landed Properties,NA,"2,100",20 to 30,200 to 300,Mar-24
NON-LANDED HOUSING DEVELOPMENT,ROBERTS LANE,08,Non-Landed Properties,NA,"3,000",70 to 80,700 to 800,Mar-24
NON-LANDED HOUSING DEVELOPMENT,RACE COURSE ROAD,08,Non-Landed Properties,NA,"3,800",150 to 160,"1,600 to 1,700",Mar-24
CITY SQUARE RESIDENCES,KITCHENER LINK,08,Non-Landed Properties,2,"4,800",70 to 80,800 to 900,Feb-24
GOODLAND BUILDING,ROBERTS LANE,08,Non-Landed Properties,2,"8,000",70 to 80,800 to 900,Feb-24
GOODLAND BUILDING,ROBERTS LANE,08,Non-Landed Properties,2,"4,000",100 to 110,"1,000 to 1,100",Feb-24
UPTOWN @ FARRER,PERUMAL ROAD,08,Non-Landed Properties,3,"4,800",60 to 70,700 to 800,Feb-24
HONG BUILDING,RANGOON ROAD,08,Non-Landed Properties,NA,"3,800",110 to 120,"1,100 to 1,200",Feb-24
R66 APARTMENTS,RANGOON ROAD,08,Non-Landed Properties,1,"2,900",40 to 50,500 to 600,Feb-24
CITY SQUARE RESIDENCES,KITCHENER LINK,08,Non-Landed Properties,4,"6,500",140 to 150,"1,500 to 1,600",Feb-24
KERRISDALE,STURDEE ROAD,08,Non-Landed Properties,3,"5,300",110 to 120,"1,200 to 1,300",Feb-24
CAVAN SUITES,CAVAN ROAD,08,Non-Landed Properties,NA,"2,900",40 to 50,400 to 500,Feb-24
SUITES 123,RANGOON ROAD,08,Non-Landed Properties,1,"3,100",50 to 60,500 to 600,Feb-24
CITY SQUARE RESIDENCES,KITCHENER LINK,08,Non-Landed Properties,2,"4,500",80 to 90,800 to 900,Feb-24
CITY SQUARE RESIDENCES,KITCHENER LINK,08,Non-Landed Properties,1,"3,600",50 to 60,500 to 600,Feb-24
CITY SQUARE RESIDENCES,KITCHENER LINK,08,Non-Landed Properties,2,"4,800",80 to 90,800 to 900,Feb-24
NON-LANDED HOUSING DEVELOPMENT,HERTFORD ROAD,08,Non-Landed Properties,NA,"2,800",160 to 170,"1,700 to 1,800",Feb-24
CITY SQUARE RESIDENCES,KITCHENER LINK,08,Non-Landed Properties,3,"5,800",110 to 120,"1,200 to 1,300",Feb-24
NON-LANDED HOUSING DEVELOPMENT,STARLIGHT ROAD,08,Non-Landed Properties,NA,"3,600",120 to 130,"1,300 to 1,400",Feb-24
CITYSCAPE @FARRER PARK,MERGUI ROAD,08,Non-Landed Properties,2,"3,300",90 to 100,"900 to 1,000",Feb-24
KENG LEE VIEW,KENG LEE ROAD,08,Non-Landed Properties,NA,"4,000",110 to 120,"1,200 to 1,300",Feb-24
THE CITRON RESIDENCES,MARNE ROAD,08,Non-Landed Properties,2,"3,400",60 to 70,600 to 700,Feb-24
CITY SQUARE RESIDENCES,KITCHENER LINK,08,Non-Landed Properties,1,"3,500",50 to 60,500 to 600,Feb-24
FARRER PARK SUITES,OWEN ROAD,08,Non-Landed Properties,NA,"2,800",30 to 40,300 to 400,Feb-24
STURDEE RESIDENCES,BEATTY ROAD,08,Non-Landed Properties,1,"3,500",30 to 40,400 to 500,Feb-24
NON-LANDED HOUSING DEVELOPMENT,TYRWHITT ROAD,08,Non-Landed Properties,NA,"4,500",100 to 110,"1,000 to 1,100",Feb-24
RESIDENCES @ SOMME,PETAIN ROAD,08,Non-Landed Properties,1,"3,000",40 to 50,400 to 500,Feb-24
CITYSCAPE @FARRER PARK,MERGUI ROAD,08,Non-Landed Properties,2,"4,500",100 to 110,"1,000 to 1,100",Feb-24
CITY LOFT,RACE COURSE ROAD,08,Non-Landed Properties,1,"2,700",30 to 40,300 to 400,Feb-24
CITYSCAPE @FARRER PARK,MERGUI ROAD,08,Non-Landed Properties,2,"4,200",100 to 110,"1,000 to 1,100",Feb-24
CITY SQUARE RESIDENCES,KITCHENER LINK,08,Non-Landed Properties,3,"5,500",110 to 120,"1,200 to 1,300",Feb-24
CITYLIGHTS,JELLICOE ROAD,08,Non-Landed Properties,1,"3,800",50 to 60,500 to 600,Feb-24
SOHO 188,RACE COURSE ROAD,08,Non-Landed Properties,1,"3,000",40 to 50,400 to 500,Feb-24
CITY SQUARE RESIDENCES,KITCHENER LINK,08,Non-Landed Properties,3,"6,200",110 to 120,"1,200 to 1,300",Feb-24
CITYLIGHTS,JELLICOE ROAD,08,Non-Landed Properties,1,"3,900",60 to 70,600 to 700,Feb-24
CITY SQUARE RESIDENCES,KITCHENER LINK,08,Non-Landed Properties,3,"5,100",110 to 120,"1,100 to 1,200",Feb-24
CITYLIGHTS,JELLICOE ROAD,08,Non-Landed Properties,2,"5,400",80 to 90,"900 to 1,000",Feb-24
CITY SQUARE RESIDENCES,KITCHENER LINK,08,Non-Landed Properties,2,"4,200",70 to 80,800 to 900,Feb-24
CITY SQUARE RESIDENCES,KITCHENER LINK,08,Non-Landed Properties,2,"4,300",70 to 80,800 to 900,Feb-24
KENTISH GREEN,OXFORD ROAD,08,Non-Landed Properties,2,"3,800",110 to 120,"1,200 to 1,300",Feb-24
1953,TESSENSOHN ROAD,08,Non-Landed Properties,1,"3,800",50 to 60,600 to 700,Feb-24
JALAN BESAR PLAZA,KITCHENER ROAD,08,Non-Landed Properties,4,"5,200",140 to 150,"1,500 to 1,600",Feb-24
KENG LEE VIEW,KENG LEE ROAD,08,Non-Landed Properties,NA,"4,000",110 to 120,"1,200 to 1,300",Feb-24
CITYLIGHTS,JELLICOE ROAD,08,Non-Landed Properties,3,"5,900",120 to 130,"1,300 to 1,400",Feb-24
CAVAN SUITES,CAVAN ROAD,08,Non-Landed Properties,NA,"2,600",30 to 40,300 to 400,Feb-24
CITY SQUARE RESIDENCES,KITCHENER LINK,08,Non-Landed Properties,3,"5,150",110 to 120,"1,100 to 1,200",Feb-24
NON-LANDED HOUSING DEVELOPMENT,HORNE ROAD,08,Non-Landed Properties,NA,"5,200",80 to 90,"900 to 1,000",Feb-24
CITY SQUARE RESIDENCES,KITCHENER LINK,08,Non-Landed Properties,2,"5,000",70 to 80,800 to 900,Feb-24
FARRER PARK SUITES,OWEN ROAD,08,Non-Landed Properties,NA,"2,800",50 to 60,500 to 600,Feb-24
RANGOON 88,RANGOON ROAD,08,Non-Landed Properties,1,"2,900",40 to 50,400 to 500,Feb-24
THE MERLOT,KENG LEE ROAD,08,Non-Landed Properties,2,"3,500",80 to 90,800 to 900,Feb-24
THE CITRON RESIDENCES,MARNE ROAD,08,Non-Landed Properties,2,"3,800",60 to 70,600 to 700,Feb-24
SPA BUILDING,VERDUN ROAD,08,Non-Landed Properties,4,"3,080",160 to 170,"1,700 to 1,800",Feb-24
URBAN LOFTS,RANGOON ROAD,08,Non-Landed Properties,1,"2,600",30 to 40,400 to 500,Feb-24
MERA SPRINGS,CARLISLE ROAD,08,Non-Landed Properties,2,"4,050",90 to 100,"1,000 to 1,100",Feb-24
URBAN LOFTS,RANGOON ROAD,08,Non-Landed Properties,1,"2,800",40 to 50,400 to 500,Feb-24
CITY SQUARE RESIDENCES,KITCHENER LINK,08,Non-Landed Properties,4,"6,500",140 to 150,"1,500 to 1,600",Feb-24
CITY SQUARE RESIDENCES,KITCHENER LINK,08,Non-Landed Properties,2,"4,700",80 to 90,800 to 900,Feb-24
UPTOWN @ FARRER,PERUMAL ROAD,08,Non-Landed Properties,2,"4,250",50 to 60,500 to 600,Feb-24
OXFORD SUITES,OXFORD ROAD,08,Non-Landed Properties,NA,"3,950",80 to 90,800 to 900,Feb-24
CITY SQUARE RESIDENCES,KITCHENER LINK,08,Non-Landed Properties,4,"6,600",140 to 150,"1,500 to 1,600",Feb-24
CITYSCAPE @FARRER PARK,MERGUI ROAD,08,Non-Landed Properties,2,"4,400",100 to 110,"1,100 to 1,200",Feb-24
KERRISDALE,STURDEE ROAD,08,Non-Landed Properties,3,"6,000",100 to 110,"1,100 to 1,200",Feb-24
LOFT @ RANGOON,RANGOON ROAD,08,Non-Landed Properties,1,"3,100",30 to 40,400 to 500,Feb-24
CITYLIGHTS,JELLICOE ROAD,08,Non-Landed Properties,3,"6,900",130 to 140,"1,400 to 1,500",Feb-24
CITY SQUARE RESIDENCES,KITCHENER LINK,08,Non-Landed Properties,2,"4,600",80 to 90,800 to 900,Feb-24
RESIDENCES @ SOMME,PETAIN ROAD,08,Non-Landed Properties,1,"3,200",40 to 50,400 to 500,Feb-24
CITY SQUARE RESIDENCES,KITCHENER LINK,08,Non-Landed Properties,2,"4,800",80 to 90,800 to 900,Feb-24
STUDIOS @ MARNE,MARNE ROAD,08,Non-Landed Properties,NA,"2,700",50 to 60,500 to 600,Feb-24
CITY SQUARE RESIDENCES,KITCHENER LINK,08,Non-Landed Properties,1,"3,500",50 to 60,500 to 600,Feb-24
SOHO 188,RACE COURSE ROAD,08,Non-Landed Properties,1,"2,900",40 to 50,400 to 500,Feb-24
FORTE SUITES,MERGUI ROAD,08,Non-Landed Properties,1,"2,900",40 to 50,400 to 500,Feb-24
HERTFORD COLLECTION,HERTFORD ROAD,08,Non-Landed Properties,NA,"3,000",50 to 60,500 to 600,Feb-24
28 RC SUITES,RACE COURSE LANE,08,Non-Landed Properties,1,"2,800",40 to 50,400 to 500,Feb-24
NON-LANDED HOUSING DEVELOPMENT,BIRCH ROAD,08,Non-Landed Properties,NA,"2,400",60 to 70,600 to 700,Feb-24
CITYSCAPE @FARRER PARK,MERGUI ROAD,08,Non-Landed Properties,2,"4,400",100 to 110,"1,100 to 1,200",Feb-24
NON-LANDED HOUSING DEVELOPMENT,RANGOON ROAD,08,Non-Landed Properties,NA,"3,000",60 to 70,600 to 700,Feb-24
TYRWHITT 139,TYRWHITT ROAD,08,Non-Landed Properties,1,"3,200",40 to 50,400 to 500,Feb-24
OXFORD SUITES,OXFORD ROAD,08,Non-Landed Properties,2,"3,300",90 to 100,"1,000 to 1,100",Feb-24
CITY SQUARE RESIDENCES,KITCHENER LINK,08,Non-Landed Properties,3,"5,500",110 to 120,"1,200 to 1,300",Feb-24
CITY SQUARE RESIDENCES,KITCHENER LINK,08,Non-Landed Properties,1,"3,900",50 to 60,500 to 600,Feb-24
NON-LANDED HOUSING DEVELOPMENT,RACE COURSE ROAD,08,Non-Landed Properties,NA,"3,000",70 to 80,800 to 900,Feb-24
TYRWHITT 139,TYRWHITT ROAD,08,Non-Landed Properties,1,"3,000",70 to 80,700 to 800,Feb-24
28 RC SUITES,RACE COURSE LANE,08,Non-Landed Properties,1,"2,900",30 to 40,400 to 500,Feb-24
KERRISDALE,STURDEE ROAD,08,Non-Landed Properties,3,"5,300",110 to 120,"1,200 to 1,300",Feb-24
FORTE SUITES,MERGUI ROAD,08,Non-Landed Properties,2,"3,600",50 to 60,600 to 700,Feb-24
SOHO 188,RACE COURSE ROAD,08,Non-Landed Properties,1,"3,200",30 to 40,300 to 400,Feb-24
CITY SQUARE RESIDENCES,KITCHENER LINK,08,Non-Landed Properties,3,"6,000",110 to 120,"1,100 to 1,200",Feb-24
KENTISH GREEN,OXFORD ROAD,08,Non-Landed Properties,2,"4,100",100 to 110,"1,000 to 1,100",Feb-24
CITYSCAPE @FARRER PARK,MERGUI ROAD,08,Non-Landed Properties,2,"4,500",100 to 110,"1,000 to 1,100",Feb-24
OXFORD SUITES,OXFORD ROAD,08,Non-Landed Properties,NA,"4,000",80 to 90,800 to 900,Feb-24
MERA SPRINGS,CARLISLE ROAD,08,Non-Landed Properties,3,"5,600",120 to 130,"1,200 to 1,300",Feb-24
STURDEE RESIDENCES,BEATTY ROAD,08,Non-Landed Properties,1,"3,400",30 to 40,400 to 500,Feb-24
CAMBRIDGE VILLAGE,CAMBRIDGE ROAD,08,Non-Landed Properties,4,"4,200",140 to 150,"1,600 to 1,700",Feb-24
MERA SPRINGS,CARLISLE ROAD,08,Non-Landed Properties,2,"4,600",100 to 110,"1,100 to 1,200",Feb-24
CITY SQUARE RESIDENCES,KITCHENER LINK,08,Non-Landed Properties,1,"3,500",50 to 60,500 to 600,Feb-24
STURDEE RESIDENCES,BEATTY ROAD,08,Non-Landed Properties,1,"3,000",30 to 40,400 to 500,Feb-24
CITY SQUARE RESIDENCES,KITCHENER LINK,08,Non-Landed Properties,4,"7,400",140 to 150,"1,500 to 1,600",Feb-24
SUITES 123,RANGOON ROAD,08,Non-Landed Properties,1,"3,150",40 to 50,400 to 500,Feb-24
KENTISH LODGE,OXFORD ROAD,08,Non-Landed Properties,2,"3,800",90 to 100,"1,000 to 1,100",Feb-24
CITY LOFT,RACE COURSE ROAD,08,Non-Landed Properties,1,"2,700",30 to 40,300 to 400,Feb-24
CITY SQUARE RESIDENCES,KITCHENER LINK,08,Non-Landed Properties,1,"3,400",50 to 60,500 to 600,Feb-24
PARC SOMME,SOMME ROAD,08,Non-Landed Properties,1,"3,300",40 to 50,400 to 500,Feb-24
SOHO 188,RACE COURSE ROAD,08,Non-Landed Properties,1,"3,000",40 to 50,400 to 500,Feb-24
NON-LANDED HOUSING DEVELOPMENT,TESSENSOHN ROAD,08,Non-Landed Properties,NA,"3,800",110 to 120,"1,100 to 1,200",Feb-24
NON-LANDED HOUSING DEVELOPMENT,SING AVENUE,08,Non-Landed Properties,NA,"5,000",110 to 120,"1,200 to 1,300",Feb-24
NON-LANDED HOUSING DEVELOPMENT,SING AVENUE,08,Non-Landed Properties,NA,"5,000",100 to 110,"1,000 to 1,100",Feb-24
NON-LANDED HOUSING DEVELOPMENT,HAMILTON ROAD,08,Non-Landed Properties,NA,"2,900",80 to 90,"900 to 1,000",Feb-24
CITY SQUARE RESIDENCES,KITCHENER LINK,08,Non-Landed Properties,1,"3,900",50 to 60,500 to 600,Feb-24
CITYLIGHTS,JELLICOE ROAD,08,Non-Landed Properties,1,"3,800",50 to 60,500 to 600,Feb-24
STURDEE RESIDENCES,BEATTY ROAD,08,Non-Landed Properties,1,"3,500",30 to 40,400 to 500,Feb-24
CITY SQUARE RESIDENCES,KITCHENER LINK,08,Non-Landed Properties,2,"4,600",80 to 90,800 to 900,Feb-24
UPTOWN @ FARRER,PERUMAL ROAD,08,Non-Landed Properties,2,"3,900",50 to 60,500 to 600,Feb-24
R66 APARTMENTS,RANGOON ROAD,08,Non-Landed Properties,1,"5,000",90 to 100,"900 to 1,000",Feb-24
CITY SQUARE RESIDENCES,KITCHENER LINK,08,Non-Landed Properties,3,"5,850",110 to 120,"1,200 to 1,300",Feb-24
CITY SQUARE RESIDENCES,KITCHENER LINK,08,Non-Landed Properties,3,"5,800",110 to 120,"1,200 to 1,300",Feb-24
LOFT @ RANGOON,RANGOON ROAD,08,Non-Landed Properties,1,"3,100",40 to 50,400 to 500,Feb-24
KENG LEE COURT,KENG LEE ROAD,08,Non-Landed Properties,3,"4,000",90 to 100,"1,000 to 1,100",Feb-24
KERRISDALE,STURDEE ROAD,08,Non-Landed Properties,2,"4,700",90 to 100,"900 to 1,000",Feb-24
HOA NAM BUILDING,FOCH ROAD,08,Non-Landed Properties,2,"3,500",70 to 80,800 to 900,Feb-24
KERRISDALE,STURDEE ROAD,08,Non-Landed Properties,3,"5,500",110 to 120,"1,200 to 1,300",Feb-24
SOHO 188,RACE COURSE ROAD,08,Non-Landed Properties,1,"3,300",60 to 70,600 to 700,Feb-24
STURDEE RESIDENCES,BEATTY ROAD,08,Non-Landed Properties,1,"3,350",30 to 40,400 to 500,Feb-24
RITZ @ FARRER,RACE COURSE ROAD,08,Non-Landed Properties,1,"2,900",50 to 60,500 to 600,Feb-24
CITY SQUARE RESIDENCES,KITCHENER LINK,08,Non-Landed Properties,2,"4,200",80 to 90,800 to 900,Feb-24
NON-LANDED HOUSING DEVELOPMENT,RANGOON ROAD,08,Non-Landed Properties,NA,"3,800",110 to 120,"1,200 to 1,300",Feb-24
NON-LANDED HOUSING DEVELOPMENT,CAMBRIDGE ROAD,08,Non-Landed Properties,NA,"3,900",140 to 150,"1,500 to 1,600",Feb-24
NON-LANDED HOUSING DEVELOPMENT,BEATTY ROAD,08,Non-Landed Properties,NA,"4,700",110 to 120,"1,200 to 1,300",Feb-24
CITY SQUARE RESIDENCES,KITCHENER LINK,08,Non-Landed Properties,2,"4,600",80 to 90,800 to 900,Feb-24
DORSET MANSIONS,DORSET ROAD,08,Non-Landed Properties,NA,"3,400",80 to 90,"900 to 1,000",Feb-24
CLYDES RESIDENCE,MERGUI ROAD,08,Non-Landed Properties,1,"2,900",50 to 60,500 to 600,Feb-24
KENTISH LODGE,OXFORD ROAD,08,Non-Landed Properties,2,"4,000",90 to 100,"1,000 to 1,100",Feb-24
LOFT @ RANGOON,RANGOON ROAD,08,Non-Landed Properties,1,"2,800",40 to 50,400 to 500,Feb-24
RANGOON 88,RANGOON ROAD,08,Non-Landed Properties,2,"4,600",120 to 130,"1,300 to 1,400",Feb-24
STURDEE RESIDENCES,BEATTY ROAD,08,Non-Landed Properties,2,"4,500",60 to 70,600 to 700,Feb-24
MAPLE LEAF ELITE 1,RANGOON ROAD,08,Non-Landed Properties,NA,"3,900",70 to 80,700 to 800,Jan-24
STURDEE RESIDENCES,BEATTY ROAD,08,Non-Landed Properties,3,"5,200",80 to 90,"900 to 1,000",Jan-24
NON-LANDED HOUSING DEVELOPMENT,HAMILTON ROAD,08,Non-Landed Properties,NA,"4,300",80 to 90,"900 to 1,000",Jan-24
KERRISDALE,STURDEE ROAD,08,Non-Landed Properties,3,"5,800",110 to 120,"1,200 to 1,300",Jan-24
CITY SQUARE RESIDENCES,KITCHENER LINK,08,Non-Landed Properties,1,"3,800",50 to 60,500 to 600,Jan-24
UPTOWN @ FARRER,PERUMAL ROAD,08,Non-Landed Properties,4,"5,000",90 to 100,"1,000 to 1,100",Jan-24
CITY SQUARE RESIDENCES,KITCHENER LINK,08,Non-Landed Properties,1,"3,300",50 to 60,500 to 600,Jan-24
CITYLIGHTS,JELLICOE ROAD,08,Non-Landed Properties,2,"5,000",80 to 90,800 to 900,Jan-24
CITY SQUARE RESIDENCES,KITCHENER LINK,08,Non-Landed Properties,1,"3,200",50 to 60,500 to 600,Jan-24
CITY SQUARE RESIDENCES,KITCHENER LINK,08,Non-Landed Properties,2,"4,400",70 to 80,800 to 900,Jan-24
CITY SQUARE RESIDENCES,KITCHENER LINK,08,Non-Landed Properties,1,"3,600",50 to 60,500 to 600,Jan-24
CLYDES RESIDENCE,MERGUI ROAD,08,Non-Landed Properties,2,"4,300",160 to 170,"1,700 to 1,800",Jan-24
CITY SQUARE RESIDENCES,KITCHENER LINK,08,Non-Landed Properties,3,"4,700",110 to 120,"1,200 to 1,300",Jan-24
THE URBANITE,HERTFORD ROAD,08,Non-Landed Properties,2,"3,400",50 to 60,600 to 700,Jan-24
TYRWHITT 139,TYRWHITT ROAD,08,Non-Landed Properties,1,"3,700",60 to 70,700 to 800,Jan-24
NON-LANDED HOUSING DEVELOPMENT,SERANGOON ROAD,08,Non-Landed Properties,NA,"4,000",60 to 70,700 to 800,Jan-24
CITY SQUARE RESIDENCES,KITCHENER LINK,08,Non-Landed Properties,4,"6,188",140 to 150,"1,500 to 1,600",Jan-24
CITY SQUARE RESIDENCES,KITCHENER LINK,08,Non-Landed Properties,1,"3,400",50 to 60,500 to 600,Jan-24
CITY SQUARE RESIDENCES,KITCHENER LINK,08,Non-Landed Properties,3,"7,100",110 to 120,"1,200 to 1,300",Jan-24
URBAN LOFTS,RANGOON ROAD,08,Non-Landed Properties,1,"2,500",30 to 40,400 to 500,Jan-24
JOOL SUITES,SING JOO WALK,08,Non-Landed Properties,1,"3,000",30 to 40,400 to 500,Jan-24
CLYDES RESIDENCE,MERGUI ROAD,08,Non-Landed Properties,2,"3,600",90 to 100,"1,000 to 1,100",Jan-24
CITY SQUARE RESIDENCES,KITCHENER LINK,08,Non-Landed Properties,2,"4,500",70 to 80,800 to 900,Jan-24
GOODLAND BUILDING,ROBERTS LANE,08,Non-Landed Properties,2,"12,000",170 to 180,"1,800 to 1,900",Jan-24
THE MERLOT,KENG LEE ROAD,08,Non-Landed Properties,1,"3,200",40 to 50,500 to 600,Jan-24
RANGOON 88,RANGOON ROAD,08,Non-Landed Properties,1,"3,200",30 to 40,400 to 500,Jan-24
NON-LANDED HOUSING DEVELOPMENT,RACE COURSE ROAD,08,Non-Landed Properties,NA,"2,006",20 to 30,200 to 300,Jan-24
MAPLE LEAF ELITE 1,RANGOON ROAD,08,Non-Landed Properties,NA,"4,000",70 to 80,700 to 800,Jan-24
CITY SQUARE RESIDENCES,KITCHENER LINK,08,Non-Landed Properties,2,"4,150",80 to 90,800 to 900,Jan-24
WISMA M.T.F.A.,ROBERTS LANE,08,Non-Landed Properties,3,"4,800",90 to 100,"900 to 1,000",Jan-24
STURDEE RESIDENCES,BEATTY ROAD,08,Non-Landed Properties,2,"4,100",60 to 70,600 to 700,Jan-24
CITYLIGHTS,JELLICOE ROAD,08,Non-Landed Properties,1,"4,000",60 to 70,600 to 700,Jan-24
KERRISDALE,STURDEE ROAD,08,Non-Landed Properties,3,"6,000",110 to 120,"1,200 to 1,300",Jan-24
1953,TESSENSOHN ROAD,08,Non-Landed Properties,1,"3,800",50 to 60,600 to 700,Jan-24
STURDEE RESIDENCES,BEATTY ROAD,08,Non-Landed Properties,2,"4,162",60 to 70,600 to 700,Jan-24
WISMA M.T.F.A.,ROBERTS LANE,08,Non-Landed Properties,3,"5,300",110 to 120,"1,200 to 1,300",Jan-24
CITY SQUARE RESIDENCES,KITCHENER LINK,08,Non-Landed Properties,3,"5,750",110 to 120,"1,200 to 1,300",Jan-24
WISMA M.T.F.A.,ROBERTS LANE,08,Non-Landed Properties,3,"4,800",90 to 100,"900 to 1,000",Jan-24
WISMA M.T.F.A.,ROBERTS LANE,08,Non-Landed Properties,3,"4,800",90 to 100,"900 to 1,000",Jan-24
WISMA M.T.F.A.,ROBERTS LANE,08,Non-Landed Properties,3,"4,800",90 to 100,"900 to 1,000",Jan-24
KERRISDALE,STURDEE ROAD,08,Non-Landed Properties,4,"7,500",130 to 140,"1,400 to 1,500",Jan-24
MAPLE LEAF ELITE 1,RANGOON ROAD,08,Non-Landed Properties,NA,"4,200",70 to 80,700 to 800,Jan-24
STURDEE RESIDENCES,BEATTY ROAD,08,Non-Landed Properties,3,"5,300",80 to 90,"900 to 1,000",Jan-24
CITY SQUARE RESIDENCES,KITCHENER LINK,08,Non-Landed Properties,3,"5,400",110 to 120,"1,200 to 1,300",Jan-24
CITYLIGHTS,JELLICOE ROAD,08,Non-Landed Properties,3,"5,900",120 to 130,"1,300 to 1,400",Jan-24
STURDEE RESIDENCES,BEATTY ROAD,08,Non-Landed Properties,1,"3,400",30 to 40,400 to 500,Jan-24
CITY SQUARE RESIDENCES,KITCHENER LINK,08,Non-Landed Properties,3,"6,000",110 to 120,"1,200 to 1,300",Jan-24
CITY SQUARE RESIDENCES,KITCHENER LINK,08,Non-Landed Properties,2,"4,300",80 to 90,800 to 900,Jan-24
CITY SQUARE RESIDENCES,KITCHENER LINK,08,Non-Landed Properties,4,"6,000",130 to 140,"1,400 to 1,500",Jan-24
FORTE SUITES,MERGUI ROAD,08,Non-Landed Properties,1,"2,900",40 to 50,400 to 500,Jan-24
KERRISDALE,STURDEE ROAD,08,Non-Landed Properties,3,"5,500",110 to 120,"1,200 to 1,300",Jan-24
UPTOWN @ FARRER,PERUMAL ROAD,08,Non-Landed Properties,3,"5,000",70 to 80,700 to 800,Jan-24
CITYSCAPE @FARRER PARK,MERGUI ROAD,08,Non-Landed Properties,4,"9,200",260 to 270,"2,800 to 2,900",Jan-24
CLYDES RESIDENCE,MERGUI ROAD,08,Non-Landed Properties,1,"3,200",40 to 50,500 to 600,Jan-24
NON-LANDED HOUSING DEVELOPMENT,HAMILTON ROAD,08,Non-Landed Properties,NA,"3,100",140 to 150,"1,500 to 1,600",Jan-24
CITY SQUARE RESIDENCES,KITCHENER LINK,08,Non-Landed Properties,3,"6,300",110 to 120,"1,200 to 1,300",Jan-24
CITY SQUARE RESIDENCES,KITCHENER LINK,08,Non-Landed Properties,1,"3,600",50 to 60,500 to 600,Jan-24
KENTISH COURT,OXFORD ROAD,08,Non-Landed Properties,2,"4,400",90 to 100,"1,000 to 1,100",Jan-24
CITIGATE RESIDENCE,RANGOON ROAD,08,Non-Landed Properties,1,"3,600",50 to 60,500 to 600,Jan-24
CITIGATE RESIDENCE,RANGOON ROAD,08,Non-Landed Properties,1,"2,700",50 to 60,500 to 600,Jan-24
KENG LEE COURT,KENG LEE ROAD,08,Non-Landed Properties,2,"3,300",50 to 60,600 to 700,Jan-24
CITY SQUARE RESIDENCES,KITCHENER LINK,08,Non-Landed Properties,2,"4,200",80 to 90,800 to 900,Jan-24
UPTOWN @ FARRER,PERUMAL ROAD,08,Non-Landed Properties,3,"5,000",70 to 80,700 to 800,Jan-24
CITY SQUARE RESIDENCES,KITCHENER LINK,08,Non-Landed Properties,2,"4,600",70 to 80,800 to 900,Jan-24
THE URBANITE,HERTFORD ROAD,08,Non-Landed Properties,2,"3,500",70 to 80,800 to 900,Jan-24
SOHO 188,RACE COURSE ROAD,08,Non-Landed Properties,1,"2,750",30 to 40,300 to 400,Jan-24
MERA SPRINGS,CARLISLE ROAD,08,Non-Landed Properties,4,"6,500",140 to 150,"1,500 to 1,600",Jan-24
CITYSCAPE @FARRER PARK,MERGUI ROAD,08,Non-Landed Properties,2,"4,500",110 to 120,"1,200 to 1,300",Jan-24
CITYSCAPE @FARRER PARK,MERGUI ROAD,08,Non-Landed Properties,2,"4,000",100 to 110,"1,100 to 1,200",Jan-24
PRISTINE HEIGHTS,MERGUI ROAD,08,Non-Landed Properties,3,"5,000",120 to 130,"1,300 to 1,400",Jan-24
CITYSCAPE @FARRER PARK,MERGUI ROAD,08,Non-Landed Properties,3,"5,500",120 to 130,"1,300 to 1,400",Jan-24
CITY SQUARE RESIDENCES,KITCHENER LINK,08,Non-Landed Properties,3,"7,100",110 to 120,"1,200 to 1,300",Jan-24
KENG LEE VIEW,KENG LEE ROAD,08,Non-Landed Properties,NA,"3,550",110 to 120,"1,200 to 1,300",Jan-24
CITYLIGHTS,JELLICOE ROAD,08,Non-Landed Properties,1,"3,800",60 to 70,600 to 700,Jan-24
STURDEE RESIDENCES,BEATTY ROAD,08,Non-Landed Properties,1,"3,500",30 to 40,400 to 500,Jan-24
CARLYX RESIDENCE,CARLISLE ROAD,08,Non-Landed Properties,1,"3,000",50 to 60,500 to 600,Jan-24
CITYLIGHTS,JELLICOE ROAD,08,Non-Landed Properties,2,"4,600",80 to 90,800 to 900,Jan-24
URBAN LOFTS,RANGOON ROAD,08,Non-Landed Properties,1,"2,950",40 to 50,400 to 500,Jan-24
UPTOWN @ FARRER,PERUMAL ROAD,08,Non-Landed Properties,3,"5,000",60 to 70,700 to 800,Jan-24
CITY SQUARE RESIDENCES,KITCHENER LINK,08,Non-Landed Properties,4,"6,600",140 to 150,"1,500 to 1,600",Jan-24
MAPLE LEAF ELITE 1,RANGOON ROAD,08,Non-Landed Properties,NA,"3,900",70 to 80,700 to 800,Jan-24
R66 APARTMENTS,RANGOON ROAD,08,Non-Landed Properties,1,"3,000",40 to 50,400 to 500,Jan-24
CITY SQUARE RESIDENCES,KITCHENER LINK,08,Non-Landed Properties,3,"4,800",110 to 120,"1,100 to 1,200",Jan-24
LOFT @ RANGOON,RANGOON ROAD,08,Non-Landed Properties,1,"2,700",30 to 40,400 to 500,Jan-24
FORTE SUITES,MERGUI ROAD,08,Non-Landed Properties,2,"3,500",50 to 60,600 to 700,Jan-24
CITY SQUARE RESIDENCES,KITCHENER LINK,08,Non-Landed Properties,1,"3,500",50 to 60,500 to 600,Jan-24
CITYLIGHTS,JELLICOE ROAD,08,Non-Landed Properties,1,"4,500",60 to 70,700 to 800,Jan-24
KERRISDALE,STURDEE ROAD,08,Non-Landed Properties,2,"4,600",90 to 100,"900 to 1,000",Jan-24
NON-LANDED HOUSING DEVELOPMENT,RACE COURSE ROAD,08,Non-Landed Properties,NA,"2,300",50 to 60,500 to 600,Jan-24
NON-LANDED HOUSING DEVELOPMENT,RACE COURSE ROAD,08,Non-Landed Properties,NA,"2,100",20 to 30,200 to 300,Jan-24
STURDEE RESIDENCES,BEATTY ROAD,08,Non-Landed Properties,1,"3,500",30 to 40,400 to 500,Jan-24
CITY SQUARE RESIDENCES,KITCHENER LINK,08,Non-Landed Properties,2,"4,650",70 to 80,800 to 900,Jan-24
THE URBANITE,HERTFORD ROAD,08,Non-Landed Properties,2,"3,200",60 to 70,600 to 700,Jan-24
PRISTINE HEIGHTS,MERGUI ROAD,08,Non-Landed Properties,3,"5,100",100 to 110,"1,000 to 1,100",Jan-24
CITY SQUARE RESIDENCES,KITCHENER LINK,08,Non-Landed Properties,3,"6,000",110 to 120,"1,100 to 1,200",Jan-24
NON-LANDED HOUSING DEVELOPMENT,STARLIGHT ROAD,08,Non-Landed Properties,NA,"3,300",70 to 80,800 to 900,Jan-24
NON-LANDED HOUSING DEVELOPMENT,SERANGOON ROAD,08,Non-Landed Properties,NA,"4,000",60 to 70,700 to 800,Jan-24
NON-LANDED HOUSING DEVELOPMENT,RACE COURSE ROAD,08,Non-Landed Properties,NA,"4,000",90 to 100,"1,000 to 1,100",Jan-24
NON-LANDED HOUSING DEVELOPMENT,CHANDER ROAD,08,Non-Landed Properties,NA,"4,600",80 to 90,"900 to 1,000",Jan-24
NON-LANDED HOUSING DEVELOPMENT,OWEN ROAD,08,Non-Landed Properties,NA,"1,000",80 to 90,800 to 900,Jan-24
STURDEE RESIDENCES,BEATTY ROAD,08,Non-Landed Properties,2,"4,800",60 to 70,600 to 700,Jan-24
NON-LANDED HOUSING DEVELOPMENT,JOO AVENUE,08,Non-Landed Properties,NA,"3,500",90 to 100,"900 to 1,000",Jan-24
NON-LANDED HOUSING DEVELOPMENT,RACE COURSE ROAD,08,Non-Landed Properties,NA,"2,060",30 to 40,300 to 400,Jan-24
NON-LANDED HOUSING DEVELOPMENT,CAMBRIDGE ROAD,08,Non-Landed Properties,NA,"2,950",70 to 80,800 to 900,Jan-24
70@TRURO,TRURO ROAD,08,Non-Landed Properties,2,"3,200",40 to 50,400 to 500,Jan-24
KING'S COURT,NORFOLK ROAD,08,Non-Landed Properties,3,"4,200",210 to 220,"2,300 to 2,400",Jan-24
NON-LANDED HOUSING DEVELOPMENT,BEATTY ROAD,08,Non-Landed Properties,NA,"2,800",80 to 90,"900 to 1,000",Jan-24
NON-LANDED HOUSING DEVELOPMENT,RACE COURSE ROAD,08,Non-Landed Properties,NA,"2,150",30 to 40,300 to 400,Jan-24
NON-LANDED HOUSING DEVELOPMENT,SERANGOON ROAD,08,Non-Landed Properties,NA,"3,000",60 to 70,700 to 800,Jan-24
LITTLE INDIA CONSERVATION AREA,CUFF ROAD,08,Non-Landed Properties,NA,"7,500",160 to 170,"1,700 to 1,800",Jan-24
NON-LANDED HOUSING DEVELOPMENT,SERANGOON ROAD,08,Non-Landed Properties,NA,"2,730",110 to 120,"1,200 to 1,300",Jan-24
NON-LANDED HOUSING DEVELOPMENT,KELANTAN LANE,08,Non-Landed Properties,NA,"2,500",140 to 150,"1,500 to 1,600",Jan-24
CITY SQUARE RESIDENCES,KITCHENER LINK,08,Non-Landed Properties,4,"7,500",140 to 150,"1,500 to 1,600",Jan-24
CITYLIGHTS,JELLICOE ROAD,08,Non-Landed Properties,2,"4,800",80 to 90,"900 to 1,000",Jan-24
NON-LANDED HOUSING DEVELOPMENT,HORNE ROAD,08,Non-Landed Properties,NA,"4,300",120 to 130,"1,300 to 1,400",Jan-24
NON-LANDED HOUSING DEVELOPMENT,RACE COURSE ROAD,08,Non-Landed Properties,1,"2,600",110 to 120,"1,200 to 1,300",Jan-24
NON-LANDED HOUSING DEVELOPMENT,HAMILTON ROAD,08,Non-Landed Properties,NA,"3,000",130 to 140,"1,400 to 1,500",Jan-24
NON-LANDED HOUSING DEVELOPMENT,SING AVENUE,08,Non-Landed Properties,NA,"3,200",100 to 110,"1,100 to 1,200",Jan-24
NON-LANDED HOUSING DEVELOPMENT,RACE COURSE ROAD,08,Non-Landed Properties,NA,"2,294",20 to 30,200 to 300,Jan-24
CITY SQUARE RESIDENCES,KITCHENER LINK,08,Non-Landed Properties,3,"5,800",110 to 120,"1,200 to 1,300",Jan-24
KENTISH LODGE,OXFORD ROAD,08,Non-Landed Properties,3,"3,300",100 to 110,"1,100 to 1,200",Jan-24
CITY SQUARE RESIDENCES,KITCHENER LINK,08,Non-Landed Properties,1,"3,450",50 to 60,500 to 600,Jan-24
CITY SQUARE RESIDENCES,KITCHENER LINK,08,Non-Landed Properties,4,"7,000",130 to 140,"1,400 to 1,500",Jan-24
CITYLIGHTS,JELLICOE ROAD,08,Non-Landed Properties,2,"5,200",80 to 90,800 to 900,Jan-24
SUITES @ OWEN,OWEN ROAD,08,Non-Landed Properties,1,"2,800",40 to 50,400 to 500,Jan-24
HOA NAM BUILDING,FOCH ROAD,08,Non-Landed Properties,2,"3,200",80 to 90,800 to 900,Jan-24
KENTISH COURT,OXFORD ROAD,08,Non-Landed Properties,2,"4,000",90 to 100,"1,000 to 1,100",Jan-24
CITY SQUARE RESIDENCES,KITCHENER LINK,08,Non-Landed Properties,2,"4,750",80 to 90,800 to 900,Jan-24
CITY SQUARE RESIDENCES,KITCHENER LINK,08,Non-Landed Properties,3,"6,088",110 to 120,"1,200 to 1,300",Jan-24
28 RC SUITES,RACE COURSE LANE,08,Non-Landed Properties,1,"3,000",40 to 50,400 to 500,Jan-24
CITY LOFT,RACE COURSE ROAD,08,Non-Landed Properties,1,"2,650",30 to 40,300 to 400,Jan-24
CITYLIGHTS,JELLICOE ROAD,08,Non-Landed Properties,1,"4,400",60 to 70,700 to 800,Jan-24
CITYLIGHTS,JELLICOE ROAD,08,Non-Landed Properties,3,"6,750",120 to 130,"1,300 to 1,400",Jan-24
KERRISDALE,STURDEE ROAD,08,Non-Landed Properties,2,"4,400",90 to 100,"900 to 1,000",Jan-24
CITYLIGHTS,JELLICOE ROAD,08,Non-Landed Properties,1,"4,300",60 to 70,600 to 700,Dec-23
NON-LANDED HOUSING DEVELOPMENT,SERANGOON ROAD,08,Non-Landed Properties,NA,"4,500",60 to 70,700 to 800,Dec-23
SOHO @ FARRER,RACE COURSE ROAD,08,Non-Landed Properties,1,"3,000",40 to 50,400 to 500,Dec-23
MERGUI MANSIONS,MERGUI ROAD,08,Non-Landed Properties,3,"3,980",120 to 130,"1,300 to 1,400",Dec-23
UPTOWN @ FARRER,PERUMAL ROAD,08,Non-Landed Properties,3,"5,600",60 to 70,600 to 700,Dec-23
MAPLE LEAF ELITE 1,RANGOON ROAD,08,Non-Landed Properties,NA,"3,800",70 to 80,700 to 800,Dec-23
CAVAN SUITES,CAVAN ROAD,08,Non-Landed Properties,1,"2,400",30 to 40,300 to 400,Dec-23
CITYLIGHTS,JELLICOE ROAD,08,Non-Landed Properties,3,"6,800",130 to 140,"1,400 to 1,500",Dec-23
CITYLIGHTS,JELLICOE ROAD,08,Non-Landed Properties,1,"4,300",60 to 70,600 to 700,Dec-23
KENTISH LODGE,OXFORD ROAD,08,Non-Landed Properties,3,"4,800",110 to 120,"1,100 to 1,200",Dec-23
HERTFORD MANSION,HERTFORD ROAD,08,Non-Landed Properties,NA,"4,800",110 to 120,"1,200 to 1,300",Dec-23
CITY SQUARE RESIDENCES,KITCHENER LINK,08,Non-Landed Properties,2,"4,600",70 to 80,800 to 900,Dec-23
KENTISH COURT,OXFORD ROAD,08,Non-Landed Properties,2,"4,100",90 to 100,"1,000 to 1,100",Dec-23
PARC SOMME,SOMME ROAD,08,Non-Landed Properties,1,"2,500",30 to 40,300 to 400,Dec-23
PARC SOMME,SOMME ROAD,08,Non-Landed Properties,1,"3,600",30 to 40,300 to 400,Dec-23
CITYLIGHTS,JELLICOE ROAD,08,Non-Landed Properties,3,"6,600",130 to 140,"1,400 to 1,500",Dec-23
FORTE SUITES,MERGUI ROAD,08,Non-Landed Properties,2,"3,800",50 to 60,600 to 700,Dec-23
TYRWHITT 139,TYRWHITT ROAD,08,Non-Landed Properties,1,"2,800",40 to 50,400 to 500,Dec-23
CAVAN SUITES,CAVAN ROAD,08,Non-Landed Properties,1,"2,850",40 to 50,400 to 500,Dec-23
CITY SQUARE RESIDENCES,KITCHENER LINK,08,Non-Landed Properties,1,"3,000",50 to 60,500 to 600,Dec-23
FORTE SUITES,MERGUI ROAD,08,Non-Landed Properties,1,"3,100",40 to 50,400 to 500,Dec-23
FORTE SUITES,MERGUI ROAD,08,Non-Landed Properties,1,"3,000",40 to 50,400 to 500,Dec-23
MAPLE LEAF ELITE 1,RANGOON ROAD,08,Non-Landed Properties,NA,"4,150",70 to 80,700 to 800,Dec-23
MAPLE LEAF ELITE 1,RANGOON ROAD,08,Non-Landed Properties,NA,"4,800",80 to 90,"900 to 1,000",Dec-23
NON-LANDED HOUSING DEVELOPMENT,RANGOON ROAD,08,Non-Landed Properties,NA,"6,100",140 to 150,"1,500 to 1,600",Dec-23
TYRWHITT 139,TYRWHITT ROAD,08,Non-Landed Properties,1,"2,500",30 to 40,300 to 400,Dec-23
LOFT @ RANGOON,RANGOON ROAD,08,Non-Landed Properties,1,"3,200",40 to 50,400 to 500,Dec-23
CITYSCAPE @FARRER PARK,MERGUI ROAD,08,Non-Landed Properties,3,"5,600",110 to 120,"1,200 to 1,300",Dec-23
JOOL SUITES,SING JOO WALK,08,Non-Landed Properties,1,"3,100",30 to 40,400 to 500,Dec-23
CITYLIGHTS,JELLICOE ROAD,08,Non-Landed Properties,1,"4,000",50 to 60,500 to 600,Dec-23
UPTOWN @ FARRER,PERUMAL ROAD,08,Non-Landed Properties,3,"6,250",90 to 100,"1,000 to 1,100",Dec-23
28 RC SUITES,RACE COURSE LANE,08,Non-Landed Properties,1,"2,600",30 to 40,400 to 500,Dec-23
FORTE SUITES,MERGUI ROAD,08,Non-Landed Properties,3,"4,300",50 to 60,600 to 700,Dec-23
MERGUI MANSIONS,MERGUI ROAD,08,Non-Landed Properties,3,"6,100",130 to 140,"1,300 to 1,400",Dec-23
CITY SQUARE RESIDENCES,KITCHENER LINK,08,Non-Landed Properties,2,"4,600",70 to 80,800 to 900,Dec-23
CITY SQUARE RESIDENCES,KITCHENER LINK,08,Non-Landed Properties,3,"1,350",110 to 120,"1,200 to 1,300",Dec-23
STURDEE RESIDENCES,BEATTY ROAD,08,Non-Landed Properties,2,"4,300",60 to 70,600 to 700,Dec-23
CITY SQUARE RESIDENCES,KITCHENER LINK,08,Non-Landed Properties,4,"7,700",140 to 150,"1,500 to 1,600",Dec-23
CITYLIGHTS,JELLICOE ROAD,08,Non-Landed Properties,2,"4,500",80 to 90,800 to 900,Dec-23
CITY SQUARE RESIDENCES,KITCHENER LINK,08,Non-Landed Properties,2,"4,500",70 to 80,800 to 900,Dec-23
URBAN LOFTS,RANGOON ROAD,08,Non-Landed Properties,1,"3,000",40 to 50,500 to 600,Dec-23
SOHO 188,RACE COURSE ROAD,08,Non-Landed Properties,1,"3,000",40 to 50,400 to 500,Dec-23
CITYLIGHTS,JELLICOE ROAD,08,Non-Landed Properties,1,"3,900",60 to 70,600 to 700,Dec-23
RANGOON 88,RANGOON ROAD,08,Non-Landed Properties,1,"3,100",60 to 70,600 to 700,Dec-23
FORTE SUITES,MERGUI ROAD,08,Non-Landed Properties,2,"3,700",60 to 70,600 to 700,Dec-23
SUITES 123,RANGOON ROAD,08,Non-Landed Properties,1,"3,600",40 to 50,400 to 500,Dec-23
NON-LANDED HOUSING DEVELOPMENT,RANGOON ROAD,08,Non-Landed Properties,NA,"2,800",100 to 110,"1,000 to 1,100",Dec-23
NON-LANDED HOUSING DEVELOPMENT,MERGUI ROAD,08,Non-Landed Properties,NA,"4,500",70 to 80,800 to 900,Dec-23
R66 APARTMENTS,RANGOON ROAD,08,Non-Landed Properties,1,"3,300",50 to 60,500 to 600,Dec-23
URBAN LOFTS,RANGOON ROAD,08,Non-Landed Properties,1,"3,100",70 to 80,700 to 800,Dec-23
JOOL SUITES,SING JOO WALK,08,Non-Landed Properties,1,"2,999",30 to 40,400 to 500,Dec-23
KERRISDALE,STURDEE ROAD,08,Non-Landed Properties,3,"5,000",110 to 120,"1,200 to 1,300",Dec-23
GOODLAND BUILDING,ROBERTS LANE,08,Non-Landed Properties,3,"13,000",360 to 370,"3,900 to 4,000",Dec-23
NON-LANDED HOUSING DEVELOPMENT,OWEN ROAD,08,Non-Landed Properties,NA,"3,800",120 to 130,"1,300 to 1,400",Dec-23
HOA NAM BUILDING,FOCH ROAD,08,Non-Landed Properties,2,"2,800",70 to 80,800 to 900,Dec-23
RESIDENCES @ SOMME,PETAIN ROAD,08,Non-Landed Properties,1,"2,800",40 to 50,500 to 600,Dec-23
LOFT @ RANGOON,RANGOON ROAD,08,Non-Landed Properties,1,"2,600",40 to 50,400 to 500,Dec-23
CITYSCAPE @FARRER PARK,MERGUI ROAD,08,Non-Landed Properties,2,"4,200",90 to 100,"900 to 1,000",Dec-23
MERGUI MANSIONS,MERGUI ROAD,08,Non-Landed Properties,3,"4,050",130 to 140,"1,400 to 1,500",Dec-23
CITYSCAPE @FARRER PARK,MERGUI ROAD,08,Non-Landed Properties,2,"4,500",100 to 110,"1,100 to 1,200",Dec-23
JOOL SUITES,SING JOO WALK,08,Non-Landed Properties,1,"3,000",60 to 70,600 to 700,Dec-23
CARLYX GREEN,CARLISLE ROAD,08,Non-Landed Properties,3,"4,100",90 to 100,"900 to 1,000",Dec-23
NON-LANDED HOUSING DEVELOPMENT,SING AVENUE,08,Non-Landed Properties,NA,"3,800",80 to 90,800 to 900,Dec-23
NON-LANDED HOUSING DEVELOPMENT,KITCHENER ROAD,08,Non-Landed Properties,NA,"4,700",80 to 90,"900 to 1,000",Dec-23
NON-LANDED HOUSING DEVELOPMENT,RACE COURSE ROAD,08,Non-Landed Properties,2,"2,564",70 to 80,700 to 800,Dec-23
FARRER PARK SUITES,OWEN ROAD,08,Non-Landed Properties,NA,"2,800",40 to 50,400 to 500,Dec-23
CITY SQUARE RESIDENCES,KITCHENER LINK,08,Non-Landed Properties,2,"4,650",70 to 80,800 to 900,Dec-23
SUITES 123,RANGOON ROAD,08,Non-Landed Properties,2,"4,200",80 to 90,800 to 900,Dec-23
28 RC SUITES,RACE COURSE LANE,08,Non-Landed Properties,1,"3,500",70 to 80,800 to 900,Dec-23
STURDEE RESIDENCES,BEATTY ROAD,08,Non-Landed Properties,2,"4,900",60 to 70,700 to 800,Dec-23
UPTOWN @ FARRER,PERUMAL ROAD,08,Non-Landed Properties,2,"4,000",50 to 60,500 to 600,Dec-23
OXFORD SUITES,OXFORD ROAD,08,Non-Landed Properties,2,"3,300",90 to 100,"1,000 to 1,100",Dec-23
CITYLIGHTS,JELLICOE ROAD,08,Non-Landed Properties,2,"5,000",80 to 90,800 to 900,Dec-23
CITY SQUARE RESIDENCES,KITCHENER LINK,08,Non-Landed Properties,3,"5,500",110 to 120,"1,200 to 1,300",Dec-23
CITY SQUARE RESIDENCES,KITCHENER LINK,08,Non-Landed Properties,2,"4,760",80 to 90,800 to 900,Dec-23
STUDIOS @ MARNE,MARNE ROAD,08,Non-Landed Properties,NA,"2,000",40 to 50,400 to 500,Dec-23
NON-LANDED HOUSING DEVELOPMENT,RACE COURSE ROAD,08,Non-Landed Properties,NA,"2,100",20 to 30,200 to 300,Dec-23
CITYLIGHTS,JELLICOE ROAD,08,Non-Landed Properties,2,"4,700",80 to 90,800 to 900,Dec-23
CITY SQUARE RESIDENCES,KITCHENER LINK,08,Non-Landed Properties,2,"4,800",70 to 80,800 to 900,Dec-23
JOOL SUITES,SING JOO WALK,08,Non-Landed Properties,1,"2,550",30 to 40,400 to 500,Dec-23
SOHO 188,RACE COURSE ROAD,08,Non-Landed Properties,1,"3,300",30 to 40,300 to 400,Dec-23
CITY SQUARE RESIDENCES,KITCHENER LINK,08,Non-Landed Properties,2,"4,800",70 to 80,800 to 900,Dec-23
CITYLIGHTS,JELLICOE ROAD,08,Non-Landed Properties,3,"7,000",130 to 140,"1,400 to 1,500",Dec-23
CAVAN SUITES,CAVAN ROAD,08,Non-Landed Properties,NA,"2,700",30 to 40,400 to 500,Dec-23
UPTOWN @ FARRER,PERUMAL ROAD,08,Non-Landed Properties,3,"5,500",60 to 70,600 to 700,Dec-23
SUITES 123,RANGOON ROAD,08,Non-Landed Properties,2,"3,800",80 to 90,800 to 900,Dec-23
JOOL SUITES,SING JOO WALK,08,Non-Landed Properties,1,"3,180",30 to 40,300 to 400,Dec-23
CITY SQUARE RESIDENCES,KITCHENER LINK,08,Non-Landed Properties,2,"4,850",80 to 90,800 to 900,Dec-23
TYRWHITT 139,TYRWHITT ROAD,08,Non-Landed Properties,1,"3,000",30 to 40,300 to 400,Dec-23
CITY SQUARE RESIDENCES,KITCHENER LINK,08,Non-Landed Properties,1,"3,900",50 to 60,500 to 600,Dec-23
KENTISH GREEN,OXFORD ROAD,08,Non-Landed Properties,3,"6,000",110 to 120,"1,200 to 1,300",Dec-23
KENTISH GREEN,OXFORD ROAD,08,Non-Landed Properties,2,"4,200",100 to 110,"1,000 to 1,100",Dec-23
CITY SQUARE RESIDENCES,KITCHENER LINK,08,Non-Landed Properties,1,"3,600",50 to 60,500 to 600,Dec-23
CITYLIGHTS,JELLICOE ROAD,08,Non-Landed Properties,1,"4,000",50 to 60,500 to 600,Dec-23
TYRWHITT 139,TYRWHITT ROAD,08,Non-Landed Properties,2,"3,500",50 to 60,500 to 600,Dec-23
KENTISH GREEN,OXFORD ROAD,08,Non-Landed Properties,2,"4,050",100 to 110,"1,000 to 1,100",Dec-23
CAVAN SUITES,CAVAN ROAD,08,Non-Landed Properties,1,"2,900",60 to 70,600 to 700,Dec-23
NON-LANDED HOUSING DEVELOPMENT,JALAN BESAR,08,Non-Landed Properties,NA,"4,400",60 to 70,600 to 700,Dec-23
NON-LANDED HOUSING DEVELOPMENT,HERTFORD ROAD,08,Non-Landed Properties,NA,"3,400",110 to 120,"1,100 to 1,200",Dec-23
CITYSCAPE @FARRER PARK,MERGUI ROAD,08,Non-Landed Properties,2,"4,500",100 to 110,"1,000 to 1,100",Dec-23
CARLYX GREEN,CARLISLE ROAD,08,Non-Landed Properties,3,"3,300",50 to 60,500 to 600,Dec-23
CITY SQUARE RESIDENCES,KITCHENER LINK,08,Non-Landed Properties,3,"6,300",110 to 120,"1,200 to 1,300",Dec-23
SOHO @ FARRER,RACE COURSE ROAD,08,Non-Landed Properties,1,"2,750",30 to 40,300 to 400,Dec-23
TYRWHITT 139,TYRWHITT ROAD,08,Non-Landed Properties,1,"2,800",40 to 50,400 to 500,Dec-23
CITYLIGHTS,JELLICOE ROAD,08,Non-Landed Properties,1,"4,400",60 to 70,600 to 700,Dec-23
JOOL SUITES,SING JOO WALK,08,Non-Landed Properties,1,"3,300",30 to 40,400 to 500,Dec-23
CITY SQUARE RESIDENCES,KITCHENER LINK,08,Non-Landed Properties,2,"5,000",80 to 90,800 to 900,Dec-23
STURDEE RESIDENCES,BEATTY ROAD,08,Non-Landed Properties,1,"3,500",30 to 40,400 to 500,Dec-23
SUITES @ OWEN,OWEN ROAD,08,Non-Landed Properties,1,"2,700",30 to 40,300 to 400,Dec-23
CITY SQUARE RESIDENCES,KITCHENER LINK,08,Non-Landed Properties,3,"5,900",110 to 120,"1,200 to 1,300",Dec-23
RANGOON 88,RANGOON ROAD,08,Non-Landed Properties,1,"2,988",60 to 70,600 to 700,Dec-23
FORTE SUITES,MERGUI ROAD,08,Non-Landed Properties,2,"4,250",50 to 60,600 to 700,Dec-23
CITYLIGHTS,JELLICOE ROAD,08,Non-Landed Properties,3,"11,000",250 to 260,"2,700 to 2,800",Dec-23
STURDEE RESIDENCES,BEATTY ROAD,08,Non-Landed Properties,2,"4,500",60 to 70,700 to 800,Dec-23
STURDEE RESIDENCES,BEATTY ROAD,08,Non-Landed Properties,1,"3,300",30 to 40,400 to 500,Dec-23
STURDEE RESIDENCES,BEATTY ROAD,08,Non-Landed Properties,3,"5,000",70 to 80,800 to 900,Dec-23
CITYLIGHTS,JELLICOE ROAD,08,Non-Landed Properties,2,"4,600",80 to 90,800 to 900,Dec-23
VOGX,DORSET ROAD,08,Non-Landed Properties,1,"3,000",50 to 60,500 to 600,Dec-23
NON-LANDED HOUSING DEVELOPMENT,BRISTOL ROAD,08,Non-Landed Properties,NA,"3,500",110 to 120,"1,200 to 1,300",Dec-23
CITYSCAPE @FARRER PARK,MERGUI ROAD,08,Non-Landed Properties,3,"5,900",110 to 120,"1,200 to 1,300",Dec-23
NON-LANDED HOUSING DEVELOPMENT,TESSENSOHN ROAD,08,Non-Landed Properties,NA,"3,100",110 to 120,"1,100 to 1,200",Dec-23
NON-LANDED HOUSING DEVELOPMENT,RANGOON ROAD,08,Non-Landed Properties,NA,"3,500",100 to 110,"1,000 to 1,100",Dec-23
STURDEE RESIDENCES,BEATTY ROAD,08,Non-Landed Properties,3,"5,800",90 to 100,"1,000 to 1,100",Dec-23
NON-LANDED HOUSING DEVELOPMENT,SING AVENUE,08,Non-Landed Properties,NA,"4,300",110 to 120,"1,200 to 1,300",Dec-23
NON-LANDED HOUSING DEVELOPMENT,RACE COURSE ROAD,08,Non-Landed Properties,1,"2,200",30 to 40,300 to 400,Dec-23
CITY SQUARE RESIDENCES,KITCHENER LINK,08,Non-Landed Properties,2,"4,600",70 to 80,800 to 900,Dec-23
CITYSCAPE @FARRER PARK,MERGUI ROAD,08,Non-Landed Properties,2,"3,900",90 to 100,"900 to 1,000",Dec-23
CITY SQUARE RESIDENCES,KITCHENER LINK,08,Non-Landed Properties,3,"5,800",110 to 120,"1,200 to 1,300",Dec-23
CITY SQUARE RESIDENCES,KITCHENER LINK,08,Non-Landed Properties,2,"4,250",70 to 80,800 to 900,Dec-23
CARLYX RESIDENCE,CARLISLE ROAD,08,Non-Landed Properties,2,"4,500",90 to 100,"1,000 to 1,100",Dec-23
STURDEE RESIDENCES,BEATTY ROAD,08,Non-Landed Properties,3,"5,800",70 to 80,800 to 900,Dec-23
FORTE SUITES,MERGUI ROAD,08,Non-Landed Properties,2,"3,750",60 to 70,600 to 700,Dec-23
KERRISDALE,STURDEE ROAD,08,Non-Landed Properties,2,"5,100",90 to 100,"900 to 1,000",Dec-23
KERRISDALE,STURDEE ROAD,08,Non-Landed Properties,3,"5,300",110 to 120,"1,200 to 1,300",Dec-23
28 RC SUITES,RACE COURSE LANE,08,Non-Landed Properties,1,"2,800",30 to 40,400 to 500,Dec-23
CITY SQUARE RESIDENCES,KITCHENER LINK,08,Non-Landed Properties,4,"7,800",140 to 150,"1,500 to 1,600",Dec-23
CITYSCAPE @FARRER PARK,MERGUI ROAD,08,Non-Landed Properties,3,"6,000",110 to 120,"1,200 to 1,300",Dec-23
CITIGATE RESIDENCE,RANGOON ROAD,08,Non-Landed Properties,1,"3,000",50 to 60,500 to 600,Dec-23
CITYLIGHTS,JELLICOE ROAD,08,Non-Landed Properties,1,"4,000",60 to 70,600 to 700,Dec-23
UPTOWN @ FARRER,PERUMAL ROAD,08,Non-Landed Properties,3,"5,900",110 to 120,"1,100 to 1,200",Nov-23
NON-LANDED HOUSING DEVELOPMENT,SERANGOON ROAD,08,Non-Landed Properties,NA,"2,200",160 to 170,"1,700 to 1,800",Nov-23
KENTISH LODGE,OXFORD ROAD,08,Non-Landed Properties,2,"4,200",100 to 110,"1,100 to 1,200",Nov-23
SOHO 188,RACE COURSE ROAD,08,Non-Landed Properties,1,"2,900",40 to 50,400 to 500,Nov-23
NON-LANDED HOUSING DEVELOPMENT,STARLIGHT TERRACE,08,Non-Landed Properties,NA,"3,200",120 to 130,"1,300 to 1,400",Nov-23
CITYSCAPE @FARRER PARK,MERGUI ROAD,08,Non-Landed Properties,2,"4,350",100 to 110,"1,000 to 1,100",Nov-23
KENTISH COURT,OXFORD ROAD,08,Non-Landed Properties,2,"4,200",90 to 100,"1,000 to 1,100",Nov-23
CITY SQUARE RESIDENCES,KITCHENER LINK,08,Non-Landed Properties,3,"6,400",110 to 120,"1,200 to 1,300",Nov-23
FORTE SUITES,MERGUI ROAD,08,Non-Landed Properties,2,"3,650",50 to 60,600 to 700,Nov-23
CITYSCAPE @FARRER PARK,MERGUI ROAD,08,Non-Landed Properties,2,"4,500",100 to 110,"1,100 to 1,200",Nov-23
FUTSING BUILDING,ALLENBY ROAD,08,Non-Landed Properties,NA,"10,400",210 to 220,"2,300 to 2,400",Nov-23
OXFORD SUITES,OXFORD ROAD,08,Non-Landed Properties,1,"3,400",60 to 70,600 to 700,Nov-23
RACE COURSE BUILDING,RACE COURSE ROAD,08,Non-Landed Properties,NA,"5,000",200 to 210,"2,200 to 2,300",Nov-23
CITIGATE RESIDENCE,RANGOON ROAD,08,Non-Landed Properties,1,"3,000",40 to 50,500 to 600,Nov-23
KERRISDALE,STURDEE ROAD,08,Non-Landed Properties,3,"5,500",110 to 120,"1,200 to 1,300",Nov-23
CITY SQUARE RESIDENCES,KITCHENER LINK,08,Non-Landed Properties,1,"4,000",60 to 70,600 to 700,Nov-23
CITY SQUARE RESIDENCES,KITCHENER LINK,08,Non-Landed Properties,4,"7,000",140 to 150,"1,500 to 1,600",Nov-23
KERRISDALE,STURDEE ROAD,08,Non-Landed Properties,3,"5,400",110 to 120,"1,200 to 1,300",Nov-23
NON-LANDED HOUSING DEVELOPMENT,RACE COURSE ROAD,08,Non-Landed Properties,NA,"6,000",170 to 180,"1,800 to 1,900",Nov-23
CITY SQUARE RESIDENCES,KITCHENER LINK,08,Non-Landed Properties,3,"6,600",110 to 120,"1,200 to 1,300",Nov-23
TYRWHITT 139,TYRWHITT ROAD,08,Non-Landed Properties,1,"2,500",30 to 40,300 to 400,Nov-23
R66 APARTMENTS,RANGOON ROAD,08,Non-Landed Properties,1,"2,900",50 to 60,600 to 700,Nov-23
STURDEE RESIDENCES,BEATTY ROAD,08,Non-Landed Properties,1,"3,200",30 to 40,400 to 500,Nov-23
CITYLIGHTS,JELLICOE ROAD,08,Non-Landed Properties,3,"6,500",130 to 140,"1,400 to 1,500",Nov-23
UPTOWN @ FARRER,PERUMAL ROAD,08,Non-Landed Properties,2,"4,000",40 to 50,500 to 600,Nov-23
KERRISDALE,STURDEE ROAD,08,Non-Landed Properties,3,"5,100",110 to 120,"1,200 to 1,300",Nov-23
CITYLIGHTS,JELLICOE ROAD,08,Non-Landed Properties,1,"3,900",60 to 70,600 to 700,Nov-23
UPTOWN @ FARRER,PERUMAL ROAD,08,Non-Landed Properties,2,"3,800",50 to 60,500 to 600,Nov-23
JOOL SUITES,SING JOO WALK,08,Non-Landed Properties,1,"2,900",30 to 40,400 to 500,Nov-23
STURDEE RESIDENCES,BEATTY ROAD,08,Non-Landed Properties,1,"3,500",30 to 40,400 to 500,Nov-23
NON-LANDED HOUSING DEVELOPMENT,CAVAN ROAD,08,Non-Landed Properties,NA,"3,300",90 to 100,"1,000 to 1,100",Nov-23
NON-LANDED HOUSING DEVELOPMENT,CAVAN ROAD,08,Non-Landed Properties,NA,"3,300",90 to 100,"1,000 to 1,100",Nov-23
THE CITRON RESIDENCES,MARNE ROAD,08,Non-Landed Properties,2,"3,800",60 to 70,600 to 700,Nov-23
CITY SQUARE RESIDENCES,KITCHENER LINK,08,Non-Landed Properties,4,"6,000",130 to 140,"1,400 to 1,500",Nov-23
TYRWHITT 139,TYRWHITT ROAD,08,Non-Landed Properties,1,"2,700",30 to 40,300 to 400,Nov-23
URBAN LOFTS,RANGOON ROAD,08,Non-Landed Properties,2,"3,200",60 to 70,600 to 700,Nov-23
KERRISDALE,STURDEE ROAD,08,Non-Landed Properties,3,"5,100",110 to 120,"1,200 to 1,300",Nov-23
TYRWHITT 139,TYRWHITT ROAD,08,Non-Landed Properties,2,"3,800",40 to 50,500 to 600,Nov-23
VANADIUM,HERTFORD ROAD,08,Non-Landed Properties,3,"4,000",100 to 110,"1,100 to 1,200",Nov-23
HERTFORD COLLECTION,HERTFORD ROAD,08,Non-Landed Properties,2,"5,500",90 to 100,"1,000 to 1,100",Nov-23
CITYSCAPE @FARRER PARK,MERGUI ROAD,08,Non-Landed Properties,3,"5,300",130 to 140,"1,400 to 1,500",Nov-23
JALAN BESAR PLAZA,KITCHENER ROAD,08,Non-Landed Properties,4,"4,400",140 to 150,"1,500 to 1,600",Nov-23
CITY SQUARE RESIDENCES,KITCHENER LINK,08,Non-Landed Properties,2,"4,500",80 to 90,800 to 900,Nov-23
RANGOON COURT,RANGOON ROAD,08,Non-Landed Properties,3,"4,800",140 to 150,"1,500 to 1,600",Nov-23
CITY SQUARE RESIDENCES,KITCHENER LINK,08,Non-Landed Properties,2,"4,800",80 to 90,800 to 900,Nov-23
STURDEE RESIDENCES,BEATTY ROAD,08,Non-Landed Properties,3,"5,300",80 to 90,"900 to 1,000",Nov-23
THE URBANITE,HERTFORD ROAD,08,Non-Landed Properties,1,"2,900",40 to 50,400 to 500,Nov-23
FORTE SUITES,MERGUI ROAD,08,Non-Landed Properties,1,"3,100",40 to 50,400 to 500,Nov-23
TYRWHITT 139,TYRWHITT ROAD,08,Non-Landed Properties,1,"3,300",60 to 70,700 to 800,Nov-23
CITY SQUARE RESIDENCES,KITCHENER LINK,08,Non-Landed Properties,2,"4,750",70 to 80,800 to 900,Nov-23
TYRWHITT 139,TYRWHITT ROAD,08,Non-Landed Properties,2,"4,500",80 to 90,"900 to 1,000",Nov-23
STURDEE RESIDENCES,BEATTY ROAD,08,Non-Landed Properties,2,"4,000",50 to 60,500 to 600,Nov-23
KERRISDALE,STURDEE ROAD,08,Non-Landed Properties,4,"6,600",130 to 140,"1,400 to 1,500",Nov-23
CITYLIGHTS,JELLICOE ROAD,08,Non-Landed Properties,2,"4,800",80 to 90,800 to 900,Nov-23
RANGOON 88,RANGOON ROAD,08,Non-Landed Properties,1,"3,150",30 to 40,400 to 500,Nov-23
CITYSCAPE @FARRER PARK,MERGUI ROAD,08,Non-Landed Properties,2,"4,700",100 to 110,"1,000 to 1,100",Nov-23
CITY SQUARE RESIDENCES,KITCHENER LINK,08,Non-Landed Properties,1,"3,550",50 to 60,500 to 600,Nov-23
CITY SQUARE RESIDENCES,KITCHENER LINK,08,Non-Landed Properties,1,"3,800",50 to 60,500 to 600,Nov-23
CITYSCAPE @FARRER PARK,MERGUI ROAD,08,Non-Landed Properties,2,"4,500",100 to 110,"1,000 to 1,100",Nov-23
CITY SQUARE RESIDENCES,KITCHENER LINK,08,Non-Landed Properties,1,"4,050",50 to 60,500 to 600,Nov-23
TYRWHITT 139,TYRWHITT ROAD,08,Non-Landed Properties,1,"3,000",40 to 50,400 to 500,Nov-23
CITYSCAPE @FARRER PARK,MERGUI ROAD,08,Non-Landed Properties,2,"4,200",100 to 110,"1,000 to 1,100",Nov-23
TYRWHITT 139,TYRWHITT ROAD,08,Non-Landed Properties,1,"3,000",40 to 50,400 to 500,Nov-23
JOOL SUITES,SING JOO WALK,08,Non-Landed Properties,1,"3,000",30 to 40,300 to 400,Nov-23
MERA SPRINGS,CARLISLE ROAD,08,Non-Landed Properties,2,"4,700",90 to 100,"1,000 to 1,100",Nov-23
CITY SQUARE RESIDENCES,KITCHENER LINK,08,Non-Landed Properties,2,"4,650",80 to 90,800 to 900,Nov-23
STURDEE RESIDENCES,BEATTY ROAD,08,Non-Landed Properties,1,"3,400",30 to 40,400 to 500,Nov-23
CITY SQUARE RESIDENCES,KITCHENER LINK,08,Non-Landed Properties,2,"4,300",80 to 90,800 to 900,Nov-23
STURDEE RESIDENCES,BEATTY ROAD,08,Non-Landed Properties,1,"3,400",30 to 40,400 to 500,Nov-23
UPTOWN @ FARRER,PERUMAL ROAD,08,Non-Landed Properties,3,"5,000",60 to 70,600 to 700,Nov-23
CITY SQUARE RESIDENCES,KITCHENER LINK,08,Non-Landed Properties,3,"5,800",110 to 120,"1,200 to 1,300",Nov-23
CITY LOFT,RACE COURSE ROAD,08,Non-Landed Properties,1,"2,600",30 to 40,300 to 400,Nov-23
STURDEE RESIDENCES,BEATTY ROAD,08,Non-Landed Properties,3,"5,600",80 to 90,"900 to 1,000",Nov-23
28 RC SUITES,RACE COURSE LANE,08,Non-Landed Properties,1,"2,900",30 to 40,400 to 500,Nov-23
CITYSCAPE @FARRER PARK,MERGUI ROAD,08,Non-Landed Properties,3,"6,000",120 to 130,"1,300 to 1,400",Nov-23
CITY LOFT,RACE COURSE ROAD,08,Non-Landed Properties,1,"2,800",30 to 40,300 to 400,Nov-23
LOFT @ RANGOON,RANGOON ROAD,08,Non-Landed Properties,2,"3,900",70 to 80,800 to 900,Nov-23
JOOL SUITES,SING JOO WALK,08,Non-Landed Properties,1,"3,500",30 to 40,300 to 400,Nov-23
CITYSCAPE @FARRER PARK,MERGUI ROAD,08,Non-Landed Properties,2,"4,500",100 to 110,"1,100 to 1,200",Nov-23
CITY SQUARE RESIDENCES,KITCHENER LINK,08,Non-Landed Properties,3,"5,100",110 to 120,"1,200 to 1,300",Nov-23
CITYLIGHTS,JELLICOE ROAD,08,Non-Landed Properties,2,"5,400",80 to 90,"900 to 1,000",Nov-23
NON-LANDED HOUSING DEVELOPMENT,RANGOON ROAD,08,Non-Landed Properties,NA,"6,000",160 to 170,"1,800 to 1,900",Nov-23
HOA NAM BUILDING,FOCH ROAD,08,Non-Landed Properties,2,"2,900",80 to 90,800 to 900,Nov-23
CITY SQUARE RESIDENCES,KITCHENER LINK,08,Non-Landed Properties,2,"4,500",80 to 90,800 to 900,Nov-23
VANADIUM,HERTFORD ROAD,08,Non-Landed Properties,2,"4,500",90 to 100,"900 to 1,000",Nov-23
CITYLIGHTS,JELLICOE ROAD,08,Non-Landed Properties,1,"3,750",50 to 60,500 to 600,Nov-23
CITY SQUARE RESIDENCES,KITCHENER LINK,08,Non-Landed Properties,2,"4,600",80 to 90,800 to 900,Nov-23
CITYLIGHTS,JELLICOE ROAD,08,Non-Landed Properties,2,"5,000",80 to 90,800 to 900,Nov-23
FORTE SUITES,MERGUI ROAD,08,Non-Landed Properties,2,"3,650",50 to 60,600 to 700,Nov-23
STURDEE RESIDENCES,BEATTY ROAD,08,Non-Landed Properties,2,"4,200",60 to 70,600 to 700,Nov-23
URBAN LOFTS,RANGOON ROAD,08,Non-Landed Properties,1,"3,300",60 to 70,600 to 700,Nov-23
SAM LEONG MANSION,SAM LEONG ROAD,08,Non-Landed Properties,NA,"3,700",90 to 100,"1,000 to 1,100",Nov-23
STURDEE RESIDENCES,BEATTY ROAD,08,Non-Landed Properties,3,"5,000",70 to 80,800 to 900,Nov-23
CITY SQUARE RESIDENCES,KITCHENER LINK,08,Non-Landed Properties,2,"4,000",70 to 80,800 to 900,Nov-23
NON-LANDED HOUSING DEVELOPMENT,FLANDERS SQUARE,08,Non-Landed Properties,NA,"2,400",90 to 100,"900 to 1,000",Nov-23
NON-LANDED HOUSING DEVELOPMENT,CARLISLE ROAD,08,Non-Landed Properties,NA,"1,890",80 to 90,"900 to 1,000",Nov-23
NON-LANDED HOUSING DEVELOPMENT,BEATTY ROAD,08,Non-Landed Properties,NA,"3,300",80 to 90,"900 to 1,000",Nov-23
NON-LANDED HOUSING DEVELOPMENT,JALAN BESAR,08,Non-Landed Properties,NA,"4,000",90 to 100,"1,000 to 1,100",Nov-23
THE CITRON RESIDENCES,MARNE ROAD,08,Non-Landed Properties,2,"3,500",60 to 70,600 to 700,Nov-23
NON-LANDED HOUSING DEVELOPMENT,STARLIGHT TERRACE,08,Non-Landed Properties,NA,"4,500",130 to 140,"1,400 to 1,500",Nov-23
CITYLIGHTS,JELLICOE ROAD,08,Non-Landed Properties,3,"7,300",130 to 140,"1,400 to 1,500",Nov-23
URBAN LOFTS,RANGOON ROAD,08,Non-Landed Properties,1,"2,800",40 to 50,400 to 500,Nov-23
NON-LANDED HOUSING DEVELOPMENT,RACE COURSE ROAD,08,Non-Landed Properties,NA,"2,060",30 to 40,300 to 400,Nov-23
CITYSCAPE @FARRER PARK,MERGUI ROAD,08,Non-Landed Properties,2,"4,500",100 to 110,"1,000 to 1,100",Nov-23
CITYLIGHTS,JELLICOE ROAD,08,Non-Landed Properties,2,"5,000",80 to 90,"900 to 1,000",Nov-23
CITYLIGHTS,JELLICOE ROAD,08,Non-Landed Properties,3,"6,300",120 to 130,"1,300 to 1,400",Nov-23
RANGOON 88,RANGOON ROAD,08,Non-Landed Properties,1,"4,400",60 to 70,600 to 700,Nov-23
FORTE SUITES,MERGUI ROAD,08,Non-Landed Properties,2,"3,500",50 to 60,600 to 700,Nov-23
KERRISDALE,STURDEE ROAD,08,Non-Landed Properties,2,"3,100",90 to 100,"900 to 1,000",Nov-23
STURDEE VIEW,STURDEE ROAD,08,Non-Landed Properties,3,"4,800",130 to 140,"1,400 to 1,500",Nov-23
KERRISDALE,STURDEE ROAD,08,Non-Landed Properties,4,"6,600",130 to 140,"1,400 to 1,500",Nov-23
PRISTINE HEIGHTS,MERGUI ROAD,08,Non-Landed Properties,2,"4,200",60 to 70,700 to 800,Nov-23
CITYLIGHTS,JELLICOE ROAD,08,Non-Landed Properties,3,"6,500",130 to 140,"1,400 to 1,500",Nov-23
RANGOON 88,RANGOON ROAD,08,Non-Landed Properties,1,"3,150",30 to 40,400 to 500,Nov-23
CITY SQUARE RESIDENCES,KITCHENER LINK,08,Non-Landed Properties,2,"5,000",70 to 80,800 to 900,Nov-23
THE CITRON RESIDENCES,MARNE ROAD,08,Non-Landed Properties,2,"4,600",60 to 70,600 to 700,Nov-23
THE CITRON RESIDENCES,MARNE ROAD,08,Non-Landed Properties,2,"4,500",60 to 70,600 to 700,Nov-23
THE MERLOT,KENG LEE ROAD,08,Non-Landed Properties,1,"3,200",40 to 50,500 to 600,Nov-23
PARC SOMME,SOMME ROAD,08,Non-Landed Properties,2,"3,650",50 to 60,500 to 600,Nov-23
CITYLIGHTS,JELLICOE ROAD,08,Non-Landed Properties,1,"3,800",50 to 60,500 to 600,Nov-23
CITY SQUARE RESIDENCES,KITCHENER LINK,08,Non-Landed Properties,1,"3,400",50 to 60,500 to 600,Nov-23
STUDIOS @ MARNE,MARNE ROAD,08,Non-Landed Properties,NA,"3,300",40 to 50,500 to 600,Nov-23
CITYLIGHTS,JELLICOE ROAD,08,Non-Landed Properties,1,"4,500",60 to 70,600 to 700,Nov-23
SOHO @ FARRER,RACE COURSE ROAD,08,Non-Landed Properties,1,"2,400",30 to 40,300 to 400,Nov-23
STUDIOS @ MARNE,MARNE ROAD,08,Non-Landed Properties,NA,"4,000",80 to 90,800 to 900,Nov-23
CITY SQUARE RESIDENCES,KITCHENER LINK,08,Non-Landed Properties,3,"5,850",110 to 120,"1,200 to 1,300",Nov-23
CITYSCAPE @FARRER PARK,MERGUI ROAD,08,Non-Landed Properties,2,"4,400",100 to 110,"1,100 to 1,200",Nov-23
TYRWHITT 139,TYRWHITT ROAD,08,Non-Landed Properties,1,"3,100",40 to 50,500 to 600,Nov-23
70@TRURO,TRURO ROAD,08,Non-Landed Properties,3,"4,300",70 to 80,800 to 900,Nov-23
KERRISDALE,STURDEE ROAD,08,Non-Landed Properties,3,"5,200",110 to 120,"1,200 to 1,300",Nov-23
UPTOWN @ FARRER,PERUMAL ROAD,08,Non-Landed Properties,3,"6,500",90 to 100,"1,000 to 1,100",Nov-23
UPTOWN @ FARRER,PERUMAL ROAD,08,Non-Landed Properties,2,"4,000",50 to 60,500 to 600,Nov-23
CITY SQUARE RESIDENCES,KITCHENER LINK,08,Non-Landed Properties,1,"3,300",50 to 60,500 to 600,Oct-23
RANGOON 88,RANGOON ROAD,08,Non-Landed Properties,1,"3,000",30 to 40,400 to 500,Oct-23
CITY SQUARE RESIDENCES,KITCHENER LINK,08,Non-Landed Properties,2,"4,250",80 to 90,800 to 900,Oct-23
OXFORD SUITES,OXFORD ROAD,08,Non-Landed Properties,NA,"3,600",80 to 90,800 to 900,Oct-23
CITYLIGHTS,JELLICOE ROAD,08,Non-Landed Properties,2,"4,700",80 to 90,800 to 900,Oct-23
CITY STUDIOS,RACE COURSE LANE,08,Non-Landed Properties,1,"3,200",40 to 50,400 to 500,Oct-23
KENTISH GREEN,OXFORD ROAD,08,Non-Landed Properties,2,"4,300",100 to 110,"1,000 to 1,100",Oct-23
CITYLIGHTS,JELLICOE ROAD,08,Non-Landed Properties,2,"5,100",80 to 90,800 to 900,Oct-23
HERTFORD MANSION,BRISTOL ROAD,08,Non-Landed Properties,NA,"5,000",110 to 120,"1,200 to 1,300",Oct-23
CITYLIGHTS,JELLICOE ROAD,08,Non-Landed Properties,1,"3,600",60 to 70,600 to 700,Oct-23
FORTE SUITES,MERGUI ROAD,08,Non-Landed Properties,2,"3,600",50 to 60,600 to 700,Oct-23
URBAN LOFTS,RANGOON ROAD,08,Non-Landed Properties,1,"2,500",50 to 60,500 to 600,Oct-23
CITYSCAPE @FARRER PARK,MERGUI ROAD,08,Non-Landed Properties,2,"4,650",90 to 100,"900 to 1,000",Oct-23
URBAN LOFTS,RANGOON ROAD,08,Non-Landed Properties,1,"2,850",40 to 50,400 to 500,Oct-23
NON-LANDED HOUSING DEVELOPMENT,RACE COURSE ROAD,08,Non-Landed Properties,1,"2,500",110 to 120,"1,200 to 1,300",Oct-23
CITYSCAPE @FARRER PARK,MERGUI ROAD,08,Non-Landed Properties,3,"5,900",110 to 120,"1,200 to 1,300",Oct-23
28 RC SUITES,RACE COURSE LANE,08,Non-Landed Properties,1,"3,000",30 to 40,400 to 500,Oct-23
NON-LANDED HOUSING DEVELOPMENT,PENHAS ROAD,08,Non-Landed Properties,NA,"3,900",100 to 110,"1,100 to 1,200",Oct-23
HOA NAM BUILDING,FOCH ROAD,08,Non-Landed Properties,2,"2,800",70 to 80,800 to 900,Oct-23
STURDEE RESIDENCES,BEATTY ROAD,08,Non-Landed Properties,1,"3,500",30 to 40,400 to 500,Oct-23
SUITES 123,RANGOON ROAD,08,Non-Landed Properties,1,"3,150",50 to 60,500 to 600,Oct-23
CITYSCAPE @FARRER PARK,MERGUI ROAD,08,Non-Landed Properties,2,"4,900",100 to 110,"1,100 to 1,200",Oct-23
KERRISDALE,STURDEE ROAD,08,Non-Landed Properties,3,"5,400",110 to 120,"1,200 to 1,300",Oct-23
URBAN LOFTS,RANGOON ROAD,08,Non-Landed Properties,1,"2,700",30 to 40,400 to 500,Oct-23
CITYLIGHTS,JELLICOE ROAD,08,Non-Landed Properties,3,"7,000",130 to 140,"1,400 to 1,500",Oct-23
NON-LANDED HOUSING DEVELOPMENT,KELANTAN LANE,08,Non-Landed Properties,NA,"2,850",190 to 200,"2,000 to 2,100",Oct-23
CLYDES RESIDENCE,MERGUI ROAD,08,Non-Landed Properties,2,"6,800",90 to 100,"1,000 to 1,100",Oct-23
KENTISH COURT,OXFORD ROAD,08,Non-Landed Properties,2,"4,200",100 to 110,"1,100 to 1,200",Oct-23
KENTISH COURT,OXFORD ROAD,08,Non-Landed Properties,2,"4,500",90 to 100,"1,000 to 1,100",Oct-23
CITYLIGHTS,JELLICOE ROAD,08,Non-Landed Properties,1,"4,400",60 to 70,600 to 700,Oct-23
CITY SQUARE RESIDENCES,KITCHENER LINK,08,Non-Landed Properties,1,"3,500",50 to 60,500 to 600,Oct-23
SUITES @ OWEN,OWEN ROAD,08,Non-Landed Properties,1,"3,000",50 to 60,500 to 600,Oct-23
TYRWHITT 139,TYRWHITT ROAD,08,Non-Landed Properties,1,"3,100",30 to 40,300 to 400,Oct-23
1953,TESSENSOHN ROAD,08,Non-Landed Properties,NA,"3,100",40 to 50,400 to 500,Oct-23
STURDEE RESIDENCES,BEATTY ROAD,08,Non-Landed Properties,2,"4,400",60 to 70,700 to 800,Oct-23
LOFT @ RANGOON,RANGOON ROAD,08,Non-Landed Properties,1,"2,800",30 to 40,400 to 500,Oct-23
KENTISH COURT,OXFORD ROAD,08,Non-Landed Properties,2,"4,200",90 to 100,"1,000 to 1,100",Oct-23
STURDEE RESIDENCES,BEATTY ROAD,08,Non-Landed Properties,2,"4,500",60 to 70,600 to 700,Oct-23
UPTOWN @ FARRER,PERUMAL ROAD,08,Non-Landed Properties,2,"4,000",50 to 60,500 to 600,Oct-23
R66 APARTMENTS,RANGOON ROAD,08,Non-Landed Properties,1,"2,000",50 to 60,600 to 700,Oct-23
THE URBANITE,HERTFORD ROAD,08,Non-Landed Properties,2,"3,900",60 to 70,700 to 800,Oct-23
CITYLIGHTS,JELLICOE ROAD,08,Non-Landed Properties,1,"4,700",60 to 70,700 to 800,Oct-23
CITY SQUARE RESIDENCES,KITCHENER LINK,08,Non-Landed Properties,3,"6,200",110 to 120,"1,200 to 1,300",Oct-23
CITYSCAPE @FARRER PARK,MERGUI ROAD,08,Non-Landed Properties,4,"9,500",270 to 280,"3,000 to 3,100",Oct-23
CITYLIGHTS,JELLICOE ROAD,08,Non-Landed Properties,1,"3,800",50 to 60,500 to 600,Oct-23
RITZ @ FARRER,RACE COURSE ROAD,08,Non-Landed Properties,1,"3,500",70 to 80,700 to 800,Oct-23
NON-LANDED HOUSING DEVELOPMENT,PENHAS ROAD,08,Non-Landed Properties,NA,"5,800",100 to 110,"1,100 to 1,200",Oct-23
NON-LANDED HOUSING DEVELOPMENT,CARLISLE ROAD,08,Non-Landed Properties,NA,"1,890",80 to 90,"900 to 1,000",Oct-23
NON-LANDED HOUSING DEVELOPMENT,JALAN BESAR,08,Non-Landed Properties,NA,"3,700",50 to 60,600 to 700,Oct-23
TYRWHITT 139,TYRWHITT ROAD,08,Non-Landed Properties,2,"4,000",80 to 90,800 to 900,Oct-23
CITY SQUARE RESIDENCES,KITCHENER LINK,08,Non-Landed Properties,4,"6,900",140 to 150,"1,500 to 1,600",Oct-23
PARC SOMME,SOMME ROAD,08,Non-Landed Properties,1,"2,900",40 to 50,400 to 500,Oct-23
KENTISH GREEN,OXFORD ROAD,08,Non-Landed Properties,2,"4,300",100 to 110,"1,000 to 1,100",Oct-23
CITY SQUARE RESIDENCES,KITCHENER LINK,08,Non-Landed Properties,4,"7,800",140 to 150,"1,500 to 1,600",Oct-23
PRISTINE HEIGHTS,MERGUI ROAD,08,Non-Landed Properties,3,"5,100",120 to 130,"1,300 to 1,400",Oct-23
CITY SQUARE RESIDENCES,KITCHENER LINK,08,Non-Landed Properties,2,"4,550",70 to 80,800 to 900,Oct-23
STURDEE RESIDENCES,BEATTY ROAD,08,Non-Landed Properties,1,"3,000",30 to 40,400 to 500,Oct-23
CITY LOFT,RACE COURSE ROAD,08,Non-Landed Properties,1,"3,400",30 to 40,400 to 500,Oct-23
CITIGATE RESIDENCE,RANGOON ROAD,08,Non-Landed Properties,2,"3,400",70 to 80,800 to 900,Oct-23
UPTOWN @ FARRER,PERUMAL ROAD,08,Non-Landed Properties,3,"5,500",80 to 90,800 to 900,Oct-23
1953,TESSENSOHN ROAD,08,Non-Landed Properties,NA,"3,200",40 to 50,500 to 600,Oct-23
R66 APARTMENTS,RANGOON ROAD,08,Non-Landed Properties,1,"3,200",50 to 60,500 to 600,Oct-23
STURDEE RESIDENCES,BEATTY ROAD,08,Non-Landed Properties,1,"3,400",30 to 40,400 to 500,Oct-23
CITYLIGHTS,JELLICOE ROAD,08,Non-Landed Properties,1,"4,300",60 to 70,600 to 700,Oct-23
KENTISH COURT,OXFORD ROAD,08,Non-Landed Properties,3,"5,000",120 to 130,"1,300 to 1,400",Oct-23
VANADIUM,HERTFORD ROAD,08,Non-Landed Properties,3,"5,000",100 to 110,"1,000 to 1,100",Oct-23
CITY SQUARE RESIDENCES,KITCHENER LINK,08,Non-Landed Properties,3,"6,500",110 to 120,"1,100 to 1,200",Oct-23
70@TRURO,TRURO ROAD,08,Non-Landed Properties,2,"3,450",40 to 50,400 to 500,Oct-23
STUDIOS @ MARNE,MARNE ROAD,08,Non-Landed Properties,NA,"3,200",50 to 60,500 to 600,Oct-23
CITY SQUARE RESIDENCES,KITCHENER LINK,08,Non-Landed Properties,3,"6,000",110 to 120,"1,200 to 1,300",Oct-23
RITZ @ FARRER,RACE COURSE ROAD,08,Non-Landed Properties,1,"4,200",70 to 80,700 to 800,Oct-23
CITYLIGHTS,JELLICOE ROAD,08,Non-Landed Properties,1,"4,000",60 to 70,600 to 700,Oct-23
CITY SQUARE RESIDENCES,KITCHENER LINK,08,Non-Landed Properties,1,"4,000",50 to 60,500 to 600,Oct-23
CITY SQUARE RESIDENCES,KITCHENER LINK,08,Non-Landed Properties,2,"4,700",70 to 80,800 to 900,Oct-23
UPTOWN @ FARRER,PERUMAL ROAD,08,Non-Landed Properties,3,"5,300",70 to 80,700 to 800,Oct-23
THE CITRON RESIDENCES,MARNE ROAD,08,Non-Landed Properties,1,"2,700",30 to 40,300 to 400,Oct-23
CITY SQUARE RESIDENCES,KITCHENER LINK,08,Non-Landed Properties,1,"3,600",50 to 60,500 to 600,Oct-23
CITY SQUARE RESIDENCES,KITCHENER LINK,08,Non-Landed Properties,4,"5,850",130 to 140,"1,400 to 1,500",Oct-23
CITYLIGHTS,JELLICOE ROAD,08,Non-Landed Properties,3,"7,900",170 to 180,"1,800 to 1,900",Oct-23
CITYLIGHTS,JELLICOE ROAD,08,Non-Landed Properties,2,"4,800",80 to 90,"900 to 1,000",Oct-23
CITY LOFT,RACE COURSE ROAD,08,Non-Landed Properties,1,"2,600",30 to 40,300 to 400,Oct-23
CARLYX RESIDENCE,CARLISLE ROAD,08,Non-Landed Properties,2,"4,650",90 to 100,"1,000 to 1,100",Oct-23
8 FARRER SUITES,SING JOO WALK,08,Non-Landed Properties,2,"3,800",50 to 60,600 to 700,Oct-23
NON-LANDED HOUSING DEVELOPMENT,PENHAS ROAD,08,Non-Landed Properties,NA,"3,700",100 to 110,"1,100 to 1,200",Oct-23
CITY SQUARE RESIDENCES,KITCHENER LINK,08,Non-Landed Properties,1,"3,400",50 to 60,500 to 600,Oct-23
CITYLIGHTS,JELLICOE ROAD,08,Non-Landed Properties,1,"4,000",50 to 60,500 to 600,Oct-23
CITYSCAPE @FARRER PARK,MERGUI ROAD,08,Non-Landed Properties,3,"5,500",110 to 120,"1,200 to 1,300",Oct-23
28 RC SUITES,RACE COURSE LANE,08,Non-Landed Properties,1,"3,800",40 to 50,400 to 500,Oct-23
CITY SQUARE RESIDENCES,KITCHENER LINK,08,Non-Landed Properties,4,"7,800",140 to 150,"1,500 to 1,600",Oct-23
CITY SQUARE RESIDENCES,KITCHENER LINK,08,Non-Landed Properties,1,"3,500",50 to 60,500 to 600,Oct-23
THE URBANITE,HERTFORD ROAD,08,Non-Landed Properties,1,"3,200",40 to 50,400 to 500,Oct-23
NON-LANDED HOUSING DEVELOPMENT,CAMBRIDGE ROAD,08,Non-Landed Properties,NA,"3,700",70 to 80,800 to 900,Oct-23
CITY SQUARE RESIDENCES,KITCHENER LINK,08,Non-Landed Properties,4,"7,200",140 to 150,"1,500 to 1,600",Oct-23
JALAN BESAR PLAZA,KITCHENER ROAD,08,Non-Landed Properties,2,"3,200",80 to 90,"900 to 1,000",Oct-23
OXFORD SUITES,OXFORD ROAD,08,Non-Landed Properties,NA,"4,300",80 to 90,800 to 900,Oct-23
RESIDENCES @ SOMME,PETAIN ROAD,08,Non-Landed Properties,1,"2,900",50 to 60,500 to 600,Oct-23
CITYLIGHTS,JELLICOE ROAD,08,Non-Landed Properties,2,"5,000",80 to 90,800 to 900,Oct-23
THE MERLOT,KENG LEE ROAD,08,Non-Landed Properties,1,"3,200",40 to 50,500 to 600,Oct-23
NON-LANDED HOUSING DEVELOPMENT,HAMILTON ROAD,08,Non-Landed Properties,NA,"3,100",110 to 120,"1,200 to 1,300",Oct-23
NON-LANDED HOUSING DEVELOPMENT,JALAN BESAR,08,Non-Landed Properties,NA,"5,700",110 to 120,"1,200 to 1,300",Oct-23
NON-LANDED HOUSING DEVELOPMENT,TYRWHITT ROAD,08,Non-Landed Properties,NA,"3,000",100 to 110,"1,000 to 1,100",Oct-23
NON-LANDED HOUSING DEVELOPMENT,TYRWHITT ROAD,08,Non-Landed Properties,NA,"3,000",100 to 110,"1,000 to 1,100",Oct-23
NON-LANDED HOUSING DEVELOPMENT,TYRWHITT ROAD,08,Non-Landed Properties,NA,"3,000",90 to 100,"1,000 to 1,100",Oct-23
KENTISH GREEN,OXFORD ROAD,08,Non-Landed Properties,3,"4,800",120 to 130,"1,300 to 1,400",Oct-23
CITYLIGHTS,JELLICOE ROAD,08,Non-Landed Properties,1,"4,300",60 to 70,700 to 800,Oct-23
CITY SQUARE RESIDENCES,KITCHENER LINK,08,Non-Landed Properties,1,"3,900",50 to 60,500 to 600,Oct-23
NON-LANDED HOUSING DEVELOPMENT,STURDEE ROAD,08,Non-Landed Properties,NA,"3,800",80 to 90,"900 to 1,000",Oct-23
NON-LANDED HOUSING DEVELOPMENT,RACE COURSE ROAD,08,Non-Landed Properties,NA,"2,006",20 to 30,200 to 300,Oct-23
NON-LANDED HOUSING DEVELOPMENT,RACE COURSE ROAD,08,Non-Landed Properties,NA,"2,000",20 to 30,200 to 300,Oct-23
LITTLE INDIA CONSERVATION AREA,PERAK ROAD,08,Non-Landed Properties,NA,"5,300",120 to 130,"1,300 to 1,400",Oct-23
HERTFORD MANSION,HERTFORD ROAD,08,Non-Landed Properties,NA,"4,300",100 to 110,"1,100 to 1,200",Oct-23
CITYLIGHTS,JELLICOE ROAD,08,Non-Landed Properties,3,"9,500",170 to 180,"1,800 to 1,900",Oct-23
CITYSCAPE @FARRER PARK,MERGUI ROAD,08,Non-Landed Properties,3,"6,000",120 to 130,"1,300 to 1,400",Oct-23
STURDEE RESIDENCES,BEATTY ROAD,08,Non-Landed Properties,1,"3,000",30 to 40,400 to 500,Oct-23
KENTISH LODGE,OXFORD ROAD,08,Non-Landed Properties,2,"3,300",90 to 100,"1,000 to 1,100",Oct-23
8 FARRER SUITES,SING JOO WALK,08,Non-Landed Properties,2,"4,500",50 to 60,600 to 700,Oct-23
RANGOON 88,RANGOON ROAD,08,Non-Landed Properties,1,"3,300",50 to 60,600 to 700,Oct-23
CITYLIGHTS,JELLICOE ROAD,08,Non-Landed Properties,1,"4,100",60 to 70,700 to 800,Oct-23
CITY SQUARE RESIDENCES,KITCHENER LINK,08,Non-Landed Properties,1,"3,600",50 to 60,500 to 600,Oct-23
STURDEE RESIDENCES,BEATTY ROAD,08,Non-Landed Properties,2,"4,500",50 to 60,500 to 600,Oct-23
28 RC SUITES,RACE COURSE LANE,08,Non-Landed Properties,1,"2,700",30 to 40,400 to 500,Oct-23
28 RC SUITES,RACE COURSE LANE,08,Non-Landed Properties,1,"4,000",30 to 40,400 to 500,Oct-23
STURDEE RESIDENCES,BEATTY ROAD,08,Non-Landed Properties,1,"3,500",30 to 40,400 to 500,Oct-23
SPA BUILDING,VERDUN ROAD,08,Non-Landed Properties,4,"2,950",160 to 170,"1,700 to 1,800",Oct-23
FORTE SUITES,MERGUI ROAD,08,Non-Landed Properties,3,"3,900",50 to 60,600 to 700,Oct-23
STURDEE RESIDENCES,BEATTY ROAD,08,Non-Landed Properties,1,"3,100",30 to 40,400 to 500,Oct-23
LOFT @ RANGOON,RANGOON ROAD,08,Non-Landed Properties,2,"4,500",80 to 90,800 to 900,Oct-23
KENTISH GREEN,OXFORD ROAD,08,Non-Landed Properties,2,"3,350",110 to 120,"1,100 to 1,200",Oct-23
SUITES @ OWEN,OWEN ROAD,08,Non-Landed Properties,2,"3,500",80 to 90,800 to 900,Oct-23
JALAN BESAR PLAZA,KITCHENER ROAD,08,Non-Landed Properties,4,"5,000",140 to 150,"1,500 to 1,600",Oct-23
MERGUI MANSIONS,MERGUI ROAD,08,Non-Landed Properties,3,"3,900",130 to 140,"1,400 to 1,500",Oct-23
CITYSCAPE @FARRER PARK,MERGUI ROAD,08,Non-Landed Properties,2,"4,200",100 to 110,"1,000 to 1,100",Oct-23
CITY SQUARE RESIDENCES,KITCHENER LINK,08,Non-Landed Properties,3,"5,800",110 to 120,"1,200 to 1,300",Oct-23
CITY SQUARE RESIDENCES,KITCHENER LINK,08,Non-Landed Properties,1,"3,300",50 to 60,500 to 600,Oct-23
KENTISH GREEN,OXFORD ROAD,08,Non-Landed Properties,2,"4,000",90 to 100,"1,000 to 1,100",Oct-23
PRISTINE HEIGHTS,MERGUI ROAD,08,Non-Landed Properties,2,"3,900",60 to 70,700 to 800,Oct-23
TYRWHITT 139,TYRWHITT ROAD,08,Non-Landed Properties,1,"3,000",30 to 40,300 to 400,Sep-23
1953,TESSENSOHN ROAD,08,Non-Landed Properties,NA,"4,000",50 to 60,600 to 700,Sep-23
SUITES 123,RANGOON ROAD,08,Non-Landed Properties,1,"3,000",40 to 50,400 to 500,Sep-23
CITY SQUARE RESIDENCES,KITCHENER LINK,08,Non-Landed Properties,3,"1,550",110 to 120,"1,200 to 1,300",Sep-23
CITYLIGHTS,JELLICOE ROAD,08,Non-Landed Properties,2,"5,300",80 to 90,800 to 900,Sep-23
CLYDES RESIDENCE,MERGUI ROAD,08,Non-Landed Properties,1,"3,000",50 to 60,500 to 600,Sep-23
OXFORD SUITES,OXFORD ROAD,08,Non-Landed Properties,NA,"3,500",80 to 90,"900 to 1,000",Sep-23
STURDEE RESIDENCES,BEATTY ROAD,08,Non-Landed Properties,1,"3,700",30 to 40,400 to 500,Sep-23
CITYLIGHTS,JELLICOE ROAD,08,Non-Landed Properties,3,"5,700",130 to 140,"1,400 to 1,500",Sep-23
OXFORD SUITES,OXFORD ROAD,08,Non-Landed Properties,1,"4,000",60 to 70,600 to 700,Sep-23
KERRISDALE,STURDEE ROAD,08,Non-Landed Properties,3,"5,500",110 to 120,"1,200 to 1,300",Sep-23
KERRISDALE,STURDEE ROAD,08,Non-Landed Properties,3,"5,400",110 to 120,"1,200 to 1,300",Sep-23
STUDIOS @ MARNE,MARNE ROAD,08,Non-Landed Properties,NA,"3,300",50 to 60,500 to 600,Sep-23
CITYLIGHTS,JELLICOE ROAD,08,Non-Landed Properties,1,"4,200",50 to 60,500 to 600,Sep-23
28 RC SUITES,RACE COURSE LANE,08,Non-Landed Properties,1,"3,000",30 to 40,400 to 500,Sep-23
RANGOON 88,RANGOON ROAD,08,Non-Landed Properties,1,"3,500",60 to 70,600 to 700,Sep-23
CITY SQUARE RESIDENCES,KITCHENER LINK,08,Non-Landed Properties,1,"3,700",50 to 60,500 to 600,Sep-23
JOOL SUITES,SING JOO WALK,08,Non-Landed Properties,1,"3,000",30 to 40,400 to 500,Sep-23
CITY SQUARE RESIDENCES,KITCHENER LINK,08,Non-Landed Properties,3,"6,200",110 to 120,"1,200 to 1,300",Sep-23
KENTISH GREEN,OXFORD ROAD,08,Non-Landed Properties,3,"5,000",120 to 130,"1,300 to 1,400",Sep-23
KERRISDALE,STURDEE ROAD,08,Non-Landed Properties,3,"5,200",110 to 120,"1,200 to 1,300",Sep-23
RESIDENCES @ SOMME,PETAIN ROAD,08,Non-Landed Properties,2,"3,300",60 to 70,600 to 700,Sep-23
28 RC SUITES,RACE COURSE LANE,08,Non-Landed Properties,1,"2,800",30 to 40,400 to 500,Sep-23
STURDEE RESIDENCES,BEATTY ROAD,08,Non-Landed Properties,3,"5,000",70 to 80,800 to 900,Sep-23
8 FARRER SUITES,SING JOO WALK,08,Non-Landed Properties,2,"3,800",50 to 60,500 to 600,Sep-23
CITY SQUARE RESIDENCES,KITCHENER LINK,08,Non-Landed Properties,4,"8,000",140 to 150,"1,500 to 1,600",Sep-23
CITY SQUARE RESIDENCES,KITCHENER LINK,08,Non-Landed Properties,3,"5,700",110 to 120,"1,200 to 1,300",Sep-23
1953,TESSENSOHN ROAD,08,Non-Landed Properties,NA,"9,500",130 to 140,"1,300 to 1,400",Sep-23
CITY SQUARE RESIDENCES,KITCHENER LINK,08,Non-Landed Properties,3,"6,200",110 to 120,"1,200 to 1,300",Sep-23
SOHO 188,RACE COURSE ROAD,08,Non-Landed Properties,1,"3,200",40 to 50,400 to 500,Sep-23
RITZ @ FARRER,RACE COURSE ROAD,08,Non-Landed Properties,1,"3,800",70 to 80,800 to 900,Sep-23
CITYSCAPE @FARRER PARK,MERGUI ROAD,08,Non-Landed Properties,3,"6,000",120 to 130,"1,300 to 1,400",Sep-23
STURDEE RESIDENCES,BEATTY ROAD,08,Non-Landed Properties,2,"4,000",50 to 60,500 to 600,Sep-23
PARC SOMME,SOMME ROAD,08,Non-Landed Properties,1,"3,050",30 to 40,300 to 400,Sep-23
NON-LANDED HOUSING DEVELOPMENT,BRISTOL ROAD,08,Non-Landed Properties,NA,"5,000",120 to 130,"1,300 to 1,400",Sep-23
SAM LEONG MANSION,SAM LEONG ROAD,08,Non-Landed Properties,NA,"5,000",90 to 100,"1,000 to 1,100",Sep-23
CITY SQUARE RESIDENCES,KITCHENER LINK,08,Non-Landed Properties,1,"3,350",50 to 60,500 to 600,Sep-23
CITY SQUARE RESIDENCES,KITCHENER LINK,08,Non-Landed Properties,1,"3,600",50 to 60,500 to 600,Sep-23
THE URBANITE,HERTFORD ROAD,08,Non-Landed Properties,1,"3,000",40 to 50,400 to 500,Sep-23
CITYSCAPE @FARRER PARK,MERGUI ROAD,08,Non-Landed Properties,2,"4,500",100 to 110,"1,000 to 1,100",Sep-23
CITY SQUARE RESIDENCES,KITCHENER LINK,08,Non-Landed Properties,2,"4,300",80 to 90,800 to 900,Sep-23
70@TRURO,TRURO ROAD,08,Non-Landed Properties,3,"4,000",70 to 80,800 to 900,Sep-23
NON-LANDED HOUSING DEVELOPMENT,BIRCH ROAD,08,Non-Landed Properties,NA,"4,000",90 to 100,"1,000 to 1,100",Sep-23
NON-LANDED HOUSING DEVELOPMENT,BIRCH ROAD,08,Non-Landed Properties,NA,"4,000",60 to 70,600 to 700,Sep-23
NON-LANDED HOUSING DEVELOPMENT,BIRCH ROAD,08,Non-Landed Properties,NA,"3,000",60 to 70,600 to 700,Sep-23
NON-LANDED HOUSING DEVELOPMENT,HAMILTON ROAD,08,Non-Landed Properties,NA,"3,500",120 to 130,"1,300 to 1,400",Sep-23
NON-LANDED HOUSING DEVELOPMENT,TYRWHITT ROAD,08,Non-Landed Properties,NA,"3,250",90 to 100,"1,000 to 1,100",Sep-23
NON-LANDED HOUSING DEVELOPMENT,JOO AVENUE,08,Non-Landed Properties,NA,"4,400",150 to 160,"1,600 to 1,700",Sep-23
RANGOON 88,RANGOON ROAD,08,Non-Landed Properties,1,"2,880",30 to 40,400 to 500,Sep-23
THE URBANITE,HERTFORD ROAD,08,Non-Landed Properties,2,"3,200",60 to 70,600 to 700,Sep-23
SUITES 123,RANGOON ROAD,08,Non-Landed Properties,1,"2,700",40 to 50,400 to 500,Sep-23
CITY SQUARE RESIDENCES,KITCHENER LINK,08,Non-Landed Properties,3,"5,800",110 to 120,"1,100 to 1,200",Sep-23
1953,TESSENSOHN ROAD,08,Non-Landed Properties,NA,"5,900",70 to 80,700 to 800,Sep-23
RITZ @ FARRER,RACE COURSE ROAD,08,Non-Landed Properties,3,"4,700",90 to 100,"1,000 to 1,100",Sep-23
LE SOMME,SOMME ROAD,08,Non-Landed Properties,1,"3,200",40 to 50,400 to 500,Sep-23
STURDEE RESIDENCES,BEATTY ROAD,08,Non-Landed Properties,2,"4,400",60 to 70,600 to 700,Sep-23
FORTE SUITES,MERGUI ROAD,08,Non-Landed Properties,2,"4,100",50 to 60,600 to 700,Sep-23
1953,TESSENSOHN ROAD,08,Non-Landed Properties,NA,"3,800",50 to 60,600 to 700,Sep-23
SUITES @ OWEN,OWEN ROAD,08,Non-Landed Properties,2,"4,000",70 to 80,800 to 900,Sep-23
CITY SQUARE RESIDENCES,KITCHENER LINK,08,Non-Landed Properties,1,"4,000",50 to 60,500 to 600,Sep-23
SUITES 123,RANGOON ROAD,08,Non-Landed Properties,1,"3,360",50 to 60,500 to 600,Sep-23
CAVAN SUITES,CAVAN ROAD,08,Non-Landed Properties,NA,"2,300",30 to 40,300 to 400,Sep-23
SOHO 188,RACE COURSE ROAD,08,Non-Landed Properties,1,"3,400",30 to 40,300 to 400,Sep-23
RESIDENCES @ SOMME,PETAIN ROAD,08,Non-Landed Properties,1,"3,000",40 to 50,500 to 600,Sep-23
TYRWHITT 139,TYRWHITT ROAD,08,Non-Landed Properties,1,"2,700",40 to 50,400 to 500,Sep-23
KENTISH LODGE,OXFORD ROAD,08,Non-Landed Properties,2,"4,000",100 to 110,"1,100 to 1,200",Sep-23
TYRWHITT 139,TYRWHITT ROAD,08,Non-Landed Properties,2,"5,000",80 to 90,"900 to 1,000",Sep-23
STURDEE RESIDENCES,BEATTY ROAD,08,Non-Landed Properties,2,"4,200",60 to 70,600 to 700,Sep-23
THE CITRON RESIDENCES,MARNE ROAD,08,Non-Landed Properties,1,"2,900",30 to 40,300 to 400,Sep-23
CITY SQUARE RESIDENCES,KITCHENER LINK,08,Non-Landed Properties,3,"6,000",110 to 120,"1,100 to 1,200",Sep-23
CITYLIGHTS,JELLICOE ROAD,08,Non-Landed Properties,2,"5,500",80 to 90,800 to 900,Sep-23
SOHO 188,RACE COURSE ROAD,08,Non-Landed Properties,1,"3,225",30 to 40,300 to 400,Sep-23
STURDEE RESIDENCES,BEATTY ROAD,08,Non-Landed Properties,3,"5,300",80 to 90,"900 to 1,000",Sep-23
NON-LANDED HOUSING DEVELOPMENT,HORNE ROAD,08,Non-Landed Properties,NA,"2,800",80 to 90,"900 to 1,000",Sep-23
JALAN BESAR PLAZA,KITCHENER ROAD,08,Non-Landed Properties,2,"3,500",80 to 90,"900 to 1,000",Sep-23
CITY SQUARE RESIDENCES,KITCHENER LINK,08,Non-Landed Properties,2,"5,000",70 to 80,800 to 900,Sep-23
CITY SQUARE RESIDENCES,KITCHENER LINK,08,Non-Landed Properties,1,"3,900",50 to 60,500 to 600,Sep-23
CAVAN SUITES,CAVAN ROAD,08,Non-Landed Properties,1,"3,000",40 to 50,400 to 500,Sep-23
TYRWHITT 139,TYRWHITT ROAD,08,Non-Landed Properties,1,"3,200",40 to 50,400 to 500,Sep-23
CITYLIGHTS,JELLICOE ROAD,08,Non-Landed Properties,1,"4,550",60 to 70,600 to 700,Sep-23
STURDEE RESIDENCES,BEATTY ROAD,08,Non-Landed Properties,2,"4,500",60 to 70,600 to 700,Sep-23
STURDEE RESIDENCES,BEATTY ROAD,08,Non-Landed Properties,2,"4,500",60 to 70,600 to 700,Sep-23
CITY SQUARE RESIDENCES,KITCHENER LINK,08,Non-Landed Properties,1,"3,600",50 to 60,500 to 600,Sep-23
CITYSCAPE @FARRER PARK,MERGUI ROAD,08,Non-Landed Properties,3,"5,900",120 to 130,"1,300 to 1,400",Sep-23
KERRISDALE,STURDEE ROAD,08,Non-Landed Properties,2,"4,750",90 to 100,"900 to 1,000",Sep-23
NON-LANDED HOUSING DEVELOPMENT,ROBERTS LANE,08,Non-Landed Properties,NA,"3,000",70 to 80,700 to 800,Sep-23
CITYLIGHTS,JELLICOE ROAD,08,Non-Landed Properties,1,"4,300",60 to 70,700 to 800,Sep-23
KERRISDALE,STURDEE ROAD,08,Non-Landed Properties,3,"5,600",110 to 120,"1,200 to 1,300",Sep-23
KERRISDALE,STURDEE ROAD,08,Non-Landed Properties,3,"6,200",110 to 120,"1,200 to 1,300",Sep-23
PRISTINE HEIGHTS,MERGUI ROAD,08,Non-Landed Properties,2,"4,000",60 to 70,700 to 800,Sep-23
STURDEE RESIDENCES,BEATTY ROAD,08,Non-Landed Properties,2,"4,850",60 to 70,600 to 700,Sep-23
28 RC SUITES,RACE COURSE LANE,08,Non-Landed Properties,1,"3,400",50 to 60,500 to 600,Sep-23
PARC SOMME,SOMME ROAD,08,Non-Landed Properties,1,"2,500",30 to 40,300 to 400,Sep-23
STURDEE RESIDENCES,BEATTY ROAD,08,Non-Landed Properties,2,"3,700",60 to 70,600 to 700,Sep-23
STURDEE RESIDENCES,BEATTY ROAD,08,Non-Landed Properties,2,"3,700",60 to 70,600 to 700,Sep-23
STURDEE RESIDENCES,BEATTY ROAD,08,Non-Landed Properties,3,"4,100",70 to 80,800 to 900,Sep-23
NON-LANDED HOUSING DEVELOPMENT,RANGOON ROAD,08,Non-Landed Properties,NA,"5,350",120 to 130,"1,300 to 1,400",Sep-23
HONG BUILDING,RANGOON ROAD,08,Non-Landed Properties,NA,"4,200",130 to 140,"1,300 to 1,400",Sep-23
CITY SQUARE RESIDENCES,KITCHENER LINK,08,Non-Landed Properties,2,"4,400",80 to 90,800 to 900,Sep-23
CITY LOFT,RACE COURSE ROAD,08,Non-Landed Properties,1,"2,500",30 to 40,300 to 400,Sep-23
FORTE SUITES,MERGUI ROAD,08,Non-Landed Properties,2,"3,700",60 to 70,600 to 700,Sep-23
1953,TESSENSOHN ROAD,08,Non-Landed Properties,NA,"4,500",70 to 80,700 to 800,Sep-23
CITY SQUARE RESIDENCES,KITCHENER LINK,08,Non-Landed Properties,3,"6,600",110 to 120,"1,200 to 1,300",Sep-23
CITY SQUARE RESIDENCES,KITCHENER LINK,08,Non-Landed Properties,3,"6,000",110 to 120,"1,200 to 1,300",Sep-23
RACE COURSE MANSION,RACE COURSE ROAD,08,Non-Landed Properties,3,"3,500",100 to 110,"1,100 to 1,200",Sep-23
CAVAN SUITES,CAVAN ROAD,08,Non-Landed Properties,1,"2,900",40 to 50,400 to 500,Sep-23
NON-LANDED HOUSING DEVELOPMENT,JOO AVENUE,08,Non-Landed Properties,NA,"3,300",80 to 90,800 to 900,Sep-23
NON-LANDED HOUSING DEVELOPMENT,HAMILTON ROAD,08,Non-Landed Properties,NA,"3,200",120 to 130,"1,300 to 1,400",Sep-23
NON-LANDED HOUSING DEVELOPMENT,JOO AVENUE,08,Non-Landed Properties,NA,"3,300",150 to 160,"1,600 to 1,700",Sep-23
STURDEE RESIDENCES,BEATTY ROAD,08,Non-Landed Properties,3,"5,200",80 to 90,"900 to 1,000",Sep-23
THE URBANITE,HERTFORD ROAD,08,Non-Landed Properties,1,"2,800",40 to 50,400 to 500,Sep-23
STUDIOS @ MARNE,MARNE ROAD,08,Non-Landed Properties,NA,"3,000",40 to 50,500 to 600,Sep-23
NON-LANDED HOUSING DEVELOPMENT,SERANGOON ROAD,08,Non-Landed Properties,NA,"4,500",70 to 80,700 to 800,Sep-23
NON-LANDED HOUSING DEVELOPMENT,TESSENSOHN ROAD,08,Non-Landed Properties,NA,"4,000",240 to 250,"2,600 to 2,700",Sep-23
1953,TESSENSOHN ROAD,08,Non-Landed Properties,NA,"3,850",50 to 60,600 to 700,Sep-23
NON-LANDED HOUSING DEVELOPMENT,STARLIGHT ROAD,08,Non-Landed Properties,NA,"2,000",70 to 80,800 to 900,Sep-23
SOHO 188,RACE COURSE ROAD,08,Non-Landed Properties,2,"3,350",50 to 60,600 to 700,Sep-23
1953,TESSENSOHN ROAD,08,Non-Landed Properties,NA,"6,000",130 to 140,"1,300 to 1,400",Sep-23
CITYSCAPE @FARRER PARK,MERGUI ROAD,08,Non-Landed Properties,2,"4,400",90 to 100,"900 to 1,000",Sep-23
CITY SQUARE RESIDENCES,KITCHENER LINK,08,Non-Landed Properties,3,"6,500",110 to 120,"1,200 to 1,300",Sep-23
STURDEE RESIDENCES,BEATTY ROAD,08,Non-Landed Properties,1,"3,500",30 to 40,400 to 500,Sep-23
KERRISDALE,STURDEE ROAD,08,Non-Landed Properties,3,"5,500",110 to 120,"1,200 to 1,300",Sep-23
CITY SQUARE RESIDENCES,KITCHENER LINK,08,Non-Landed Properties,4,"7,850",140 to 150,"1,500 to 1,600",Sep-23
SOHO 188,RACE COURSE ROAD,08,Non-Landed Properties,1,"3,500",40 to 50,400 to 500,Sep-23
STUDIOS @ MARNE,MARNE ROAD,08,Non-Landed Properties,NA,"2,900",50 to 60,500 to 600,Sep-23
CITY SQUARE RESIDENCES,KITCHENER LINK,08,Non-Landed Properties,3,"4,500",110 to 120,"1,200 to 1,300",Sep-23
CITY SQUARE RESIDENCES,KITCHENER LINK,08,Non-Landed Properties,1,"3,600",50 to 60,500 to 600,Sep-23
CITIGATE RESIDENCE,RANGOON ROAD,08,Non-Landed Properties,2,"3,500",70 to 80,700 to 800,Sep-23
CITY SQUARE RESIDENCES,KITCHENER LINK,08,Non-Landed Properties,3,"6,000",110 to 120,"1,200 to 1,300",Sep-23
70@TRURO,TRURO ROAD,08,Non-Landed Properties,3,"4,200",70 to 80,800 to 900,Sep-23
PRISTINE HEIGHTS,MERGUI ROAD,08,Non-Landed Properties,3,"5,000",120 to 130,"1,300 to 1,400",Sep-23
KERRISDALE,STURDEE ROAD,08,Non-Landed Properties,2,"5,000",90 to 100,"900 to 1,000",Sep-23
CITY SQUARE RESIDENCES,KITCHENER LINK,08,Non-Landed Properties,2,"4,600",80 to 90,800 to 900,Sep-23
STUDIOS @ MARNE,MARNE ROAD,08,Non-Landed Properties,NA,"3,500",40 to 50,500 to 600,Sep-23
THE URBANITE,HERTFORD ROAD,08,Non-Landed Properties,2,"3,300",60 to 70,600 to 700,Sep-23
SUITES 123,RANGOON ROAD,08,Non-Landed Properties,1,"3,200",50 to 60,500 to 600,Sep-23
STURDEE RESIDENCES,BEATTY ROAD,08,Non-Landed Properties,3,"6,500",80 to 90,"900 to 1,000",Sep-23
CITYSCAPE @FARRER PARK,MERGUI ROAD,08,Non-Landed Properties,2,"3,100",90 to 100,"900 to 1,000",Sep-23
STURDEE VIEW,STURDEE ROAD,08,Non-Landed Properties,3,"4,800",130 to 140,"1,400 to 1,500",Sep-23
CITYLIGHTS,JELLICOE ROAD,08,Non-Landed Properties,3,"6,600",130 to 140,"1,400 to 1,500",Sep-23
STURDEE RESIDENCES,BEATTY ROAD,08,Non-Landed Properties,1,"4,107",30 to 40,400 to 500,Aug-23
NON-LANDED HOUSING DEVELOPMENT,HAMILTON ROAD,08,Non-Landed Properties,NA,"4,400",120 to 130,"1,300 to 1,400",Aug-23
CITY SQUARE RESIDENCES,KITCHENER LINK,08,Non-Landed Properties,2,"4,600",70 to 80,800 to 900,Aug-23
CITY LOFT,RACE COURSE ROAD,08,Non-Landed Properties,1,"2,700",30 to 40,300 to 400,Aug-23
CITY SQUARE RESIDENCES,KITCHENER LINK,08,Non-Landed Properties,2,"5,100",80 to 90,800 to 900,Aug-23
CITYLIGHTS,JELLICOE ROAD,08,Non-Landed Properties,1,"4,000",60 to 70,700 to 800,Aug-23
CITY SQUARE RESIDENCES,KITCHENER LINK,08,Non-Landed Properties,1,"3,600",50 to 60,500 to 600,Aug-23
LE SOMME,SOMME ROAD,08,Non-Landed Properties,1,"3,300",40 to 50,400 to 500,Aug-23
LE SOMME,SOMME ROAD,08,Non-Landed Properties,1,"2,300",40 to 50,400 to 500,Aug-23
KENTISH GREEN,OXFORD ROAD,08,Non-Landed Properties,2,"4,000",100 to 110,"1,000 to 1,100",Aug-23
THE MERLOT,KENG LEE ROAD,08,Non-Landed Properties,1,"3,100",40 to 50,500 to 600,Aug-23
CITY SQUARE RESIDENCES,KITCHENER LINK,08,Non-Landed Properties,1,"3,700",50 to 60,500 to 600,Aug-23
1953,TESSENSOHN ROAD,08,Non-Landed Properties,NA,"3,200",40 to 50,400 to 500,Aug-23
CITYLIGHTS,JELLICOE ROAD,08,Non-Landed Properties,1,"3,800",50 to 60,500 to 600,Aug-23
SUITES @ OWEN,OWEN ROAD,08,Non-Landed Properties,1,"2,700",30 to 40,300 to 400,Aug-23
URBAN LOFTS,RANGOON ROAD,08,Non-Landed Properties,1,"3,300",60 to 70,600 to 700,Aug-23
CITY SQUARE RESIDENCES,KITCHENER LINK,08,Non-Landed Properties,3,"6,500",110 to 120,"1,200 to 1,300",Aug-23
SUITES @ OWEN,OWEN ROAD,08,Non-Landed Properties,1,"2,500",40 to 50,500 to 600,Aug-23
CITY SQUARE RESIDENCES,KITCHENER LINK,08,Non-Landed Properties,3,"5,900",110 to 120,"1,100 to 1,200",Aug-23
KENG LEE COURT,KENG LEE ROAD,08,Non-Landed Properties,2,"1,900",50 to 60,600 to 700,Aug-23
KERRISDALE,STURDEE ROAD,08,Non-Landed Properties,3,"5,700",110 to 120,"1,200 to 1,300",Aug-23
PARC SOMME,SOMME ROAD,08,Non-Landed Properties,2,"4,500",100 to 110,"1,000 to 1,100",Aug-23
CITY SQUARE RESIDENCES,KITCHENER LINK,08,Non-Landed Properties,1,"3,700",50 to 60,500 to 600,Aug-23
CITYLIGHTS,JELLICOE ROAD,08,Non-Landed Properties,2,"5,100",80 to 90,800 to 900,Aug-23
THE URBANITE,HERTFORD ROAD,08,Non-Landed Properties,2,"3,900",60 to 70,700 to 800,Aug-23
STURDEE RESIDENCES,BEATTY ROAD,08,Non-Landed Properties,2,"4,300",60 to 70,600 to 700,Aug-23
KERRISDALE,STURDEE ROAD,08,Non-Landed Properties,2,"4,300",90 to 100,"900 to 1,000",Aug-23
KERRISDALE,STURDEE ROAD,08,Non-Landed Properties,4,"7,800",230 to 240,"2,500 to 2,600",Aug-23
STURDEE RESIDENCES,BEATTY ROAD,08,Non-Landed Properties,2,"4,300",60 to 70,600 to 700,Aug-23
THE CITRON RESIDENCES,MARNE ROAD,08,Non-Landed Properties,2,"4,300",60 to 70,600 to 700,Aug-23
CITY SQUARE RESIDENCES,KITCHENER LINK,08,Non-Landed Properties,2,"4,700",70 to 80,800 to 900,Aug-23
KERRISDALE,STURDEE ROAD,08,Non-Landed Properties,2,"4,300",90 to 100,"900 to 1,000",Aug-23
UPTOWN @ FARRER,PERUMAL ROAD,08,Non-Landed Properties,2,"4,000",50 to 60,500 to 600,Aug-23
CITYLIGHTS,JELLICOE ROAD,08,Non-Landed Properties,1,"4,200",50 to 60,500 to 600,Aug-23
UPTOWN @ FARRER,PERUMAL ROAD,08,Non-Landed Properties,2,"4,000",50 to 60,500 to 600,Aug-23
LE SOMME,SOMME ROAD,08,Non-Landed Properties,1,"3,200",50 to 60,500 to 600,Aug-23
28 RC SUITES,RACE COURSE LANE,08,Non-Landed Properties,1,"2,900",40 to 50,400 to 500,Aug-23
KENG LEE VIEW,KENG LEE ROAD,08,Non-Landed Properties,NA,"4,000",110 to 120,"1,200 to 1,300",Aug-23
CITYSCAPE @FARRER PARK,MERGUI ROAD,08,Non-Landed Properties,2,"4,600",110 to 120,"1,200 to 1,300",Aug-23
THE MERLOT,KENG LEE ROAD,08,Non-Landed Properties,1,"3,100",40 to 50,500 to 600,Aug-23
CITYSCAPE @FARRER PARK,MERGUI ROAD,08,Non-Landed Properties,3,"5,500",110 to 120,"1,200 to 1,300",Aug-23
1953,TESSENSOHN ROAD,08,Non-Landed Properties,NA,"5,500",100 to 110,"1,100 to 1,200",Aug-23
THE CITRON RESIDENCES,MARNE ROAD,08,Non-Landed Properties,1,"3,500",40 to 50,400 to 500,Aug-23
CITY SQUARE RESIDENCES,KITCHENER LINK,08,Non-Landed Properties,3,"6,300",110 to 120,"1,200 to 1,300",Aug-23
CITYLIGHTS,JELLICOE ROAD,08,Non-Landed Properties,3,"7,000",120 to 130,"1,300 to 1,400",Aug-23
OXFORD SUITES,OXFORD ROAD,08,Non-Landed Properties,NA,"4,400",80 to 90,800 to 900,Aug-23
LE SOMME,SOMME ROAD,08,Non-Landed Properties,1,"3,000",50 to 60,500 to 600,Aug-23
SUITES 123,RANGOON ROAD,08,Non-Landed Properties,1,"3,100",40 to 50,400 to 500,Aug-23
NON-LANDED HOUSING DEVELOPMENT,CARLISLE ROAD,08,Non-Landed Properties,NA,"1,890",80 to 90,"900 to 1,000",Aug-23
CITY SQUARE RESIDENCES,KITCHENER LINK,08,Non-Landed Properties,2,"4,950",80 to 90,800 to 900,Aug-23
RACE COURSE MANSION,RACE COURSE ROAD,08,Non-Landed Properties,1,"3,500",60 to 70,700 to 800,Aug-23
CITYLIGHTS,JELLICOE ROAD,08,Non-Landed Properties,3,"6,400",120 to 130,"1,300 to 1,400",Aug-23
HOA NAM BUILDING,FOCH ROAD,08,Non-Landed Properties,2,"3,500",70 to 80,800 to 900,Aug-23
KING'S COURT,NORFOLK ROAD,08,Non-Landed Properties,3,"4,200",210 to 220,"2,300 to 2,400",Aug-23
CITYLIGHTS,JELLICOE ROAD,08,Non-Landed Properties,2,"5,500",80 to 90,"900 to 1,000",Aug-23
TYRWHITT 139,TYRWHITT ROAD,08,Non-Landed Properties,2,"3,800",80 to 90,"900 to 1,000",Aug-23
CITYSCAPE @FARRER PARK,MERGUI ROAD,08,Non-Landed Properties,2,"4,500",100 to 110,"1,000 to 1,100",Aug-23
NON-LANDED HOUSING DEVELOPMENT,HORNE ROAD,08,Non-Landed Properties,NA,"3,400",80 to 90,"900 to 1,000",Aug-23
NON-LANDED HOUSING DEVELOPMENT,TYRWHITT ROAD,08,Non-Landed Properties,NA,"4,600",80 to 90,800 to 900,Aug-23
CITYLIGHTS,JELLICOE ROAD,08,Non-Landed Properties,4,"12,000",360 to 370,"3,800 to 3,900",Aug-23
CITY SQUARE RESIDENCES,KITCHENER LINK,08,Non-Landed Properties,3,"6,000",110 to 120,"1,200 to 1,300",Aug-23
KERRISDALE,STURDEE ROAD,08,Non-Landed Properties,2,"4,500",90 to 100,"900 to 1,000",Aug-23
NON-LANDED HOUSING DEVELOPMENT,HORNE ROAD,08,Non-Landed Properties,NA,"2,700",80 to 90,"900 to 1,000",Aug-23
R66 APARTMENTS,RANGOON ROAD,08,Non-Landed Properties,1,"3,400",40 to 50,400 to 500,Aug-23
NON-LANDED HOUSING DEVELOPMENT,RACE COURSE ROAD,08,Non-Landed Properties,1,"2,190",30 to 40,300 to 400,Aug-23
HONG BUILDING,RANGOON ROAD,08,Non-Landed Properties,NA,"5,000",130 to 140,"1,300 to 1,400",Aug-23
LE SOMME,SOMME ROAD,08,Non-Landed Properties,1,"3,500",80 to 90,"900 to 1,000",Aug-23
CITYSCAPE @FARRER PARK,MERGUI ROAD,08,Non-Landed Properties,3,"5,800",120 to 130,"1,300 to 1,400",Aug-23
CITYSCAPE @FARRER PARK,MERGUI ROAD,08,Non-Landed Properties,2,"4,300",90 to 100,"900 to 1,000",Aug-23
CITYLIGHTS,JELLICOE ROAD,08,Non-Landed Properties,3,"6,500",120 to 130,"1,300 to 1,400",Aug-23
CITY SQUARE RESIDENCES,KITCHENER LINK,08,Non-Landed Properties,2,"4,600",70 to 80,800 to 900,Aug-23
CITY SQUARE RESIDENCES,KITCHENER LINK,08,Non-Landed Properties,3,"5,500",110 to 120,"1,200 to 1,300",Aug-23
CITY SQUARE RESIDENCES,KITCHENER LINK,08,Non-Landed Properties,3,"4,500",110 to 120,"1,200 to 1,300",Aug-23
28 RC SUITES,RACE COURSE LANE,08,Non-Landed Properties,1,"3,000",30 to 40,400 to 500,Aug-23
URBAN LOFTS,RANGOON ROAD,08,Non-Landed Properties,1,"2,800",50 to 60,500 to 600,Aug-23
JOOL SUITES,SING JOO WALK,08,Non-Landed Properties,1,"2,800",30 to 40,300 to 400,Aug-23
KENTISH GREEN,OXFORD ROAD,08,Non-Landed Properties,2,"4,300",100 to 110,"1,000 to 1,100",Aug-23
HERTFORD MANSION,BRISTOL ROAD,08,Non-Landed Properties,NA,"5,000",100 to 110,"1,100 to 1,200",Aug-23
CITY SQUARE RESIDENCES,KITCHENER LINK,08,Non-Landed Properties,3,"6,700",110 to 120,"1,200 to 1,300",Aug-23
NON-LANDED HOUSING DEVELOPMENT,HORNE ROAD,08,Non-Landed Properties,NA,"4,500",80 to 90,"900 to 1,000",Aug-23
CITY SQUARE RESIDENCES,KITCHENER LINK,08,Non-Landed Properties,2,"4,300",80 to 90,800 to 900,Aug-23
PRISTINE HEIGHTS,MERGUI ROAD,08,Non-Landed Properties,3,"4,700",100 to 110,"1,000 to 1,100",Aug-23
CITYLIGHTS,JELLICOE ROAD,08,Non-Landed Properties,1,"4,200",60 to 70,600 to 700,Aug-23
STURDEE RESIDENCES,BEATTY ROAD,08,Non-Landed Properties,3,"6,689",70 to 80,800 to 900,Aug-23
KERRISDALE,STURDEE ROAD,08,Non-Landed Properties,2,"4,800",90 to 100,"900 to 1,000",Aug-23
CAVAN SUITES,CAVAN ROAD,08,Non-Landed Properties,NA,"2,600",30 to 40,300 to 400,Aug-23
CITY SQUARE RESIDENCES,KITCHENER LINK,08,Non-Landed Properties,2,"3,900",80 to 90,800 to 900,Aug-23
STURDEE RESIDENCES,BEATTY ROAD,08,Non-Landed Properties,2,"4,300",60 to 70,600 to 700,Aug-23
CITYLIGHTS,JELLICOE ROAD,08,Non-Landed Properties,1,"4,130",60 to 70,600 to 700,Aug-23
CAVAN SUITES,CAVAN ROAD,08,Non-Landed Properties,NA,"2,700",30 to 40,300 to 400,Aug-23
70@TRURO,TRURO ROAD,08,Non-Landed Properties,3,"4,500",70 to 80,800 to 900,Aug-23
CITY SQUARE RESIDENCES,KITCHENER LINK,08,Non-Landed Properties,3,"6,000",110 to 120,"1,200 to 1,300",Aug-23
CITY SQUARE RESIDENCES,KITCHENER LINK,08,Non-Landed Properties,2,"4,600",70 to 80,800 to 900,Aug-23
OXFORD SUITES,OXFORD ROAD,08,Non-Landed Properties,NA,"4,150",80 to 90,800 to 900,Aug-23
1953,TESSENSOHN ROAD,08,Non-Landed Properties,NA,"3,850",50 to 60,600 to 700,Aug-23
SOHO @ FARRER,RACE COURSE ROAD,08,Non-Landed Properties,1,"2,800",40 to 50,400 to 500,Aug-23
STURDEE RESIDENCES,BEATTY ROAD,08,Non-Landed Properties,2,"4,000",50 to 60,500 to 600,Aug-23
SUITES @ OWEN,OWEN ROAD,08,Non-Landed Properties,1,"3,200",50 to 60,500 to 600,Aug-23
JOOL SUITES,SING JOO WALK,08,Non-Landed Properties,2,"4,000",50 to 60,600 to 700,Aug-23
FORTE SUITES,MERGUI ROAD,08,Non-Landed Properties,1,"3,000",40 to 50,400 to 500,Aug-23
PRISTINE HEIGHTS,MERGUI ROAD,08,Non-Landed Properties,2,"4,200",60 to 70,700 to 800,Aug-23
KERRISDALE,STURDEE ROAD,08,Non-Landed Properties,2,"4,700",90 to 100,"900 to 1,000",Aug-23
NON-LANDED HOUSING DEVELOPMENT,KINTA ROAD,08,Non-Landed Properties,2,"2,750",80 to 90,800 to 900,Aug-23
CITY SQUARE RESIDENCES,KITCHENER LINK,08,Non-Landed Properties,4,"6,900",140 to 150,"1,500 to 1,600",Aug-23
CITYLIGHTS,JELLICOE ROAD,08,Non-Landed Properties,1,"4,200",50 to 60,500 to 600,Aug-23
CITY SQUARE RESIDENCES,KITCHENER LINK,08,Non-Landed Properties,2,"5,000",70 to 80,800 to 900,Aug-23
CITY SQUARE RESIDENCES,KITCHENER LINK,08,Non-Landed Properties,3,"6,600",110 to 120,"1,200 to 1,300",Aug-23
KENT RESIDENCES,KENT ROAD,08,Non-Landed Properties,1,"3,000",30 to 40,400 to 500,Aug-23
SOHO 188,RACE COURSE ROAD,08,Non-Landed Properties,1,"3,000",40 to 50,400 to 500,Aug-23
NON-LANDED HOUSING DEVELOPMENT,BRISTOL ROAD,08,Non-Landed Properties,NA,"4,000",100 to 110,"1,100 to 1,200",Aug-23
HERTFORD MANSION,HERTFORD ROAD,08,Non-Landed Properties,NA,"5,100",100 to 110,"1,100 to 1,200",Aug-23
FORTE SUITES,MERGUI ROAD,08,Non-Landed Properties,1,"2,600",40 to 50,400 to 500,Aug-23
NON-LANDED HOUSING DEVELOPMENT,RACE COURSE ROAD,08,Non-Landed Properties,NA,"2,080",20 to 30,200 to 300,Aug-23
CITY SQUARE RESIDENCES,KITCHENER LINK,08,Non-Landed Properties,3,"5,300",110 to 120,"1,200 to 1,300",Aug-23
1953,TESSENSOHN ROAD,08,Non-Landed Properties,NA,"3,500",50 to 60,500 to 600,Aug-23
OXFORD SUITES,OXFORD ROAD,08,Non-Landed Properties,NA,"4,600",80 to 90,800 to 900,Aug-23
CITY LOFT,RACE COURSE ROAD,08,Non-Landed Properties,1,"3,000",30 to 40,300 to 400,Aug-23
STURDEE RESIDENCES,BEATTY ROAD,08,Non-Landed Properties,2,"5,422",60 to 70,600 to 700,Aug-23
CITY SQUARE RESIDENCES,KITCHENER LINK,08,Non-Landed Properties,4,"7,800",140 to 150,"1,500 to 1,600",Aug-23
CITY SQUARE RESIDENCES,KITCHENER LINK,08,Non-Landed Properties,1,"3,550",50 to 60,500 to 600,Aug-23
HERTFORD COLLECTION,HERTFORD ROAD,08,Non-Landed Properties,NA,"3,600",50 to 60,600 to 700,Aug-23
CITYLIGHTS,JELLICOE ROAD,08,Non-Landed Properties,2,"5,000",80 to 90,"900 to 1,000",Aug-23
UPTOWN @ FARRER,PERUMAL ROAD,08,Non-Landed Properties,3,"5,600",60 to 70,600 to 700,Aug-23
KENTISH COURT,OXFORD ROAD,08,Non-Landed Properties,2,"3,850",90 to 100,"1,000 to 1,100",Aug-23
FORTE SUITES,MERGUI ROAD,08,Non-Landed Properties,2,"4,000",50 to 60,600 to 700,Aug-23
FARRER PARK SUITES,OWEN ROAD,08,Non-Landed Properties,1,"3,000",50 to 60,600 to 700,Aug-23
CITYLIGHTS,JELLICOE ROAD,08,Non-Landed Properties,1,"4,300",60 to 70,600 to 700,Aug-23
NON-LANDED HOUSING DEVELOPMENT,HAMILTON ROAD,08,Non-Landed Properties,NA,"3,500",120 to 130,"1,300 to 1,400",Aug-23
NON-LANDED HOUSING DEVELOPMENT,CARLISLE ROAD,08,Non-Landed Properties,NA,"6,500",100 to 110,"1,000 to 1,100",Aug-23
NON-LANDED HOUSING DEVELOPMENT,BIRCH ROAD,08,Non-Landed Properties,NA,"15,000",120 to 130,"1,300 to 1,400",Aug-23
NON-LANDED HOUSING DEVELOPMENT,BIRCH ROAD,08,Non-Landed Properties,NA,"4,800",20 to 30,300 to 400,Aug-23
NON-LANDED HOUSING DEVELOPMENT,BIRCH ROAD,08,Non-Landed Properties,NA,"4,500",20 to 30,300 to 400,Aug-23
NON-LANDED HOUSING DEVELOPMENT,OWEN ROAD,08,Non-Landed Properties,NA,"3,300",60 to 70,700 to 800,Aug-23
NON-LANDED HOUSING DEVELOPMENT,CHANDER ROAD,08,Non-Landed Properties,NA,"13,000",110 to 120,"1,200 to 1,300",Aug-23
RESIDENCES @ SOMME,PETAIN ROAD,08,Non-Landed Properties,1,"3,700",40 to 50,400 to 500,Aug-23
FORTE SUITES,MERGUI ROAD,08,Non-Landed Properties,2,"3,600",50 to 60,600 to 700,Aug-23
CITY SQUARE RESIDENCES,KITCHENER LINK,08,Non-Landed Properties,3,"5,900",110 to 120,"1,100 to 1,200",Aug-23
NON-LANDED HOUSING DEVELOPMENT,RACE COURSE ROAD,08,Non-Landed Properties,2,"2,648",70 to 80,700 to 800,Aug-23
NON-LANDED HOUSING DEVELOPMENT,RACE COURSE ROAD,08,Non-Landed Properties,NA,"2,185",50 to 60,500 to 600,Aug-23
8 FARRER SUITES,SING JOO WALK,08,Non-Landed Properties,2,"4,400",70 to 80,800 to 900,Aug-23
CITY SQUARE RESIDENCES,KITCHENER LINK,08,Non-Landed Properties,3,"6,800",110 to 120,"1,200 to 1,300",Aug-23
FORTE SUITES,MERGUI ROAD,08,Non-Landed Properties,3,"4,700",50 to 60,600 to 700,Aug-23
CITY SQUARE RESIDENCES,KITCHENER LINK,08,Non-Landed Properties,1,"3,500",50 to 60,500 to 600,Aug-23
STURDEE RESIDENCES,BEATTY ROAD,08,Non-Landed Properties,1,"3,500",30 to 40,400 to 500,Aug-23
BRISTOL LODGE,BRISTOL ROAD,08,Non-Landed Properties,NA,"3,400",90 to 100,"900 to 1,000",Aug-23
SPA BUILDING,VERDUN ROAD,08,Non-Landed Properties,4,"3,393",150 to 160,"1,600 to 1,700",Aug-23
1953,TESSENSOHN ROAD,08,Non-Landed Properties,NA,"5,400",70 to 80,700 to 800,Aug-23
CITYLIGHTS,JELLICOE ROAD,08,Non-Landed Properties,2,"5,000",80 to 90,"900 to 1,000",Aug-23
KENTISH GREEN,OXFORD ROAD,08,Non-Landed Properties,2,"3,500",100 to 110,"1,000 to 1,100",Aug-23
CITY SQUARE RESIDENCES,KITCHENER LINK,08,Non-Landed Properties,2,"4,600",70 to 80,800 to 900,Aug-23
CLYDES RESIDENCE,MERGUI ROAD,08,Non-Landed Properties,3,"5,000",100 to 110,"1,100 to 1,200",Aug-23
HOA NAM BUILDING,FOCH ROAD,08,Non-Landed Properties,2,"3,500",70 to 80,800 to 900,Aug-23
CITYLIGHTS,JELLICOE ROAD,08,Non-Landed Properties,1,"4,100",60 to 70,600 to 700,Aug-23
STURDEE RESIDENCES,BEATTY ROAD,08,Non-Landed Properties,2,"4,300",60 to 70,700 to 800,Aug-23
OXFORD SUITES,OXFORD ROAD,08,Non-Landed Properties,1,"2,900",60 to 70,600 to 700,Aug-23
THE URBANITE,HERTFORD ROAD,08,Non-Landed Properties,2,"3,500",70 to 80,800 to 900,Aug-23
RESIDENCES @ SOMME,PETAIN ROAD,08,Non-Landed Properties,1,"2,800",40 to 50,400 to 500,Aug-23
D'CAMBRIDGE,CAMBRIDGE ROAD,08,Non-Landed Properties,2,"3,400",60 to 70,700 to 800,Aug-23
CITYSCAPE @FARRER PARK,MERGUI ROAD,08,Non-Landed Properties,2,"4,100",90 to 100,"900 to 1,000",Aug-23
FORTE SUITES,MERGUI ROAD,08,Non-Landed Properties,2,"4,500",100 to 110,"1,100 to 1,200",Aug-23
KERRISDALE,STURDEE ROAD,08,Non-Landed Properties,3,"5,800",110 to 120,"1,200 to 1,300",Aug-23
SUITES 123,RANGOON ROAD,08,Non-Landed Properties,1,"3,000",40 to 50,400 to 500,Aug-23
RITZ @ FARRER,RACE COURSE ROAD,08,Non-Landed Properties,2,"4,000",100 to 110,"1,000 to 1,100",Aug-23
STURDEE RESIDENCES,BEATTY ROAD,08,Non-Landed Properties,3,"5,800",90 to 100,"1,000 to 1,100",Aug-23
RANGOON 88,RANGOON ROAD,08,Non-Landed Properties,1,"2,800",40 to 50,400 to 500,Aug-23
KENTISH GREEN,OXFORD ROAD,08,Non-Landed Properties,3,"5,000",120 to 130,"1,300 to 1,400",Aug-23
KENT RESIDENCES,KENT ROAD,08,Non-Landed Properties,NA,"2,200",20 to 30,300 to 400,Aug-23
CITY SQUARE RESIDENCES,KITCHENER LINK,08,Non-Landed Properties,3,"5,200",110 to 120,"1,100 to 1,200",Aug-23
KERRISDALE,STURDEE ROAD,08,Non-Landed Properties,4,"7,800",230 to 240,"2,500 to 2,600",Aug-23
CITY SQUARE RESIDENCES,KITCHENER LINK,08,Non-Landed Properties,2,"4,600",70 to 80,800 to 900,Aug-23
JALAN BESAR PLAZA,KITCHENER ROAD,08,Non-Landed Properties,2,"4,500",80 to 90,"900 to 1,000",Aug-23
28 RC SUITES,RACE COURSE LANE,08,Non-Landed Properties,1,"3,050",30 to 40,400 to 500,Aug-23
CITY SQUARE RESIDENCES,KITCHENER LINK,08,Non-Landed Properties,3,"5,700",110 to 120,"1,200 to 1,300",Aug-23
RESIDENCES @ SOMME,PETAIN ROAD,08,Non-Landed Properties,1,"2,900",50 to 60,500 to 600,Aug-23
STURDEE RESIDENCES,BEATTY ROAD,08,Non-Landed Properties,1,"3,300",30 to 40,400 to 500,Aug-23
CITY SQUARE RESIDENCES,KITCHENER LINK,08,Non-Landed Properties,2,"4,800",80 to 90,800 to 900,Jul-23
CITY STUDIOS,RACE COURSE LANE,08,Non-Landed Properties,1,"2,700",40 to 50,400 to 500,Jul-23
KERRISDALE,STURDEE ROAD,08,Non-Landed Properties,3,"5,600",110 to 120,"1,200 to 1,300",Jul-23
VERDUN HOUSE,VERDUN ROAD,08,Non-Landed Properties,NA,"7,625",120 to 130,"1,300 to 1,400",Jul-23
CITIGATE RESIDENCE,RANGOON ROAD,08,Non-Landed Properties,1,"3,100",40 to 50,500 to 600,Jul-23
CITYLIGHTS,JELLICOE ROAD,08,Non-Landed Properties,3,"6,000",120 to 130,"1,300 to 1,400",Jul-23
NON-LANDED HOUSING DEVELOPMENT,JOO AVENUE,08,Non-Landed Properties,NA,"3,000",80 to 90,800 to 900,Jul-23
CITY LOFT,RACE COURSE ROAD,08,Non-Landed Properties,1,"2,700",30 to 40,300 to 400,Jul-23
CITY SQUARE RESIDENCES,KITCHENER LINK,08,Non-Landed Properties,1,"3,800",50 to 60,500 to 600,Jul-23
CITY SQUARE RESIDENCES,KITCHENER LINK,08,Non-Landed Properties,3,"5,800",110 to 120,"1,200 to 1,300",Jul-23
1953,TESSENSOHN ROAD,08,Non-Landed Properties,NA,"4,000",50 to 60,600 to 700,Jul-23
CITYSCAPE @FARRER PARK,MERGUI ROAD,08,Non-Landed Properties,2,"4,200",100 to 110,"1,000 to 1,100",Jul-23
8 FARRER SUITES,SING JOO WALK,08,Non-Landed Properties,2,"1,800",50 to 60,500 to 600,Jul-23
SOHO 188,RACE COURSE ROAD,08,Non-Landed Properties,1,"3,400",50 to 60,500 to 600,Jul-23
STURDEE RESIDENCES,BEATTY ROAD,08,Non-Landed Properties,1,"3,900",30 to 40,400 to 500,Jul-23
KERRISDALE,STURDEE ROAD,08,Non-Landed Properties,2,"4,800",90 to 100,"900 to 1,000",Jul-23
CITY SQUARE RESIDENCES,KITCHENER LINK,08,Non-Landed Properties,3,"5,900",110 to 120,"1,200 to 1,300",Jul-23
HOA NAM BUILDING,FOCH ROAD,08,Non-Landed Properties,2,"1,900",70 to 80,800 to 900,Jul-23
CITY SQUARE RESIDENCES,KITCHENER LINK,08,Non-Landed Properties,3,"6,000",110 to 120,"1,200 to 1,300",Jul-23
RANGOON 88,RANGOON ROAD,08,Non-Landed Properties,1,"3,100",30 to 40,400 to 500,Jul-23
CITYLIGHTS,JELLICOE ROAD,08,Non-Landed Properties,1,"3,950",50 to 60,500 to 600,Jul-23
70@TRURO,TRURO ROAD,08,Non-Landed Properties,3,"4,000",70 to 80,800 to 900,Jul-23
NON-LANDED HOUSING DEVELOPMENT,SERANGOON ROAD,08,Non-Landed Properties,NA,"5,800",70 to 80,700 to 800,Jul-23
FORTE SUITES,MERGUI ROAD,08,Non-Landed Properties,2,"3,200",60 to 70,600 to 700,Jul-23
KERRISDALE,STURDEE ROAD,08,Non-Landed Properties,3,"4,600",110 to 120,"1,200 to 1,300",Jul-23
STURDEE RESIDENCES,BEATTY ROAD,08,Non-Landed Properties,1,"3,400",30 to 40,400 to 500,Jul-23
CAVAN SUITES,CAVAN ROAD,08,Non-Landed Properties,NA,"3,000",40 to 50,400 to 500,Jul-23
KERRISDALE,STURDEE ROAD,08,Non-Landed Properties,3,"5,600",110 to 120,"1,200 to 1,300",Jul-23
CITY STUDIOS,RACE COURSE LANE,08,Non-Landed Properties,1,"3,000",40 to 50,400 to 500,Jul-23
KERRISDALE,STURDEE ROAD,08,Non-Landed Properties,3,"4,800",110 to 120,"1,200 to 1,300",Jul-23
CITYLIGHTS,JELLICOE ROAD,08,Non-Landed Properties,1,"3,800",50 to 60,500 to 600,Jul-23
CITIGATE RESIDENCE,RANGOON ROAD,08,Non-Landed Properties,2,"3,300",50 to 60,600 to 700,Jul-23
LE SOMME,SOMME ROAD,08,Non-Landed Properties,1,"4,000",110 to 120,"1,200 to 1,300",Jul-23
CITY SQUARE RESIDENCES,KITCHENER LINK,08,Non-Landed Properties,2,"5,400",80 to 90,800 to 900,Jul-23
70@TRURO,TRURO ROAD,08,Non-Landed Properties,3,"4,200",70 to 80,800 to 900,Jul-23
CITY SQUARE RESIDENCES,KITCHENER LINK,08,Non-Landed Properties,3,"4,750",110 to 120,"1,200 to 1,300",Jul-23
CITYLIGHTS,JELLICOE ROAD,08,Non-Landed Properties,3,"5,200",120 to 130,"1,300 to 1,400",Jul-23
CITYSCAPE @FARRER PARK,MERGUI ROAD,08,Non-Landed Properties,2,"4,200",90 to 100,"900 to 1,000",Jul-23
D'CAMBRIDGE,CAMBRIDGE ROAD,08,Non-Landed Properties,2,"3,200",60 to 70,700 to 800,Jul-23
RANGOON 88,RANGOON ROAD,08,Non-Landed Properties,1,"2,900",60 to 70,700 to 800,Jul-23
CITY SQUARE RESIDENCES,KITCHENER LINK,08,Non-Landed Properties,3,"5,800",110 to 120,"1,200 to 1,300",Jul-23
CITYLIGHTS,JELLICOE ROAD,08,Non-Landed Properties,1,"4,000",60 to 70,600 to 700,Jul-23
CITYSCAPE @FARRER PARK,MERGUI ROAD,08,Non-Landed Properties,2,"4,200",100 to 110,"1,000 to 1,100",Jul-23
STURDEE RESIDENCES,BEATTY ROAD,08,Non-Landed Properties,2,"1,810",60 to 70,600 to 700,Jul-23
CITYLIGHTS,JELLICOE ROAD,08,Non-Landed Properties,1,"4,100",50 to 60,500 to 600,Jul-23
CITY SQUARE RESIDENCES,KITCHENER LINK,08,Non-Landed Properties,3,"6,200",110 to 120,"1,200 to 1,300",Jul-23
CITYLIGHTS,JELLICOE ROAD,08,Non-Landed Properties,1,"3,450",50 to 60,500 to 600,Jul-23
JOOL SUITES,SING JOO WALK,08,Non-Landed Properties,1,"1,850",60 to 70,600 to 700,Jul-23
HONG BUILDING,RANGOON ROAD,08,Non-Landed Properties,NA,"5,000",100 to 110,"1,000 to 1,100",Jul-23
NON-LANDED HOUSING DEVELOPMENT,SERANGOON ROAD,08,Non-Landed Properties,NA,"3,000",60 to 70,700 to 800,Jul-23
NON-LANDED HOUSING DEVELOPMENT,SING JOO WALK,08,Non-Landed Properties,NA,"3,800",80 to 90,"900 to 1,000",Jul-23
NON-LANDED HOUSING DEVELOPMENT,JOO AVENUE,08,Non-Landed Properties,NA,"3,300",100 to 110,"1,100 to 1,200",Jul-23
NON-LANDED HOUSING DEVELOPMENT,ROBERTS LANE,08,Non-Landed Properties,NA,"4,900",70 to 80,700 to 800,Jul-23
MERA SPRINGS,CARLISLE ROAD,08,Non-Landed Properties,3,"5,500",120 to 130,"1,200 to 1,300",Jul-23
KERRISDALE,STURDEE ROAD,08,Non-Landed Properties,3,"6,000",110 to 120,"1,200 to 1,300",Jul-23
70@TRURO,TRURO ROAD,08,Non-Landed Properties,3,"4,100",70 to 80,800 to 900,Jul-23
CITYSCAPE @FARRER PARK,MERGUI ROAD,08,Non-Landed Properties,2,"4,200",90 to 100,"900 to 1,000",Jul-23
R66 APARTMENTS,RANGOON ROAD,08,Non-Landed Properties,1,"4,200",40 to 50,500 to 600,Jul-23
CITY SQUARE RESIDENCES,KITCHENER LINK,08,Non-Landed Properties,3,"7,100",110 to 120,"1,200 to 1,300",Jul-23
R66 APARTMENTS,RANGOON ROAD,08,Non-Landed Properties,2,"4,600",100 to 110,"1,100 to 1,200",Jul-23
CITY SQUARE RESIDENCES,KITCHENER LINK,08,Non-Landed Properties,3,"6,050",150 to 160,"1,600 to 1,700",Jul-23
CITY SQUARE RESIDENCES,KITCHENER LINK,08,Non-Landed Properties,3,"5,000",110 to 120,"1,200 to 1,300",Jul-23
URBAN LOFTS,RANGOON ROAD,08,Non-Landed Properties,1,"3,300",30 to 40,400 to 500,Jul-23
STURDEE RESIDENCES,BEATTY ROAD,08,Non-Landed Properties,2,"3,800",50 to 60,500 to 600,Jul-23
70@TRURO,TRURO ROAD,08,Non-Landed Properties,3,"4,300",70 to 80,800 to 900,Jul-23
MERGUI MANSIONS,MERGUI ROAD,08,Non-Landed Properties,3,"3,450",130 to 140,"1,400 to 1,500",Jul-23
CAVAN SUITES,CAVAN ROAD,08,Non-Landed Properties,NA,"2,500",30 to 40,400 to 500,Jul-23
URBAN LOFTS,RANGOON ROAD,08,Non-Landed Properties,1,"3,600",70 to 80,700 to 800,Jul-23
KERRISDALE,STURDEE ROAD,08,Non-Landed Properties,4,"5,000",130 to 140,"1,400 to 1,500",Jul-23
HONG BUILDING,RANGOON ROAD,08,Non-Landed Properties,NA,"4,200",100 to 110,"1,000 to 1,100",Jul-23
CITY SQUARE RESIDENCES,KITCHENER LINK,08,Non-Landed Properties,1,"3,800",50 to 60,500 to 600,Jul-23
VERDUN HOUSE,VERDUN ROAD,08,Non-Landed Properties,NA,"7,625",140 to 150,"1,500 to 1,600",Jul-23
VERDUN HOUSE,VERDUN ROAD,08,Non-Landed Properties,NA,"7,625",140 to 150,"1,500 to 1,600",Jul-23
VERDUN HOUSE,VERDUN ROAD,08,Non-Landed Properties,NA,"7,625",120 to 130,"1,300 to 1,400",Jul-23
VERDUN HOUSE,VERDUN ROAD,08,Non-Landed Properties,NA,"7,625",120 to 130,"1,300 to 1,400",Jul-23
VERDUN HOUSE,VERDUN ROAD,08,Non-Landed Properties,NA,"7,625",120 to 130,"1,300 to 1,400",Jul-23
VERDUN HOUSE,VERDUN ROAD,08,Non-Landed Properties,NA,"7,625",120 to 130,"1,300 to 1,400",Jul-23
VERDUN HOUSE,VERDUN ROAD,08,Non-Landed Properties,NA,"7,625",120 to 130,"1,300 to 1,400",Jul-23
VERDUN HOUSE,VERDUN ROAD,08,Non-Landed Properties,NA,"7,625",160 to 170,"1,700 to 1,800",Jul-23
VERDUN HOUSE,VERDUN ROAD,08,Non-Landed Properties,NA,"7,625",160 to 170,"1,700 to 1,800",Jul-23
VERDUN HOUSE,VERDUN ROAD,08,Non-Landed Properties,NA,"7,625",160 to 170,"1,700 to 1,800",Jul-23
CITY SQUARE RESIDENCES,KITCHENER LINK,08,Non-Landed Properties,3,"6,300",110 to 120,"1,200 to 1,300",Jul-23
STURDEE RESIDENCES,BEATTY ROAD,08,Non-Landed Properties,3,"6,689",70 to 80,800 to 900,Jul-23
SOHO 188,RACE COURSE ROAD,08,Non-Landed Properties,2,"3,900",50 to 60,500 to 600,Jul-23
JOOL SUITES,SING JOO WALK,08,Non-Landed Properties,1,"3,000",30 to 40,300 to 400,Jul-23
THE MERLOT,KENG LEE ROAD,08,Non-Landed Properties,1,"2,800",40 to 50,500 to 600,Jul-23
CITYSCAPE @FARRER PARK,MERGUI ROAD,08,Non-Landed Properties,3,"5,500",120 to 130,"1,300 to 1,400",Jul-23
CLYDES RESIDENCE,MERGUI ROAD,08,Non-Landed Properties,2,"4,300",90 to 100,"1,000 to 1,100",Jul-23
CITYLIGHTS,JELLICOE ROAD,08,Non-Landed Properties,2,"4,850",80 to 90,800 to 900,Jul-23
STURDEE RESIDENCES,BEATTY ROAD,08,Non-Landed Properties,1,"3,650",30 to 40,400 to 500,Jul-23
CITYLIGHTS,JELLICOE ROAD,08,Non-Landed Properties,2,"5,800",80 to 90,"900 to 1,000",Jul-23
CITYLIGHTS,JELLICOE ROAD,08,Non-Landed Properties,2,"4,700",80 to 90,"900 to 1,000",Jul-23
CITY SQUARE RESIDENCES,KITCHENER LINK,08,Non-Landed Properties,2,"4,800",80 to 90,800 to 900,Jul-23
NON-LANDED HOUSING DEVELOPMENT,HAMILTON ROAD,08,Non-Landed Properties,NA,"3,120",110 to 120,"1,200 to 1,300",Jul-23
LOFT @ RANGOON,RANGOON ROAD,08,Non-Landed Properties,1,"2,950",40 to 50,400 to 500,Jul-23
CITYLIGHTS,JELLICOE ROAD,08,Non-Landed Properties,1,"4,300",60 to 70,700 to 800,Jul-23
CITY SQUARE RESIDENCES,KITCHENER LINK,08,Non-Landed Properties,3,"6,300",110 to 120,"1,200 to 1,300",Jul-23
CLYDES RESIDENCE,MERGUI ROAD,08,Non-Landed Properties,2,"4,400",90 to 100,"1,000 to 1,100",Jul-23
UPTOWN @ FARRER,PERUMAL ROAD,08,Non-Landed Properties,2,"3,800",40 to 50,500 to 600,Jul-23
UPTOWN @ FARRER,PERUMAL ROAD,08,Non-Landed Properties,2,"4,000",50 to 60,500 to 600,Jul-23
CITY SQUARE RESIDENCES,KITCHENER LINK,08,Non-Landed Properties,1,"3,800",50 to 60,500 to 600,Jul-23
CITYSCAPE @FARRER PARK,MERGUI ROAD,08,Non-Landed Properties,2,"4,500",100 to 110,"1,000 to 1,100",Jul-23
RANGOON 88,RANGOON ROAD,08,Non-Landed Properties,2,"4,000",90 to 100,"1,000 to 1,100",Jul-23
RANGOON 88,RANGOON ROAD,08,Non-Landed Properties,1,"3,100",40 to 50,400 to 500,Jul-23
CITY SQUARE RESIDENCES,KITCHENER LINK,08,Non-Landed Properties,3,"6,200",110 to 120,"1,200 to 1,300",Jul-23
CITY SQUARE RESIDENCES,KITCHENER LINK,08,Non-Landed Properties,3,"5,800",110 to 120,"1,100 to 1,200",Jul-23
UPTOWN @ FARRER,PERUMAL ROAD,08,Non-Landed Properties,2,"4,100",50 to 60,500 to 600,Jul-23
70@TRURO,TRURO ROAD,08,Non-Landed Properties,3,"4,500",70 to 80,800 to 900,Jul-23
CITYSCAPE @FARRER PARK,MERGUI ROAD,08,Non-Landed Properties,2,"4,400",90 to 100,"900 to 1,000",Jul-23
NON-LANDED HOUSING DEVELOPMENT,RACE COURSE ROAD,08,Non-Landed Properties,NA,"2,150",20 to 30,200 to 300,Jul-23
STURDEE RESIDENCES,BEATTY ROAD,08,Non-Landed Properties,1,"3,300",30 to 40,400 to 500,Jul-23
KENTISH LODGE,OXFORD ROAD,08,Non-Landed Properties,2,"4,200",90 to 100,"900 to 1,000",Jul-23
URBAN LOFTS,RANGOON ROAD,08,Non-Landed Properties,1,"3,000",40 to 50,400 to 500,Jul-23
CAMBRIDGE VILLAGE,CAMBRIDGE ROAD,08,Non-Landed Properties,1,"2,000",40 to 50,400 to 500,Jul-23
NON-LANDED HOUSING DEVELOPMENT,SERANGOON ROAD,08,Non-Landed Properties,3,"4,300",140 to 150,"1,500 to 1,600",Jul-23
STURDEE RESIDENCES,BEATTY ROAD,08,Non-Landed Properties,2,"5,070",60 to 70,600 to 700,Jul-23
28 RC SUITES,RACE COURSE LANE,08,Non-Landed Properties,1,"2,800",30 to 40,400 to 500,Jul-23
CITYLIGHTS,JELLICOE ROAD,08,Non-Landed Properties,1,"4,250",60 to 70,600 to 700,Jul-23
D'CAMBRIDGE,CAMBRIDGE ROAD,08,Non-Landed Properties,2,"3,050",60 to 70,700 to 800,Jul-23
CITYSCAPE @FARRER PARK,MERGUI ROAD,08,Non-Landed Properties,2,"4,000",100 to 110,"1,100 to 1,200",Jul-23
NON-LANDED HOUSING DEVELOPMENT,DICKSON ROAD,08,Non-Landed Properties,NA,"2,800",80 to 90,800 to 900,Jul-23
NON-LANDED HOUSING DEVELOPMENT,CARLISLE ROAD,08,Non-Landed Properties,NA,"1,890",80 to 90,"900 to 1,000",Jul-23
NON-LANDED HOUSING DEVELOPMENT,SERANGOON ROAD,08,Non-Landed Properties,NA,"2,200",60 to 70,700 to 800,Jul-23
NON-LANDED HOUSING DEVELOPMENT,SING JOO WALK,08,Non-Landed Properties,NA,"3,800",120 to 130,"1,300 to 1,400",Jul-23
NON-LANDED HOUSING DEVELOPMENT,RACE COURSE ROAD,08,Non-Landed Properties,1,"2,100",30 to 40,300 to 400,Jul-23
NON-LANDED HOUSING DEVELOPMENT,RACE COURSE ROAD,08,Non-Landed Properties,NA,"2,090",30 to 40,300 to 400,Jul-23
CITY SQUARE RESIDENCES,KITCHENER LINK,08,Non-Landed Properties,3,"6,000",110 to 120,"1,200 to 1,300",Jul-23
CITYSCAPE @FARRER PARK,MERGUI ROAD,08,Non-Landed Properties,2,"4,000",90 to 100,"900 to 1,000",Jul-23
CITYLIGHTS,JELLICOE ROAD,08,Non-Landed Properties,1,"4,000",50 to 60,500 to 600,Jul-23
CITYSCAPE @FARRER PARK,MERGUI ROAD,08,Non-Landed Properties,2,"4,500",90 to 100,"900 to 1,000",Jul-23
CITY SQUARE RESIDENCES,KITCHENER LINK,08,Non-Landed Properties,2,"4,500",80 to 90,800 to 900,Jul-23
KERRISDALE,STURDEE ROAD,08,Non-Landed Properties,3,"5,650",110 to 120,"1,200 to 1,300",Jul-23
RACE COURSE 138,RACE COURSE ROAD,08,Non-Landed Properties,1,"3,000",40 to 50,400 to 500,Jul-23
28 RC SUITES,RACE COURSE LANE,08,Non-Landed Properties,1,"3,000",40 to 50,400 to 500,Jul-23
KERRISDALE,STURDEE ROAD,08,Non-Landed Properties,2,"4,600",90 to 100,"900 to 1,000",Jul-23
OXFORD SUITES,OXFORD ROAD,08,Non-Landed Properties,NA,"4,000",80 to 90,800 to 900,Jul-23
SOHO 188,RACE COURSE ROAD,08,Non-Landed Properties,1,"2,600",40 to 50,400 to 500,Jul-23
70@TRURO,TRURO ROAD,08,Non-Landed Properties,3,"4,100",70 to 80,800 to 900,Jul-23
SOHO 188,RACE COURSE ROAD,08,Non-Landed Properties,1,"3,400",40 to 50,500 to 600,Jul-23
PARC SOMME,SOMME ROAD,08,Non-Landed Properties,1,"2,550",40 to 50,400 to 500,Jul-23
CITYSCAPE @FARRER PARK,MERGUI ROAD,08,Non-Landed Properties,3,"5,800",120 to 130,"1,300 to 1,400",Jul-23
FARRER PARK SUITES,OWEN ROAD,08,Non-Landed Properties,NA,"3,600",40 to 50,400 to 500,Jul-23
CITY SQUARE RESIDENCES,KITCHENER LINK,08,Non-Landed Properties,4,"6,000",130 to 140,"1,400 to 1,500",Jul-23
CAVAN SUITES,CAVAN ROAD,08,Non-Landed Properties,1,"3,000",30 to 40,300 to 400,Jul-23
KERRISDALE,STURDEE ROAD,08,Non-Landed Properties,3,"6,000",110 to 120,"1,200 to 1,300",Jul-23
JALAN BESAR PLAZA,KITCHENER ROAD,08,Non-Landed Properties,2,"4,000",80 to 90,"900 to 1,000",Jul-23
SAM LEONG MANSION,SAM LEONG ROAD,08,Non-Landed Properties,NA,"3,900",90 to 100,"1,000 to 1,100",Jul-23
CITYLIGHTS,JELLICOE ROAD,08,Non-Landed Properties,1,"4,000",60 to 70,600 to 700,Jul-23
FORTE SUITES,MERGUI ROAD,08,Non-Landed Properties,2,"3,650",50 to 60,600 to 700,Jul-23
CITY SQUARE RESIDENCES,KITCHENER LINK,08,Non-Landed Properties,1,"3,600",50 to 60,500 to 600,Jul-23
KERRISDALE,STURDEE ROAD,08,Non-Landed Properties,3,"5,300",110 to 120,"1,200 to 1,300",Jul-23
CITYLIGHTS,JELLICOE ROAD,08,Non-Landed Properties,1,"4,300",60 to 70,600 to 700,Jul-23
CITY SQUARE RESIDENCES,KITCHENER LINK,08,Non-Landed Properties,3,"6,200",150 to 160,"1,600 to 1,700",Jul-23
LOFT @ RANGOON,RANGOON ROAD,08,Non-Landed Properties,1,"3,000",40 to 50,400 to 500,Jul-23
MERGUI MANSIONS,MERGUI ROAD,08,Non-Landed Properties,3,"3,500",120 to 130,"1,300 to 1,400",Jul-23
STURDEE RESIDENCES,BEATTY ROAD,08,Non-Landed Properties,3,"5,350",70 to 80,800 to 900,Jul-23
CITY SQUARE RESIDENCES,KITCHENER LINK,08,Non-Landed Properties,3,"5,300",110 to 120,"1,200 to 1,300",Jul-23
FORTE SUITES,MERGUI ROAD,08,Non-Landed Properties,1,"3,100",40 to 50,400 to 500,Jul-23
NON-LANDED HOUSING DEVELOPMENT,KINTA ROAD,08,Non-Landed Properties,1,"3,100",40 to 50,400 to 500,Jul-23
NON-LANDED HOUSING DEVELOPMENT,KING GEORGE'S AVENUE,08,Non-Landed Properties,NA,"2,000",110 to 120,"1,200 to 1,300",Jul-23
CITY SQUARE RESIDENCES,KITCHENER LINK,08,Non-Landed Properties,3,"5,700",110 to 120,"1,100 to 1,200",Jul-23
STURDEE RESIDENCES,BEATTY ROAD,08,Non-Landed Properties,4,"7,600",120 to 130,"1,300 to 1,400",Jul-23
CITYLIGHTS,JELLICOE ROAD,08,Non-Landed Properties,2,"4,700",80 to 90,"900 to 1,000",Jul-23
RITZ @ FARRER,RACE COURSE ROAD,08,Non-Landed Properties,1,"4,000",50 to 60,500 to 600,Jul-23
KERRISDALE,STURDEE ROAD,08,Non-Landed Properties,4,"6,700",130 to 140,"1,400 to 1,500",Jul-23
CITYSCAPE @FARRER PARK,MERGUI ROAD,08,Non-Landed Properties,2,"6,189",100 to 110,"1,100 to 1,200",Jul-23
CITYLIGHTS,JELLICOE ROAD,08,Non-Landed Properties,2,"5,000",80 to 90,800 to 900,Jun-23
28 RC SUITES,RACE COURSE LANE,08,Non-Landed Properties,1,"3,000",40 to 50,400 to 500,Jun-23
CITY SQUARE RESIDENCES,KITCHENER LINK,08,Non-Landed Properties,1,"3,850",50 to 60,500 to 600,Jun-23
KERRISDALE,STURDEE ROAD,08,Non-Landed Properties,3,"5,600",110 to 120,"1,200 to 1,300",Jun-23
THE MERLOT,KENG LEE ROAD,08,Non-Landed Properties,2,"4,500",80 to 90,800 to 900,Jun-23
CITY SQUARE RESIDENCES,KITCHENER LINK,08,Non-Landed Properties,2,"5,000",80 to 90,800 to 900,Jun-23
RACE COURSE 138,RACE COURSE ROAD,08,Non-Landed Properties,1,"3,000",60 to 70,600 to 700,Jun-23
KERRISDALE,STURDEE ROAD,08,Non-Landed Properties,3,"4,800",110 to 120,"1,200 to 1,300",Jun-23
CITY SQUARE RESIDENCES,KITCHENER LINK,08,Non-Landed Properties,1,"3,800",50 to 60,500 to 600,Jun-23
RESIDENCES @ SOMME,PETAIN ROAD,08,Non-Landed Properties,1,"2,600",30 to 40,400 to 500,Jun-23
STURDEE RESIDENCES,BEATTY ROAD,08,Non-Landed Properties,3,"5,400",70 to 80,800 to 900,Jun-23
MERA SPRINGS,CARLISLE ROAD,08,Non-Landed Properties,3,"6,000",120 to 130,"1,200 to 1,300",Jun-23
MERA SPRINGS,CARLISLE ROAD,08,Non-Landed Properties,3,"6,000",120 to 130,"1,200 to 1,300",Jun-23
CITY SQUARE RESIDENCES,KITCHENER LINK,08,Non-Landed Properties,2,"4,600",70 to 80,800 to 900,Jun-23
KERRISDALE,STURDEE ROAD,08,Non-Landed Properties,3,"5,500",110 to 120,"1,200 to 1,300",Jun-23
CITYLIGHTS,JELLICOE ROAD,08,Non-Landed Properties,1,"3,900",50 to 60,500 to 600,Jun-23
UPTOWN @ FARRER,PERUMAL ROAD,08,Non-Landed Properties,3,"5,100",60 to 70,700 to 800,Jun-23
CITYLIGHTS,JELLICOE ROAD,08,Non-Landed Properties,1,"4,100",60 to 70,600 to 700,Jun-23
CITY SQUARE RESIDENCES,KITCHENER LINK,08,Non-Landed Properties,1,"3,700",50 to 60,500 to 600,Jun-23
CLYDES RESIDENCE,MERGUI ROAD,08,Non-Landed Properties,1,"3,000",50 to 60,500 to 600,Jun-23
HOA NAM BUILDING,FOCH ROAD,08,Non-Landed Properties,2,"3,500",70 to 80,800 to 900,Jun-23
1953,TESSENSOHN ROAD,08,Non-Landed Properties,NA,"3,600",50 to 60,600 to 700,Jun-23
CITYLIGHTS,JELLICOE ROAD,08,Non-Landed Properties,3,"7,200",120 to 130,"1,300 to 1,400",Jun-23
1953,TESSENSOHN ROAD,08,Non-Landed Properties,NA,"3,700",50 to 60,600 to 700,Jun-23
THE MERLOT,KENG LEE ROAD,08,Non-Landed Properties,1,"3,300",40 to 50,500 to 600,Jun-23
CITY SQUARE RESIDENCES,KITCHENER LINK,08,Non-Landed Properties,3,"6,300",110 to 120,"1,200 to 1,300",Jun-23
STURDEE RESIDENCES,BEATTY ROAD,08,Non-Landed Properties,2,"4,978",60 to 70,600 to 700,Jun-23
CITYSCAPE @FARRER PARK,MERGUI ROAD,08,Non-Landed Properties,2,"4,750",100 to 110,"1,100 to 1,200",Jun-23
CITY SQUARE RESIDENCES,KITCHENER LINK,08,Non-Landed Properties,3,"5,200",110 to 120,"1,200 to 1,300",Jun-23
NON-LANDED HOUSING DEVELOPMENT,KITCHENER ROAD,08,Non-Landed Properties,NA,"5,000",70 to 80,800 to 900,Jun-23
MERA SPRINGS,CARLISLE ROAD,08,Non-Landed Properties,3,"4,700",110 to 120,"1,200 to 1,300",Jun-23
STUDIOS @ MARNE,MARNE ROAD,08,Non-Landed Properties,NA,"2,900",50 to 60,500 to 600,Jun-23
UPTOWN @ FARRER,PERUMAL ROAD,08,Non-Landed Properties,3,"5,000",60 to 70,700 to 800,Jun-23
CITYLIGHTS,JELLICOE ROAD,08,Non-Landed Properties,2,"4,600",80 to 90,"900 to 1,000",Jun-23
FORTE SUITES,MERGUI ROAD,08,Non-Landed Properties,2,"4,700",60 to 70,600 to 700,Jun-23
OXFORD SUITES,OXFORD ROAD,08,Non-Landed Properties,NA,"4,100",80 to 90,800 to 900,Jun-23
CITY SQUARE RESIDENCES,KITCHENER LINK,08,Non-Landed Properties,3,"6,500",110 to 120,"1,200 to 1,300",Jun-23
CITYLIGHTS,JELLICOE ROAD,08,Non-Landed Properties,2,"5,200",80 to 90,800 to 900,Jun-23
PRISTINE HEIGHTS,MERGUI ROAD,08,Non-Landed Properties,3,"5,000",70 to 80,800 to 900,Jun-23
THE CITRON RESIDENCES,MARNE ROAD,08,Non-Landed Properties,2,"3,800",60 to 70,600 to 700,Jun-23
70@TRURO,TRURO ROAD,08,Non-Landed Properties,3,"4,100",70 to 80,800 to 900,Jun-23
CITYSCAPE @FARRER PARK,MERGUI ROAD,08,Non-Landed Properties,2,"4,500",90 to 100,"900 to 1,000",Jun-23
PRISTINE HEIGHTS,MERGUI ROAD,08,Non-Landed Properties,2,"3,600",60 to 70,700 to 800,Jun-23
STURDEE RESIDENCES,BEATTY ROAD,08,Non-Landed Properties,1,"3,700",30 to 40,400 to 500,Jun-23
STURDEE RESIDENCES,BEATTY ROAD,08,Non-Landed Properties,2,"4,000",60 to 70,600 to 700,Jun-23
FORTE SUITES,MERGUI ROAD,08,Non-Landed Properties,2,"3,600",50 to 60,600 to 700,Jun-23
OXFORD SUITES,OXFORD ROAD,08,Non-Landed Properties,1,"3,500",60 to 70,600 to 700,Jun-23
CAMBRIDGE VILLAGE,CAMBRIDGE ROAD,08,Non-Landed Properties,4,"5,300",140 to 150,"1,500 to 1,600",Jun-23
STURDEE RESIDENCES,BEATTY ROAD,08,Non-Landed Properties,3,"5,500",70 to 80,800 to 900,Jun-23
CITYLIGHTS,JELLICOE ROAD,08,Non-Landed Properties,2,"5,200",80 to 90,800 to 900,Jun-23
CITYLIGHTS,JELLICOE ROAD,08,Non-Landed Properties,1,"4,300",60 to 70,600 to 700,Jun-23
1953,TESSENSOHN ROAD,08,Non-Landed Properties,NA,"4,100",50 to 60,600 to 700,Jun-23
KENTISH COURT,OXFORD ROAD,08,Non-Landed Properties,2,"3,400",100 to 110,"1,000 to 1,100",Jun-23
KERRISDALE,STURDEE ROAD,08,Non-Landed Properties,3,"5,500",110 to 120,"1,200 to 1,300",Jun-23
FORTE SUITES,MERGUI ROAD,08,Non-Landed Properties,1,"2,800",40 to 50,400 to 500,Jun-23
KERRISDALE,STURDEE ROAD,08,Non-Landed Properties,2,"5,600",90 to 100,"900 to 1,000",Jun-23
CITY SQUARE RESIDENCES,KITCHENER LINK,08,Non-Landed Properties,2,"5,500",80 to 90,800 to 900,Jun-23
FORTE SUITES,MERGUI ROAD,08,Non-Landed Properties,2,"5,500",100 to 110,"1,100 to 1,200",Jun-23
CITY LOFT,RACE COURSE ROAD,08,Non-Landed Properties,1,"2,800",30 to 40,300 to 400,Jun-23
CITYLIGHTS,JELLICOE ROAD,08,Non-Landed Properties,2,"5,200",80 to 90,"900 to 1,000",Jun-23
KERRISDALE,STURDEE ROAD,08,Non-Landed Properties,3,"5,800",110 to 120,"1,200 to 1,300",Jun-23
1953,TESSENSOHN ROAD,08,Non-Landed Properties,NA,"3,700",50 to 60,600 to 700,Jun-23
CITYLIGHTS,JELLICOE ROAD,08,Non-Landed Properties,1,"3,900",50 to 60,500 to 600,Jun-23
CITY SQUARE RESIDENCES,KITCHENER LINK,08,Non-Landed Properties,2,"4,800",80 to 90,800 to 900,Jun-23
RANGOON 88,RANGOON ROAD,08,Non-Landed Properties,1,"3,100",60 to 70,700 to 800,Jun-23
CITY SQUARE RESIDENCES,KITCHENER LINK,08,Non-Landed Properties,2,"4,300",80 to 90,800 to 900,Jun-23
CITYLIGHTS,JELLICOE ROAD,08,Non-Landed Properties,2,"4,700",80 to 90,800 to 900,Jun-23
NON-LANDED HOUSING DEVELOPMENT,CARLISLE ROAD,08,Non-Landed Properties,NA,"1,890",80 to 90,"900 to 1,000",Jun-23
NON-LANDED HOUSING DEVELOPMENT,TRURO ROAD,08,Non-Landed Properties,NA,"5,500",100 to 110,"1,100 to 1,200",Jun-23
NON-LANDED HOUSING DEVELOPMENT,UPPER WELD ROAD,08,Non-Landed Properties,NA,"4,500",120 to 130,"1,200 to 1,300",Jun-23
GOODLAND BUILDING,ROBERTS LANE,08,Non-Landed Properties,2,"3,200",80 to 90,800 to 900,Jun-23
CITY SQUARE RESIDENCES,KITCHENER LINK,08,Non-Landed Properties,3,"6,700",110 to 120,"1,200 to 1,300",Jun-23
CITY SQUARE RESIDENCES,KITCHENER LINK,08,Non-Landed Properties,1,"3,800",50 to 60,500 to 600,Jun-23
CITYSCAPE @FARRER PARK,MERGUI ROAD,08,Non-Landed Properties,2,"4,350",90 to 100,"900 to 1,000",Jun-23
STUDIOS @ MARNE,MARNE ROAD,08,Non-Landed Properties,NA,"3,000",40 to 50,500 to 600,Jun-23
CITYLIGHTS,JELLICOE ROAD,08,Non-Landed Properties,3,"7,300",130 to 140,"1,400 to 1,500",Jun-23
CITYSCAPE @FARRER PARK,MERGUI ROAD,08,Non-Landed Properties,3,"5,300",110 to 120,"1,200 to 1,300",Jun-23
CITY SQUARE RESIDENCES,KITCHENER LINK,08,Non-Landed Properties,3,"6,400",110 to 120,"1,200 to 1,300",Jun-23
R66 APARTMENTS,RANGOON ROAD,08,Non-Landed Properties,1,"3,600",40 to 50,500 to 600,Jun-23
STURDEE RESIDENCES,BEATTY ROAD,08,Non-Landed Properties,2,"4,100",60 to 70,600 to 700,Jun-23
KERRISDALE,STURDEE ROAD,08,Non-Landed Properties,3,"6,000",110 to 120,"1,200 to 1,300",Jun-23
JOOL SUITES,SING JOO WALK,08,Non-Landed Properties,2,"4,900",90 to 100,"900 to 1,000",Jun-23
RITZ @ FARRER,RACE COURSE ROAD,08,Non-Landed Properties,2,"4,200",70 to 80,800 to 900,Jun-23
STURDEE RESIDENCES,BEATTY ROAD,08,Non-Landed Properties,2,"3,700",50 to 60,500 to 600,Jun-23
CITY SQUARE RESIDENCES,KITCHENER LINK,08,Non-Landed Properties,2,"4,700",70 to 80,800 to 900,Jun-23
VANADIUM,HERTFORD ROAD,08,Non-Landed Properties,3,"5,200",90 to 100,"1,000 to 1,100",Jun-23
NON-LANDED HOUSING DEVELOPMENT,TYRWHITT ROAD,08,Non-Landed Properties,NA,"6,500",80 to 90,800 to 900,Jun-23
CITYSCAPE @FARRER PARK,MERGUI ROAD,08,Non-Landed Properties,2,"4,700",100 to 110,"1,100 to 1,200",Jun-23
PARC SOMME,SOMME ROAD,08,Non-Landed Properties,1,"3,600",30 to 40,300 to 400,Jun-23
FORTE SUITES,MERGUI ROAD,08,Non-Landed Properties,2,"4,200",60 to 70,600 to 700,Jun-23
MERA SPRINGS,CARLISLE ROAD,08,Non-Landed Properties,4,"6,600",140 to 150,"1,500 to 1,600",Jun-23
CITYSCAPE @FARRER PARK,MERGUI ROAD,08,Non-Landed Properties,2,"4,700",90 to 100,"900 to 1,000",Jun-23
NON-LANDED HOUSING DEVELOPMENT,CAMBRIDGE ROAD,08,Non-Landed Properties,NA,"4,400",70 to 80,800 to 900,Jun-23
JOOL SUITES,SING JOO WALK,08,Non-Landed Properties,1,"2,900",30 to 40,400 to 500,Jun-23
CITYSCAPE @FARRER PARK,MERGUI ROAD,08,Non-Landed Properties,2,"4,250",90 to 100,"900 to 1,000",Jun-23
CITY SQUARE RESIDENCES,KITCHENER LINK,08,Non-Landed Properties,3,"6,200",110 to 120,"1,200 to 1,300",Jun-23
CITYSCAPE @FARRER PARK,MERGUI ROAD,08,Non-Landed Properties,2,"4,500",100 to 110,"1,000 to 1,100",Jun-23
CITY SQUARE RESIDENCES,KITCHENER LINK,08,Non-Landed Properties,1,"3,380",50 to 60,500 to 600,Jun-23
PARC SOMME,SOMME ROAD,08,Non-Landed Properties,2,"2,200",60 to 70,600 to 700,Jun-23
CITYSCAPE @FARRER PARK,MERGUI ROAD,08,Non-Landed Properties,2,"4,500",100 to 110,"1,100 to 1,200",Jun-23
KERRISDALE,STURDEE ROAD,08,Non-Landed Properties,2,"4,200",90 to 100,"900 to 1,000",Jun-23
KENTISH GREEN,OXFORD ROAD,08,Non-Landed Properties,2,"4,500",100 to 110,"1,000 to 1,100",Jun-23
FORTE SUITES,MERGUI ROAD,08,Non-Landed Properties,2,"4,300",50 to 60,600 to 700,Jun-23
KERRISDALE,STURDEE ROAD,08,Non-Landed Properties,3,"4,500",110 to 120,"1,200 to 1,300",Jun-23
KERRISDALE,STURDEE ROAD,08,Non-Landed Properties,3,"5,750",110 to 120,"1,200 to 1,300",Jun-23
CITY SQUARE RESIDENCES,KITCHENER LINK,08,Non-Landed Properties,3,"5,500",110 to 120,"1,200 to 1,300",Jun-23
CITY LOFT,RACE COURSE ROAD,08,Non-Landed Properties,1,"2,800",30 to 40,300 to 400,Jun-23
1953,TESSENSOHN ROAD,08,Non-Landed Properties,NA,"3,300",50 to 60,500 to 600,Jun-23
CITYSCAPE @FARRER PARK,MERGUI ROAD,08,Non-Landed Properties,3,"5,000",120 to 130,"1,300 to 1,400",Jun-23
JOOL SUITES,SING JOO WALK,08,Non-Landed Properties,1,"3,000",40 to 50,400 to 500,Jun-23
THE BLISS,RACE COURSE ROAD,08,Non-Landed Properties,2,"4,300",60 to 70,600 to 700,Jun-23
MERA SPRINGS,CARLISLE ROAD,08,Non-Landed Properties,3,"5,750",120 to 130,"1,200 to 1,300",Jun-23
RACE COURSE 138,RACE COURSE ROAD,08,Non-Landed Properties,3,"5,000",130 to 140,"1,400 to 1,500",Jun-23
CITYLIGHTS,JELLICOE ROAD,08,Non-Landed Properties,1,"3,800",50 to 60,500 to 600,Jun-23
NON-LANDED HOUSING DEVELOPMENT,CHANDER ROAD,08,Non-Landed Properties,NA,"3,100",60 to 70,600 to 700,Jun-23
NON-LANDED HOUSING DEVELOPMENT,HORNE ROAD,08,Non-Landed Properties,NA,"5,500",80 to 90,"900 to 1,000",Jun-23
NON-LANDED HOUSING DEVELOPMENT,SERANGOON ROAD,08,Non-Landed Properties,3,"3,000",140 to 150,"1,500 to 1,600",Jun-23
CITY SQUARE RESIDENCES,KITCHENER LINK,08,Non-Landed Properties,3,"6,500",110 to 120,"1,200 to 1,300",Jun-23
STURDEE RESIDENCES,BEATTY ROAD,08,Non-Landed Properties,1,"3,300",30 to 40,400 to 500,Jun-23
NON-LANDED HOUSING DEVELOPMENT,HAMILTON ROAD,08,Non-Landed Properties,NA,"4,500",110 to 120,"1,200 to 1,300",Jun-23
NON-LANDED HOUSING DEVELOPMENT,RACE COURSE ROAD,08,Non-Landed Properties,1,"2,150",30 to 40,300 to 400,Jun-23
SOHO @ FARRER,RACE COURSE ROAD,08,Non-Landed Properties,1,"2,750",40 to 50,400 to 500,Jun-23
CITY SQUARE RESIDENCES,KITCHENER LINK,08,Non-Landed Properties,1,"3,600",50 to 60,500 to 600,Jun-23
1953,TESSENSOHN ROAD,08,Non-Landed Properties,NA,"3,800",50 to 60,600 to 700,Jun-23
CITY SQUARE RESIDENCES,KITCHENER LINK,08,Non-Landed Properties,2,"5,000",70 to 80,800 to 900,Jun-23
THE URBANITE,HERTFORD ROAD,08,Non-Landed Properties,2,"3,300",50 to 60,600 to 700,Jun-23
RANGOON VIEW,RANGOON ROAD,08,Non-Landed Properties,3,"4,000",120 to 130,"1,300 to 1,400",Jun-23
STUDIOS @ MARNE,MARNE ROAD,08,Non-Landed Properties,NA,"2,500",40 to 50,500 to 600,Jun-23
CITY SQUARE RESIDENCES,KITCHENER LINK,08,Non-Landed Properties,2,"4,500",80 to 90,800 to 900,Jun-23
UPTOWN @ FARRER,PERUMAL ROAD,08,Non-Landed Properties,2,"4,000",50 to 60,500 to 600,Jun-23
THE URBANITE,HERTFORD ROAD,08,Non-Landed Properties,1,"3,000",40 to 50,400 to 500,Jun-23
STURDEE VIEW,STURDEE ROAD,08,Non-Landed Properties,3,"4,500",130 to 140,"1,400 to 1,500",Jun-23
CITY SQUARE RESIDENCES,KITCHENER LINK,08,Non-Landed Properties,2,"4,000",70 to 80,800 to 900,Jun-23
NON-LANDED HOUSING DEVELOPMENT,HERTFORD ROAD,08,Non-Landed Properties,NA,"7,000",180 to 190,"1,900 to 2,000",Jun-23
OXFORD SUITES,OXFORD ROAD,08,Non-Landed Properties,NA,"4,200",80 to 90,800 to 900,May-23
CITYLIGHTS,JELLICOE ROAD,08,Non-Landed Properties,1,"4,500",60 to 70,600 to 700,May-23
STURDEE RESIDENCES,BEATTY ROAD,08,Non-Landed Properties,1,"4,107",30 to 40,400 to 500,May-23
TYRWHITT 139,TYRWHITT ROAD,08,Non-Landed Properties,1,"2,600",30 to 40,300 to 400,May-23
CARLYX RESIDENCE,CARLISLE ROAD,08,Non-Landed Properties,1,"3,000",50 to 60,500 to 600,May-23
LOFT @ RANGOON,RANGOON ROAD,08,Non-Landed Properties,1,"2,300",30 to 40,400 to 500,May-23
RITZ @ FARRER,RACE COURSE ROAD,08,Non-Landed Properties,3,"4,200",70 to 80,700 to 800,May-23
CITYLIGHTS,JELLICOE ROAD,08,Non-Landed Properties,3,"5,700",130 to 140,"1,400 to 1,500",May-23
CITYLIGHTS,JELLICOE ROAD,08,Non-Landed Properties,3,"6,100",120 to 130,"1,300 to 1,400",May-23
HERTFORD COLLECTION,HERTFORD ROAD,08,Non-Landed Properties,2,"4,650",100 to 110,"1,100 to 1,200",May-23
CITYLIGHTS,JELLICOE ROAD,08,Non-Landed Properties,3,"7,200",120 to 130,"1,300 to 1,400",May-23
KENT RESIDENCES,KENT ROAD,08,Non-Landed Properties,1,"3,300",50 to 60,500 to 600,May-23
SOHO 188,RACE COURSE ROAD,08,Non-Landed Properties,1,"3,300",60 to 70,600 to 700,May-23
LOFT @ RANGOON,RANGOON ROAD,08,Non-Landed Properties,2,"4,300",70 to 80,800 to 900,May-23
CITY SQUARE RESIDENCES,KITCHENER LINK,08,Non-Landed Properties,1,"3,600",50 to 60,500 to 600,May-23
CITYSCAPE @FARRER PARK,MERGUI ROAD,08,Non-Landed Properties,2,"4,500",90 to 100,"900 to 1,000",May-23
BLISS REGALIA,SING AVENUE,08,Non-Landed Properties,2,"3,700",80 to 90,"900 to 1,000",May-23
STURDEE RESIDENCES,BEATTY ROAD,08,Non-Landed Properties,1,"3,800",30 to 40,400 to 500,May-23
CAVAN SUITES,CAVAN ROAD,08,Non-Landed Properties,NA,"2,800",30 to 40,400 to 500,May-23
CITY SQUARE RESIDENCES,KITCHENER LINK,08,Non-Landed Properties,4,"7,500",140 to 150,"1,500 to 1,600",May-23
FORTE SUITES,MERGUI ROAD,08,Non-Landed Properties,2,"3,700",60 to 70,600 to 700,May-23
UPTOWN @ FARRER,PERUMAL ROAD,08,Non-Landed Properties,3,"5,200",60 to 70,700 to 800,May-23
NON-LANDED HOUSING DEVELOPMENT,HAMILTON ROAD,08,Non-Landed Properties,NA,"3,200",130 to 140,"1,300 to 1,400",May-23
NON-LANDED HOUSING DEVELOPMENT,SERANGOON ROAD,08,Non-Landed Properties,NA,"4,300",60 to 70,700 to 800,May-23
NON-LANDED HOUSING DEVELOPMENT,HAMILTON ROAD,08,Non-Landed Properties,NA,"4,500",130 to 140,"1,300 to 1,400",May-23
CITYSCAPE @FARRER PARK,MERGUI ROAD,08,Non-Landed Properties,2,"4,500",90 to 100,"900 to 1,000",May-23
NON-LANDED HOUSING DEVELOPMENT,SERANGOON ROAD,08,Non-Landed Properties,NA,"4,800",60 to 70,700 to 800,May-23
HOA NAM BUILDING,FOCH ROAD,08,Non-Landed Properties,2,"1,450",70 to 80,800 to 900,May-23
STURDEE RESIDENCES,BEATTY ROAD,08,Non-Landed Properties,3,"5,300",90 to 100,"1,000 to 1,100",May-23
CITY SQUARE RESIDENCES,KITCHENER LINK,08,Non-Landed Properties,2,"5,200",70 to 80,800 to 900,May-23
CITYLIGHTS,JELLICOE ROAD,08,Non-Landed Properties,2,"4,500",80 to 90,"900 to 1,000",May-23
FORTE SUITES,MERGUI ROAD,08,Non-Landed Properties,2,"4,000",50 to 60,600 to 700,May-23
SUITES 123,RANGOON ROAD,08,Non-Landed Properties,1,"3,000",40 to 50,400 to 500,May-23
28 RC SUITES,RACE COURSE LANE,08,Non-Landed Properties,1,"4,000",40 to 50,400 to 500,May-23
CITYSCAPE @FARRER PARK,MERGUI ROAD,08,Non-Landed Properties,3,"6,000",120 to 130,"1,300 to 1,400",May-23
KERRISDALE,STURDEE ROAD,08,Non-Landed Properties,3,"6,000",110 to 120,"1,200 to 1,300",May-23
STUDIOS @ MARNE,MARNE ROAD,08,Non-Landed Properties,NA,"3,000",50 to 60,500 to 600,May-23
CITY SQUARE RESIDENCES,KITCHENER LINK,08,Non-Landed Properties,2,"4,300",80 to 90,800 to 900,May-23
TYRWHITT 139,TYRWHITT ROAD,08,Non-Landed Properties,1,"2,350",30 to 40,300 to 400,May-23
JOOL SUITES,SING JOO WALK,08,Non-Landed Properties,1,"3,100",30 to 40,400 to 500,May-23
CITYLIGHTS,JELLICOE ROAD,08,Non-Landed Properties,1,"4,500",60 to 70,600 to 700,May-23
KERRISDALE,STURDEE ROAD,08,Non-Landed Properties,3,"7,000",110 to 120,"1,200 to 1,300",May-23
FORTE SUITES,MERGUI ROAD,08,Non-Landed Properties,2,"3,600",50 to 60,600 to 700,May-23
CITYLIGHTS,JELLICOE ROAD,08,Non-Landed Properties,1,"4,000",50 to 60,500 to 600,May-23
CITY SQUARE RESIDENCES,KITCHENER LINK,08,Non-Landed Properties,4,"5,700",140 to 150,"1,500 to 1,600",May-23
NON-LANDED HOUSING DEVELOPMENT,RACE COURSE ROAD,08,Non-Landed Properties,NA,"2,080",20 to 30,200 to 300,May-23
NON-LANDED HOUSING DEVELOPMENT,FLANDERS SQUARE,08,Non-Landed Properties,NA,"3,500",90 to 100,"900 to 1,000",May-23
28 RC SUITES,RACE COURSE LANE,08,Non-Landed Properties,1,"2,850",30 to 40,400 to 500,May-23
SOHO 188,RACE COURSE ROAD,08,Non-Landed Properties,1,"3,350",30 to 40,400 to 500,May-23
CITYLIGHTS,JELLICOE ROAD,08,Non-Landed Properties,1,"3,850",50 to 60,500 to 600,May-23
CITY SQUARE RESIDENCES,KITCHENER LINK,08,Non-Landed Properties,1,"3,800",50 to 60,500 to 600,May-23
CITY SQUARE RESIDENCES,KITCHENER LINK,08,Non-Landed Properties,1,"3,700",50 to 60,500 to 600,May-23
CITY SQUARE RESIDENCES,KITCHENER LINK,08,Non-Landed Properties,3,"6,000",110 to 120,"1,100 to 1,200",May-23
MERA SPRINGS,CARLISLE ROAD,08,Non-Landed Properties,3,"6,600",130 to 140,"1,400 to 1,500",May-23
CITY SQUARE RESIDENCES,KITCHENER LINK,08,Non-Landed Properties,1,"4,000",50 to 60,500 to 600,May-23
CITYLIGHTS,JELLICOE ROAD,08,Non-Landed Properties,1,"4,300",60 to 70,700 to 800,May-23
TYRWHITT 139,TYRWHITT ROAD,08,Non-Landed Properties,1,"2,500",40 to 50,400 to 500,May-23
FORTE SUITES,MERGUI ROAD,08,Non-Landed Properties,2,"3,700",60 to 70,600 to 700,May-23
STURDEE RESIDENCES,BEATTY ROAD,08,Non-Landed Properties,2,"4,400",60 to 70,600 to 700,May-23
STURDEE RESIDENCES,BEATTY ROAD,08,Non-Landed Properties,1,"3,500",30 to 40,400 to 500,May-23
CITY SQUARE RESIDENCES,KITCHENER LINK,08,Non-Landed Properties,4,"5,500",140 to 150,"1,500 to 1,600",May-23
R66 APARTMENTS,RANGOON ROAD,08,Non-Landed Properties,1,"3,200",50 to 60,500 to 600,May-23
CITY SQUARE RESIDENCES,KITCHENER LINK,08,Non-Landed Properties,3,"6,000",110 to 120,"1,100 to 1,200",May-23
NON-LANDED HOUSING DEVELOPMENT,RACE COURSE ROAD,08,Non-Landed Properties,NA,"20,000",550 to 560,"6,000 to 6,100",May-23
CITY SQUARE RESIDENCES,KITCHENER LINK,08,Non-Landed Properties,2,"4,700",70 to 80,800 to 900,May-23
NON-LANDED HOUSING DEVELOPMENT,RANGOON ROAD,08,Non-Landed Properties,NA,"3,500",80 to 90,800 to 900,May-23
THE MERLOT,KENG LEE ROAD,08,Non-Landed Properties,2,"3,500",80 to 90,800 to 900,May-23
CITY SQUARE RESIDENCES,KITCHENER LINK,08,Non-Landed Properties,1,"4,000",50 to 60,500 to 600,May-23
CITY SQUARE RESIDENCES,KITCHENER LINK,08,Non-Landed Properties,3,"6,000",110 to 120,"1,200 to 1,300",May-23
CITY SQUARE RESIDENCES,KITCHENER LINK,08,Non-Landed Properties,1,"3,700",50 to 60,500 to 600,May-23
THE CITRON RESIDENCES,MARNE ROAD,08,Non-Landed Properties,2,"4,300",60 to 70,700 to 800,May-23
STURDEE RESIDENCES,BEATTY ROAD,08,Non-Landed Properties,2,"4,400",60 to 70,600 to 700,May-23
FORTE SUITES,MERGUI ROAD,08,Non-Landed Properties,3,"4,800",50 to 60,600 to 700,May-23
CITY SQUARE RESIDENCES,KITCHENER LINK,08,Non-Landed Properties,2,"3,700",80 to 90,800 to 900,May-23
CITYLIGHTS,JELLICOE ROAD,08,Non-Landed Properties,2,"5,000",80 to 90,800 to 900,May-23
STURDEE RESIDENCES,BEATTY ROAD,08,Non-Landed Properties,1,"4,107",30 to 40,400 to 500,May-23
CITYSCAPE @FARRER PARK,MERGUI ROAD,08,Non-Landed Properties,2,"4,600",90 to 100,"900 to 1,000",May-23
CITY SQUARE RESIDENCES,KITCHENER LINK,08,Non-Landed Properties,3,"7,000",110 to 120,"1,100 to 1,200",May-23
CAVAN SUITES,CAVAN ROAD,08,Non-Landed Properties,NA,"2,500",30 to 40,300 to 400,May-23
1953,TESSENSOHN ROAD,08,Non-Landed Properties,NA,"4,900",80 to 90,800 to 900,May-23
CITY SQUARE RESIDENCES,KITCHENER LINK,08,Non-Landed Properties,1,"3,700",50 to 60,500 to 600,May-23
FORTE SUITES,MERGUI ROAD,08,Non-Landed Properties,3,"3,700",50 to 60,600 to 700,May-23
SUITES @ OWEN,OWEN ROAD,08,Non-Landed Properties,1,"3,100",40 to 50,500 to 600,May-23
CITY SQUARE RESIDENCES,KITCHENER LINK,08,Non-Landed Properties,2,"4,500",70 to 80,800 to 900,May-23
KENTISH GREEN,OXFORD ROAD,08,Non-Landed Properties,2,"4,500",100 to 110,"1,000 to 1,100",May-23
CITYLIGHTS,JELLICOE ROAD,08,Non-Landed Properties,4,"9,200",170 to 180,"1,800 to 1,900",May-23
CITYLIGHTS,JELLICOE ROAD,08,Non-Landed Properties,1,"4,150",60 to 70,600 to 700,May-23
CITY SQUARE RESIDENCES,KITCHENER LINK,08,Non-Landed Properties,3,"6,100",110 to 120,"1,200 to 1,300",May-23
28 RC SUITES,RACE COURSE LANE,08,Non-Landed Properties,1,"2,800",40 to 50,400 to 500,May-23
TYRWHITT 139,TYRWHITT ROAD,08,Non-Landed Properties,1,"3,100",40 to 50,500 to 600,May-23
CITYLIGHTS,JELLICOE ROAD,08,Non-Landed Properties,2,"5,000",80 to 90,800 to 900,May-23
RACE COURSE MANSION,RACE COURSE ROAD,08,Non-Landed Properties,3,"3,700",100 to 110,"1,000 to 1,100",May-23
RANGOON COURT,RANGOON ROAD,08,Non-Landed Properties,3,"4,800",140 to 150,"1,500 to 1,600",May-23
STURDEE RESIDENCES,BEATTY ROAD,08,Non-Landed Properties,1,"3,650",30 to 40,400 to 500,May-23
CITY SQUARE RESIDENCES,KITCHENER LINK,08,Non-Landed Properties,4,"6,250",140 to 150,"1,500 to 1,600",May-23
WISMA M.T.F.A.,ROBERTS LANE,08,Non-Landed Properties,3,"5,800",90 to 100,"900 to 1,000",May-23
1953,TESSENSOHN ROAD,08,Non-Landed Properties,NA,"4,100",50 to 60,600 to 700,May-23
CITYLIGHTS,JELLICOE ROAD,08,Non-Landed Properties,3,"4,700",120 to 130,"1,300 to 1,400",May-23
CITY SQUARE RESIDENCES,KITCHENER LINK,08,Non-Landed Properties,1,"3,100",50 to 60,500 to 600,May-23
TYRWHITT 139,TYRWHITT ROAD,08,Non-Landed Properties,1,"3,350",30 to 40,300 to 400,May-23
8 FARRER SUITES,SING JOO WALK,08,Non-Landed Properties,2,"5,000",100 to 110,"1,000 to 1,100",May-23
CITYLIGHTS,JELLICOE ROAD,08,Non-Landed Properties,3,"7,000",130 to 140,"1,400 to 1,500",May-23
CITYSCAPE @FARRER PARK,MERGUI ROAD,08,Non-Landed Properties,2,"4,050",100 to 110,"1,100 to 1,200",May-23
28 RC SUITES,RACE COURSE LANE,08,Non-Landed Properties,1,"3,000",40 to 50,400 to 500,May-23
CITYLIGHTS,JELLICOE ROAD,08,Non-Landed Properties,1,"3,800",50 to 60,500 to 600,May-23
KERRISDALE,STURDEE ROAD,08,Non-Landed Properties,4,"6,800",220 to 230,"2,300 to 2,400",May-23
CITYSCAPE @FARRER PARK,MERGUI ROAD,08,Non-Landed Properties,2,"4,700",90 to 100,"900 to 1,000",May-23
KENG LEE COURT,KENG LEE ROAD,08,Non-Landed Properties,1,"2,600",40 to 50,400 to 500,May-23
NON-LANDED HOUSING DEVELOPMENT,CARLISLE ROAD,08,Non-Landed Properties,NA,"1,890",80 to 90,"900 to 1,000",May-23
NON-LANDED HOUSING DEVELOPMENT,FLANDERS SQUARE,08,Non-Landed Properties,NA,"4,500",90 to 100,"900 to 1,000",May-23
JALAN BESAR PLAZA,KITCHENER ROAD,08,Non-Landed Properties,2,"4,000",80 to 90,"900 to 1,000",May-23
CITY SQUARE RESIDENCES,KITCHENER LINK,08,Non-Landed Properties,2,"4,600",70 to 80,800 to 900,May-23
NON-LANDED HOUSING DEVELOPMENT,CARLISLE ROAD,08,Non-Landed Properties,NA,"1,890",80 to 90,"900 to 1,000",May-23
NON-LANDED HOUSING DEVELOPMENT,TRURO ROAD,08,Non-Landed Properties,NA,"4,200",80 to 90,"900 to 1,000",May-23
NON-LANDED HOUSING DEVELOPMENT,RANGOON ROAD,08,Non-Landed Properties,NA,"3,000",60 to 70,700 to 800,May-23
28 RC SUITES,RACE COURSE LANE,08,Non-Landed Properties,1,"2,800",40 to 50,400 to 500,May-23
NON-LANDED HOUSING DEVELOPMENT,RACE COURSE ROAD,08,Non-Landed Properties,1,"2,600",130 to 140,"1,400 to 1,500",May-23
NON-LANDED HOUSING DEVELOPMENT,RANGOON ROAD,08,Non-Landed Properties,NA,"5,500",120 to 130,"1,300 to 1,400",May-23
NON-LANDED HOUSING DEVELOPMENT,FLANDERS SQUARE,08,Non-Landed Properties,NA,"3,500",90 to 100,"900 to 1,000",May-23
CITY SQUARE RESIDENCES,KITCHENER LINK,08,Non-Landed Properties,2,"4,350",70 to 80,800 to 900,May-23
PRISTINE HEIGHTS,MERGUI ROAD,08,Non-Landed Properties,3,"5,300",100 to 110,"1,000 to 1,100",Apr-23
CITYLIGHTS,JELLICOE ROAD,08,Non-Landed Properties,2,"5,200",80 to 90,"900 to 1,000",Apr-23
1953,TESSENSOHN ROAD,08,Non-Landed Properties,NA,"3,500",50 to 60,500 to 600,Apr-23
KENTISH COURT,OXFORD ROAD,08,Non-Landed Properties,2,"4,700",90 to 100,"1,000 to 1,100",Apr-23
NON-LANDED HOUSING DEVELOPMENT,CAMBRIDGE ROAD,08,Non-Landed Properties,NA,"3,100",80 to 90,800 to 900,Apr-23
CITY SQUARE RESIDENCES,KITCHENER LINK,08,Non-Landed Properties,3,"5,800",110 to 120,"1,200 to 1,300",Apr-23
CITY LOFT,RACE COURSE ROAD,08,Non-Landed Properties,1,"3,400",30 to 40,300 to 400,Apr-23
UPTOWN @ FARRER,PERUMAL ROAD,08,Non-Landed Properties,2,"4,300",50 to 60,500 to 600,Apr-23
SUITES 123,RANGOON ROAD,08,Non-Landed Properties,2,"4,398",80 to 90,800 to 900,Apr-23
28 RC SUITES,RACE COURSE LANE,08,Non-Landed Properties,1,"2,400",30 to 40,400 to 500,Apr-23
CITY SQUARE RESIDENCES,KITCHENER LINK,08,Non-Landed Properties,1,"3,000",50 to 60,500 to 600,Apr-23
KENTISH COURT,OXFORD ROAD,08,Non-Landed Properties,3,"4,600",120 to 130,"1,300 to 1,400",Apr-23
RESIDENCES @ SOMME,PETAIN ROAD,08,Non-Landed Properties,2,"4,000",60 to 70,600 to 700,Apr-23
CITY SQUARE RESIDENCES,KITCHENER LINK,08,Non-Landed Properties,2,"4,300",70 to 80,800 to 900,Apr-23
FARRER PARK SUITES,OWEN ROAD,08,Non-Landed Properties,NA,"3,000",40 to 50,400 to 500,Apr-23
CITY SQUARE RESIDENCES,KITCHENER LINK,08,Non-Landed Properties,2,"4,700",80 to 90,800 to 900,Apr-23
CITYLIGHTS,JELLICOE ROAD,08,Non-Landed Properties,3,"7,000",130 to 140,"1,400 to 1,500",Apr-23
LE SOMME,SOMME ROAD,08,Non-Landed Properties,1,"4,000",80 to 90,"900 to 1,000",Apr-23
CITY SQUARE RESIDENCES,KITCHENER LINK,08,Non-Landed Properties,3,"6,000",110 to 120,"1,200 to 1,300",Apr-23
CITY LOFT,RACE COURSE ROAD,08,Non-Landed Properties,1,"2,200",30 to 40,300 to 400,Apr-23
PRISTINE HEIGHTS,MERGUI ROAD,08,Non-Landed Properties,3,"5,400",100 to 110,"1,000 to 1,100",Apr-23
VANADIUM,HERTFORD ROAD,08,Non-Landed Properties,2,"4,000",70 to 80,800 to 900,Apr-23
OXFORD SUITES,OXFORD ROAD,08,Non-Landed Properties,NA,"4,600",80 to 90,800 to 900,Apr-23
CITYLIGHTS,JELLICOE ROAD,08,Non-Landed Properties,2,"5,400",80 to 90,800 to 900,Apr-23
CITY SQUARE RESIDENCES,KITCHENER LINK,08,Non-Landed Properties,2,"5,700",80 to 90,800 to 900,Apr-23
1953,TESSENSOHN ROAD,08,Non-Landed Properties,NA,"4,250",50 to 60,600 to 700,Apr-23
PARC SOMME,SOMME ROAD,08,Non-Landed Properties,1,"4,000",60 to 70,700 to 800,Apr-23
R66 APARTMENTS,RANGOON ROAD,08,Non-Landed Properties,1,"3,000",40 to 50,400 to 500,Apr-23
NON-LANDED HOUSING DEVELOPMENT,PENHAS ROAD,08,Non-Landed Properties,NA,"4,000",90 to 100,"1,000 to 1,100",Apr-23
KERRISDALE,STURDEE ROAD,08,Non-Landed Properties,3,"5,000",110 to 120,"1,100 to 1,200",Apr-23
CITYLIGHTS,JELLICOE ROAD,08,Non-Landed Properties,2,"4,200",80 to 90,800 to 900,Apr-23
STURDEE RESIDENCES,BEATTY ROAD,08,Non-Landed Properties,2,"6,165",60 to 70,600 to 700,Apr-23
NON-LANDED HOUSING DEVELOPMENT,TRURO ROAD,08,Non-Landed Properties,NA,"5,500",100 to 110,"1,100 to 1,200",Apr-23
STUDIOS @ MARNE,MARNE ROAD,08,Non-Landed Properties,NA,"2,600",50 to 60,500 to 600,Apr-23
CITY SQUARE RESIDENCES,KITCHENER LINK,08,Non-Landed Properties,3,"6,150",110 to 120,"1,200 to 1,300",Apr-23
CITY SQUARE RESIDENCES,KITCHENER LINK,08,Non-Landed Properties,3,"6,000",110 to 120,"1,200 to 1,300",Apr-23
FORTE SUITES,MERGUI ROAD,08,Non-Landed Properties,2,"3,500",50 to 60,600 to 700,Apr-23
CITYLIGHTS,JELLICOE ROAD,08,Non-Landed Properties,2,"4,300",80 to 90,"900 to 1,000",Apr-23
KENG LEE VIEW,KENG LEE ROAD,08,Non-Landed Properties,NA,"4,200",110 to 120,"1,200 to 1,300",Apr-23
CITYLIGHTS,JELLICOE ROAD,08,Non-Landed Properties,2,"5,300",80 to 90,"900 to 1,000",Apr-23
NON-LANDED HOUSING DEVELOPMENT,SERANGOON ROAD,08,Non-Landed Properties,3,"4,000",140 to 150,"1,500 to 1,600",Apr-23
RACE COURSE RD/OWEN RD CON AREA,RACE COURSE ROAD,08,Non-Landed Properties,NA,"7,000",210 to 220,"2,200 to 2,300",Apr-23
CITY SQUARE RESIDENCES,KITCHENER LINK,08,Non-Landed Properties,3,"6,100",110 to 120,"1,200 to 1,300",Apr-23
THE URBANITE,HERTFORD ROAD,08,Non-Landed Properties,2,"4,000",70 to 80,800 to 900,Apr-23
SOHO 188,RACE COURSE ROAD,08,Non-Landed Properties,1,"2,600",40 to 50,400 to 500,Apr-23
KERRISDALE,STURDEE ROAD,08,Non-Landed Properties,2,"5,100",90 to 100,"900 to 1,000",Apr-23
CITY SQUARE RESIDENCES,KITCHENER LINK,08,Non-Landed Properties,1,"3,800",50 to 60,500 to 600,Apr-23
CITY SQUARE RESIDENCES,KITCHENER LINK,08,Non-Landed Properties,2,"5,000",70 to 80,800 to 900,Apr-23
HERTFORD COLLECTION,HERTFORD ROAD,08,Non-Landed Properties,NA,"3,800",60 to 70,600 to 700,Apr-23
KENTISH GREEN,OXFORD ROAD,08,Non-Landed Properties,3,"5,000",110 to 120,"1,200 to 1,300",Apr-23
TYRWHITT 139,TYRWHITT ROAD,08,Non-Landed Properties,1,"3,400",40 to 50,500 to 600,Apr-23
8 FARRER SUITES,SING JOO WALK,08,Non-Landed Properties,2,"3,800",50 to 60,600 to 700,Apr-23
CITYLIGHTS,JELLICOE ROAD,08,Non-Landed Properties,3,"5,700",120 to 130,"1,300 to 1,400",Apr-23
CITY SQUARE RESIDENCES,KITCHENER LINK,08,Non-Landed Properties,3,"5,500",110 to 120,"1,200 to 1,300",Apr-23
CITYLIGHTS,JELLICOE ROAD,08,Non-Landed Properties,3,"7,500",130 to 140,"1,400 to 1,500",Apr-23
CITY SQUARE RESIDENCES,KITCHENER LINK,08,Non-Landed Properties,1,"3,800",50 to 60,500 to 600,Apr-23
CITYLIGHTS,JELLICOE ROAD,08,Non-Landed Properties,1,"4,200",50 to 60,500 to 600,Apr-23
CITY SQUARE RESIDENCES,KITCHENER LINK,08,Non-Landed Properties,1,"3,400",50 to 60,500 to 600,Apr-23
STUDIOS @ MARNE,MARNE ROAD,08,Non-Landed Properties,NA,"2,800",50 to 60,500 to 600,Apr-23
STURDEE RESIDENCES,BEATTY ROAD,08,Non-Landed Properties,3,"6,689",70 to 80,800 to 900,Apr-23
NON-LANDED HOUSING DEVELOPMENT,TYRWHITT ROAD,08,Non-Landed Properties,NA,"3,800",80 to 90,800 to 900,Apr-23
CITYLIGHTS,JELLICOE ROAD,08,Non-Landed Properties,1,"4,300",60 to 70,600 to 700,Apr-23
CITY SQUARE RESIDENCES,KITCHENER LINK,08,Non-Landed Properties,3,"6,000",110 to 120,"1,200 to 1,300",Apr-23
CITYSCAPE @FARRER PARK,MERGUI ROAD,08,Non-Landed Properties,2,"4,300",90 to 100,"900 to 1,000",Apr-23
THE CITRON RESIDENCES,MARNE ROAD,08,Non-Landed Properties,2,"3,700",60 to 70,600 to 700,Apr-23
28 RC SUITES,RACE COURSE LANE,08,Non-Landed Properties,1,"3,100",40 to 50,400 to 500,Apr-23
UPTOWN @ FARRER,PERUMAL ROAD,08,Non-Landed Properties,3,"5,600",60 to 70,600 to 700,Apr-23
UPTOWN @ FARRER,PERUMAL ROAD,08,Non-Landed Properties,3,"5,500",70 to 80,800 to 900,Apr-23
CITYLIGHTS,JELLICOE ROAD,08,Non-Landed Properties,2,"5,300",80 to 90,"900 to 1,000",Apr-23
CITY SQUARE RESIDENCES,KITCHENER LINK,08,Non-Landed Properties,1,"4,000",50 to 60,500 to 600,Apr-23
UPTOWN @ FARRER,PERUMAL ROAD,08,Non-Landed Properties,2,"4,000",50 to 60,500 to 600,Apr-23
NON-LANDED HOUSING DEVELOPMENT,SING JOO WALK,08,Non-Landed Properties,NA,"6,000",170 to 180,"1,800 to 1,900",Apr-23
CITYSCAPE @FARRER PARK,MERGUI ROAD,08,Non-Landed Properties,2,"4,300",90 to 100,"900 to 1,000",Apr-23
CITY STUDIOS,RACE COURSE LANE,08,Non-Landed Properties,2,"4,500",80 to 90,"900 to 1,000",Apr-23
1953,TESSENSOHN ROAD,08,Non-Landed Properties,NA,"3,600",50 to 60,500 to 600,Apr-23
CITYLIGHTS,JELLICOE ROAD,08,Non-Landed Properties,1,"4,300",60 to 70,600 to 700,Apr-23
OXFORD SUITES,OXFORD ROAD,08,Non-Landed Properties,3,"7,900",210 to 220,"2,200 to 2,300",Apr-23
CITY SQUARE RESIDENCES,KITCHENER LINK,08,Non-Landed Properties,2,"5,300",80 to 90,800 to 900,Apr-23
CITYSCAPE @FARRER PARK,MERGUI ROAD,08,Non-Landed Properties,2,"4,800",90 to 100,"900 to 1,000",Apr-23
CITY SQUARE RESIDENCES,KITCHENER LINK,08,Non-Landed Properties,3,"5,500",110 to 120,"1,200 to 1,300",Apr-23
NON-LANDED HOUSING DEVELOPMENT,HORNE ROAD,08,Non-Landed Properties,NA,"4,900",80 to 90,"900 to 1,000",Apr-23
KENT RESIDENCES,KENT ROAD,08,Non-Landed Properties,1,"3,400",50 to 60,600 to 700,Apr-23
HERTFORD COLLECTION,HERTFORD ROAD,08,Non-Landed Properties,NA,"3,600",50 to 60,500 to 600,Apr-23
CITYSCAPE @FARRER PARK,MERGUI ROAD,08,Non-Landed Properties,2,"4,300",90 to 100,"900 to 1,000",Apr-23
CITY SQUARE RESIDENCES,KITCHENER LINK,08,Non-Landed Properties,1,"3,400",50 to 60,500 to 600,Apr-23
LOFT @ RANGOON,RANGOON ROAD,08,Non-Landed Properties,1,"3,100",40 to 50,400 to 500,Apr-23
CITYSCAPE @FARRER PARK,MERGUI ROAD,08,Non-Landed Properties,2,"4,200",100 to 110,"1,100 to 1,200",Apr-23
28 RC SUITES,RACE COURSE LANE,08,Non-Landed Properties,1,"2,900",30 to 40,400 to 500,Apr-23
CITYLIGHTS,JELLICOE ROAD,08,Non-Landed Properties,1,"4,200",50 to 60,500 to 600,Apr-23
CAVAN SUITES,CAVAN ROAD,08,Non-Landed Properties,NA,"2,400",30 to 40,300 to 400,Apr-23
NON-LANDED HOUSING DEVELOPMENT,HAMILTON ROAD,08,Non-Landed Properties,NA,"8,500",120 to 130,"1,300 to 1,400",Apr-23
CITY SQUARE RESIDENCES,KITCHENER LINK,08,Non-Landed Properties,3,"6,500",110 to 120,"1,200 to 1,300",Apr-23
CITY SQUARE RESIDENCES,KITCHENER LINK,08,Non-Landed Properties,3,"5,800",110 to 120,"1,200 to 1,300",Apr-23
R66 APARTMENTS,RANGOON ROAD,08,Non-Landed Properties,1,"3,200",40 to 50,400 to 500,Apr-23
KENTISH LODGE,OXFORD ROAD,08,Non-Landed Properties,2,"4,400",80 to 90,"900 to 1,000",Apr-23
70@TRURO,TRURO ROAD,08,Non-Landed Properties,3,"4,200",70 to 80,800 to 900,Apr-23
URBAN LOFTS,RANGOON ROAD,08,Non-Landed Properties,1,"3,200",50 to 60,500 to 600,Apr-23
MERA SPRINGS,CARLISLE ROAD,08,Non-Landed Properties,3,"4,500",120 to 130,"1,200 to 1,300",Apr-23
THE CITRON RESIDENCES,MARNE ROAD,08,Non-Landed Properties,2,"4,000",60 to 70,600 to 700,Apr-23
CITYLIGHTS,JELLICOE ROAD,08,Non-Landed Properties,1,"4,000",60 to 70,600 to 700,Apr-23
CITY SQUARE RESIDENCES,KITCHENER LINK,08,Non-Landed Properties,1,"3,600",50 to 60,500 to 600,Apr-23
FORTE SUITES,MERGUI ROAD,08,Non-Landed Properties,2,"3,650",50 to 60,600 to 700,Apr-23
CITY SQUARE RESIDENCES,KITCHENER LINK,08,Non-Landed Properties,1,"3,500",50 to 60,500 to 600,Apr-23
NON-LANDED HOUSING DEVELOPMENT,RACE COURSE ROAD,08,Non-Landed Properties,NA,"2,100",30 to 40,300 to 400,Apr-23
STURDEE RESIDENCES,BEATTY ROAD,08,Non-Landed Properties,2,"3,700",60 to 70,600 to 700,Apr-23
KERRISDALE,STURDEE ROAD,08,Non-Landed Properties,3,"5,650",100 to 110,"1,100 to 1,200",Apr-23
CITYLIGHTS,JELLICOE ROAD,08,Non-Landed Properties,1,"4,250",50 to 60,500 to 600,Apr-23
CITY SQUARE RESIDENCES,KITCHENER LINK,08,Non-Landed Properties,4,"7,000",140 to 150,"1,500 to 1,600",Apr-23
RESIDENCES @ SOMME,PETAIN ROAD,08,Non-Landed Properties,1,"3,200",50 to 60,500 to 600,Apr-23
KENTISH COURT,OXFORD ROAD,08,Non-Landed Properties,3,"4,800",110 to 120,"1,200 to 1,300",Apr-23
CITY SQUARE RESIDENCES,KITCHENER LINK,08,Non-Landed Properties,4,"7,000",140 to 150,"1,500 to 1,600",Apr-23
NON-LANDED HOUSING DEVELOPMENT,SERANGOON ROAD,08,Non-Landed Properties,NA,"3,100",130 to 140,"1,400 to 1,500",Apr-23
NON-LANDED HOUSING DEVELOPMENT,JOO AVENUE,08,Non-Landed Properties,NA,"4,900",70 to 80,800 to 900,Apr-23
NON-LANDED HOUSING DEVELOPMENT,MERGUI ROAD,08,Non-Landed Properties,NA,"4,500",80 to 90,"900 to 1,000",Apr-23
NON-LANDED HOUSING DEVELOPMENT,JOO AVENUE,08,Non-Landed Properties,NA,"5,000",110 to 120,"1,200 to 1,300",Apr-23
NON-LANDED HOUSING DEVELOPMENT,KINTA ROAD,08,Non-Landed Properties,2,"3,200",80 to 90,800 to 900,Apr-23
NON-LANDED HOUSING DEVELOPMENT,SERANGOON ROAD,08,Non-Landed Properties,NA,"5,500",60 to 70,700 to 800,Apr-23
NON-LANDED HOUSING DEVELOPMENT,TESSENSOHN ROAD,08,Non-Landed Properties,NA,"4,000",240 to 250,"2,600 to 2,700",Apr-23
CITY SQUARE RESIDENCES,KITCHENER LINK,08,Non-Landed Properties,3,"6,000",110 to 120,"1,200 to 1,300",Apr-23
CITY SQUARE RESIDENCES,KITCHENER LINK,08,Non-Landed Properties,3,"5,800",110 to 120,"1,200 to 1,300",Apr-23
CITY SQUARE RESIDENCES,KITCHENER LINK,08,Non-Landed Properties,2,"4,200",80 to 90,800 to 900,Apr-23
CITY SQUARE RESIDENCES,KITCHENER LINK,08,Non-Landed Properties,3,"5,300",110 to 120,"1,200 to 1,300",Apr-23
KERRISDALE,STURDEE ROAD,08,Non-Landed Properties,3,"4,200",110 to 120,"1,200 to 1,300",Apr-23
NON-LANDED HOUSING DEVELOPMENT,RANGOON ROAD,08,Non-Landed Properties,NA,"5,000",120 to 130,"1,300 to 1,400",Apr-23
NON-LANDED HOUSING DEVELOPMENT,STARLIGHT TERRACE,08,Non-Landed Properties,NA,"3,600",130 to 140,"1,400 to 1,500",Apr-23
NON-LANDED HOUSING DEVELOPMENT,SING JOO WALK,08,Non-Landed Properties,NA,"3,200",90 to 100,"1,000 to 1,100",Apr-23
NON-LANDED HOUSING DEVELOPMENT,BEATTY ROAD,08,Non-Landed Properties,NA,"4,500",110 to 120,"1,200 to 1,300",Apr-23
CITY SQUARE RESIDENCES,KITCHENER LINK,08,Non-Landed Properties,2,"4,600",70 to 80,800 to 900,Apr-23
CITYLIGHTS,JELLICOE ROAD,08,Non-Landed Properties,1,"4,000",60 to 70,600 to 700,Apr-23
CITY SQUARE RESIDENCES,KITCHENER LINK,08,Non-Landed Properties,2,"4,700",70 to 80,800 to 900,Apr-23
STURDEE RESIDENCES,BEATTY ROAD,08,Non-Landed Properties,3,"6,000",80 to 90,"900 to 1,000",Apr-23
RESIDENCES @ SOMME,PETAIN ROAD,08,Non-Landed Properties,1,"3,000",50 to 60,500 to 600,Apr-23
CITY SQUARE RESIDENCES,KITCHENER LINK,08,Non-Landed Properties,4,"6,200",140 to 150,"1,500 to 1,600",Apr-23
CITY SQUARE RESIDENCES,KITCHENER LINK,08,Non-Landed Properties,2,"5,100",80 to 90,800 to 900,Apr-23
CITY SQUARE RESIDENCES,KITCHENER LINK,08,Non-Landed Properties,2,"4,000",70 to 80,800 to 900,Apr-23
CITY SQUARE RESIDENCES,KITCHENER LINK,08,Non-Landed Properties,2,"4,500",70 to 80,800 to 900,Apr-23
SOHO 188,RACE COURSE ROAD,08,Non-Landed Properties,1,"3,100",40 to 50,400 to 500,Apr-23
CITYLIGHTS,JELLICOE ROAD,08,Non-Landed Properties,1,"4,500",50 to 60,500 to 600,Apr-23
LOFT @ RANGOON,RANGOON ROAD,08,Non-Landed Properties,1,"3,200",30 to 40,400 to 500,Apr-23
THE MERLOT,KENG LEE ROAD,08,Non-Landed Properties,1,"3,200",40 to 50,500 to 600,Apr-23
8 FARRER SUITES,SING JOO WALK,08,Non-Landed Properties,3,"6,000",90 to 100,"900 to 1,000",Apr-23
CITYSCAPE @FARRER PARK,MERGUI ROAD,08,Non-Landed Properties,2,"4,900",100 to 110,"1,000 to 1,100",Apr-23
CITYLIGHTS,JELLICOE ROAD,08,Non-Landed Properties,3,"6,500",130 to 140,"1,400 to 1,500",Apr-23
LOFT @ RANGOON,RANGOON ROAD,08,Non-Landed Properties,1,"3,100",30 to 40,400 to 500,Apr-23
KENTISH GREEN,OXFORD ROAD,08,Non-Landed Properties,2,"3,800",90 to 100,"1,000 to 1,100",Apr-23
CITY SQUARE RESIDENCES,KITCHENER LINK,08,Non-Landed Properties,3,"5,900",110 to 120,"1,200 to 1,300",Apr-23
CITIGATE RESIDENCE,RANGOON ROAD,08,Non-Landed Properties,1,"3,400",50 to 60,500 to 600,Apr-23
MERGUI MANSIONS,MERGUI ROAD,08,Non-Landed Properties,3,"3,690",120 to 130,"1,300 to 1,400",Apr-23
CITYSCAPE @FARRER PARK,MERGUI ROAD,08,Non-Landed Properties,3,"6,000",110 to 120,"1,200 to 1,300",Apr-23
1953,TESSENSOHN ROAD,08,Non-Landed Properties,NA,"4,200",50 to 60,600 to 700,Apr-23
CITY SQUARE RESIDENCES,KITCHENER LINK,08,Non-Landed Properties,3,"6,000",110 to 120,"1,200 to 1,300",Apr-23
CITY STUDIOS,RACE COURSE LANE,08,Non-Landed Properties,1,"2,900",40 to 50,400 to 500,Apr-23
STURDEE RESIDENCES,BEATTY ROAD,08,Non-Landed Properties,1,"3,500",30 to 40,400 to 500,Apr-23
VANADIUM,HERTFORD ROAD,08,Non-Landed Properties,3,"5,000",90 to 100,"1,000 to 1,100",Apr-23
70@TRURO,TRURO ROAD,08,Non-Landed Properties,3,"4,100",70 to 80,800 to 900,Apr-23
CITYLIGHTS,JELLICOE ROAD,08,Non-Landed Properties,1,"4,200",50 to 60,500 to 600,Apr-23
NON-LANDED HOUSING DEVELOPMENT,RACE COURSE ROAD,08,Non-Landed Properties,NA,"28,000",620 to 630,"6,700 to 6,800",Apr-23
1953,TESSENSOHN ROAD,08,Non-Landed Properties,NA,"4,000",50 to 60,600 to 700,Mar-23
STUDIOS @ MARNE,MARNE ROAD,08,Non-Landed Properties,NA,"3,500",50 to 60,500 to 600,Mar-23
CITY SQUARE RESIDENCES,KITCHENER LINK,08,Non-Landed Properties,2,"5,200",70 to 80,800 to 900,Mar-23
MERA SPRINGS,CARLISLE ROAD,08,Non-Landed Properties,2,"4,850",90 to 100,"1,000 to 1,100",Mar-23
CITYSCAPE @FARRER PARK,MERGUI ROAD,08,Non-Landed Properties,3,"5,500",120 to 130,"1,300 to 1,400",Mar-23
UPTOWN @ FARRER,PERUMAL ROAD,08,Non-Landed Properties,2,"4,500",50 to 60,500 to 600,Mar-23
CITY SQUARE RESIDENCES,KITCHENER LINK,08,Non-Landed Properties,3,"6,000",110 to 120,"1,200 to 1,300",Mar-23
URBAN LOFTS,RANGOON ROAD,08,Non-Landed Properties,1,"3,000",40 to 50,400 to 500,Mar-23
KERRISDALE,STURDEE ROAD,08,Non-Landed Properties,3,"5,500",100 to 110,"1,100 to 1,200",Mar-23
KERRISDALE,STURDEE ROAD,08,Non-Landed Properties,2,"4,500",90 to 100,"900 to 1,000",Mar-23
OXFORD SUITES,OXFORD ROAD,08,Non-Landed Properties,2,"3,800",90 to 100,"1,000 to 1,100",Mar-23
KERRISDALE,STURDEE ROAD,08,Non-Landed Properties,3,"5,200",110 to 120,"1,100 to 1,200",Mar-23
STURDEE RESIDENCES,BEATTY ROAD,08,Non-Landed Properties,3,"4,350",80 to 90,"900 to 1,000",Mar-23
KENTISH GREEN,OXFORD ROAD,08,Non-Landed Properties,2,"4,200",100 to 110,"1,000 to 1,100",Mar-23
LOFT @ RANGOON,RANGOON ROAD,08,Non-Landed Properties,1,"3,100",40 to 50,400 to 500,Mar-23
NON-LANDED HOUSING DEVELOPMENT,CAMBRIDGE ROAD,08,Non-Landed Properties,NA,"3,250",110 to 120,"1,100 to 1,200",Mar-23
NON-LANDED HOUSING DEVELOPMENT,CAMBRIDGE ROAD,08,Non-Landed Properties,NA,"3,250",80 to 90,800 to 900,Mar-23
CITYLIGHTS,JELLICOE ROAD,08,Non-Landed Properties,1,"4,400",60 to 70,700 to 800,Mar-23
CITY SQUARE RESIDENCES,KITCHENER LINK,08,Non-Landed Properties,3,"6,500",110 to 120,"1,200 to 1,300",Mar-23
CITY SQUARE RESIDENCES,KITCHENER LINK,08,Non-Landed Properties,3,"6,800",110 to 120,"1,100 to 1,200",Mar-23
CITYLIGHTS,JELLICOE ROAD,08,Non-Landed Properties,2,"5,000",80 to 90,800 to 900,Mar-23
CITY SQUARE RESIDENCES,KITCHENER LINK,08,Non-Landed Properties,2,"4,800",80 to 90,800 to 900,Mar-23
CITY SQUARE RESIDENCES,KITCHENER LINK,08,Non-Landed Properties,1,"3,500",50 to 60,500 to 600,Mar-23
NON-LANDED HOUSING DEVELOPMENT,FLANDERS SQUARE,08,Non-Landed Properties,NA,"5,000",90 to 100,"900 to 1,000",Mar-23
UPTOWN @ FARRER,PERUMAL ROAD,08,Non-Landed Properties,3,"5,700",80 to 90,800 to 900,Mar-23
1953,TESSENSOHN ROAD,08,Non-Landed Properties,NA,"7,500",110 to 120,"1,200 to 1,300",Mar-23
CITY SQUARE RESIDENCES,KITCHENER LINK,08,Non-Landed Properties,2,"4,700",70 to 80,800 to 900,Mar-23
RANGOON 88,RANGOON ROAD,08,Non-Landed Properties,1,"2,880",30 to 40,400 to 500,Mar-23
PRISTINE HEIGHTS,MERGUI ROAD,08,Non-Landed Properties,3,"4,000",70 to 80,800 to 900,Mar-23
CITY SQUARE RESIDENCES,KITCHENER LINK,08,Non-Landed Properties,3,"5,000",110 to 120,"1,200 to 1,300",Mar-23
STURDEE RESIDENCES,BEATTY ROAD,08,Non-Landed Properties,2,"4,500",60 to 70,600 to 700,Mar-23
CITYLIGHTS,JELLICOE ROAD,08,Non-Landed Properties,2,"5,400",80 to 90,"900 to 1,000",Mar-23
SUITES 123,RANGOON ROAD,08,Non-Landed Properties,1,"3,000",50 to 60,500 to 600,Mar-23
MERA SPRINGS,CARLISLE ROAD,08,Non-Landed Properties,4,"5,300",140 to 150,"1,500 to 1,600",Mar-23
CITY SQUARE RESIDENCES,KITCHENER LINK,08,Non-Landed Properties,2,"4,700",70 to 80,800 to 900,Mar-23
KENTISH GREEN,OXFORD ROAD,08,Non-Landed Properties,2,"4,000",100 to 110,"1,100 to 1,200",Mar-23
CITY SQUARE RESIDENCES,KITCHENER LINK,08,Non-Landed Properties,3,"5,500",110 to 120,"1,200 to 1,300",Mar-23
LE SOMME,SOMME ROAD,08,Non-Landed Properties,1,"3,200",40 to 50,500 to 600,Mar-23
CITY SQUARE RESIDENCES,KITCHENER LINK,08,Non-Landed Properties,4,"7,000",140 to 150,"1,500 to 1,600",Mar-23
8 FARRER SUITES,SING JOO WALK,08,Non-Landed Properties,3,"4,800",90 to 100,"900 to 1,000",Mar-23
THE CITRON RESIDENCES,MARNE ROAD,08,Non-Landed Properties,2,"3,350",60 to 70,600 to 700,Mar-23
1953,TESSENSOHN ROAD,08,Non-Landed Properties,NA,"3,700",50 to 60,500 to 600,Mar-23
CITYLIGHTS,JELLICOE ROAD,08,Non-Landed Properties,2,"5,200",80 to 90,800 to 900,Mar-23
CITY SQUARE RESIDENCES,KITCHENER LINK,08,Non-Landed Properties,2,"4,800",80 to 90,800 to 900,Mar-23
CAVAN SUITES,CAVAN ROAD,08,Non-Landed Properties,NA,"2,200",30 to 40,300 to 400,Mar-23
STURDEE RESIDENCES,BEATTY ROAD,08,Non-Landed Properties,3,"6,000",90 to 100,"1,000 to 1,100",Mar-23
CITYSCAPE @FARRER PARK,MERGUI ROAD,08,Non-Landed Properties,2,"4,500",90 to 100,"900 to 1,000",Mar-23
NON-LANDED HOUSING DEVELOPMENT,PENHAS ROAD,08,Non-Landed Properties,NA,"4,000",110 to 120,"1,100 to 1,200",Mar-23
PRISTINE HEIGHTS,MERGUI ROAD,08,Non-Landed Properties,3,"3,900",100 to 110,"1,000 to 1,100",Mar-23
NON-LANDED HOUSING DEVELOPMENT,PENHAS ROAD,08,Non-Landed Properties,NA,"3,700",110 to 120,"1,100 to 1,200",Mar-23
UPTOWN @ FARRER,PERUMAL ROAD,08,Non-Landed Properties,3,"5,000",70 to 80,700 to 800,Mar-23
CITYSCAPE @FARRER PARK,MERGUI ROAD,08,Non-Landed Properties,2,"4,500",90 to 100,"900 to 1,000",Mar-23
STUDIOS @ MARNE,MARNE ROAD,08,Non-Landed Properties,NA,"3,700",60 to 70,600 to 700,Mar-23
NON-LANDED HOUSING DEVELOPMENT,HORNE ROAD,08,Non-Landed Properties,NA,"6,800",150 to 160,"1,600 to 1,700",Mar-23
NON-LANDED HOUSING DEVELOPMENT,JALAN BESAR,08,Non-Landed Properties,NA,"4,400",80 to 90,800 to 900,Mar-23
THE CITRON RESIDENCES,MARNE ROAD,08,Non-Landed Properties,2,"2,500",60 to 70,700 to 800,Mar-23
CITYSCAPE @FARRER PARK,MERGUI ROAD,08,Non-Landed Properties,3,"5,900",120 to 130,"1,300 to 1,400",Mar-23
CITYLIGHTS,JELLICOE ROAD,08,Non-Landed Properties,2,"5,200",80 to 90,"900 to 1,000",Mar-23
CITY SQUARE RESIDENCES,KITCHENER LINK,08,Non-Landed Properties,2,"5,000",70 to 80,800 to 900,Mar-23
CITY SQUARE RESIDENCES,KITCHENER LINK,08,Non-Landed Properties,3,"5,750",110 to 120,"1,200 to 1,300",Mar-23
KENG LEE COURT,KENG LEE ROAD,08,Non-Landed Properties,1,"1,800",40 to 50,400 to 500,Mar-23
UPTOWN @ FARRER,PERUMAL ROAD,08,Non-Landed Properties,3,"6,100",110 to 120,"1,100 to 1,200",Mar-23
UPTOWN @ FARRER,PERUMAL ROAD,08,Non-Landed Properties,2,"4,700",50 to 60,500 to 600,Mar-23
VOGX,DORSET ROAD,08,Non-Landed Properties,2,"3,750",80 to 90,800 to 900,Mar-23
STUDIOS @ MARNE,MARNE ROAD,08,Non-Landed Properties,NA,"3,500",50 to 60,500 to 600,Mar-23
THE URBANITE,HERTFORD ROAD,08,Non-Landed Properties,2,"3,000",60 to 70,600 to 700,Mar-23
R66 APARTMENTS,RANGOON ROAD,08,Non-Landed Properties,1,"3,800",60 to 70,600 to 700,Mar-23
CITY SQUARE RESIDENCES,KITCHENER LINK,08,Non-Landed Properties,3,"6,500",110 to 120,"1,100 to 1,200",Mar-23
CITYLIGHTS,JELLICOE ROAD,08,Non-Landed Properties,3,"6,500",120 to 130,"1,300 to 1,400",Mar-23
KENTISH GREEN,OXFORD ROAD,08,Non-Landed Properties,2,"3,300",110 to 120,"1,200 to 1,300",Mar-23
CITY SQUARE RESIDENCES,KITCHENER LINK,08,Non-Landed Properties,3,"7,000",110 to 120,"1,200 to 1,300",Mar-23
CITY SQUARE RESIDENCES,KITCHENER LINK,08,Non-Landed Properties,2,"5,000",80 to 90,800 to 900,Mar-23
CITYSCAPE @FARRER PARK,MERGUI ROAD,08,Non-Landed Properties,2,"4,400",90 to 100,"900 to 1,000",Mar-23
CITY SQUARE RESIDENCES,KITCHENER LINK,08,Non-Landed Properties,2,"4,200",70 to 80,800 to 900,Mar-23
CITYLIGHTS,JELLICOE ROAD,08,Non-Landed Properties,1,"3,850",60 to 70,600 to 700,Mar-23
CITYLIGHTS,JELLICOE ROAD,08,Non-Landed Properties,3,"7,000",120 to 130,"1,300 to 1,400",Mar-23
CITY SQUARE RESIDENCES,KITCHENER LINK,08,Non-Landed Properties,1,"3,800",50 to 60,500 to 600,Mar-23
CITYLIGHTS,JELLICOE ROAD,08,Non-Landed Properties,3,"7,000",130 to 140,"1,400 to 1,500",Mar-23
CITY SQUARE RESIDENCES,KITCHENER LINK,08,Non-Landed Properties,3,"6,000",110 to 120,"1,200 to 1,300",Mar-23
PARC SOMME,SOMME ROAD,08,Non-Landed Properties,2,"3,800",50 to 60,500 to 600,Mar-23
CITY SQUARE RESIDENCES,KITCHENER LINK,08,Non-Landed Properties,2,"3,750",70 to 80,800 to 900,Mar-23
KERRISDALE,STURDEE ROAD,08,Non-Landed Properties,3,"5,000",100 to 110,"1,100 to 1,200",Mar-23
JALAN BESAR PLAZA,KITCHENER ROAD,08,Non-Landed Properties,2,"2,800",70 to 80,800 to 900,Mar-23
UPTOWN @ FARRER,PERUMAL ROAD,08,Non-Landed Properties,2,"4,600",50 to 60,500 to 600,Mar-23
CITY LOFT,RACE COURSE ROAD,08,Non-Landed Properties,1,"3,200",30 to 40,300 to 400,Mar-23
28 RC SUITES,RACE COURSE LANE,08,Non-Landed Properties,1,"3,400",50 to 60,500 to 600,Mar-23
CITYSCAPE @FARRER PARK,MERGUI ROAD,08,Non-Landed Properties,2,"4,300",90 to 100,"900 to 1,000",Mar-23
VOGX,DORSET ROAD,08,Non-Landed Properties,2,"4,000",80 to 90,800 to 900,Mar-23
STURDEE RESIDENCES,BEATTY ROAD,08,Non-Landed Properties,1,"3,500",30 to 40,400 to 500,Mar-23
VOGX,DORSET ROAD,08,Non-Landed Properties,2,"4,200",80 to 90,800 to 900,Mar-23
CITY SQUARE RESIDENCES,KITCHENER LINK,08,Non-Landed Properties,2,"5,000",80 to 90,800 to 900,Mar-23
CITY SQUARE RESIDENCES,KITCHENER LINK,08,Non-Landed Properties,3,"7,100",110 to 120,"1,200 to 1,300",Mar-23
CITYSCAPE @FARRER PARK,MERGUI ROAD,08,Non-Landed Properties,2,"4,500",90 to 100,"900 to 1,000",Mar-23
STURDEE RESIDENCES,BEATTY ROAD,08,Non-Landed Properties,1,"3,500",30 to 40,400 to 500,Mar-23
CITY SQUARE RESIDENCES,KITCHENER LINK,08,Non-Landed Properties,2,"3,900",80 to 90,800 to 900,Mar-23
UPTOWN @ FARRER,PERUMAL ROAD,08,Non-Landed Properties,2,"4,200",50 to 60,500 to 600,Mar-23
RESIDENCES @ SOMME,PETAIN ROAD,08,Non-Landed Properties,1,"2,650",40 to 50,400 to 500,Mar-23
CITY SQUARE RESIDENCES,KITCHENER LINK,08,Non-Landed Properties,3,"4,500",110 to 120,"1,200 to 1,300",Mar-23
CITY SQUARE RESIDENCES,KITCHENER LINK,08,Non-Landed Properties,3,"6,500",110 to 120,"1,200 to 1,300",Mar-23
JALAN BESAR PLAZA,KITCHENER ROAD,08,Non-Landed Properties,2,"1,800",70 to 80,800 to 900,Mar-23
CITY SQUARE RESIDENCES,KITCHENER LINK,08,Non-Landed Properties,2,"4,750",70 to 80,800 to 900,Mar-23
FORTE SUITES,MERGUI ROAD,08,Non-Landed Properties,2,"3,800",50 to 60,600 to 700,Mar-23
CITY SQUARE RESIDENCES,KITCHENER LINK,08,Non-Landed Properties,3,"5,300",110 to 120,"1,200 to 1,300",Mar-23
CITYLIGHTS,JELLICOE ROAD,08,Non-Landed Properties,2,"5,000",80 to 90,800 to 900,Mar-23
SOHO @ FARRER,RACE COURSE ROAD,08,Non-Landed Properties,1,"3,000",40 to 50,400 to 500,Mar-23
STURDEE RESIDENCES,BEATTY ROAD,08,Non-Landed Properties,1,"3,100",30 to 40,400 to 500,Mar-23
CITY SQUARE RESIDENCES,KITCHENER LINK,08,Non-Landed Properties,4,"6,500",140 to 150,"1,500 to 1,600",Mar-23
NON-LANDED HOUSING DEVELOPMENT,STURDEE ROAD,08,Non-Landed Properties,NA,"3,000",160 to 170,"1,800 to 1,900",Mar-23
NON-LANDED HOUSING DEVELOPMENT,CARLISLE ROAD,08,Non-Landed Properties,NA,"1,890",80 to 90,"900 to 1,000",Mar-23
NON-LANDED HOUSING DEVELOPMENT,SERANGOON ROAD,08,Non-Landed Properties,NA,"4,800",60 to 70,700 to 800,Mar-23
CITYLIGHTS,JELLICOE ROAD,08,Non-Landed Properties,1,"3,800",50 to 60,500 to 600,Mar-23
NON-LANDED HOUSING DEVELOPMENT,TRURO ROAD,08,Non-Landed Properties,NA,"3,000",80 to 90,"900 to 1,000",Mar-23
NON-LANDED HOUSING DEVELOPMENT,KELANTAN LANE,08,Non-Landed Properties,NA,"2,500",50 to 60,500 to 600,Mar-23
NON-LANDED HOUSING DEVELOPMENT,STURDEE ROAD,08,Non-Landed Properties,NA,"5,400",80 to 90,"900 to 1,000",Mar-23
CITYLIGHTS,JELLICOE ROAD,08,Non-Landed Properties,3,"5,500",130 to 140,"1,400 to 1,500",Mar-23
NON-LANDED HOUSING DEVELOPMENT,JOO AVENUE,08,Non-Landed Properties,NA,"2,800",110 to 120,"1,200 to 1,300",Mar-23
NON-LANDED HOUSING DEVELOPMENT,RACE COURSE ROAD,08,Non-Landed Properties,NA,"1,950",30 to 40,300 to 400,Mar-23
NON-LANDED HOUSING DEVELOPMENT,RACE COURSE ROAD,08,Non-Landed Properties,NA,"5,000",80 to 90,800 to 900,Mar-23
CITYLIGHTS,JELLICOE ROAD,08,Non-Landed Properties,1,"4,200",50 to 60,500 to 600,Mar-23
CITY SQUARE RESIDENCES,KITCHENER LINK,08,Non-Landed Properties,2,"3,000",80 to 90,800 to 900,Mar-23
KERRISDALE,STURDEE ROAD,08,Non-Landed Properties,4,"6,000",130 to 140,"1,400 to 1,500",Mar-23
KERRISDALE,STURDEE ROAD,08,Non-Landed Properties,3,"4,800",100 to 110,"1,100 to 1,200",Mar-23
KENTISH COURT,OXFORD ROAD,08,Non-Landed Properties,2,"4,800",90 to 100,"1,000 to 1,100",Mar-23
CITYLIGHTS,JELLICOE ROAD,08,Non-Landed Properties,1,"3,800",60 to 70,600 to 700,Mar-23
MERGUI MANSIONS,MERGUI ROAD,08,Non-Landed Properties,3,"3,300",130 to 140,"1,400 to 1,500",Mar-23
CITYSCAPE @FARRER PARK,MERGUI ROAD,08,Non-Landed Properties,3,"6,000",120 to 130,"1,300 to 1,400",Mar-23
STURDEE RESIDENCES,BEATTY ROAD,08,Non-Landed Properties,2,"3,750",50 to 60,500 to 600,Mar-23
NON-LANDED HOUSING DEVELOPMENT,STARLIGHT ROAD,08,Non-Landed Properties,NA,"4,500",120 to 130,"1,300 to 1,400",Mar-23
NON-LANDED HOUSING DEVELOPMENT,RANGOON ROAD,08,Non-Landed Properties,NA,"3,900",130 to 140,"1,400 to 1,500",Mar-23
NON-LANDED HOUSING DEVELOPMENT,JOO AVENUE,08,Non-Landed Properties,NA,"2,800",130 to 140,"1,500 to 1,600",Mar-23
CITY SQUARE RESIDENCES,KITCHENER LINK,08,Non-Landed Properties,3,"5,150",110 to 120,"1,200 to 1,300",Feb-23
NON-LANDED HOUSING DEVELOPMENT,RANGOON ROAD,08,Non-Landed Properties,NA,"4,900",130 to 140,"1,400 to 1,500",Feb-23
UPTOWN @ FARRER,PERUMAL ROAD,08,Non-Landed Properties,2,"4,800",50 to 60,500 to 600,Feb-23
CITY SQUARE RESIDENCES,KITCHENER LINK,08,Non-Landed Properties,4,"7,000",140 to 150,"1,500 to 1,600",Feb-23
CITY SQUARE RESIDENCES,KITCHENER LINK,08,Non-Landed Properties,3,"7,000",110 to 120,"1,200 to 1,300",Feb-23
THE MERLOT,KENG LEE ROAD,08,Non-Landed Properties,2,"3,500",80 to 90,800 to 900,Feb-23
CITY LOFT,RACE COURSE ROAD,08,Non-Landed Properties,1,"2,850",30 to 40,300 to 400,Feb-23
KENG LEE VIEW,KENG LEE ROAD,08,Non-Landed Properties,NA,"3,800",110 to 120,"1,200 to 1,300",Feb-23
CITY SQUARE RESIDENCES,KITCHENER LINK,08,Non-Landed Properties,2,"4,800",70 to 80,800 to 900,Feb-23
CITIGATE RESIDENCE,RANGOON ROAD,08,Non-Landed Properties,1,"3,000",40 to 50,400 to 500,Feb-23
CITY SQUARE RESIDENCES,KITCHENER LINK,08,Non-Landed Properties,1,"3,500",50 to 60,500 to 600,Feb-23
UPTOWN @ FARRER,PERUMAL ROAD,08,Non-Landed Properties,2,"4,000",50 to 60,500 to 600,Feb-23
STURDEE RESIDENCES,BEATTY ROAD,08,Non-Landed Properties,2,"5,070",60 to 70,600 to 700,Feb-23
RESIDENCES @ SOMME,PETAIN ROAD,08,Non-Landed Properties,1,"3,000",40 to 50,400 to 500,Feb-23
CITYSCAPE @FARRER PARK,MERGUI ROAD,08,Non-Landed Properties,2,"4,800",100 to 110,"1,000 to 1,100",Feb-23
CITY SQUARE RESIDENCES,KITCHENER LINK,08,Non-Landed Properties,2,"4,800",70 to 80,800 to 900,Feb-23
D'CAMBRIDGE,CAMBRIDGE ROAD,08,Non-Landed Properties,2,"2,800",60 to 70,700 to 800,Feb-23
SOHO 188,RACE COURSE ROAD,08,Non-Landed Properties,1,"2,800",40 to 50,400 to 500,Feb-23
KENTISH GREEN,OXFORD ROAD,08,Non-Landed Properties,2,"3,800",110 to 120,"1,200 to 1,300",Feb-23
THE MERLOT,KENG LEE ROAD,08,Non-Landed Properties,1,"3,500",40 to 50,500 to 600,Feb-23
UPTOWN @ FARRER,PERUMAL ROAD,08,Non-Landed Properties,2,"4,000",50 to 60,500 to 600,Feb-23
JOOL SUITES,SING JOO WALK,08,Non-Landed Properties,1,"3,200",50 to 60,600 to 700,Feb-23
FORTE SUITES,MERGUI ROAD,08,Non-Landed Properties,2,"4,350",60 to 70,600 to 700,Feb-23
CAVAN SUITES,CAVAN ROAD,08,Non-Landed Properties,NA,"2,400",30 to 40,300 to 400,Feb-23
STUDIOS @ MARNE,MARNE ROAD,08,Non-Landed Properties,NA,"3,200",40 to 50,500 to 600,Feb-23
R66 APARTMENTS,RANGOON ROAD,08,Non-Landed Properties,1,"2,500",50 to 60,600 to 700,Feb-23
CAVAN SUITES,CAVAN ROAD,08,Non-Landed Properties,NA,"2,600",30 to 40,300 to 400,Feb-23
CITY SQUARE RESIDENCES,KITCHENER LINK,08,Non-Landed Properties,1,"3,800",50 to 60,500 to 600,Feb-23
FORTE SUITES,MERGUI ROAD,08,Non-Landed Properties,2,"3,600",50 to 60,600 to 700,Feb-23
KERRISDALE,STURDEE ROAD,08,Non-Landed Properties,3,"5,800",100 to 110,"1,100 to 1,200",Feb-23
KENTISH GREEN,OXFORD ROAD,08,Non-Landed Properties,2,"4,350",100 to 110,"1,000 to 1,100",Feb-23
CLYDES RESIDENCE,MERGUI ROAD,08,Non-Landed Properties,1,"2,200",40 to 50,500 to 600,Feb-23
SUITES 123,RANGOON ROAD,08,Non-Landed Properties,1,"3,400",60 to 70,600 to 700,Feb-23
CITY SQUARE RESIDENCES,KITCHENER LINK,08,Non-Landed Properties,3,"6,200",110 to 120,"1,200 to 1,300",Feb-23
STURDEE RESIDENCES,BEATTY ROAD,08,Non-Landed Properties,2,"4,600",60 to 70,600 to 700,Feb-23
KERRISDALE,STURDEE ROAD,08,Non-Landed Properties,3,"4,600",110 to 120,"1,200 to 1,300",Feb-23
KENT RESIDENCES,KENT ROAD,08,Non-Landed Properties,1,"3,700",50 to 60,500 to 600,Feb-23
THE CITRON RESIDENCES,MARNE ROAD,08,Non-Landed Properties,2,"3,700",60 to 70,600 to 700,Feb-23
STURDEE VIEW,STURDEE ROAD,08,Non-Landed Properties,3,"4,167",130 to 140,"1,400 to 1,500",Feb-23
STUDIOS @ MARNE,MARNE ROAD,08,Non-Landed Properties,NA,"2,500",50 to 60,500 to 600,Feb-23
CITY SQUARE RESIDENCES,KITCHENER LINK,08,Non-Landed Properties,1,"3,500",50 to 60,500 to 600,Feb-23
SOHO @ FARRER,RACE COURSE ROAD,08,Non-Landed Properties,1,"3,300",40 to 50,400 to 500,Feb-23
NON-LANDED HOUSING DEVELOPMENT,PENHAS ROAD,08,Non-Landed Properties,NA,"3,900",110 to 120,"1,100 to 1,200",Feb-23
SOHO @ FARRER,RACE COURSE ROAD,08,Non-Landed Properties,1,"3,000",40 to 50,400 to 500,Feb-23
CITY SQUARE RESIDENCES,KITCHENER LINK,08,Non-Landed Properties,1,"3,800",50 to 60,500 to 600,Feb-23
1953,TESSENSOHN ROAD,08,Non-Landed Properties,NA,"4,000",50 to 60,500 to 600,Feb-23
28 RC SUITES,RACE COURSE LANE,08,Non-Landed Properties,1,"2,800",30 to 40,400 to 500,Feb-23
KERRISDALE,STURDEE ROAD,08,Non-Landed Properties,2,"4,500",80 to 90,"900 to 1,000",Feb-23
FORTE SUITES,MERGUI ROAD,08,Non-Landed Properties,1,"2,900",40 to 50,400 to 500,Feb-23
KENT RESIDENCES,KENT ROAD,08,Non-Landed Properties,1,"3,400",80 to 90,"900 to 1,000",Feb-23
FORTE SUITES,MERGUI ROAD,08,Non-Landed Properties,2,"3,700",50 to 60,600 to 700,Feb-23
OXFORD SUITES,OXFORD ROAD,08,Non-Landed Properties,2,"4,000",90 to 100,"1,000 to 1,100",Feb-23
CITY SQUARE RESIDENCES,KITCHENER LINK,08,Non-Landed Properties,4,"6,400",140 to 150,"1,500 to 1,600",Feb-23
CITYLIGHTS,JELLICOE ROAD,08,Non-Landed Properties,3,"8,500",130 to 140,"1,400 to 1,500",Feb-23
1953,TESSENSOHN ROAD,08,Non-Landed Properties,NA,"3,900",50 to 60,600 to 700,Feb-23
CITY SQUARE RESIDENCES,KITCHENER LINK,08,Non-Landed Properties,1,"3,800",50 to 60,500 to 600,Feb-23
NON-LANDED HOUSING DEVELOPMENT,RANGOON ROAD,08,Non-Landed Properties,NA,"4,300",110 to 120,"1,200 to 1,300",Feb-23
NON-LANDED HOUSING DEVELOPMENT,HORNE ROAD,08,Non-Landed Properties,NA,"4,800",80 to 90,"900 to 1,000",Feb-23
RANGOON 88,RANGOON ROAD,08,Non-Landed Properties,1,"3,100",50 to 60,500 to 600,Feb-23
CITYLIGHTS,JELLICOE ROAD,08,Non-Landed Properties,3,"4,500",120 to 130,"1,300 to 1,400",Feb-23
HERTFORD COLLECTION,HERTFORD ROAD,08,Non-Landed Properties,NA,"2,800",50 to 60,500 to 600,Feb-23
R66 APARTMENTS,RANGOON ROAD,08,Non-Landed Properties,2,"5,500",100 to 110,"1,100 to 1,200",Feb-23
NON-LANDED HOUSING DEVELOPMENT,RANGOON ROAD,08,Non-Landed Properties,NA,"2,900",60 to 70,600 to 700,Feb-23
CITY SQUARE RESIDENCES,KITCHENER LINK,08,Non-Landed Properties,1,"3,900",50 to 60,500 to 600,Feb-23
UPTOWN @ FARRER,PERUMAL ROAD,08,Non-Landed Properties,3,"5,600",60 to 70,600 to 700,Feb-23
CITYSCAPE @FARRER PARK,MERGUI ROAD,08,Non-Landed Properties,3,"8,000",110 to 120,"1,200 to 1,300",Feb-23
CAVAN SUITES,CAVAN ROAD,08,Non-Landed Properties,NA,"2,500",30 to 40,300 to 400,Feb-23
RITZ @ FARRER,RACE COURSE ROAD,08,Non-Landed Properties,2,"4,300",100 to 110,"1,000 to 1,100",Feb-23
CITY SQUARE RESIDENCES,KITCHENER LINK,08,Non-Landed Properties,1,"3,900",50 to 60,500 to 600,Feb-23
CITY SQUARE RESIDENCES,KITCHENER LINK,08,Non-Landed Properties,2,"4,500",70 to 80,800 to 900,Feb-23
CITYLIGHTS,JELLICOE ROAD,08,Non-Landed Properties,1,"4,600",60 to 70,600 to 700,Feb-23
CITY LOFT,RACE COURSE ROAD,08,Non-Landed Properties,1,"2,400",30 to 40,300 to 400,Feb-23
KERRISDALE,STURDEE ROAD,08,Non-Landed Properties,4,"8,250",130 to 140,"1,300 to 1,400",Feb-23
THE CITRON RESIDENCES,MARNE ROAD,08,Non-Landed Properties,2,"4,200",60 to 70,700 to 800,Feb-23
CITY SQUARE RESIDENCES,KITCHENER LINK,08,Non-Landed Properties,3,"5,800",110 to 120,"1,200 to 1,300",Feb-23
CITYLIGHTS,JELLICOE ROAD,08,Non-Landed Properties,2,"6,300",80 to 90,"900 to 1,000",Feb-23
CARLYX GREEN,CARLISLE ROAD,08,Non-Landed Properties,1,"3,500",40 to 50,400 to 500,Feb-23
CITYLIGHTS,JELLICOE ROAD,08,Non-Landed Properties,2,"4,300",80 to 90,"900 to 1,000",Feb-23
THE URBANITE,HERTFORD ROAD,08,Non-Landed Properties,2,"3,300",60 to 70,600 to 700,Feb-23
FORTE SUITES,MERGUI ROAD,08,Non-Landed Properties,2,"4,000",50 to 60,600 to 700,Feb-23
STURDEE RESIDENCES,BEATTY ROAD,08,Non-Landed Properties,1,"3,500",30 to 40,400 to 500,Feb-23
CITYLIGHTS,JELLICOE ROAD,08,Non-Landed Properties,1,"4,700",60 to 70,600 to 700,Feb-23
RESIDENCES @ SOMME,PETAIN ROAD,08,Non-Landed Properties,1,"3,200",40 to 50,500 to 600,Feb-23
NON-LANDED HOUSING DEVELOPMENT,RACE COURSE ROAD,08,Non-Landed Properties,1,"2,200",30 to 40,300 to 400,Feb-23
STURDEE RESIDENCES,BEATTY ROAD,08,Non-Landed Properties,2,"4,100",60 to 70,600 to 700,Feb-23
CAVAN SUITES,CAVAN ROAD,08,Non-Landed Properties,1,"3,000",60 to 70,600 to 700,Feb-23
LOFT @ RANGOON,RANGOON ROAD,08,Non-Landed Properties,1,"3,100",40 to 50,400 to 500,Feb-23
VOGX,DORSET ROAD,08,Non-Landed Properties,2,"4,100",80 to 90,800 to 900,Feb-23
CITYSCAPE @FARRER PARK,MERGUI ROAD,08,Non-Landed Properties,2,"4,200",100 to 110,"1,000 to 1,100",Feb-23
CITY SQUARE RESIDENCES,KITCHENER LINK,08,Non-Landed Properties,3,"5,500",110 to 120,"1,200 to 1,300",Feb-23
CITY SQUARE RESIDENCES,KITCHENER LINK,08,Non-Landed Properties,3,"5,800",110 to 120,"1,200 to 1,300",Feb-23
8 FARRER SUITES,SING JOO WALK,08,Non-Landed Properties,3,"4,600",90 to 100,"900 to 1,000",Feb-23
SUITES @ OWEN,OWEN ROAD,08,Non-Landed Properties,1,"3,300",50 to 60,600 to 700,Feb-23
MERA SPRINGS,CARLISLE ROAD,08,Non-Landed Properties,3,"5,500",120 to 130,"1,200 to 1,300",Feb-23
PRISTINE HEIGHTS,MERGUI ROAD,08,Non-Landed Properties,3,"4,600",70 to 80,800 to 900,Feb-23
MERA SPRINGS,CARLISLE ROAD,08,Non-Landed Properties,2,"4,800",90 to 100,"1,000 to 1,100",Feb-23
CITY LOFT,RACE COURSE ROAD,08,Non-Landed Properties,1,"3,000",30 to 40,300 to 400,Feb-23
KENT RESIDENCES,KENT ROAD,08,Non-Landed Properties,1,"3,000",30 to 40,400 to 500,Feb-23
RANGOON 88,RANGOON ROAD,08,Non-Landed Properties,1,"3,200",50 to 60,500 to 600,Feb-23
CITYLIGHTS,JELLICOE ROAD,08,Non-Landed Properties,1,"3,800",60 to 70,600 to 700,Feb-23
ZAMAN CENTRE,ROBERTS LANE,08,Non-Landed Properties,3,"35,700",440 to 450,"4,700 to 4,800",Feb-23
28 RC SUITES,RACE COURSE LANE,08,Non-Landed Properties,1,"2,800",40 to 50,400 to 500,Feb-23
RACE COURSE 138,RACE COURSE ROAD,08,Non-Landed Properties,1,"2,350",40 to 50,400 to 500,Feb-23
CITYLIGHTS,JELLICOE ROAD,08,Non-Landed Properties,3,"7,500",130 to 140,"1,400 to 1,500",Feb-23
SOHO 188,RACE COURSE ROAD,08,Non-Landed Properties,1,"3,500",60 to 70,600 to 700,Feb-23
CITY SQUARE RESIDENCES,KITCHENER LINK,08,Non-Landed Properties,2,"4,300",70 to 80,800 to 900,Feb-23
STURDEE RESIDENCES,BEATTY ROAD,08,Non-Landed Properties,1,"3,300",30 to 40,400 to 500,Feb-23
MERA SPRINGS,CARLISLE ROAD,08,Non-Landed Properties,3,"5,000",120 to 130,"1,200 to 1,300",Feb-23
CITY SQUARE RESIDENCES,KITCHENER LINK,08,Non-Landed Properties,3,"5,450",110 to 120,"1,200 to 1,300",Feb-23
CITY STUDIOS,RACE COURSE LANE,08,Non-Landed Properties,2,"4,300",70 to 80,800 to 900,Feb-23
CITYLIGHTS,JELLICOE ROAD,08,Non-Landed Properties,1,"4,000",50 to 60,500 to 600,Feb-23
CITY SQUARE RESIDENCES,KITCHENER LINK,08,Non-Landed Properties,3,"5,500",110 to 120,"1,100 to 1,200",Feb-23
MERA SPRINGS,CARLISLE ROAD,08,Non-Landed Properties,3,"5,000",120 to 130,"1,200 to 1,300",Feb-23
HOA NAM BUILDING,FOCH ROAD,08,Non-Landed Properties,2,"3,300",70 to 80,800 to 900,Feb-23
KERRISDALE,STURDEE ROAD,08,Non-Landed Properties,3,"5,600",100 to 110,"1,100 to 1,200",Feb-23
CITY SQUARE RESIDENCES,KITCHENER LINK,08,Non-Landed Properties,1,"3,500",50 to 60,500 to 600,Feb-23
KERRISDALE,STURDEE ROAD,08,Non-Landed Properties,2,"4,000",80 to 90,"900 to 1,000",Feb-23
KENTISH GREEN,OXFORD ROAD,08,Non-Landed Properties,2,"4,700",100 to 110,"1,000 to 1,100",Feb-23
28 RC SUITES,RACE COURSE LANE,08,Non-Landed Properties,1,"3,200",50 to 60,600 to 700,Feb-23
NON-LANDED HOUSING DEVELOPMENT,DORSET ROAD,08,Non-Landed Properties,NA,"3,400",80 to 90,"900 to 1,000",Feb-23
NON-LANDED HOUSING DEVELOPMENT,RACE COURSE ROAD,08,Non-Landed Properties,NA,"2,500",80 to 90,800 to 900,Feb-23
NON-LANDED HOUSING DEVELOPMENT,RACE COURSE ROAD,08,Non-Landed Properties,NA,"2,500",90 to 100,"900 to 1,000",Feb-23
NON-LANDED HOUSING DEVELOPMENT,HAMILTON ROAD,08,Non-Landed Properties,NA,"2,520",80 to 90,"900 to 1,000",Feb-23
NON-LANDED HOUSING DEVELOPMENT,JALAN BESAR,08,Non-Landed Properties,NA,"2,200",50 to 60,600 to 700,Feb-23
NON-LANDED HOUSING DEVELOPMENT,SING AVENUE,08,Non-Landed Properties,NA,"5,000",100 to 110,"1,000 to 1,100",Feb-23
NON-LANDED HOUSING DEVELOPMENT,RACE COURSE ROAD,08,Non-Landed Properties,NA,"1,906",30 to 40,300 to 400,Feb-23
STUDIOS @ MARNE,MARNE ROAD,08,Non-Landed Properties,NA,"2,600",40 to 50,500 to 600,Feb-23
CITY SQUARE RESIDENCES,KITCHENER LINK,08,Non-Landed Properties,2,"4,500",70 to 80,800 to 900,Feb-23
FARRER PARK SUITES,OWEN ROAD,08,Non-Landed Properties,1,"3,600",50 to 60,500 to 600,Feb-23
NON-LANDED HOUSING DEVELOPMENT,JOO AVENUE,08,Non-Landed Properties,NA,"4,000",80 to 90,"900 to 1,000",Feb-23
NON-LANDED HOUSING DEVELOPMENT,BRISTOL ROAD,08,Non-Landed Properties,NA,"3,600",140 to 150,"1,500 to 1,600",Feb-23
NON-LANDED HOUSING DEVELOPMENT,OWEN ROAD,08,Non-Landed Properties,NA,"4,000",70 to 80,700 to 800,Feb-23
NON-LANDED HOUSING DEVELOPMENT,BEATTY ROAD,08,Non-Landed Properties,NA,"4,250",110 to 120,"1,200 to 1,300",Feb-23
PRISTINE HEIGHTS,MERGUI ROAD,08,Non-Landed Properties,3,"5,070",100 to 110,"1,000 to 1,100",Feb-23
JOOL SUITES,SING JOO WALK,08,Non-Landed Properties,1,"4,000",60 to 70,600 to 700,Feb-23
NON-LANDED HOUSING DEVELOPMENT,HERTFORD ROAD,08,Non-Landed Properties,NA,"4,000",100 to 110,"1,100 to 1,200",Feb-23
CITY SQUARE RESIDENCES,KITCHENER LINK,08,Non-Landed Properties,3,"3,900",110 to 120,"1,200 to 1,300",Feb-23
CAVAN SUITES,CAVAN ROAD,08,Non-Landed Properties,NA,"2,500",40 to 50,400 to 500,Feb-23
KENG LEE COURT,KENG LEE ROAD,08,Non-Landed Properties,3,"4,000",80 to 90,"900 to 1,000",Feb-23
RANGOON 88,RANGOON ROAD,08,Non-Landed Properties,1,"2,880",40 to 50,400 to 500,Feb-23
STURDEE RESIDENCES,BEATTY ROAD,08,Non-Landed Properties,2,"4,000",60 to 70,600 to 700,Feb-23
STURDEE RESIDENCES,BEATTY ROAD,08,Non-Landed Properties,2,"5,517",60 to 70,600 to 700,Jan-23
KERRISDALE,STURDEE ROAD,08,Non-Landed Properties,3,"5,400",110 to 120,"1,200 to 1,300",Jan-23
FARRER PARK SUITES,OWEN ROAD,08,Non-Landed Properties,NA,"2,400",40 to 50,400 to 500,Jan-23
NON-LANDED HOUSING DEVELOPMENT,FLANDERS SQUARE,08,Non-Landed Properties,NA,"4,300",90 to 100,"900 to 1,000",Jan-23
CITYLIGHTS,JELLICOE ROAD,08,Non-Landed Properties,3,"6,500",120 to 130,"1,300 to 1,400",Jan-23
R66 APARTMENTS,RANGOON ROAD,08,Non-Landed Properties,1,"3,000",30 to 40,300 to 400,Jan-23
CITY SQUARE RESIDENCES,KITCHENER LINK,08,Non-Landed Properties,2,"4,800",70 to 80,800 to 900,Jan-23
CITY SQUARE RESIDENCES,KITCHENER LINK,08,Non-Landed Properties,2,"5,000",70 to 80,800 to 900,Jan-23
CITYLIGHTS,JELLICOE ROAD,08,Non-Landed Properties,1,"4,200",60 to 70,600 to 700,Jan-23
CITY SQUARE RESIDENCES,KITCHENER LINK,08,Non-Landed Properties,3,"4,500",110 to 120,"1,200 to 1,300",Jan-23
FORTE SUITES,MERGUI ROAD,08,Non-Landed Properties,2,"3,000",50 to 60,600 to 700,Jan-23
CITY SQUARE RESIDENCES,KITCHENER LINK,08,Non-Landed Properties,2,"4,400",80 to 90,800 to 900,Jan-23
VOGX,DORSET ROAD,08,Non-Landed Properties,2,"4,500",80 to 90,800 to 900,Jan-23
CITY SQUARE RESIDENCES,KITCHENER LINK,08,Non-Landed Properties,1,"4,000",50 to 60,500 to 600,Jan-23
SOHO 188,RACE COURSE ROAD,08,Non-Landed Properties,1,"3,200",40 to 50,400 to 500,Jan-23
28 RC SUITES,RACE COURSE LANE,08,Non-Landed Properties,1,"2,800",30 to 40,400 to 500,Jan-23
PARC SOMME,SOMME ROAD,08,Non-Landed Properties,1,"3,100",30 to 40,300 to 400,Jan-23
JOOL SUITES,SING JOO WALK,08,Non-Landed Properties,1,"3,500",30 to 40,400 to 500,Jan-23
CITYLIGHTS,JELLICOE ROAD,08,Non-Landed Properties,1,"4,600",60 to 70,600 to 700,Jan-23
CITY SQUARE RESIDENCES,KITCHENER LINK,08,Non-Landed Properties,4,"6,188",140 to 150,"1,500 to 1,600",Jan-23
CITYLIGHTS,JELLICOE ROAD,08,Non-Landed Properties,2,"5,500",80 to 90,800 to 900,Jan-23
KERRISDALE,STURDEE ROAD,08,Non-Landed Properties,4,"7,000",130 to 140,"1,300 to 1,400",Jan-23
CITY SQUARE RESIDENCES,KITCHENER LINK,08,Non-Landed Properties,2,"5,200",80 to 90,800 to 900,Jan-23
URBAN LOFTS,RANGOON ROAD,08,Non-Landed Properties,1,"2,400",30 to 40,400 to 500,Jan-23
CITY SQUARE RESIDENCES,KITCHENER LINK,08,Non-Landed Properties,2,"4,500",70 to 80,800 to 900,Jan-23
CLYDES RESIDENCE,MERGUI ROAD,08,Non-Landed Properties,2,"3,500",90 to 100,"1,000 to 1,100",Jan-23
CITYSCAPE @FARRER PARK,MERGUI ROAD,08,Non-Landed Properties,2,"4,000",90 to 100,"900 to 1,000",Jan-23
NON-LANDED HOUSING DEVELOPMENT,OWEN ROAD,08,Non-Landed Properties,NA,"4,300",80 to 90,"900 to 1,000",Jan-23
CITYLIGHTS,JELLICOE ROAD,08,Non-Landed Properties,2,"4,700",80 to 90,800 to 900,Jan-23
JOOL SUITES,SING JOO WALK,08,Non-Landed Properties,1,"2,900",30 to 40,300 to 400,Jan-23
CITYSCAPE @FARRER PARK,MERGUI ROAD,08,Non-Landed Properties,3,"3,800",120 to 130,"1,300 to 1,400",Jan-23
KERRISDALE,STURDEE ROAD,08,Non-Landed Properties,2,"4,200",90 to 100,"900 to 1,000",Jan-23
CITIGATE RESIDENCE,RANGOON ROAD,08,Non-Landed Properties,2,"4,200",70 to 80,700 to 800,Jan-23
CITYLIGHTS,JELLICOE ROAD,08,Non-Landed Properties,1,"4,400",60 to 70,600 to 700,Jan-23
8 FARRER SUITES,SING JOO WALK,08,Non-Landed Properties,3,"5,900",90 to 100,"900 to 1,000",Jan-23
THE MERLOT,KENG LEE ROAD,08,Non-Landed Properties,1,"3,300",40 to 50,500 to 600,Jan-23
JOOL SUITES,SING JOO WALK,08,Non-Landed Properties,1,"3,150",30 to 40,300 to 400,Jan-23
NON-LANDED HOUSING DEVELOPMENT,CAMBRIDGE ROAD,08,Non-Landed Properties,NA,"3,500",110 to 120,"1,200 to 1,300",Jan-23
NON-LANDED HOUSING DEVELOPMENT,RACE COURSE ROAD,08,Non-Landed Properties,NA,"1,906",20 to 30,200 to 300,Jan-23
STURDEE RESIDENCES,BEATTY ROAD,08,Non-Landed Properties,2,"5,750",60 to 70,600 to 700,Jan-23
RANGOON 88,RANGOON ROAD,08,Non-Landed Properties,1,"3,000",30 to 40,400 to 500,Jan-23
CITIGATE RESIDENCE,RANGOON ROAD,08,Non-Landed Properties,1,"2,800",40 to 50,500 to 600,Jan-23
MERA SPRINGS,CARLISLE ROAD,08,Non-Landed Properties,3,"4,800",120 to 130,"1,200 to 1,300",Jan-23
NON-LANDED HOUSING DEVELOPMENT,SERANGOON ROAD,08,Non-Landed Properties,NA,"3,500",100 to 110,"1,100 to 1,200",Jan-23
GOODLAND BUILDING,ROBERTS LANE,08,Non-Landed Properties,2,"3,150",80 to 90,"900 to 1,000",Jan-23
KENT RESIDENCES,KENT ROAD,08,Non-Landed Properties,1,"3,000",50 to 60,600 to 700,Jan-23
CITY SQUARE RESIDENCES,KITCHENER LINK,08,Non-Landed Properties,2,"4,250",80 to 90,800 to 900,Jan-23
CITY LOFT,RACE COURSE ROAD,08,Non-Landed Properties,1,"2,800",30 to 40,300 to 400,Jan-23
STURDEE RESIDENCES,BEATTY ROAD,08,Non-Landed Properties,3,"5,500",70 to 80,800 to 900,Jan-23
CITY SQUARE RESIDENCES,KITCHENER LINK,08,Non-Landed Properties,2,"5,000",80 to 90,800 to 900,Jan-23
CITY SQUARE RESIDENCES,KITCHENER LINK,08,Non-Landed Properties,4,"7,500",130 to 140,"1,400 to 1,500",Jan-23
CITY SQUARE RESIDENCES,KITCHENER LINK,08,Non-Landed Properties,3,"6,000",110 to 120,"1,100 to 1,200",Jan-23
STURDEE RESIDENCES,BEATTY ROAD,08,Non-Landed Properties,2,"3,700",60 to 70,600 to 700,Jan-23
CITYLIGHTS,JELLICOE ROAD,08,Non-Landed Properties,2,"5,200",80 to 90,800 to 900,Jan-23
CITYLIGHTS,JELLICOE ROAD,08,Non-Landed Properties,1,"4,750",60 to 70,700 to 800,Jan-23
THE MERLOT,KENG LEE ROAD,08,Non-Landed Properties,1,"3,000",40 to 50,500 to 600,Jan-23
CITYLIGHTS,JELLICOE ROAD,08,Non-Landed Properties,1,"4,500",60 to 70,600 to 700,Jan-23
JALAN BESAR PLAZA,KITCHENER ROAD,08,Non-Landed Properties,2,"3,600",80 to 90,"900 to 1,000",Jan-23
CITY SQUARE RESIDENCES,KITCHENER LINK,08,Non-Landed Properties,3,"5,800",110 to 120,"1,200 to 1,300",Jan-23
CITY SQUARE RESIDENCES,KITCHENER LINK,08,Non-Landed Properties,2,"5,500",80 to 90,800 to 900,Jan-23
CITY SQUARE RESIDENCES,KITCHENER LINK,08,Non-Landed Properties,3,"6,300",110 to 120,"1,200 to 1,300",Jan-23
CITY SQUARE RESIDENCES,KITCHENER LINK,08,Non-Landed Properties,2,"4,300",90 to 100,"900 to 1,000",Jan-23
28 RC SUITES,RACE COURSE LANE,08,Non-Landed Properties,1,"3,000",40 to 50,400 to 500,Jan-23
STURDEE RESIDENCES,BEATTY ROAD,08,Non-Landed Properties,1,"4,278",30 to 40,400 to 500,Jan-23
MERA SPRINGS,CARLISLE ROAD,08,Non-Landed Properties,2,"4,500",90 to 100,"1,000 to 1,100",Jan-23
NON-LANDED HOUSING DEVELOPMENT,HAMILTON ROAD,08,Non-Landed Properties,NA,"4,000",80 to 90,"900 to 1,000",Jan-23
NON-LANDED HOUSING DEVELOPMENT,HAMILTON ROAD,08,Non-Landed Properties,NA,"2,600",140 to 150,"1,500 to 1,600",Jan-23
STURDEE RESIDENCES,BEATTY ROAD,08,Non-Landed Properties,2,"4,000",60 to 70,700 to 800,Jan-23
KENTISH COURT,OXFORD ROAD,08,Non-Landed Properties,2,"4,700",90 to 100,"1,000 to 1,100",Jan-23
CITY SQUARE RESIDENCES,KITCHENER LINK,08,Non-Landed Properties,3,"6,800",110 to 120,"1,100 to 1,200",Jan-23
CLYDES RESIDENCE,MERGUI ROAD,08,Non-Landed Properties,1,"3,400",40 to 50,500 to 600,Jan-23
MERA SPRINGS,CARLISLE ROAD,08,Non-Landed Properties,4,"5,500",140 to 150,"1,500 to 1,600",Jan-23
CITY SQUARE RESIDENCES,KITCHENER LINK,08,Non-Landed Properties,2,"3,700",80 to 90,800 to 900,Jan-23
NON-LANDED HOUSING DEVELOPMENT,SING AVENUE,08,Non-Landed Properties,NA,"4,900",80 to 90,800 to 900,Jan-23
NON-LANDED HOUSING DEVELOPMENT,RANGOON ROAD,08,Non-Landed Properties,NA,"4,500",110 to 120,"1,200 to 1,300",Jan-23
CITY SQUARE RESIDENCES,KITCHENER LINK,08,Non-Landed Properties,2,"4,000",80 to 90,800 to 900,Jan-23
28 RC SUITES,RACE COURSE LANE,08,Non-Landed Properties,1,"2,350",30 to 40,400 to 500,Jan-23
CITY SQUARE RESIDENCES,KITCHENER LINK,08,Non-Landed Properties,1,"3,800",50 to 60,500 to 600,Jan-23
KENG LEE COURT,KENG LEE ROAD,08,Non-Landed Properties,2,"3,000",50 to 60,600 to 700,Jan-23
CITY SQUARE RESIDENCES,KITCHENER LINK,08,Non-Landed Properties,2,"4,500",70 to 80,800 to 900,Jan-23
CITY SQUARE RESIDENCES,KITCHENER LINK,08,Non-Landed Properties,4,"6,800",140 to 150,"1,500 to 1,600",Jan-23
NON-LANDED HOUSING DEVELOPMENT,HAMILTON ROAD,08,Non-Landed Properties,NA,"4,000",140 to 150,"1,500 to 1,600",Jan-23
NON-LANDED HOUSING DEVELOPMENT,JOO AVENUE,08,Non-Landed Properties,NA,"4,500",110 to 120,"1,200 to 1,300",Jan-23
UPTOWN @ FARRER,PERUMAL ROAD,08,Non-Landed Properties,3,"5,300",70 to 80,700 to 800,Jan-23
CITYLIGHTS,JELLICOE ROAD,08,Non-Landed Properties,3,"7,500",130 to 140,"1,400 to 1,500",Jan-23
NON-LANDED HOUSING DEVELOPMENT,SING AVENUE,08,Non-Landed Properties,NA,"3,200",110 to 120,"1,200 to 1,300",Jan-23
CITYLIGHTS,JELLICOE ROAD,08,Non-Landed Properties,2,"4,400",80 to 90,800 to 900,Jan-23
CITYLIGHTS,JELLICOE ROAD,08,Non-Landed Properties,1,"4,500",60 to 70,600 to 700,Jan-23
UPTOWN @ FARRER,PERUMAL ROAD,08,Non-Landed Properties,NA,"4,000",40 to 50,500 to 600,Jan-23
JOOL SUITES,SING JOO WALK,08,Non-Landed Properties,1,"3,000",30 to 40,400 to 500,Jan-23
URBAN LOFTS,RANGOON ROAD,08,Non-Landed Properties,1,"2,400",30 to 40,400 to 500,Jan-23
CAVAN SUITES,CAVAN ROAD,08,Non-Landed Properties,NA,"2,400",30 to 40,300 to 400,Jan-23
CITY SQUARE RESIDENCES,KITCHENER LINK,08,Non-Landed Properties,3,"7,300",110 to 120,"1,200 to 1,300",Jan-23
CITYLIGHTS,JELLICOE ROAD,08,Non-Landed Properties,1,"4,000",50 to 60,500 to 600,Jan-23
STURDEE RESIDENCES,BEATTY ROAD,08,Non-Landed Properties,2,"1,370",50 to 60,500 to 600,Jan-23
STURDEE RESIDENCES,BEATTY ROAD,08,Non-Landed Properties,1,"3,700",30 to 40,400 to 500,Jan-23
URBAN LOFTS,RANGOON ROAD,08,Non-Landed Properties,1,"3,200",40 to 50,400 to 500,Jan-23
STURDEE RESIDENCES,BEATTY ROAD,08,Non-Landed Properties,3,"7,100",120 to 130,"1,300 to 1,400",Jan-23
PARC SOMME,SOMME ROAD,08,Non-Landed Properties,1,"3,000",40 to 50,400 to 500,Jan-23
CITYLIGHTS,JELLICOE ROAD,08,Non-Landed Properties,1,"3,800",60 to 70,600 to 700,Jan-23
VANADIUM,HERTFORD ROAD,08,Non-Landed Properties,2,"3,500",70 to 80,700 to 800,Jan-23
CITY SQUARE RESIDENCES,KITCHENER LINK,08,Non-Landed Properties,4,"7,200",140 to 150,"1,500 to 1,600",Jan-23
CITY SQUARE RESIDENCES,KITCHENER LINK,08,Non-Landed Properties,1,"3,200",50 to 60,500 to 600,Jan-23
UPTOWN @ FARRER,PERUMAL ROAD,08,Non-Landed Properties,3,"5,300",60 to 70,600 to 700,Jan-23
MERA SPRINGS,CARLISLE ROAD,08,Non-Landed Properties,2,"4,300",90 to 100,"1,000 to 1,100",Jan-23
FORTE SUITES,MERGUI ROAD,08,Non-Landed Properties,3,"3,200",50 to 60,600 to 700,Jan-23
JOOL SUITES,SING JOO WALK,08,Non-Landed Properties,1,"3,200",30 to 40,300 to 400,Jan-23
CARLYX RESIDENCE,CARLISLE ROAD,08,Non-Landed Properties,1,"2,400",50 to 60,500 to 600,Jan-23
STURDEE RESIDENCES,BEATTY ROAD,08,Non-Landed Properties,1,"3,700",30 to 40,400 to 500,Jan-23
FORTE SUITES,MERGUI ROAD,08,Non-Landed Properties,2,"3,400",50 to 60,600 to 700,Jan-23
28 RC SUITES,RACE COURSE LANE,08,Non-Landed Properties,1,"4,000",70 to 80,800 to 900,Jan-23
NON-LANDED HOUSING DEVELOPMENT,OWEN ROAD,08,Non-Landed Properties,NA,"3,300",70 to 80,700 to 800,Jan-23
CITY SQUARE RESIDENCES,KITCHENER LINK,08,Non-Landed Properties,4,"7,250",140 to 150,"1,500 to 1,600",Jan-23
70@TRURO,TRURO ROAD,08,Non-Landed Properties,3,"3,800",70 to 80,800 to 900,Jan-23
CITYLIGHTS,JELLICOE ROAD,08,Non-Landed Properties,1,"4,200",60 to 70,600 to 700,Jan-23
THE CITRON RESIDENCES,MARNE ROAD,08,Non-Landed Properties,1,"3,000",30 to 40,300 to 400,Jan-23
THE CITRON RESIDENCES,MARNE ROAD,08,Non-Landed Properties,2,"3,800",60 to 70,600 to 700,Jan-23
UPTOWN @ FARRER,PERUMAL ROAD,08,Non-Landed Properties,2,"4,000",50 to 60,500 to 600,Jan-23
FARRER PARK SUITES,OWEN ROAD,08,Non-Landed Properties,NA,"3,400",40 to 50,500 to 600,Jan-23
CITYSCAPE @FARRER PARK,MERGUI ROAD,08,Non-Landed Properties,3,"5,000",120 to 130,"1,300 to 1,400",Jan-23
FARRER PARK SUITES,OWEN ROAD,08,Non-Landed Properties,NA,"2,750",30 to 40,300 to 400,Jan-23
CITYLIGHTS,JELLICOE ROAD,08,Non-Landed Properties,1,"3,800",60 to 70,600 to 700,Jan-23
NON-LANDED HOUSING DEVELOPMENT,UPPER WELD ROAD,08,Non-Landed Properties,NA,"8,985",220 to 230,"2,300 to 2,400",Jan-23
NON-LANDED HOUSING DEVELOPMENT,RACE COURSE ROAD,08,Non-Landed Properties,NA,"13,500",260 to 270,"2,800 to 2,900",Jan-23
NON-LANDED HOUSING DEVELOPMENT,PENHAS ROAD,08,Non-Landed Properties,NA,"3,800",100 to 110,"1,100 to 1,200",Jan-23
NON-LANDED HOUSING DEVELOPMENT,HORNE ROAD,08,Non-Landed Properties,NA,"4,100",120 to 130,"1,300 to 1,400",Jan-23
NON-LANDED HOUSING DEVELOPMENT,STARLIGHT ROAD,08,Non-Landed Properties,NA,"3,000",70 to 80,800 to 900,Jan-23
NON-LANDED HOUSING DEVELOPMENT,RACE COURSE ROAD,08,Non-Landed Properties,NA,"2,014",30 to 40,300 to 400,Jan-23
NON-LANDED HOUSING DEVELOPMENT,SING AVENUE,08,Non-Landed Properties,NA,"2,750",100 to 110,"1,100 to 1,200",Jan-23
NON-LANDED HOUSING DEVELOPMENT,JOO AVENUE,08,Non-Landed Properties,NA,"3,200",90 to 100,"900 to 1,000",Jan-23
NON-LANDED HOUSING DEVELOPMENT,RACE COURSE ROAD,08,Non-Landed Properties,NA,"1,960",30 to 40,300 to 400,Jan-23
NON-LANDED HOUSING DEVELOPMENT,HAMILTON ROAD,08,Non-Landed Properties,NA,"2,400",130 to 140,"1,400 to 1,500",Jan-23
NON-LANDED HOUSING DEVELOPMENT,STARLIGHT ROAD,08,Non-Landed Properties,NA,"3,000",60 to 70,700 to 800,Jan-23
NON-LANDED HOUSING DEVELOPMENT,RACE COURSE ROAD,08,Non-Landed Properties,NA,"1,950",20 to 30,200 to 300,Jan-23
NON-LANDED HOUSING DEVELOPMENT,CAMBRIDGE ROAD,08,Non-Landed Properties,NA,"2,800",70 to 80,800 to 900,Jan-23
NON-LANDED HOUSING DEVELOPMENT,SERANGOON ROAD,08,Non-Landed Properties,NA,"3,100",60 to 70,700 to 800,Jan-23
NON-LANDED HOUSING DEVELOPMENT,JOO AVENUE,08,Non-Landed Properties,NA,"3,500",80 to 90,"900 to 1,000",Jan-23
NON-LANDED HOUSING DEVELOPMENT,DORSET ROAD,08,Non-Landed Properties,NA,"4,000",70 to 80,800 to 900,Jan-23
NON-LANDED HOUSING DEVELOPMENT,HORNE ROAD,08,Non-Landed Properties,NA,"4,200",80 to 90,"900 to 1,000",Jan-23
NON-LANDED HOUSING DEVELOPMENT,SERANGOON ROAD,08,Non-Landed Properties,NA,"3,000",60 to 70,700 to 800,Jan-23
HOA NAM BUILDING,FOCH ROAD,08,Non-Landed Properties,2,"3,000",80 to 90,800 to 900,Jan-23
JALAN BESAR PLAZA,KITCHENER ROAD,08,Non-Landed Properties,4,"4,350",140 to 150,"1,500 to 1,600",Jan-23
LITTLE INDIA CONSERVATION AREA,CUFF ROAD,08,Non-Landed Properties,NA,"4,750",160 to 170,"1,700 to 1,800",Jan-23
NON-LANDED HOUSING DEVELOPMENT,HAMILTON ROAD,08,Non-Landed Properties,NA,"2,800",130 to 140,"1,400 to 1,500",Jan-23
VOGX,DORSET ROAD,08,Non-Landed Properties,1,"3,500",50 to 60,500 to 600,Jan-23
JALAN BESAR PLAZA,KITCHENER ROAD,08,Non-Landed Properties,4,"3,300",140 to 150,"1,500 to 1,600",Jan-23
70@TRURO,TRURO ROAD,08,Non-Landed Properties,2,"2,900",40 to 50,400 to 500,Jan-23
CITY LOFT,RACE COURSE ROAD,08,Non-Landed Properties,1,"2,750",30 to 40,300 to 400,Jan-23
STURDEE RESIDENCES,BEATTY ROAD,08,Non-Landed Properties,1,"3,000",30 to 40,400 to 500,Jan-23
KENTISH LODGE,OXFORD ROAD,08,Non-Landed Properties,3,"3,000",110 to 120,"1,100 to 1,200",Jan-23
CITYLIGHTS,JELLICOE ROAD,08,Non-Landed Properties,1,"4,400",60 to 70,700 to 800,Jan-23
MERA SPRINGS,CARLISLE ROAD,08,Non-Landed Properties,2,"4,000",90 to 100,"1,000 to 1,100",Jan-23
CITY SQUARE RESIDENCES,KITCHENER LINK,08,Non-Landed Properties,3,"7,000",110 to 120,"1,200 to 1,300",Jan-23
CITY SQUARE RESIDENCES,KITCHENER LINK,08,Non-Landed Properties,2,"4,500",70 to 80,800 to 900,Jan-23
URBAN LOFTS,RANGOON ROAD,08,Non-Landed Properties,2,"4,500",110 to 120,"1,100 to 1,200",Jan-23
THE URBANITE,HERTFORD ROAD,08,Non-Landed Properties,1,"3,000",60 to 70,600 to 700,Jan-23
THE URBANITE,HERTFORD ROAD,08,Non-Landed Properties,1,"2,600",40 to 50,400 to 500,Jan-23
CITY SQUARE RESIDENCES,KITCHENER LINK,08,Non-Landed Properties,2,"4,500",70 to 80,800 to 900,Jan-23
CITYLIGHTS,JELLICOE ROAD,08,Non-Landed Properties,2,"5,000",80 to 90,"900 to 1,000",Jan-23
KING'S COURT,NORFOLK ROAD,08,Non-Landed Properties,3,"4,200",210 to 220,"2,300 to 2,400",Jan-23
CITYLIGHTS,JELLICOE ROAD,08,Non-Landed Properties,2,"5,200",80 to 90,800 to 900,Jan-23
STURDEE RESIDENCES,BEATTY ROAD,08,Non-Landed Properties,5,"8,500",140 to 150,"1,500 to 1,600",Jan-23
SOHO @ FARRER,RACE COURSE ROAD,08,Non-Landed Properties,1,"2,800",40 to 50,400 to 500,Jan-23
CITY SQUARE RESIDENCES,KITCHENER LINK,08,Non-Landed Properties,3,"5,700",110 to 120,"1,200 to 1,300",Jan-23
FUTSING BUILDING,ALLENBY ROAD,08,Non-Landed Properties,NA,"4,000",220 to 230,"2,400 to 2,500",Jan-23
KENTISH GREEN,OXFORD ROAD,08,Non-Landed Properties,2,"4,000",100 to 110,"1,000 to 1,100",Jan-23
CITY SQUARE RESIDENCES,KITCHENER LINK,08,Non-Landed Properties,3,"5,880",110 to 120,"1,200 to 1,300",Jan-23
SOHO 188,RACE COURSE ROAD,08,Non-Landed Properties,1,"3,100",40 to 50,400 to 500,Jan-23
PRISTINE HEIGHTS,MERGUI ROAD,08,Non-Landed Properties,3,"4,100",70 to 80,800 to 900,Jan-23
FORTE SUITES,MERGUI ROAD,08,Non-Landed Properties,2,"4,000",50 to 60,600 to 700,Jan-23
CITYLIGHTS,JELLICOE ROAD,08,Non-Landed Properties,2,"4,800",80 to 90,"900 to 1,000",Jan-23
CITYLIGHTS,JELLICOE ROAD,08,Non-Landed Properties,1,"4,300",50 to 60,500 to 600,Jan-23
RACE COURSE 138,RACE COURSE ROAD,08,Non-Landed Properties,3,"4,000",100 to 110,"1,100 to 1,200",Jan-23
